# Blender 5.0.1
# www.blender.org
mtllib Window.mtl
o Window
v -1.575245 0.039611 0.201956
v -1.575245 4.190062 0.201956
v -1.575245 0.039611 -0.201819
v -1.575245 4.190062 -0.201819
v 1.577592 0.039611 0.201956
v 1.577592 4.190062 0.201956
v 1.577592 0.039611 -0.201819
v 1.577592 4.190062 -0.201819
v -1.616214 -0.021358 0.181956
v -1.616214 -0.001358 0.201956
v -1.636214 -0.001358 0.181956
v -1.616214 4.231031 0.201956
v -1.616214 4.251031 0.181956
v -1.636214 4.231031 0.181956
v -1.616214 4.251031 -0.181819
v -1.616214 4.231031 -0.201819
v -1.636214 4.231031 -0.181819
v -1.616214 -0.021358 -0.181819
v -1.636214 -0.001358 -0.181819
v -1.616214 -0.001358 -0.201819
v 1.618561 -0.001358 -0.201819
v 1.638561 -0.001358 -0.181819
v 1.618561 -0.021358 -0.181819
v 1.618561 4.251031 -0.181819
v 1.638561 4.231031 -0.181819
v 1.618561 4.231031 -0.201819
v 1.618561 4.251031 0.181956
v 1.618561 4.231031 0.201956
v 1.638561 4.231031 0.181956
v 1.618561 -0.021358 0.181956
v 1.638561 -0.001358 0.181956
v 1.618561 -0.001358 0.201956
v -1.207211 0.192056 0.201956
v -1.177512 0.204357 0.181956
v -1.410498 0.437344 0.181956
v -1.422800 0.407645 0.201956
v -1.266672 0.222092 0.181956
v -1.289329 0.208694 0.201956
v -1.342258 0.272598 0.181956
v -1.359262 0.255594 0.201956
v -1.392763 0.348184 0.181956
v -1.406162 0.325526 0.201956
v -1.422800 3.822028 0.201956
v -1.410498 3.792329 0.181956
v -1.177512 4.025315 0.181956
v -1.207211 4.037617 0.201956
v -1.392763 3.881489 0.181956
v -1.406162 3.904146 0.201956
v -1.342258 3.957075 0.181956
v -1.359262 3.974079 0.201956
v -1.266672 4.007581 0.181956
v -1.289329 4.020979 0.201956
v -1.422800 0.407645 -0.201819
v -1.410498 0.437344 -0.181819
v -1.177512 0.204357 -0.181819
v -1.207211 0.192056 -0.201819
v -1.392763 0.348184 -0.181819
v -1.406162 0.325526 -0.201819
v -1.342258 0.272598 -0.181819
v -1.359262 0.255594 -0.201819
v -1.266672 0.222092 -0.181819
v -1.289329 0.208694 -0.201819
v -1.207211 4.037617 -0.201819
v -1.177512 4.025315 -0.181819
v -1.410498 3.792329 -0.181819
v -1.422800 3.822028 -0.201819
v -1.266672 4.007581 -0.181819
v -1.289329 4.020979 -0.201819
v -1.342258 3.957075 -0.181819
v -1.359262 3.974079 -0.201819
v -1.392763 3.881489 -0.181819
v -1.406162 3.904146 -0.201819
v 1.425147 0.407645 0.201956
v 1.412845 0.437344 0.181956
v 1.179860 0.204357 0.181956
v 1.209558 0.192056 0.201956
v 1.395110 0.348184 0.181956
v 1.408509 0.325526 0.201956
v 1.344605 0.272598 0.181956
v 1.361609 0.255594 0.201956
v 1.269019 0.222092 0.181956
v 1.291677 0.208694 0.201956
v 1.209558 4.037617 0.201956
v 1.179860 4.025315 0.181956
v 1.412845 3.792329 0.181956
v 1.425147 3.822028 0.201956
v 1.269019 4.007581 0.181956
v 1.291677 4.020979 0.201956
v 1.344605 3.957075 0.181956
v 1.361609 3.974079 0.201956
v 1.395110 3.881489 0.181956
v 1.408509 3.904146 0.201956
v 1.209558 0.192056 -0.201819
v 1.179860 0.204357 -0.181819
v 1.412845 0.437344 -0.181819
v 1.425147 0.407645 -0.201819
v 1.269019 0.222092 -0.181819
v 1.291677 0.208694 -0.201819
v 1.344605 0.272598 -0.181819
v 1.361609 0.255594 -0.201819
v 1.395110 0.348184 -0.181819
v 1.408509 0.325526 -0.201819
v 1.425147 3.822028 -0.201819
v 1.412845 3.792329 -0.181819
v 1.179860 4.025315 -0.181819
v 1.209558 4.037617 -0.201819
v 1.395110 3.881489 -0.181819
v 1.408509 3.904146 -0.201819
v 1.344605 3.957075 -0.181819
v 1.361609 3.974079 -0.201819
v 1.269019 4.007581 -0.181819
v 1.291677 4.020979 -0.201819
v -0.610470 3.139650 0.035556
v -0.552319 3.171532 0.035556
v -0.531429 3.224491 0.035556
v -0.552319 3.171532 -0.042488
v -0.531429 3.224491 -0.042488
v -0.610470 3.139650 -0.042488
v -0.481746 3.274700 0.031401
v -0.485901 3.278854 0.031401
v -0.485901 3.274700 0.035556
v -0.485901 3.091418 0.035556
v -0.485901 3.087263 0.031401
v -0.481746 3.091418 0.031401
v -0.485901 3.278854 -0.038333
v -0.481746 3.274700 -0.038333
v -0.485901 3.274700 -0.042488
v -0.481746 3.091418 -0.038333
v -0.485901 3.087263 -0.038333
v -0.485901 3.091418 -0.042488
v -0.667546 3.091418 0.031401
v -0.663391 3.087263 0.031401
v -0.663391 3.091418 0.035556
v -0.663391 3.091418 -0.042488
v -0.663391 3.087263 -0.038333
v -0.667546 3.091418 -0.038333
v -0.528196 3.274700 -0.042488
v -0.528196 3.278854 -0.038333
v -0.534315 3.087263 -0.038333
v -0.534315 3.091418 -0.042488
v -0.599900 3.091418 -0.042488
v -0.599900 3.087263 -0.038333
v -0.528196 3.278854 0.031401
v -0.528196 3.274700 0.035556
v -0.599900 3.087263 0.031401
v -0.599900 3.091418 0.035556
v -0.534315 3.087263 0.031401
v -0.534315 3.091418 0.035556
v -0.485901 3.214011 0.035556
v -0.481746 3.214011 0.031401
v -0.485901 3.149635 0.035556
v -0.481746 3.149635 0.031401
v -0.485901 3.149635 -0.042488
v -0.481746 3.149635 -0.038333
v -0.481746 3.214011 -0.038333
v -0.485901 3.214011 -0.042488
v -0.667546 3.135160 -0.038333
v -0.663391 3.135160 -0.042488
v -0.574991 3.186376 0.031401
v -0.572169 3.183615 0.035556
v -0.572169 3.183615 -0.042488
v -0.574991 3.186376 -0.038333
v -0.663391 3.135160 0.035556
v -0.667546 3.135160 0.031401
v -0.620327 3.158665 -0.038333
v -0.620476 3.154103 -0.042488
v -0.620476 3.154103 0.035556
v -0.620327 3.158665 0.031401
v -0.663470 3.150158 0.031401
v -0.667546 3.145199 0.031401
v -0.663391 3.145653 0.035556
v -0.663391 3.145653 -0.042488
v -0.667546 3.145199 -0.038333
v -0.663470 3.150158 -0.038333
v -0.549705 3.229973 -0.038333
v -0.545177 3.230180 -0.042488
v -0.549705 3.229973 0.031401
v -0.545177 3.230180 0.035556
v -0.538235 3.278854 0.031401
v -0.543005 3.274745 0.031401
v -0.538525 3.274700 0.035556
v -0.538525 3.274700 -0.042488
v -0.543005 3.274745 -0.038333
v -0.538235 3.278854 -0.038333
v -0.516014 0.199462 0.048113
v -0.515505 0.189462 0.048113
v -0.515505 0.199462 0.058113
v -0.414815 0.189462 0.048113
v -0.414306 0.199462 0.048113
v -0.414815 0.199462 0.058113
v -0.516522 1.203188 0.048113
v -0.515505 1.193187 0.058113
v -0.516522 1.101112 0.048113
v -0.515505 1.111112 0.058113
v -0.413798 1.101112 0.048113
v -0.414815 1.111112 0.058113
v -0.413798 1.203188 0.048113
v -0.414815 1.193187 0.058113
v -1.437662 1.193187 0.048113
v -1.437153 1.193187 0.058113
v -1.437153 1.203188 0.048113
v -1.437662 1.111112 0.048113
v -1.437153 1.101112 0.048113
v -1.437153 1.111112 0.058113
v -0.413798 2.060472 0.048113
v -0.414815 2.070472 0.058113
v -0.516522 2.060472 0.048113
v -0.515505 2.070472 0.058113
v -1.463625 2.070472 0.048113
v -1.463116 2.060472 0.048113
v -1.463116 2.070472 0.058113
v 0.518361 0.199462 0.048113
v 0.517852 0.199462 0.058113
v 0.517852 0.189462 0.048113
v 0.417162 0.189462 0.048113
v 0.417162 0.199462 0.058113
v 0.416653 0.199462 0.048113
v 0.518869 1.203188 0.048113
v 0.517852 1.193187 0.058113
v 0.518869 1.101112 0.048113
v 0.517852 1.111112 0.058113
v 0.416145 1.101112 0.048113
v 0.417162 1.111112 0.058113
v 0.416145 1.203188 0.048113
v 0.417162 1.193187 0.058113
v 1.440008 1.193187 0.048113
v 1.439500 1.203188 0.048113
v 1.439500 1.193187 0.058113
v 1.440008 1.111112 0.048113
v 1.439500 1.111112 0.058113
v 1.439500 1.101112 0.048113
v 0.416145 2.060472 0.048113
v 0.417162 2.070472 0.058113
v 0.518869 2.060472 0.048113
v 0.517852 2.070472 0.058113
v 1.465971 2.070472 0.048113
v 1.465463 2.070472 0.058113
v 1.465463 2.060472 0.048113
v -0.516014 4.030211 0.048113
v -0.515505 4.030211 0.058113
v -0.515505 4.040211 0.048113
v -0.414815 4.040211 0.048113
v -0.414815 4.030211 0.058113
v -0.414306 4.030211 0.048113
v -0.516522 3.026486 0.048113
v -0.515505 3.036486 0.058113
v -0.516522 3.128562 0.048113
v -0.515505 3.118562 0.058113
v -0.413798 3.128562 0.048113
v -0.414815 3.118562 0.058113
v -0.413798 3.026486 0.048113
v -0.414815 3.036486 0.058113
v -0.413820 3.026047 0.048113
v -1.437662 3.036486 0.048113
v -1.437153 3.026486 0.048113
v -1.437153 3.036486 0.058113
v -1.437662 3.118562 0.048113
v -1.437153 3.118562 0.058113
v -1.437153 3.128562 0.048113
v -0.413798 2.169201 0.048113
v -0.414815 2.159201 0.058113
v -0.516522 2.169201 0.048113
v -0.515505 2.159201 0.058113
v -1.463625 2.159201 0.048113
v -1.463116 2.159201 0.058113
v -1.463116 2.169201 0.048113
v 0.518361 4.030211 0.048113
v 0.517852 4.040211 0.048113
v 0.517852 4.030211 0.058113
v 0.417162 4.040211 0.048113
v 0.416653 4.030211 0.048113
v 0.417162 4.030211 0.058113
v 0.518869 3.026486 0.048113
v 0.517852 3.036486 0.058113
v 0.518869 3.128562 0.048113
v 0.517852 3.118562 0.058113
v 0.416145 3.128562 0.048113
v 0.417162 3.118562 0.058113
v 0.416145 3.026486 0.048113
v 0.417162 3.036486 0.058113
v 1.440008 3.036486 0.048113
v 1.439500 3.036486 0.058113
v 1.439500 3.026486 0.048113
v 1.440008 3.118562 0.048113
v 1.439500 3.128562 0.048113
v 1.439500 3.118562 0.058113
v 0.416145 2.169201 0.048113
v 0.417162 2.159201 0.058113
v 0.518869 2.169201 0.048113
v 0.517852 2.159201 0.058113
v 1.465971 2.159201 0.048113
v 1.465463 2.169201 0.048113
v 1.465463 2.159201 0.058113
v -0.516014 0.199462 -0.051887
v -0.515505 0.199462 -0.061887
v -0.515505 0.189462 -0.051887
v -0.414815 0.189462 -0.051887
v -0.414815 0.199462 -0.061887
v -0.414306 0.199462 -0.051887
v -0.516522 1.203187 -0.051887
v -0.515505 1.193187 -0.061887
v -0.516522 1.101112 -0.051887
v -0.515505 1.111112 -0.061887
v -0.413798 1.101112 -0.051887
v -0.414815 1.111112 -0.061887
v -0.413798 1.203187 -0.051887
v -0.414815 1.193187 -0.061887
v -1.437662 1.193187 -0.051887
v -1.437153 1.203187 -0.051887
v -1.437153 1.193187 -0.061887
v -1.437662 1.111112 -0.051887
v -1.437153 1.111112 -0.061887
v -1.437153 1.101112 -0.051887
v -0.413798 2.060472 -0.051887
v -0.414815 2.070472 -0.061887
v -0.516522 2.060472 -0.051887
v -0.515505 2.070472 -0.061887
v -1.463625 2.070472 -0.051887
v -1.463116 2.070472 -0.061887
v -1.463116 2.060472 -0.051887
v 0.518361 0.199462 -0.051887
v 0.517852 0.189462 -0.051887
v 0.517852 0.199462 -0.061887
v 0.417162 0.189462 -0.051887
v 0.416653 0.199462 -0.051887
v 0.417162 0.199462 -0.061887
v 0.518869 1.203187 -0.051887
v 0.517852 1.193187 -0.061887
v 0.518869 1.101112 -0.051887
v 0.517852 1.111112 -0.061887
v 0.416145 1.101112 -0.051887
v 0.417162 1.111112 -0.061887
v 0.416145 1.203187 -0.051887
v 0.417162 1.193187 -0.061887
v 1.440008 1.193187 -0.051887
v 1.439500 1.193187 -0.061887
v 1.439500 1.203187 -0.051887
v 1.440008 1.111112 -0.051887
v 1.439500 1.101112 -0.051887
v 1.439500 1.111112 -0.061887
v 0.416145 2.060472 -0.051887
v 0.417162 2.070472 -0.061887
v 0.518869 2.060472 -0.051887
v 0.517852 2.070472 -0.061887
v 1.465971 2.070472 -0.051887
v 1.465463 2.060472 -0.051887
v 1.465463 2.070472 -0.061887
v -0.516014 4.030211 -0.051887
v -0.515505 4.040211 -0.051887
v -0.515505 4.030211 -0.061887
v -0.414815 4.040211 -0.051887
v -0.414306 4.030211 -0.051887
v -0.414815 4.030211 -0.061887
v -0.516522 3.026486 -0.051887
v -0.515505 3.036486 -0.061887
v -0.516522 3.128562 -0.051887
v -0.515505 3.118562 -0.061887
v -0.413798 3.128562 -0.051887
v -0.414815 3.118562 -0.061887
v -0.413798 3.026486 -0.051887
v -0.413820 3.026047 -0.051887
v -0.414815 3.036486 -0.061887
v -1.437662 3.036486 -0.051887
v -1.437153 3.036486 -0.061887
v -1.437153 3.026486 -0.051887
v -1.437662 3.118562 -0.051887
v -1.437153 3.128562 -0.051887
v -1.437153 3.118562 -0.061887
v -0.413798 2.169201 -0.051887
v -0.414815 2.159201 -0.061887
v -0.516522 2.169201 -0.051887
v -0.515505 2.159201 -0.061887
v -1.463625 2.159201 -0.051887
v -1.463116 2.169201 -0.051887
v -1.463116 2.159201 -0.061887
v 0.518361 4.030211 -0.051887
v 0.517852 4.030211 -0.061887
v 0.517852 4.040211 -0.051887
v 0.417162 4.040211 -0.051887
v 0.417162 4.030211 -0.061887
v 0.416653 4.030211 -0.051887
v 0.518869 3.026486 -0.051887
v 0.517852 3.036486 -0.061887
v 0.518869 3.128562 -0.051887
v 0.517852 3.118562 -0.061887
v 0.416145 3.128562 -0.051887
v 0.417162 3.118562 -0.061887
v 0.416145 3.026486 -0.051887
v 0.417162 3.036486 -0.061887
v 1.440008 3.036486 -0.051887
v 1.439500 3.026486 -0.051887
v 1.439500 3.036486 -0.061887
v 1.440008 3.118562 -0.051887
v 1.439500 3.118562 -0.061887
v 1.439500 3.128562 -0.051887
v 0.416145 2.169201 -0.051887
v 0.417162 2.159201 -0.061887
v 0.518869 2.169201 -0.051887
v 0.517852 2.159201 -0.061887
v 1.465971 2.159201 -0.051887
v 1.465463 2.159201 -0.061887
v 1.465463 2.169201 -0.051887
v -0.530060 2.930867 0.035556
v -0.561941 2.989018 0.035556
v -0.614901 3.009908 0.035556
v -0.561941 2.989018 -0.042488
v -0.614901 3.009908 -0.042488
v -0.530060 2.930867 -0.042488
v -0.665109 3.059591 0.031401
v -0.669264 3.055436 0.031401
v -0.665109 3.055436 0.035556
v -0.481827 3.055436 0.035557
v -0.477672 3.055436 0.031402
v -0.481827 3.059591 0.031402
v -0.669264 3.055436 -0.038333
v -0.665109 3.059591 -0.038333
v -0.665109 3.055436 -0.042488
v -0.481827 3.059591 -0.038333
v -0.477672 3.055436 -0.038333
v -0.481827 3.055436 -0.042488
v -0.481827 2.873791 0.031401
v -0.477672 2.877946 0.031401
v -0.481827 2.877946 0.035556
v -0.481827 2.877946 -0.042488
v -0.477672 2.877946 -0.038333
v -0.481827 2.873791 -0.038333
v -0.665109 3.013141 -0.042488
v -0.669264 3.013141 -0.038333
v -0.477672 3.007022 -0.038333
v -0.481827 3.007022 -0.042488
v -0.481827 2.941437 -0.042488
v -0.477672 2.941437 -0.038333
v -0.669264 3.013141 0.031401
v -0.665109 3.013141 0.035556
v -0.477672 2.941437 0.031401
v -0.481827 2.941437 0.035556
v -0.477672 3.007022 0.031401
v -0.481827 3.007022 0.035556
v -0.604421 3.055436 0.035556
v -0.604421 3.059591 0.031401
v -0.540045 3.055436 0.035556
v -0.540045 3.059591 0.031401
v -0.540045 3.055436 -0.042488
v -0.540045 3.059591 -0.038333
v -0.604421 3.059591 -0.038333
v -0.604421 3.055436 -0.042488
v -0.525570 2.873791 -0.038333
v -0.525570 2.877946 -0.042488
v -0.576786 2.966346 0.031401
v -0.574025 2.969168 0.035556
v -0.574025 2.969168 -0.042488
v -0.576786 2.966346 -0.038333
v -0.525570 2.877946 0.035556
v -0.525570 2.873791 0.031401
v -0.549075 2.921010 -0.038333
v -0.544513 2.920861 -0.042488
v -0.544513 2.920861 0.035556
v -0.549075 2.921010 0.031401
v -0.540568 2.877867 0.031401
v -0.535609 2.873791 0.031401
v -0.536062 2.877946 0.035556
v -0.536062 2.877946 -0.042488
v -0.535609 2.873791 -0.038333
v -0.540568 2.877867 -0.038333
v -0.620383 2.991632 -0.038333
v -0.620590 2.996160 -0.042488
v -0.620383 2.991632 0.031401
v -0.620590 2.996160 0.035556
v -0.669264 3.003103 0.031401
v -0.665155 2.998333 0.031401
v -0.665109 3.002812 0.035556
v -0.665109 3.002812 -0.042488
v -0.665155 2.998333 -0.038333
v -0.669264 3.003103 -0.038333
v -0.314401 3.011164 0.035556
v -0.372552 2.979283 0.035556
v -0.393443 2.926323 0.035556
v -0.372552 2.979283 -0.042488
v -0.393443 2.926323 -0.042488
v -0.314401 3.011164 -0.042488
v -0.443125 2.876115 0.031401
v -0.438970 2.871960 0.031401
v -0.438970 2.876115 0.035556
v -0.438970 3.059397 0.035556
v -0.438970 3.063552 0.031401
v -0.443125 3.059397 0.031401
v -0.438970 2.871960 -0.038333
v -0.443125 2.876115 -0.038333
v -0.438970 2.876115 -0.042488
v -0.443125 3.059397 -0.038333
v -0.438970 3.063552 -0.038333
v -0.438970 3.059397 -0.042488
v -0.257325 3.059397 0.031401
v -0.261480 3.063552 0.031401
v -0.261480 3.059397 0.035556
v -0.261480 3.059397 -0.042488
v -0.261480 3.063552 -0.038333
v -0.257325 3.059397 -0.038333
v -0.396675 2.876115 -0.042488
v -0.396675 2.871960 -0.038333
v -0.390556 3.063552 -0.038333
v -0.390556 3.059397 -0.042488
v -0.324971 3.059397 -0.042488
v -0.324971 3.063552 -0.038333
v -0.396675 2.871960 0.031401
v -0.396675 2.876115 0.035556
v -0.324971 3.063552 0.031401
v -0.324971 3.059397 0.035556
v -0.390556 3.063552 0.031401
v -0.390556 3.059397 0.035556
v -0.438970 2.936803 0.035556
v -0.443125 2.936803 0.031401
v -0.438970 3.001179 0.035556
v -0.443125 3.001179 0.031401
v -0.438970 3.001179 -0.042488
v -0.443125 3.001179 -0.038333
v -0.443125 2.936803 -0.038333
v -0.438970 2.936803 -0.042488
v -0.257325 3.015654 -0.038333
v -0.261480 3.015654 -0.042488
v -0.349880 2.964438 0.031401
v -0.352702 2.967200 0.035556
v -0.352702 2.967200 -0.042488
v -0.349880 2.964438 -0.038333
v -0.261480 3.015654 0.035556
v -0.257325 3.015654 0.031401
v -0.304544 2.992149 -0.038333
v -0.304395 2.996711 -0.042488
v -0.304395 2.996711 0.035556
v -0.304544 2.992149 0.031401
v -0.261401 3.000656 0.031401
v -0.257325 3.005615 0.031401
v -0.261480 3.005162 0.035556
v -0.261480 3.005162 -0.042488
v -0.257325 3.005615 -0.038333
v -0.261401 3.000656 -0.038333
v -0.375166 2.920842 -0.038333
v -0.379694 2.920635 -0.042488
v -0.375166 2.920842 0.031401
v -0.379694 2.920635 0.035556
v -0.386637 2.871960 0.031401
v -0.381866 2.876069 0.031401
v -0.386346 2.876115 0.035556
v -0.386346 2.876115 -0.042488
v -0.381866 2.876069 -0.038333
v -0.386637 2.871960 -0.038333
v -0.394811 3.219947 0.035557
v -0.362930 3.161796 0.035557
v -0.309970 3.140906 0.035556
v -0.362930 3.161797 -0.042488
v -0.309970 3.140906 -0.042488
v -0.394811 3.219947 -0.042488
v -0.259762 3.091223 0.031401
v -0.255607 3.095378 0.031401
v -0.259762 3.095378 0.035556
v -0.443044 3.095378 0.035557
v -0.447199 3.095378 0.031402
v -0.443044 3.091223 0.031402
v -0.255607 3.095378 -0.038333
v -0.259762 3.091223 -0.038333
v -0.259762 3.095378 -0.042488
v -0.443044 3.091223 -0.038333
v -0.447199 3.095378 -0.038333
v -0.443044 3.095378 -0.042488
v -0.443044 3.277024 0.031402
v -0.447199 3.272869 0.031402
v -0.443044 3.272869 0.035557
v -0.443044 3.272869 -0.042488
v -0.447199 3.272869 -0.038333
v -0.443044 3.277024 -0.038333
v -0.259762 3.137673 -0.042488
v -0.255607 3.137673 -0.038333
v -0.447199 3.143793 -0.038333
v -0.443044 3.143793 -0.042488
v -0.443044 3.209378 -0.042488
v -0.447199 3.209378 -0.038333
v -0.255607 3.137673 0.031401
v -0.259762 3.137673 0.035556
v -0.447199 3.209378 0.031402
v -0.443044 3.209378 0.035557
v -0.447199 3.143793 0.031402
v -0.443044 3.143793 0.035557
v -0.320450 3.095378 0.035556
v -0.320450 3.091223 0.031401
v -0.384826 3.095378 0.035557
v -0.384826 3.091223 0.031402
v -0.384826 3.095378 -0.042488
v -0.384826 3.091223 -0.038333
v -0.320450 3.091223 -0.038333
v -0.320450 3.095378 -0.042488
v -0.399301 3.277024 -0.038333
v -0.399301 3.272869 -0.042488
v -0.348085 3.184469 0.031402
v -0.350847 3.181647 0.035557
v -0.350847 3.181647 -0.042488
v -0.348085 3.184469 -0.038333
v -0.399301 3.272869 0.035557
v -0.399301 3.277024 0.031402
v -0.375796 3.229805 -0.038333
v -0.380358 3.229954 -0.042488
v -0.380358 3.229954 0.035557
v -0.375796 3.229805 0.031402
v -0.384303 3.272947 0.031402
v -0.389262 3.277024 0.031402
v -0.388809 3.272869 0.035557
v -0.388809 3.272869 -0.042488
v -0.389262 3.277024 -0.038333
v -0.384303 3.272947 -0.038333
v -0.304489 3.159183 -0.038333
v -0.304281 3.154654 -0.042488
v -0.304489 3.159183 0.031402
v -0.304281 3.154654 0.035557
v -0.255607 3.147712 0.031401
v -0.259716 3.152482 0.031401
v -0.259762 3.148003 0.035556
v -0.259762 3.148003 -0.042488
v -0.259716 3.152482 -0.038333
v -0.255607 3.147712 -0.038333
v 0.317925 3.139650 0.035556
v 0.376076 3.171532 0.035556
v 0.396966 3.224491 0.035556
v 0.376076 3.171532 -0.042488
v 0.396966 3.224491 -0.042488
v 0.317925 3.139650 -0.042488
v 0.446649 3.274700 0.031401
v 0.442494 3.278854 0.031401
v 0.442494 3.274700 0.035556
v 0.442494 3.091418 0.035556
v 0.442494 3.087263 0.031401
v 0.446649 3.091418 0.031401
v 0.442494 3.278854 -0.038333
v 0.446649 3.274700 -0.038333
v 0.442494 3.274700 -0.042488
v 0.446649 3.091418 -0.038333
v 0.442494 3.087263 -0.038333
v 0.442494 3.091418 -0.042488
v 0.260849 3.091418 0.031401
v 0.265004 3.087263 0.031401
v 0.265004 3.091418 0.035556
v 0.265004 3.091418 -0.042488
v 0.265004 3.087263 -0.038333
v 0.260849 3.091418 -0.038333
v 0.400199 3.274700 -0.042488
v 0.400199 3.278854 -0.038333
v 0.394080 3.087263 -0.038333
v 0.394080 3.091418 -0.042488
v 0.328495 3.091418 -0.042488
v 0.328495 3.087263 -0.038333
v 0.400199 3.278854 0.031401
v 0.400199 3.274700 0.035556
v 0.328495 3.087263 0.031401
v 0.328495 3.091418 0.035556
v 0.394080 3.087263 0.031401
v 0.394080 3.091418 0.035556
v 0.442494 3.214011 0.035556
v 0.446649 3.214011 0.031401
v 0.442494 3.149635 0.035556
v 0.446649 3.149635 0.031401
v 0.442494 3.149635 -0.042488
v 0.446649 3.149635 -0.038333
v 0.446649 3.214011 -0.038333
v 0.442494 3.214011 -0.042488
v 0.260849 3.135160 -0.038333
v 0.265004 3.135160 -0.042488
v 0.353404 3.186376 0.031401
v 0.356226 3.183615 0.035556
v 0.356226 3.183615 -0.042488
v 0.353404 3.186376 -0.038333
v 0.265004 3.135160 0.035556
v 0.260849 3.135160 0.031401
v 0.308068 3.158665 -0.038333
v 0.307919 3.154103 -0.042488
v 0.307919 3.154103 0.035556
v 0.308068 3.158665 0.031401
v 0.264925 3.150158 0.031401
v 0.260849 3.145199 0.031401
v 0.265004 3.145653 0.035556
v 0.265004 3.145653 -0.042488
v 0.260849 3.145199 -0.038333
v 0.264925 3.150158 -0.038333
v 0.378690 3.229973 -0.038333
v 0.383218 3.230180 -0.042488
v 0.378690 3.229973 0.031401
v 0.383218 3.230180 0.035556
v 0.390160 3.278854 0.031401
v 0.385390 3.274745 0.031401
v 0.389870 3.274700 0.035556
v 0.389870 3.274700 -0.042488
v 0.385390 3.274745 -0.038333
v 0.390160 3.278854 -0.038333
v 0.398335 2.930867 0.035556
v 0.366454 2.989018 0.035556
v 0.313494 3.009908 0.035556
v 0.366454 2.989018 -0.042488
v 0.313494 3.009908 -0.042488
v 0.398335 2.930867 -0.042488
v 0.263286 3.059591 0.031401
v 0.259131 3.055436 0.031401
v 0.263286 3.055436 0.035556
v 0.446568 3.055436 0.035557
v 0.450723 3.055436 0.031402
v 0.446568 3.059591 0.031402
v 0.259131 3.055436 -0.038333
v 0.263286 3.059591 -0.038333
v 0.263286 3.055436 -0.042488
v 0.446568 3.059591 -0.038333
v 0.450723 3.055436 -0.038333
v 0.446568 3.055436 -0.042488
v 0.446568 2.873791 0.031401
v 0.450723 2.877946 0.031401
v 0.446568 2.877946 0.035556
v 0.446568 2.877946 -0.042488
v 0.450723 2.877946 -0.038333
v 0.446568 2.873791 -0.038333
v 0.263286 3.013141 -0.042488
v 0.259131 3.013141 -0.038333
v 0.450723 3.007022 -0.038333
v 0.446568 3.007022 -0.042488
v 0.446568 2.941437 -0.042488
v 0.450723 2.941437 -0.038333
v 0.259131 3.013141 0.031401
v 0.263286 3.013141 0.035556
v 0.450723 2.941437 0.031401
v 0.446568 2.941437 0.035556
v 0.450723 3.007022 0.031401
v 0.446568 3.007022 0.035556
v 0.323974 3.055436 0.035556
v 0.323974 3.059591 0.031401
v 0.388350 3.055436 0.035556
v 0.388350 3.059591 0.031401
v 0.388350 3.055436 -0.042488
v 0.388350 3.059591 -0.038333
v 0.323974 3.059591 -0.038333
v 0.323974 3.055436 -0.042488
v 0.402825 2.873791 -0.038333
v 0.402825 2.877946 -0.042488
v 0.351609 2.966346 0.031401
v 0.354370 2.969168 0.035556
v 0.354370 2.969168 -0.042488
v 0.351609 2.966346 -0.038333
v 0.402825 2.877946 0.035556
v 0.402825 2.873791 0.031401
v 0.379320 2.921010 -0.038333
v 0.383882 2.920861 -0.042488
v 0.383882 2.920861 0.035556
v 0.379320 2.921010 0.031401
v 0.387827 2.877867 0.031401
v 0.392786 2.873791 0.031401
v 0.392333 2.877946 0.035556
v 0.392333 2.877946 -0.042488
v 0.392786 2.873791 -0.038333
v 0.387827 2.877867 -0.038333
v 0.308012 2.991632 -0.038333
v 0.307805 2.996160 -0.042488
v 0.308012 2.991632 0.031401
v 0.307805 2.996160 0.035556
v 0.259131 3.003103 0.031401
v 0.263240 2.998333 0.031401
v 0.263286 3.002812 0.035556
v 0.263286 3.002812 -0.042488
v 0.263240 2.998333 -0.038333
v 0.259131 3.003103 -0.038333
v 0.613994 3.011164 0.035556
v 0.555843 2.979283 0.035556
v 0.534953 2.926323 0.035556
v 0.555843 2.979283 -0.042488
v 0.534953 2.926323 -0.042488
v 0.613994 3.011164 -0.042488
v 0.485270 2.876115 0.031401
v 0.489425 2.871960 0.031401
v 0.489425 2.876115 0.035556
v 0.489425 3.059397 0.035556
v 0.489425 3.063552 0.031401
v 0.485270 3.059397 0.031401
v 0.489425 2.871960 -0.038333
v 0.485270 2.876115 -0.038333
v 0.489425 2.876115 -0.042488
v 0.485270 3.059397 -0.038333
v 0.489425 3.063552 -0.038333
v 0.489425 3.059397 -0.042488
v 0.671070 3.059397 0.031401
v 0.666915 3.063552 0.031401
v 0.666915 3.059397 0.035556
v 0.666915 3.059397 -0.042488
v 0.666915 3.063552 -0.038333
v 0.671070 3.059397 -0.038333
v 0.531720 2.876115 -0.042488
v 0.531720 2.871960 -0.038333
v 0.537839 3.063552 -0.038333
v 0.537839 3.059397 -0.042488
v 0.603424 3.059397 -0.042488
v 0.603424 3.063552 -0.038333
v 0.531720 2.871960 0.031401
v 0.531720 2.876115 0.035556
v 0.603424 3.063552 0.031401
v 0.603424 3.059397 0.035556
v 0.537839 3.063552 0.031401
v 0.537839 3.059397 0.035556
v 0.489425 2.936803 0.035556
v 0.485270 2.936803 0.031401
v 0.489425 3.001179 0.035556
v 0.485270 3.001179 0.031401
v 0.489425 3.001179 -0.042488
v 0.485270 3.001179 -0.038333
v 0.485270 2.936803 -0.038333
v 0.489425 2.936803 -0.042488
v 0.671070 3.015654 -0.038333
v 0.666915 3.015654 -0.042488
v 0.578515 2.964438 0.031401
v 0.575693 2.967200 0.035556
v 0.575693 2.967200 -0.042488
v 0.578515 2.964438 -0.038333
v 0.666915 3.015654 0.035556
v 0.671070 3.015654 0.031401
v 0.623851 2.992149 -0.038333
v 0.624000 2.996711 -0.042488
v 0.624000 2.996711 0.035556
v 0.623851 2.992149 0.031401
v 0.666994 3.000656 0.031401
v 0.671070 3.005615 0.031401
v 0.666915 3.005162 0.035556
v 0.666915 3.005162 -0.042488
v 0.671070 3.005615 -0.038333
v 0.666994 3.000656 -0.038333
v 0.553229 2.920842 -0.038333
v 0.548701 2.920635 -0.042488
v 0.553229 2.920842 0.031401
v 0.548701 2.920635 0.035556
v 0.541759 2.871960 0.031401
v 0.546529 2.876069 0.031401
v 0.542049 2.876115 0.035556
v 0.542049 2.876115 -0.042488
v 0.546529 2.876069 -0.038333
v 0.541759 2.871960 -0.038333
v 0.533584 3.219947 0.035557
v 0.565465 3.161796 0.035557
v 0.618425 3.140906 0.035556
v 0.565465 3.161797 -0.042488
v 0.618425 3.140906 -0.042488
v 0.533584 3.219947 -0.042488
v 0.668633 3.091223 0.031401
v 0.672788 3.095378 0.031401
v 0.668633 3.095378 0.035556
v 0.485351 3.095378 0.035557
v 0.481196 3.095378 0.031402
v 0.485351 3.091223 0.031402
v 0.672788 3.095378 -0.038333
v 0.668633 3.091223 -0.038333
v 0.668633 3.095378 -0.042488
v 0.485351 3.091223 -0.038333
v 0.481196 3.095378 -0.038333
v 0.485351 3.095378 -0.042488
v 0.485351 3.277024 0.031402
v 0.481196 3.272869 0.031402
v 0.485351 3.272869 0.035557
v 0.485351 3.272869 -0.042488
v 0.481196 3.272869 -0.038333
v 0.485351 3.277024 -0.038333
v 0.668633 3.137673 -0.042488
v 0.672788 3.137673 -0.038333
v 0.481196 3.143793 -0.038333
v 0.485351 3.143793 -0.042488
v 0.485351 3.209378 -0.042488
v 0.481196 3.209378 -0.038333
v 0.672788 3.137673 0.031401
v 0.668633 3.137673 0.035556
v 0.481196 3.209378 0.031402
v 0.485351 3.209378 0.035557
v 0.481196 3.143793 0.031402
v 0.485351 3.143793 0.035557
v 0.607945 3.095378 0.035556
v 0.607945 3.091223 0.031401
v 0.543569 3.095378 0.035557
v 0.543569 3.091223 0.031402
v 0.543569 3.095378 -0.042488
v 0.543569 3.091223 -0.038333
v 0.607945 3.091223 -0.038333
v 0.607945 3.095378 -0.042488
v 0.529094 3.277024 -0.038333
v 0.529094 3.272869 -0.042488
v 0.580310 3.184469 0.031402
v 0.577549 3.181647 0.035557
v 0.577549 3.181647 -0.042488
v 0.580310 3.184469 -0.038333
v 0.529094 3.272869 0.035557
v 0.529094 3.277024 0.031402
v 0.552599 3.229805 -0.038333
v 0.548037 3.229954 -0.042488
v 0.548037 3.229954 0.035557
v 0.552599 3.229805 0.031402
v 0.544092 3.272947 0.031402
v 0.539133 3.277024 0.031402
v 0.539586 3.272869 0.035557
v 0.539586 3.272869 -0.042488
v 0.539133 3.277024 -0.038333
v 0.544092 3.272947 -0.038333
v 0.623907 3.159183 -0.038333
v 0.624114 3.154654 -0.042488
v 0.623907 3.159183 0.031402
v 0.624114 3.154654 0.035557
v 0.672788 3.147712 0.031401
v 0.668679 3.152482 0.031401
v 0.668633 3.148003 0.035556
v 0.668633 3.148003 -0.042488
v 0.668679 3.152482 -0.038333
v 0.672788 3.147712 -0.038333
v -0.610470 2.177479 0.035556
v -0.552319 2.209360 0.035556
v -0.531429 2.262319 0.035556
v -0.552319 2.209360 -0.042488
v -0.531429 2.262319 -0.042488
v -0.610470 2.177479 -0.042488
v -0.481746 2.312528 0.031401
v -0.485901 2.316683 0.031401
v -0.485901 2.312528 0.035556
v -0.485901 2.129246 0.035556
v -0.485901 2.125091 0.031401
v -0.481746 2.129246 0.031401
v -0.485901 2.316683 -0.038333
v -0.481746 2.312528 -0.038333
v -0.485901 2.312528 -0.042488
v -0.481746 2.129246 -0.038333
v -0.485901 2.125091 -0.038333
v -0.485901 2.129246 -0.042488
v -0.667546 2.129246 0.031401
v -0.663391 2.125091 0.031401
v -0.663391 2.129246 0.035556
v -0.663391 2.129246 -0.042488
v -0.663391 2.125091 -0.038333
v -0.667546 2.129246 -0.038333
v -0.528196 2.312528 -0.042488
v -0.528196 2.316683 -0.038333
v -0.534315 2.125091 -0.038333
v -0.534315 2.129246 -0.042488
v -0.599900 2.129246 -0.042488
v -0.599900 2.125091 -0.038333
v -0.528196 2.316683 0.031401
v -0.528196 2.312528 0.035556
v -0.599900 2.125091 0.031401
v -0.599900 2.129246 0.035556
v -0.534315 2.125091 0.031401
v -0.534315 2.129246 0.035556
v -0.485901 2.251840 0.035556
v -0.481746 2.251840 0.031401
v -0.485901 2.187463 0.035556
v -0.481746 2.187463 0.031401
v -0.485901 2.187463 -0.042488
v -0.481746 2.187463 -0.038333
v -0.481746 2.251840 -0.038333
v -0.485901 2.251840 -0.042488
v -0.667546 2.172989 -0.038333
v -0.663391 2.172989 -0.042488
v -0.574991 2.224204 0.031401
v -0.572169 2.221443 0.035556
v -0.572169 2.221443 -0.042488
v -0.574991 2.224204 -0.038333
v -0.663391 2.172989 0.035556
v -0.667546 2.172989 0.031401
v -0.620327 2.196493 -0.038333
v -0.620476 2.191931 -0.042488
v -0.620476 2.191931 0.035556
v -0.620327 2.196493 0.031401
v -0.663470 2.187986 0.031401
v -0.667546 2.183028 0.031401
v -0.663391 2.183481 0.035556
v -0.663391 2.183481 -0.042488
v -0.667546 2.183028 -0.038333
v -0.663470 2.187986 -0.038333
v -0.549705 2.267801 -0.038333
v -0.545177 2.268008 -0.042488
v -0.549705 2.267801 0.031401
v -0.545177 2.268008 0.035556
v -0.538235 2.316683 0.031401
v -0.543005 2.312573 0.031401
v -0.538525 2.312528 0.035556
v -0.538525 2.312528 -0.042488
v -0.543005 2.312573 -0.038333
v -0.538235 2.316683 -0.038333
v -0.530060 1.968695 0.035556
v -0.561941 2.026846 0.035556
v -0.614901 2.047737 0.035556
v -0.561941 2.026846 -0.042488
v -0.614901 2.047737 -0.042488
v -0.530060 1.968695 -0.042488
v -0.665109 2.097420 0.031401
v -0.669264 2.093265 0.031401
v -0.665109 2.093265 0.035556
v -0.481827 2.093265 0.035557
v -0.477672 2.093265 0.031402
v -0.481827 2.097420 0.031402
v -0.669264 2.093265 -0.038333
v -0.665109 2.097420 -0.038333
v -0.665109 2.093265 -0.042488
v -0.481827 2.097420 -0.038333
v -0.477672 2.093265 -0.038333
v -0.481827 2.093265 -0.042488
v -0.481827 1.911619 0.031401
v -0.477672 1.915774 0.031401
v -0.481827 1.915774 0.035556
v -0.481827 1.915774 -0.042488
v -0.477672 1.915774 -0.038333
v -0.481827 1.911619 -0.038333
v -0.665109 2.050969 -0.042488
v -0.669264 2.050969 -0.038333
v -0.477672 2.044850 -0.038333
v -0.481827 2.044850 -0.042488
v -0.481827 1.979265 -0.042488
v -0.477672 1.979265 -0.038333
v -0.669264 2.050969 0.031401
v -0.665109 2.050969 0.035556
v -0.477672 1.979265 0.031401
v -0.481827 1.979265 0.035556
v -0.477672 2.044850 0.031401
v -0.481827 2.044850 0.035556
v -0.604421 2.093265 0.035556
v -0.604421 2.097420 0.031401
v -0.540045 2.093265 0.035556
v -0.540045 2.097420 0.031401
v -0.540045 2.093265 -0.042488
v -0.540045 2.097420 -0.038333
v -0.604421 2.097420 -0.038333
v -0.604421 2.093265 -0.042488
v -0.525570 1.911619 -0.038333
v -0.525570 1.915774 -0.042488
v -0.576786 2.004174 0.031401
v -0.574025 2.006996 0.035556
v -0.574025 2.006996 -0.042488
v -0.576786 2.004174 -0.038333
v -0.525570 1.915774 0.035556
v -0.525570 1.911619 0.031401
v -0.549075 1.958838 -0.038333
v -0.544513 1.958689 -0.042488
v -0.544513 1.958689 0.035556
v -0.549075 1.958838 0.031401
v -0.540568 1.915696 0.031401
v -0.535609 1.911619 0.031401
v -0.536062 1.915774 0.035556
v -0.536062 1.915774 -0.042488
v -0.535609 1.911619 -0.038333
v -0.540568 1.915696 -0.038333
v -0.620383 2.029460 -0.038333
v -0.620590 2.033988 -0.042488
v -0.620383 2.029460 0.031401
v -0.620590 2.033988 0.035556
v -0.669264 2.040931 0.031401
v -0.665155 2.036161 0.031401
v -0.665109 2.040640 0.035556
v -0.665109 2.040640 -0.042488
v -0.665155 2.036161 -0.038333
v -0.669264 2.040931 -0.038333
v -0.314401 2.048992 0.035556
v -0.372552 2.017111 0.035556
v -0.393443 1.964152 0.035556
v -0.372552 2.017111 -0.042488
v -0.393443 1.964152 -0.042488
v -0.314401 2.048992 -0.042488
v -0.443125 1.913943 0.031401
v -0.438970 1.909788 0.031401
v -0.438970 1.913943 0.035556
v -0.438970 2.097225 0.035556
v -0.438970 2.101380 0.031401
v -0.443125 2.097225 0.031401
v -0.438970 1.909788 -0.038333
v -0.443125 1.913943 -0.038333
v -0.438970 1.913943 -0.042488
v -0.443125 2.097225 -0.038333
v -0.438970 2.101380 -0.038333
v -0.438970 2.097225 -0.042488
v -0.257325 2.097225 0.031401
v -0.261480 2.101380 0.031401
v -0.261480 2.097225 0.035556
v -0.261480 2.097225 -0.042488
v -0.261480 2.101380 -0.038333
v -0.257325 2.097225 -0.038333
v -0.396675 1.913943 -0.042488
v -0.396675 1.909788 -0.038333
v -0.390556 2.101380 -0.038333
v -0.390556 2.097225 -0.042488
v -0.324971 2.097225 -0.042488
v -0.324971 2.101380 -0.038333
v -0.396675 1.909788 0.031401
v -0.396675 1.913943 0.035556
v -0.324971 2.101380 0.031401
v -0.324971 2.097225 0.035556
v -0.390556 2.101380 0.031401
v -0.390556 2.097225 0.035556
v -0.438970 1.974631 0.035556
v -0.443125 1.974631 0.031401
v -0.438970 2.039008 0.035556
v -0.443125 2.039008 0.031401
v -0.438970 2.039008 -0.042488
v -0.443125 2.039008 -0.038333
v -0.443125 1.974631 -0.038333
v -0.438970 1.974631 -0.042488
v -0.257325 2.053482 -0.038333
v -0.261480 2.053482 -0.042488
v -0.349880 2.002267 0.031401
v -0.352702 2.005028 0.035556
v -0.352702 2.005028 -0.042488
v -0.349880 2.002267 -0.038333
v -0.261480 2.053482 0.035556
v -0.257325 2.053482 0.031401
v -0.304544 2.029978 -0.038333
v -0.304395 2.034540 -0.042488
v -0.304395 2.034540 0.035556
v -0.304544 2.029978 0.031401
v -0.261401 2.038485 0.031401
v -0.257325 2.043443 0.031401
v -0.261480 2.042990 0.035556
v -0.261480 2.042990 -0.042488
v -0.257325 2.043443 -0.038333
v -0.261401 2.038485 -0.038333
v -0.375166 1.958670 -0.038333
v -0.379694 1.958463 -0.042488
v -0.375166 1.958670 0.031401
v -0.379694 1.958463 0.035556
v -0.386637 1.909788 0.031401
v -0.381866 1.913898 0.031401
v -0.386346 1.913943 0.035556
v -0.386346 1.913943 -0.042488
v -0.381866 1.913898 -0.038333
v -0.386637 1.909788 -0.038333
v -0.394811 2.257776 0.035557
v -0.362930 2.199625 0.035557
v -0.309970 2.178734 0.035556
v -0.362930 2.199625 -0.042488
v -0.309970 2.178734 -0.042488
v -0.394811 2.257776 -0.042488
v -0.259762 2.129051 0.031401
v -0.255607 2.133206 0.031401
v -0.259762 2.133206 0.035556
v -0.443044 2.133206 0.035557
v -0.447199 2.133206 0.031402
v -0.443044 2.129051 0.031402
v -0.255607 2.133206 -0.038333
v -0.259762 2.129051 -0.038333
v -0.259762 2.133206 -0.042488
v -0.443044 2.129051 -0.038333
v -0.447199 2.133206 -0.038333
v -0.443044 2.133206 -0.042488
v -0.443044 2.314852 0.031402
v -0.447199 2.310697 0.031402
v -0.443044 2.310697 0.035557
v -0.443044 2.310697 -0.042488
v -0.447199 2.310697 -0.038333
v -0.443044 2.314852 -0.038333
v -0.259762 2.175501 -0.042488
v -0.255607 2.175501 -0.038333
v -0.447199 2.181621 -0.038333
v -0.443044 2.181621 -0.042488
v -0.443044 2.247206 -0.042488
v -0.447199 2.247206 -0.038333
v -0.255607 2.175501 0.031401
v -0.259762 2.175501 0.035556
v -0.447199 2.247206 0.031402
v -0.443044 2.247206 0.035557
v -0.447199 2.181621 0.031402
v -0.443044 2.181621 0.035557
v -0.320450 2.133206 0.035556
v -0.320450 2.129051 0.031401
v -0.384826 2.133206 0.035557
v -0.384826 2.129051 0.031402
v -0.384826 2.133206 -0.042488
v -0.384826 2.129051 -0.038333
v -0.320450 2.129051 -0.038333
v -0.320450 2.133206 -0.042488
v -0.399301 2.314852 -0.038333
v -0.399301 2.310697 -0.042488
v -0.348085 2.222297 0.031402
v -0.350847 2.219475 0.035557
v -0.350847 2.219475 -0.042488
v -0.348085 2.222297 -0.038333
v -0.399301 2.310697 0.035557
v -0.399301 2.314852 0.031402
v -0.375796 2.267633 -0.038333
v -0.380358 2.267782 -0.042488
v -0.380358 2.267782 0.035557
v -0.375796 2.267633 0.031402
v -0.384303 2.310775 0.031402
v -0.389262 2.314852 0.031402
v -0.388809 2.310697 0.035557
v -0.388809 2.310697 -0.042488
v -0.389262 2.314852 -0.038333
v -0.384303 2.310775 -0.038333
v -0.304489 2.197011 -0.038333
v -0.304281 2.192482 -0.042488
v -0.304489 2.197011 0.031402
v -0.304281 2.192482 0.035557
v -0.255607 2.185540 0.031401
v -0.259716 2.190310 0.031401
v -0.259762 2.185831 0.035556
v -0.259762 2.185831 -0.042488
v -0.259716 2.190310 -0.038333
v -0.255607 2.185540 -0.038333
v 0.317925 2.177479 0.035556
v 0.376076 2.209360 0.035556
v 0.396966 2.262319 0.035556
v 0.376076 2.209360 -0.042488
v 0.396966 2.262319 -0.042488
v 0.317925 2.177479 -0.042488
v 0.446649 2.312528 0.031401
v 0.442494 2.316683 0.031401
v 0.442494 2.312528 0.035556
v 0.442494 2.129246 0.035556
v 0.442494 2.125091 0.031401
v 0.446649 2.129246 0.031401
v 0.442494 2.316683 -0.038333
v 0.446649 2.312528 -0.038333
v 0.442494 2.312528 -0.042488
v 0.446649 2.129246 -0.038333
v 0.442494 2.125091 -0.038333
v 0.442494 2.129246 -0.042488
v 0.260849 2.129246 0.031401
v 0.265004 2.125091 0.031401
v 0.265004 2.129246 0.035556
v 0.265004 2.129246 -0.042488
v 0.265004 2.125091 -0.038333
v 0.260849 2.129246 -0.038333
v 0.400199 2.312528 -0.042488
v 0.400199 2.316683 -0.038333
v 0.394080 2.125091 -0.038333
v 0.394080 2.129246 -0.042488
v 0.328495 2.129246 -0.042488
v 0.328495 2.125091 -0.038333
v 0.400199 2.316683 0.031401
v 0.400199 2.312528 0.035556
v 0.328495 2.125091 0.031401
v 0.328495 2.129246 0.035556
v 0.394080 2.125091 0.031401
v 0.394080 2.129246 0.035556
v 0.442494 2.251840 0.035556
v 0.446649 2.251840 0.031401
v 0.442494 2.187463 0.035556
v 0.446649 2.187463 0.031401
v 0.442494 2.187463 -0.042488
v 0.446649 2.187463 -0.038333
v 0.446649 2.251840 -0.038333
v 0.442494 2.251840 -0.042488
v 0.260849 2.172989 -0.038333
v 0.265004 2.172989 -0.042488
v 0.353404 2.224204 0.031401
v 0.356226 2.221443 0.035556
v 0.356226 2.221443 -0.042488
v 0.353404 2.224204 -0.038333
v 0.265004 2.172989 0.035556
v 0.260849 2.172989 0.031401
v 0.308068 2.196493 -0.038333
v 0.307919 2.191931 -0.042488
v 0.307919 2.191931 0.035556
v 0.308068 2.196493 0.031401
v 0.264925 2.187986 0.031401
v 0.260849 2.183028 0.031401
v 0.265004 2.183481 0.035556
v 0.265004 2.183481 -0.042488
v 0.260849 2.183028 -0.038333
v 0.264925 2.187986 -0.038333
v 0.378690 2.267801 -0.038333
v 0.383218 2.268008 -0.042488
v 0.378690 2.267801 0.031401
v 0.383218 2.268008 0.035556
v 0.390160 2.316683 0.031401
v 0.385390 2.312573 0.031401
v 0.389870 2.312528 0.035556
v 0.389870 2.312528 -0.042488
v 0.385390 2.312573 -0.038333
v 0.390160 2.316683 -0.038333
v 0.398335 1.968695 0.035556
v 0.366454 2.026846 0.035556
v 0.313494 2.047737 0.035556
v 0.366454 2.026846 -0.042488
v 0.313494 2.047737 -0.042488
v 0.398335 1.968695 -0.042488
v 0.263286 2.097420 0.031401
v 0.259131 2.093265 0.031401
v 0.263286 2.093265 0.035556
v 0.446568 2.093265 0.035557
v 0.450723 2.093265 0.031402
v 0.446568 2.097420 0.031402
v 0.259131 2.093265 -0.038333
v 0.263286 2.097420 -0.038333
v 0.263286 2.093265 -0.042488
v 0.446568 2.097420 -0.038333
v 0.450723 2.093265 -0.038333
v 0.446568 2.093265 -0.042488
v 0.446568 1.911619 0.031401
v 0.450723 1.915774 0.031401
v 0.446568 1.915774 0.035556
v 0.446568 1.915774 -0.042488
v 0.450723 1.915774 -0.038333
v 0.446568 1.911619 -0.038333
v 0.263286 2.050969 -0.042488
v 0.259131 2.050969 -0.038333
v 0.450723 2.044850 -0.038333
v 0.446568 2.044850 -0.042488
v 0.446568 1.979265 -0.042488
v 0.450723 1.979265 -0.038333
v 0.259131 2.050969 0.031401
v 0.263286 2.050969 0.035556
v 0.450723 1.979265 0.031401
v 0.446568 1.979265 0.035556
v 0.450723 2.044850 0.031401
v 0.446568 2.044850 0.035556
v 0.323974 2.093265 0.035556
v 0.323974 2.097420 0.031401
v 0.388350 2.093265 0.035556
v 0.388350 2.097420 0.031401
v 0.388350 2.093265 -0.042488
v 0.388350 2.097420 -0.038333
v 0.323974 2.097420 -0.038333
v 0.323974 2.093265 -0.042488
v 0.402825 1.911619 -0.038333
v 0.402825 1.915774 -0.042488
v 0.351609 2.004174 0.031401
v 0.354370 2.006996 0.035556
v 0.354370 2.006996 -0.042488
v 0.351609 2.004174 -0.038333
v 0.402825 1.915774 0.035556
v 0.402825 1.911619 0.031401
v 0.379320 1.958838 -0.038333
v 0.383882 1.958689 -0.042488
v 0.383882 1.958689 0.035556
v 0.379320 1.958838 0.031401
v 0.387827 1.915696 0.031401
v 0.392786 1.911619 0.031401
v 0.392333 1.915774 0.035556
v 0.392333 1.915774 -0.042488
v 0.392786 1.911619 -0.038333
v 0.387827 1.915696 -0.038333
v 0.308012 2.029460 -0.038333
v 0.307805 2.033988 -0.042488
v 0.308012 2.029460 0.031401
v 0.307805 2.033988 0.035556
v 0.259131 2.040931 0.031401
v 0.263240 2.036161 0.031401
v 0.263286 2.040640 0.035556
v 0.263286 2.040640 -0.042488
v 0.263240 2.036161 -0.038333
v 0.259131 2.040931 -0.038333
v 0.613994 2.048992 0.035556
v 0.555843 2.017111 0.035556
v 0.534953 1.964152 0.035556
v 0.555843 2.017111 -0.042488
v 0.534953 1.964152 -0.042488
v 0.613994 2.048992 -0.042488
v 0.485270 1.913943 0.031401
v 0.489425 1.909788 0.031401
v 0.489425 1.913943 0.035556
v 0.489425 2.097225 0.035556
v 0.489425 2.101380 0.031401
v 0.485270 2.097225 0.031401
v 0.489425 1.909788 -0.038333
v 0.485270 1.913943 -0.038333
v 0.489425 1.913943 -0.042488
v 0.485270 2.097225 -0.038333
v 0.489425 2.101380 -0.038333
v 0.489425 2.097225 -0.042488
v 0.671070 2.097225 0.031401
v 0.666915 2.101380 0.031401
v 0.666915 2.097225 0.035556
v 0.666915 2.097225 -0.042488
v 0.666915 2.101380 -0.038333
v 0.671070 2.097225 -0.038333
v 0.531720 1.913943 -0.042488
v 0.531720 1.909788 -0.038333
v 0.537839 2.101380 -0.038333
v 0.537839 2.097225 -0.042488
v 0.603424 2.097225 -0.042488
v 0.603424 2.101380 -0.038333
v 0.531720 1.909788 0.031401
v 0.531720 1.913943 0.035556
v 0.603424 2.101380 0.031401
v 0.603424 2.097225 0.035556
v 0.537839 2.101380 0.031401
v 0.537839 2.097225 0.035556
v 0.489425 1.974631 0.035556
v 0.485270 1.974631 0.031401
v 0.489425 2.039008 0.035556
v 0.485270 2.039008 0.031401
v 0.489425 2.039008 -0.042488
v 0.485270 2.039008 -0.038333
v 0.485270 1.974631 -0.038333
v 0.489425 1.974631 -0.042488
v 0.671070 2.053482 -0.038333
v 0.666915 2.053482 -0.042488
v 0.578515 2.002267 0.031401
v 0.575693 2.005028 0.035556
v 0.575693 2.005028 -0.042488
v 0.578515 2.002267 -0.038333
v 0.666915 2.053482 0.035556
v 0.671070 2.053482 0.031401
v 0.623851 2.029978 -0.038333
v 0.624000 2.034540 -0.042488
v 0.624000 2.034540 0.035556
v 0.623851 2.029978 0.031401
v 0.666994 2.038485 0.031401
v 0.671070 2.043443 0.031401
v 0.666915 2.042990 0.035556
v 0.666915 2.042990 -0.042488
v 0.671070 2.043443 -0.038333
v 0.666994 2.038485 -0.038333
v 0.553229 1.958670 -0.038333
v 0.548701 1.958463 -0.042488
v 0.553229 1.958670 0.031401
v 0.548701 1.958463 0.035556
v 0.541759 1.909788 0.031401
v 0.546529 1.913898 0.031401
v 0.542049 1.913943 0.035556
v 0.542049 1.913943 -0.042488
v 0.546529 1.913898 -0.038333
v 0.541759 1.909788 -0.038333
v 0.533584 2.257776 0.035557
v 0.565465 2.199625 0.035557
v 0.618425 2.178734 0.035556
v 0.565465 2.199625 -0.042488
v 0.618425 2.178734 -0.042488
v 0.533584 2.257776 -0.042488
v 0.668633 2.129051 0.031401
v 0.672788 2.133206 0.031401
v 0.668633 2.133206 0.035556
v 0.485351 2.133206 0.035557
v 0.481196 2.133206 0.031402
v 0.485351 2.129051 0.031402
v 0.672788 2.133206 -0.038333
v 0.668633 2.129051 -0.038333
v 0.668633 2.133206 -0.042488
v 0.485351 2.129051 -0.038333
v 0.481196 2.133206 -0.038333
v 0.485351 2.133206 -0.042488
v 0.485351 2.314852 0.031402
v 0.481196 2.310697 0.031402
v 0.485351 2.310697 0.035557
v 0.485351 2.310697 -0.042488
v 0.481196 2.310697 -0.038333
v 0.485351 2.314852 -0.038333
v 0.668633 2.175501 -0.042488
v 0.672788 2.175501 -0.038333
v 0.481196 2.181621 -0.038333
v 0.485351 2.181621 -0.042488
v 0.485351 2.247206 -0.042488
v 0.481196 2.247206 -0.038333
v 0.672788 2.175501 0.031401
v 0.668633 2.175501 0.035556
v 0.481196 2.247206 0.031402
v 0.485351 2.247206 0.035557
v 0.481196 2.181621 0.031402
v 0.485351 2.181621 0.035557
v 0.607945 2.133206 0.035556
v 0.607945 2.129051 0.031401
v 0.543569 2.133206 0.035557
v 0.543569 2.129051 0.031402
v 0.543569 2.133206 -0.042488
v 0.543569 2.129051 -0.038333
v 0.607945 2.129051 -0.038333
v 0.607945 2.133206 -0.042488
v 0.529094 2.314852 -0.038333
v 0.529094 2.310697 -0.042488
v 0.580310 2.222297 0.031402
v 0.577549 2.219475 0.035557
v 0.577549 2.219475 -0.042488
v 0.580310 2.222297 -0.038333
v 0.529094 2.310697 0.035557
v 0.529094 2.314852 0.031402
v 0.552599 2.267633 -0.038333
v 0.548037 2.267782 -0.042488
v 0.548037 2.267782 0.035557
v 0.552599 2.267633 0.031402
v 0.544092 2.310775 0.031402
v 0.539133 2.314852 0.031402
v 0.539586 2.310697 0.035557
v 0.539586 2.310697 -0.042488
v 0.539133 2.314852 -0.038333
v 0.544092 2.310775 -0.038333
v 0.623907 2.197011 -0.038333
v 0.624114 2.192482 -0.042488
v 0.623907 2.197011 0.031402
v 0.624114 2.192482 0.035557
v 0.672788 2.185540 0.031401
v 0.668679 2.190310 0.031401
v 0.668633 2.185831 0.035556
v 0.668633 2.185831 -0.042488
v 0.668679 2.190310 -0.038333
v 0.672788 2.185540 -0.038333
v -0.610470 1.219179 0.035556
v -0.552319 1.251060 0.035556
v -0.531429 1.304020 0.035556
v -0.552319 1.251060 -0.042488
v -0.531429 1.304020 -0.042488
v -0.610470 1.219179 -0.042488
v -0.481746 1.354228 0.031401
v -0.485901 1.358383 0.031401
v -0.485901 1.354228 0.035556
v -0.485901 1.170946 0.035556
v -0.485901 1.166791 0.031401
v -0.481746 1.170946 0.031401
v -0.485901 1.358383 -0.038333
v -0.481746 1.354228 -0.038333
v -0.485901 1.354228 -0.042488
v -0.481746 1.170946 -0.038333
v -0.485901 1.166791 -0.038333
v -0.485901 1.170946 -0.042488
v -0.667546 1.170946 0.031401
v -0.663391 1.166791 0.031401
v -0.663391 1.170946 0.035556
v -0.663391 1.170946 -0.042488
v -0.663391 1.166791 -0.038333
v -0.667546 1.170946 -0.038333
v -0.528196 1.354228 -0.042488
v -0.528196 1.358383 -0.038333
v -0.534315 1.166791 -0.038333
v -0.534315 1.170946 -0.042488
v -0.599900 1.170946 -0.042488
v -0.599900 1.166791 -0.038333
v -0.528196 1.358383 0.031401
v -0.528196 1.354228 0.035556
v -0.599900 1.166791 0.031401
v -0.599900 1.170946 0.035556
v -0.534315 1.166791 0.031401
v -0.534315 1.170946 0.035556
v -0.485901 1.293540 0.035556
v -0.481746 1.293540 0.031401
v -0.485901 1.229164 0.035556
v -0.481746 1.229164 0.031401
v -0.485901 1.229164 -0.042488
v -0.481746 1.229164 -0.038333
v -0.481746 1.293540 -0.038333
v -0.485901 1.293540 -0.042488
v -0.667546 1.214689 -0.038333
v -0.663391 1.214689 -0.042488
v -0.574991 1.265905 0.031401
v -0.572169 1.263144 0.035556
v -0.572169 1.263144 -0.042488
v -0.574991 1.265905 -0.038333
v -0.663391 1.214689 0.035556
v -0.667546 1.214689 0.031401
v -0.620327 1.238194 -0.038333
v -0.620476 1.233632 -0.042488
v -0.620476 1.233632 0.035556
v -0.620327 1.238194 0.031401
v -0.663470 1.229687 0.031401
v -0.667546 1.224728 0.031401
v -0.663391 1.225181 0.035556
v -0.663391 1.225181 -0.042488
v -0.667546 1.224728 -0.038333
v -0.663470 1.229687 -0.038333
v -0.549705 1.309502 -0.038333
v -0.545177 1.309709 -0.042488
v -0.549705 1.309502 0.031401
v -0.545177 1.309709 0.035556
v -0.538235 1.358383 0.031401
v -0.543005 1.354274 0.031401
v -0.538525 1.354228 0.035556
v -0.538525 1.354228 -0.042488
v -0.543005 1.354274 -0.038333
v -0.538235 1.358383 -0.038333
v -0.530060 1.010396 0.035556
v -0.561941 1.068547 0.035556
v -0.614901 1.089437 0.035556
v -0.561941 1.068547 -0.042488
v -0.614901 1.089437 -0.042488
v -0.530060 1.010396 -0.042488
v -0.665109 1.139120 0.031401
v -0.669264 1.134965 0.031401
v -0.665109 1.134965 0.035556
v -0.481827 1.134965 0.035557
v -0.477672 1.134965 0.031402
v -0.481827 1.139120 0.031402
v -0.669264 1.134965 -0.038333
v -0.665109 1.139120 -0.038333
v -0.665109 1.134965 -0.042488
v -0.481827 1.139120 -0.038333
v -0.477672 1.134965 -0.038333
v -0.481827 1.134965 -0.042488
v -0.481827 0.953320 0.031401
v -0.477672 0.957475 0.031401
v -0.481827 0.957475 0.035556
v -0.481827 0.957475 -0.042488
v -0.477672 0.957475 -0.038333
v -0.481827 0.953320 -0.038333
v -0.665109 1.092670 -0.042488
v -0.669264 1.092670 -0.038333
v -0.477672 1.086551 -0.038333
v -0.481827 1.086551 -0.042488
v -0.481827 1.020965 -0.042488
v -0.477672 1.020965 -0.038333
v -0.669264 1.092670 0.031401
v -0.665109 1.092670 0.035556
v -0.477672 1.020965 0.031401
v -0.481827 1.020965 0.035556
v -0.477672 1.086551 0.031401
v -0.481827 1.086551 0.035556
v -0.604421 1.134965 0.035556
v -0.604421 1.139120 0.031401
v -0.540045 1.134965 0.035556
v -0.540045 1.139120 0.031401
v -0.540045 1.134965 -0.042488
v -0.540045 1.139120 -0.038333
v -0.604421 1.139120 -0.038333
v -0.604421 1.134965 -0.042488
v -0.525570 0.953320 -0.038333
v -0.525570 0.957475 -0.042488
v -0.576786 1.045875 0.031401
v -0.574025 1.048697 0.035556
v -0.574025 1.048697 -0.042488
v -0.576786 1.045875 -0.038333
v -0.525570 0.957475 0.035556
v -0.525570 0.953320 0.031401
v -0.549075 1.000539 -0.038333
v -0.544513 1.000389 -0.042488
v -0.544513 1.000389 0.035556
v -0.549075 1.000539 0.031401
v -0.540568 0.957396 0.031401
v -0.535609 0.953320 0.031401
v -0.536062 0.957475 0.035556
v -0.536062 0.957475 -0.042488
v -0.535609 0.953320 -0.038333
v -0.540568 0.957396 -0.038333
v -0.620383 1.071161 -0.038333
v -0.620590 1.075689 -0.042488
v -0.620383 1.071161 0.031401
v -0.620590 1.075689 0.035556
v -0.669264 1.082631 0.031401
v -0.665155 1.077861 0.031401
v -0.665109 1.082340 0.035556
v -0.665109 1.082340 -0.042488
v -0.665155 1.077861 -0.038333
v -0.669264 1.082631 -0.038333
v -0.314401 1.090693 0.035556
v -0.372552 1.058812 0.035556
v -0.393443 1.005852 0.035556
v -0.372552 1.058812 -0.042488
v -0.393443 1.005852 -0.042488
v -0.314401 1.090693 -0.042488
v -0.443125 0.955644 0.031401
v -0.438970 0.951489 0.031401
v -0.438970 0.955644 0.035556
v -0.438970 1.138926 0.035556
v -0.438970 1.143081 0.031401
v -0.443125 1.138926 0.031401
v -0.438970 0.951489 -0.038333
v -0.443125 0.955644 -0.038333
v -0.438970 0.955644 -0.042488
v -0.443125 1.138926 -0.038333
v -0.438970 1.143081 -0.038333
v -0.438970 1.138926 -0.042488
v -0.257325 1.138926 0.031401
v -0.261480 1.143081 0.031401
v -0.261480 1.138926 0.035556
v -0.261480 1.138926 -0.042488
v -0.261480 1.143081 -0.038333
v -0.257325 1.138926 -0.038333
v -0.396675 0.955644 -0.042488
v -0.396675 0.951489 -0.038333
v -0.390556 1.143081 -0.038333
v -0.390556 1.138926 -0.042488
v -0.324971 1.138926 -0.042488
v -0.324971 1.143081 -0.038333
v -0.396675 0.951489 0.031401
v -0.396675 0.955644 0.035556
v -0.324971 1.143081 0.031401
v -0.324971 1.138926 0.035556
v -0.390556 1.143081 0.031401
v -0.390556 1.138926 0.035556
v -0.438970 1.016332 0.035556
v -0.443125 1.016332 0.031401
v -0.438970 1.080708 0.035556
v -0.443125 1.080708 0.031401
v -0.438970 1.080708 -0.042488
v -0.443125 1.080708 -0.038333
v -0.443125 1.016332 -0.038333
v -0.438970 1.016332 -0.042488
v -0.257325 1.095183 -0.038333
v -0.261480 1.095183 -0.042488
v -0.349880 1.043967 0.031401
v -0.352702 1.046728 0.035556
v -0.352702 1.046728 -0.042488
v -0.349880 1.043967 -0.038333
v -0.261480 1.095183 0.035556
v -0.257325 1.095183 0.031401
v -0.304544 1.071678 -0.038333
v -0.304395 1.076240 -0.042488
v -0.304395 1.076240 0.035556
v -0.304544 1.071678 0.031401
v -0.261401 1.080185 0.031401
v -0.257325 1.085144 0.031401
v -0.261480 1.084691 0.035556
v -0.261480 1.084691 -0.042488
v -0.257325 1.085144 -0.038333
v -0.261401 1.080185 -0.038333
v -0.375166 1.000371 -0.038333
v -0.379694 1.000163 -0.042488
v -0.375166 1.000371 0.031401
v -0.379694 1.000163 0.035556
v -0.386637 0.951489 0.031401
v -0.381866 0.955598 0.031401
v -0.386346 0.955644 0.035556
v -0.386346 0.955644 -0.042488
v -0.381866 0.955598 -0.038333
v -0.386637 0.951489 -0.038333
v -0.394811 1.299476 0.035557
v -0.362930 1.241325 0.035557
v -0.309970 1.220435 0.035556
v -0.362930 1.241325 -0.042488
v -0.309970 1.220435 -0.042488
v -0.394811 1.299476 -0.042488
v -0.259762 1.170752 0.031401
v -0.255607 1.174907 0.031401
v -0.259762 1.174907 0.035556
v -0.443044 1.174907 0.035557
v -0.447199 1.174907 0.031402
v -0.443044 1.170752 0.031402
v -0.255607 1.174907 -0.038333
v -0.259762 1.170752 -0.038333
v -0.259762 1.174907 -0.042488
v -0.443044 1.170752 -0.038333
v -0.447199 1.174907 -0.038333
v -0.443044 1.174907 -0.042488
v -0.443044 1.356552 0.031402
v -0.447199 1.352397 0.031402
v -0.443044 1.352397 0.035557
v -0.443044 1.352398 -0.042488
v -0.447199 1.352398 -0.038333
v -0.443044 1.356552 -0.038333
v -0.259762 1.217202 -0.042488
v -0.255607 1.217202 -0.038333
v -0.447199 1.223321 -0.038333
v -0.443044 1.223321 -0.042488
v -0.443044 1.288907 -0.042488
v -0.447199 1.288907 -0.038333
v -0.255607 1.217202 0.031401
v -0.259762 1.217202 0.035556
v -0.447199 1.288907 0.031402
v -0.443044 1.288907 0.035557
v -0.447199 1.223321 0.031402
v -0.443044 1.223321 0.035557
v -0.320450 1.174907 0.035556
v -0.320450 1.170752 0.031401
v -0.384826 1.174907 0.035557
v -0.384826 1.170752 0.031402
v -0.384826 1.174907 -0.042488
v -0.384826 1.170752 -0.038333
v -0.320450 1.170752 -0.038333
v -0.320450 1.174907 -0.042488
v -0.399301 1.356552 -0.038333
v -0.399301 1.352398 -0.042488
v -0.348085 1.263997 0.031402
v -0.350847 1.261175 0.035557
v -0.350847 1.261175 -0.042488
v -0.348085 1.263997 -0.038333
v -0.399301 1.352397 0.035557
v -0.399301 1.356552 0.031402
v -0.375796 1.309334 -0.038333
v -0.380358 1.309483 -0.042488
v -0.380358 1.309483 0.035557
v -0.375796 1.309334 0.031402
v -0.384303 1.352476 0.031402
v -0.389262 1.356552 0.031402
v -0.388809 1.352397 0.035557
v -0.388809 1.352398 -0.042488
v -0.389262 1.356552 -0.038333
v -0.384303 1.352476 -0.038333
v -0.304489 1.238712 -0.038333
v -0.304281 1.234183 -0.042488
v -0.304489 1.238711 0.031402
v -0.304281 1.234183 0.035557
v -0.255607 1.227241 0.031401
v -0.259716 1.232011 0.031401
v -0.259762 1.227532 0.035556
v -0.259762 1.227532 -0.042488
v -0.259716 1.232011 -0.038333
v -0.255607 1.227241 -0.038333
v 0.317925 1.219179 0.035556
v 0.376076 1.251060 0.035556
v 0.396966 1.304020 0.035556
v 0.376076 1.251060 -0.042488
v 0.396966 1.304020 -0.042488
v 0.317925 1.219179 -0.042488
v 0.446649 1.354228 0.031401
v 0.442494 1.358383 0.031401
v 0.442494 1.354228 0.035556
v 0.442494 1.170946 0.035556
v 0.442494 1.166791 0.031401
v 0.446649 1.170946 0.031401
v 0.442494 1.358383 -0.038333
v 0.446649 1.354228 -0.038333
v 0.442494 1.354228 -0.042488
v 0.446649 1.170946 -0.038333
v 0.442494 1.166791 -0.038333
v 0.442494 1.170946 -0.042488
v 0.260849 1.170946 0.031401
v 0.265004 1.166791 0.031401
v 0.265004 1.170946 0.035556
v 0.265004 1.170946 -0.042488
v 0.265004 1.166791 -0.038333
v 0.260849 1.170946 -0.038333
v 0.400199 1.354228 -0.042488
v 0.400199 1.358383 -0.038333
v 0.394080 1.166791 -0.038333
v 0.394080 1.170946 -0.042488
v 0.328495 1.170946 -0.042488
v 0.328495 1.166791 -0.038333
v 0.400199 1.358383 0.031401
v 0.400199 1.354228 0.035556
v 0.328495 1.166791 0.031401
v 0.328495 1.170946 0.035556
v 0.394080 1.166791 0.031401
v 0.394080 1.170946 0.035556
v 0.442494 1.293540 0.035556
v 0.446649 1.293540 0.031401
v 0.442494 1.229164 0.035556
v 0.446649 1.229164 0.031401
v 0.442494 1.229164 -0.042488
v 0.446649 1.229164 -0.038333
v 0.446649 1.293540 -0.038333
v 0.442494 1.293540 -0.042488
v 0.260849 1.214689 -0.038333
v 0.265004 1.214689 -0.042488
v 0.353404 1.265905 0.031401
v 0.356226 1.263144 0.035556
v 0.356226 1.263144 -0.042488
v 0.353404 1.265905 -0.038333
v 0.265004 1.214689 0.035556
v 0.260849 1.214689 0.031401
v 0.308068 1.238194 -0.038333
v 0.307919 1.233632 -0.042488
v 0.307919 1.233632 0.035556
v 0.308068 1.238194 0.031401
v 0.264925 1.229687 0.031401
v 0.260849 1.224728 0.031401
v 0.265004 1.225181 0.035556
v 0.265004 1.225181 -0.042488
v 0.260849 1.224728 -0.038333
v 0.264925 1.229687 -0.038333
v 0.378690 1.309502 -0.038333
v 0.383218 1.309709 -0.042488
v 0.378690 1.309502 0.031401
v 0.383218 1.309709 0.035556
v 0.390160 1.358383 0.031401
v 0.385390 1.354274 0.031401
v 0.389870 1.354228 0.035556
v 0.389870 1.354228 -0.042488
v 0.385390 1.354274 -0.038333
v 0.390160 1.358383 -0.038333
v 0.398335 1.010396 0.035556
v 0.366454 1.068547 0.035556
v 0.313494 1.089437 0.035556
v 0.366454 1.068547 -0.042488
v 0.313494 1.089437 -0.042488
v 0.398335 1.010396 -0.042488
v 0.263286 1.139120 0.031401
v 0.259131 1.134965 0.031401
v 0.263286 1.134965 0.035556
v 0.446568 1.134965 0.035557
v 0.450723 1.134965 0.031402
v 0.446568 1.139120 0.031402
v 0.259131 1.134965 -0.038333
v 0.263286 1.139120 -0.038333
v 0.263286 1.134965 -0.042488
v 0.446568 1.139120 -0.038333
v 0.450723 1.134965 -0.038333
v 0.446568 1.134965 -0.042488
v 0.446568 0.953320 0.031401
v 0.450723 0.957475 0.031401
v 0.446568 0.957475 0.035556
v 0.446568 0.957475 -0.042488
v 0.450723 0.957475 -0.038333
v 0.446568 0.953320 -0.038333
v 0.263286 1.092670 -0.042488
v 0.259131 1.092670 -0.038333
v 0.450723 1.086551 -0.038333
v 0.446568 1.086551 -0.042488
v 0.446568 1.020965 -0.042488
v 0.450723 1.020965 -0.038333
v 0.259131 1.092670 0.031401
v 0.263286 1.092670 0.035556
v 0.450723 1.020965 0.031401
v 0.446568 1.020965 0.035556
v 0.450723 1.086551 0.031401
v 0.446568 1.086551 0.035556
v 0.323974 1.134965 0.035556
v 0.323974 1.139120 0.031401
v 0.388350 1.134965 0.035556
v 0.388350 1.139120 0.031401
v 0.388350 1.134965 -0.042488
v 0.388350 1.139120 -0.038333
v 0.323974 1.139120 -0.038333
v 0.323974 1.134965 -0.042488
v 0.402825 0.953320 -0.038333
v 0.402825 0.957475 -0.042488
v 0.351609 1.045875 0.031401
v 0.354370 1.048697 0.035556
v 0.354370 1.048697 -0.042488
v 0.351609 1.045875 -0.038333
v 0.402825 0.957475 0.035556
v 0.402825 0.953320 0.031401
v 0.379320 1.000539 -0.038333
v 0.383882 1.000389 -0.042488
v 0.383882 1.000389 0.035556
v 0.379320 1.000539 0.031401
v 0.387827 0.957396 0.031401
v 0.392786 0.953320 0.031401
v 0.392333 0.957475 0.035556
v 0.392333 0.957475 -0.042488
v 0.392786 0.953320 -0.038333
v 0.387827 0.957396 -0.038333
v 0.308012 1.071161 -0.038333
v 0.307805 1.075689 -0.042488
v 0.308012 1.071161 0.031401
v 0.307805 1.075689 0.035556
v 0.259131 1.082631 0.031401
v 0.263240 1.077861 0.031401
v 0.263286 1.082340 0.035556
v 0.263286 1.082340 -0.042488
v 0.263240 1.077861 -0.038333
v 0.259131 1.082631 -0.038333
v 0.613994 1.090693 0.035556
v 0.555843 1.058812 0.035556
v 0.534953 1.005852 0.035556
v 0.555843 1.058812 -0.042488
v 0.534953 1.005852 -0.042488
v 0.613994 1.090693 -0.042488
v 0.485270 0.955644 0.031401
v 0.489425 0.951489 0.031401
v 0.489425 0.955644 0.035556
v 0.489425 1.138926 0.035556
v 0.489425 1.143081 0.031401
v 0.485270 1.138926 0.031401
v 0.489425 0.951489 -0.038333
v 0.485270 0.955644 -0.038333
v 0.489425 0.955644 -0.042488
v 0.485270 1.138926 -0.038333
v 0.489425 1.143081 -0.038333
v 0.489425 1.138926 -0.042488
v 0.671070 1.138926 0.031401
v 0.666915 1.143081 0.031401
v 0.666915 1.138926 0.035556
v 0.666915 1.138926 -0.042488
v 0.666915 1.143081 -0.038333
v 0.671070 1.138926 -0.038333
v 0.531720 0.955644 -0.042488
v 0.531720 0.951489 -0.038333
v 0.537839 1.143081 -0.038333
v 0.537839 1.138926 -0.042488
v 0.603424 1.138926 -0.042488
v 0.603424 1.143081 -0.038333
v 0.531720 0.951489 0.031401
v 0.531720 0.955644 0.035556
v 0.603424 1.143081 0.031401
v 0.603424 1.138926 0.035556
v 0.537839 1.143081 0.031401
v 0.537839 1.138926 0.035556
v 0.489425 1.016332 0.035556
v 0.485270 1.016332 0.031401
v 0.489425 1.080708 0.035556
v 0.485270 1.080708 0.031401
v 0.489425 1.080708 -0.042488
v 0.485270 1.080708 -0.038333
v 0.485270 1.016332 -0.038333
v 0.489425 1.016332 -0.042488
v 0.671070 1.095183 -0.038333
v 0.666915 1.095183 -0.042488
v 0.578515 1.043967 0.031401
v 0.575693 1.046728 0.035556
v 0.575693 1.046728 -0.042488
v 0.578515 1.043967 -0.038333
v 0.666915 1.095183 0.035556
v 0.671070 1.095183 0.031401
v 0.623851 1.071678 -0.038333
v 0.624000 1.076240 -0.042488
v 0.624000 1.076240 0.035556
v 0.623851 1.071678 0.031401
v 0.666994 1.080185 0.031401
v 0.671070 1.085144 0.031401
v 0.666915 1.084691 0.035556
v 0.666915 1.084691 -0.042488
v 0.671070 1.085144 -0.038333
v 0.666994 1.080185 -0.038333
v 0.553229 1.000371 -0.038333
v 0.548701 1.000163 -0.042488
v 0.553229 1.000371 0.031401
v 0.548701 1.000163 0.035556
v 0.541759 0.951489 0.031401
v 0.546529 0.955598 0.031401
v 0.542049 0.955644 0.035556
v 0.542049 0.955644 -0.042488
v 0.546529 0.955598 -0.038333
v 0.541759 0.951489 -0.038333
v 0.533584 1.299476 0.035557
v 0.565465 1.241325 0.035557
v 0.618425 1.220435 0.035556
v 0.565465 1.241325 -0.042488
v 0.618425 1.220435 -0.042488
v 0.533584 1.299476 -0.042488
v 0.668633 1.170752 0.031401
v 0.672788 1.174907 0.031401
v 0.668633 1.174907 0.035556
v 0.485351 1.174907 0.035557
v 0.481196 1.174907 0.031402
v 0.485351 1.170752 0.031402
v 0.672788 1.174907 -0.038333
v 0.668633 1.170752 -0.038333
v 0.668633 1.174907 -0.042488
v 0.485351 1.170752 -0.038333
v 0.481196 1.174907 -0.038333
v 0.485351 1.174907 -0.042488
v 0.485351 1.356552 0.031402
v 0.481196 1.352397 0.031402
v 0.485351 1.352397 0.035557
v 0.485351 1.352398 -0.042488
v 0.481196 1.352398 -0.038333
v 0.485351 1.356552 -0.038333
v 0.668633 1.217202 -0.042488
v 0.672788 1.217202 -0.038333
v 0.481196 1.223321 -0.038333
v 0.485351 1.223321 -0.042488
v 0.485351 1.288907 -0.042488
v 0.481196 1.288907 -0.038333
v 0.672788 1.217202 0.031401
v 0.668633 1.217202 0.035556
v 0.481196 1.288907 0.031402
v 0.485351 1.288907 0.035557
v 0.481196 1.223321 0.031402
v 0.485351 1.223321 0.035557
v 0.607945 1.174907 0.035556
v 0.607945 1.170752 0.031401
v 0.543569 1.174907 0.035557
v 0.543569 1.170752 0.031402
v 0.543569 1.174907 -0.042488
v 0.543569 1.170752 -0.038333
v 0.607945 1.170752 -0.038333
v 0.607945 1.174907 -0.042488
v 0.529094 1.356552 -0.038333
v 0.529094 1.352398 -0.042488
v 0.580310 1.263997 0.031402
v 0.577549 1.261175 0.035557
v 0.577549 1.261175 -0.042488
v 0.580310 1.263997 -0.038333
v 0.529094 1.352397 0.035557
v 0.529094 1.356552 0.031402
v 0.552599 1.309334 -0.038333
v 0.548037 1.309483 -0.042488
v 0.548037 1.309483 0.035557
v 0.552599 1.309334 0.031402
v 0.544092 1.352476 0.031402
v 0.539133 1.356552 0.031402
v 0.539586 1.352397 0.035557
v 0.539586 1.352398 -0.042488
v 0.539133 1.356552 -0.038333
v 0.544092 1.352476 -0.038333
v 0.623907 1.238712 -0.038333
v 0.624114 1.234183 -0.042488
v 0.623907 1.238711 0.031402
v 0.624114 1.234183 0.035557
v 0.672788 1.227241 0.031401
v 0.668679 1.232011 0.031401
v 0.668633 1.227532 0.035556
v 0.668633 1.227532 -0.042488
v 0.668679 1.232011 -0.038333
v 0.672788 1.227241 -0.038333
vn -0.0060 -0.9986 0.0519
vn -0.0582 -0.0445 0.9973
vn -0.9986 -0.0046 0.0519
vn -0.0582 0.0445 0.9973
vn -0.0059 0.9986 0.0519
vn -0.9986 0.0046 0.0519
vn -0.0060 0.9986 -0.0519
vn -0.0582 0.0445 -0.9973
vn -0.9986 0.0046 -0.0519
vn -0.0059 -0.9986 -0.0519
vn -0.9986 -0.0046 -0.0519
vn -0.0582 -0.0445 -0.9973
vn 0.0582 -0.0445 -0.9973
vn 0.9986 -0.0046 -0.0519
vn 0.0060 -0.9986 -0.0519
vn 0.0059 0.9986 -0.0519
vn 0.9986 0.0046 -0.0519
vn 0.0582 0.0445 -0.9973
vn 0.0060 0.9986 0.0519
vn 0.0582 0.0445 0.9973
vn 0.9986 0.0046 0.0519
vn 0.0059 -0.9986 0.0519
vn 0.9986 -0.0046 0.0519
vn 0.0582 -0.0445 0.9973
vn -0.0059 -0.9986 -0.0518
vn -0.0059 -0.9986 0.0518
vn -0.9986 -0.0045 0.0519
vn -0.9986 -0.0045 -0.0519
vn -0.0059 0.9986 0.0518
vn -0.0059 0.9986 -0.0518
vn -0.9986 0.0045 -0.0519
vn -0.9986 0.0045 0.0519
vn 0.0059 -0.9986 -0.0518
vn 0.0059 0.9986 -0.0518
vn 0.0059 -0.9986 0.0518
vn 0.9986 -0.0045 -0.0519
vn 0.9986 -0.0045 0.0519
vn 0.0059 0.9986 0.0518
vn 0.9986 0.0045 0.0519
vn 0.9986 0.0045 -0.0519
vn 0.0072 0.9994 0.0329
vn 0.3823 0.9225 0.0529
vn 0.0510 0.1228 0.9911
vn 0.0006 0.0827 0.9966
vn 0.3822 0.9226 0.0529
vn 0.7058 0.7058 0.0605
vn 0.0821 0.0821 0.9932
vn 0.0511 0.1229 0.9911
vn 0.9226 0.3822 0.0529
vn 0.1228 0.0511 0.9911
vn 0.9225 0.3823 0.0529
vn 0.9995 0.0051 0.0326
vn 0.0863 0.0004 0.9963
vn 0.9995 -0.0051 0.0326
vn 0.9225 -0.3823 0.0529
vn 0.1228 -0.0510 0.9911
vn 0.0863 -0.0004 0.9963
vn 0.9226 -0.3822 0.0529
vn 0.7058 -0.7058 0.0605
vn 0.0821 -0.0821 0.9932
vn 0.1229 -0.0511 0.9911
vn 0.3822 -0.9226 0.0529
vn 0.0511 -0.1228 0.9911
vn 0.3823 -0.9225 0.0529
vn 0.0072 -0.9994 0.0329
vn 0.0005 -0.0827 0.9966
vn 0.9995 0.0051 -0.0326
vn 0.9225 0.3823 -0.0529
vn 0.1228 0.0510 -0.9911
vn 0.0863 0.0004 -0.9963
vn 0.9226 0.3822 -0.0529
vn 0.7058 0.7058 -0.0605
vn 0.0821 0.0821 -0.9932
vn 0.1229 0.0511 -0.9911
vn 0.3822 0.9226 -0.0529
vn 0.0511 0.1228 -0.9911
vn 0.3823 0.9225 -0.0529
vn 0.0072 0.9994 -0.0329
vn 0.0005 0.0827 -0.9966
vn 0.0072 -0.9994 -0.0329
vn 0.3823 -0.9225 -0.0529
vn 0.0510 -0.1228 -0.9911
vn 0.0006 -0.0827 -0.9966
vn 0.3822 -0.9226 -0.0529
vn 0.7058 -0.7058 -0.0605
vn 0.0821 -0.0821 -0.9932
vn 0.0511 -0.1229 -0.9911
vn 0.9226 -0.3822 -0.0529
vn 0.1228 -0.0511 -0.9911
vn 0.9225 -0.3823 -0.0529
vn 0.9995 -0.0051 -0.0326
vn 0.0863 -0.0004 -0.9963
vn -0.9995 0.0051 0.0326
vn -0.9225 0.3823 0.0529
vn -0.1228 0.0510 0.9911
vn -0.0863 0.0004 0.9963
vn -0.9226 0.3822 0.0529
vn -0.7058 0.7058 0.0605
vn -0.0821 0.0821 0.9932
vn -0.1229 0.0511 0.9911
vn -0.3822 0.9226 0.0529
vn -0.0511 0.1228 0.9911
vn -0.3823 0.9225 0.0529
vn -0.0072 0.9994 0.0329
vn -0.0005 0.0827 0.9966
vn -0.0072 -0.9994 0.0329
vn -0.3823 -0.9225 0.0529
vn -0.0510 -0.1228 0.9911
vn -0.0006 -0.0827 0.9966
vn -0.3822 -0.9226 0.0529
vn -0.7058 -0.7058 0.0605
vn -0.0821 -0.0821 0.9932
vn -0.0511 -0.1229 0.9911
vn -0.9226 -0.3822 0.0529
vn -0.1228 -0.0511 0.9911
vn -0.9225 -0.3823 0.0529
vn -0.9995 -0.0051 0.0326
vn -0.0863 -0.0004 0.9963
vn -0.0072 0.9994 -0.0329
vn -0.3823 0.9225 -0.0529
vn -0.0510 0.1228 -0.9911
vn -0.0006 0.0827 -0.9966
vn -0.3822 0.9226 -0.0529
vn -0.7058 0.7058 -0.0605
vn -0.0821 0.0821 -0.9932
vn -0.0511 0.1229 -0.9911
vn -0.9226 0.3822 -0.0529
vn -0.1228 0.0511 -0.9911
vn -0.9225 0.3823 -0.0529
vn -0.9995 0.0051 -0.0326
vn -0.0863 0.0004 -0.9963
vn -0.9995 -0.0051 -0.0326
vn -0.9225 -0.3823 -0.0529
vn -0.1228 -0.0510 -0.9911
vn -0.0863 -0.0004 -0.9963
vn -0.9226 -0.3822 -0.0529
vn -0.7058 -0.7058 -0.0605
vn -0.0821 -0.0821 -0.9932
vn -0.1229 -0.0511 -0.9911
vn -0.3822 -0.9226 -0.0529
vn -0.0511 -0.1228 -0.9911
vn -0.3823 -0.9225 -0.0529
vn -0.0072 -0.9994 -0.0329
vn -0.0005 -0.0827 -0.9966
vn 0.0863 0.0005 0.9963
vn 0.9995 0.0051 0.0327
vn 0.9995 -0.0051 0.0327
vn 0.0863 -0.0005 -0.9963
vn 0.9995 -0.0051 -0.0327
vn 0.9995 0.0051 -0.0327
vn -0.0005 0.0827 -0.9966
vn 0.0007 0.0827 -0.9966
vn 0.0005 0.0827 0.9966
vn -0.0007 0.0827 0.9966
vn -0.0005 -0.0827 0.9966
vn 0.0007 -0.0827 0.9966
vn 0.0005 -0.0827 -0.9966
vn -0.0007 -0.0827 -0.9966
vn -0.0863 0.0005 -0.9963
vn -0.9995 0.0051 -0.0327
vn -0.9995 -0.0051 -0.0327
vn -0.0863 -0.0005 0.9963
vn -0.9995 -0.0051 0.0327
vn -0.9995 0.0051 0.0327
vn -0.0060 -0.9986 -0.0519
vn 0.0060 -0.9986 0.0519
vn -0.0000 -0.0000 1.0000
vn -0.0006 0.0827 0.9966
vn 0.0060 0.9986 -0.0519
vn -0.0060 0.9986 0.0519
vn 0.0006 -0.0827 0.9966
vn -0.0000 -0.0000 -1.0000
vn -0.0006 -0.0827 -0.9966
vn 0.0006 0.0827 -0.9966
vn 0.0511 0.1228 0.9911
vn 0.0073 0.9994 0.0329
vn 0.0073 0.9994 -0.0329
vn 0.9995 0.0052 -0.0326
vn 0.9995 0.0052 0.0326
vn 0.7058 0.7058 -0.0606
vn 0.7059 0.7058 0.0606
vn 0.9225 0.3823 -0.0530
vn 0.1228 -0.0511 0.9911
vn 0.9995 -0.0052 0.0326
vn 0.9995 -0.0052 -0.0326
vn 0.0073 -0.9994 -0.0329
vn 0.0073 -0.9994 0.0329
vn 0.9225 -0.3823 0.0530
vn 0.7059 -0.7058 -0.0606
vn 0.7058 -0.7058 0.0606
vn 0.1228 0.0511 -0.9911
vn 0.0511 -0.1228 -0.9911
vn -0.1228 0.0511 0.9911
vn -0.9995 0.0052 0.0326
vn -0.9995 0.0052 -0.0326
vn -0.0073 0.9994 -0.0329
vn -0.0073 0.9994 0.0329
vn -0.7058 0.7058 -0.0606
vn -0.7058 0.7058 0.0606
vn -0.0511 -0.1228 0.9911
vn -0.0073 -0.9994 0.0329
vn -0.0073 -0.9994 -0.0329
vn -0.9995 -0.0052 -0.0326
vn -0.9995 -0.0052 0.0326
vn -0.7058 -0.7058 -0.0606
vn -0.7058 -0.7058 0.0606
vn -0.0511 0.1228 -0.9911
vn -0.1228 -0.0511 -0.9911
vn 0.9966 0.0622 0.0543
vn 0.0867 0.9948 0.0535
vn 0.0899 0.0636 0.9939
vn 0.0577 -0.0484 0.9972
vn 0.0766 -0.9956 0.0539
vn 0.9964 -0.0646 0.0543
vn 0.0867 0.9948 -0.0535
vn 0.9966 0.0622 -0.0543
vn 0.0900 0.0636 -0.9939
vn 0.9964 -0.0646 -0.0543
vn 0.0766 -0.9956 -0.0539
vn 0.0578 -0.0483 -0.9972
vn -0.9950 -0.0841 0.0536
vn -0.0596 -0.9967 0.0544
vn -0.0602 -0.0862 0.9945
vn -0.0602 -0.0862 -0.9945
vn -0.0595 -0.9967 -0.0544
vn -0.9950 -0.0840 -0.0537
vn -0.2718 0.9607 0.0563
vn -0.9653 0.2572 0.0457
vn -0.0978 0.2079 0.9733
vn -0.0978 0.2079 -0.9732
vn -0.9653 0.2571 -0.0457
vn -0.2718 0.9607 -0.0563
vn -0.2622 0.9639 0.0458
vn -0.9725 0.2261 0.0566
vn -0.2250 0.0926 0.9699
vn -0.2250 0.0926 -0.9699
vn -0.9725 0.2261 -0.0566
vn -0.2622 0.9639 -0.0458
vn 0.0867 0.9948 -0.0536
vn 0.0867 0.9948 0.0536
vn 0.9966 0.0621 0.0544
vn 0.9966 0.0621 -0.0544
vn 0.0648 -0.0000 0.9979
vn 0.9964 -0.0647 0.0542
vn 0.9984 -0.0000 0.0561
vn 0.0766 -0.9956 0.0538
vn 0.9964 -0.0646 -0.0542
vn 0.0807 -0.0000 -0.9967
vn 0.9966 0.0621 -0.0543
vn 0.9984 -0.0000 -0.0561
vn -0.0000 0.9984 -0.0563
vn -0.0000 0.0670 -0.9978
vn -0.0000 -0.9984 -0.0561
vn -0.0000 -0.0720 -0.9974
vn -0.0596 -0.9967 -0.0544
vn -0.9950 -0.0841 -0.0536
vn -0.0000 -0.9984 0.0561
vn 0.0577 -0.0483 0.9972
vn -0.0000 -0.0553 0.9985
vn -0.0000 -0.0553 -0.9985
vn 0.0577 -0.0483 -0.9972
vn -0.0000 0.9984 0.0563
vn -0.0000 0.0670 0.9978
vn 0.0900 0.0636 0.9939
vn -0.0595 -0.9967 0.0544
vn -0.0000 -0.0720 0.9974
vn 0.0807 -0.0000 0.9967
vn 0.9966 0.0621 0.0543
vn 0.0577 -0.0484 -0.9972
vn 0.0648 -0.0000 -0.9979
vn 0.9964 -0.0647 -0.0542
vn -0.9984 -0.0000 -0.0563
vn -0.0632 -0.0000 -0.9980
vn -0.0632 -0.0000 0.9980
vn -0.9984 -0.0000 0.0563
vn -0.1800 0.0658 -0.9815
vn -0.1152 0.1141 -0.9868
vn -0.7094 0.7026 -0.0549
vn -0.9387 0.3399 -0.0573
vn -0.0689 0.1670 -0.9835
vn -0.0979 0.2079 -0.9733
vn -0.2717 0.9607 -0.0563
vn -0.3784 0.9239 -0.0571
vn -0.0689 0.1670 0.9835
vn -0.3784 0.9239 0.0571
vn -0.0979 0.2079 0.9733
vn -0.9653 0.2572 -0.0457
vn -0.2250 0.0927 -0.9699
vn -0.2623 0.9639 -0.0458
vn -0.9725 0.2260 -0.0566
vn -0.9725 0.2260 0.0567
vn -0.1800 0.0659 0.9815
vn -0.2250 0.0927 0.9699
vn -0.9725 0.2260 0.0566
vn -0.9387 0.3400 0.0573
vn -0.2251 0.0927 0.9699
vn -0.1800 0.0659 -0.9815
vn -0.9387 0.3400 -0.0573
vn -0.0979 0.2079 -0.9732
vn -0.9653 0.2572 -0.0456
vn -0.1153 0.1140 0.9868
vn -0.1800 0.0658 0.9815
vn -0.9387 0.3399 0.0574
vn -0.7095 0.7026 0.0549
vn -0.0689 0.1670 0.9836
vn -0.1152 0.1141 0.9868
vn -0.3783 0.9239 0.0571
vn -0.0689 0.1670 -0.9836
vn -0.3783 0.9239 -0.0571
vn 0.0578 -0.0484 0.9972
vn 0.0649 -0.0000 0.9979
vn 0.0649 -0.0000 -0.9979
vn 0.0578 -0.0484 -0.9972
vn -0.2621 0.9639 -0.0459
vn -0.2621 0.9639 0.0458
vn -0.0979 0.2078 -0.9733
vn -0.0689 0.1669 -0.9836
vn -0.9653 0.2571 0.0457
vn -0.7094 0.7027 0.0549
vn -0.9387 0.3400 0.0574
vn -0.9387 0.3400 -0.0574
vn -0.7095 0.7026 -0.0549
vn -0.0689 0.1669 0.9836
vn -0.0979 0.2078 0.9733
vn -0.9387 0.3399 -0.0574
vn -1.0000 -0.0011 0.0069
vn -0.0935 -0.9915 0.0900
vn -0.0970 -0.0107 0.9952
vn 0.0935 -0.9916 0.0898
vn 1.0000 -0.0011 0.0069
vn 0.0970 -0.0108 0.9952
vn -1.0000 0.0053 0.0044
vn -0.0101 0.1079 0.9941
vn -0.0103 0.9958 0.0905
vn -1.0000 -0.0053 0.0044
vn -0.0103 -0.9958 0.0906
vn -0.0101 -0.1079 0.9941
vn -1.0000 -0.0050 0.0044
vn -0.0100 -0.9958 0.0906
vn -0.0099 -0.1007 0.9949
vn 1.0000 0.0053 0.0044
vn 0.0103 0.9958 0.0906
vn 0.0102 0.1079 0.9941
vn 1.0000 -0.0053 0.0044
vn 0.0102 -0.1079 0.9941
vn 0.0103 -0.9958 0.0905
vn 1.0000 -0.0049 0.0044
vn 0.0099 -0.1007 0.9949
vn 0.0100 -0.9958 0.0905
vn -1.0000 0.0011 0.0069
vn -0.0970 0.0108 0.9952
vn -0.0935 0.9916 0.0898
vn 0.0935 0.9915 0.0900
vn 0.0970 0.0107 0.9952
vn 1.0000 0.0011 0.0069
vn 0.0004 -0.9959 0.0907
vn 0.0497 -0.0477 0.9976
vn 1.0000 -0.0000 0.0093
vn -1.0000 0.0050 0.0044
vn -0.0099 0.1007 0.9949
vn -0.0100 0.9958 0.0905
vn 1.0000 0.0050 0.0044
vn 0.0100 0.9958 0.0906
vn 0.0099 0.1007 0.9949
vn -1.0000 -0.0011 -0.0069
vn -0.0970 -0.0108 -0.9952
vn -0.0935 -0.9916 -0.0898
vn 0.0935 -0.9915 -0.0900
vn 0.0970 -0.0107 -0.9952
vn 1.0000 -0.0011 -0.0069
vn -1.0000 0.0053 -0.0044
vn -0.0103 0.9958 -0.0906
vn -0.0101 0.1079 -0.9941
vn -1.0000 -0.0053 -0.0044
vn -0.0101 -0.1079 -0.9941
vn -0.0103 -0.9958 -0.0905
vn -1.0000 -0.0050 -0.0044
vn -0.0099 -0.1007 -0.9949
vn -0.0100 -0.9958 -0.0905
vn 1.0000 0.0053 -0.0044
vn 0.0102 0.1079 -0.9941
vn 0.0103 0.9958 -0.0905
vn 1.0000 -0.0053 -0.0044
vn 0.0103 -0.9958 -0.0906
vn 0.0102 -0.1079 -0.9941
vn 1.0000 -0.0050 -0.0044
vn 0.0100 -0.9958 -0.0906
vn 0.0099 -0.1007 -0.9949
vn -1.0000 0.0011 -0.0069
vn -0.0935 0.9915 -0.0900
vn -0.0970 0.0107 -0.9952
vn 0.0935 0.9916 -0.0898
vn 1.0000 0.0011 -0.0069
vn 0.0970 0.0108 -0.9952
vn 0.0004 -0.9959 -0.0906
vn 1.0000 -0.0000 -0.0093
vn 0.0497 -0.0477 -0.9976
vn -1.0000 0.0050 -0.0044
vn -0.0100 0.9958 -0.0906
vn -0.0099 0.1007 -0.9949
vn 1.0000 0.0049 -0.0044
vn 0.0099 0.1007 -0.9949
vn 0.0100 0.9958 -0.0905
vn -0.6979 -0.7128 0.0696
vn -1.0000 -0.0011 0.0070
vn -0.0970 -0.0108 0.9952
vn -0.0487 -0.0496 0.9976
vn -0.0935 -0.9916 0.0899
vn 0.0935 -0.9916 0.0899
vn 0.0970 -0.0107 0.9952
vn -0.6704 -0.7389 0.0682
vn -0.6800 0.7296 0.0727
vn -0.0474 0.0503 0.9976
vn -0.0451 -0.0493 0.9978
vn 1.0000 -0.0011 0.0070
vn 0.7340 -0.6759 0.0666
vn 0.0509 -0.0468 0.9976
vn -0.0101 -0.1078 0.9941
vn -0.0101 0.1078 0.9941
vn -0.0102 0.1078 0.9941
vn -0.0474 0.0504 0.9976
vn -0.0103 -0.9958 0.0905
vn -0.6980 -0.7127 0.0697
vn -0.0487 -0.0495 0.9976
vn -0.0102 -0.1078 0.9941
vn 0.0497 0.0476 0.9976
vn -0.0496 0.0476 0.9976
vn -0.7170 0.6935 0.0698
vn 0.7170 0.6935 0.0698
vn -0.7341 -0.6758 -0.0666
vn 0.7341 -0.6758 -0.0666
vn 0.0510 -0.0467 -0.9976
vn -0.0510 -0.0467 -0.9976
vn 0.7167 0.6936 0.0729
vn 0.7170 -0.6936 0.0699
vn 0.0480 -0.0460 0.9978
vn 1.0000 0.0049 0.0044
vn -0.0100 -0.9958 0.0905
vn -0.6698 -0.7389 0.0735
vn -0.0100 -0.1007 0.9949
vn -0.7170 0.6936 0.0698
vn 0.7169 0.6937 0.0698
vn 0.0480 0.0459 0.9978
vn -0.0480 0.0459 0.9978
vn 0.0487 -0.0495 0.9976
vn 0.6979 -0.7128 0.0697
vn 0.0451 -0.0493 0.9978
vn 0.0474 0.0504 0.9976
vn 0.6804 0.7296 0.0692
vn 0.6698 -0.7389 0.0735
vn -0.0510 -0.0468 0.9976
vn -0.7340 -0.6759 0.0666
vn 0.0101 0.1078 0.9941
vn 0.0101 -0.1078 0.9941
vn 0.0475 0.0504 0.9976
vn 0.0102 0.1078 0.9941
vn 0.0103 0.9958 0.0905
vn 0.6801 0.7295 0.0727
vn 0.0102 -0.1078 0.9941
vn 0.0488 -0.0495 0.9976
vn 0.6980 -0.7127 0.0697
vn -0.0497 0.0476 0.9976
vn -0.0480 -0.0460 0.9978
vn -0.7167 -0.6936 0.0729
vn -0.7170 0.6936 0.0699
vn -1.0000 -0.0049 -0.0044
vn -1.0000 0.0049 -0.0044
vn 0.0100 -0.1007 0.9949
vn -0.0487 0.0495 0.9976
vn -1.0000 0.0011 0.0070
vn -0.6979 0.7128 0.0697
vn -0.0970 0.0107 0.9952
vn 0.0935 0.9916 0.0899
vn -0.0935 0.9916 0.0899
vn -0.0451 0.0493 0.9978
vn -0.0474 -0.0504 0.9976
vn -0.6804 -0.7296 0.0692
vn -0.6698 0.7389 0.0735
vn 0.0970 0.0108 0.9952
vn 0.0509 0.0468 0.9976
vn 0.7340 0.6759 0.0666
vn 1.0000 0.0011 0.0070
vn -0.0475 -0.0504 0.9976
vn -0.6801 -0.7295 0.0727
vn -0.0488 0.0495 0.9976
vn -0.6980 0.7127 0.0697
vn 0.0005 -0.9959 0.0906
vn -0.7170 -0.6935 0.0698
vn -0.0497 -0.0476 0.9976
vn 0.0496 -0.0476 0.9976
vn -0.0510 0.0467 -0.9976
vn 0.0510 0.0467 -0.9976
vn 0.7341 0.6758 -0.0666
vn -0.7341 0.6758 -0.0666
vn 0.0497 -0.0476 0.9976
vn 0.0479 0.0460 0.9978
vn 0.7166 0.6938 0.0721
vn -0.0100 0.1007 0.9949
vn -0.7170 -0.6936 -0.0698
vn 0.7170 -0.6935 -0.0698
vn 0.0480 -0.0459 -0.9978
vn -0.0480 -0.0459 -0.9978
vn 0.6979 0.7128 0.0696
vn 0.0487 0.0496 0.9976
vn 0.6704 0.7389 0.0682
vn 0.6800 -0.7296 0.0727
vn 0.0474 -0.0503 0.9976
vn 0.0451 0.0493 0.9978
vn -0.7340 0.6759 0.0666
vn -0.0510 0.0468 0.9976
vn 0.0474 -0.0504 0.9976
vn 0.6980 0.7127 0.0697
vn 0.0487 0.0495 0.9976
vn -0.0480 0.0460 0.9978
vn 0.0100 0.9958 0.0905
vn 0.6698 0.7389 0.0735
vn 0.0100 0.1007 0.9949
vn -0.0487 -0.0495 -0.9976
vn -1.0000 -0.0011 -0.0070
vn -0.6979 -0.7128 -0.0697
vn -0.0970 -0.0107 -0.9952
vn 0.0935 -0.9916 -0.0899
vn -0.0935 -0.9916 -0.0899
vn -0.0451 -0.0493 -0.9978
vn -0.0474 0.0504 -0.9976
vn -0.6804 0.7296 -0.0692
vn -0.6698 -0.7389 -0.0735
vn 0.0970 -0.0108 -0.9952
vn 0.0509 -0.0468 -0.9976
vn 0.7340 -0.6759 -0.0666
vn 1.0000 -0.0011 -0.0070
vn -0.0101 0.1078 -0.9941
vn -0.0101 -0.1078 -0.9941
vn -0.0475 0.0504 -0.9976
vn -0.0102 0.1078 -0.9941
vn -0.0103 0.9958 -0.0905
vn -0.6801 0.7295 -0.0727
vn -0.0102 -0.1078 -0.9941
vn -0.0488 -0.0495 -0.9976
vn -0.6980 -0.7127 -0.0697
vn 0.7170 0.6936 -0.0698
vn -0.7170 0.6935 -0.0698
vn -0.0497 0.0476 -0.9976
vn 0.0496 0.0476 -0.9976
vn 0.0510 -0.0467 0.9976
vn -0.0510 -0.0467 0.9976
vn 0.0497 0.0476 -0.9976
vn 0.0480 -0.0460 -0.9978
vn 0.7167 -0.6936 -0.0729
vn 0.7170 0.6936 -0.0699
vn 1.0000 -0.0049 -0.0044
vn -0.0100 -0.1007 -0.9949
vn -0.0480 0.0459 -0.9978
vn 0.0480 0.0459 -0.9978
vn 0.7168 0.6937 -0.0697
vn 0.6979 -0.7128 -0.0696
vn 0.0487 -0.0496 -0.9976
vn 0.6704 -0.7389 -0.0682
vn 0.6800 0.7296 -0.0727
vn 0.0474 0.0503 -0.9976
vn 0.0451 -0.0493 -0.9978
vn -0.7340 -0.6759 -0.0666
vn -0.0509 -0.0468 -0.9976
vn 0.0101 -0.1078 -0.9941
vn 0.0101 0.1078 -0.9941
vn 0.0102 0.1078 -0.9941
vn 0.0474 0.0504 -0.9976
vn 0.0103 -0.9958 -0.0905
vn 0.6980 -0.7127 -0.0697
vn 0.0487 -0.0495 -0.9976
vn -0.7167 0.6936 -0.0729
vn -0.7170 -0.6936 -0.0699
vn -0.0480 -0.0460 -0.9978
vn 0.0100 -0.9958 -0.0905
vn 0.6698 -0.7389 -0.0735
vn 0.0100 -0.1007 -0.9949
vn -0.6979 0.7128 -0.0696
vn -1.0000 0.0011 -0.0070
vn -0.0970 0.0108 -0.9952
vn -0.0487 0.0496 -0.9976
vn -0.0935 0.9916 -0.0899
vn 0.0935 0.9916 -0.0899
vn 0.0970 0.0107 -0.9952
vn -0.6704 0.7389 -0.0682
vn -0.6800 -0.7296 -0.0727
vn -0.0474 -0.0503 -0.9976
vn -0.0451 0.0493 -0.9978
vn 1.0000 0.0011 -0.0070
vn 0.7340 0.6759 -0.0666
vn 0.0509 0.0468 -0.9976
vn -0.0474 -0.0504 -0.9976
vn -0.6980 0.7127 -0.0697
vn -0.0487 0.0495 -0.9976
vn 0.0497 -0.0476 -0.9976
vn -0.0496 -0.0476 -0.9976
vn 0.0005 -0.9959 -0.0906
vn -0.0510 0.0467 0.9976
vn 0.0510 0.0467 0.9976
vn 0.7168 0.6938 -0.0698
vn 0.0479 0.0460 -0.9978
vn -0.0100 0.9958 -0.0905
vn -0.6698 0.7389 -0.0735
vn -0.0100 0.1007 -0.9949
vn -0.7171 -0.6935 0.0698
vn 0.7171 -0.6935 0.0698
vn 0.7171 -0.6935 -0.0698
vn -0.7171 -0.6935 -0.0698
vn 0.0487 0.0495 -0.9976
vn 0.6979 0.7128 -0.0697
vn 0.0451 0.0493 -0.9978
vn 0.0474 -0.0504 -0.9976
vn 0.6804 -0.7296 -0.0692
vn 0.6698 0.7389 -0.0735
vn -0.0510 0.0468 -0.9976
vn -0.7340 0.6759 -0.0666
vn 0.0475 -0.0504 -0.9976
vn 0.0102 -0.1078 -0.9941
vn 0.6801 -0.7295 -0.0727
vn 0.0488 0.0495 -0.9976
vn 0.6980 0.7127 -0.0697
vn -0.0497 -0.0476 -0.9976
vn -0.0480 0.0460 -0.9978
vn 0.0100 0.1007 -0.9949
vn -0.0935 -0.9915 -0.0899
vn -0.0935 -0.9915 0.0899
vn 0.0935 -0.9915 0.0899
vn 0.0935 -0.9915 -0.0899
vn -0.0100 -0.9958 -0.0906
vn 0.0103 0.9958 -0.0906
vn 0.0103 -0.9958 0.0906
vn 0.0100 -0.9958 0.0906
vn -0.0935 0.9915 0.0899
vn -0.0935 0.9915 -0.0899
vn 0.0935 0.9915 -0.0899
vn 0.0935 0.9915 0.0899
vn 1.0000 -0.0000 0.0092
vn 1.0000 -0.0000 -0.0092
vn -0.0103 -0.9958 -0.0906
vn -0.0103 0.9958 0.0906
vn -0.0100 0.9958 0.0906
vn 0.0100 0.9958 -0.0906
vn -0.6800 0.7296 -0.0726
vn -0.0475 0.0504 0.9976
vn -0.6801 0.7295 0.0727
vn -0.6980 -0.7127 -0.0696
vn -0.7341 -0.6758 0.0666
vn 0.7341 -0.6758 0.0666
vn 0.7171 0.6935 0.0698
vn -0.7171 0.6935 0.0698
vn -0.7171 0.6935 -0.0698
vn 0.7171 0.6935 -0.0698
vn 0.7170 -0.6936 0.0698
vn 0.7170 0.6936 0.0698
vn 0.7170 -0.6936 -0.0698
vn 0.0480 0.0460 0.9978
vn 0.7169 0.6937 0.0697
vn 0.7169 0.6937 -0.0697
vn -1.0000 -0.0049 0.0044
vn -1.0000 0.0049 0.0044
vn -0.6699 -0.7388 0.0734
vn -0.6699 -0.7388 -0.0734
vn 0.0480 0.0460 -0.9978
vn 0.6800 0.7296 0.0726
vn 0.6801 0.7295 -0.0727
vn 0.6980 -0.7127 0.0696
vn -0.7170 -0.6936 0.0698
vn -0.7170 0.6936 -0.0698
vn 0.6699 -0.7388 0.0734
vn 0.6699 -0.7388 -0.0734
vn -0.6800 -0.7296 0.0726
vn -0.6801 -0.7295 -0.0727
vn -0.6980 0.7127 0.0696
vn 0.7341 0.6758 0.0666
vn -0.7341 0.6758 0.0666
vn 0.7168 0.6937 0.0698
vn 0.7168 0.6937 -0.0698
vn -0.6699 0.7388 0.0734
vn -0.6699 0.7388 -0.0734
vn 0.6800 -0.7296 -0.0726
vn 0.6801 -0.7295 0.0727
vn 0.6980 0.7127 -0.0696
vn 0.6699 0.7388 0.0734
vn 0.6699 0.7388 -0.0734
vn -0.0480 -0.0459 0.9978
vn 0.0480 -0.0459 0.9978
vn -0.0622 0.9966 0.0543
vn -0.9948 0.0867 0.0535
vn -0.0636 0.0900 0.9939
vn 0.0483 0.0578 0.9972
vn 0.9956 0.0766 0.0539
vn 0.0646 0.9964 0.0542
vn -0.9948 0.0867 -0.0535
vn -0.0622 0.9966 -0.0543
vn -0.0636 0.0900 -0.9939
vn 0.0646 0.9964 -0.0543
vn 0.9956 0.0766 -0.0538
vn 0.0483 0.0578 -0.9972
vn 0.0841 -0.9950 0.0536
vn 0.9967 -0.0595 0.0544
vn 0.0862 -0.0602 0.9945
vn 0.0862 -0.0602 -0.9945
vn 0.9967 -0.0596 -0.0544
vn 0.0840 -0.9950 -0.0536
vn -0.9607 -0.2718 0.0563
vn -0.2572 -0.9653 0.0457
vn -0.2079 -0.0978 0.9733
vn -0.2079 -0.0978 -0.9733
vn -0.2571 -0.9653 -0.0457
vn -0.9607 -0.2718 -0.0563
vn -0.9639 -0.2622 0.0458
vn -0.2261 -0.9725 0.0566
vn -0.0927 -0.2251 0.9699
vn -0.0927 -0.2250 -0.9699
vn -0.2261 -0.9725 -0.0566
vn -0.9639 -0.2622 -0.0458
vn -0.9948 0.0866 -0.0536
vn -0.9948 0.0866 0.0536
vn -0.0621 0.9966 0.0543
vn -0.0621 0.9966 -0.0543
vn -0.0000 0.0648 0.9979
vn 0.0484 0.0577 0.9972
vn 0.0647 0.9964 0.0542
vn -0.0000 0.9984 0.0561
vn 0.9956 0.0766 0.0538
vn 0.9956 0.0766 -0.0539
vn 0.0646 0.9964 -0.0542
vn 0.0646 0.9964 0.0543
vn -0.0000 0.0807 -0.9967
vn -0.0000 0.9984 -0.0561
vn -0.0670 -0.0000 -0.9978
vn 0.0861 -0.0602 -0.9945
vn 0.0720 -0.0000 -0.9974
vn 0.9967 -0.0596 0.0544
vn 0.0841 -0.9950 -0.0536
vn 0.0483 0.0577 0.9972
vn 0.0553 -0.0000 0.9985
vn 0.0553 -0.0000 -0.9985
vn 0.0483 0.0577 -0.9972
vn -0.0670 -0.0000 0.9978
vn 0.0720 -0.0000 0.9974
vn 0.0861 -0.0602 0.9945
vn -0.0000 0.0807 0.9967
vn 0.0484 0.0577 -0.9972
vn -0.0000 0.0648 -0.9979
vn 0.0647 0.9964 -0.0542
vn -0.0000 -0.9984 -0.0563
vn -0.0000 -0.0632 -0.9980
vn -0.0003 -0.0632 0.9980
vn -0.0000 -0.9984 0.0563
vn -0.0659 -0.1800 -0.9815
vn -0.1141 -0.1152 -0.9868
vn -0.7026 -0.7094 -0.0549
vn -0.3399 -0.9387 -0.0573
vn -0.1670 -0.0689 -0.9835
vn -0.2079 -0.0979 -0.9733
vn -0.9239 -0.3784 -0.0571
vn -0.1670 -0.0689 0.9835
vn -0.9239 -0.3784 0.0571
vn -0.0000 -0.0632 0.9980
vn -0.2079 -0.0979 0.9733
vn -0.2572 -0.9653 -0.0457
vn -0.9639 -0.2623 -0.0458
vn -0.9984 -0.0000 -0.0562
vn -0.2261 -0.9725 0.0567
vn -0.0658 -0.1800 0.9815
vn -0.0927 -0.2250 0.9699
vn -0.2260 -0.9725 0.0566
vn -0.3400 -0.9387 0.0573
vn -0.9984 -0.0000 0.0562
vn -0.3400 -0.9387 -0.0573
vn -0.2079 -0.0979 -0.9732
vn -0.2572 -0.9653 -0.0456
vn -0.1140 -0.1153 0.9868
vn -0.3399 -0.9387 0.0574
vn -0.7026 -0.7095 0.0549
vn -0.1670 -0.0689 0.9836
vn -0.1141 -0.1152 0.9868
vn -0.9239 -0.3783 0.0570
vn -0.1670 -0.0689 -0.9836
vn -0.9239 -0.3783 -0.0571
vn -0.9948 0.0867 -0.0536
vn -0.9948 0.0867 0.0536
vn 0.0484 0.0578 0.9972
vn -0.0000 0.0649 0.9979
vn -0.0000 0.0649 -0.9979
vn 0.0484 0.0578 -0.9972
vn -0.0658 -0.1800 -0.9815
vn -0.9639 -0.2621 -0.0459
vn -0.9639 -0.2621 0.0458
vn -0.2078 -0.0979 -0.9733
vn -0.1669 -0.0689 -0.9836
vn -0.2571 -0.9653 0.0457
vn -0.7027 -0.7094 0.0549
vn -0.3400 -0.9387 0.0574
vn -0.3400 -0.9387 -0.0574
vn -0.7026 -0.7095 -0.0549
vn -0.1669 -0.0689 0.9836
vn -0.2078 -0.0979 0.9733
vn -0.9239 -0.3783 0.0571
vn -0.2260 -0.9725 -0.0566
vn -0.3399 -0.9387 -0.0574
vn -0.9966 -0.0622 0.0543
vn -0.0867 -0.9948 0.0535
vn -0.0899 -0.0636 0.9939
vn -0.0577 0.0484 0.9972
vn -0.0766 0.9956 0.0539
vn -0.9964 0.0646 0.0543
vn -0.0867 -0.9948 -0.0535
vn -0.9966 -0.0622 -0.0543
vn -0.0900 -0.0636 -0.9939
vn -0.9964 0.0646 -0.0543
vn -0.0766 0.9956 -0.0539
vn -0.0578 0.0483 -0.9972
vn 0.9950 0.0841 0.0536
vn 0.0596 0.9967 0.0544
vn 0.0602 0.0862 0.9945
vn 0.0602 0.0862 -0.9945
vn 0.0595 0.9967 -0.0544
vn 0.9950 0.0840 -0.0537
vn 0.2718 -0.9607 0.0563
vn 0.9653 -0.2571 0.0457
vn 0.0978 -0.2079 0.9733
vn 0.0978 -0.2079 -0.9733
vn 0.9653 -0.2571 -0.0457
vn 0.2718 -0.9607 -0.0563
vn 0.2622 -0.9639 0.0458
vn 0.9725 -0.2261 0.0566
vn 0.2250 -0.0926 0.9699
vn 0.2250 -0.0927 -0.9699
vn 0.9725 -0.2261 -0.0566
vn 0.2622 -0.9639 -0.0458
vn -0.0867 -0.9948 -0.0536
vn -0.0867 -0.9948 0.0536
vn -0.9966 -0.0621 0.0544
vn -0.9966 -0.0621 -0.0544
vn -0.0648 -0.0000 0.9979
vn -0.9964 0.0647 0.0542
vn -0.9984 -0.0000 0.0561
vn -0.0766 0.9956 0.0538
vn -0.9964 0.0646 -0.0542
vn -0.0807 -0.0000 -0.9967
vn -0.9966 -0.0621 -0.0543
vn -0.9984 -0.0000 -0.0561
vn -0.0000 -0.0670 -0.9978
vn 0.0596 0.9967 -0.0544
vn -0.0000 0.0720 -0.9974
vn 0.9950 0.0841 -0.0536
vn -0.0577 0.0483 0.9972
vn -0.0000 0.0553 0.9985
vn -0.0000 0.0553 -0.9985
vn -0.0577 0.0483 -0.9972
vn -0.0000 -0.0670 0.9978
vn -0.0900 -0.0636 0.9939
vn 0.0595 0.9967 0.0544
vn -0.0000 0.0720 0.9974
vn -0.0807 -0.0000 0.9967
vn -0.9966 -0.0621 0.0543
vn -0.0577 0.0484 -0.9972
vn -0.0648 -0.0000 -0.9979
vn -0.9964 0.0647 -0.0542
vn 0.9984 -0.0000 -0.0563
vn 0.0632 -0.0000 -0.9980
vn 0.0632 -0.0000 0.9980
vn 0.9984 -0.0000 0.0563
vn 0.1800 -0.0659 -0.9815
vn 0.1152 -0.1141 -0.9868
vn 0.7094 -0.7026 -0.0549
vn 0.9387 -0.3399 -0.0573
vn 0.0689 -0.1670 -0.9835
vn 0.0979 -0.2079 -0.9732
vn 0.2717 -0.9607 -0.0563
vn 0.3784 -0.9239 -0.0571
vn 0.0689 -0.1670 0.9835
vn 0.3784 -0.9239 0.0571
vn 0.0979 -0.2079 0.9733
vn 0.9653 -0.2572 0.0457
vn 0.9653 -0.2572 -0.0457
vn 0.2623 -0.9639 -0.0458
vn 0.9725 -0.2260 -0.0566
vn 0.9725 -0.2260 0.0567
vn 0.1800 -0.0659 0.9815
vn 0.2250 -0.0927 0.9699
vn 0.9725 -0.2260 0.0566
vn 0.9387 -0.3400 0.0573
vn 0.2251 -0.0927 0.9699
vn 0.9387 -0.3400 -0.0573
vn 0.1153 -0.1140 0.9868
vn 0.1800 -0.0658 0.9815
vn 0.9387 -0.3399 0.0574
vn 0.7095 -0.7026 0.0549
vn 0.0689 -0.1670 0.9836
vn 0.1152 -0.1141 0.9868
vn 0.3783 -0.9239 0.0571
vn 0.0689 -0.1670 -0.9836
vn 0.3783 -0.9239 -0.0571
vn -0.0578 0.0484 0.9972
vn -0.0649 -0.0000 0.9979
vn -0.0649 -0.0000 -0.9979
vn -0.0578 0.0484 -0.9972
vn 0.1800 -0.0658 -0.9815
vn 0.2621 -0.9639 -0.0459
vn 0.2621 -0.9639 0.0458
vn 0.0979 -0.2078 -0.9733
vn 0.0689 -0.1669 -0.9836
vn 0.7094 -0.7027 0.0549
vn 0.9387 -0.3400 0.0574
vn 0.9387 -0.3400 -0.0574
vn 0.7095 -0.7026 -0.0549
vn 0.0689 -0.1669 0.9836
vn 0.0979 -0.2078 0.9733
vn 0.9387 -0.3399 -0.0574
vn 0.0622 -0.9966 0.0543
vn 0.9948 -0.0867 0.0535
vn 0.0636 -0.0900 0.9939
vn -0.0484 -0.0577 0.9972
vn -0.9956 -0.0766 0.0539
vn -0.0646 -0.9964 0.0543
vn 0.9948 -0.0867 -0.0535
vn 0.0622 -0.9966 -0.0543
vn 0.0636 -0.0900 -0.9939
vn -0.0647 -0.9964 -0.0542
vn -0.9956 -0.0766 -0.0539
vn -0.0483 -0.0578 -0.9972
vn -0.0841 0.9950 0.0536
vn -0.9967 0.0596 0.0544
vn -0.0862 0.0602 0.9945
vn -0.0861 0.0602 -0.9945
vn -0.9967 0.0595 -0.0544
vn -0.0840 0.9950 -0.0537
vn 0.9607 0.2718 0.0563
vn 0.2572 0.9653 0.0457
vn 0.2079 0.0978 0.9733
vn 0.2079 0.0978 -0.9733
vn 0.2572 0.9653 -0.0457
vn 0.9607 0.2718 -0.0563
vn 0.9639 0.2622 0.0458
vn 0.2261 0.9725 0.0566
vn 0.0926 0.2250 0.9699
vn 0.0926 0.2250 -0.9699
vn 0.2261 0.9725 -0.0566
vn 0.9639 0.2622 -0.0458
vn 0.9948 -0.0867 -0.0536
vn 0.9948 -0.0867 0.0536
vn 0.0621 -0.9966 0.0544
vn 0.0621 -0.9966 -0.0544
vn -0.0000 -0.0648 0.9979
vn -0.0647 -0.9964 0.0542
vn -0.9956 -0.0766 0.0538
vn -0.0646 -0.9964 -0.0542
vn -0.0000 -0.0807 -0.9967
vn 0.0621 -0.9966 -0.0543
vn 0.0670 -0.0000 -0.9978
vn -0.9967 0.0596 -0.0544
vn -0.0720 -0.0003 -0.9974
vn -0.0841 0.9950 -0.0536
vn -0.0483 -0.0577 0.9972
vn -0.0553 -0.0000 0.9985
vn -0.0553 -0.0000 -0.9985
vn -0.0483 -0.0577 -0.9972
vn -0.0720 -0.0000 -0.9974
vn 0.0670 -0.0000 0.9978
vn -0.9967 0.0595 0.0544
vn -0.0720 -0.0000 0.9974
vn -0.0000 -0.0807 0.9967
vn 0.0621 -0.9966 0.0543
vn -0.0484 -0.0577 -0.9972
vn -0.0000 -0.0648 -0.9979
vn -0.0000 0.0632 -0.9980
vn -0.0862 0.0602 -0.9945
vn -0.0000 0.0632 0.9980
vn 0.0659 0.1800 -0.9815
vn 0.1141 0.1152 -0.9868
vn 0.7026 0.7094 -0.0549
vn 0.3399 0.9387 -0.0573
vn 0.1670 0.0689 -0.9835
vn 0.2079 0.0979 -0.9733
vn 0.9239 0.3784 -0.0571
vn 0.1670 0.0689 0.9835
vn 0.9239 0.3784 0.0571
vn 0.0927 0.2250 -0.9699
vn 0.2260 0.9725 -0.0566
vn 0.2260 0.9725 0.0567
vn 0.0658 0.1800 0.9815
vn 0.0927 0.2250 0.9699
vn 0.2260 0.9725 0.0566
vn 0.3400 0.9387 0.0573
vn 0.0927 0.2251 0.9699
vn 0.3400 0.9387 -0.0573
vn 0.2078 0.0978 -0.9733
vn 0.2572 0.9653 -0.0456
vn 0.1140 0.1152 0.9868
vn 0.3399 0.9387 0.0573
vn 0.7026 0.7095 0.0549
vn 0.1670 0.0689 0.9836
vn 0.1141 0.1152 0.9868
vn 0.9239 0.3783 0.0571
vn 0.1670 0.0689 -0.9836
vn 0.9239 0.3783 -0.0571
vn -0.0000 -0.9984 -0.0562
vn -0.0484 -0.0578 0.9972
vn -0.0000 -0.0649 0.9979
vn -0.0646 -0.9964 -0.0543
vn -0.0000 -0.0649 -0.9979
vn -0.0484 -0.0578 -0.9972
vn -0.0841 0.9950 0.0537
vn 0.0658 0.1800 -0.9815
vn 0.9639 0.2621 -0.0459
vn 0.9639 0.2621 0.0458
vn 0.2078 0.0979 -0.9733
vn 0.1669 0.0689 -0.9836
vn 0.7027 0.7094 0.0549
vn 0.3400 0.9387 0.0574
vn 0.3400 0.9387 -0.0574
vn 0.7026 0.7095 -0.0549
vn 0.1669 0.0689 0.9836
vn 0.2078 0.0979 0.9733
vn 0.3399 0.9387 -0.0574
vn 0.3399 0.9387 0.0574
vn 0.0766 -0.9956 -0.0538
vn -0.0602 -0.0861 -0.9945
vn -0.0978 0.2079 -0.9733
vn -0.0003 0.0670 -0.9978
vn 0.9984 -0.0000 0.0562
vn 0.9984 -0.0000 -0.0562
vn 0.9967 -0.0595 -0.0544
vn -0.2079 -0.0978 -0.9732
vn -0.1140 -0.1152 0.9868
vn 0.9950 0.0841 -0.0537
vn 0.0978 -0.2078 0.9733
vn 0.2250 -0.0926 -0.9699
vn 0.0979 -0.2079 -0.9733
vn 0.1152 -0.1140 0.9868
vn 0.0636 -0.0899 0.9939
vn -0.0840 0.9950 0.0537
vn 0.0670 0.0003 -0.9978
vn -0.0720 0.0002 -0.9974
vn -0.9984 -0.0003 -0.0561
vn 0.2079 0.0979 -0.9732
vn 0.9607 0.2717 -0.0563
vn 0.1140 0.1153 0.9868
vn 0.0899 0.0636 -0.9939
vn -0.0636 0.0899 0.9939
vn 0.0840 -0.9950 -0.0537
vn -0.0926 -0.2250 0.9699
vn -0.0926 -0.2250 -0.9699
vn -0.0621 0.9966 0.0544
vn -0.0621 0.9966 -0.0544
vn -0.0670 -0.0003 -0.9978
vn 0.0720 0.0003 -0.9974
vn 0.9984 -0.0003 -0.0561
vn 0.0553 0.0003 -0.9985
vn 0.0002 -0.0632 0.9980
vn -0.2260 -0.9725 0.0567
vn 0.0632 -0.0003 0.9980
vn 0.9984 0.0003 0.0563
vn 0.2571 0.9653 0.0457
vn 0.9948 -0.0866 -0.0536
vn 0.9948 -0.0866 0.0536
vn -0.9984 -0.0002 -0.0561
vn -0.0553 0.0002 -0.9985
vn 0.2078 0.0978 0.9733
vn 0.9639 0.2623 -0.0458
vn 0.2571 0.9653 -0.0457
vn 0.9984 -0.0004 -0.0561
vn -0.0899 -0.0636 -0.9939
vn 0.2079 0.0978 -0.9732
vn -0.0720 0.0003 -0.9974
vn 0.0578 -0.0483 0.9972
vn -0.0596 -0.9967 -0.0543
vn -0.0002 0.9984 -0.0561
vn -0.9239 -0.3784 -0.0570
vn -0.9239 -0.3784 0.0570
vn 0.0003 -0.9984 0.0563
vn -0.7027 -0.7094 -0.0549
vn -0.9984 0.0003 -0.0561
vn 0.9725 -0.2261 0.0567
vn 0.2621 -0.9639 -0.0458
vn 0.0637 -0.0900 0.9939
vn 0.2261 0.9725 0.0567
vn -0.0646 -0.9964 0.0542
vn 0.0648 0.0002 0.9979
vn -0.0003 0.0807 -0.9967
vn 0.0978 -0.2079 -0.9732
vt 0.738822 0.030359
vt 0.740305 0.027790
vt 0.741788 0.030359
vt 0.740305 0.558925
vt 0.738822 0.556357
vt 0.741788 0.556357
vt 0.738822 0.518214
vt 0.740305 0.515646
vt 0.741788 0.518214
vt 0.738822 0.068502
vt 0.741788 0.068502
vt 0.740305 0.071070
vt 0.398162 0.071070
vt 0.396679 0.068502
vt 0.399645 0.068502
vt 0.399644 0.518214
vt 0.396679 0.518214
vt 0.398162 0.515646
vt 0.399644 0.556357
vt 0.398162 0.558925
vt 0.396679 0.556357
vt 0.399645 0.030359
vt 0.396679 0.030359
vt 0.398162 0.027790
vt 0.782896 0.071467
vt 0.782896 0.515248
vt 0.779931 0.515248
vt 0.779931 0.071467
vt 0.738822 0.515248
vt 0.738822 0.071467
vt 0.741788 0.071467
vt 0.741788 0.515248
vt 0.399645 0.071467
vt 0.399644 0.515248
vt 0.396679 0.515248
vt 0.396679 0.071467
vt 0.355570 0.515248
vt 0.355570 0.071467
vt 0.358536 0.071467
vt 0.358536 0.515248
vt 0.399645 0.027393
vt 0.738822 0.027393
vt 0.738822 0.559323
vt 0.399644 0.559323
vt 0.951302 0.019665
vt 0.951216 0.010327
vt 0.954002 0.008631
vt 0.953797 0.016792
vt 0.950350 0.001525
vt 0.953184 0.000792
vt 0.814588 0.001233
vt 0.813572 0.010369
vt 0.810740 0.008601
vt 0.811644 0.000451
vt 0.813395 0.019662
vt 0.810941 0.016821
vt 0.813426 0.375296
vt 0.813519 0.384619
vt 0.810740 0.386316
vt 0.810935 0.378165
vt 0.814400 0.393406
vt 0.811571 0.394143
vt 0.914483 0.290805
vt 0.913453 0.300003
vt 0.910599 0.298223
vt 0.911518 0.290013
vt 0.913296 0.309385
vt 0.910805 0.306515
vt 0.851389 0.019553
vt 0.851295 0.010230
vt 0.854075 0.008532
vt 0.853880 0.016683
vt 0.850415 0.001443
vt 0.853244 0.000705
vt 0.914466 0.001239
vt 0.913433 0.010388
vt 0.910599 0.008613
vt 0.911518 0.000451
vt 0.913244 0.019693
vt 0.910789 0.016847
vt 0.951491 0.309298
vt 0.951407 0.299926
vt 0.954205 0.298223
vt 0.953995 0.306419
vt 0.950537 0.291085
vt 0.953384 0.290348
vt 0.850227 0.393616
vt 0.851243 0.384480
vt 0.854075 0.386247
vt 0.853171 0.394398
vt 0.851420 0.375187
vt 0.853874 0.378027
vt 0.895625 0.019553
vt 0.895531 0.010230
vt 0.898311 0.008532
vt 0.898116 0.016683
vt 0.894651 0.001443
vt 0.897480 0.000705
vt 0.950135 0.288323
vt 0.951168 0.279175
vt 0.954002 0.280950
vt 0.953082 0.289112
vt 0.951356 0.269870
vt 0.953812 0.272716
vt 0.913249 0.559565
vt 0.913365 0.568829
vt 0.910599 0.570519
vt 0.910790 0.562414
vt 0.914234 0.577583
vt 0.911416 0.578314
vt 0.894463 0.393615
vt 0.895478 0.384479
vt 0.898311 0.386247
vt 0.897407 0.394398
vt 0.895656 0.375186
vt 0.898110 0.378027
vt 0.913299 0.269898
vt 0.913384 0.279236
vt 0.910599 0.280932
vt 0.910804 0.272771
vt 0.914251 0.288038
vt 0.911417 0.288771
vt 0.858824 0.001233
vt 0.857808 0.010369
vt 0.854976 0.008601
vt 0.855880 0.000451
vt 0.857630 0.019662
vt 0.855177 0.016821
vt 0.857662 0.375295
vt 0.857755 0.384619
vt 0.854976 0.386316
vt 0.855171 0.378165
vt 0.858635 0.393406
vt 0.855806 0.394143
vt 0.949952 0.577876
vt 0.950984 0.568767
vt 0.953805 0.570535
vt 0.952887 0.578662
vt 0.951172 0.559493
vt 0.953620 0.562334
vt 0.403940 0.023097
vt 0.442530 0.007113
vt 0.695937 0.007113
vt 0.734526 0.023097
vt 0.787192 0.075763
vt 0.803177 0.114353
vt 0.803177 0.472363
vt 0.787192 0.510952
vt 0.734526 0.563618
vt 0.695937 0.579603
vt 0.442530 0.579603
vt 0.403940 0.563618
vt 0.403940 0.510952
vt 0.442530 0.494968
vt 0.695937 0.494968
vt 0.734526 0.510952
vt 0.718542 0.472363
vt 0.718542 0.114353
vt 0.734526 0.075763
vt 0.695937 0.091748
vt 0.442530 0.091748
vt 0.403940 0.075763
vt 0.419925 0.114353
vt 0.419925 0.472363
vt 0.351274 0.510952
vt 0.335290 0.472363
vt 0.335290 0.114353
vt 0.351274 0.075763
vt 0.704547 0.005368
vt 0.804921 0.105742
vt 0.711880 0.000451
vt 0.809839 0.098410
vt 0.804921 0.480973
vt 0.704547 0.581347
vt 0.809839 0.488306
vt 0.711880 0.586265
vt 0.716797 0.105742
vt 0.704547 0.093492
vt 0.711880 0.098410
vt 0.704547 0.493224
vt 0.716797 0.480973
vt 0.711880 0.488306
vt 0.333546 0.105742
vt 0.433920 0.005368
vt 0.328628 0.098410
vt 0.426587 0.000451
vt 0.433919 0.581347
vt 0.333545 0.480973
vt 0.426587 0.586265
vt 0.328628 0.488306
vt 0.433920 0.093492
vt 0.421669 0.105742
vt 0.426587 0.098410
vt 0.421669 0.480973
vt 0.433919 0.493224
vt 0.426587 0.488306
vt 0.830448 0.579415
vt 0.830009 0.579882
vt 0.829866 0.579316
vt 0.829911 0.560606
vt 0.830045 0.560017
vt 0.830499 0.560496
vt 0.260357 0.918594
vt 0.259929 0.918136
vt 0.260494 0.918035
vt 0.259859 0.899411
vt 0.260312 0.898933
vt 0.260452 0.899514
vt 0.811408 0.559773
vt 0.811882 0.559359
vt 0.811965 0.559929
vt 0.278582 0.898830
vt 0.278660 0.898244
vt 0.279145 0.898666
vt 0.811129 0.565709
vt 0.810740 0.565114
vt 0.811337 0.565124
vt 0.279186 0.904133
vt 0.279812 0.904130
vt 0.279395 0.904742
vt 0.824682 0.580329
vt 0.824104 0.579884
vt 0.824721 0.579706
vt 0.265528 0.918463
vt 0.266120 0.918642
vt 0.265557 0.919057
vt 0.810740 0.538606
vt 0.818052 0.538606
vt 0.818052 0.539222
vt 0.810740 0.539222
vt 0.830039 0.566436
vt 0.830675 0.566426
vt 0.818052 0.486706
vt 0.810740 0.486706
vt 0.810740 0.486090
vt 0.818052 0.486090
vt 0.260326 0.912169
vt 0.259705 0.912179
vt 0.264496 0.919044
vt 0.264520 0.918457
vt 0.272221 0.898244
vt 0.272234 0.898852
vt 0.810740 0.505316
vt 0.818052 0.505316
vt 0.818052 0.505932
vt 0.810740 0.505932
vt 0.825056 0.559621
vt 0.825020 0.560232
vt 0.265246 0.898521
vt 0.265285 0.899156
vt 0.825799 0.580339
vt 0.825778 0.579707
vt 0.818135 0.559341
vt 0.818122 0.559963
vt 0.830066 0.573266
vt 0.830675 0.573275
vt 0.260316 0.905406
vt 0.259705 0.905399
vt 0.279777 0.903010
vt 0.279144 0.903056
vt 0.811382 0.564097
vt 0.810794 0.564051
vt 0.266584 0.913985
vt 0.269629 0.908982
vt 0.270085 0.909419
vt 0.267229 0.914061
vt 0.274786 0.905501
vt 0.274889 0.906158
vt 0.815604 0.566495
vt 0.815494 0.567139
vt 0.810740 0.511572
vt 0.818052 0.511572
vt 0.818052 0.512245
vt 0.810740 0.512245
vt 0.810740 0.532458
vt 0.818052 0.532458
vt 0.818052 0.533118
vt 0.810740 0.533118
vt 0.823687 0.575088
vt 0.823029 0.575156
vt 0.820674 0.570002
vt 0.820211 0.570433
vt 0.818052 0.545585
vt 0.810740 0.545585
vt 0.810740 0.534171
vt 0.818052 0.534171
vt 0.825137 0.574436
vt 0.822868 0.568739
vt 0.818052 0.552335
vt 0.818052 0.558440
vt 0.810740 0.558440
vt 0.810740 0.552335
vt 0.810740 0.491782
vt 0.818052 0.491782
vt 0.265168 0.913330
vt 0.267451 0.907697
vt 0.810740 0.498659
vt 0.818052 0.498659
vt 0.816770 0.565064
vt 0.810740 0.510519
vt 0.818052 0.510519
vt 0.273614 0.904033
vt 0.810740 0.516855
vt 0.818052 0.516855
vt 0.818052 0.522427
vt 0.810740 0.522427
vt 0.818052 0.527711
vt 0.810740 0.527711
vt 0.874898 0.469292
vt 0.874154 0.470033
vt 0.874154 0.468550
vt 0.863597 0.470033
vt 0.862853 0.469292
vt 0.863597 0.468550
vt 0.290370 0.891038
vt 0.290371 0.889988
vt 0.291420 0.891037
vt 0.281764 0.891037
vt 0.280714 0.891036
vt 0.281763 0.889987
vt 0.886459 0.480085
vt 0.887509 0.480086
vt 0.886460 0.481135
vt 0.849294 0.469292
vt 0.850038 0.468550
vt 0.850038 0.470033
vt 0.860595 0.470033
vt 0.860595 0.468550
vt 0.861339 0.469292
vt 0.903912 0.584362
vt 0.904962 0.584363
vt 0.903913 0.585412
vt 0.895307 0.584363
vt 0.895306 0.585414
vt 0.894257 0.584364
vt 0.291067 0.877551
vt 0.291068 0.876500
vt 0.292117 0.877550
vt 0.848087 0.481196
vt 0.847435 0.482439
vt 0.846942 0.480846
vt 0.836648 0.480295
vt 0.836135 0.481940
vt 0.835557 0.480640
vt 0.763673 0.877376
vt 0.762556 0.879542
vt 0.763657 0.877268
vt 0.903912 0.570876
vt 0.904963 0.570877
vt 0.903913 0.571926
vt 0.895307 0.570877
vt 0.895306 0.571927
vt 0.894257 0.570878
vt 0.877156 0.480086
vt 0.877155 0.481136
vt 0.876106 0.480087
vt 0.834656 0.470349
vt 0.833565 0.470694
vt 0.834079 0.469049
vt 0.823272 0.470142
vt 0.822127 0.469793
vt 0.822779 0.468550
vt 0.228152 0.877644
vt 0.228153 0.876593
vt 0.229202 0.877643
vt 0.219546 0.877642
vt 0.218496 0.877641
vt 0.219545 0.876592
vt 0.281764 0.877549
vt 0.280714 0.877548
vt 0.281763 0.876499
vt 0.874898 0.481260
vt 0.874154 0.482001
vt 0.874154 0.480518
vt 0.863597 0.480518
vt 0.863597 0.482001
vt 0.862853 0.481260
vt 0.290370 0.901522
vt 0.291420 0.901523
vt 0.290370 0.902573
vt 0.281764 0.901521
vt 0.281763 0.902571
vt 0.280714 0.901522
vt 0.886459 0.469600
vt 0.886460 0.468550
vt 0.887509 0.469599
vt 0.849294 0.481260
vt 0.850038 0.480518
vt 0.850038 0.482001
vt 0.860595 0.480518
vt 0.861339 0.481260
vt 0.860595 0.482001
vt 0.903913 0.573878
vt 0.903914 0.572828
vt 0.904963 0.573877
vt 0.895307 0.573879
vt 0.894257 0.573878
vt 0.895306 0.572828
vt 0.291067 0.888035
vt 0.292117 0.888036
vt 0.291068 0.889085
vt 0.848087 0.470349
vt 0.846996 0.470694
vt 0.847509 0.469049
vt 0.836702 0.470142
vt 0.835557 0.469793
vt 0.836209 0.468550
vt 0.535352 0.880964
vt 0.535357 0.880883
vt 0.536449 0.882644
vt 0.903913 0.560391
vt 0.903913 0.559341
vt 0.904963 0.560390
vt 0.895307 0.560392
vt 0.894257 0.560391
vt 0.895306 0.559342
vt 0.877156 0.469602
vt 0.876106 0.469601
vt 0.877155 0.468551
vt 0.834656 0.481196
vt 0.834004 0.482438
vt 0.833511 0.480846
vt 0.823218 0.480295
vt 0.822704 0.481940
vt 0.822127 0.480640
vt 0.228152 0.888128
vt 0.229202 0.888129
vt 0.228153 0.889178
vt 0.219546 0.888127
vt 0.219545 0.889177
vt 0.218496 0.888128
vt 0.281764 0.888034
vt 0.281763 0.889084
vt 0.280714 0.888035
vt 0.756383 0.671388
vt 0.759490 0.587166
vt 0.760425 0.587201
vt 0.757247 0.672902
vt 0.752013 0.772098
vt 0.755866 0.682687
vt 0.756846 0.681259
vt 0.752967 0.773706
vt 0.769529 0.587433
vt 0.768246 0.671424
vt 0.767283 0.672984
vt 0.768596 0.587419
vt 0.662040 0.677760
vt 0.662116 0.676319
vt 0.662527 0.667537
vt 0.662468 0.668979
vt 0.766910 0.681249
vt 0.860553 0.682663
vt 0.859507 0.684380
vt 0.767952 0.682817
vt 0.434667 0.675342
vt 0.527336 0.671760
vt 0.528304 0.673190
vt 0.433816 0.676968
vt 0.764173 0.772523
vt 0.763115 0.774244
vt 0.648153 0.771502
vt 0.648144 0.773054
vt 0.856150 0.786995
vt 0.764220 0.784897
vt 0.763198 0.783364
vt 0.857234 0.785200
vt 0.870615 0.674902
vt 0.871607 0.590678
vt 0.872526 0.590689
vt 0.871546 0.673420
vt 0.867430 0.775888
vt 0.870544 0.683338
vt 0.871498 0.684886
vt 0.868404 0.774405
vt 0.863577 0.590510
vt 0.860669 0.674427
vt 0.859819 0.672967
vt 0.862661 0.590478
vt 0.967577 0.683925
vt 0.967569 0.685401
vt 0.967638 0.676405
vt 0.967661 0.674929
vt 0.857426 0.776081
vt 0.856367 0.774498
vt 0.966531 0.777269
vt 0.966552 0.775803
vt 0.752487 0.887940
vt 0.754530 0.975301
vt 0.753576 0.975324
vt 0.751582 0.889476
vt 0.752968 0.783120
vt 0.752245 0.879273
vt 0.751302 0.877768
vt 0.751906 0.784722
vt 0.762865 0.975189
vt 0.762832 0.888093
vt 0.763771 0.889587
vt 0.763816 0.975189
vt 0.654211 0.881821
vt 0.654172 0.880329
vt 0.654378 0.889426
vt 0.654400 0.890918
vt 0.860215 0.875503
vt 0.861208 0.876980
vt 0.443332 0.888845
vt 0.536283 0.890938
vt 0.535339 0.892493
vt 0.444214 0.890306
vt 0.648061 0.781587
vt 0.648038 0.783139
vt 0.439772 0.776563
vt 0.532249 0.774992
vt 0.533533 0.776811
vt 0.438921 0.778036
vt 0.872520 0.886233
vt 0.875153 0.972533
vt 0.874195 0.972562
vt 0.871535 0.884768
vt 0.868296 0.786476
vt 0.872117 0.874751
vt 0.871267 0.876262
vt 0.867231 0.784942
vt 0.864870 0.972954
vt 0.860461 0.887131
vt 0.861345 0.885460
vt 0.865823 0.972905
vt 0.967338 0.872285
vt 0.967376 0.873748
vt 0.967661 0.882657
vt 0.967606 0.881196
vt 0.966454 0.786781
vt 0.966458 0.785315
vt 0.538467 0.672902
vt 0.533405 0.587222
vt 0.534340 0.587166
vt 0.539306 0.671322
vt 0.543764 0.776187
vt 0.539062 0.681484
vt 0.540167 0.682984
vt 0.544639 0.774619
vt 0.525235 0.587629
vt 0.524301 0.587663
vt 0.637813 0.674434
vt 0.637922 0.675936
vt 0.637282 0.666783
vt 0.637189 0.665279
vt 0.527891 0.683376
vt 0.435277 0.686769
vt 0.434087 0.685253
vt 0.528812 0.681584
vt 0.646883 0.774177
vt 0.646854 0.772650
vt 0.439353 0.787077
vt 0.533521 0.785984
vt 0.532469 0.787787
vt 0.440533 0.788617
vt 0.422796 0.676262
vt 0.419569 0.591567
vt 0.420510 0.591532
vt 0.423776 0.677704
vt 0.427753 0.776689
vt 0.423236 0.687607
vt 0.424078 0.686100
vt 0.428836 0.778171
vt 0.429661 0.591079
vt 0.428725 0.591134
vt 0.329005 0.690601
vt 0.328959 0.689153
vt 0.328628 0.680336
vt 0.328690 0.681782
vt 0.328628 0.782987
vt 0.328722 0.784468
vt 0.547462 0.892256
vt 0.546090 0.978284
vt 0.545134 0.978269
vt 0.546545 0.890739
vt 0.544942 0.787153
vt 0.547595 0.880660
vt 0.546683 0.882172
vt 0.543847 0.785585
vt 0.535828 0.978225
vt 0.536780 0.978219
vt 0.644143 0.881890
vt 0.644124 0.883373
vt 0.644056 0.892418
vt 0.644059 0.890934
vt 0.443281 0.880558
vt 0.444203 0.878868
vt 0.647136 0.784099
vt 0.647091 0.782572
vt 0.988365 0.466925
vt 0.988366 0.553948
vt 0.977880 0.553948
vt 0.977880 0.466925
vt 0.433411 0.888709
vt 0.434562 0.972500
vt 0.433648 0.972513
vt 0.432523 0.890226
vt 0.429384 0.787320
vt 0.433156 0.880299
vt 0.432085 0.878799
vt 0.428516 0.788880
vt 0.442542 0.972465
vt 0.443454 0.972473
vt 0.336418 0.884047
vt 0.336360 0.882576
vt 0.336693 0.891532
vt 0.336736 0.893003
vt 0.329213 0.792606
vt 0.329291 0.794089
vt 0.875204 0.470033
vt 0.875204 0.480518
vt 0.862547 0.480518
vt 0.862547 0.470033
vt 0.848988 0.480518
vt 0.848988 0.470033
vt 0.861645 0.470033
vt 0.861645 0.480518
vt 0.899212 0.090294
vt 0.909697 0.090294
vt 0.909697 0.090340
vt 0.899212 0.090340
vt 0.990435 0.587166
vt 0.990435 0.681708
vt 0.979949 0.681708
vt 0.979949 0.587166
vt 0.968563 0.681708
vt 0.968563 0.587166
vt 0.979048 0.587166
vt 0.979048 0.681708
vt 0.955107 0.479156
vt 0.955107 0.389267
vt 0.965592 0.389267
vt 0.965592 0.479156
vt 0.955107 0.575688
vt 0.965592 0.575688
vt 0.990435 0.778239
vt 0.979949 0.778239
vt 0.968563 0.768730
vt 0.979048 0.768730
vt 0.988366 0.290013
vt 0.988365 0.377036
vt 0.977880 0.377036
vt 0.977880 0.290013
vt 0.810740 0.485188
vt 0.810740 0.395299
vt 0.821225 0.395299
vt 0.821225 0.485188
vt 0.899212 0.354274
vt 0.899212 0.267252
vt 0.909697 0.267252
vt 0.909697 0.354274
vt 0.955107 0.290014
vt 0.965592 0.290014
vt 0.909697 0.451707
vt 0.909697 0.546248
vt 0.899212 0.546248
vt 0.899212 0.451707
vt 0.968563 0.863271
vt 0.979048 0.863271
vt 0.965389 0.099704
vt 0.965389 0.189594
vt 0.954904 0.189594
vt 0.954904 0.099704
vt 0.965389 0.286125
vt 0.954904 0.286125
vt 0.909697 0.355175
vt 0.899212 0.355175
vt 0.965389 0.000451
vt 0.954904 0.000451
vt 0.979950 0.873681
vt 0.979949 0.779140
vt 0.990435 0.779140
vt 0.990435 0.873681
vt 0.977677 0.276555
vt 0.977677 0.182014
vt 0.988163 0.182014
vt 0.988163 0.276555
vt 0.976979 0.389267
vt 0.976979 0.479156
vt 0.966493 0.479156
vt 0.966493 0.389267
vt 0.976979 0.575688
vt 0.966493 0.575688
vt 0.979950 0.970213
vt 0.990435 0.970213
vt 0.977677 0.094992
vt 0.988163 0.094992
vt 0.899212 0.177362
vt 0.909697 0.177362
vt 0.899212 0.000451
vt 0.909697 0.000451
vt 0.976979 0.290013
vt 0.966493 0.290013
vt 0.989064 0.191523
vt 0.989064 0.096982
vt 0.999549 0.096982
vt 0.999549 0.191523
vt 0.977677 0.000451
vt 0.988163 0.000451
vt 0.976776 0.096982
vt 0.976776 0.186871
vt 0.966290 0.186871
vt 0.966290 0.096982
vt 0.976776 0.000451
vt 0.966290 0.000451
vt 0.989064 0.000451
vt 0.999549 0.000451
vt 0.976776 0.286125
vt 0.966290 0.286125
vt 0.176415 0.855617
vt 0.176854 0.855149
vt 0.176997 0.855716
vt 0.176952 0.874426
vt 0.176819 0.875014
vt 0.176364 0.874536
vt 0.239345 0.896878
vt 0.238913 0.896415
vt 0.239483 0.896313
vt 0.238993 0.877636
vt 0.239439 0.877173
vt 0.239570 0.877745
vt 0.195455 0.875259
vt 0.194981 0.875673
vt 0.194898 0.875102
vt 0.257617 0.877091
vt 0.257702 0.876499
vt 0.258192 0.876932
vt 0.195734 0.869323
vt 0.196123 0.869918
vt 0.195526 0.869908
vt 0.258195 0.882410
vt 0.258804 0.882409
vt 0.258398 0.883009
vt 0.182181 0.854703
vt 0.182759 0.855148
vt 0.182142 0.855326
vt 0.244558 0.896744
vt 0.245154 0.896924
vt 0.244588 0.897342
vt 0.859119 0.505924
vt 0.851807 0.505924
vt 0.851807 0.505307
vt 0.859119 0.505307
vt 0.176824 0.868596
vt 0.176188 0.868605
vt 0.851807 0.557823
vt 0.859119 0.557823
vt 0.859119 0.558440
vt 0.851807 0.558440
vt 0.239325 0.890397
vt 0.238696 0.890405
vt 0.243518 0.897330
vt 0.243542 0.896738
vt 0.251263 0.876499
vt 0.251277 0.877107
vt 0.859119 0.539213
vt 0.851807 0.539213
vt 0.851807 0.538597
vt 0.859119 0.538597
vt 0.181807 0.875411
vt 0.181843 0.874799
vt 0.244319 0.876782
vt 0.244356 0.877412
vt 0.181064 0.854693
vt 0.181085 0.855325
vt 0.188728 0.875691
vt 0.188741 0.875068
vt 0.176797 0.861766
vt 0.176188 0.861756
vt 0.239390 0.883526
vt 0.238754 0.883510
vt 0.258765 0.881322
vt 0.258163 0.881361
vt 0.195481 0.870935
vt 0.196069 0.870981
vt 0.245621 0.892233
vt 0.248679 0.887209
vt 0.249136 0.887647
vt 0.246269 0.892309
vt 0.253829 0.883746
vt 0.253931 0.884399
vt 0.191259 0.868536
vt 0.191369 0.867893
vt 0.859119 0.532958
vt 0.851807 0.532958
vt 0.851807 0.532284
vt 0.859119 0.532284
vt 0.859119 0.512071
vt 0.851807 0.512071
vt 0.851807 0.511411
vt 0.859119 0.511411
vt 0.183176 0.859944
vt 0.183834 0.859876
vt 0.186189 0.865030
vt 0.186652 0.864599
vt 0.851807 0.498944
vt 0.859119 0.498944
vt 0.859119 0.510358
vt 0.851807 0.510358
vt 0.181726 0.860595
vt 0.183995 0.866293
vt 0.851807 0.492194
vt 0.851807 0.486090
vt 0.859119 0.486090
vt 0.859119 0.492194
vt 0.859119 0.552747
vt 0.851807 0.552747
vt 0.244197 0.891574
vt 0.246501 0.885919
vt 0.859119 0.545870
vt 0.851807 0.545870
vt 0.190093 0.869968
vt 0.859119 0.534010
vt 0.851807 0.534010
vt 0.252664 0.882281
vt 0.859119 0.527674
vt 0.851807 0.527674
vt 0.851807 0.522102
vt 0.859119 0.522102
vt 0.851807 0.516818
vt 0.859119 0.516818
vt 0.301532 0.855651
vt 0.301963 0.855184
vt 0.302110 0.855745
vt 0.302099 0.874408
vt 0.301962 0.875008
vt 0.301494 0.874518
vt 0.320805 0.898698
vt 0.321234 0.899156
vt 0.320669 0.899257
vt 0.321303 0.917881
vt 0.320850 0.918359
vt 0.320710 0.917778
vt 0.320682 0.875106
vt 0.320217 0.875515
vt 0.320135 0.874949
vt 0.302581 0.918462
vt 0.302502 0.919049
vt 0.302018 0.918626
vt 0.320949 0.869169
vt 0.321354 0.869772
vt 0.320741 0.869766
vt 0.301976 0.913160
vt 0.301351 0.913162
vt 0.301768 0.912550
vt 0.307242 0.854693
vt 0.307820 0.855129
vt 0.307209 0.855311
vt 0.315635 0.898829
vt 0.315043 0.898650
vt 0.315605 0.898235
vt 0.829439 0.415749
vt 0.822127 0.415749
vt 0.822127 0.415133
vt 0.829439 0.415133
vt 0.301962 0.868466
vt 0.301351 0.868473
vt 0.822127 0.395299
vt 0.829439 0.395299
vt 0.829439 0.395915
vt 0.822127 0.395915
vt 0.320837 0.905123
vt 0.321457 0.905113
vt 0.316667 0.898248
vt 0.316643 0.898835
vt 0.308942 0.919049
vt 0.308928 0.918440
vt 0.829439 0.449038
vt 0.822127 0.449038
vt 0.822127 0.448422
vt 0.829439 0.448422
vt 0.307011 0.875378
vt 0.307043 0.874761
vt 0.315916 0.918771
vt 0.315877 0.918136
vt 0.306133 0.854693
vt 0.306160 0.855320
vt 0.313964 0.875589
vt 0.313971 0.874965
vt 0.301951 0.861745
vt 0.301351 0.861737
vt 0.320846 0.911887
vt 0.321457 0.911894
vt 0.301386 0.914282
vt 0.302018 0.914236
vt 0.320695 0.870821
vt 0.321313 0.870868
vt 0.314579 0.903307
vt 0.311534 0.908311
vt 0.311077 0.907873
vt 0.313934 0.903231
vt 0.306377 0.911791
vt 0.306273 0.911135
vt 0.316429 0.868402
vt 0.316534 0.867754
vt 0.829439 0.442783
vt 0.822127 0.442783
vt 0.822127 0.442110
vt 0.829439 0.442110
vt 0.829439 0.421897
vt 0.822127 0.421897
vt 0.822127 0.421236
vt 0.829439 0.421236
vt 0.308276 0.859887
vt 0.308930 0.859813
vt 0.311321 0.864924
vt 0.311779 0.864490
vt 0.822127 0.408770
vt 0.829439 0.408770
vt 0.829439 0.420184
vt 0.822127 0.420184
vt 0.306841 0.860547
vt 0.309138 0.866201
vt 0.822127 0.402019
vt 0.829439 0.402019
vt 0.829439 0.462572
vt 0.829439 0.467649
vt 0.822127 0.467649
vt 0.822127 0.462572
vt 0.315994 0.903962
vt 0.313712 0.909595
vt 0.829439 0.455696
vt 0.822127 0.455696
vt 0.315268 0.869847
vt 0.829439 0.443836
vt 0.822127 0.443836
vt 0.307549 0.913259
vt 0.829439 0.437499
vt 0.822127 0.437499
vt 0.822127 0.431928
vt 0.829439 0.431928
vt 0.822127 0.426643
vt 0.829439 0.426643
vt 0.216732 0.874767
vt 0.216294 0.875234
vt 0.216150 0.874668
vt 0.216196 0.855958
vt 0.216329 0.855369
vt 0.216784 0.855848
vt 0.153889 0.877032
vt 0.154324 0.877493
vt 0.153753 0.877598
vt 0.154299 0.896370
vt 0.153839 0.896843
vt 0.153712 0.896254
vt 0.197692 0.855125
vt 0.198167 0.854711
vt 0.198249 0.855281
vt 0.135706 0.896846
vt 0.135623 0.897433
vt 0.135136 0.897005
vt 0.197414 0.861061
vt 0.197024 0.860466
vt 0.197621 0.860476
vt 0.135122 0.891561
vt 0.134517 0.891563
vt 0.134919 0.890965
vt 0.210966 0.875681
vt 0.210388 0.875236
vt 0.211006 0.875058
vt 0.148665 0.877192
vt 0.148067 0.877014
vt 0.148632 0.876592
vt 0.868233 0.537989
vt 0.875545 0.537989
vt 0.875545 0.538606
vt 0.868233 0.538606
vt 0.216323 0.861787
vt 0.216959 0.861778
vt 0.875545 0.558439
vt 0.868233 0.558439
vt 0.868233 0.557823
vt 0.875545 0.557823
vt 0.153940 0.883527
vt 0.154570 0.883517
vt 0.149704 0.876599
vt 0.149683 0.877192
vt 0.142016 0.897433
vt 0.142003 0.896832
vt 0.868233 0.504700
vt 0.875545 0.504700
vt 0.875545 0.505316
vt 0.868233 0.505316
vt 0.211340 0.854973
vt 0.211304 0.855584
vt 0.148860 0.897186
vt 0.148828 0.896579
vt 0.212084 0.875691
vt 0.212063 0.875059
vt 0.204419 0.854693
vt 0.204407 0.855315
vt 0.216351 0.868618
vt 0.216959 0.868627
vt 0.153899 0.890422
vt 0.154539 0.890436
vt 0.134557 0.892644
vt 0.135156 0.892603
vt 0.197667 0.859449
vt 0.197078 0.859403
vt 0.147622 0.881716
vt 0.144582 0.886756
vt 0.144124 0.886321
vt 0.146972 0.881643
vt 0.139461 0.890222
vt 0.139358 0.889572
vt 0.201888 0.861847
vt 0.201778 0.862490
vt 0.868233 0.510955
vt 0.875545 0.510955
vt 0.875545 0.511629
vt 0.868233 0.511629
vt 0.868233 0.531842
vt 0.875545 0.531842
vt 0.875545 0.532502
vt 0.868233 0.532502
vt 0.209972 0.870440
vt 0.209314 0.870508
vt 0.206958 0.865354
vt 0.206495 0.865785
vt 0.875545 0.544969
vt 0.868233 0.544969
vt 0.868233 0.533555
vt 0.875545 0.533555
vt 0.211421 0.869788
vt 0.209152 0.864091
vt 0.875545 0.551719
vt 0.868233 0.551719
vt 0.868233 0.491166
vt 0.868233 0.486090
vt 0.875545 0.486090
vt 0.875545 0.491166
vt 0.149051 0.882369
vt 0.146761 0.888039
vt 0.868233 0.498043
vt 0.875545 0.498043
vt 0.203055 0.860416
vt 0.868233 0.509903
vt 0.875545 0.509903
vt 0.140624 0.891678
vt 0.868233 0.516239
vt 0.875545 0.516239
vt 0.875545 0.521811
vt 0.868233 0.521811
vt 0.875545 0.527095
vt 0.868233 0.527095
vt 0.175060 0.852868
vt 0.174622 0.853335
vt 0.174478 0.852768
vt 0.174524 0.834058
vt 0.174657 0.833470
vt 0.175112 0.833948
vt 0.156124 0.896943
vt 0.155695 0.896485
vt 0.156260 0.896384
vt 0.155626 0.877760
vt 0.156079 0.877282
vt 0.156219 0.877863
vt 0.156020 0.833226
vt 0.156495 0.832812
vt 0.156577 0.833382
vt 0.174348 0.877179
vt 0.174427 0.876592
vt 0.174911 0.877015
vt 0.155742 0.839161
vt 0.155352 0.838567
vt 0.155949 0.838577
vt 0.174953 0.882481
vt 0.175578 0.882479
vt 0.175161 0.883091
vt 0.169294 0.853782
vt 0.168716 0.853336
vt 0.169334 0.853158
vt 0.161294 0.896812
vt 0.161886 0.896991
vt 0.161324 0.897406
vt 0.000451 0.884693
vt 0.007763 0.884693
vt 0.007763 0.885309
vt 0.000451 0.885309
vt 0.174651 0.839888
vt 0.175287 0.839879
vt 0.007763 0.905143
vt 0.000451 0.905143
vt 0.000451 0.904527
vt 0.007763 0.904527
vt 0.156092 0.890518
vt 0.155472 0.890528
vt 0.160262 0.897393
vt 0.160286 0.896806
vt 0.167987 0.876592
vt 0.168001 0.877201
vt 0.000451 0.851404
vt 0.007763 0.851404
vt 0.007763 0.852020
vt 0.000451 0.852020
vt 0.169668 0.833073
vt 0.169632 0.833685
vt 0.161013 0.876870
vt 0.161052 0.877505
vt 0.170412 0.853791
vt 0.170391 0.853159
vt 0.162747 0.832793
vt 0.162735 0.833416
vt 0.174679 0.846718
vt 0.175287 0.846728
vt 0.156083 0.883754
vt 0.155472 0.883747
vt 0.175543 0.881359
vt 0.174911 0.881404
vt 0.155995 0.837549
vt 0.155406 0.837503
vt 0.162350 0.892334
vt 0.165395 0.887330
vt 0.165852 0.887767
vt 0.162995 0.892410
vt 0.170552 0.883849
vt 0.170655 0.884506
vt 0.160216 0.839948
vt 0.160106 0.840591
vt 0.000451 0.857659
vt 0.007763 0.857659
vt 0.007763 0.858332
vt 0.000451 0.858332
vt 0.000451 0.878546
vt 0.007763 0.878546
vt 0.007763 0.879206
vt 0.000451 0.879206
vt 0.168300 0.848540
vt 0.167642 0.848608
vt 0.165286 0.843455
vt 0.164824 0.843885
vt 0.007763 0.891673
vt 0.000451 0.891673
vt 0.000451 0.880259
vt 0.007763 0.880259
vt 0.169749 0.847889
vt 0.167480 0.842191
vt 0.007763 0.898423
vt 0.000451 0.898423
vt 0.000451 0.837870
vt 0.000451 0.832794
vt 0.007763 0.832794
vt 0.007763 0.837870
vt 0.160935 0.891679
vt 0.163217 0.886046
vt 0.000451 0.844747
vt 0.007763 0.844747
vt 0.161383 0.838516
vt 0.000451 0.856607
vt 0.007763 0.856607
vt 0.169380 0.882382
vt 0.000451 0.862943
vt 0.007763 0.862943
vt 0.007763 0.868514
vt 0.000451 0.868514
vt 0.007763 0.873799
vt 0.000451 0.873799
vt 0.280731 0.855623
vt 0.281158 0.855169
vt 0.281298 0.855724
vt 0.281269 0.874424
vt 0.281139 0.875016
vt 0.280679 0.874539
vt 0.873897 0.579720
vt 0.873465 0.579257
vt 0.874035 0.579155
vt 0.873545 0.560477
vt 0.873991 0.560015
vt 0.874122 0.560586
vt 0.299823 0.875109
vt 0.299351 0.875528
vt 0.299264 0.874957
vt 0.892169 0.559932
vt 0.892254 0.559341
vt 0.892744 0.559773
vt 0.300055 0.869160
vt 0.300449 0.869753
vt 0.299852 0.869748
vt 0.892746 0.565252
vt 0.893355 0.565250
vt 0.892949 0.565851
vt 0.286405 0.854693
vt 0.286980 0.855128
vt 0.286371 0.855309
vt 0.879109 0.579585
vt 0.879706 0.579765
vt 0.879139 0.580184
vt 0.830340 0.447815
vt 0.837652 0.447815
vt 0.837652 0.448431
vt 0.830340 0.448431
vt 0.281107 0.868570
vt 0.280466 0.868581
vt 0.837652 0.395915
vt 0.830340 0.395915
vt 0.830340 0.395299
vt 0.837652 0.395299
vt 0.873877 0.573239
vt 0.873248 0.573246
vt 0.878069 0.580172
vt 0.878094 0.579580
vt 0.885814 0.559341
vt 0.885828 0.559949
vt 0.830340 0.414526
vt 0.837652 0.414526
vt 0.837652 0.415142
vt 0.830340 0.415142
vt 0.286148 0.875375
vt 0.286179 0.874762
vt 0.878870 0.559623
vt 0.878908 0.560254
vt 0.285301 0.854693
vt 0.285327 0.855316
vt 0.293087 0.875598
vt 0.293095 0.874974
vt 0.281097 0.861659
vt 0.280466 0.861646
vt 0.873941 0.566367
vt 0.873306 0.566352
vt 0.893317 0.564164
vt 0.892715 0.564203
vt 0.299814 0.870777
vt 0.300404 0.870819
vt 0.880172 0.575075
vt 0.883231 0.570051
vt 0.883688 0.570489
vt 0.880820 0.575151
vt 0.888381 0.566588
vt 0.888482 0.567241
vt 0.295566 0.868408
vt 0.295671 0.867763
vt 0.830340 0.420781
vt 0.837652 0.420781
vt 0.837652 0.421454
vt 0.830340 0.421454
vt 0.830340 0.441667
vt 0.837652 0.441667
vt 0.837652 0.442328
vt 0.830340 0.442328
vt 0.287428 0.859869
vt 0.288081 0.859797
vt 0.290463 0.864932
vt 0.290923 0.864498
vt 0.837652 0.454795
vt 0.830340 0.454794
vt 0.830340 0.443380
vt 0.837652 0.443380
vt 0.285992 0.860523
vt 0.288276 0.866211
vt 0.837652 0.461545
vt 0.837652 0.467649
vt 0.830340 0.467649
vt 0.830340 0.461545
vt 0.830340 0.400992
vt 0.837652 0.400992
vt 0.878748 0.574416
vt 0.881053 0.568761
vt 0.830340 0.407868
vt 0.837652 0.407868
vt 0.294408 0.869851
vt 0.830340 0.419728
vt 0.837652 0.419728
vt 0.887216 0.565123
vt 0.830340 0.426065
vt 0.837652 0.426065
vt 0.837652 0.431636
vt 0.830340 0.431636
vt 0.837652 0.436921
vt 0.830340 0.436921
vt 0.103341 0.869430
vt 0.103772 0.868963
vt 0.103919 0.869523
vt 0.103908 0.888182
vt 0.103770 0.888782
vt 0.103303 0.888292
vt 0.122616 0.890729
vt 0.123045 0.891187
vt 0.122480 0.891288
vt 0.123114 0.909912
vt 0.122661 0.910390
vt 0.122521 0.909809
vt 0.122520 0.888859
vt 0.122048 0.889279
vt 0.121960 0.888708
vt 0.104391 0.910493
vt 0.104313 0.911080
vt 0.103829 0.910657
vt 0.122736 0.882902
vt 0.123132 0.883494
vt 0.122534 0.883491
vt 0.103787 0.905191
vt 0.103161 0.905193
vt 0.103579 0.904581
vt 0.109049 0.868470
vt 0.109627 0.868906
vt 0.109016 0.869089
vt 0.117445 0.890860
vt 0.116854 0.890681
vt 0.117416 0.890266
vt 0.842692 0.506540
vt 0.835380 0.506540
vt 0.835380 0.505924
vt 0.842692 0.505924
vt 0.103773 0.882240
vt 0.103161 0.882247
vt 0.835380 0.486090
vt 0.842692 0.486090
vt 0.842692 0.486706
vt 0.835380 0.486706
vt 0.122647 0.897154
vt 0.123268 0.897144
vt 0.118478 0.890279
vt 0.118453 0.890866
vt 0.110753 0.911080
vt 0.110739 0.910471
vt 0.842692 0.539829
vt 0.835380 0.539829
vt 0.835380 0.539213
vt 0.842692 0.539213
vt 0.108820 0.889153
vt 0.108851 0.888536
vt 0.117727 0.910802
vt 0.117688 0.910167
vt 0.107941 0.868471
vt 0.107967 0.869098
vt 0.115776 0.889364
vt 0.115782 0.888739
vt 0.103762 0.875522
vt 0.103161 0.875514
vt 0.122657 0.903917
vt 0.123268 0.903925
vt 0.103196 0.906313
vt 0.103829 0.906267
vt 0.122499 0.884521
vt 0.123090 0.884561
vt 0.116389 0.895338
vt 0.113344 0.900342
vt 0.112888 0.899904
vt 0.115745 0.895262
vt 0.108187 0.903822
vt 0.108084 0.903166
vt 0.118241 0.882160
vt 0.118344 0.881514
vt 0.842692 0.533574
vt 0.835380 0.533574
vt 0.835380 0.532901
vt 0.842692 0.532901
vt 0.842692 0.512687
vt 0.835380 0.512687
vt 0.835380 0.512027
vt 0.842692 0.512027
vt 0.110085 0.873662
vt 0.110738 0.873588
vt 0.113131 0.878696
vt 0.113589 0.878262
vt 0.835380 0.499560
vt 0.842692 0.499560
vt 0.842692 0.510975
vt 0.835380 0.510975
vt 0.108650 0.874323
vt 0.110950 0.879975
vt 0.835380 0.492810
vt 0.842692 0.492810
vt 0.842692 0.553363
vt 0.842692 0.558440
vt 0.835380 0.558440
vt 0.835380 0.553363
vt 0.117805 0.895993
vt 0.115523 0.901626
vt 0.842692 0.546486
vt 0.835380 0.546486
vt 0.117086 0.883607
vt 0.842692 0.534626
vt 0.835380 0.534626
vt 0.109360 0.905290
vt 0.842692 0.528290
vt 0.835380 0.528290
vt 0.835380 0.522719
vt 0.842692 0.522719
vt 0.835380 0.517434
vt 0.842692 0.517434
vt 0.237568 0.874767
vt 0.237130 0.875234
vt 0.236986 0.874668
vt 0.237031 0.855958
vt 0.237165 0.855369
vt 0.237620 0.855848
vt 0.260354 0.896878
vt 0.259922 0.896415
vt 0.260492 0.896313
vt 0.260002 0.877636
vt 0.260448 0.877173
vt 0.260579 0.877745
vt 0.218528 0.855125
vt 0.219003 0.854711
vt 0.219085 0.855281
vt 0.278626 0.877091
vt 0.278711 0.876499
vt 0.279201 0.876931
vt 0.218249 0.861061
vt 0.217860 0.860466
vt 0.218457 0.860476
vt 0.279204 0.882410
vt 0.279813 0.882409
vt 0.279406 0.883009
vt 0.231802 0.875681
vt 0.231224 0.875236
vt 0.231842 0.875058
vt 0.265567 0.896744
vt 0.266163 0.896924
vt 0.265596 0.897342
vt 0.845865 0.415133
vt 0.838553 0.415133
vt 0.838553 0.414517
vt 0.845865 0.414517
vt 0.237159 0.861787
vt 0.237795 0.861778
vt 0.838553 0.467033
vt 0.845865 0.467033
vt 0.845865 0.467649
vt 0.838553 0.467649
vt 0.260334 0.890397
vt 0.259705 0.890405
vt 0.264526 0.897330
vt 0.264551 0.896738
vt 0.272271 0.876499
vt 0.272285 0.877107
vt 0.845865 0.448422
vt 0.838553 0.448422
vt 0.838553 0.447806
vt 0.845865 0.447806
vt 0.232176 0.854973
vt 0.232140 0.855584
vt 0.265327 0.876782
vt 0.265365 0.877412
vt 0.232920 0.875691
vt 0.232899 0.875059
vt 0.225255 0.854693
vt 0.225243 0.855315
vt 0.237187 0.868618
vt 0.237795 0.868627
vt 0.260399 0.883526
vt 0.259763 0.883510
vt 0.279774 0.881322
vt 0.279172 0.881361
vt 0.218502 0.859449
vt 0.217914 0.859402
vt 0.266629 0.892233
vt 0.269688 0.887209
vt 0.270145 0.887647
vt 0.267278 0.892309
vt 0.274838 0.883746
vt 0.274939 0.884399
vt 0.222724 0.861847
vt 0.222614 0.862490
vt 0.845865 0.442167
vt 0.838553 0.442167
vt 0.838553 0.441494
vt 0.845865 0.441494
vt 0.845865 0.421281
vt 0.838553 0.421281
vt 0.838553 0.420620
vt 0.845865 0.420620
vt 0.230808 0.870440
vt 0.230150 0.870508
vt 0.227794 0.865354
vt 0.227331 0.865785
vt 0.838553 0.408153
vt 0.845865 0.408153
vt 0.845865 0.419568
vt 0.838553 0.419568
vt 0.232257 0.869788
vt 0.229988 0.864090
vt 0.838553 0.401403
vt 0.838553 0.395299
vt 0.845865 0.395299
vt 0.845865 0.401403
vt 0.845865 0.461956
vt 0.838553 0.461956
vt 0.265205 0.891574
vt 0.267510 0.885919
vt 0.845865 0.455080
vt 0.838553 0.455080
vt 0.223890 0.860415
vt 0.845865 0.443220
vt 0.838553 0.443220
vt 0.273673 0.882281
vt 0.845865 0.436883
vt 0.838553 0.436883
vt 0.838553 0.431312
vt 0.845865 0.431312
vt 0.838553 0.426027
vt 0.845865 0.426027
vt 0.320912 0.852868
vt 0.320473 0.853335
vt 0.320330 0.852768
vt 0.320375 0.834058
vt 0.320509 0.833470
vt 0.320963 0.833948
vt 0.009316 0.911162
vt 0.008888 0.910703
vt 0.009453 0.910602
vt 0.008818 0.891979
vt 0.009271 0.891501
vt 0.009411 0.892081
vt 0.301872 0.833226
vt 0.302346 0.832812
vt 0.302429 0.833382
vt 0.027541 0.891397
vt 0.027619 0.890811
vt 0.028104 0.891233
vt 0.301593 0.839161
vt 0.301204 0.838567
vt 0.301801 0.838577
vt 0.028145 0.896700
vt 0.028771 0.896697
vt 0.028353 0.897309
vt 0.315146 0.853782
vt 0.314568 0.853336
vt 0.315185 0.853159
vt 0.014487 0.911030
vt 0.015079 0.911209
vt 0.014516 0.911624
vt 0.854980 0.447199
vt 0.862292 0.447199
vt 0.862292 0.447815
vt 0.854980 0.447815
vt 0.320503 0.839888
vt 0.321139 0.839879
vt 0.862292 0.467649
vt 0.854980 0.467649
vt 0.854980 0.467033
vt 0.862292 0.467033
vt 0.009285 0.904736
vt 0.008664 0.904746
vt 0.013454 0.911611
vt 0.013479 0.911024
vt 0.021179 0.890811
vt 0.021193 0.891419
vt 0.854980 0.413909
vt 0.862292 0.413909
vt 0.862292 0.414526
vt 0.854980 0.414526
vt 0.315520 0.833073
vt 0.315484 0.833685
vt 0.014205 0.891088
vt 0.014244 0.891724
vt 0.316263 0.853791
vt 0.316243 0.853160
vt 0.308599 0.832793
vt 0.308586 0.833416
vt 0.320530 0.846718
vt 0.321139 0.846728
vt 0.009275 0.897973
vt 0.008664 0.897966
vt 0.028736 0.895577
vt 0.028103 0.895623
vt 0.301846 0.837550
vt 0.301258 0.837503
vt 0.015543 0.906552
vt 0.018588 0.901549
vt 0.019044 0.901986
vt 0.016187 0.906628
vt 0.023745 0.898068
vt 0.023848 0.898725
vt 0.306068 0.839948
vt 0.305958 0.840591
vt 0.854980 0.420165
vt 0.862292 0.420165
vt 0.862292 0.420838
vt 0.854980 0.420838
vt 0.854980 0.441051
vt 0.862292 0.441051
vt 0.862292 0.441711
vt 0.854980 0.441711
vt 0.314152 0.848540
vt 0.313493 0.848608
vt 0.311138 0.843455
vt 0.310675 0.843885
vt 0.862292 0.454178
vt 0.854980 0.454178
vt 0.854980 0.442764
vt 0.862292 0.442764
vt 0.315601 0.847889
vt 0.313332 0.842191
vt 0.862292 0.460928
vt 0.854980 0.460928
vt 0.854980 0.400375
vt 0.854980 0.395299
vt 0.862292 0.395299
vt 0.862292 0.400375
vt 0.014127 0.905897
vt 0.016409 0.900264
vt 0.854980 0.407252
vt 0.862292 0.407252
vt 0.307234 0.838516
vt 0.854980 0.419112
vt 0.862292 0.419112
vt 0.022572 0.896600
vt 0.854980 0.425449
vt 0.862292 0.425449
vt 0.862292 0.431020
vt 0.854980 0.431020
vt 0.862292 0.436304
vt 0.854980 0.436304
vt 0.280595 0.833717
vt 0.281034 0.833250
vt 0.281177 0.833817
vt 0.281132 0.852526
vt 0.280998 0.853115
vt 0.280544 0.852636
vt 0.059704 0.891107
vt 0.060132 0.891565
vt 0.059567 0.891666
vt 0.060202 0.910290
vt 0.059749 0.910768
vt 0.059609 0.910187
vt 0.299635 0.853359
vt 0.299160 0.853773
vt 0.299078 0.853203
vt 0.041479 0.910871
vt 0.041401 0.911457
vt 0.040916 0.911035
vt 0.299914 0.847423
vt 0.300303 0.848018
vt 0.299706 0.848008
vt 0.040875 0.905568
vt 0.040249 0.905571
vt 0.040667 0.904959
vt 0.286361 0.832803
vt 0.286939 0.833248
vt 0.286321 0.833426
vt 0.054533 0.891238
vt 0.053941 0.891059
vt 0.054504 0.890644
vt 0.871407 0.447199
vt 0.878719 0.447199
vt 0.878719 0.447815
vt 0.871407 0.447815
vt 0.281004 0.846697
vt 0.280368 0.846706
vt 0.878719 0.467649
vt 0.871407 0.467649
vt 0.871407 0.467033
vt 0.878719 0.467033
vt 0.059735 0.897532
vt 0.060356 0.897522
vt 0.055566 0.890657
vt 0.055541 0.891244
vt 0.047841 0.911457
vt 0.047827 0.910849
vt 0.871407 0.413909
vt 0.878719 0.413909
vt 0.878719 0.414526
vt 0.871407 0.414526
vt 0.285987 0.853512
vt 0.286023 0.852900
vt 0.054815 0.911180
vt 0.054776 0.910545
vt 0.285243 0.832793
vt 0.285264 0.833425
vt 0.292908 0.853791
vt 0.292921 0.853169
vt 0.280976 0.839866
vt 0.280368 0.839857
vt 0.059745 0.904295
vt 0.060356 0.904302
vt 0.040284 0.906691
vt 0.040917 0.906645
vt 0.299661 0.849035
vt 0.300249 0.849082
vt 0.053477 0.895716
vt 0.050432 0.900720
vt 0.049976 0.900282
vt 0.052833 0.895640
vt 0.045275 0.904200
vt 0.045172 0.903543
vt 0.295439 0.846637
vt 0.295549 0.845994
vt 0.871407 0.420165
vt 0.878719 0.420165
vt 0.878719 0.420838
vt 0.871407 0.420838
vt 0.871407 0.441051
vt 0.878719 0.441051
vt 0.878719 0.441711
vt 0.871407 0.441711
vt 0.287355 0.838045
vt 0.288013 0.837977
vt 0.290369 0.843130
vt 0.290832 0.842700
vt 0.878719 0.454178
vt 0.871407 0.454178
vt 0.871407 0.442764
vt 0.878719 0.442764
vt 0.285906 0.838696
vt 0.288175 0.844394
vt 0.878719 0.460928
vt 0.871407 0.460928
vt 0.871407 0.400375
vt 0.871407 0.395299
vt 0.878719 0.395299
vt 0.878719 0.400375
vt 0.054893 0.896371
vt 0.052611 0.902004
vt 0.871407 0.407252
vt 0.878719 0.407252
vt 0.294273 0.848069
vt 0.871407 0.419112
vt 0.878719 0.419112
vt 0.046448 0.905668
vt 0.871407 0.425449
vt 0.878719 0.425449
vt 0.878719 0.431020
vt 0.871407 0.431020
vt 0.878719 0.436304
vt 0.871407 0.436304
vt 0.238923 0.833717
vt 0.239362 0.833250
vt 0.239505 0.833817
vt 0.239460 0.852527
vt 0.239326 0.853115
vt 0.238872 0.852637
vt 0.018575 0.839453
vt 0.018984 0.839373
vt 0.018797 0.839740
vt 0.032620 0.850765
vt 0.032389 0.851459
vt 0.031954 0.851052
vt 0.257963 0.853359
vt 0.257488 0.853773
vt 0.257406 0.853203
vt 0.019615 0.861650
vt 0.019821 0.862001
vt 0.019407 0.861958
vt 0.258242 0.847424
vt 0.258631 0.848018
vt 0.258034 0.848008
vt 0.016939 0.859771
vt 0.016748 0.860105
vt 0.016491 0.859695
vt 0.244689 0.832803
vt 0.245267 0.833249
vt 0.244650 0.833426
vt 0.016288 0.841547
vt 0.015871 0.841641
vt 0.016079 0.841241
vt 0.016654 0.832971
vt 0.017310 0.832793
vt 0.239332 0.846697
vt 0.238696 0.846706
vt 0.038891 0.856362
vt 0.039348 0.855754
vt 0.022611 0.842130
vt 0.022922 0.841696
vt 0.016604 0.840818
vt 0.016839 0.841141
vt 0.023834 0.859422
vt 0.023506 0.859005
vt 0.018883 0.868145
vt 0.018275 0.868035
vt 0.244315 0.853512
vt 0.244351 0.852900
vt 0.028819 0.855031
vt 0.028384 0.854573
vt 0.243571 0.832794
vt 0.243592 0.833426
vt 0.251236 0.853792
vt 0.251249 0.853169
vt 0.239305 0.839867
vt 0.238696 0.839857
vt 0.027594 0.846234
vt 0.028030 0.845774
vt 0.017306 0.860518
vt 0.017538 0.860182
vt 0.257989 0.849036
vt 0.258577 0.849082
vt 0.017287 0.844958
vt 0.018082 0.850548
vt 0.017491 0.850572
vt 0.016756 0.845237
vt 0.017724 0.856437
vt 0.017185 0.856192
vt 0.253767 0.846637
vt 0.253877 0.845994
vt 0.011983 0.864462
vt 0.011520 0.863927
vt 0.010809 0.838219
vt 0.011189 0.837685
vt 0.245683 0.838045
vt 0.246342 0.837977
vt 0.248697 0.843130
vt 0.249160 0.842700
vt 0.025752 0.834423
vt 0.011858 0.836804
vt 0.244234 0.838696
vt 0.246503 0.844394
vt 0.033035 0.839191
vt 0.038558 0.844149
vt 0.034392 0.861256
vt 0.018646 0.844673
vt 0.020536 0.849891
vt 0.027092 0.866320
vt 0.252601 0.848069
vt 0.012738 0.865256
vt 0.019359 0.856361
vt 0.008664 0.858027
vt 0.008664 0.850532
vt 0.009119 0.843911
vt 0.279240 0.852868
vt 0.278801 0.853335
vt 0.278658 0.852768
vt 0.278703 0.834058
vt 0.278837 0.833470
vt 0.279291 0.833948
vt 0.060446 0.861500
vt 0.060040 0.861564
vt 0.060239 0.861210
vt 0.046798 0.849586
vt 0.047089 0.848883
vt 0.047509 0.849326
vt 0.260200 0.833226
vt 0.260675 0.832812
vt 0.260757 0.833382
vt 0.060640 0.839347
vt 0.060459 0.838978
vt 0.060874 0.839055
vt 0.259921 0.839161
vt 0.259532 0.838567
vt 0.260129 0.838577
vt 0.063170 0.841423
vt 0.063386 0.841103
vt 0.063605 0.841530
vt 0.273474 0.853782
vt 0.272896 0.853336
vt 0.273514 0.853158
vt 0.062755 0.859532
vt 0.063165 0.859459
vt 0.062947 0.859839
vt 0.062115 0.867794
vt 0.061479 0.867947
vt 0.278831 0.839888
vt 0.279467 0.839879
vt 0.040789 0.843084
vt 0.040249 0.843676
vt 0.056523 0.858737
vt 0.056200 0.859158
vt 0.062420 0.860231
vt 0.062201 0.859907
vt 0.056224 0.841308
vt 0.056526 0.841753
vt 0.061965 0.832793
vt 0.062576 0.832960
vt 0.273848 0.833073
vt 0.273812 0.833685
vt 0.050885 0.845396
vt 0.051301 0.845887
vt 0.274592 0.853791
vt 0.274571 0.853159
vt 0.266927 0.832793
vt 0.266915 0.833416
vt 0.278859 0.846718
vt 0.279467 0.846728
vt 0.051763 0.854423
vt 0.051306 0.854867
vt 0.062857 0.840653
vt 0.062600 0.840972
vt 0.260174 0.837549
vt 0.259586 0.837503
vt 0.061919 0.856145
vt 0.061436 0.850658
vt 0.062021 0.850675
vt 0.062452 0.855896
vt 0.062216 0.844793
vt 0.062751 0.845080
vt 0.264396 0.839948
vt 0.264286 0.840591
vt 0.068791 0.837331
vt 0.069190 0.837939
vt 0.067907 0.862953
vt 0.067521 0.863452
vt 0.272480 0.848540
vt 0.271822 0.848608
vt 0.269466 0.843455
vt 0.269003 0.843885
vt 0.053428 0.866204
vt 0.066845 0.864275
vt 0.273929 0.847889
vt 0.271660 0.842191
vt 0.045772 0.861669
vt 0.040249 0.856202
vt 0.045821 0.838780
vt 0.060570 0.856365
vt 0.058968 0.851148
vt 0.053450 0.834115
vt 0.265562 0.838516
vt 0.068094 0.836344
vt 0.060550 0.844757
vt 0.070652 0.843819
vt 0.070726 0.850928
vt 0.069744 0.857551
vt 0.872120 0.579415
vt 0.871681 0.579882
vt 0.871538 0.579316
vt 0.871583 0.560606
vt 0.871717 0.560017
vt 0.872171 0.560496
vt 0.072279 0.910798
vt 0.071851 0.910340
vt 0.072416 0.910239
vt 0.071781 0.891615
vt 0.072234 0.891137
vt 0.072374 0.891718
vt 0.853080 0.559773
vt 0.853555 0.559359
vt 0.853637 0.559929
vt 0.090504 0.891034
vt 0.090582 0.890447
vt 0.091067 0.890870
vt 0.852801 0.565709
vt 0.852412 0.565114
vt 0.853009 0.565124
vt 0.091108 0.896336
vt 0.091734 0.896334
vt 0.091317 0.896946
vt 0.866354 0.580329
vt 0.865776 0.579884
vt 0.866394 0.579706
vt 0.077450 0.910667
vt 0.078042 0.910846
vt 0.077479 0.911261
vt 0.854079 0.415749
vt 0.846767 0.415749
vt 0.846767 0.415133
vt 0.854079 0.415133
vt 0.871711 0.566435
vt 0.872347 0.566426
vt 0.846767 0.395299
vt 0.854079 0.395299
vt 0.854079 0.395915
vt 0.846767 0.395915
vt 0.072248 0.904373
vt 0.071627 0.904383
vt 0.076417 0.911248
vt 0.076442 0.910661
vt 0.084142 0.890447
vt 0.084156 0.891056
vt 0.854079 0.449038
vt 0.846767 0.449038
vt 0.846767 0.448422
vt 0.854079 0.448422
vt 0.866728 0.559621
vt 0.866692 0.560232
vt 0.077168 0.890725
vt 0.077207 0.891360
vt 0.867472 0.580339
vt 0.867451 0.579707
vt 0.859807 0.559341
vt 0.859794 0.559963
vt 0.871738 0.573266
vt 0.872347 0.573275
vt 0.072238 0.897610
vt 0.071627 0.897603
vt 0.091699 0.895214
vt 0.091066 0.895260
vt 0.853054 0.564097
vt 0.852466 0.564051
vt 0.078506 0.906189
vt 0.081551 0.901185
vt 0.082007 0.901623
vt 0.079150 0.906265
vt 0.086708 0.897705
vt 0.086811 0.898362
vt 0.857276 0.566495
vt 0.857166 0.567138
vt 0.854079 0.442783
vt 0.846767 0.442783
vt 0.846767 0.442110
vt 0.854079 0.442110
vt 0.854079 0.421897
vt 0.846767 0.421897
vt 0.846767 0.421236
vt 0.854079 0.421236
vt 0.865360 0.575088
vt 0.864701 0.575156
vt 0.862346 0.570002
vt 0.861883 0.570433
vt 0.846767 0.408770
vt 0.854079 0.408770
vt 0.854079 0.420184
vt 0.846767 0.420184
vt 0.866809 0.574436
vt 0.864540 0.568739
vt 0.846767 0.402019
vt 0.854079 0.402019
vt 0.854079 0.462572
vt 0.854079 0.467649
vt 0.846767 0.467649
vt 0.846767 0.462572
vt 0.077090 0.905534
vt 0.079373 0.899901
vt 0.854079 0.455696
vt 0.846767 0.455696
vt 0.858442 0.565064
vt 0.854079 0.443836
vt 0.846767 0.443836
vt 0.085536 0.896237
vt 0.854079 0.437499
vt 0.846767 0.437499
vt 0.846767 0.431928
vt 0.854079 0.431928
vt 0.846767 0.426643
vt 0.854079 0.426643
vt 0.197251 0.833717
vt 0.197690 0.833250
vt 0.197833 0.833817
vt 0.197788 0.852527
vt 0.197654 0.853115
vt 0.197200 0.852637
vt 0.122625 0.861695
vt 0.122226 0.861726
vt 0.122435 0.861392
vt 0.109618 0.849419
vt 0.109894 0.848738
vt 0.110303 0.849174
vt 0.216291 0.853359
vt 0.215817 0.853773
vt 0.215734 0.853203
vt 0.123460 0.839422
vt 0.123281 0.839049
vt 0.123698 0.839129
vt 0.216570 0.847424
vt 0.216959 0.848018
vt 0.216362 0.848008
vt 0.125990 0.841539
vt 0.126211 0.841219
vt 0.126428 0.841652
vt 0.203017 0.832803
vt 0.203595 0.833248
vt 0.202978 0.833426
vt 0.125020 0.859782
vt 0.125453 0.859730
vt 0.125195 0.860111
vt 0.123447 0.867496
vt 0.122868 0.867569
vt 0.197660 0.846697
vt 0.197024 0.846706
vt 0.103658 0.843401
vt 0.103161 0.843984
vt 0.118888 0.858715
vt 0.118546 0.859115
vt 0.124630 0.860468
vt 0.124431 0.860132
vt 0.119014 0.841362
vt 0.119314 0.841810
vt 0.124851 0.832794
vt 0.125469 0.832967
vt 0.202643 0.853512
vt 0.202679 0.852900
vt 0.113695 0.845403
vt 0.114099 0.845892
vt 0.201900 0.832793
vt 0.201920 0.833425
vt 0.209564 0.853791
vt 0.209577 0.853169
vt 0.197633 0.839867
vt 0.197024 0.839857
vt 0.114359 0.854270
vt 0.113897 0.854692
vt 0.125681 0.840758
vt 0.125419 0.841077
vt 0.216317 0.849036
vt 0.216905 0.849082
vt 0.124289 0.856423
vt 0.124059 0.850837
vt 0.124651 0.850873
vt 0.124825 0.856202
vt 0.124982 0.844925
vt 0.125517 0.845224
vt 0.212095 0.846637
vt 0.212205 0.845994
vt 0.131730 0.837450
vt 0.132129 0.838070
vt 0.130044 0.864053
vt 0.129577 0.864532
vt 0.204011 0.838045
vt 0.204670 0.837977
vt 0.207025 0.843130
vt 0.207488 0.842700
vt 0.115551 0.865613
vt 0.128768 0.865320
vt 0.202562 0.838696
vt 0.204831 0.844394
vt 0.108374 0.861054
vt 0.103161 0.855663
vt 0.108486 0.838743
vt 0.122946 0.856578
vt 0.121557 0.851260
vt 0.116227 0.834059
vt 0.210929 0.848069
vt 0.131033 0.836442
vt 0.123306 0.844861
vt 0.133566 0.844034
vt 0.133615 0.851237
vt 0.133212 0.858229
vt 0.176415 0.833717
vt 0.176854 0.833250
vt 0.176997 0.833817
vt 0.176952 0.852527
vt 0.176819 0.853115
vt 0.176364 0.852637
vt 0.080557 0.839370
vt 0.080957 0.839248
vt 0.080809 0.839633
vt 0.095394 0.848344
vt 0.095715 0.848994
vt 0.095028 0.848813
vt 0.195455 0.853359
vt 0.194981 0.853773
vt 0.194898 0.853203
vt 0.084167 0.861319
vt 0.084412 0.861643
vt 0.083997 0.861648
vt 0.195734 0.847424
vt 0.196123 0.848018
vt 0.195527 0.848008
vt 0.081284 0.859796
vt 0.081139 0.860151
vt 0.080830 0.859778
vt 0.182181 0.832803
vt 0.182759 0.833248
vt 0.182142 0.833426
vt 0.078498 0.841703
vt 0.078091 0.841841
vt 0.078256 0.841420
vt 0.077942 0.833042
vt 0.078584 0.832794
vt 0.176824 0.846697
vt 0.176188 0.846706
vt 0.101800 0.843324
vt 0.101323 0.842811
vt 0.084844 0.841613
vt 0.085109 0.841150
vt 0.078735 0.840942
vt 0.079005 0.841238
vt 0.088083 0.858605
vt 0.087707 0.858228
vt 0.084281 0.867751
vt 0.083675 0.867726
vt 0.181807 0.853512
vt 0.181843 0.852900
vt 0.092597 0.853597
vt 0.092077 0.853198
vt 0.181064 0.832793
vt 0.181085 0.833425
vt 0.188728 0.853791
vt 0.188741 0.853169
vt 0.176797 0.839867
vt 0.176188 0.839857
vt 0.090198 0.845176
vt 0.090564 0.844661
vt 0.081744 0.860488
vt 0.081931 0.860127
vt 0.195481 0.849035
vt 0.196069 0.849082
vt 0.079862 0.845004
vt 0.081289 0.850442
vt 0.080704 0.850533
vt 0.079365 0.845342
vt 0.081644 0.856373
vt 0.081075 0.856195
vt 0.191259 0.846637
vt 0.191369 0.845994
vt 0.076993 0.865096
vt 0.076462 0.864627
vt 0.072682 0.838959
vt 0.073005 0.838386
vt 0.183176 0.838045
vt 0.183834 0.837977
vt 0.186189 0.843130
vt 0.186652 0.842700
vt 0.087276 0.833442
vt 0.073577 0.837436
vt 0.181726 0.838696
vt 0.183995 0.844394
vt 0.095266 0.837548
vt 0.102260 0.854628
vt 0.098349 0.859172
vt 0.081184 0.844568
vt 0.083649 0.849515
vt 0.091978 0.864867
vt 0.190093 0.848069
vt 0.077846 0.865779
vt 0.083264 0.856095
vt 0.072773 0.859168
vt 0.071627 0.851729
vt 0.071627 0.844772
vt 0.154225 0.874767
vt 0.153786 0.875234
vt 0.153643 0.874668
vt 0.153688 0.855958
vt 0.153821 0.855369
vt 0.154276 0.855848
vt 0.216943 0.877055
vt 0.217371 0.877513
vt 0.216806 0.877615
vt 0.217441 0.896238
vt 0.216988 0.896716
vt 0.216848 0.896136
vt 0.135184 0.855125
vt 0.135659 0.854711
vt 0.135741 0.855281
vt 0.198718 0.896819
vt 0.198640 0.897406
vt 0.198155 0.896984
vt 0.134906 0.861061
vt 0.134517 0.860466
vt 0.135113 0.860476
vt 0.198114 0.891517
vt 0.197488 0.891520
vt 0.197905 0.890907
vt 0.148458 0.875681
vt 0.147881 0.875236
vt 0.148498 0.875058
vt 0.211772 0.877186
vt 0.211180 0.877007
vt 0.211743 0.876592
vt 0.895145 0.415133
vt 0.887833 0.415133
vt 0.887833 0.414517
vt 0.895145 0.414517
vt 0.153815 0.861787
vt 0.154451 0.861778
vt 0.887833 0.467033
vt 0.895145 0.467033
vt 0.895145 0.467649
vt 0.887833 0.467649
vt 0.216974 0.883481
vt 0.217595 0.883470
vt 0.212804 0.876605
vt 0.212780 0.877192
vt 0.205079 0.897406
vt 0.205066 0.896797
vt 0.895145 0.448422
vt 0.887833 0.448422
vt 0.887833 0.447806
vt 0.895145 0.447806
vt 0.148832 0.854973
vt 0.148796 0.855584
vt 0.212054 0.897128
vt 0.212015 0.896493
vt 0.149576 0.875691
vt 0.149555 0.875059
vt 0.141912 0.854693
vt 0.141899 0.855315
vt 0.153843 0.868618
vt 0.154451 0.868627
vt 0.216984 0.890244
vt 0.217594 0.890251
vt 0.197523 0.892640
vt 0.198156 0.892594
vt 0.135159 0.859449
vt 0.134570 0.859403
vt 0.210716 0.881664
vt 0.207671 0.886668
vt 0.207215 0.886231
vt 0.210071 0.881588
vt 0.202514 0.890149
vt 0.202411 0.889492
vt 0.139380 0.861847
vt 0.139270 0.862490
vt 0.895145 0.442167
vt 0.887833 0.442167
vt 0.887833 0.441494
vt 0.895145 0.441494
vt 0.895145 0.421280
vt 0.887833 0.421280
vt 0.887833 0.420620
vt 0.895145 0.420620
vt 0.147464 0.870440
vt 0.146806 0.870508
vt 0.144450 0.865354
vt 0.143988 0.865785
vt 0.887833 0.408153
vt 0.895145 0.408153
vt 0.895145 0.419568
vt 0.887833 0.419568
vt 0.148914 0.869788
vt 0.146644 0.864091
vt 0.887833 0.401403
vt 0.887833 0.395299
vt 0.895145 0.395299
vt 0.895145 0.401403
vt 0.895145 0.461956
vt 0.887833 0.461956
vt 0.212132 0.882320
vt 0.209849 0.887952
vt 0.895145 0.455079
vt 0.887833 0.455079
vt 0.140547 0.860415
vt 0.895145 0.443220
vt 0.887833 0.443220
vt 0.203686 0.891617
vt 0.895145 0.436883
vt 0.887833 0.436883
vt 0.887833 0.431312
vt 0.895145 0.431312
vt 0.887833 0.426027
vt 0.895145 0.426027
vt 0.154225 0.852868
vt 0.153786 0.853335
vt 0.153643 0.852768
vt 0.153688 0.834058
vt 0.153821 0.833470
vt 0.154276 0.833948
vt 0.239349 0.918594
vt 0.238920 0.918136
vt 0.239485 0.918035
vt 0.238850 0.899411
vt 0.239303 0.898933
vt 0.239444 0.899514
vt 0.135184 0.833226
vt 0.135659 0.832812
vt 0.135741 0.833382
vt 0.257573 0.898830
vt 0.257652 0.898244
vt 0.258136 0.898666
vt 0.134906 0.839161
vt 0.134517 0.838567
vt 0.135113 0.838577
vt 0.258177 0.904133
vt 0.258803 0.904130
vt 0.258386 0.904742
vt 0.148458 0.853782
vt 0.147881 0.853337
vt 0.148498 0.853159
vt 0.244519 0.918463
vt 0.245111 0.918642
vt 0.244549 0.919057
vt 0.827167 0.537989
vt 0.834479 0.537990
vt 0.834479 0.538606
vt 0.827167 0.538606
vt 0.153815 0.839888
vt 0.154451 0.839879
vt 0.834479 0.558440
vt 0.827167 0.558439
vt 0.827167 0.557823
vt 0.834479 0.557823
vt 0.239317 0.912169
vt 0.238696 0.912179
vt 0.243487 0.919044
vt 0.243511 0.918457
vt 0.251212 0.898244
vt 0.251226 0.898852
vt 0.827167 0.504700
vt 0.834479 0.504700
vt 0.834479 0.505316
vt 0.827167 0.505316
vt 0.148832 0.833073
vt 0.148796 0.833685
vt 0.244238 0.898521
vt 0.244277 0.899157
vt 0.149576 0.853792
vt 0.149555 0.853160
vt 0.141912 0.832794
vt 0.141899 0.833416
vt 0.153843 0.846718
vt 0.154451 0.846728
vt 0.239307 0.905406
vt 0.238697 0.905399
vt 0.258768 0.903010
vt 0.258135 0.903056
vt 0.135159 0.837550
vt 0.134570 0.837503
vt 0.245575 0.913985
vt 0.248620 0.908982
vt 0.249076 0.909419
vt 0.246220 0.914061
vt 0.253777 0.905501
vt 0.253880 0.906158
vt 0.139380 0.839948
vt 0.139270 0.840591
vt 0.827167 0.510956
vt 0.834479 0.510956
vt 0.834479 0.511629
vt 0.827167 0.511629
vt 0.827167 0.531842
vt 0.834479 0.531842
vt 0.834479 0.532502
vt 0.827167 0.532502
vt 0.147464 0.848540
vt 0.146806 0.848608
vt 0.144450 0.843455
vt 0.143988 0.843885
vt 0.834479 0.544969
vt 0.827167 0.544969
vt 0.827167 0.533555
vt 0.834479 0.533555
vt 0.148913 0.847889
vt 0.146644 0.842191
vt 0.834479 0.551719
vt 0.827167 0.551719
vt 0.827167 0.491166
vt 0.827167 0.486090
vt 0.834479 0.486090
vt 0.834479 0.491166
vt 0.244160 0.913330
vt 0.246442 0.907697
vt 0.827167 0.498043
vt 0.834479 0.498043
vt 0.140547 0.838516
vt 0.827167 0.509903
vt 0.834479 0.509903
vt 0.252605 0.904033
vt 0.827167 0.516239
vt 0.834479 0.516239
vt 0.834479 0.521811
vt 0.827167 0.521811
vt 0.834479 0.527095
vt 0.827167 0.527095
vt 0.155579 0.855617
vt 0.156018 0.855149
vt 0.156161 0.855716
vt 0.156116 0.874426
vt 0.155983 0.875014
vt 0.155528 0.874536
vt 0.009225 0.889427
vt 0.008785 0.888947
vt 0.009373 0.888851
vt 0.009052 0.870155
vt 0.009497 0.869696
vt 0.009626 0.870266
vt 0.174619 0.875259
vt 0.174145 0.875673
vt 0.174062 0.875102
vt 0.027612 0.869630
vt 0.027690 0.869046
vt 0.028172 0.869466
vt 0.174898 0.869323
vt 0.175287 0.869918
vt 0.174690 0.869908
vt 0.028213 0.874905
vt 0.028835 0.874902
vt 0.028420 0.875511
vt 0.161345 0.854703
vt 0.161923 0.855148
vt 0.161306 0.855326
vt 0.014518 0.889303
vt 0.015121 0.889486
vt 0.014547 0.889909
vt 0.863194 0.447815
vt 0.870506 0.447815
vt 0.870506 0.448431
vt 0.863194 0.448431
vt 0.155988 0.868596
vt 0.155352 0.868605
vt 0.870506 0.395915
vt 0.863194 0.395915
vt 0.863194 0.395299
vt 0.870505 0.395299
vt 0.009270 0.882815
vt 0.008664 0.882814
vt 0.013463 0.889896
vt 0.013489 0.889296
vt 0.021284 0.869046
vt 0.021298 0.869651
vt 0.863194 0.414526
vt 0.870506 0.414526
vt 0.870506 0.415142
vt 0.863194 0.415142
vt 0.160971 0.875411
vt 0.161007 0.874799
vt 0.014360 0.869317
vt 0.014396 0.869946
vt 0.160228 0.854693
vt 0.160249 0.855325
vt 0.167892 0.875691
vt 0.167905 0.875068
vt 0.155961 0.861766
vt 0.155352 0.861756
vt 0.009421 0.876021
vt 0.008791 0.876001
vt 0.028801 0.873788
vt 0.028171 0.873833
vt 0.174645 0.870935
vt 0.175233 0.870981
vt 0.015599 0.884743
vt 0.018684 0.879723
vt 0.019140 0.880161
vt 0.016252 0.884821
vt 0.023833 0.876264
vt 0.023935 0.876918
vt 0.170423 0.868536
vt 0.170533 0.867893
vt 0.863194 0.420781
vt 0.870506 0.420781
vt 0.870506 0.421454
vt 0.863194 0.421454
vt 0.863194 0.441667
vt 0.870506 0.441667
vt 0.870506 0.442328
vt 0.863194 0.442328
vt 0.162340 0.859944
vt 0.162998 0.859876
vt 0.165353 0.865029
vt 0.165816 0.864599
vt 0.870506 0.454794
vt 0.863194 0.454794
vt 0.863194 0.443380
vt 0.870506 0.443380
vt 0.160890 0.860595
vt 0.163159 0.866293
vt 0.870506 0.461545
vt 0.870506 0.467649
vt 0.863194 0.467649
vt 0.863194 0.461545
vt 0.863194 0.400992
vt 0.870506 0.400992
vt 0.014168 0.884073
vt 0.016510 0.878428
vt 0.863194 0.407868
vt 0.870506 0.407868
vt 0.169257 0.869968
vt 0.863194 0.419728
vt 0.870506 0.419728
vt 0.022668 0.874801
vt 0.863194 0.426065
vt 0.870506 0.426065
vt 0.870506 0.431636
vt 0.863194 0.431636
vt 0.870506 0.436921
vt 0.863194 0.436921
vt 0.071807 0.869611
vt 0.072238 0.869145
vt 0.072384 0.869705
vt 0.072373 0.888364
vt 0.072236 0.888964
vt 0.071769 0.888473
vt 0.195934 0.877055
vt 0.196363 0.877513
vt 0.195798 0.877615
vt 0.196433 0.896238
vt 0.195979 0.896716
vt 0.195839 0.896135
vt 0.090985 0.889040
vt 0.090514 0.889461
vt 0.090425 0.888890
vt 0.177710 0.896819
vt 0.177631 0.897406
vt 0.177147 0.896984
vt 0.091201 0.883084
vt 0.091598 0.883676
vt 0.090999 0.883672
vt 0.177105 0.891517
vt 0.176480 0.891519
vt 0.176897 0.890907
vt 0.077515 0.868652
vt 0.078092 0.869088
vt 0.077481 0.869271
vt 0.190764 0.877186
vt 0.190172 0.877007
vt 0.190734 0.876592
vt 0.818953 0.537990
vt 0.826265 0.537989
vt 0.826265 0.538606
vt 0.818953 0.538606
vt 0.072238 0.882422
vt 0.071627 0.882429
vt 0.826265 0.558440
vt 0.818953 0.558440
vt 0.818953 0.557823
vt 0.826265 0.557823
vt 0.195966 0.883481
vt 0.196587 0.883470
vt 0.191796 0.876605
vt 0.191772 0.877192
vt 0.184071 0.897406
vt 0.184057 0.896797
vt 0.818953 0.504700
vt 0.826265 0.504700
vt 0.826265 0.505316
vt 0.818953 0.505316
vt 0.077285 0.889335
vt 0.077317 0.888718
vt 0.191045 0.897128
vt 0.191006 0.896493
vt 0.076406 0.868653
vt 0.076433 0.869279
vt 0.084241 0.889546
vt 0.084247 0.888921
vt 0.072228 0.875703
vt 0.071627 0.875696
vt 0.195976 0.890244
vt 0.196586 0.890251
vt 0.176515 0.892639
vt 0.177148 0.892594
vt 0.090965 0.884703
vt 0.091555 0.884743
vt 0.189708 0.881664
vt 0.186663 0.886668
vt 0.186207 0.886231
vt 0.189063 0.881588
vt 0.181506 0.890149
vt 0.181403 0.889492
vt 0.086706 0.882342
vt 0.086810 0.881696
vt 0.818953 0.510956
vt 0.826265 0.510956
vt 0.826265 0.511629
vt 0.818953 0.511629
vt 0.818953 0.531842
vt 0.826265 0.531842
vt 0.826265 0.532502
vt 0.818953 0.532502
vt 0.078550 0.873844
vt 0.079204 0.873770
vt 0.081597 0.878878
vt 0.082054 0.878443
vt 0.826265 0.544969
vt 0.818953 0.544969
vt 0.818953 0.533555
vt 0.826265 0.533555
vt 0.077116 0.874504
vt 0.079416 0.880156
vt 0.826265 0.551719
vt 0.818953 0.551719
vt 0.818953 0.491166
vt 0.818953 0.486090
vt 0.826265 0.486090
vt 0.826265 0.491166
vt 0.191123 0.882319
vt 0.188841 0.887952
vt 0.818953 0.498043
vt 0.826265 0.498043
vt 0.085551 0.883789
vt 0.818953 0.509903
vt 0.826265 0.509903
vt 0.182678 0.891617
vt 0.818953 0.516239
vt 0.826265 0.516239
vt 0.826265 0.521811
vt 0.818953 0.521811
vt 0.826265 0.527095
vt 0.818953 0.527095
vt 0.258414 0.874667
vt 0.257987 0.875122
vt 0.257848 0.874567
vt 0.257877 0.855866
vt 0.258006 0.855275
vt 0.258467 0.855752
vt 0.216943 0.898770
vt 0.217371 0.899228
vt 0.216806 0.899330
vt 0.217441 0.917953
vt 0.216988 0.918431
vt 0.216848 0.917850
vt 0.239322 0.855181
vt 0.239794 0.854763
vt 0.239881 0.855333
vt 0.198718 0.918534
vt 0.198640 0.919121
vt 0.198155 0.918698
vt 0.239091 0.861130
vt 0.238696 0.860538
vt 0.239294 0.860543
vt 0.198114 0.913232
vt 0.197488 0.913234
vt 0.197905 0.912622
vt 0.252740 0.875597
vt 0.252166 0.875162
vt 0.252775 0.874982
vt 0.211772 0.898901
vt 0.211180 0.898722
vt 0.211743 0.898307
vt 0.883759 0.505924
vt 0.876447 0.505924
vt 0.876447 0.505307
vt 0.883759 0.505307
vt 0.258038 0.861721
vt 0.258680 0.861710
vt 0.876447 0.557823
vt 0.883759 0.557823
vt 0.883759 0.558440
vt 0.876447 0.558440
vt 0.216974 0.905196
vt 0.217595 0.905185
vt 0.212804 0.898320
vt 0.212780 0.898907
vt 0.205079 0.919121
vt 0.205066 0.918512
vt 0.883759 0.539213
vt 0.876447 0.539213
vt 0.876447 0.538597
vt 0.883759 0.538597
vt 0.252997 0.854916
vt 0.252966 0.855529
vt 0.212054 0.918843
vt 0.212014 0.918208
vt 0.253844 0.875598
vt 0.253819 0.874975
vt 0.246058 0.854693
vt 0.246051 0.855317
vt 0.258048 0.868632
vt 0.258680 0.868644
vt 0.216984 0.911959
vt 0.217594 0.911966
vt 0.197523 0.914354
vt 0.198156 0.914309
vt 0.239331 0.859514
vt 0.238742 0.859472
vt 0.210716 0.903379
vt 0.207671 0.908383
vt 0.207215 0.907946
vt 0.210071 0.903303
vt 0.202514 0.911864
vt 0.202411 0.911207
vt 0.243580 0.861883
vt 0.243475 0.862528
vt 0.883759 0.532958
vt 0.876447 0.532958
vt 0.876447 0.532284
vt 0.883759 0.532284
vt 0.883759 0.512071
vt 0.876447 0.512071
vt 0.876447 0.511411
vt 0.883759 0.511411
vt 0.251718 0.870421
vt 0.251064 0.870494
vt 0.248683 0.865359
vt 0.248223 0.865792
vt 0.876447 0.498944
vt 0.883759 0.498944
vt 0.883759 0.510358
vt 0.876447 0.510358
vt 0.253154 0.869768
vt 0.250870 0.864080
vt 0.876447 0.492194
vt 0.876447 0.486090
vt 0.883759 0.486090
vt 0.883759 0.492194
vt 0.883759 0.552747
vt 0.876447 0.552747
vt 0.212132 0.904034
vt 0.209849 0.909667
vt 0.883759 0.545870
vt 0.876447 0.545870
vt 0.244738 0.860440
vt 0.883759 0.534010
vt 0.876447 0.534010
vt 0.203686 0.913332
vt 0.883759 0.527674
vt 0.876447 0.527674
vt 0.876447 0.522102
vt 0.883759 0.522102
vt 0.876447 0.516818
vt 0.883759 0.516818
vt 0.851284 0.579415
vt 0.850845 0.579882
vt 0.850702 0.579316
vt 0.850747 0.560606
vt 0.850881 0.560017
vt 0.851335 0.560496
vt 0.135177 0.918651
vt 0.134746 0.918191
vt 0.135314 0.918089
vt 0.134698 0.899309
vt 0.135171 0.898819
vt 0.135305 0.899422
vt 0.832244 0.559773
vt 0.832718 0.559359
vt 0.832801 0.559929
vt 0.153389 0.899027
vt 0.153475 0.898461
vt 0.153938 0.898875
vt 0.831965 0.565709
vt 0.831576 0.565114
vt 0.832173 0.565124
vt 0.153953 0.904226
vt 0.154567 0.904225
vt 0.154156 0.904825
vt 0.845518 0.580329
vt 0.844940 0.579884
vt 0.845557 0.579706
vt 0.140372 0.918514
vt 0.140966 0.918694
vt 0.140402 0.919111
vt 0.850905 0.506540
vt 0.843593 0.506540
vt 0.843593 0.505924
vt 0.850905 0.505924
vt 0.850875 0.566435
vt 0.851511 0.566426
vt 0.843593 0.486090
vt 0.850905 0.486090
vt 0.850905 0.486706
vt 0.843593 0.486706
vt 0.135141 0.912194
vt 0.134517 0.912205
vt 0.139335 0.919099
vt 0.139359 0.918509
vt 0.147210 0.898335
vt 0.147211 0.898960
vt 0.850905 0.539829
vt 0.843593 0.539829
vt 0.843593 0.539213
vt 0.850905 0.539213
vt 0.845892 0.559621
vt 0.845856 0.560232
vt 0.140239 0.898488
vt 0.140266 0.899106
vt 0.846635 0.580339
vt 0.846614 0.579707
vt 0.838971 0.559341
vt 0.838958 0.559963
vt 0.850902 0.573266
vt 0.851511 0.573275
vt 0.135134 0.905390
vt 0.134517 0.905381
vt 0.154535 0.903126
vt 0.153915 0.903169
vt 0.832218 0.564097
vt 0.831630 0.564051
vt 0.141429 0.914017
vt 0.144483 0.909004
vt 0.144938 0.909441
vt 0.142076 0.914093
vt 0.149621 0.905558
vt 0.149722 0.906207
vt 0.836440 0.566495
vt 0.836330 0.567138
vt 0.850905 0.533574
vt 0.843593 0.533574
vt 0.843593 0.532901
vt 0.850905 0.532901
vt 0.850905 0.512687
vt 0.843593 0.512687
vt 0.843593 0.512027
vt 0.850905 0.512027
vt 0.844523 0.575088
vt 0.843865 0.575156
vt 0.841510 0.570002
vt 0.841047 0.570433
vt 0.843593 0.499560
vt 0.850905 0.499560
vt 0.850905 0.510975
vt 0.843593 0.510975
vt 0.845973 0.574436
vt 0.843704 0.568739
vt 0.843593 0.492810
vt 0.850905 0.492810
vt 0.850905 0.553363
vt 0.850905 0.558440
vt 0.843593 0.558440
vt 0.843593 0.553363
vt 0.140008 0.913360
vt 0.142309 0.907714
vt 0.850905 0.546486
vt 0.843593 0.546486
vt 0.837606 0.565064
vt 0.850905 0.534626
vt 0.843593 0.534626
vt 0.148470 0.904101
vt 0.850905 0.528290
vt 0.843593 0.528290
vt 0.843593 0.522719
vt 0.850905 0.522719
vt 0.843593 0.517434
vt 0.850905 0.517434
vt 0.218087 0.833717
vt 0.218526 0.833250
vt 0.218669 0.833817
vt 0.218624 0.852527
vt 0.218490 0.853115
vt 0.218036 0.852637
vt 0.301999 0.896869
vt 0.301567 0.896407
vt 0.302137 0.896305
vt 0.301648 0.877627
vt 0.302093 0.877164
vt 0.302224 0.877736
vt 0.237127 0.853359
vt 0.236652 0.853773
vt 0.236570 0.853203
vt 0.320271 0.877082
vt 0.320356 0.876491
vt 0.320846 0.876923
vt 0.237406 0.847424
vt 0.237795 0.848018
vt 0.237198 0.848008
vt 0.320849 0.882401
vt 0.321458 0.882400
vt 0.321052 0.883001
vt 0.223853 0.832803
vt 0.224431 0.833248
vt 0.223814 0.833426
vt 0.307212 0.896735
vt 0.307808 0.896915
vt 0.307242 0.897334
vt 0.867332 0.505924
vt 0.860020 0.505924
vt 0.860020 0.505307
vt 0.867332 0.505307
vt 0.218496 0.846697
vt 0.217860 0.846706
vt 0.860020 0.557823
vt 0.867332 0.557823
vt 0.867332 0.558439
vt 0.860020 0.558439
vt 0.301979 0.890389
vt 0.301351 0.890396
vt 0.306172 0.897321
vt 0.306196 0.896729
vt 0.313917 0.876491
vt 0.313931 0.877098
vt 0.867332 0.539213
vt 0.860020 0.539213
vt 0.860020 0.538597
vt 0.867332 0.538597
vt 0.223479 0.853512
vt 0.223515 0.852900
vt 0.306973 0.876773
vt 0.307011 0.877403
vt 0.222736 0.832793
vt 0.222757 0.833425
vt 0.230400 0.853791
vt 0.230413 0.853169
vt 0.218469 0.839867
vt 0.217860 0.839857
vt 0.302044 0.883517
vt 0.301409 0.883502
vt 0.321420 0.881313
vt 0.320817 0.881352
vt 0.237153 0.849035
vt 0.237741 0.849082
vt 0.308275 0.892225
vt 0.311334 0.887201
vt 0.311791 0.887638
vt 0.308923 0.892301
vt 0.316483 0.883737
vt 0.316585 0.884390
vt 0.232931 0.846637
vt 0.233041 0.845994
vt 0.867332 0.532958
vt 0.860020 0.532958
vt 0.860020 0.532284
vt 0.867332 0.532284
vt 0.867332 0.512071
vt 0.860020 0.512071
vt 0.860020 0.511411
vt 0.867332 0.511411
vt 0.224847 0.838045
vt 0.225506 0.837977
vt 0.227861 0.843130
vt 0.228324 0.842700
vt 0.860020 0.498944
vt 0.867332 0.498944
vt 0.867332 0.510358
vt 0.860020 0.510358
vt 0.223398 0.838696
vt 0.225667 0.844394
vt 0.860020 0.492194
vt 0.860020 0.486090
vt 0.867332 0.486090
vt 0.867332 0.492194
vt 0.867332 0.552747
vt 0.860020 0.552747
vt 0.306851 0.891566
vt 0.309155 0.885910
vt 0.867332 0.545870
vt 0.860020 0.545870
vt 0.231765 0.848069
vt 0.867332 0.534010
vt 0.860020 0.534010
vt 0.315319 0.882273
vt 0.867332 0.527674
vt 0.860020 0.527674
vt 0.860020 0.522102
vt 0.867332 0.522102
vt 0.860020 0.516818
vt 0.867332 0.516818
vt 0.040429 0.869808
vt 0.040860 0.869341
vt 0.041007 0.869901
vt 0.040996 0.888560
vt 0.040858 0.889160
vt 0.040391 0.888670
vt 0.195927 0.898766
vt 0.196357 0.899225
vt 0.195791 0.899327
vt 0.196411 0.918048
vt 0.195941 0.918535
vt 0.195807 0.917935
vt 0.059607 0.889237
vt 0.059136 0.889657
vt 0.059047 0.889086
vt 0.177715 0.918485
vt 0.177635 0.919067
vt 0.177156 0.918646
vt 0.059823 0.883280
vt 0.060220 0.883872
vt 0.059622 0.883869
vt 0.177125 0.913214
vt 0.176503 0.913216
vt 0.176919 0.912608
vt 0.046137 0.868849
vt 0.046714 0.869285
vt 0.046104 0.869467
vt 0.190745 0.898903
vt 0.190152 0.898724
vt 0.190715 0.898307
vt 0.886932 0.415749
vt 0.879620 0.415749
vt 0.879620 0.415133
vt 0.886932 0.415133
vt 0.040861 0.882618
vt 0.040249 0.882625
vt 0.879620 0.395299
vt 0.886932 0.395299
vt 0.886932 0.395915
vt 0.879620 0.395915
vt 0.195964 0.905207
vt 0.196587 0.905196
vt 0.191779 0.898319
vt 0.191755 0.898908
vt 0.184029 0.919092
vt 0.184019 0.918490
vt 0.886932 0.449038
vt 0.879620 0.449038
vt 0.879620 0.448422
vt 0.886932 0.448422
vt 0.045908 0.889531
vt 0.045939 0.888914
vt 0.190903 0.918878
vt 0.190873 0.918266
vt 0.045028 0.868849
vt 0.045055 0.869476
vt 0.052863 0.889742
vt 0.052870 0.889117
vt 0.040850 0.875900
vt 0.040249 0.875892
vt 0.195972 0.911992
vt 0.196587 0.912001
vt 0.176536 0.914329
vt 0.177165 0.914285
vt 0.059587 0.884899
vt 0.060177 0.884939
vt 0.189691 0.903390
vt 0.186645 0.908397
vt 0.186189 0.907961
vt 0.189045 0.903314
vt 0.181504 0.911861
vt 0.181401 0.911207
vt 0.055328 0.882538
vt 0.055432 0.881892
vt 0.886932 0.442783
vt 0.879620 0.442783
vt 0.879620 0.442110
vt 0.886932 0.442110
vt 0.886932 0.421897
vt 0.879620 0.421897
vt 0.879620 0.421236
vt 0.886932 0.421236
vt 0.047172 0.874040
vt 0.047826 0.873966
vt 0.050219 0.879074
vt 0.050676 0.878640
vt 0.879620 0.408769
vt 0.886932 0.408769
vt 0.886932 0.420184
vt 0.879620 0.420184
vt 0.045738 0.874701
vt 0.048038 0.880353
vt 0.879620 0.402019
vt 0.886932 0.402019
vt 0.886932 0.462572
vt 0.886932 0.467649
vt 0.879620 0.467649
vt 0.879620 0.462572
vt 0.191109 0.904045
vt 0.188819 0.909683
vt 0.886932 0.455696
vt 0.879620 0.455696
vt 0.054173 0.883985
vt 0.886932 0.443836
vt 0.879620 0.443836
vt 0.182669 0.913324
vt 0.886932 0.437499
vt 0.879620 0.437499
vt 0.879620 0.431928
vt 0.886932 0.431928
vt 0.879620 0.426643
vt 0.886932 0.426643
vt 0.279299 0.874667
vt 0.278872 0.875122
vt 0.278733 0.874567
vt 0.278761 0.855866
vt 0.278891 0.855275
vt 0.279351 0.855752
vt 0.156124 0.918658
vt 0.155695 0.918200
vt 0.156260 0.918099
vt 0.155626 0.899475
vt 0.156079 0.898997
vt 0.156219 0.899578
vt 0.260207 0.855181
vt 0.260679 0.854763
vt 0.260766 0.855333
vt 0.174348 0.898894
vt 0.174427 0.898307
vt 0.174911 0.898730
vt 0.259976 0.861130
vt 0.259581 0.860538
vt 0.260179 0.860543
vt 0.174953 0.904196
vt 0.175578 0.904194
vt 0.175161 0.904806
vt 0.273625 0.875597
vt 0.273051 0.875162
vt 0.273659 0.874981
vt 0.161294 0.918527
vt 0.161886 0.918706
vt 0.161324 0.919121
vt 0.891972 0.505924
vt 0.884660 0.505924
vt 0.884660 0.505307
vt 0.891972 0.505307
vt 0.278923 0.861721
vt 0.279564 0.861710
vt 0.884660 0.557823
vt 0.891972 0.557823
vt 0.891972 0.558440
vt 0.884660 0.558440
vt 0.156092 0.912233
vt 0.155472 0.912243
vt 0.160262 0.919108
vt 0.160286 0.918521
vt 0.167987 0.898307
vt 0.168001 0.898916
vt 0.891972 0.539213
vt 0.884660 0.539213
vt 0.884660 0.538597
vt 0.891972 0.538597
vt 0.273882 0.854915
vt 0.273851 0.855529
vt 0.161013 0.898585
vt 0.161052 0.899220
vt 0.274729 0.875598
vt 0.274704 0.874974
vt 0.266943 0.854693
vt 0.266936 0.855317
vt 0.278933 0.868632
vt 0.279564 0.868644
vt 0.156083 0.905469
vt 0.155472 0.905462
vt 0.175543 0.903074
vt 0.174911 0.903119
vt 0.260216 0.859513
vt 0.259626 0.859472
vt 0.162350 0.914049
vt 0.165395 0.909045
vt 0.165852 0.909483
vt 0.162995 0.914125
vt 0.170552 0.905564
vt 0.170656 0.906221
vt 0.264465 0.861883
vt 0.264360 0.862528
vt 0.891972 0.532958
vt 0.884660 0.532958
vt 0.884660 0.532284
vt 0.891972 0.532284
vt 0.891972 0.512071
vt 0.884660 0.512071
vt 0.884660 0.511411
vt 0.891972 0.511411
vt 0.272602 0.870421
vt 0.271949 0.870493
vt 0.269567 0.865358
vt 0.269107 0.865792
vt 0.884660 0.498944
vt 0.891972 0.498944
vt 0.891972 0.510358
vt 0.884660 0.510358
vt 0.274038 0.869768
vt 0.271755 0.864080
vt 0.884660 0.492194
vt 0.884660 0.486090
vt 0.891972 0.486090
vt 0.891972 0.492194
vt 0.891972 0.552747
vt 0.884660 0.552747
vt 0.160935 0.913394
vt 0.163217 0.907761
vt 0.891972 0.545870
vt 0.884660 0.545870
vt 0.265622 0.860440
vt 0.891972 0.534010
vt 0.884660 0.534010
vt 0.169380 0.904097
vt 0.891972 0.527674
vt 0.884660 0.527674
vt 0.884660 0.522102
vt 0.891972 0.522102
vt 0.884660 0.516818
vt 0.891972 0.516818
s 0
f 9/1/1 10/2/2 11/3/3
f 12/4/4 13/5/5 14/6/6
f 15/7/7 16/8/8 17/9/9
f 18/10/10 19/11/11 20/12/12
f 21/13/13 22/14/14 23/15/15
f 24/16/16 25/17/17 26/18/18
f 27/19/19 28/20/20 29/21/21
f 30/22/22 31/23/23 32/24/24
f 18/10/25 9/1/26 11/3/27 19/11/28
f 10/25/2 12/26/4 14/27/6 11/28/3
f 13/5/29 15/7/30 17/9/31 14/6/32
f 16/29/8 20/30/12 19/31/11 17/32/9
f 23/15/33 18/10/25 20/30/12 21/33/13
f 15/7/30 24/16/34 26/34/18 16/29/8
f 25/35/17 22/36/14 21/33/13 26/34/18
f 30/22/35 23/15/33 22/14/36 31/23/37
f 24/16/34 27/19/38 29/21/39 25/17/40
f 28/37/20 32/38/24 31/39/23 29/40/21
f 9/1/26 30/22/35 32/41/24 10/42/2
f 27/19/38 13/5/29 12/43/4 28/44/20
f 34/45/41 37/46/42 38/47/43 33/48/44
f 37/46/45 39/49/46 40/50/47 38/47/48
f 39/51/46 41/52/49 42/53/50 40/54/47
f 41/52/51 35/55/52 36/56/53 42/53/50
f 44/57/54 47/58/55 48/59/56 43/60/57
f 47/58/58 49/61/59 50/62/60 48/59/61
f 49/63/59 51/64/62 52/65/63 50/66/60
f 51/64/64 45/67/65 46/68/66 52/65/63
f 54/69/67 57/70/68 58/71/69 53/72/70
f 57/70/71 59/73/72 60/74/73 58/71/74
f 59/75/72 61/76/75 62/77/76 60/78/73
f 61/76/77 55/79/78 56/80/79 62/77/76
f 64/81/80 67/82/81 68/83/82 63/84/83
f 67/82/84 69/85/85 70/86/86 68/83/87
f 69/87/85 71/88/88 72/89/89 70/90/86
f 71/88/90 65/91/91 66/92/92 72/89/89
f 74/93/93 77/94/94 78/95/95 73/96/96
f 77/94/97 79/97/98 80/98/99 78/95/100
f 79/99/98 81/100/101 82/101/102 80/102/99
f 81/100/103 75/103/104 76/104/105 82/101/102
f 84/105/106 87/106/107 88/107/108 83/108/109
f 87/106/110 89/109/111 90/110/112 88/107/113
f 89/111/111 91/112/114 92/113/115 90/114/112
f 91/112/116 85/115/117 86/116/118 92/113/115
f 94/117/119 97/118/120 98/119/121 93/120/122
f 97/118/123 99/121/124 100/122/125 98/119/126
f 99/123/124 101/124/127 102/125/128 100/126/125
f 101/124/129 95/127/130 96/128/131 102/125/128
f 104/129/132 107/130/133 108/131/134 103/132/135
f 107/130/136 109/133/137 110/134/138 108/131/139
f 109/135/137 111/136/140 112/137/141 110/138/138
f 111/136/142 105/139/143 106/140/144 112/137/141
f 43/60/57 36/56/145 35/55/146 44/57/147
f 53/72/70 66/92/148 65/91/149 54/69/150
f 93/120/151 56/80/152 55/79/78 94/117/119
f 33/48/153 76/104/154 75/103/104 34/45/41
f 45/67/65 84/105/106 83/108/155 46/68/156
f 63/84/157 106/140/158 105/139/143 64/81/80
f 103/132/135 96/128/159 95/127/160 104/129/161
f 73/96/96 86/116/162 85/115/163 74/93/164
f 18/10/165 23/15/15 30/22/166 9/1/1
f 11/28/3 14/27/6 17/32/9 19/31/11
f 5/141/167 76/142/168 33/143/44 1/144/167 10/42/2 32/41/24
f 1/145/167 36/146/53 43/147/57 2/148/167 12/26/4 10/25/2
f 24/16/169 15/7/7 13/5/170 27/19/19
f 2/149/167 46/150/171 83/151/109 6/152/167 28/44/20 12/43/4
f 8/153/172 106/154/173 63/155/83 4/156/172 16/29/8 26/34/18
f 4/156/172 66/157/92 53/158/70 3/159/172 20/30/12 16/29/8
f 3/159/172 56/160/174 93/161/122 7/162/172 21/33/13 20/30/12
f 22/36/14 25/35/17 29/40/21 31/39/23
f 7/162/172 96/163/131 103/164/135 8/153/172 26/34/18 21/33/13
f 6/165/167 86/166/118 73/167/96 5/168/167 32/38/24 28/37/20
f 33/143/44 38/169/175 1/144/167
f 34/45/176 55/79/177 61/76/75 37/46/45
f 94/117/119 55/79/78 34/45/41 75/103/104
f 41/52/49 57/70/71 54/69/178 35/55/179
f 42/170/50 36/146/53 1/145/167
f 35/55/52 54/69/67 65/91/91 44/57/54
f 38/169/175 40/171/47 1/144/167
f 37/46/42 61/76/77 59/75/180 39/49/46
f 40/172/47 42/170/50 1/145/167
f 39/51/181 59/73/72 57/70/182 41/52/51
f 43/147/57 48/173/183 2/148/167
f 44/57/184 65/91/185 71/88/88 47/58/58
f 51/64/62 67/82/84 64/81/186 45/67/187
f 52/174/63 46/150/171 2/149/167
f 64/81/80 105/139/143 84/105/106 45/67/65
f 48/173/183 50/175/60 2/148/167
f 47/58/188 71/88/90 69/87/189 49/61/59
f 50/176/60 52/174/63 2/149/167
f 49/63/190 69/85/85 67/82/81 51/64/64
f 53/158/70 58/177/191 3/159/172
f 62/178/76 56/160/174 3/159/172
f 58/177/191 60/179/73 3/159/172
f 60/179/73 62/178/76 3/159/172
f 63/155/83 68/180/192 4/156/172
f 72/181/89 66/157/92 4/156/172
f 68/180/192 70/182/86 4/156/172
f 70/182/86 72/181/89 4/156/172
f 73/167/96 78/183/193 5/168/167
f 101/124/127 77/94/97 74/93/194 95/127/195
f 95/127/130 74/93/93 85/115/117 104/129/132
f 94/117/196 75/103/197 81/100/101 97/118/123
f 82/184/102 76/142/168 5/141/167
f 78/183/193 80/185/99 5/168/167
f 99/123/198 79/97/98 77/94/94 101/124/129
f 80/186/99 82/184/102 5/141/167
f 97/118/120 81/100/103 79/99/199 99/121/124
f 83/151/109 88/187/200 6/152/167
f 111/136/140 87/106/110 84/105/201 105/139/202
f 104/129/203 85/115/204 91/112/114 107/130/136
f 92/188/115 86/166/118 6/165/167
f 88/187/200 90/189/112 6/152/167
f 109/135/205 89/109/111 87/106/107 111/136/142
f 90/190/112 92/188/115 6/165/167
f 107/130/133 91/112/116 89/111/206 109/133/137
f 93/161/122 98/191/207 7/162/172
f 102/192/128 96/163/131 7/162/172
f 98/191/207 100/193/125 7/162/172
f 100/193/125 102/192/128 7/162/172
f 103/164/135 108/194/208 8/153/172
f 112/195/141 106/154/173 8/153/172
f 108/194/208 110/196/138 8/153/172
f 110/196/138 112/195/141 8/153/172
f 119/197/209 120/198/210 121/199/211
f 122/200/212 123/201/213 124/202/214
f 125/203/215 126/204/216 127/205/217
f 128/206/218 129/207/219 130/208/220
f 131/209/221 132/210/222 133/211/223
f 134/212/224 135/213/225 136/214/226
f 169/215/227 170/216/228 171/217/229
f 172/218/230 173/219/231 174/220/232
f 179/221/233 180/222/234 181/223/235
f 182/224/236 183/225/237 184/226/238
f 125/227/239 120/228/240 119/229/241 126/230/242
f 151/231/243 122/200/212 124/202/244 152/232/245
f 123/233/246 129/234/219 128/235/247 124/236/214
f 156/237/248 127/205/217 126/204/249 155/238/250
f 138/239/251 125/203/215 127/205/217 137/240/252
f 142/241/253 135/213/225 134/212/224 141/242/254
f 135/243/255 132/244/222 131/245/221 136/246/256
f 147/247/257 123/201/213 122/200/258 148/248/259
f 129/207/219 139/249/253 140/250/260 130/208/261
f 139/249/253 142/241/253 141/242/254 140/250/260
f 120/198/210 143/251/262 144/252/263 121/199/264
f 132/210/265 145/253/257 146/254/266 133/211/223
f 145/253/257 147/247/257 148/248/259 146/254/266
f 121/199/264 149/255/267 150/256/245 119/197/268
f 149/255/267 151/231/243 152/232/245 150/256/245
f 130/208/269 153/257/270 154/258/250 128/206/271
f 153/257/270 156/237/248 155/238/250 154/258/250
f 136/214/256 157/259/272 158/260/273 134/212/224
f 133/211/223 163/261/274 164/262/275 131/209/221
f 176/263/276 161/264/277 162/265/278 175/266/279
f 166/267/280 172/218/281 174/220/282 165/268/283
f 171/217/229 167/269/284 168/270/285 169/215/227
f 163/261/274 171/217/286 170/216/228 164/262/275
f 173/271/287 170/272/228 169/273/227 174/274/232
f 137/240/252 182/224/288 184/226/289 138/239/251
f 183/275/290 180/276/291 179/277/233 184/278/238
f 178/279/292 181/223/293 180/222/294 177/280/295
f 181/223/296 144/252/263 143/251/262 179/221/233
f 182/224/288 176/263/297 175/266/298 183/225/237
f 172/218/299 158/260/273 157/259/272 173/219/300
f 160/281/301 178/279/302 177/280/303 159/282/304
f 167/269/305 160/281/306 159/282/304 168/270/307
f 161/264/277 166/267/308 165/268/309 162/265/278
f 119/229/209 150/283/245 155/284/250 126/230/216
f 125/227/239 138/285/251 143/286/262 120/228/240
f 144/252/263 115/287/167 149/255/267 121/199/264
f 114/288/167 148/248/259 122/200/310 151/231/311
f 152/289/245 124/290/214 128/291/218 154/292/250
f 139/293/253 129/234/219 123/233/213 147/294/257
f 127/205/217 156/237/248 117/295/172 137/240/252
f 153/257/312 130/208/313 140/250/260 116/296/172
f 135/243/255 142/297/253 145/298/257 132/244/222
f 163/261/274 133/211/223 146/254/266 113/299/167
f 157/300/272 136/246/256 131/245/221 164/301/275
f 118/302/172 141/242/254 134/212/224 158/260/273
f 117/295/172 176/263/276 182/224/288 137/240/252
f 143/286/262 138/285/251 184/278/314 179/277/315
f 116/296/172 140/250/260 141/242/254 118/302/172
f 142/297/253 139/293/253 147/294/257 145/298/257
f 144/252/263 181/223/293 178/279/302 115/287/167
f 113/299/167 146/254/266 148/248/259 114/288/167
f 150/283/245 152/289/245 154/292/250 155/284/250
f 115/287/167 114/288/167 151/231/311 149/255/267
f 156/237/248 153/257/312 116/296/172 117/295/172
f 172/218/316 166/267/317 118/302/172 158/260/273
f 157/300/272 164/301/275 170/272/318 173/271/231
f 160/281/306 114/288/167 115/287/167 178/279/302
f 165/303/283 168/304/285 159/305/319 162/306/278
f 177/307/320 175/308/321 162/306/322 159/305/304
f 114/288/167 160/281/306 167/269/323 113/299/167
f 176/263/276 117/295/172 116/296/172 161/264/277
f 118/302/172 166/267/317 161/264/277 116/296/172
f 167/269/323 171/217/324 163/261/274 113/299/167
f 174/274/232 169/273/227 168/304/307 165/303/309
f 180/276/294 183/275/290 175/308/325 177/307/303
f 185/309/326 186/310/327 187/311/328
f 188/312/329 189/313/330 190/314/331
f 199/315/332 200/316/333 201/317/334
f 202/318/335 203/319/336 204/320/337
f 209/321/338 210/322/339 211/323/340
f 212/324/330 213/325/331 214/326/329
f 215/327/327 216/328/328 217/329/326
f 226/330/341 227/331/342 228/332/343
f 229/333/344 230/334/345 231/335/346
f 236/336/347 237/337/348 238/338/349
f 239/339/350 240/340/351 241/341/352
f 242/342/353 243/343/354 244/344/355
f 251/345/356 252/346/357 253/347/358
f 254/348/335 255/349/336 256/350/337
f 257/351/332 258/352/333 259/353/334
f 264/354/359 265/355/360 266/356/361
f 267/357/355 268/358/353 269/359/354
f 270/360/352 271/361/350 272/362/351
f 281/363/344 282/364/345 283/365/346
f 284/366/341 285/367/342 286/368/343
f 291/369/362 292/370/363 293/371/364
f 294/372/365 295/373/366 296/374/367
f 297/375/368 298/376/369 299/377/370
f 308/378/371 309/379/372 310/380/373
f 311/381/374 312/382/375 313/383/376
f 318/384/377 319/385/378 320/386/379
f 321/387/370 322/388/368 323/389/369
f 324/390/367 325/391/365 326/392/366
f 335/393/380 336/394/381 337/395/382
f 338/396/383 339/397/384 340/398/385
f 345/399/386 346/400/387 347/401/388
f 348/402/389 349/403/390 350/404/391
f 351/405/392 352/406/393 353/407/394
f 360/408/395 361/409/396 362/410/397
f 363/411/374 364/412/375 365/413/376
f 366/414/371 367/415/372 368/416/373
f 373/417/398 374/418/399 375/419/400
f 376/420/393 377/421/394 378/422/392
f 379/423/390 380/424/391 381/425/389
f 390/426/383 391/427/384 392/428/385
f 393/429/380 394/430/381 395/431/382
f 400/432/401 401/433/402 402/434/403
f 193/435/404 185/436/405 187/437/406 194/438/407
f 186/310/408 188/312/409 190/314/410 187/311/328
f 207/439/411 191/440/412 192/441/413 208/442/414
f 189/443/415 195/444/416 196/445/417 190/446/331
f 199/315/332 202/318/335 204/320/418 200/316/419
f 191/440/412 201/447/334 200/448/420 192/441/421
f 203/449/422 193/435/423 194/438/424 204/450/425
f 198/451/426 225/452/427 224/453/428 197/454/429
f 331/455/430 304/456/431 305/457/432 332/458/433
f 197/454/434 205/459/435 206/460/436 198/451/426
f 236/336/347 291/369/437 293/371/364 237/337/348
f 210/461/438 207/439/439 208/442/414 211/462/440
f 287/463/441 260/464/442 261/465/443 288/466/444
f 221/467/445 213/468/331 212/469/415 220/470/446
f 213/325/410 216/328/328 215/327/408 214/326/409
f 235/471/447 219/472/448 218/473/449 234/474/450
f 216/475/406 223/476/451 222/477/452 217/478/405
f 228/332/453 230/334/454 229/333/344 226/330/341
f 219/472/455 228/479/456 227/480/457 218/473/458
f 230/481/459 221/467/460 220/470/461 231/482/346
f 225/452/462 233/483/463 232/484/464 224/453/465
f 318/384/466 373/417/467 375/419/400 319/385/378
f 237/485/468 235/471/447 234/474/450 238/486/349
f 248/487/469 240/488/351 239/489/470 247/490/471
f 240/340/472 243/343/354 242/342/473 241/341/474
f 263/491/475 246/492/476 245/493/477 262/494/478
f 243/495/479 250/496/480 249/497/481 244/498/482
f 256/350/418 258/352/419 257/351/332 254/348/335
f 246/492/483 256/499/425 255/500/422 245/493/484
f 258/501/420 248/487/485 247/490/486 259/502/334
f 251/345/487 279/503/488 280/504/489 252/346/490
f 387/505/491 359/506/492 358/507/493 386/508/494
f 252/346/495 261/465/496 260/464/497 253/347/358
f 265/509/498 263/491/475 262/494/478 266/510/361
f 341/511/499 314/512/500 315/513/501 342/514/502
f 275/515/503 267/516/482 269/517/479 276/518/504
f 268/358/473 270/360/474 272/362/472 269/359/354
f 289/519/505 273/520/506 274/521/507 290/522/508
f 271/523/470 277/524/509 278/525/510 272/526/351
f 281/363/344 284/366/341 286/368/453 282/364/454
f 273/520/506 283/527/346 282/528/459 274/521/511
f 285/529/457 275/515/512 276/518/513 286/530/456
f 279/503/464 287/463/465 288/466/514 280/504/489
f 292/531/515 289/519/516 290/522/508 293/532/517
f 303/533/518 295/534/366 294/535/519 302/536/520
f 295/373/521 298/376/369 297/375/522 296/374/523
f 317/537/524 301/538/525 300/539/526 316/540/527
f 298/541/528 305/457/529 304/456/530 299/542/531
f 310/380/532 312/382/533 311/381/374 308/378/371
f 301/538/534 310/543/535 309/544/536 300/539/537
f 312/545/538 303/533/539 302/536/540 313/546/376
f 306/547/541 333/548/542 334/549/543 307/550/544
f 225/452/462 198/451/426 196/445/545 223/476/546
f 307/550/547 315/513/548 314/512/549 306/547/550
f 347/401/388 401/433/402 400/432/401 345/399/551
f 319/551/552 317/537/524 316/540/527 320/552/379
f 397/553/553 370/554/554 369/555/555 396/556/542
f 329/557/556 321/558/531 323/559/528 330/560/557
f 322/388/522 324/390/523 326/392/521 323/389/369
f 343/561/558 327/562/559 328/563/560 344/564/561
f 325/565/519 331/455/562 332/458/563 326/566/366
f 335/393/380 338/396/383 340/398/564 336/394/565
f 327/562/559 337/567/382 336/568/566 328/563/567
f 339/569/568 329/557/569 330/560/570 340/570/385
f 333/548/571 341/511/572 342/514/573 334/549/543
f 263/491/475 265/509/498 211/462/440 208/442/414
f 346/571/574 343/561/575 344/564/561 347/572/576
f 356/573/577 348/574/578 350/575/579 357/576/580
f 349/403/581 351/405/582 353/407/583 350/404/391
f 371/577/584 354/578/585 355/579/586 372/580/587
f 352/581/588 358/507/589 359/506/590 353/582/394
f 363/411/374 366/414/371 368/416/532 364/412/533
f 354/578/585 365/583/376 364/584/538 355/579/591
f 367/585/536 356/573/592 357/576/593 368/586/535
f 362/410/594 389/587/595 388/588/499 360/408/596
f 280/504/489 278/525/597 250/496/598 252/346/495
f 361/409/396 369/555/599 370/554/600 362/410/397
f 374/589/601 371/577/602 372/580/587 375/590/603
f 232/591/604 205/592/605 314/593/606 341/594/607
f 385/595/608 377/596/394 376/597/588 384/598/609
f 377/421/583 380/424/391 379/423/581 378/422/582
f 399/599/610 383/600/611 382/601/612 398/602/613
f 380/603/579 387/505/614 386/508/615 381/604/578
f 392/428/564 394/430/565 393/429/380 390/426/383
f 383/600/616 392/605/617 391/606/568 382/601/618
f 394/607/566 385/595/619 384/598/620 395/608/382
f 389/587/621 397/553/622 396/556/571 388/588/572
f 401/609/623 399/599/610 398/602/613 402/610/403
f 185/611/326 294/612/365 296/374/624 186/310/625
f 188/312/626 297/375/627 299/613/370 189/614/330
f 201/317/334 309/379/372 308/378/371 199/315/332
f 202/318/335 311/381/374 313/383/376 203/319/336
f 209/321/338 318/384/377 320/386/628 210/322/339
f 214/326/626 322/388/627 321/615/370 212/616/330
f 217/617/326 325/618/365 324/390/624 215/327/625
f 226/330/341 335/393/380 337/395/629 227/331/457
f 231/335/630 339/397/568 338/396/383 229/333/344
f 238/338/631 346/400/387 345/399/551 236/336/347
f 241/341/632 349/403/633 348/402/389 239/339/350
f 244/344/355 352/406/393 351/405/634 242/342/635
f 253/619/636 361/620/637 360/621/596 251/622/487
f 254/348/335 363/411/374 365/413/638 255/349/336
f 259/353/639 367/415/372 366/414/371 257/351/332
f 266/356/640 374/418/399 373/417/398 264/354/359
f 267/357/355 376/420/393 378/422/634 268/358/635
f 270/360/632 379/423/633 381/425/389 271/361/350
f 283/365/630 391/427/384 390/426/383 281/363/344
f 284/366/341 393/429/380 395/431/629 285/367/342
f 291/369/437 400/432/401 402/434/641 292/370/363
f 185/623/326 193/624/423 302/625/540 294/626/365
f 187/437/406 190/446/331 196/445/545 194/438/424
f 188/312/626 186/310/625 296/374/624 297/375/627
f 195/627/416 189/628/330 299/629/370 304/630/530
f 191/631/412 207/632/439 316/633/527 300/634/642
f 194/438/424 196/445/545 198/451/426 192/441/643
f 192/441/421 198/451/426 206/460/436 208/442/414
f 194/438/424 192/441/421 200/448/420 204/450/425
f 201/635/334 191/631/644 300/634/537 309/636/536
f 193/624/423 203/637/422 313/638/376 302/625/645
f 222/639/646 195/627/647 304/630/431 331/640/430
f 197/641/648 224/642/649 333/643/650 306/644/651
f 334/549/543 332/458/433 305/457/432 307/550/547
f 205/645/652 197/646/653 306/647/541 314/648/654
f 202/318/335 199/315/332 308/378/371 311/381/374
f 290/522/508 288/466/514 233/483/463 235/471/447
f 233/483/463 288/466/514 261/465/655 206/460/436
f 260/649/656 287/650/649 396/651/650 369/652/657
f 209/321/658 264/354/659 373/417/467 318/384/466
f 207/632/660 210/653/438 320/654/379 316/633/661
f 290/522/508 235/471/447 237/485/468 293/532/517
f 372/580/587 370/554/662 315/513/548 317/537/524
f 220/655/461 212/656/330 321/657/370 329/658/569
f 213/468/331 221/467/445 223/476/546 216/475/406
f 214/326/626 215/327/625 324/390/624 322/388/627
f 217/659/326 222/639/452 331/640/562 325/660/365
f 234/661/450 218/662/663 327/663/559 343/664/575
f 219/472/448 235/471/447 233/483/463 225/452/462
f 221/467/445 230/481/459 228/479/456 219/472/455
f 221/467/445 219/472/448 225/452/462 223/476/546
f 218/662/458 227/665/457 337/666/382 327/663/664
f 231/667/346 220/655/665 329/658/569 339/668/568
f 224/642/441 232/591/666 341/594/499 333/643/667
f 226/330/341 229/333/344 338/396/383 335/393/380
f 291/369/437 236/336/347 345/399/551 400/432/401
f 238/669/349 234/661/668 343/664/669 346/670/574
f 372/580/587 317/537/524 319/551/552 375/590/603
f 247/671/486 239/672/350 348/673/389 356/674/592
f 240/488/351 248/487/469 250/496/598 243/495/479
f 241/341/632 242/342/635 351/405/634 349/403/633
f 244/675/355 249/676/481 358/677/589 352/678/393
f 262/679/478 245/680/670 354/681/585 371/682/602
f 246/492/476 263/491/475 261/465/655 252/346/495
f 248/487/469 258/501/420 256/499/425 246/492/483
f 248/487/469 246/492/476 252/346/495 250/496/598
f 245/680/484 255/683/422 365/684/376 354/681/671
f 259/685/334 247/671/672 356/674/592 367/686/536
f 249/676/673 277/687/674 386/688/494 358/677/493
f 279/689/604 251/622/487 360/621/596 388/690/607
f 253/619/358 260/691/675 369/692/676 361/620/396
f 389/587/621 362/410/594 359/506/492 387/505/491
f 254/348/335 257/351/332 366/414/371 363/411/374
f 370/554/662 397/553/622 342/514/573 315/513/548
f 266/693/361 262/679/677 371/682/678 374/694/601
f 267/695/355 275/696/512 384/697/620 376/698/393
f 269/517/479 272/526/351 278/525/597 276/518/513
f 270/360/632 268/358/635 378/422/634 379/423/633
f 277/687/509 271/699/350 381/700/389 386/688/615
f 273/701/506 289/702/516 398/703/613 382/704/679
f 276/518/513 278/525/597 280/504/489 274/521/511
f 274/521/511 280/504/489 288/466/514 290/522/508
f 276/518/513 274/521/511 282/528/459 286/530/456
f 283/705/346 273/701/680 382/704/618 391/706/568
f 275/696/512 285/707/457 395/708/382 384/697/681
f 287/650/441 279/689/666 388/690/499 396/651/667
f 284/366/341 281/363/344 390/426/383 393/429/380
f 289/702/682 292/709/515 402/710/403 398/703/683
f 295/534/366 303/533/518 305/457/432 298/541/528
f 301/538/525 317/537/524 315/513/548 307/550/547
f 303/533/518 312/545/538 310/543/535 301/538/534
f 303/533/518 301/538/525 307/550/547 305/457/432
f 399/599/610 344/564/561 342/514/573 397/553/622
f 277/524/674 249/497/673 250/496/598 278/525/597
f 399/599/610 401/609/623 347/572/576 344/564/561
f 211/323/340 265/355/360 264/354/659 209/321/658
f 323/559/528 326/566/366 332/458/433 330/560/570
f 330/560/570 332/458/433 334/549/543 328/563/567
f 328/563/567 334/549/543 342/514/573 344/564/561
f 330/560/570 328/563/567 336/568/566 340/570/617
f 233/483/684 206/460/685 205/459/652 232/484/488
f 350/575/579 353/582/394 359/506/492 357/576/593
f 357/576/593 359/506/492 362/410/594 355/579/591
f 355/579/591 362/410/594 370/554/662 372/580/587
f 357/576/593 355/579/591 364/584/538 368/586/535
f 223/476/546 196/445/545 195/444/647 222/477/646
f 377/596/394 385/595/608 387/505/491 380/603/579
f 383/600/611 399/599/610 397/553/622 389/587/621
f 385/595/608 394/607/566 392/605/617 383/600/616
f 385/595/608 383/600/611 389/587/621 387/505/491
f 409/711/686 410/712/687 411/713/688
f 412/714/689 413/715/690 414/716/691
f 415/717/692 416/718/693 417/719/694
f 418/720/695 419/721/696 420/722/697
f 421/723/698 422/724/699 423/725/700
f 424/726/701 425/727/702 426/728/703
f 459/729/704 460/730/705 461/731/706
f 462/732/707 463/733/708 464/734/709
f 469/735/710 470/736/711 471/737/712
f 472/738/713 473/739/714 474/740/715
f 415/741/716 410/742/717 409/743/718 416/744/719
f 441/745/720 412/714/721 414/716/722 442/746/723
f 413/747/724 419/748/725 418/749/726 414/750/727
f 446/751/728 417/719/694 416/718/719 445/752/729
f 428/753/272 415/717/692 417/719/694 427/754/730
f 432/755/250 425/727/702 424/726/731 431/756/732
f 425/757/702 422/758/733 421/759/698 426/760/734
f 437/761/245 413/715/690 412/714/735 438/762/736
f 419/721/725 429/763/250 430/764/737 420/722/738
f 429/763/250 432/755/250 431/756/732 430/764/737
f 410/712/687 433/765/275 434/766/739 411/713/688
f 422/724/699 435/767/245 436/768/740 423/725/741
f 435/767/245 437/761/245 438/762/736 436/768/740
f 411/713/688 439/769/742 440/770/723 409/711/718
f 439/769/742 441/745/720 442/746/723 440/770/723
f 420/722/743 443/771/744 444/772/729 418/720/745
f 443/771/744 446/751/728 445/752/729 444/772/729
f 426/728/734 447/773/746 448/774/747 424/726/701
f 423/725/700 453/775/748 454/776/749 421/723/698
f 466/777/750 451/778/751 452/779/752 465/780/753
f 456/781/754 462/732/755 464/734/709 455/782/756
f 461/731/706 457/783/757 458/784/758 459/729/704
f 453/775/759 461/731/760 460/730/705 454/776/749
f 463/785/761 460/786/705 459/787/704 464/788/709
f 427/754/730 472/738/713 474/740/762 428/753/763
f 473/789/714 470/790/764 469/791/710 474/792/715
f 468/793/765 471/737/766 470/736/767 467/794/768
f 471/737/712 434/766/739 433/765/769 469/735/710
f 472/738/713 466/777/750 465/780/770 473/739/714
f 462/732/771 448/774/747 447/773/746 463/733/772
f 450/795/773 468/793/765 467/794/774 449/796/775
f 457/783/776 450/795/777 449/796/775 458/784/778
f 451/778/751 456/781/779 455/782/780 452/779/752
f 409/743/686 440/797/723 445/798/729 416/744/693
f 415/741/781 428/799/272 433/800/275 410/742/782
f 434/766/739 405/801/167 439/769/742 411/713/688
f 404/802/167 438/762/736 412/714/783 441/745/784
f 442/803/723 414/804/727 418/805/695 444/806/729
f 429/807/250 419/748/725 413/747/690 437/808/245
f 417/719/694 446/751/728 407/809/172 427/754/730
f 443/771/785 420/722/786 430/764/737 406/810/172
f 425/757/702 432/811/250 435/812/245 422/758/733
f 453/775/759 423/725/700 436/768/740 403/813/167
f 447/814/746 426/760/734 421/759/698 454/815/749
f 408/816/172 431/756/732 424/726/701 448/774/747
f 407/809/172 466/777/787 472/738/713 427/754/730
f 433/800/275 428/799/272 474/792/788 469/791/789
f 406/810/172 430/764/737 431/756/732 408/816/172
f 432/811/250 429/807/250 437/808/245 435/812/245
f 434/766/739 471/737/766 468/793/765 405/801/167
f 403/813/167 436/768/740 438/762/736 404/802/167
f 440/797/723 442/803/723 444/806/729 445/798/729
f 405/801/167 404/802/167 441/745/784 439/769/742
f 446/751/728 443/771/785 406/810/172 407/809/172
f 462/732/790 456/781/791 408/816/172 448/774/747
f 447/814/746 454/815/749 460/786/792 463/785/708
f 450/795/777 404/802/167 405/801/167 468/793/765
f 455/817/756 458/818/758 449/819/793 452/820/752
f 467/821/794 465/822/795 452/820/796 449/819/775
f 404/802/167 450/795/777 457/783/797 403/813/167
f 466/777/787 407/809/172 406/810/172 451/778/751
f 408/816/172 456/781/791 451/778/751 406/810/172
f 457/783/797 461/731/798 453/775/759 403/813/167
f 464/788/709 459/787/704 458/818/799 455/817/780
f 470/790/767 473/789/800 465/822/801 467/821/774
f 481/823/802 482/824/803 483/825/804
f 484/826/805 485/827/806 486/828/807
f 487/829/808 488/830/809 489/831/810
f 490/832/811 491/833/812 492/834/813
f 493/835/814 494/836/815 495/837/816
f 496/838/817 497/839/818 498/840/819
f 531/841/820 532/842/821 533/843/822
f 534/844/823 535/845/824 536/846/825
f 541/847/826 542/848/827 543/849/828
f 544/850/829 545/851/830 546/852/831
f 487/853/832 482/854/833 481/855/834 488/856/835
f 513/857/836 484/826/805 486/828/837 514/858/838
f 485/859/839 491/860/812 490/861/840 486/862/807
f 518/863/841 489/831/810 488/830/842 517/864/843
f 500/865/746 487/829/808 489/831/810 499/866/844
f 504/867/729 497/839/845 496/838/817 503/868/846
f 497/869/845 494/870/815 493/871/814 498/872/847
f 509/873/723 485/827/806 484/826/848 510/874/849
f 491/833/812 501/875/729 502/876/850 492/834/851
f 501/875/729 504/867/729 503/868/846 502/876/850
f 482/824/803 505/877/749 506/878/852 483/825/853
f 494/836/854 507/879/723 508/880/855 495/837/816
f 507/879/723 509/873/723 510/874/849 508/880/855
f 483/825/853 511/881/856 512/882/838 481/823/857
f 511/881/856 513/857/836 514/858/838 512/882/838
f 492/834/858 515/883/859 516/884/843 490/832/860
f 515/883/859 518/863/841 517/864/843 516/884/843
f 498/840/847 519/885/861 520/886/862 496/838/817
f 495/837/816 525/887/863 526/888/864 493/835/814
f 538/889/865 523/890/866 524/891/867 537/892/868
f 528/893/869 534/844/870 536/846/871 527/894/872
f 533/843/822 529/895/873 530/896/874 531/841/820
f 525/887/863 533/843/875 532/842/876 526/888/864
f 535/897/877 532/898/876 531/899/820 536/900/825
f 499/866/844 544/850/829 546/852/878 500/865/746
f 545/901/879 542/902/880 541/903/826 546/904/831
f 540/905/881 543/849/882 542/848/883 539/906/884
f 543/849/885 506/878/852 505/877/749 541/847/826
f 544/850/829 538/889/865 537/892/886 545/851/830
f 534/844/870 520/886/862 519/885/861 535/845/877
f 522/907/887 540/905/888 539/906/889 521/908/890
f 529/895/891 522/907/892 521/908/890 530/896/893
f 523/890/866 528/893/894 527/894/895 524/891/867
f 481/855/802 512/909/769 517/910/763 488/856/809
f 487/853/832 500/911/746 505/912/749 482/854/833
f 506/878/852 477/913/167 511/881/856 483/825/853
f 476/914/167 510/874/849 484/826/896 513/857/897
f 514/915/838 486/862/807 490/861/811 516/916/843
f 501/917/729 491/918/812 485/919/806 509/920/723
f 489/831/810 518/863/841 479/921/172 499/866/844
f 515/883/898 492/834/899 502/876/850 478/922/172
f 497/869/845 504/923/729 507/924/723 494/870/815
f 525/887/863 495/837/816 508/880/855 475/925/167
f 519/926/861 498/872/847 493/871/814 526/927/864
f 480/928/172 503/868/846 496/838/817 520/886/862
f 479/921/172 538/889/900 544/850/829 499/866/844
f 505/912/749 500/911/746 546/904/901 541/903/902
f 478/922/172 502/876/850 503/868/846 480/928/172
f 504/923/729 501/917/729 509/920/723 507/924/723
f 506/878/852 543/849/882 540/905/888 477/913/167
f 475/925/167 508/880/855 510/874/849 476/914/167
f 512/909/769 514/915/838 516/916/843 517/910/763
f 477/913/167 476/914/167 513/857/897 511/881/856
f 518/863/841 515/883/898 478/922/172 479/921/172
f 534/844/903 528/893/904 480/928/172 520/886/862
f 519/926/861 526/927/864 532/898/821 535/897/824
f 522/907/892 476/914/167 477/913/167 540/905/888
f 527/929/872 530/930/874 521/931/905 524/932/867
f 539/933/906 537/934/907 524/932/908 521/931/890
f 476/914/167 522/907/892 529/895/909 475/925/167
f 538/889/900 479/921/172 478/922/172 523/890/866
f 480/928/172 528/893/904 523/890/866 478/922/172
f 529/895/909 533/843/910 525/887/863 475/925/167
f 536/900/825 531/899/820 530/930/893 527/929/895
f 542/902/883 545/901/879 537/934/911 539/933/889
f 553/935/912 554/936/913 555/937/914
f 556/938/915 557/939/916 558/940/917
f 559/941/918 560/942/919 561/943/920
f 562/944/921 563/945/922 564/946/923
f 565/947/924 566/948/925 567/949/926
f 568/950/927 569/951/928 570/952/929
f 603/953/930 604/954/931 605/955/932
f 606/956/933 607/957/934 608/958/935
f 613/959/936 614/960/937 615/961/938
f 616/962/939 617/963/940 618/964/941
f 559/965/942 554/966/943 553/967/944 560/968/945
f 585/969/946 556/938/915 558/940/947 586/970/257
f 557/971/948 563/972/922 562/973/949 558/974/917
f 590/975/950 561/943/920 560/942/951 589/976/253
f 572/977/861 559/941/918 561/943/920 571/978/952
f 576/979/843 569/951/953 568/950/927 575/980/954
f 569/981/953 566/982/925 565/983/924 570/984/955
f 581/985/838 557/939/916 556/938/956 582/986/957
f 563/945/922 573/987/843 574/988/958 564/946/959
f 573/987/843 576/979/843 575/980/960 574/988/958
f 554/936/913 577/989/864 578/990/961 555/937/914
f 566/948/962 579/991/838 580/992/963 567/949/926
f 579/991/838 581/985/838 582/986/957 580/992/963
f 555/937/914 583/993/964 584/994/257 553/935/965
f 583/993/964 585/969/946 586/970/257 584/994/257
f 564/946/966 587/995/967 588/996/253 562/944/921
f 587/995/967 590/975/950 589/976/253 588/996/253
f 570/952/955 591/997/251 592/998/968 568/950/969
f 567/949/926 597/999/970 598/1000/262 565/947/924
f 610/1001/971 595/1002/972 596/1003/973 609/1004/974
f 600/1005/975 606/956/976 608/958/935 599/1006/977
f 605/955/932 601/1007/978 602/1008/979 603/953/930
f 597/999/970 605/955/932 604/954/931 598/1000/262
f 607/1009/934 604/1010/931 603/1011/930 608/1012/935
f 571/978/952 616/962/980 618/964/941 572/977/861
f 617/1013/981 614/1014/982 613/1015/936 618/1016/941
f 612/1017/983 615/961/984 614/960/985 611/1018/986
f 615/961/987 578/990/961 577/989/864 613/959/936
f 616/962/980 610/1001/971 609/1004/988 617/963/940
f 606/956/989 592/998/968 591/997/251 607/957/990
f 594/1019/991 612/1017/983 611/1018/992 593/1020/993
f 601/1007/994 594/1019/995 593/1020/993 602/1008/996
f 595/1002/972 600/1005/997 599/1006/998 596/1003/973
f 553/967/912 584/1021/257 589/1022/999 560/968/919
f 559/965/942 572/1023/861 577/1024/864 554/966/943
f 578/990/961 549/1025/167 583/993/964 555/937/914
f 548/1026/167 582/986/957 556/938/1000 585/969/1001
f 586/1027/257 558/974/917 562/973/1002 588/1028/253
f 573/1029/843 563/1030/922 557/1031/916 581/1032/838
f 561/943/920 590/975/950 551/1033/172 571/978/952
f 587/995/1003 564/946/1004 574/988/958 550/1034/172
f 569/981/953 576/1035/843 579/1036/838 566/982/925
f 597/999/970 567/949/926 580/992/963 547/1037/167
f 591/1038/251 570/984/955 565/983/1005 598/1039/262
f 552/1040/172 575/980/960 568/950/969 592/998/968
f 551/1033/172 610/1001/1006 616/962/980 571/978/952
f 577/1024/864 572/1023/861 618/1016/1007 613/1015/1008
f 550/1034/172 574/988/958 575/980/960 552/1040/172
f 576/1035/843 573/1029/843 581/1032/838 579/1036/838
f 578/990/961 615/961/984 612/1017/983 549/1025/167
f 547/1037/167 580/992/963 582/986/957 548/1026/167
f 584/1021/257 586/1027/257 588/1028/253 589/1022/999
f 549/1025/167 548/1026/167 585/969/1001 583/993/964
f 590/975/950 587/995/1003 550/1034/172 551/1033/172
f 606/956/1009 600/1005/1010 552/1040/172 592/998/968
f 591/1038/251 598/1039/262 604/1010/931 607/1009/934
f 594/1019/995 548/1026/167 549/1025/167 612/1017/983
f 599/1041/977 602/1042/979 593/1043/1011 596/1044/973
f 611/1045/1012 609/1046/1013 596/1044/1014 593/1043/993
f 548/1026/167 594/1019/995 601/1007/1015 547/1037/167
f 610/1001/1006 551/1033/172 550/1034/172 595/1002/972
f 552/1040/172 600/1005/1010 595/1002/972 550/1034/172
f 601/1007/1015 605/955/1016 597/999/970 547/1037/167
f 608/1012/935 603/1011/930 602/1042/996 599/1041/998
f 614/1014/985 617/1013/981 609/1046/1017 611/1045/1018
f 625/1047/209 626/1048/210 627/1049/211
f 628/1050/212 629/1051/213 630/1052/214
f 631/1053/215 632/1054/216 633/1055/217
f 634/1056/218 635/1057/1019 636/1058/220
f 637/1059/221 638/1060/222 639/1061/223
f 640/1062/1020 641/1063/225 642/1064/226
f 675/1065/227 676/1066/228 677/1067/229
f 678/1068/1021 679/1069/231 680/1070/232
f 685/1071/233 686/1072/234 687/1073/296
f 688/1074/288 689/1075/237 690/1076/238
f 631/1077/239 626/1078/240 625/1079/241 632/1080/242
f 657/1081/243 628/1050/212 630/1052/244 658/1082/245
f 629/1083/246 635/1084/219 634/1085/247 630/1086/214
f 662/1087/248 633/1055/217 632/1054/249 661/1088/250
f 644/1089/251 631/1053/215 633/1055/217 643/1090/1022
f 648/1091/253 641/1063/225 640/1062/224 647/1092/254
f 641/1093/255 638/1094/222 637/1095/221 642/1096/256
f 653/1097/257 629/1051/213 628/1050/258 654/1098/259
f 635/1057/219 645/1099/253 646/1100/260 636/1058/261
f 645/1099/253 648/1091/253 647/1092/254 646/1100/260
f 626/1048/210 649/1101/262 650/1102/263 627/1049/264
f 638/1060/265 651/1103/257 652/1104/266 639/1061/223
f 651/1103/257 653/1097/257 654/1098/259 652/1104/266
f 627/1049/264 655/1105/267 656/1106/245 625/1047/268
f 655/1105/267 657/1081/243 658/1082/245 656/1106/245
f 636/1058/269 659/1107/270 660/1108/250 634/1056/271
f 659/1107/270 662/1087/248 661/1088/250 660/1108/250
f 642/1064/256 663/1109/272 664/1110/273 640/1062/224
f 639/1061/223 669/1111/274 670/1112/275 637/1059/221
f 682/1113/276 667/1114/277 668/1115/278 681/1116/279
f 672/1117/280 678/1068/299 680/1070/282 671/1118/283
f 677/1067/229 673/1119/284 674/1120/285 675/1065/227
f 669/1111/274 677/1067/286 676/1066/228 670/1112/275
f 679/1121/287 676/1122/228 675/1123/227 680/1124/232
f 643/1090/252 688/1074/288 690/1076/289 644/1089/251
f 689/1125/290 686/1126/291 685/1127/233 690/1128/238
f 684/1129/292 687/1073/293 686/1072/294 683/1130/295
f 687/1073/296 650/1102/263 649/1101/262 685/1071/233
f 688/1074/288 682/1113/297 681/1116/298 689/1075/237
f 678/1068/299 664/1110/273 663/1109/272 679/1069/287
f 666/1131/301 684/1129/302 683/1130/303 665/1132/304
f 673/1119/305 666/1131/306 665/1132/304 674/1120/307
f 667/1114/277 672/1117/308 671/1118/309 668/1115/278
f 625/1079/209 656/1133/1023 661/1134/1024 632/1080/216
f 631/1077/239 644/1135/251 649/1136/262 626/1078/240
f 650/1102/263 621/1137/167 655/1105/267 627/1049/264
f 620/1138/167 654/1098/259 628/1050/310 657/1081/311
f 658/1139/245 630/1086/214 634/1085/218 660/1140/250
f 645/1141/253 635/1142/219 629/1143/213 653/1144/257
f 633/1055/217 662/1087/248 623/1145/172 643/1090/252
f 659/1107/312 636/1058/313 646/1100/260 622/1146/172
f 641/1093/255 648/1147/253 651/1148/257 638/1094/222
f 669/1111/274 639/1061/223 652/1104/266 619/1149/167
f 663/1150/272 642/1096/256 637/1095/221 670/1151/275
f 624/1152/172 647/1092/254 640/1062/224 664/1110/273
f 623/1145/172 682/1113/276 688/1074/288 643/1090/252
f 649/1136/262 644/1135/251 690/1128/314 685/1127/315
f 622/1146/172 646/1100/260 647/1092/254 624/1152/172
f 648/1147/253 645/1141/253 653/1144/257 651/1148/257
f 650/1102/263 687/1073/293 684/1129/302 621/1137/167
f 619/1149/167 652/1104/266 654/1098/259 620/1138/167
f 656/1133/1023 658/1139/245 660/1140/250 661/1134/1024
f 621/1137/167 620/1138/167 657/1081/311 655/1105/267
f 662/1087/248 659/1107/312 622/1146/172 623/1145/172
f 678/1068/316 672/1117/317 624/1152/172 664/1110/273
f 663/1150/272 670/1151/275 676/1122/318 679/1121/231
f 666/1131/306 620/1138/167 621/1137/167 684/1129/302
f 671/1153/283 674/1154/285 665/1155/319 668/1156/278
f 683/1157/320 681/1158/321 668/1156/322 665/1155/304
f 620/1138/167 666/1131/306 673/1119/323 619/1149/167
f 682/1113/276 623/1145/172 622/1146/172 667/1114/277
f 624/1152/172 672/1117/317 667/1114/277 622/1146/172
f 673/1119/323 677/1067/324 669/1111/274 619/1149/167
f 680/1124/232 675/1123/227 674/1154/307 671/1153/309
f 686/1126/294 689/1125/290 681/1158/325 683/1157/303
f 697/1159/686 698/1160/687 699/1161/688
f 700/1162/689 701/1163/690 702/1164/691
f 703/1165/692 704/1166/693 705/1167/694
f 706/1168/695 707/1169/696 708/1170/697
f 709/1171/698 710/1172/699 711/1173/700
f 712/1174/701 713/1175/1025 714/1176/703
f 747/1177/704 748/1178/705 749/1179/706
f 750/1180/1026 751/1181/708 752/1182/709
f 757/1183/710 758/1184/711 759/1185/712
f 760/1186/713 761/1187/714 762/1188/715
f 703/1189/716 698/1190/717 697/1191/718 704/1192/719
f 729/1193/720 700/1162/721 702/1164/722 730/1194/723
f 701/1195/724 707/1196/725 706/1197/726 702/1198/727
f 734/1199/728 705/1167/694 704/1166/719 733/1200/729
f 716/1201/272 703/1165/692 705/1167/694 715/1202/730
f 720/1203/250 713/1175/702 712/1174/701 719/1204/732
f 713/1205/702 710/1206/733 709/1207/698 714/1208/734
f 725/1209/245 701/1163/690 700/1162/735 726/1210/736
f 707/1169/725 717/1211/250 718/1212/737 708/1170/738
f 717/1211/250 720/1203/250 719/1204/732 718/1212/737
f 698/1160/687 721/1213/275 722/1214/739 699/1161/688
f 710/1172/699 723/1215/245 724/1216/740 711/1173/700
f 723/1215/245 725/1209/245 726/1210/736 724/1216/740
f 699/1161/688 727/1217/742 728/1218/723 697/1159/718
f 727/1217/742 729/1193/720 730/1194/723 728/1218/723
f 708/1170/743 731/1219/744 732/1220/729 706/1168/745
f 731/1219/744 734/1199/728 733/1200/729 732/1220/729
f 714/1176/734 735/1221/746 736/1222/747 712/1174/701
f 711/1173/700 741/1223/759 742/1224/749 709/1171/698
f 754/1225/750 739/1226/751 740/1227/752 753/1228/753
f 744/1229/754 750/1180/755 752/1182/709 743/1230/756
f 749/1179/706 745/1231/757 746/1232/758 747/1177/704
f 741/1223/759 749/1179/706 748/1178/705 742/1224/749
f 751/1233/761 748/1234/705 747/1235/704 752/1236/709
f 715/1202/730 760/1186/713 762/1188/762 716/1201/272
f 761/1237/714 758/1238/764 757/1239/710 762/1240/715
f 756/1241/765 759/1185/766 758/1184/767 755/1242/768
f 759/1185/712 722/1214/739 721/1213/275 757/1183/710
f 760/1186/713 754/1225/750 753/1228/770 761/1187/714
f 750/1180/771 736/1222/747 735/1221/746 751/1181/761
f 738/1243/1027 756/1241/765 755/1242/774 737/1244/775
f 745/1231/776 738/1243/777 737/1244/775 746/1232/778
f 739/1226/751 744/1229/779 743/1230/780 740/1227/752
f 697/1191/686 728/1245/723 733/1246/729 704/1192/693
f 703/1189/781 716/1247/272 721/1248/275 698/1190/782
f 722/1214/739 693/1249/167 727/1217/742 699/1161/688
f 692/1250/167 726/1210/736 700/1162/783 729/1193/784
f 730/1251/723 702/1252/727 706/1253/695 732/1254/729
f 717/1255/250 707/1196/725 701/1195/690 725/1256/245
f 705/1167/694 734/1199/728 695/1257/172 715/1202/730
f 731/1219/785 708/1170/786 718/1212/737 694/1258/172
f 713/1205/702 720/1259/250 723/1260/245 710/1206/733
f 741/1223/759 711/1173/700 724/1216/740 691/1261/167
f 735/1262/746 714/1208/734 709/1207/698 742/1263/749
f 696/1264/172 719/1204/732 712/1174/701 736/1222/747
f 695/1257/172 754/1225/787 760/1186/713 715/1202/730
f 721/1248/275 716/1247/272 762/1240/788 757/1239/789
f 694/1258/172 718/1212/737 719/1204/732 696/1264/172
f 720/1259/250 717/1255/250 725/1256/245 723/1260/245
f 722/1214/739 759/1185/766 756/1241/765 693/1249/167
f 691/1261/167 724/1216/740 726/1210/736 692/1250/167
f 728/1245/723 730/1251/723 732/1254/729 733/1246/729
f 693/1249/167 692/1250/167 729/1193/784 727/1217/742
f 734/1199/728 731/1219/785 694/1258/172 695/1257/172
f 750/1180/790 744/1229/791 696/1264/172 736/1222/747
f 735/1262/746 742/1263/749 748/1234/792 751/1233/708
f 738/1243/777 692/1250/167 693/1249/167 756/1241/765
f 743/1265/756 746/1266/758 737/1267/793 740/1268/752
f 755/1269/794 753/1270/795 740/1268/796 737/1267/775
f 692/1250/167 738/1243/777 745/1231/797 691/1261/167
f 754/1225/787 695/1257/172 694/1258/172 739/1226/751
f 696/1264/172 744/1229/791 739/1226/751 694/1258/172
f 745/1231/797 749/1179/798 741/1223/759 691/1261/167
f 752/1236/709 747/1235/704 746/1266/799 743/1265/780
f 758/1238/767 761/1237/800 753/1270/801 755/1269/774
f 769/1271/802 770/1272/803 771/1273/804
f 772/1274/805 773/1275/806 774/1276/807
f 775/1277/808 776/1278/809 777/1279/810
f 778/1280/811 779/1281/812 780/1282/813
f 781/1283/814 782/1284/815 783/1285/816
f 784/1286/817 785/1287/818 786/1288/1028
f 819/1289/820 820/1290/876 821/1291/1029
f 822/1292/823 823/1293/877 824/1294/825
f 829/1295/826 830/1296/827 831/1297/828
f 832/1298/1030 833/1299/830 834/1300/831
f 775/1301/832 770/1302/833 769/1303/834 776/1304/835
f 801/1305/836 772/1274/805 774/1276/837 802/1306/838
f 773/1307/839 779/1308/812 778/1309/840 774/1310/807
f 806/1311/841 777/1279/810 776/1278/842 805/1312/843
f 788/1313/746 775/1277/808 777/1279/810 787/1314/844
f 792/1315/729 785/1287/845 784/1286/817 791/1316/846
f 785/1317/845 782/1318/815 781/1319/814 786/1320/847
f 797/1321/723 773/1275/806 772/1274/848 798/1322/849
f 779/1281/812 789/1323/729 790/1324/850 780/1282/851
f 789/1323/729 792/1315/729 791/1316/846 790/1324/850
f 770/1272/803 793/1325/749 794/1326/852 771/1273/853
f 782/1284/854 795/1327/723 796/1328/855 783/1285/816
f 795/1327/723 797/1321/723 798/1322/849 796/1328/855
f 771/1273/853 799/1329/856 800/1330/838 769/1271/857
f 799/1329/856 801/1305/836 802/1306/838 800/1330/838
f 780/1282/858 803/1331/859 804/1332/843 778/1280/860
f 803/1331/859 806/1311/841 805/1312/843 804/1332/843
f 786/1288/847 807/1333/861 808/1334/862 784/1286/817
f 783/1285/816 813/1335/863 814/1336/864 781/1283/814
f 826/1337/865 811/1338/866 812/1339/867 825/1340/911
f 816/1341/869 822/1292/1031 824/1294/871 815/1342/872
f 821/1291/822 817/1343/873 818/1344/874 819/1289/820
f 813/1335/863 821/1291/822 820/1290/876 814/1336/864
f 823/1345/877 820/1346/876 819/1347/820 824/1348/825
f 787/1314/844 832/1298/829 834/1300/878 788/1313/746
f 833/1349/879 830/1350/880 829/1351/826 834/1352/831
f 828/1353/881 831/1297/882 830/1296/883 827/1354/884
f 831/1297/885 794/1326/852 793/1325/749 829/1295/826
f 832/1298/829 826/1337/865 825/1340/907 833/1299/830
f 822/1292/870 808/1334/862 807/1333/861 823/1293/877
f 810/1355/1032 828/1353/888 827/1354/889 809/1356/890
f 817/1343/891 810/1355/892 809/1356/890 818/1344/893
f 811/1338/866 816/1341/894 815/1342/895 812/1339/867
f 769/1303/802 800/1357/769 805/1358/763 776/1304/809
f 775/1301/832 788/1359/746 793/1360/749 770/1302/833
f 794/1326/852 765/1361/167 799/1329/856 771/1273/853
f 764/1362/167 798/1322/849 772/1274/896 801/1305/897
f 802/1363/838 774/1310/807 778/1309/811 804/1364/843
f 789/1365/729 779/1366/812 773/1367/806 797/1368/723
f 777/1279/810 806/1311/841 767/1369/172 787/1314/844
f 803/1331/898 780/1282/899 790/1324/850 766/1370/172
f 785/1317/845 792/1371/729 795/1372/723 782/1318/815
f 813/1335/863 783/1285/816 796/1328/855 763/1373/167
f 807/1374/861 786/1320/847 781/1319/814 814/1375/864
f 768/1376/172 791/1316/846 784/1286/817 808/1334/862
f 767/1369/172 826/1337/900 832/1298/829 787/1314/844
f 793/1360/749 788/1359/746 834/1352/901 829/1351/902
f 766/1370/172 790/1324/850 791/1316/846 768/1376/172
f 792/1371/729 789/1365/729 797/1368/723 795/1372/723
f 794/1326/852 831/1297/882 828/1353/888 765/1361/167
f 763/1373/167 796/1328/855 798/1322/849 764/1362/167
f 800/1357/769 802/1363/838 804/1364/843 805/1358/763
f 765/1361/167 764/1362/167 801/1305/897 799/1329/856
f 806/1311/841 803/1331/898 766/1370/172 767/1369/172
f 822/1292/903 816/1341/904 768/1376/172 808/1334/862
f 807/1374/861 814/1375/864 820/1346/821 823/1345/824
f 810/1355/892 764/1362/167 765/1361/167 828/1353/888
f 815/1377/872 818/1378/874 809/1379/905 812/1380/867
f 827/1381/906 825/1382/907 812/1380/908 809/1379/890
f 764/1362/167 810/1355/892 817/1343/909 763/1373/167
f 826/1337/900 767/1369/172 766/1370/172 811/1338/866
f 768/1376/172 816/1341/904 811/1338/866 766/1370/172
f 817/1343/909 821/1291/910 813/1335/863 763/1373/167
f 824/1348/825 819/1347/820 818/1378/893 815/1377/895
f 830/1350/883 833/1349/879 825/1382/911 827/1381/889
f 841/1383/912 842/1384/913 843/1385/1033
f 844/1386/915 845/1387/916 846/1388/917
f 847/1389/918 848/1390/919 849/1391/920
f 850/1392/921 851/1393/922 852/1394/923
f 853/1395/1034 854/1396/925 855/1397/926
f 856/1398/969 857/1399/928 858/1400/929
f 891/1401/930 892/1402/931 893/1403/932
f 894/1404/933 895/1405/934 896/1406/935
f 901/1407/936 902/1408/937 903/1409/938
f 904/1410/980 905/1411/940 906/1412/941
f 847/1413/942 842/1414/943 841/1415/944 848/1416/945
f 873/1417/946 844/1386/915 846/1388/947 874/1418/257
f 845/1419/948 851/1420/922 850/1421/949 846/1422/917
f 878/1423/950 849/1391/920 848/1390/951 877/1424/253
f 860/1425/861 847/1389/918 849/1391/920 859/1426/1035
f 864/1427/843 857/1399/953 856/1398/969 863/1428/1036
f 857/1429/953 854/1430/925 853/1431/924 858/1432/955
f 869/1433/838 845/1387/916 844/1386/956 870/1434/957
f 851/1393/922 861/1435/1037 862/1436/958 852/1394/959
f 861/1435/843 864/1427/843 863/1428/960 862/1436/958
f 842/1384/913 865/1437/864 866/1438/961 843/1385/914
f 854/1396/962 867/1439/838 868/1440/963 855/1397/926
f 867/1439/838 869/1433/838 870/1434/957 868/1440/963
f 843/1385/914 871/1441/964 872/1442/257 841/1383/965
f 871/1441/964 873/1417/946 874/1418/257 872/1442/257
f 852/1394/966 875/1443/967 876/1444/253 850/1392/921
f 875/1443/967 878/1423/950 877/1424/253 876/1444/253
f 858/1400/955 879/1445/251 880/1446/968 856/1398/969
f 855/1397/926 885/1447/970 886/1448/262 853/1395/924
f 898/1449/971 883/1450/972 884/1451/973 897/1452/1017
f 888/1453/975 894/1404/1038 896/1406/1039 887/1454/977
f 893/1403/932 889/1455/978 890/1456/979 891/1401/930
f 885/1447/970 893/1403/932 892/1402/931 886/1448/262
f 895/1457/934 892/1458/931 891/1459/930 896/1460/935
f 859/1426/952 904/1410/980 906/1412/941 860/1425/1024
f 905/1461/981 902/1462/982 901/1463/936 906/1464/941
f 900/1465/983 903/1409/984 902/1408/985 899/1466/986
f 903/1409/987 866/1438/961 865/1437/864 901/1407/936
f 904/1410/980 898/1449/971 897/1452/988 905/1411/940
f 894/1404/1038 880/1446/968 879/1445/251 895/1405/990
f 882/1467/1040 900/1465/983 899/1466/1018 881/1468/993
f 889/1455/994 882/1467/995 881/1468/993 890/1456/996
f 883/1450/972 888/1453/997 887/1454/998 884/1451/973
f 841/1415/912 872/1469/257 877/1470/999 848/1416/919
f 847/1413/942 860/1471/861 865/1472/864 842/1414/943
f 866/1438/961 837/1473/167 871/1441/964 843/1385/914
f 836/1474/167 870/1434/957 844/1386/1000 873/1417/1001
f 874/1475/257 846/1476/917 850/1477/1002 876/1478/253
f 861/1479/843 851/1420/922 845/1419/916 869/1480/838
f 849/1391/920 878/1423/950 839/1481/172 859/1426/952
f 875/1443/1003 852/1394/1004 862/1436/958 838/1482/172
f 857/1429/953 864/1483/843 867/1484/838 854/1430/925
f 885/1447/970 855/1397/926 868/1440/963 835/1485/167
f 879/1486/251 858/1432/955 853/1431/1005 886/1487/262
f 840/1488/172 863/1428/960 856/1398/969 880/1446/968
f 839/1481/172 898/1449/1006 904/1410/980 859/1426/952
f 865/1472/864 860/1471/861 906/1464/1007 901/1463/1008
f 838/1482/172 862/1436/958 863/1428/960 840/1488/172
f 864/1483/843 861/1479/843 869/1480/838 867/1484/838
f 866/1438/961 903/1409/984 900/1465/983 837/1473/167
f 835/1485/167 868/1440/963 870/1434/957 836/1474/167
f 872/1469/257 874/1475/257 876/1478/253 877/1470/999
f 837/1473/167 836/1474/167 873/1417/1001 871/1441/964
f 878/1423/950 875/1443/1003 838/1482/172 839/1481/172
f 894/1404/1009 888/1453/1010 840/1488/172 880/1446/968
f 879/1486/251 886/1487/262 892/1458/931 895/1457/934
f 882/1467/995 836/1474/167 837/1473/167 900/1465/983
f 887/1489/977 890/1490/979 881/1491/1011 884/1492/973
f 899/1493/1012 897/1494/1013 884/1492/1014 881/1491/993
f 836/1474/167 882/1467/995 889/1455/1015 835/1485/167
f 898/1449/1006 839/1481/172 838/1482/172 883/1450/972
f 840/1488/172 888/1453/1010 883/1450/972 838/1482/172
f 889/1455/1015 893/1403/1016 885/1447/970 835/1485/167
f 896/1460/935 891/1459/930 890/1490/996 887/1489/998
f 902/1462/985 905/1461/981 897/1494/1017 899/1493/1018
f 913/1495/209 914/1496/210 915/1497/264
f 916/1498/212 917/1499/213 918/1500/214
f 919/1501/215 920/1502/216 921/1503/1041
f 922/1504/218 923/1505/219 924/1506/220
f 925/1507/221 926/1508/265 927/1509/223
f 928/1510/224 929/1511/225 930/1512/226
f 963/1513/227 964/1514/228 965/1515/229
f 966/1516/1021 967/1517/287 968/1518/232
f 973/1519/233 974/1520/234 975/1521/235
f 976/1522/236 977/1523/237 978/1524/238
f 919/1525/239 914/1526/240 913/1527/241 920/1528/242
f 945/1529/243 916/1498/212 918/1500/244 946/1530/245
f 917/1531/246 923/1532/219 922/1533/247 918/1534/214
f 950/1535/248 921/1503/217 920/1502/249 949/1536/250
f 932/1537/251 919/1501/215 921/1503/217 931/1538/252
f 936/1539/253 929/1511/255 928/1510/224 935/1540/254
f 929/1541/255 926/1542/222 925/1543/221 930/1544/256
f 941/1545/257 917/1499/213 916/1498/258 942/1546/259
f 923/1505/219 933/1547/253 934/1548/260 924/1506/261
f 933/1547/253 936/1539/253 935/1540/254 934/1548/260
f 914/1496/210 937/1549/262 938/1550/263 915/1497/264
f 926/1508/265 939/1551/257 940/1552/266 927/1509/223
f 939/1551/257 941/1545/257 942/1546/259 940/1552/266
f 915/1497/264 943/1553/267 944/1554/245 913/1495/268
f 943/1553/267 945/1529/243 946/1530/245 944/1554/245
f 924/1506/269 947/1555/270 948/1556/250 922/1504/271
f 947/1555/270 950/1535/248 949/1536/250 948/1556/250
f 930/1512/256 951/1557/272 952/1558/273 928/1510/224
f 927/1509/223 957/1559/274 958/1560/275 925/1507/221
f 970/1561/276 955/1562/277 956/1563/278 969/1564/279
f 960/1565/280 966/1516/281 968/1518/282 959/1566/283
f 965/1515/229 961/1567/284 962/1568/285 963/1513/227
f 957/1559/274 965/1515/286 964/1514/228 958/1560/275
f 967/1569/287 964/1570/228 963/1571/227 968/1572/232
f 931/1538/252 976/1522/288 978/1524/289 932/1537/251
f 977/1573/290 974/1574/291 973/1575/233 978/1576/238
f 972/1577/292 975/1521/293 974/1520/294 971/1578/295
f 975/1521/296 938/1550/263 937/1549/262 973/1519/233
f 976/1522/288 970/1561/297 969/1564/298 977/1523/237
f 966/1516/299 952/1558/273 951/1557/272 967/1517/300
f 954/1579/301 972/1577/302 971/1578/303 953/1580/304
f 961/1567/305 954/1579/306 953/1580/304 962/1568/307
f 955/1562/277 960/1565/308 959/1566/309 956/1563/278
f 913/1527/209 944/1581/245 949/1582/250 920/1528/216
f 919/1525/239 932/1583/251 937/1584/262 914/1526/240
f 938/1550/263 909/1585/167 943/1553/267 915/1497/264
f 908/1586/167 942/1546/259 916/1498/310 945/1529/311
f 946/1587/245 918/1534/214 922/1533/218 948/1588/250
f 933/1589/253 923/1590/219 917/1591/213 941/1592/257
f 921/1503/217 950/1535/248 911/1593/172 931/1538/252
f 947/1555/312 924/1506/313 934/1548/260 910/1594/172
f 929/1541/255 936/1595/253 939/1596/257 926/1542/222
f 957/1559/274 927/1509/223 940/1552/266 907/1597/167
f 951/1598/272 930/1544/256 925/1543/221 958/1599/275
f 912/1600/172 935/1540/254 928/1510/224 952/1558/273
f 911/1593/172 970/1561/276 976/1522/288 931/1538/252
f 937/1584/262 932/1583/251 978/1576/314 973/1575/315
f 910/1594/172 934/1548/260 935/1540/254 912/1600/172
f 936/1595/253 933/1589/253 941/1592/257 939/1596/257
f 938/1550/263 975/1521/293 972/1577/302 909/1585/167
f 907/1597/167 940/1552/266 942/1546/259 908/1586/167
f 944/1581/245 946/1587/245 948/1588/250 949/1582/250
f 909/1585/167 908/1586/167 945/1529/311 943/1553/267
f 950/1535/248 947/1555/312 910/1594/172 911/1593/172
f 966/1516/316 960/1565/317 912/1600/172 952/1558/273
f 951/1598/272 958/1599/275 964/1570/318 967/1569/231
f 954/1579/306 908/1586/167 909/1585/167 972/1577/302
f 959/1601/283 962/1602/285 953/1603/319 956/1604/278
f 971/1605/320 969/1606/321 956/1604/322 953/1603/304
f 908/1586/167 954/1579/306 961/1567/323 907/1597/167
f 970/1561/276 911/1593/172 910/1594/172 955/1562/277
f 912/1600/172 960/1565/317 955/1562/277 910/1594/172
f 961/1567/323 965/1515/324 957/1559/274 907/1597/167
f 968/1572/232 963/1571/227 962/1602/307 959/1601/309
f 974/1574/294 977/1573/290 969/1606/325 971/1605/303
f 985/1607/686 986/1608/687 987/1609/1042
f 988/1610/721 989/1611/690 990/1612/727
f 991/1613/692 992/1614/693 993/1615/694
f 994/1616/695 995/1617/725 996/1618/697
f 997/1619/698 998/1620/699 999/1621/700
f 1000/1622/701 1001/1623/1025 1002/1624/1043
f 1035/1625/704 1036/1626/792 1037/1627/706
f 1038/1628/707 1039/1629/708 1040/1630/709
f 1045/1631/710 1046/1632/711 1047/1633/1044
f 1048/1634/1045 1049/1635/714 1050/1636/715
f 991/1637/781 986/1638/782 985/1639/1046 992/1640/1047
f 1017/1641/720 988/1610/721 990/1612/722 1018/1642/723
f 989/1643/724 995/1644/725 994/1645/726 990/1646/727
f 1022/1647/728 993/1615/694 992/1614/719 1021/1648/729
f 1004/1649/272 991/1613/692 993/1615/694 1003/1650/1048
f 1008/1651/250 1001/1623/702 1000/1622/731 1007/1652/1049
f 1001/1653/702 998/1654/733 997/1655/698 1002/1656/734
f 1013/1657/245 989/1611/690 988/1610/735 1014/1658/736
f 995/1617/725 1005/1659/1050 1006/1660/737 996/1618/738
f 1005/1659/250 1008/1651/250 1007/1652/732 1006/1660/1051
f 986/1608/687 1009/1661/275 1010/1662/739 987/1609/688
f 998/1620/699 1011/1663/245 1012/1664/740 999/1621/741
f 1011/1663/245 1013/1657/245 1014/1658/736 1012/1664/740
f 987/1609/688 1015/1665/742 1016/1666/723 985/1607/718
f 1015/1665/742 1017/1641/720 1018/1642/723 1016/1666/723
f 996/1618/743 1019/1667/744 1020/1668/729 994/1616/745
f 1019/1667/744 1022/1647/728 1021/1648/729 1020/1668/729
f 1002/1624/734 1023/1669/746 1024/1670/747 1000/1622/701
f 999/1621/700 1029/1671/1052 1030/1672/749 997/1619/698
f 1042/1673/787 1027/1674/751 1028/1675/752 1041/1676/753
f 1032/1677/754 1038/1628/755 1040/1630/709 1031/1678/756
f 1037/1627/706 1033/1679/757 1034/1680/758 1035/1625/704
f 1029/1671/759 1037/1627/760 1036/1626/705 1030/1672/749
f 1039/1681/761 1036/1682/705 1035/1683/704 1040/1684/709
f 1003/1650/730 1048/1634/713 1050/1636/762 1004/1649/272
f 1049/1685/800 1046/1686/1053 1045/1687/710 1050/1688/715
f 1044/1689/765 1047/1633/766 1046/1632/767 1043/1690/768
f 1047/1633/712 1010/1662/739 1009/1661/275 1045/1631/710
f 1048/1634/713 1042/1673/750 1041/1676/770 1049/1635/714
f 1038/1628/771 1024/1670/747 1023/1669/746 1039/1629/772
f 1026/1691/773 1044/1689/765 1043/1690/774 1025/1692/775
f 1033/1679/776 1026/1691/777 1025/1692/775 1034/1680/778
f 1027/1674/751 1032/1677/779 1031/1678/780 1028/1675/752
f 985/1639/686 1016/1693/723 1021/1694/729 992/1640/693
f 991/1637/781 1004/1695/272 1009/1696/275 986/1638/782
f 1010/1662/739 981/1697/167 1015/1665/742 987/1609/688
f 980/1698/167 1014/1658/736 988/1610/783 1017/1641/784
f 1018/1699/723 990/1646/727 994/1645/695 1020/1700/729
f 1005/1701/250 995/1702/725 989/1703/690 1013/1704/245
f 993/1615/694 1022/1647/728 983/1705/172 1003/1650/730
f 1019/1667/785 996/1618/786 1006/1660/737 982/1706/172
f 1001/1653/702 1008/1707/250 1011/1708/245 998/1654/733
f 1029/1671/759 999/1621/700 1012/1664/740 979/1709/167
f 1023/1710/746 1002/1656/734 997/1655/698 1030/1711/749
f 984/1712/172 1007/1652/732 1000/1622/701 1024/1670/747
f 983/1705/172 1042/1673/787 1048/1634/713 1003/1650/730
f 1009/1696/275 1004/1695/272 1050/1688/788 1045/1687/789
f 982/1706/172 1006/1660/737 1007/1652/732 984/1712/172
f 1008/1707/250 1005/1701/250 1013/1704/245 1011/1708/245
f 1010/1662/739 1047/1633/766 1044/1689/765 981/1697/167
f 979/1709/167 1012/1664/740 1014/1658/736 980/1698/167
f 1016/1693/723 1018/1699/723 1020/1700/729 1021/1694/729
f 981/1697/167 980/1698/167 1017/1641/784 1015/1665/742
f 1022/1647/728 1019/1667/785 982/1706/172 983/1705/172
f 1038/1628/790 1032/1677/791 984/1712/172 1024/1670/747
f 1023/1710/746 1030/1711/749 1036/1682/792 1039/1681/708
f 1026/1691/777 980/1698/167 981/1697/167 1044/1689/765
f 1031/1713/756 1034/1714/758 1025/1715/793 1028/1716/752
f 1043/1717/794 1041/1718/795 1028/1716/796 1025/1715/775
f 980/1698/167 1026/1691/777 1033/1679/797 979/1709/167
f 1042/1673/787 983/1705/172 982/1706/172 1027/1674/751
f 984/1712/172 1032/1677/791 1027/1674/751 982/1706/172
f 1033/1679/797 1037/1627/798 1029/1671/759 979/1709/167
f 1040/1684/709 1035/1683/704 1034/1714/799 1031/1713/780
f 1046/1686/711 1049/1685/714 1041/1718/801 1043/1717/774
f 1057/1719/802 1058/1720/803 1059/1721/853
f 1060/1722/805 1061/1723/806 1062/1724/807
f 1063/1725/808 1064/1726/809 1065/1727/810
f 1066/1728/860 1067/1729/812 1068/1730/813
f 1069/1731/814 1070/1732/854 1071/1733/816
f 1072/1734/817 1073/1735/818 1074/1736/819
f 1107/1737/820 1108/1738/821 1109/1739/822
f 1110/1740/823 1111/1741/824 1112/1742/825
f 1117/1743/826 1118/1744/827 1119/1745/828
f 1120/1746/829 1121/1747/830 1122/1748/831
f 1063/1725/832 1058/1749/833 1057/1750/834 1064/1726/835
f 1089/1751/836 1060/1722/805 1062/1724/837 1090/1752/838
f 1061/1753/839 1067/1729/812 1066/1728/840 1062/1754/807
f 1094/1755/841 1065/1727/810 1064/1726/842 1093/1756/843
f 1076/1757/746 1063/1725/808 1065/1727/810 1075/1758/844
f 1080/1759/729 1073/1735/845 1072/1734/817 1079/1760/846
f 1073/1735/845 1070/1761/815 1069/1762/814 1074/1736/847
f 1085/1763/723 1061/1723/806 1060/1722/848 1086/1764/849
f 1067/1729/812 1077/1765/729 1078/1766/850 1068/1730/851
f 1077/1765/729 1080/1759/729 1079/1760/846 1078/1766/850
f 1058/1720/803 1081/1767/749 1082/1768/852 1059/1721/853
f 1070/1732/854 1083/1769/723 1084/1770/855 1071/1733/816
f 1083/1769/723 1085/1763/723 1086/1764/849 1084/1770/855
f 1059/1721/853 1087/1771/856 1088/1772/838 1057/1719/857
f 1087/1771/856 1089/1751/836 1090/1752/838 1088/1772/838
f 1068/1730/858 1091/1773/859 1092/1774/843 1066/1728/860
f 1091/1773/859 1094/1755/841 1093/1756/843 1092/1774/843
f 1074/1736/847 1095/1775/861 1096/1776/862 1072/1734/817
f 1071/1733/816 1101/1777/1054 1102/1778/864 1069/1731/814
f 1114/1779/900 1099/1780/866 1100/1781/867 1113/1782/868
f 1104/1783/869 1110/1740/870 1112/1742/871 1103/1784/872
f 1109/1739/822 1105/1785/873 1106/1786/874 1107/1737/820
f 1101/1777/863 1109/1739/822 1108/1738/876 1102/1778/1055
f 1111/1741/877 1108/1787/876 1107/1788/820 1112/1742/825
f 1075/1758/844 1120/1746/829 1122/1748/878 1076/1757/746
f 1121/1747/879 1118/1789/880 1117/1790/826 1122/1748/831
f 1116/1791/881 1119/1745/882 1118/1744/883 1115/1792/884
f 1119/1745/885 1082/1768/852 1081/1767/749 1117/1743/826
f 1120/1746/829 1114/1779/865 1113/1782/886 1121/1747/830
f 1110/1740/870 1096/1776/862 1095/1775/861 1111/1741/877
f 1098/1793/887 1116/1791/888 1115/1792/889 1097/1794/890
f 1105/1785/891 1098/1793/892 1097/1794/890 1106/1786/893
f 1099/1780/866 1104/1783/894 1103/1784/895 1100/1781/867
f 1057/1750/802 1088/1795/838 1093/1756/843 1064/1726/809
f 1063/1725/832 1076/1757/746 1081/1796/749 1058/1749/833
f 1082/1768/852 1053/1797/167 1087/1771/856 1059/1721/853
f 1052/1798/167 1086/1764/849 1060/1722/896 1089/1751/897
f 1090/1799/769 1062/1800/807 1066/1728/811 1092/1774/763
f 1077/1765/729 1067/1729/812 1061/1753/806 1085/1801/723
f 1065/1727/810 1094/1755/841 1055/1802/172 1075/1758/844
f 1091/1773/898 1068/1730/899 1078/1766/850 1054/1803/172
f 1073/1735/845 1080/1759/729 1083/1804/723 1070/1761/815
f 1101/1777/863 1071/1733/816 1084/1770/855 1051/1805/167
f 1095/1775/861 1074/1736/847 1069/1762/814 1102/1806/864
f 1056/1807/172 1079/1760/846 1072/1734/817 1096/1776/862
f 1055/1802/172 1114/1779/900 1120/1746/829 1075/1758/844
f 1081/1796/749 1076/1757/746 1122/1748/901 1117/1790/902
f 1054/1803/172 1078/1766/850 1079/1760/846 1056/1807/172
f 1080/1759/729 1077/1765/729 1085/1801/723 1083/1804/723
f 1082/1768/852 1119/1745/882 1116/1791/888 1053/1797/167
f 1051/1805/167 1084/1770/855 1086/1764/849 1052/1798/167
f 1088/1795/838 1090/1799/769 1092/1774/763 1093/1756/843
f 1053/1797/167 1052/1798/167 1089/1751/897 1087/1771/856
f 1094/1755/841 1091/1773/898 1054/1803/172 1055/1802/172
f 1110/1740/903 1104/1783/904 1056/1807/172 1096/1776/862
f 1095/1775/861 1102/1806/864 1108/1787/821 1111/1741/824
f 1098/1793/892 1052/1798/167 1053/1797/167 1116/1791/888
f 1103/1784/872 1106/1808/874 1097/1809/905 1100/1781/867
f 1115/1810/906 1113/1782/907 1100/1781/908 1097/1809/890
f 1052/1798/167 1098/1793/892 1105/1785/909 1051/1805/167
f 1114/1779/900 1055/1802/172 1054/1803/172 1099/1780/866
f 1056/1807/172 1104/1783/904 1099/1780/866 1054/1803/172
f 1105/1785/909 1109/1739/910 1101/1777/863 1051/1805/167
f 1112/1742/825 1107/1788/820 1106/1808/893 1103/1784/895
f 1118/1789/883 1121/1747/879 1113/1782/911 1115/1810/889
f 1129/1811/912 1130/1812/913 1131/1813/914
f 1132/1814/915 1133/1815/916 1134/1816/917
f 1135/1817/918 1136/1818/919 1137/1819/920
f 1138/1820/1002 1139/1821/922 1140/1822/923
f 1141/1823/924 1142/1824/962 1143/1825/926
f 1144/1826/927 1145/1827/928 1146/1828/955
f 1179/1829/930 1180/1830/1056 1181/1831/932
f 1182/1832/933 1183/1833/934 1184/1834/935
f 1189/1835/936 1190/1836/937 1191/1837/938
f 1192/1838/939 1193/1839/940 1194/1840/941
f 1135/1817/1057 1130/1841/1058 1129/1842/944 1136/1818/945
f 1161/1843/946 1132/1814/915 1134/1816/947 1162/1844/257
f 1133/1845/948 1139/1821/922 1138/1820/949 1134/1846/917
f 1166/1847/950 1137/1819/920 1136/1818/951 1165/1848/253
f 1148/1849/861 1135/1817/918 1137/1819/920 1147/1850/952
f 1152/1851/843 1145/1827/953 1144/1826/927 1151/1852/954
f 1145/1827/953 1142/1853/925 1141/1854/924 1146/1828/955
f 1157/1855/838 1133/1815/916 1132/1814/956 1158/1856/957
f 1139/1821/922 1149/1857/1059 1150/1858/958 1140/1822/959
f 1149/1857/843 1152/1851/843 1151/1852/960 1150/1858/1060
f 1130/1812/913 1153/1859/864 1154/1860/961 1131/1813/914
f 1142/1824/962 1155/1861/838 1156/1862/963 1143/1825/926
f 1155/1861/838 1157/1855/838 1158/1856/957 1156/1862/963
f 1131/1813/914 1159/1863/964 1160/1864/257 1129/1811/965
f 1159/1863/964 1161/1843/946 1162/1844/257 1160/1864/257
f 1140/1822/966 1163/1865/967 1164/1866/253 1138/1820/921
f 1163/1865/967 1166/1847/950 1165/1848/253 1164/1866/253
f 1146/1828/955 1167/1867/251 1168/1868/968 1144/1826/969
f 1143/1825/926 1173/1869/970 1174/1870/262 1141/1823/924
f 1186/1871/971 1171/1872/972 1172/1873/973 1185/1874/974
f 1176/1875/975 1182/1832/976 1184/1834/935 1175/1876/977
f 1181/1831/1061 1177/1877/978 1178/1878/979 1179/1829/930
f 1173/1869/970 1181/1831/932 1180/1830/931 1174/1870/262
f 1183/1833/934 1180/1879/931 1179/1880/930 1184/1834/935
f 1147/1850/952 1192/1838/980 1194/1840/1062 1148/1849/861
f 1193/1839/981 1190/1881/982 1189/1882/936 1194/1840/941
f 1188/1883/983 1191/1837/984 1190/1836/985 1187/1884/986
f 1191/1837/987 1154/1860/961 1153/1859/864 1189/1835/936
f 1192/1838/980 1186/1871/971 1185/1874/988 1193/1839/940
f 1182/1832/1038 1168/1868/968 1167/1867/251 1183/1833/990
f 1170/1885/991 1188/1883/983 1187/1884/992 1169/1886/993
f 1177/1877/994 1170/1885/995 1169/1886/993 1178/1878/996
f 1171/1872/972 1176/1875/997 1175/1876/998 1172/1873/973
f 1129/1842/912 1160/1887/257 1165/1848/999 1136/1818/919
f 1135/1817/942 1148/1849/861 1153/1888/864 1130/1841/943
f 1154/1860/961 1125/1889/167 1159/1863/964 1131/1813/914
f 1124/1890/167 1158/1856/957 1132/1814/1000 1161/1843/1001
f 1162/1891/257 1134/1892/917 1138/1820/1002 1164/1866/253
f 1149/1857/843 1139/1821/922 1133/1845/916 1157/1893/838
f 1137/1819/920 1166/1847/950 1127/1894/172 1147/1850/952
f 1163/1865/1003 1140/1822/1004 1150/1858/958 1126/1895/172
f 1145/1827/953 1152/1851/843 1155/1896/838 1142/1853/925
f 1173/1869/970 1143/1825/926 1156/1862/963 1123/1897/167
f 1167/1867/251 1146/1828/955 1141/1854/1005 1174/1898/262
f 1128/1899/172 1151/1852/960 1144/1826/969 1168/1868/968
f 1127/1894/172 1186/1871/1006 1192/1838/980 1147/1850/952
f 1153/1888/864 1148/1849/861 1194/1840/1007 1189/1882/1008
f 1126/1895/172 1150/1858/958 1151/1852/960 1128/1899/172
f 1152/1851/843 1149/1857/843 1157/1893/838 1155/1896/838
f 1154/1860/961 1191/1837/984 1188/1883/983 1125/1889/167
f 1123/1897/167 1156/1862/963 1158/1856/957 1124/1890/167
f 1160/1887/257 1162/1891/257 1164/1866/253 1165/1848/999
f 1125/1889/167 1124/1890/167 1161/1843/1001 1159/1863/964
f 1166/1847/950 1163/1865/1003 1126/1895/172 1127/1894/172
f 1182/1832/1009 1176/1875/1010 1128/1899/172 1168/1868/968
f 1167/1867/251 1174/1898/262 1180/1879/1056 1183/1833/1063
f 1170/1885/995 1124/1890/167 1125/1889/167 1188/1883/983
f 1175/1876/977 1178/1900/979 1169/1901/1011 1172/1873/973
f 1187/1902/1012 1185/1874/1013 1172/1873/1014 1169/1901/993
f 1124/1890/167 1170/1885/995 1177/1877/1015 1123/1897/167
f 1186/1871/1006 1127/1894/172 1126/1895/172 1171/1872/972
f 1128/1899/172 1176/1875/1010 1171/1872/972 1126/1895/172
f 1177/1877/1015 1181/1831/1016 1173/1869/970 1123/1897/167
f 1184/1834/935 1179/1880/930 1178/1900/996 1175/1876/998
f 1190/1881/985 1193/1839/981 1185/1874/1017 1187/1902/1018
f 1201/1903/209 1202/1904/210 1203/1905/264
f 1204/1906/212 1205/1907/213 1206/1908/214
f 1207/1909/215 1208/1910/216 1209/1911/217
f 1210/1912/218 1211/1913/219 1212/1914/220
f 1213/1915/221 1214/1916/222 1215/1917/223
f 1216/1918/1020 1217/1919/225 1218/1920/226
f 1251/1921/227 1252/1922/228 1253/1923/229
f 1254/1924/1021 1255/1925/231 1256/1926/232
f 1261/1927/233 1262/1928/234 1263/1929/296
f 1264/1930/288 1265/1931/237 1266/1932/238
f 1207/1933/239 1202/1934/240 1201/1935/241 1208/1936/242
f 1233/1937/243 1204/1906/212 1206/1908/244 1234/1938/245
f 1205/1939/246 1211/1940/219 1210/1941/247 1206/1942/214
f 1238/1943/248 1209/1911/217 1208/1910/249 1237/1944/250
f 1220/1945/251 1207/1909/215 1209/1911/217 1219/1946/1022
f 1224/1947/253 1217/1919/255 1216/1918/224 1223/1948/254
f 1217/1949/255 1214/1950/222 1213/1951/221 1218/1952/256
f 1229/1953/257 1205/1907/213 1204/1906/258 1230/1954/259
f 1211/1913/219 1221/1955/253 1222/1956/260 1212/1914/261
f 1221/1955/253 1224/1947/253 1223/1948/254 1222/1956/260
f 1202/1904/210 1225/1957/262 1226/1958/263 1203/1905/264
f 1214/1916/265 1227/1959/257 1228/1960/266 1215/1917/223
f 1227/1959/257 1229/1953/257 1230/1954/259 1228/1960/266
f 1203/1905/264 1231/1961/267 1232/1962/245 1201/1903/268
f 1231/1961/267 1233/1937/243 1234/1938/245 1232/1962/245
f 1212/1914/269 1235/1963/270 1236/1964/250 1210/1912/271
f 1235/1963/270 1238/1943/248 1237/1944/250 1236/1964/250
f 1218/1920/256 1239/1965/272 1240/1966/273 1216/1918/224
f 1215/1917/223 1245/1967/274 1246/1968/275 1213/1915/221
f 1258/1969/276 1243/1970/277 1244/1971/278 1257/1972/279
f 1248/1973/280 1254/1924/299 1256/1926/282 1247/1974/283
f 1253/1923/229 1249/1975/284 1250/1976/285 1251/1921/227
f 1245/1967/274 1253/1923/229 1252/1922/228 1246/1968/275
f 1255/1977/287 1252/1978/228 1251/1979/227 1256/1980/232
f 1219/1946/252 1264/1930/288 1266/1932/289 1220/1945/251
f 1265/1981/290 1262/1982/291 1261/1983/233 1266/1984/238
f 1260/1985/292 1263/1929/293 1262/1928/294 1259/1986/295
f 1263/1929/296 1226/1958/263 1225/1957/262 1261/1927/233
f 1264/1930/288 1258/1969/297 1257/1972/298 1265/1931/237
f 1254/1924/299 1240/1966/273 1239/1965/272 1255/1925/287
f 1242/1987/301 1260/1985/302 1259/1986/303 1241/1988/304
f 1249/1975/305 1242/1987/306 1241/1988/304 1250/1976/307
f 1243/1970/277 1248/1973/308 1247/1974/309 1244/1971/278
f 1201/1935/209 1232/1989/245 1237/1990/250 1208/1936/216
f 1207/1933/239 1220/1991/251 1225/1992/262 1202/1934/240
f 1226/1958/263 1197/1993/167 1231/1961/267 1203/1905/264
f 1196/1994/167 1230/1954/259 1204/1906/310 1233/1937/311
f 1234/1995/245 1206/1942/214 1210/1941/218 1236/1996/250
f 1221/1997/253 1211/1998/219 1205/1999/213 1229/2000/257
f 1209/1911/217 1238/1943/248 1199/2001/172 1219/1946/252
f 1235/1963/312 1212/1914/313 1222/1956/260 1198/2002/172
f 1217/1949/255 1224/2003/253 1227/2004/257 1214/1950/222
f 1245/1967/274 1215/1917/223 1228/1960/266 1195/2005/167
f 1239/2006/272 1218/1952/256 1213/1951/221 1246/2007/275
f 1200/2008/172 1223/1948/254 1216/1918/224 1240/1966/273
f 1199/2001/172 1258/1969/276 1264/1930/288 1219/1946/252
f 1225/1992/262 1220/1991/251 1266/1984/314 1261/1983/315
f 1198/2002/172 1222/1956/260 1223/1948/254 1200/2008/172
f 1224/2003/253 1221/1997/253 1229/2000/257 1227/2004/257
f 1226/1958/263 1263/1929/293 1260/1985/302 1197/1993/167
f 1195/2005/167 1228/1960/266 1230/1954/259 1196/1994/167
f 1232/1989/245 1234/1995/245 1236/1996/250 1237/1990/250
f 1197/1993/167 1196/1994/167 1233/1937/311 1231/1961/267
f 1238/1943/248 1235/1963/312 1198/2002/172 1199/2001/172
f 1254/1924/316 1248/1973/317 1200/2008/172 1240/1966/273
f 1239/2006/272 1246/2007/275 1252/1978/318 1255/1977/231
f 1242/1987/306 1196/1994/167 1197/1993/167 1260/1985/302
f 1247/2009/283 1250/2010/285 1241/2011/319 1244/2012/278
f 1259/2013/320 1257/2014/321 1244/2012/322 1241/2011/304
f 1196/1994/167 1242/1987/306 1249/1975/323 1195/2005/167
f 1258/1969/276 1199/2001/172 1198/2002/172 1243/1970/277
f 1200/2008/172 1248/1973/317 1243/1970/277 1198/2002/172
f 1249/1975/323 1253/1923/324 1245/1967/274 1195/2005/167
f 1256/1980/232 1251/1979/227 1250/2010/307 1247/2009/309
f 1262/1982/294 1265/1981/290 1257/2014/325 1259/2013/303
f 1273/2015/686 1274/2016/687 1275/2017/1042
f 1276/2018/721 1277/2019/690 1278/2020/727
f 1279/2021/692 1280/2022/693 1281/2023/694
f 1282/2024/695 1283/2025/725 1284/2026/697
f 1285/2027/698 1286/2028/699 1287/2029/700
f 1288/2030/701 1289/2031/1025 1290/2032/1043
f 1323/2033/704 1324/2034/792 1325/2035/706
f 1326/2036/707 1327/2037/708 1328/2038/709
f 1333/2039/710 1334/2040/711 1335/2041/712
f 1336/2042/713 1337/2043/714 1338/2044/715
f 1279/2021/781 1274/2045/782 1273/2046/1046 1280/2022/1047
f 1305/2047/720 1276/2018/721 1278/2020/722 1306/2048/723
f 1277/2049/724 1283/2025/725 1282/2024/726 1278/2050/727
f 1310/2051/728 1281/2023/694 1280/2022/719 1309/2052/729
f 1292/2053/272 1279/2021/692 1281/2023/694 1291/2054/1048
f 1296/2055/250 1289/2031/702 1288/2030/701 1295/2056/732
f 1289/2031/702 1286/2057/733 1285/2058/698 1290/2032/734
f 1301/2059/245 1277/2019/690 1276/2018/735 1302/2060/736
f 1283/2025/725 1293/2061/250 1294/2062/737 1284/2026/738
f 1293/2061/250 1296/2055/1064 1295/2056/732 1294/2062/737
f 1274/2016/687 1297/2063/275 1298/2064/739 1275/2017/688
f 1286/2028/699 1299/2065/245 1300/2066/740 1287/2029/700
f 1299/2065/245 1301/2059/245 1302/2060/736 1300/2066/740
f 1275/2017/688 1303/2067/742 1304/2068/723 1273/2015/718
f 1303/2067/742 1305/2047/720 1306/2048/723 1304/2068/723
f 1284/2026/743 1307/2069/744 1308/2070/729 1282/2024/745
f 1307/2069/744 1310/2051/728 1309/2052/729 1308/2070/729
f 1290/2032/734 1311/2071/746 1312/2072/747 1288/2030/701
f 1287/2029/700 1317/2073/759 1318/2074/749 1285/2027/698
f 1330/2075/787 1315/2076/751 1316/2077/752 1329/2078/753
f 1320/2079/754 1326/2036/755 1328/2038/709 1319/2080/756
f 1325/2035/706 1321/2081/757 1322/2082/758 1323/2033/704
f 1317/2073/759 1325/2035/706 1324/2034/705 1318/2074/749
f 1327/2037/761 1324/2083/705 1323/2084/704 1328/2038/709
f 1291/2054/730 1336/2042/713 1338/2044/762 1292/2053/272
f 1337/2043/800 1334/2085/1053 1333/2086/710 1338/2044/715
f 1332/2087/765 1335/2041/766 1334/2040/767 1331/2088/768
f 1335/2041/712 1298/2064/739 1297/2063/275 1333/2039/710
f 1336/2042/713 1330/2075/750 1329/2078/770 1337/2043/714
f 1326/2036/771 1312/2072/747 1311/2071/746 1327/2037/761
f 1314/2089/1027 1332/2087/765 1331/2088/774 1313/2090/775
f 1321/2081/776 1314/2089/777 1313/2090/775 1322/2082/778
f 1315/2076/751 1320/2079/779 1319/2080/780 1316/2077/752
f 1273/2046/686 1304/2091/723 1309/2052/729 1280/2022/693
f 1279/2021/781 1292/2053/272 1297/2092/275 1274/2045/782
f 1298/2064/739 1269/2093/167 1303/2067/742 1275/2017/688
f 1268/2094/167 1302/2060/736 1276/2018/783 1305/2047/784
f 1306/2095/723 1278/2096/727 1282/2024/695 1308/2070/729
f 1293/2061/250 1283/2025/725 1277/2049/690 1301/2097/245
f 1281/2023/694 1310/2051/728 1271/2098/172 1291/2054/730
f 1307/2069/785 1284/2026/786 1294/2062/737 1270/2099/172
f 1289/2031/702 1296/2055/250 1299/2100/245 1286/2057/733
f 1317/2073/759 1287/2029/700 1300/2066/740 1267/2101/167
f 1311/2071/746 1290/2032/734 1285/2058/698 1318/2102/749
f 1272/2103/172 1295/2056/732 1288/2030/701 1312/2072/747
f 1271/2098/172 1330/2075/787 1336/2042/713 1291/2054/730
f 1297/2092/275 1292/2053/272 1338/2044/788 1333/2086/789
f 1270/2099/172 1294/2062/737 1295/2056/732 1272/2103/172
f 1296/2055/250 1293/2061/250 1301/2097/245 1299/2100/245
f 1298/2064/739 1335/2041/766 1332/2087/765 1269/2093/167
f 1267/2101/167 1300/2066/740 1302/2060/736 1268/2094/167
f 1304/2091/723 1306/2095/723 1308/2070/729 1309/2052/729
f 1269/2093/167 1268/2094/167 1305/2047/784 1303/2067/742
f 1310/2051/728 1307/2069/785 1270/2099/172 1271/2098/172
f 1326/2036/790 1320/2079/791 1272/2103/172 1312/2072/747
f 1311/2071/746 1318/2102/749 1324/2083/792 1327/2037/708
f 1314/2089/777 1268/2094/167 1269/2093/167 1332/2087/765
f 1319/2080/756 1322/2104/758 1313/2105/793 1316/2077/752
f 1331/2106/794 1329/2078/795 1316/2077/796 1313/2105/775
f 1268/2094/167 1314/2089/777 1321/2081/797 1267/2101/167
f 1330/2075/787 1271/2098/172 1270/2099/172 1315/2076/751
f 1272/2103/172 1320/2079/791 1315/2076/751 1270/2099/172
f 1321/2081/797 1325/2035/798 1317/2073/759 1267/2101/167
f 1328/2038/709 1323/2084/704 1322/2104/799 1319/2080/780
f 1334/2085/711 1337/2043/714 1329/2078/801 1331/2106/774
f 1345/2107/802 1346/2108/803 1347/2109/853
f 1348/2110/805 1349/2111/806 1350/2112/807
f 1351/2113/808 1352/2114/809 1353/2115/1065
f 1354/2116/860 1355/2117/812 1356/2118/813
f 1357/2119/814 1358/2120/854 1359/2121/816
f 1360/2122/817 1361/2123/818 1362/2124/819
f 1395/2125/820 1396/2126/876 1397/2127/1029
f 1398/2128/823 1399/2129/877 1400/2130/825
f 1405/2131/826 1406/2132/827 1407/2133/828
f 1408/2134/1030 1409/2135/830 1410/2136/831
f 1351/2113/832 1346/2137/833 1345/2138/834 1352/2114/835
f 1377/2139/836 1348/2110/805 1350/2112/837 1378/2140/838
f 1349/2141/839 1355/2117/812 1354/2116/840 1350/2142/807
f 1382/2143/841 1353/2115/810 1352/2114/842 1381/2144/843
f 1364/2145/746 1351/2113/808 1353/2115/810 1363/2146/844
f 1368/2147/729 1361/2123/845 1360/2122/817 1367/2148/846
f 1361/2123/845 1358/2149/815 1357/2150/814 1362/2124/847
f 1373/2151/723 1349/2111/806 1348/2110/848 1374/2152/849
f 1355/2117/812 1365/2153/729 1366/2154/850 1356/2118/851
f 1365/2153/729 1368/2147/729 1367/2148/846 1366/2154/850
f 1346/2108/803 1369/2155/749 1370/2156/852 1347/2109/853
f 1358/2120/854 1371/2157/723 1372/2158/855 1359/2121/816
f 1371/2157/723 1373/2151/723 1374/2152/849 1372/2158/855
f 1347/2109/853 1375/2159/856 1376/2160/838 1345/2107/857
f 1375/2159/856 1377/2139/836 1378/2140/838 1376/2160/838
f 1356/2118/858 1379/2161/859 1380/2162/843 1354/2116/860
f 1379/2161/859 1382/2143/841 1381/2144/843 1380/2162/843
f 1362/2124/847 1383/2163/861 1384/2164/862 1360/2122/817
f 1359/2121/816 1389/2165/1054 1390/2166/864 1357/2119/814
f 1402/2167/865 1387/2168/866 1388/2169/867 1401/2170/911
f 1392/2171/869 1398/2128/1031 1400/2130/871 1391/2172/872
f 1397/2127/822 1393/2173/873 1394/2174/874 1395/2125/820
f 1389/2165/863 1397/2127/822 1396/2126/876 1390/2166/864
f 1399/2129/877 1396/2175/876 1395/2176/820 1400/2130/825
f 1363/2146/844 1408/2134/829 1410/2136/878 1364/2145/746
f 1409/2135/879 1406/2177/880 1405/2178/826 1410/2136/831
f 1404/2179/881 1407/2133/882 1406/2132/883 1403/2180/884
f 1407/2133/885 1370/2156/852 1369/2155/749 1405/2131/826
f 1408/2134/829 1402/2167/865 1401/2170/907 1409/2135/830
f 1398/2128/870 1384/2164/862 1383/2163/861 1399/2129/877
f 1386/2181/1032 1404/2179/888 1403/2180/889 1385/2182/890
f 1393/2173/891 1386/2181/892 1385/2182/890 1394/2174/893
f 1387/2168/866 1392/2171/894 1391/2172/895 1388/2169/867
f 1345/2138/802 1376/2183/838 1381/2144/843 1352/2114/809
f 1351/2113/832 1364/2145/746 1369/2184/749 1346/2137/833
f 1370/2156/852 1341/2185/167 1375/2159/856 1347/2109/853
f 1340/2186/167 1374/2152/849 1348/2110/896 1377/2139/897
f 1378/2187/769 1350/2142/807 1354/2116/811 1380/2162/763
f 1365/2153/729 1355/2117/812 1349/2188/806 1373/2189/723
f 1353/2115/810 1382/2143/841 1343/2190/172 1363/2146/844
f 1379/2161/898 1356/2118/899 1366/2154/850 1342/2191/172
f 1361/2123/845 1368/2147/729 1371/2192/723 1358/2149/815
f 1389/2165/863 1359/2121/816 1372/2158/855 1339/2193/167
f 1383/2163/861 1362/2124/847 1357/2150/814 1390/2194/864
f 1344/2195/172 1367/2148/846 1360/2122/817 1384/2164/862
f 1343/2190/172 1402/2167/900 1408/2134/829 1363/2146/844
f 1369/2184/749 1364/2145/746 1410/2136/901 1405/2178/902
f 1342/2191/172 1366/2154/850 1367/2148/846 1344/2195/172
f 1368/2147/729 1365/2153/729 1373/2189/723 1371/2192/723
f 1370/2156/852 1407/2133/882 1404/2179/888 1341/2185/167
f 1339/2193/167 1372/2158/855 1374/2152/849 1340/2186/167
f 1376/2183/838 1378/2187/769 1380/2162/763 1381/2144/843
f 1341/2185/167 1340/2186/167 1377/2139/897 1375/2159/856
f 1382/2143/841 1379/2161/898 1342/2191/172 1343/2190/172
f 1398/2128/903 1392/2171/904 1344/2195/172 1384/2164/862
f 1383/2163/861 1390/2194/864 1396/2175/821 1399/2129/824
f 1386/2181/892 1340/2186/167 1341/2185/167 1404/2179/888
f 1391/2172/872 1394/2196/874 1385/2197/905 1388/2169/867
f 1403/2198/906 1401/2170/907 1388/2169/908 1385/2197/890
f 1340/2186/167 1386/2181/892 1393/2173/909 1339/2193/167
f 1402/2167/900 1343/2190/172 1342/2191/172 1387/2168/866
f 1344/2195/172 1392/2171/904 1387/2168/866 1342/2191/172
f 1393/2173/909 1397/2127/910 1389/2165/863 1339/2193/167
f 1400/2130/825 1395/2176/820 1394/2196/893 1391/2172/895
f 1406/2177/827 1409/2135/830 1401/2170/911 1403/2198/889
f 1417/2199/912 1418/2200/913 1419/2201/1033
f 1420/2202/915 1421/2203/916 1422/2204/917
f 1423/2205/918 1424/2206/919 1425/2207/920
f 1426/2208/1002 1427/2209/922 1428/2210/923
f 1429/2211/924 1430/2212/962 1431/2213/926
f 1432/2214/969 1433/2215/928 1434/2216/929
f 1467/2217/930 1468/2218/1056 1469/2219/932
f 1470/2220/1066 1471/2221/934 1472/2222/935
f 1477/2223/936 1478/2224/937 1479/2225/938
f 1480/2226/980 1481/2227/940 1482/2228/941
f 1423/2229/1057 1418/2230/1058 1417/2231/944 1424/2232/945
f 1449/2233/946 1420/2202/915 1422/2204/947 1450/2234/257
f 1421/2235/948 1427/2236/922 1426/2237/949 1422/2238/917
f 1454/2239/950 1425/2207/920 1424/2206/951 1453/2240/253
f 1436/2241/861 1423/2205/918 1425/2207/920 1435/2242/952
f 1440/2243/843 1433/2215/953 1432/2214/969 1439/2244/1067
f 1433/2245/953 1430/2246/925 1429/2247/924 1434/2248/955
f 1445/2249/838 1421/2203/916 1420/2202/956 1446/2250/957
f 1427/2209/922 1437/2251/843 1438/2252/958 1428/2210/959
f 1437/2251/843 1440/2243/843 1439/2244/960 1438/2252/1060
f 1418/2200/913 1441/2253/864 1442/2254/961 1419/2201/914
f 1430/2212/962 1443/2255/838 1444/2256/963 1431/2213/926
f 1443/2255/838 1445/2249/838 1446/2250/957 1444/2256/963
f 1419/2201/914 1447/2257/964 1448/2258/257 1417/2199/965
f 1447/2257/964 1449/2233/946 1450/2234/257 1448/2258/257
f 1428/2210/966 1451/2259/967 1452/2260/253 1426/2208/921
f 1451/2259/967 1454/2239/950 1453/2240/253 1452/2260/253
f 1434/2216/955 1455/2261/251 1456/2262/968 1432/2214/969
f 1431/2213/926 1461/2263/970 1462/2264/262 1429/2211/924
f 1474/2265/971 1459/2266/972 1460/2267/973 1473/2268/1017
f 1464/2269/975 1470/2220/1009 1472/2222/1039 1463/2270/977
f 1469/2219/932 1465/2271/978 1466/2272/979 1467/2217/930
f 1461/2263/970 1469/2219/932 1468/2218/931 1462/2264/262
f 1471/2273/934 1468/2274/931 1467/2275/930 1472/2276/935
f 1435/2242/952 1480/2226/980 1482/2228/941 1436/2241/861
f 1481/2277/981 1478/2278/982 1477/2279/936 1482/2280/941
f 1476/2281/983 1479/2225/984 1478/2224/985 1475/2282/986
f 1479/2225/987 1442/2254/961 1441/2253/864 1477/2223/936
f 1480/2226/980 1474/2265/971 1473/2268/988 1481/2227/940
f 1470/2220/1038 1456/2262/968 1455/2261/251 1471/2221/990
f 1458/2283/1040 1476/2281/983 1475/2282/1018 1457/2284/993
f 1465/2271/994 1458/2283/995 1457/2284/993 1466/2272/996
f 1459/2266/972 1464/2269/997 1463/2270/998 1460/2267/973
f 1417/2231/912 1448/2285/257 1453/2286/999 1424/2232/919
f 1423/2229/942 1436/2287/861 1441/2288/864 1418/2230/943
f 1442/2254/961 1413/2289/167 1447/2257/964 1419/2201/914
f 1412/2290/167 1446/2250/957 1420/2202/1000 1449/2233/1001
f 1450/2291/257 1422/2292/917 1426/2293/1002 1452/2294/253
f 1437/2295/843 1427/2236/922 1421/2235/916 1445/2296/838
f 1425/2207/920 1454/2239/950 1415/2297/172 1435/2242/952
f 1451/2259/1003 1428/2210/1004 1438/2252/958 1414/2298/172
f 1433/2245/953 1440/2299/843 1443/2300/838 1430/2246/925
f 1461/2263/970 1431/2213/926 1444/2256/963 1411/2301/167
f 1455/2302/251 1434/2248/955 1429/2247/1005 1462/2303/262
f 1416/2304/172 1439/2244/960 1432/2214/969 1456/2262/968
f 1415/2297/172 1474/2265/1006 1480/2226/980 1435/2242/952
f 1441/2288/864 1436/2287/861 1482/2280/1007 1477/2279/1008
f 1414/2298/172 1438/2252/958 1439/2244/960 1416/2304/172
f 1440/2299/843 1437/2295/843 1445/2296/838 1443/2300/838
f 1442/2254/961 1479/2225/984 1476/2281/983 1413/2289/167
f 1411/2301/167 1444/2256/963 1446/2250/957 1412/2290/167
f 1448/2285/257 1450/2291/257 1452/2294/253 1453/2286/999
f 1413/2289/167 1412/2290/167 1449/2233/1001 1447/2257/964
f 1454/2239/950 1451/2259/1003 1414/2298/172 1415/2297/172
f 1470/2220/1009 1464/2269/1010 1416/2304/172 1456/2262/968
f 1455/2302/251 1462/2303/262 1468/2274/1056 1471/2273/1063
f 1458/2283/995 1412/2290/167 1413/2289/167 1476/2281/983
f 1463/2305/977 1466/2306/979 1457/2307/1011 1460/2308/973
f 1475/2309/1012 1473/2310/1013 1460/2308/1014 1457/2307/993
f 1412/2290/167 1458/2283/995 1465/2271/1015 1411/2301/167
f 1474/2265/1006 1415/2297/172 1414/2298/172 1459/2266/972
f 1416/2304/172 1464/2269/1010 1459/2266/972 1414/2298/172
f 1465/2271/1015 1469/2219/1016 1461/2263/970 1411/2301/167
f 1472/2276/935 1467/2275/930 1466/2306/996 1463/2305/998
f 1478/2278/985 1481/2277/981 1473/2310/1017 1475/2309/1018
f 1489/2311/209 1490/2312/210 1491/2313/211
f 1492/2314/1068 1493/2315/213 1494/2316/214
f 1495/2317/215 1496/2318/216 1497/2319/217
f 1498/2320/218 1499/2321/219 1500/2322/220
f 1501/2323/221 1502/2324/265 1503/2325/223
f 1504/2326/224 1505/2327/1069 1506/2328/226
f 1539/2329/227 1540/2330/228 1541/2331/229
f 1542/2332/1021 1543/2333/287 1544/2334/232
f 1549/2335/233 1550/2336/234 1551/2337/235
f 1552/2338/236 1553/2339/237 1554/2340/238
f 1495/2341/239 1490/2342/240 1489/2343/241 1496/2344/242
f 1521/2345/243 1492/2314/212 1494/2316/244 1522/2346/245
f 1493/2347/246 1499/2348/219 1498/2349/247 1494/2350/214
f 1526/2351/248 1497/2319/217 1496/2318/249 1525/2352/250
f 1508/2353/251 1495/2317/215 1497/2319/217 1507/2354/252
f 1512/2355/253 1505/2327/255 1504/2326/224 1511/2356/254
f 1505/2357/255 1502/2358/222 1501/2359/221 1506/2360/256
f 1517/2361/257 1493/2315/213 1492/2314/258 1518/2362/259
f 1499/2321/219 1509/2363/253 1510/2364/260 1500/2322/261
f 1509/2363/253 1512/2355/253 1511/2356/254 1510/2364/260
f 1490/2312/210 1513/2365/262 1514/2366/263 1491/2313/264
f 1502/2324/265 1515/2367/257 1516/2368/266 1503/2325/223
f 1515/2367/257 1517/2361/257 1518/2362/259 1516/2368/266
f 1491/2313/264 1519/2369/267 1520/2370/245 1489/2311/268
f 1519/2369/267 1521/2345/243 1522/2346/245 1520/2370/245
f 1500/2322/269 1523/2371/270 1524/2372/250 1498/2320/271
f 1523/2371/270 1526/2351/248 1525/2352/250 1524/2372/250
f 1506/2328/256 1527/2373/272 1528/2374/273 1504/2326/224
f 1503/2325/223 1533/2375/274 1534/2376/275 1501/2323/221
f 1546/2377/276 1531/2378/277 1532/2379/278 1545/2380/279
f 1536/2381/280 1542/2332/299 1544/2334/282 1535/2382/283
f 1541/2331/229 1537/2383/284 1538/2384/285 1539/2329/227
f 1533/2375/274 1541/2331/229 1540/2330/228 1534/2376/275
f 1543/2385/287 1540/2386/228 1539/2387/227 1544/2388/232
f 1507/2354/252 1552/2338/288 1554/2340/289 1508/2353/251
f 1553/2389/290 1550/2390/291 1549/2391/233 1554/2392/238
f 1548/2393/292 1551/2337/293 1550/2336/294 1547/2394/295
f 1551/2337/296 1514/2366/263 1513/2365/262 1549/2335/233
f 1552/2338/288 1546/2377/297 1545/2380/298 1553/2339/237
f 1542/2332/299 1528/2374/273 1527/2373/272 1543/2333/300
f 1530/2395/301 1548/2393/302 1547/2394/303 1529/2396/304
f 1537/2383/305 1530/2395/306 1529/2396/304 1538/2384/307
f 1531/2378/277 1536/2381/308 1535/2382/309 1532/2379/278
f 1489/2343/209 1520/2397/245 1525/2398/250 1496/2344/216
f 1495/2341/239 1508/2399/251 1513/2400/262 1490/2342/240
f 1514/2366/263 1485/2401/167 1519/2369/267 1491/2313/264
f 1484/2402/167 1518/2362/259 1492/2314/310 1521/2345/311
f 1522/2403/245 1494/2350/214 1498/2349/218 1524/2404/250
f 1509/2405/253 1499/2406/219 1493/2407/213 1517/2408/257
f 1497/2319/217 1526/2351/248 1487/2409/172 1507/2354/252
f 1523/2371/312 1500/2322/313 1510/2364/260 1486/2410/172
f 1505/2357/255 1512/2411/253 1515/2412/257 1502/2358/222
f 1533/2375/274 1503/2325/223 1516/2368/266 1483/2413/167
f 1527/2414/272 1506/2360/256 1501/2359/221 1534/2415/275
f 1488/2416/172 1511/2356/254 1504/2326/224 1528/2374/273
f 1487/2409/172 1546/2377/276 1552/2338/288 1507/2354/252
f 1513/2400/262 1508/2399/251 1554/2392/314 1549/2391/315
f 1486/2410/172 1510/2364/260 1511/2356/254 1488/2416/172
f 1512/2411/253 1509/2405/253 1517/2408/257 1515/2412/257
f 1514/2366/263 1551/2337/293 1548/2393/302 1485/2401/167
f 1483/2413/167 1516/2368/266 1518/2362/259 1484/2402/167
f 1520/2397/245 1522/2403/245 1524/2404/250 1525/2398/250
f 1485/2401/167 1484/2402/167 1521/2345/311 1519/2369/267
f 1526/2351/248 1523/2371/312 1486/2410/172 1487/2409/172
f 1542/2332/316 1536/2381/317 1488/2416/172 1528/2374/273
f 1527/2414/272 1534/2415/275 1540/2386/318 1543/2385/231
f 1530/2395/306 1484/2402/167 1485/2401/167 1548/2393/302
f 1535/2417/283 1538/2418/285 1529/2419/319 1532/2420/278
f 1547/2421/320 1545/2422/321 1532/2420/322 1529/2419/304
f 1484/2402/167 1530/2395/306 1537/2383/323 1483/2413/167
f 1546/2377/276 1487/2409/172 1486/2410/172 1531/2378/277
f 1488/2416/172 1536/2381/317 1531/2378/277 1486/2410/172
f 1537/2383/323 1541/2331/324 1533/2375/274 1483/2413/167
f 1544/2388/232 1539/2387/227 1538/2418/307 1535/2417/309
f 1550/2390/294 1553/2389/290 1545/2422/325 1547/2421/303
f 1561/2423/686 1562/2424/687 1563/2425/1042
f 1564/2426/721 1565/2427/690 1566/2428/727
f 1567/2429/692 1568/2430/693 1569/2431/694
f 1570/2432/695 1571/2433/725 1572/2434/697
f 1573/2435/698 1574/2436/733 1575/2437/700
f 1576/2438/701 1577/2439/1025 1578/2440/734
f 1611/2441/704 1612/2442/705 1613/2443/706
f 1614/2444/790 1615/2445/761 1616/2446/709
f 1621/2447/710 1622/2448/711 1623/2449/1044
f 1624/2450/713 1625/2451/714 1626/2452/715
f 1567/2453/781 1562/2454/782 1561/2455/1046 1568/2456/1047
f 1593/2457/720 1564/2426/721 1566/2428/722 1594/2458/723
f 1565/2459/724 1571/2460/725 1570/2461/726 1566/2462/727
f 1598/2463/728 1569/2431/694 1568/2430/719 1597/2464/729
f 1580/2465/272 1567/2429/692 1569/2431/694 1579/2466/730
f 1584/2467/250 1577/2439/702 1576/2438/701 1583/2468/732
f 1577/2469/702 1574/2470/733 1573/2471/698 1578/2472/734
f 1589/2473/245 1565/2427/690 1564/2426/735 1590/2474/736
f 1571/2433/725 1581/2475/250 1582/2476/737 1572/2434/738
f 1581/2475/250 1584/2467/250 1583/2468/732 1582/2476/737
f 1562/2424/687 1585/2477/275 1586/2478/739 1563/2425/688
f 1574/2436/699 1587/2479/245 1588/2480/740 1575/2437/700
f 1587/2479/245 1589/2473/245 1590/2474/736 1588/2480/740
f 1563/2425/688 1591/2481/742 1592/2482/723 1561/2423/718
f 1591/2481/742 1593/2457/720 1594/2458/723 1592/2482/723
f 1572/2434/743 1595/2483/744 1596/2484/729 1570/2432/745
f 1595/2483/744 1598/2463/728 1597/2464/729 1596/2484/1070
f 1578/2440/734 1599/2485/746 1600/2486/747 1576/2438/701
f 1575/2437/700 1605/2487/759 1606/2488/749 1573/2435/698
f 1618/2489/750 1603/2490/751 1604/2491/752 1617/2492/753
f 1608/2493/754 1614/2444/755 1616/2446/709 1607/2494/1071
f 1613/2443/706 1609/2495/757 1610/2496/1072 1611/2441/704
f 1605/2487/759 1613/2443/706 1612/2442/705 1606/2488/1073
f 1615/2497/761 1612/2498/705 1611/2499/704 1616/2500/709
f 1579/2466/730 1624/2450/713 1626/2452/715 1580/2465/272
f 1625/2501/800 1622/2502/1053 1621/2503/710 1626/2504/715
f 1620/2505/765 1623/2449/766 1622/2448/767 1619/2506/768
f 1623/2449/712 1586/2478/739 1585/2477/275 1621/2447/710
f 1624/2450/713 1618/2489/750 1617/2492/770 1625/2451/714
f 1614/2444/771 1600/2486/747 1599/2485/746 1615/2445/761
f 1602/2507/1027 1620/2505/765 1619/2506/774 1601/2508/775
f 1609/2495/776 1602/2507/777 1601/2508/775 1610/2496/778
f 1603/2490/751 1608/2493/754 1607/2494/780 1604/2491/752
f 1561/2455/686 1592/2509/723 1597/2510/729 1568/2456/693
f 1567/2453/781 1580/2511/272 1585/2512/275 1562/2454/782
f 1586/2478/739 1557/2513/167 1591/2481/742 1563/2425/688
f 1556/2514/167 1590/2474/736 1564/2426/783 1593/2457/784
f 1594/2515/723 1566/2516/727 1570/2517/695 1596/2518/729
f 1581/2519/250 1571/2460/725 1565/2459/690 1589/2520/245
f 1569/2431/694 1598/2463/728 1559/2521/172 1579/2466/730
f 1595/2483/785 1572/2434/786 1582/2476/737 1558/2522/172
f 1577/2469/702 1584/2523/250 1587/2524/245 1574/2470/733
f 1605/2487/759 1575/2437/700 1588/2480/740 1555/2525/167
f 1599/2526/746 1578/2472/734 1573/2471/698 1606/2527/749
f 1560/2528/172 1583/2468/732 1576/2438/701 1600/2486/747
f 1559/2521/172 1618/2489/787 1624/2450/713 1579/2466/730
f 1585/2512/275 1580/2511/272 1626/2504/788 1621/2503/789
f 1558/2522/172 1582/2476/737 1583/2468/732 1560/2528/172
f 1584/2523/250 1581/2519/250 1589/2520/245 1587/2524/245
f 1586/2478/739 1623/2449/766 1620/2505/765 1557/2513/167
f 1555/2525/167 1588/2480/740 1590/2474/736 1556/2514/167
f 1592/2509/723 1594/2515/723 1596/2518/729 1597/2510/729
f 1557/2513/167 1556/2514/167 1593/2457/784 1591/2481/742
f 1598/2463/728 1595/2483/785 1558/2522/172 1559/2521/172
f 1614/2444/790 1608/2493/791 1560/2528/172 1600/2486/747
f 1599/2526/746 1606/2527/749 1612/2498/792 1615/2497/708
f 1602/2507/777 1556/2514/167 1557/2513/167 1620/2505/765
f 1607/2529/756 1610/2530/758 1601/2531/793 1604/2532/1074
f 1619/2533/794 1617/2534/795 1604/2532/796 1601/2531/775
f 1556/2514/167 1602/2507/777 1609/2495/797 1555/2525/167
f 1618/2489/787 1559/2521/172 1558/2522/172 1603/2490/751
f 1560/2528/172 1608/2493/791 1603/2490/751 1558/2522/172
f 1609/2495/797 1613/2443/798 1605/2487/759 1555/2525/167
f 1616/2500/709 1611/2499/704 1610/2530/799 1607/2529/780
f 1622/2502/767 1625/2501/800 1617/2534/801 1619/2533/774
f 1633/2535/802 1634/2536/803 1635/2537/853
f 1636/2538/805 1637/2539/806 1638/2540/807
f 1639/2541/808 1640/2542/809 1641/2543/1065
f 1642/2544/860 1643/2545/812 1644/2546/813
f 1645/2547/814 1646/2548/815 1647/2549/816
f 1648/2550/817 1649/2551/818 1650/2552/819
f 1683/2553/820 1684/2554/876 1685/2555/822
f 1686/2556/823 1687/2557/824 1688/2558/825
f 1693/2559/826 1694/2560/827 1695/2561/828
f 1696/2562/829 1697/2563/830 1698/2564/831
f 1639/2565/832 1634/2566/833 1633/2567/834 1640/2568/835
f 1665/2569/836 1636/2538/805 1638/2540/837 1666/2570/838
f 1637/2571/839 1643/2572/812 1642/2573/840 1638/2574/807
f 1670/2575/841 1641/2543/810 1640/2542/842 1669/2576/843
f 1652/2577/746 1639/2541/808 1641/2543/810 1651/2578/844
f 1656/2579/729 1649/2551/845 1648/2550/817 1655/2580/846
f 1649/2581/845 1646/2582/815 1645/2583/814 1650/2584/847
f 1661/2585/723 1637/2539/806 1636/2538/848 1662/2586/849
f 1643/2545/812 1653/2587/729 1654/2588/850 1644/2546/851
f 1653/2587/729 1656/2579/729 1655/2580/846 1654/2588/850
f 1634/2536/803 1657/2589/749 1658/2590/852 1635/2537/853
f 1646/2548/854 1659/2591/723 1660/2592/855 1647/2549/816
f 1659/2591/723 1661/2585/723 1662/2586/849 1660/2592/855
f 1635/2537/853 1663/2593/856 1664/2594/838 1633/2535/857
f 1663/2593/856 1665/2569/836 1666/2570/838 1664/2594/838
f 1644/2546/858 1667/2595/859 1668/2596/843 1642/2544/860
f 1667/2595/859 1670/2575/841 1669/2576/843 1668/2596/1075
f 1650/2552/847 1671/2597/861 1672/2598/862 1648/2550/817
f 1647/2549/816 1677/2599/863 1678/2600/864 1645/2547/814
f 1690/2601/865 1675/2602/866 1676/2603/867 1689/2604/868
f 1680/2605/869 1686/2556/870 1688/2558/871 1679/2606/872
f 1685/2555/822 1681/2607/873 1682/2608/874 1683/2553/820
f 1677/2599/863 1685/2555/822 1684/2554/876 1678/2600/1055
f 1687/2609/877 1684/2610/876 1683/2611/820 1688/2612/825
f 1651/2578/844 1696/2562/829 1698/2564/878 1652/2577/746
f 1697/2613/830 1694/2614/1076 1693/2615/826 1698/2616/831
f 1692/2617/881 1695/2561/882 1694/2560/883 1691/2618/884
f 1695/2561/885 1658/2590/852 1657/2589/749 1693/2559/826
f 1696/2562/829 1690/2601/865 1689/2604/886 1697/2563/830
f 1686/2556/870 1672/2598/862 1671/2597/861 1687/2557/877
f 1674/2619/887 1692/2617/888 1691/2618/889 1673/2620/890
f 1681/2607/891 1674/2619/892 1673/2620/890 1682/2608/893
f 1675/2602/866 1680/2605/894 1679/2606/895 1676/2603/867
f 1633/2567/802 1664/2621/838 1669/2622/843 1640/2568/809
f 1639/2565/832 1652/2623/746 1657/2624/749 1634/2566/833
f 1658/2590/852 1629/2625/167 1663/2593/856 1635/2537/853
f 1628/2626/167 1662/2586/849 1636/2538/896 1665/2569/897
f 1666/2627/838 1638/2574/807 1642/2573/811 1668/2628/843
f 1653/2629/729 1643/2630/812 1637/2631/806 1661/2632/723
f 1641/2543/810 1670/2575/841 1631/2633/172 1651/2578/844
f 1667/2595/898 1644/2546/899 1654/2588/850 1630/2634/172
f 1649/2581/845 1656/2635/729 1659/2636/723 1646/2582/815
f 1677/2599/863 1647/2549/816 1660/2592/855 1627/2637/167
f 1671/2638/861 1650/2584/847 1645/2583/814 1678/2639/864
f 1632/2640/172 1655/2580/846 1648/2550/817 1672/2598/862
f 1631/2633/172 1690/2601/900 1696/2562/829 1651/2578/844
f 1657/2624/749 1652/2623/746 1698/2616/1077 1693/2615/902
f 1630/2634/172 1654/2588/850 1655/2580/846 1632/2640/172
f 1656/2635/729 1653/2629/729 1661/2632/723 1659/2636/723
f 1658/2590/852 1695/2561/882 1692/2617/888 1629/2625/167
f 1627/2637/167 1660/2592/855 1662/2586/849 1628/2626/167
f 1664/2621/838 1666/2627/838 1668/2628/843 1669/2622/843
f 1629/2625/167 1628/2626/167 1665/2569/897 1663/2593/856
f 1670/2575/841 1667/2595/898 1630/2634/172 1631/2633/172
f 1686/2556/903 1680/2605/904 1632/2640/172 1672/2598/862
f 1671/2638/861 1678/2639/864 1684/2610/821 1687/2609/824
f 1674/2619/892 1628/2626/167 1629/2625/167 1692/2617/888
f 1679/2641/872 1682/2642/874 1673/2643/905 1676/2644/867
f 1691/2645/906 1689/2646/907 1676/2644/908 1673/2643/890
f 1628/2626/167 1674/2619/892 1681/2607/909 1627/2637/167
f 1690/2601/900 1631/2633/172 1630/2634/172 1675/2602/866
f 1632/2640/172 1680/2605/904 1675/2602/866 1630/2634/172
f 1681/2607/909 1685/2555/910 1677/2599/863 1627/2637/167
f 1688/2612/825 1683/2611/820 1682/2642/893 1679/2641/895
f 1694/2614/883 1697/2613/879 1689/2646/911 1691/2645/889
f 1705/2647/912 1706/2648/913 1707/2649/1078
f 1708/2650/915 1709/2651/916 1710/2652/917
f 1711/2653/918 1712/2654/919 1713/2655/920
f 1714/2656/921 1715/2657/922 1716/2658/923
f 1717/2659/924 1718/2660/962 1719/2661/926
f 1720/2662/927 1721/2663/928 1722/2664/929
f 1755/2665/930 1756/2666/931 1757/2667/932
f 1758/2668/933 1759/2669/934 1760/2670/935
f 1765/2671/936 1766/2672/937 1767/2673/938
f 1768/2674/939 1769/2675/940 1770/2676/941
f 1711/2677/1057 1706/2678/1058 1705/2679/912 1712/2680/919
f 1737/2681/946 1708/2650/915 1710/2652/947 1738/2682/257
f 1709/2683/948 1715/2684/922 1714/2685/949 1710/2686/917
f 1742/2687/950 1713/2655/920 1712/2654/951 1741/2688/253
f 1724/2689/861 1711/2653/918 1713/2655/920 1723/2690/952
f 1728/2691/843 1721/2663/953 1720/2662/927 1727/2692/960
f 1721/2693/953 1718/2694/925 1717/2695/924 1722/2696/955
f 1733/2697/838 1709/2651/916 1708/2650/956 1734/2698/957
f 1715/2657/922 1725/2699/843 1726/2700/958 1716/2658/959
f 1725/2699/843 1728/2691/843 1727/2692/960 1726/2700/958
f 1706/2648/913 1729/2701/864 1730/2702/961 1707/2649/914
f 1718/2660/962 1731/2703/838 1732/2704/963 1719/2661/926
f 1731/2703/838 1733/2697/838 1734/2698/957 1732/2704/963
f 1707/2649/914 1735/2705/964 1736/2706/257 1705/2647/965
f 1735/2705/964 1737/2681/946 1738/2682/257 1736/2706/257
f 1716/2658/966 1739/2707/967 1740/2708/253 1714/2656/921
f 1739/2707/967 1742/2687/950 1741/2688/253 1740/2708/253
f 1722/2664/955 1743/2709/251 1744/2710/968 1720/2662/969
f 1719/2661/926 1749/2711/970 1750/2712/262 1717/2659/924
f 1762/2713/971 1747/2714/972 1748/2715/973 1761/2716/974
f 1752/2717/975 1758/2668/976 1760/2670/935 1751/2718/977
f 1757/2667/1061 1753/2719/978 1754/2720/979 1755/2665/930
f 1749/2711/970 1757/2667/932 1756/2666/931 1750/2712/262
f 1759/2721/934 1756/2722/931 1755/2723/930 1760/2724/935
f 1723/2690/952 1768/2674/980 1770/2676/1062 1724/2689/861
f 1769/2725/940 1766/2726/1079 1765/2727/936 1770/2728/941
f 1764/2729/983 1767/2673/984 1766/2672/985 1763/2730/986
f 1767/2673/987 1730/2702/961 1729/2701/864 1765/2671/936
f 1768/2674/980 1762/2713/971 1761/2716/988 1769/2675/940
f 1758/2668/1038 1744/2710/968 1743/2709/251 1759/2669/990
f 1746/2731/991 1764/2729/983 1763/2730/992 1745/2732/993
f 1753/2719/994 1746/2731/995 1745/2732/993 1754/2720/996
f 1747/2714/972 1752/2717/997 1751/2718/998 1748/2715/973
f 1705/2679/912 1736/2733/257 1741/2734/999 1712/2680/919
f 1711/2677/942 1724/2735/861 1729/2736/864 1706/2678/943
f 1730/2702/961 1701/2737/167 1735/2705/964 1707/2649/914
f 1700/2738/167 1734/2698/957 1708/2650/1000 1737/2681/1001
f 1738/2739/257 1710/2740/1080 1714/2741/1002 1740/2742/253
f 1725/2743/843 1715/2684/922 1709/2683/916 1733/2744/838
f 1713/2655/920 1742/2687/950 1703/2745/172 1723/2690/952
f 1739/2707/1003 1716/2658/1004 1726/2700/958 1702/2746/172
f 1721/2693/953 1728/2747/843 1731/2748/838 1718/2694/925
f 1749/2711/970 1719/2661/926 1732/2704/963 1699/2749/167
f 1743/2750/251 1722/2696/955 1717/2695/924 1750/2751/262
f 1704/2752/172 1727/2692/960 1720/2662/969 1744/2710/968
f 1703/2745/172 1762/2713/1006 1768/2674/980 1723/2690/952
f 1729/2736/864 1724/2735/861 1770/2728/1007 1765/2727/1008
f 1702/2746/172 1726/2700/958 1727/2692/960 1704/2752/172
f 1728/2747/843 1725/2743/843 1733/2744/838 1731/2748/838
f 1730/2702/961 1767/2673/984 1764/2729/983 1701/2737/167
f 1699/2749/167 1732/2704/963 1734/2698/957 1700/2738/167
f 1736/2733/257 1738/2739/257 1740/2742/253 1741/2734/999
f 1701/2737/167 1700/2738/167 1737/2681/1001 1735/2705/964
f 1742/2687/950 1739/2707/1003 1702/2746/172 1703/2745/172
f 1758/2668/1009 1752/2717/1010 1704/2752/172 1744/2710/968
f 1743/2750/251 1750/2751/262 1756/2722/1056 1759/2721/1063
f 1746/2731/995 1700/2738/167 1701/2737/167 1764/2729/983
f 1751/2753/977 1754/2754/979 1745/2755/1011 1748/2756/973
f 1763/2757/1012 1761/2758/1013 1748/2756/1014 1745/2755/993
f 1700/2738/167 1746/2731/995 1753/2719/1015 1699/2749/167
f 1762/2713/1006 1703/2745/172 1702/2746/172 1747/2714/972
f 1704/2752/172 1752/2717/1010 1747/2714/972 1702/2746/172
f 1753/2719/1015 1757/2667/1016 1749/2711/970 1699/2749/167
f 1760/2724/935 1755/2723/930 1754/2754/996 1751/2753/998
f 1766/2726/985 1769/2725/981 1761/2758/1017 1763/2757/1018
f 1777/2759/209 1778/2760/210 1779/2761/211
f 1780/2762/1068 1781/2763/213 1782/2764/214
f 1783/2765/215 1784/2766/216 1785/2767/217
f 1786/2768/218 1787/2769/219 1788/2770/220
f 1789/2771/221 1790/2772/265 1791/2773/223
f 1792/2774/224 1793/2775/1069 1794/2776/226
f 1827/2777/227 1828/2778/318 1829/2779/229
f 1830/2780/1021 1831/2781/231 1832/2782/232
f 1837/2783/233 1838/2784/234 1839/2785/296
f 1840/2786/288 1841/2787/237 1842/2788/238
f 1783/2789/239 1778/2790/240 1777/2791/241 1784/2792/242
f 1809/2793/243 1780/2762/212 1782/2764/244 1810/2794/245
f 1781/2795/246 1787/2796/219 1786/2797/247 1782/2798/214
f 1814/2799/248 1785/2767/217 1784/2766/249 1813/2800/250
f 1796/2801/251 1783/2765/215 1785/2767/217 1795/2802/1022
f 1800/2803/253 1793/2775/255 1792/2774/224 1799/2804/254
f 1793/2805/255 1790/2806/222 1789/2807/221 1794/2808/256
f 1805/2809/257 1781/2763/213 1780/2762/258 1806/2810/259
f 1787/2769/219 1797/2811/253 1798/2812/260 1788/2770/261
f 1797/2811/253 1800/2803/253 1799/2804/254 1798/2812/260
f 1778/2760/210 1801/2813/262 1802/2814/263 1779/2761/264
f 1790/2772/265 1803/2815/257 1804/2816/266 1791/2773/223
f 1803/2815/257 1805/2809/257 1806/2810/259 1804/2816/266
f 1779/2761/264 1807/2817/267 1808/2818/245 1777/2759/268
f 1807/2817/267 1809/2793/1081 1810/2794/245 1808/2818/245
f 1788/2770/269 1811/2819/270 1812/2820/250 1786/2768/271
f 1811/2819/270 1814/2799/248 1813/2800/250 1812/2820/250
f 1794/2776/256 1815/2821/272 1816/2822/273 1792/2774/224
f 1791/2773/223 1821/2823/274 1822/2824/275 1789/2771/221
f 1834/2825/276 1819/2826/277 1820/2827/278 1833/2828/279
f 1824/2829/280 1830/2780/299 1832/2782/282 1823/2830/283
f 1829/2779/229 1825/2831/284 1826/2832/285 1827/2777/227
f 1821/2823/274 1829/2779/229 1828/2778/228 1822/2824/275
f 1831/2833/287 1828/2834/228 1827/2835/227 1832/2836/232
f 1795/2802/252 1840/2786/288 1842/2788/289 1796/2801/251
f 1841/2837/290 1838/2838/291 1837/2839/233 1842/2840/238
f 1836/2841/292 1839/2785/293 1838/2784/294 1835/2842/295
f 1839/2785/296 1802/2814/263 1801/2813/262 1837/2783/233
f 1840/2786/288 1834/2825/297 1833/2828/298 1841/2787/237
f 1830/2780/299 1816/2822/273 1815/2821/272 1831/2781/287
f 1818/2843/301 1836/2841/302 1835/2842/303 1817/2844/304
f 1825/2831/305 1818/2843/306 1817/2844/304 1826/2832/307
f 1819/2826/277 1824/2829/308 1823/2830/309 1820/2827/278
f 1777/2791/209 1808/2845/245 1813/2846/250 1784/2792/216
f 1783/2789/239 1796/2847/251 1801/2848/262 1778/2790/240
f 1802/2814/263 1773/2849/167 1807/2817/267 1779/2761/264
f 1772/2850/167 1806/2810/259 1780/2762/310 1809/2793/311
f 1810/2851/245 1782/2798/214 1786/2797/218 1812/2852/250
f 1797/2853/253 1787/2854/219 1781/2855/213 1805/2856/257
f 1785/2767/217 1814/2799/248 1775/2857/172 1795/2802/252
f 1811/2819/312 1788/2770/313 1798/2812/260 1774/2858/172
f 1793/2805/255 1800/2859/253 1803/2860/257 1790/2806/222
f 1821/2823/274 1791/2773/223 1804/2816/266 1771/2861/167
f 1815/2862/272 1794/2808/256 1789/2807/221 1822/2863/275
f 1776/2864/172 1799/2804/254 1792/2774/224 1816/2822/273
f 1775/2857/172 1834/2825/276 1840/2786/288 1795/2802/252
f 1801/2848/262 1796/2847/251 1842/2840/314 1837/2839/315
f 1774/2858/172 1798/2812/260 1799/2804/254 1776/2864/172
f 1800/2859/253 1797/2853/253 1805/2856/257 1803/2860/257
f 1802/2814/263 1839/2785/293 1836/2841/302 1773/2849/167
f 1771/2861/167 1804/2816/266 1806/2810/259 1772/2850/167
f 1808/2845/245 1810/2851/245 1812/2852/250 1813/2846/250
f 1773/2849/167 1772/2850/167 1809/2793/311 1807/2817/267
f 1814/2799/248 1811/2819/312 1774/2858/172 1775/2857/172
f 1830/2780/316 1824/2829/317 1776/2864/172 1816/2822/273
f 1815/2862/272 1822/2863/275 1828/2834/318 1831/2833/231
f 1818/2843/306 1772/2850/167 1773/2849/167 1836/2841/302
f 1823/2865/283 1826/2866/285 1817/2867/319 1820/2868/278
f 1835/2869/320 1833/2870/321 1820/2868/322 1817/2867/304
f 1772/2850/167 1818/2843/306 1825/2831/323 1771/2861/167
f 1834/2825/276 1775/2857/172 1774/2858/172 1819/2826/277
f 1776/2864/172 1824/2829/317 1819/2826/277 1774/2858/172
f 1825/2831/323 1829/2779/324 1821/2823/274 1771/2861/167
f 1832/2836/232 1827/2835/227 1826/2866/307 1823/2865/309
f 1838/2838/294 1841/2837/290 1833/2870/325 1835/2869/303
f 1849/2871/686 1850/2872/687 1851/2873/1042
f 1852/2874/721 1853/2875/690 1854/2876/727
f 1855/2877/692 1856/2878/693 1857/2879/694
f 1858/2880/695 1859/2881/725 1860/2882/697
f 1861/2883/698 1862/2884/733 1863/2885/700
f 1864/2886/701 1865/2887/1025 1866/2888/734
f 1899/2889/704 1900/2890/705 1901/2891/706
f 1902/2892/790 1903/2893/761 1904/2894/709
f 1909/2895/710 1910/2896/711 1911/2897/712
f 1912/2898/713 1913/2899/714 1914/2900/715
f 1855/2901/781 1850/2902/782 1849/2903/1046 1856/2904/1047
f 1881/2905/720 1852/2874/721 1854/2876/722 1882/2906/723
f 1853/2907/724 1859/2908/725 1858/2909/726 1854/2910/727
f 1886/2911/728 1857/2879/694 1856/2878/719 1885/2912/729
f 1868/2913/272 1855/2877/692 1857/2879/694 1867/2914/1048
f 1872/2915/250 1865/2887/702 1864/2886/701 1871/2916/732
f 1865/2917/702 1862/2918/733 1861/2919/698 1866/2920/734
f 1877/2921/245 1853/2875/690 1852/2874/735 1878/2922/736
f 1859/2881/725 1869/2923/250 1870/2924/737 1860/2882/738
f 1869/2923/250 1872/2915/250 1871/2916/732 1870/2924/737
f 1850/2872/687 1873/2925/275 1874/2926/739 1851/2873/688
f 1862/2884/699 1875/2927/245 1876/2928/740 1863/2885/700
f 1875/2927/245 1877/2921/245 1878/2922/736 1876/2928/740
f 1851/2873/688 1879/2929/742 1880/2930/723 1849/2871/718
f 1879/2929/742 1881/2905/720 1882/2906/723 1880/2930/723
f 1860/2882/743 1883/2931/744 1884/2932/729 1858/2880/745
f 1883/2931/744 1886/2911/1082 1885/2912/729 1884/2932/729
f 1866/2888/734 1887/2933/746 1888/2934/747 1864/2886/701
f 1863/2885/700 1893/2935/748 1894/2936/749 1861/2883/698
f 1906/2937/750 1891/2938/751 1892/2939/752 1905/2940/801
f 1896/2941/754 1902/2892/755 1904/2894/709 1895/2942/756
f 1901/2891/706 1897/2943/757 1898/2944/1072 1899/2889/704
f 1893/2935/759 1901/2891/706 1900/2890/705 1894/2936/1073
f 1903/2945/761 1900/2946/705 1899/2947/704 1904/2948/709
f 1867/2914/730 1912/2898/713 1914/2900/715 1868/2913/272
f 1913/2949/800 1910/2950/1053 1909/2951/710 1914/2952/715
f 1908/2953/765 1911/2897/766 1910/2896/767 1907/2954/768
f 1911/2897/712 1874/2926/739 1873/2925/275 1909/2895/710
f 1912/2898/713 1906/2937/750 1905/2940/770 1913/2899/714
f 1902/2892/771 1888/2934/747 1887/2933/746 1903/2893/761
f 1890/2955/1027 1908/2953/765 1907/2954/774 1889/2956/775
f 1897/2943/776 1890/2955/777 1889/2956/775 1898/2944/799
f 1891/2938/751 1896/2941/779 1895/2942/780 1892/2939/752
f 1849/2903/686 1880/2957/723 1885/2958/729 1856/2904/693
f 1855/2901/781 1868/2959/272 1873/2960/275 1850/2902/782
f 1874/2926/739 1845/2961/167 1879/2929/742 1851/2873/688
f 1844/2962/167 1878/2922/736 1852/2874/783 1881/2905/784
f 1882/2963/723 1854/2964/727 1858/2965/695 1884/2966/729
f 1869/2967/250 1859/2908/725 1853/2907/690 1877/2968/245
f 1857/2879/694 1886/2911/728 1847/2969/172 1867/2914/730
f 1883/2931/785 1860/2882/786 1870/2924/737 1846/2970/172
f 1865/2917/702 1872/2971/250 1875/2972/245 1862/2918/733
f 1893/2935/759 1863/2885/700 1876/2928/740 1843/2973/167
f 1887/2974/746 1866/2920/734 1861/2919/698 1894/2975/749
f 1848/2976/172 1871/2916/732 1864/2886/701 1888/2934/747
f 1847/2969/172 1906/2937/787 1912/2898/713 1867/2914/730
f 1873/2960/275 1868/2959/272 1914/2952/788 1909/2951/789
f 1846/2970/172 1870/2924/737 1871/2916/732 1848/2976/172
f 1872/2971/250 1869/2967/250 1877/2968/245 1875/2972/245
f 1874/2926/739 1911/2897/766 1908/2953/765 1845/2961/167
f 1843/2973/167 1876/2928/740 1878/2922/736 1844/2962/167
f 1880/2957/723 1882/2963/723 1884/2966/729 1885/2958/729
f 1845/2961/167 1844/2962/167 1881/2905/784 1879/2929/742
f 1886/2911/728 1883/2931/785 1846/2970/172 1847/2969/172
f 1902/2892/790 1896/2941/791 1848/2976/172 1888/2934/747
f 1887/2974/746 1894/2975/749 1900/2946/792 1903/2945/708
f 1890/2955/777 1844/2962/167 1845/2961/167 1908/2953/765
f 1895/2977/756 1898/2978/758 1889/2979/793 1892/2980/1074
f 1907/2981/794 1905/2982/795 1892/2980/796 1889/2979/775
f 1844/2962/167 1890/2955/777 1897/2943/797 1843/2973/167
f 1906/2937/787 1847/2969/172 1846/2970/172 1891/2938/751
f 1848/2976/172 1896/2941/791 1891/2938/751 1846/2970/172
f 1897/2943/797 1901/2891/798 1893/2935/759 1843/2973/167
f 1904/2948/709 1899/2947/704 1898/2978/799 1895/2977/780
f 1910/2950/767 1913/2949/800 1905/2982/801 1907/2981/774
f 1921/2983/802 1922/2984/803 1923/2985/853
f 1924/2986/805 1925/2987/806 1926/2988/807
f 1927/2989/808 1928/2990/809 1929/2991/1065
f 1930/2992/860 1931/2993/812 1932/2994/813
f 1933/2995/814 1934/2996/815 1935/2997/816
f 1936/2998/817 1937/2999/818 1938/3000/819
f 1971/3001/820 1972/3002/876 1973/3003/822
f 1974/3004/1083 1975/3005/824 1976/3006/825
f 1981/3007/826 1982/3008/827 1983/3009/828
f 1984/3010/1030 1985/3011/830 1986/3012/831
f 1927/3013/832 1922/3014/833 1921/3015/834 1928/3016/835
f 1953/3017/836 1924/2986/805 1926/2988/837 1954/3018/838
f 1925/3019/839 1931/3020/812 1930/3021/840 1926/3022/807
f 1958/3023/841 1929/2991/810 1928/2990/842 1957/3024/843
f 1940/3025/746 1927/2989/808 1929/2991/810 1939/3026/844
f 1944/3027/729 1937/2999/845 1936/2998/817 1943/3028/846
f 1937/3029/845 1934/3030/815 1933/3031/814 1938/3032/847
f 1949/3033/723 1925/2987/806 1924/2986/848 1950/3034/849
f 1931/2993/812 1941/3035/729 1942/3036/850 1932/2994/851
f 1941/3035/729 1944/3027/729 1943/3028/846 1942/3036/850
f 1922/2984/803 1945/3037/749 1946/3038/852 1923/2985/853
f 1934/2996/854 1947/3039/723 1948/3040/855 1935/2997/816
f 1947/3039/723 1949/3033/723 1950/3034/849 1948/3040/855
f 1923/2985/853 1951/3041/856 1952/3042/838 1921/2983/857
f 1951/3041/856 1953/3017/836 1954/3018/838 1952/3042/838
f 1932/2994/858 1955/3043/859 1956/3044/843 1930/2992/860
f 1955/3043/859 1958/3023/841 1957/3024/843 1956/3044/843
f 1938/3000/847 1959/3045/861 1960/3046/862 1936/2998/817
f 1935/2997/816 1965/3047/863 1966/3048/864 1933/2995/814
f 1978/3049/865 1963/3050/866 1964/3051/867 1977/3052/911
f 1968/3053/869 1974/3004/1031 1976/3006/871 1967/3054/872
f 1973/3003/822 1969/3055/873 1970/3056/874 1971/3001/820
f 1965/3047/863 1973/3003/822 1972/3002/876 1966/3048/1055
f 1975/3057/877 1972/3058/876 1971/3059/820 1976/3060/825
f 1939/3026/844 1984/3010/829 1986/3012/878 1940/3025/746
f 1985/3061/830 1982/3062/1076 1981/3063/826 1986/3064/831
f 1980/3065/881 1983/3009/882 1982/3008/883 1979/3066/884
f 1983/3009/885 1946/3038/852 1945/3037/749 1981/3007/826
f 1984/3010/829 1978/3049/865 1977/3052/907 1985/3011/830
f 1974/3004/870 1960/3046/862 1959/3045/861 1975/3005/877
f 1962/3067/1032 1980/3065/888 1979/3066/889 1961/3068/890
f 1969/3055/891 1962/3067/892 1961/3068/890 1970/3056/893
f 1963/3050/866 1968/3053/894 1967/3054/895 1964/3051/867
f 1921/3015/802 1952/3069/838 1957/3070/843 1928/3016/809
f 1927/3013/832 1940/3071/746 1945/3072/749 1922/3014/833
f 1946/3038/852 1917/3073/167 1951/3041/856 1923/2985/853
f 1916/3074/167 1950/3034/849 1924/2986/896 1953/3017/897
f 1954/3075/838 1926/3022/807 1930/3021/811 1956/3076/843
f 1941/3077/729 1931/3078/812 1925/3079/806 1949/3080/723
f 1929/2991/810 1958/3023/841 1919/3081/172 1939/3026/844
f 1955/3043/898 1932/2994/899 1942/3036/850 1918/3082/172
f 1937/3029/845 1944/3083/729 1947/3084/723 1934/3030/815
f 1965/3047/863 1935/2997/816 1948/3040/855 1915/3085/167
f 1959/3086/861 1938/3032/847 1933/3031/814 1966/3087/864
f 1920/3088/172 1943/3028/846 1936/2998/817 1960/3046/862
f 1919/3081/172 1978/3049/900 1984/3010/829 1939/3026/844
f 1945/3072/749 1940/3071/746 1986/3064/1077 1981/3063/902
f 1918/3082/172 1942/3036/850 1943/3028/846 1920/3088/172
f 1944/3083/729 1941/3077/729 1949/3080/723 1947/3084/723
f 1946/3038/852 1983/3009/882 1980/3065/888 1917/3073/167
f 1915/3085/167 1948/3040/855 1950/3034/849 1916/3074/167
f 1952/3069/838 1954/3075/838 1956/3076/843 1957/3070/843
f 1917/3073/167 1916/3074/167 1953/3017/897 1951/3041/856
f 1958/3023/841 1955/3043/898 1918/3082/172 1919/3081/172
f 1974/3004/903 1968/3053/904 1920/3088/172 1960/3046/862
f 1959/3086/861 1966/3087/864 1972/3058/821 1975/3057/824
f 1962/3067/892 1916/3074/167 1917/3073/167 1980/3065/888
f 1967/3089/872 1970/3090/874 1961/3091/905 1964/3092/867
f 1979/3093/906 1977/3094/907 1964/3092/908 1961/3091/890
f 1916/3074/167 1962/3067/892 1969/3055/909 1915/3085/167
f 1978/3049/900 1919/3081/172 1918/3082/172 1963/3050/866
f 1920/3088/172 1968/3053/904 1963/3050/866 1918/3082/172
f 1969/3055/909 1973/3003/910 1965/3047/863 1915/3085/167
f 1976/3060/825 1971/3059/820 1970/3090/893 1967/3089/895
f 1982/3062/827 1985/3061/879 1977/3094/911 1979/3093/889
f 1993/3095/912 1994/3096/913 1995/3097/1033
f 1996/3098/915 1997/3099/916 1998/3100/917
f 1999/3101/918 2000/3102/919 2001/3103/920
f 2002/3104/921 2003/3105/922 2004/3106/923
f 2005/3107/924 2006/3108/962 2007/3109/926
f 2008/3110/969 2009/3111/928 2010/3112/929
f 2043/3113/930 2044/3114/931 2045/3115/932
f 2046/3116/933 2047/3117/934 2048/3118/935
f 2053/3119/936 2054/3120/937 2055/3121/938
f 2056/3122/980 2057/3123/940 2058/3124/941
f 1999/3125/1057 1994/3126/1058 1993/3127/912 2000/3128/919
f 2025/3129/946 1996/3098/915 1998/3100/947 2026/3130/257
f 1997/3131/948 2003/3132/922 2002/3133/949 1998/3134/917
f 2030/3135/950 2001/3103/920 2000/3102/951 2029/3136/253
f 2012/3137/861 1999/3101/918 2001/3103/920 2011/3138/952
f 2016/3139/843 2009/3111/953 2008/3110/969 2015/3140/960
f 2009/3141/953 2006/3142/925 2005/3143/924 2010/3144/955
f 2021/3145/838 1997/3099/916 1996/3098/956 2022/3146/957
f 2003/3105/922 2013/3147/843 2014/3148/958 2004/3106/959
f 2013/3147/843 2016/3139/843 2015/3140/960 2014/3148/958
f 1994/3096/913 2017/3149/864 2018/3150/961 1995/3097/914
f 2006/3108/962 2019/3151/838 2020/3152/963 2007/3109/926
f 2019/3151/838 2021/3145/838 2022/3146/957 2020/3152/963
f 1995/3097/914 2023/3153/964 2024/3154/257 1993/3095/965
f 2023/3153/964 2025/3129/946 2026/3130/257 2024/3154/257
f 2004/3106/966 2027/3155/967 2028/3156/253 2002/3104/921
f 2027/3155/967 2030/3135/950 2029/3136/253 2028/3156/253
f 2010/3112/955 2031/3157/251 2032/3158/968 2008/3110/969
f 2007/3109/926 2037/3159/970 2038/3160/262 2005/3107/924
f 2050/3161/971 2035/3162/972 2036/3163/973 2049/3164/1017
f 2040/3165/975 2046/3116/1038 2048/3118/1039 2039/3166/977
f 2045/3115/932 2041/3167/978 2042/3168/979 2043/3113/930
f 2037/3159/970 2045/3115/932 2044/3114/931 2038/3160/262
f 2047/3169/934 2044/3170/931 2043/3171/930 2048/3172/935
f 2011/3138/952 2056/3122/980 2058/3124/941 2012/3137/861
f 2057/3173/940 2054/3174/1079 2053/3175/936 2058/3176/941
f 2052/3177/983 2055/3121/984 2054/3120/985 2051/3178/986
f 2055/3121/987 2018/3150/961 2017/3149/1023 2053/3119/936
f 2056/3122/980 2050/3161/971 2049/3164/988 2057/3123/940
f 2046/3116/1038 2032/3158/968 2031/3157/251 2047/3117/990
f 2034/3179/991 2052/3177/983 2051/3178/1018 2033/3180/993
f 2041/3167/994 2034/3179/995 2033/3180/993 2042/3168/996
f 2035/3162/972 2040/3165/997 2039/3166/998 2036/3163/973
f 1993/3127/912 2024/3181/257 2029/3182/999 2000/3128/919
f 1999/3125/942 2012/3183/861 2017/3184/864 1994/3126/943
f 2018/3150/961 1989/3185/167 2023/3153/964 1995/3097/914
f 1988/3186/167 2022/3146/957 1996/3098/1000 2025/3129/1001
f 2026/3187/257 1998/3188/1080 2002/3189/1002 2028/3190/253
f 2013/3191/843 2003/3132/922 1997/3131/916 2021/3192/838
f 2001/3103/920 2030/3135/950 1991/3193/172 2011/3138/952
f 2027/3155/1003 2004/3106/1004 2014/3148/958 1990/3194/172
f 2009/3141/953 2016/3195/843 2019/3196/838 2006/3142/925
f 2037/3159/970 2007/3109/926 2020/3152/963 1987/3197/167
f 2031/3198/251 2010/3144/955 2005/3143/924 2038/3199/262
f 1992/3200/172 2015/3140/960 2008/3110/969 2032/3158/968
f 1991/3193/172 2050/3161/1006 2056/3122/980 2011/3138/952
f 2017/3184/864 2012/3183/861 2058/3176/1007 2053/3175/1008
f 1990/3194/172 2014/3148/958 2015/3140/960 1992/3200/172
f 2016/3195/843 2013/3191/843 2021/3192/838 2019/3196/838
f 2018/3150/961 2055/3121/984 2052/3177/983 1989/3185/167
f 1987/3197/167 2020/3152/963 2022/3146/957 1988/3186/167
f 2024/3181/257 2026/3187/257 2028/3190/253 2029/3182/999
f 1989/3185/167 1988/3186/167 2025/3129/1001 2023/3153/964
f 2030/3135/950 2027/3155/1003 1990/3194/172 1991/3193/172
f 2046/3116/1009 2040/3165/1010 1992/3200/172 2032/3158/968
f 2031/3198/251 2038/3199/262 2044/3170/1056 2047/3169/1063
f 2034/3179/995 1988/3186/167 1989/3185/167 2052/3177/983
f 2039/3201/977 2042/3202/979 2033/3203/1011 2036/3204/973
f 2051/3205/1012 2049/3206/1013 2036/3204/1014 2033/3203/993
f 1988/3186/167 2034/3179/995 2041/3167/1015 1987/3197/167
f 2050/3161/1006 1991/3193/172 1990/3194/172 2035/3162/972
f 1992/3200/172 2040/3165/1010 2035/3162/972 1990/3194/172
f 2041/3167/1015 2045/3115/1016 2037/3159/970 1987/3197/167
f 2048/3172/935 2043/3171/930 2042/3202/996 2039/3201/998
f 2054/3174/985 2057/3173/981 2049/3206/1017 2051/3205/1018
f 263/491/475 208/442/414 206/460/436 261/465/655
