# Blender 5.0.1
# www.blender.org
mtllib wires.mtl
o BézierCurve.020
v -7.508849 0.030000 -6.333516
v -7.508359 0.051962 -6.311560
v -7.507689 0.060000 -6.281567
v -7.507019 0.051962 -6.251575
v -7.506528 0.030000 -6.229619
v -7.506348 0.000000 -6.221582
v -7.506528 -0.030000 -6.229619
v -7.507019 -0.051961 -6.251575
v -7.507689 -0.060000 -6.281567
v -7.508359 -0.051962 -6.311560
v -7.508849 -0.030000 -6.333516
v -7.509029 -0.000000 -6.341552
v -6.484645 0.030000 -6.310861
v -6.486279 0.051962 -6.288930
v -6.488513 0.060000 -6.258972
v -6.490746 0.051962 -6.229014
v -6.492380 0.030000 -6.207083
v -6.492980 0.000000 -6.199057
v -6.492380 -0.030000 -6.207083
v -6.490746 -0.051961 -6.229014
v -6.488513 -0.060000 -6.258972
v -6.486280 -0.051962 -6.288930
v -6.484645 -0.030000 -6.310861
v -6.484046 -0.000000 -6.318888
v -5.635218 0.030000 -6.202709
v -5.639364 0.051962 -6.181099
v -5.645028 0.060000 -6.151577
v -5.650692 0.051962 -6.122056
v -5.654838 0.030000 -6.100445
v -5.656356 0.000000 -6.092535
v -5.654838 -0.030000 -6.100445
v -5.650692 -0.051961 -6.122056
v -5.645028 -0.060000 -6.151577
v -5.639364 -0.051962 -6.181098
v -5.635218 -0.030000 -6.202709
v -5.633699 -0.000000 -6.210619
v -4.942213 0.030000 -6.023935
v -4.949272 0.051962 -6.003076
v -4.958915 0.060000 -5.974581
v -4.968558 0.051962 -5.946087
v -4.975616 0.030000 -5.925227
v -4.978200 0.000000 -5.917592
v -4.975616 -0.030000 -5.925227
v -4.968557 -0.051961 -5.946087
v -4.958915 -0.060000 -5.974581
v -4.949271 -0.051962 -6.003076
v -4.942213 -0.030000 -6.023935
v -4.939629 -0.000000 -6.031570
v -4.387647 0.030000 -5.789362
v -4.397879 0.051962 -5.769845
v -4.411856 0.060000 -5.743184
v -4.425834 0.051962 -5.716522
v -4.436066 0.030000 -5.697005
v -4.439811 0.000000 -5.689861
v -4.436066 -0.030000 -5.697005
v -4.425834 -0.051961 -5.716522
v -4.411856 -0.060000 -5.743184
v -4.397879 -0.051962 -5.769845
v -4.387647 -0.030000 -5.789362
v -4.383902 -0.000000 -5.796506
v -3.953897 0.030000 -5.514046
v -3.967268 0.051962 -5.496521
v -3.985536 0.060000 -5.472583
v -4.003803 0.051962 -5.448645
v -4.017175 0.030000 -5.431120
v -4.022069 0.000000 -5.424706
v -4.017175 -0.030000 -5.431120
v -4.003803 -0.051961 -5.448645
v -3.985536 -0.060000 -5.472583
v -3.967269 -0.051962 -5.496521
v -3.953897 -0.030000 -5.514046
v -3.949002 -0.000000 -5.520460
v -3.623515 0.030000 -5.213547
v -3.639626 0.051962 -5.198514
v -3.661634 0.060000 -5.177979
v -3.683643 0.051962 -5.157444
v -3.699754 0.030000 -5.142411
v -3.705652 0.000000 -5.136909
v -3.699754 -0.030000 -5.142411
v -3.683643 -0.051961 -5.157444
v -3.661634 -0.060000 -5.177979
v -3.639626 -0.051962 -5.198514
v -3.623515 -0.030000 -5.213547
v -3.617617 -0.000000 -5.219049
v -3.378829 0.030000 -4.903955
v -3.397005 0.051962 -4.891535
v -3.421836 0.060000 -4.874570
v -3.446666 0.051962 -4.857605
v -3.464842 0.030000 -4.845185
v -3.471495 0.000000 -4.840640
v -3.464842 -0.030000 -4.845185
v -3.446666 -0.051961 -4.857605
v -3.421836 -0.060000 -4.874570
v -3.397006 -0.051962 -4.891535
v -3.378829 -0.030000 -4.903955
v -3.372176 -0.000000 -4.908501
v -3.201683 0.030000 -4.601595
v -3.221183 0.051962 -4.591435
v -3.247821 0.060000 -4.577556
v -3.274459 0.051962 -4.563676
v -3.293960 0.030000 -4.553516
v -3.301097 0.000000 -4.549797
v -3.293960 -0.030000 -4.553516
v -3.274459 -0.051961 -4.563676
v -3.247821 -0.060000 -4.577556
v -3.221183 -0.051962 -4.591435
v -3.201683 -0.030000 -4.601595
v -3.194545 -0.000000 -4.605315
v -3.073590 0.030000 -4.322810
v -3.093744 0.051962 -4.314072
v -3.121274 0.060000 -4.302135
v -3.148805 0.051962 -4.290199
v -3.168959 0.030000 -4.281461
v -3.176336 0.000000 -4.278262
v -3.168959 -0.030000 -4.281461
v -3.148805 -0.051961 -4.290199
v -3.121274 -0.060000 -4.302135
v -3.093744 -0.051962 -4.314072
v -3.073590 -0.030000 -4.322810
v -3.066213 -0.000000 -4.326008
v -2.976228 0.030000 -4.084268
v -2.996367 0.051962 -4.075494
v -3.023877 0.060000 -4.063507
v -3.051387 0.051962 -4.051521
v -3.071526 0.030000 -4.042746
v -3.078897 0.000000 -4.039535
v -3.071526 -0.030000 -4.042746
v -3.051387 -0.051961 -4.051521
v -3.023877 -0.060000 -4.063507
v -2.996367 -0.051962 -4.075493
v -2.976228 -0.030000 -4.084268
v -2.968856 -0.000000 -4.087480
v -2.892729 0.030000 -3.904245
v -2.911572 0.051962 -3.892675
v -2.937311 0.060000 -3.876871
v -2.963051 0.051962 -3.861067
v -2.981893 0.030000 -3.849497
v -2.988790 0.000000 -3.845263
v -2.981893 -0.030000 -3.849497
v -2.963051 -0.051961 -3.861067
v -2.937311 -0.060000 -3.876871
v -2.911572 -0.051962 -3.892675
v -2.892729 -0.030000 -3.904245
v -2.885832 -0.000000 -3.908479
v -2.805170 0.030000 -3.793047
v -2.821269 0.051962 -3.777992
v -2.843259 0.060000 -3.757426
v -2.865249 0.051962 -3.736860
v -2.881347 0.030000 -3.721805
v -2.887239 0.000000 -3.716295
v -2.881347 -0.030000 -3.721805
v -2.865249 -0.051961 -3.736860
v -2.843259 -0.060000 -3.757426
v -2.821269 -0.051962 -3.777992
v -2.805170 -0.030000 -3.793047
v -2.799278 -0.000000 -3.798557
v -2.459357 0.030000 -3.481106
v -2.475198 0.051962 -3.465818
v -2.496836 0.060000 -3.444936
v -2.518475 0.051962 -3.424053
v -2.534316 0.030000 -3.408766
v -2.540113 0.000000 -3.403170
v -2.534316 -0.030000 -3.408766
v -2.518475 -0.051961 -3.424053
v -2.496836 -0.060000 -3.444936
v -2.475198 -0.051962 -3.465818
v -2.459357 -0.030000 -3.481106
v -2.453559 -0.000000 -3.486701
v -2.170456 0.030000 -3.136994
v -2.188124 0.051962 -3.123883
v -2.212258 0.060000 -3.105972
v -2.236392 0.051962 -3.088062
v -2.254060 0.030000 -3.074950
v -2.260527 0.000000 -3.070151
v -2.254060 -0.030000 -3.074950
v -2.236392 -0.051961 -3.088062
v -2.212258 -0.060000 -3.105972
v -2.188124 -0.051962 -3.123883
v -2.170457 -0.030000 -3.136994
v -2.163990 -0.000000 -3.141793
v -1.935679 0.030000 -2.777454
v -1.954655 0.051962 -2.766346
v -1.980577 0.060000 -2.751173
v -2.006499 0.051962 -2.736000
v -2.025475 0.030000 -2.724892
v -2.032420 0.000000 -2.720827
v -2.025475 -0.030000 -2.724892
v -2.006499 -0.051961 -2.736000
v -1.980577 -0.060000 -2.751173
v -1.954655 -0.051962 -2.766346
v -1.935679 -0.030000 -2.777454
v -1.928734 -0.000000 -2.781520
v -1.745884 0.030000 -2.413498
v -1.765732 0.051962 -2.404064
v -1.792846 0.060000 -2.391176
v -1.819959 0.051962 -2.378289
v -1.839808 0.030000 -2.368854
v -1.847073 0.000000 -2.365401
v -1.839808 -0.030000 -2.368854
v -1.819959 -0.051961 -2.378289
v -1.792846 -0.060000 -2.391176
v -1.765733 -0.051962 -2.404064
v -1.745884 -0.030000 -2.413498
v -1.738619 -0.000000 -2.416951
v -1.591896 0.030000 -2.056015
v -1.612277 0.051962 -2.047817
v -1.640118 0.060000 -2.036619
v -1.667959 0.051962 -2.025421
v -1.688340 0.030000 -2.017223
v -1.695801 0.000000 -2.014222
v -1.688340 -0.030000 -2.017223
v -1.667959 -0.051961 -2.025421
v -1.640118 -0.060000 -2.036619
v -1.612277 -0.051962 -2.047817
v -1.591896 -0.030000 -2.056015
v -1.584436 -0.000000 -2.059015
v -1.464597 0.030000 -1.715861
v -1.485243 0.051962 -1.708370
v -1.513446 0.060000 -1.698139
v -1.541649 0.051962 -1.687907
v -1.562295 0.030000 -1.680417
v -1.569852 0.000000 -1.677675
v -1.562295 -0.030000 -1.680417
v -1.541649 -0.051961 -1.687907
v -1.513446 -0.060000 -1.698139
v -1.485243 -0.051962 -1.708371
v -1.464597 -0.030000 -1.715861
v -1.457040 -0.000000 -1.718602
v -1.354998 0.030000 -1.403994
v -1.375659 0.051962 -1.396547
v -1.403883 0.060000 -1.386374
v -1.432106 0.051962 -1.376200
v -1.452767 0.030000 -1.368753
v -1.460330 0.000000 -1.366027
v -1.452767 -0.030000 -1.368753
v -1.432106 -0.051961 -1.376200
v -1.403883 -0.060000 -1.386374
v -1.375659 -0.051962 -1.396547
v -1.354998 -0.030000 -1.403994
v -1.347436 -0.000000 -1.406720
v -1.254372 0.030000 -1.131678
v -1.274706 0.051962 -1.123344
v -1.302482 0.060000 -1.111961
v -1.330258 0.051962 -1.100577
v -1.350592 0.030000 -1.092244
v -1.358034 0.000000 -1.089194
v -1.350592 -0.030000 -1.092244
v -1.330258 -0.051961 -1.100577
v -1.302482 -0.060000 -1.111961
v -1.274706 -0.051962 -1.123344
v -1.254372 -0.030000 -1.131678
v -1.246929 -0.000000 -1.134728
v -1.154694 0.030000 -0.910812
v -1.173968 0.051962 -0.900130
v -1.200296 0.060000 -0.885538
v -1.226624 0.051962 -0.870947
v -1.245898 0.030000 -0.860265
v -1.252952 0.000000 -0.856355
v -1.245898 -0.030000 -0.860265
v -1.226624 -0.051961 -0.870946
v -1.200296 -0.060000 -0.885538
v -1.173968 -0.051962 -0.900130
v -1.154694 -0.030000 -0.910812
v -1.147640 -0.000000 -0.914722
v -1.050043 0.030000 -0.753913
v -1.066245 0.051962 -0.738626
v -1.088378 0.060000 -0.717744
v -1.110511 0.051962 -0.696861
v -1.126713 0.030000 -0.681575
v -1.132643 0.000000 -0.675979
v -1.126713 -0.030000 -0.681574
v -1.110511 -0.051961 -0.696861
v -1.088378 -0.060000 -0.717744
v -1.066245 -0.051962 -0.738626
v -1.050043 -0.030000 -0.753913
v -1.044113 -0.000000 -0.759508
v -0.937725 0.030000 -0.669174
v -0.946201 0.051962 -0.648058
v -0.957781 0.060000 -0.619214
v -0.969361 0.051962 -0.590370
v -0.977838 0.030000 -0.569255
v -0.980940 0.000000 -0.561526
v -0.977838 -0.030000 -0.569255
v -0.969361 -0.051961 -0.590370
v -0.957781 -0.060000 -0.619214
v -0.946202 -0.051962 -0.648058
v -0.937725 -0.030000 -0.669174
v -0.934622 -0.000000 -0.676902
v -0.795599 0.030000 -0.652443
v -0.797273 0.051962 -0.630527
v -0.799558 0.060000 -0.600589
v -0.801844 0.051962 -0.570651
v -0.803517 0.030000 -0.548734
v -0.804129 0.000000 -0.540713
v -0.803517 -0.030000 -0.548734
v -0.801844 -0.051961 -0.570651
v -0.799558 -0.060000 -0.600589
v -0.797273 -0.051962 -0.630527
v -0.795599 -0.030000 -0.652443
v -0.794987 -0.000000 -0.660465
v -0.601187 0.030000 -0.645594
v -0.604828 0.051962 -0.623747
v -0.609802 0.060000 -0.593904
v -0.614776 0.051962 -0.564061
v -0.618417 0.030000 -0.542214
v -0.619750 0.000000 -0.534217
v -0.618417 -0.030000 -0.542214
v -0.614776 -0.051961 -0.564061
v -0.609802 -0.060000 -0.593904
v -0.604828 -0.051962 -0.623747
v -0.601187 -0.030000 -0.645594
v -0.599854 -0.000000 -0.653591
v -0.377102 0.030000 -0.577479
v -0.385324 0.051962 -0.557025
v -0.396555 0.060000 -0.529083
v -0.407787 0.051962 -0.501142
v -0.416009 0.030000 -0.480687
v -0.419018 0.000000 -0.473201
v -0.416009 -0.030000 -0.480687
v -0.407787 -0.051961 -0.501142
v -0.396555 -0.060000 -0.529083
v -0.385324 -0.051962 -0.557024
v -0.377102 -0.030000 -0.577479
v -0.374093 -0.000000 -0.584966
v -0.142324 0.030000 -0.458426
v -0.153512 0.051962 -0.439476
v -0.168796 0.060000 -0.413589
v -0.184079 0.051962 -0.387703
v -0.195267 0.030000 -0.368752
v -0.199362 0.000000 -0.361816
v -0.195267 -0.030000 -0.368752
v -0.184079 -0.051961 -0.387703
v -0.168796 -0.060000 -0.413589
v -0.153512 -0.051962 -0.439476
v -0.142324 -0.030000 -0.458426
v -0.138229 -0.000000 -0.465363
v 0.095980 0.030000 -0.296316
v 0.082675 0.051962 -0.278805
v 0.064500 0.060000 -0.254886
v 0.046326 0.051962 -0.230966
v 0.033021 0.030000 -0.213455
v 0.028151 0.000000 -0.207046
v 0.033021 -0.030000 -0.213455
v 0.046325 -0.051961 -0.230966
v 0.064500 -0.060000 -0.254886
v 0.082675 -0.051962 -0.278805
v 0.095980 -0.030000 -0.296316
v 0.100850 -0.000000 -0.302725
v 0.329806 0.030000 -0.098505
v 0.314822 0.051962 -0.082415
v 0.294355 0.060000 -0.060435
v 0.273887 0.051962 -0.038455
v 0.258903 0.030000 -0.022365
v 0.253419 0.000000 -0.016475
v 0.258903 -0.030000 -0.022365
v 0.273887 -0.051961 -0.038455
v 0.294355 -0.060000 -0.060435
v 0.314822 -0.051962 -0.082415
v 0.329806 -0.030000 -0.098505
v 0.335290 -0.000000 -0.104395
v 0.550709 0.030000 0.127781
v 0.534260 0.051962 0.142370
v 0.511790 0.060000 0.162299
v 0.489321 0.051962 0.182228
v 0.472872 0.030000 0.196817
v 0.466851 0.000000 0.202157
v 0.472871 -0.030000 0.196817
v 0.489321 -0.051961 0.182228
v 0.511790 -0.060000 0.162299
v 0.534260 -0.051962 0.142370
v 0.550709 -0.030000 0.127781
v 0.556730 -0.000000 0.122441
v 0.750020 0.030000 0.375399
v 0.732189 0.051962 0.388270
v 0.707830 0.060000 0.405853
v 0.683472 0.051962 0.423436
v 0.665640 0.030000 0.436307
v 0.659113 0.000000 0.441019
v 0.665640 -0.030000 0.436307
v 0.683472 -0.051961 0.423436
v 0.707830 -0.060000 0.405853
v 0.732188 -0.051962 0.388270
v 0.750020 -0.030000 0.375399
v 0.756547 -0.000000 0.370687
v 0.918924 0.030000 0.637331
v 0.899724 0.051962 0.648080
v 0.873497 0.060000 0.662764
v 0.847269 0.051962 0.677449
v 0.828069 0.030000 0.688198
v 0.821041 0.000000 0.692133
v 0.828069 -0.030000 0.688198
v 0.847269 -0.051961 0.677449
v 0.873497 -0.060000 0.662765
v 0.899724 -0.051962 0.648080
v 0.918924 -0.030000 0.637331
v 0.925952 -0.000000 0.633396
v 1.048426 0.030000 0.906766
v 1.027880 0.051962 0.914713
v 0.999812 0.060000 0.925570
v 0.971745 0.051962 0.936426
v 0.951198 0.030000 0.944374
v 0.943678 0.000000 0.947283
v 0.951198 -0.030000 0.944374
v 0.971745 -0.051961 0.936427
v 0.999812 -0.060000 0.925570
v 1.027880 -0.051962 0.914714
v 1.048426 -0.030000 0.906766
v 1.055947 -0.000000 0.903857
v 1.129144 0.030000 1.177146
v 1.107444 0.051962 1.181229
v 1.077800 0.060000 1.186806
v 1.048157 0.051962 1.192383
v 1.026456 0.030000 1.196466
v 1.018514 0.000000 1.197960
v 1.026456 -0.030000 1.196466
v 1.048157 -0.051961 1.192383
v 1.077800 -0.060000 1.186806
v 1.107444 -0.051962 1.181229
v 1.129144 -0.030000 1.177146
v 1.137087 -0.000000 1.175652
v 1.150854 0.030000 1.441874
v 1.128719 0.051962 1.440664
v 1.098483 0.060000 1.439010
v 1.068247 0.051962 1.437356
v 1.046112 0.030000 1.436146
v 1.038010 0.000000 1.435703
v 1.046112 -0.030000 1.436146
v 1.068246 -0.051961 1.437357
v 1.098483 -0.060000 1.439010
v 1.128719 -0.051962 1.440664
v 1.150854 -0.030000 1.441874
v 1.158955 -0.000000 1.442317
v 1.101721 0.030000 1.692462
v 1.081080 0.051962 1.684963
v 1.052883 0.060000 1.674719
v 1.024686 0.051962 1.664475
v 1.004045 0.030000 1.656976
v 0.996489 0.000000 1.654231
v 1.004045 -0.030000 1.656976
v 1.024686 -0.051961 1.664475
v 1.052883 -0.060000 1.674719
v 1.081080 -0.051962 1.684963
v 1.101721 -0.030000 1.692462
v 1.109277 -0.000000 1.695207
vn 0.0192 0.4966 -0.8677
vn 0.0112 0.8627 -0.5055
vn 0.0002 1.0000 -0.0073
vn -0.0110 0.8691 0.4946
vn -0.0192 0.5030 0.8641
vn -0.0222 -0.0000 0.9998
vn -0.0192 -0.5030 0.8641
vn -0.0110 -0.8691 0.4946
vn 0.0002 -1.0000 -0.0073
vn 0.0112 -0.8627 -0.5055
vn 0.0192 -0.4966 -0.8677
vn 0.0221 -0.0000 -0.9998
vn 0.0645 0.4967 -0.8655
vn 0.0376 0.8625 -0.5046
vn 0.0006 1.0000 -0.0086
vn -0.0367 0.8700 0.4918
vn -0.0642 0.5041 0.8612
vn -0.0744 -0.0000 0.9972
vn -0.0642 -0.5041 0.8612
vn -0.0367 -0.8700 0.4918
vn 0.0006 -1.0000 -0.0086
vn 0.0376 -0.8625 -0.5046
vn 0.0645 -0.4967 -0.8655
vn 0.0743 -0.0000 -0.9972
vn 0.1636 0.4962 -0.8527
vn 0.0955 0.8619 -0.4980
vn 0.0019 0.9999 -0.0102
vn -0.0926 0.8709 0.4827
vn -0.1626 0.5052 0.8476
vn -0.1884 -0.0000 0.9821
vn -0.1626 -0.5052 0.8476
vn -0.0926 -0.8709 0.4827
vn 0.0019 -0.9999 -0.0102
vn 0.0955 -0.8619 -0.4980
vn 0.1636 -0.4962 -0.8527
vn 0.1884 -0.0000 -0.9821
vn 0.2784 0.4957 -0.8227
vn 0.1629 0.8613 -0.4813
vn 0.0039 0.9999 -0.0115
vn -0.1570 0.8718 0.4640
vn -0.2764 0.5062 0.8169
vn -0.3206 -0.0000 0.9472
vn -0.2764 -0.5062 0.8169
vn -0.1570 -0.8718 0.4640
vn 0.0039 -0.9999 -0.0115
vn 0.1629 -0.8613 -0.4813
vn 0.2784 -0.4957 -0.8227
vn 0.3206 -0.0000 -0.9472
vn 0.4034 0.4953 -0.7694
vn 0.2363 0.8608 -0.4508
vn 0.0063 0.9999 -0.0120
vn -0.2268 0.8725 0.4327
vn -0.4002 0.5071 0.7633
vn -0.4643 -0.0000 0.8857
vn -0.4002 -0.5071 0.7633
vn -0.2268 -0.8725 0.4327
vn 0.0063 -0.9999 -0.0120
vn 0.2363 -0.8608 -0.4508
vn 0.4034 -0.4953 -0.7694
vn 0.4643 -0.0000 -0.8857
vn 0.5270 0.4951 -0.6907
vn 0.3090 0.8606 -0.4049
vn 0.0086 0.9999 -0.0113
vn -0.2960 0.8728 0.3879
vn -0.5227 0.5075 0.6850
vn -0.6066 -0.0000 0.7950
vn -0.5227 -0.5075 0.6850
vn -0.2960 -0.8728 0.3879
vn 0.0086 -0.9999 -0.0113
vn 0.3090 -0.8606 -0.4049
vn 0.5270 -0.4951 -0.6907
vn 0.6066 -0.0000 -0.7950
vn 0.6352 0.4953 -0.5926
vn 0.3721 0.8608 -0.3472
vn 0.0098 0.9999 -0.0092
vn -0.3573 0.8725 0.3334
vn -0.6302 0.5070 0.5880
vn -0.7312 -0.0000 0.6822
vn -0.6302 -0.5070 0.5880
vn -0.3573 -0.8725 0.3334
vn 0.0098 -0.9999 -0.0092
vn 0.3721 -0.8608 -0.3472
vn 0.6352 -0.4953 -0.5926
vn 0.7312 -0.0000 -0.6822
vn 0.7170 0.4959 -0.4899
vn 0.4192 0.8615 -0.2864
vn 0.0094 0.9999 -0.0064
vn -0.4050 0.8714 0.2767
vn -0.7123 0.5058 0.4867
vn -0.8257 -0.0000 0.5641
vn -0.7123 -0.5058 0.4867
vn -0.4050 -0.8714 0.2767
vn 0.0094 -0.9999 -0.0064
vn 0.4192 -0.8615 -0.2864
vn 0.7170 -0.4959 -0.4899
vn 0.8257 -0.0000 -0.5641
vn 0.7696 0.4969 -0.4010
vn 0.4485 0.8627 -0.2337
vn 0.0072 1.0000 -0.0038
vn -0.4376 0.8698 0.2280
vn -0.7660 0.5040 0.3991
vn -0.8868 -0.0000 0.4621
vn -0.7660 -0.5040 0.3991
vn -0.4376 -0.8698 0.2280
vn 0.0072 -1.0000 -0.0038
vn 0.4485 -0.8627 -0.2337
vn 0.7696 -0.4969 -0.4010
vn 0.8868 -0.0000 -0.4621
vn 0.7953 0.4985 -0.3448
vn 0.4611 0.8645 -0.1999
vn 0.0033 1.0000 -0.0014
vn -0.4562 0.8676 0.1978
vn -0.7937 0.5016 0.3441
vn -0.9175 -0.0000 0.3978
vn -0.7937 -0.5016 0.3441
vn -0.4562 -0.8676 0.1978
vn 0.0033 -1.0000 -0.0014
vn 0.4611 -0.8645 -0.1999
vn 0.7953 -0.4985 -0.3448
vn 0.9175 -0.0000 -0.3978
vn 0.7930 0.5018 -0.3455
vn 0.4556 0.8677 -0.1985
vn -0.0035 1.0000 0.0015
vn -0.4609 0.8644 0.2008
vn -0.7948 0.4984 0.3463
vn -0.9168 -0.0000 0.3994
vn -0.7948 -0.4984 0.3463
vn -0.4609 -0.8644 0.2008
vn -0.0035 -1.0000 0.0015
vn 0.4556 -0.8677 -0.1985
vn 0.7930 -0.5018 -0.3455
vn 0.9168 -0.0000 -0.3994
vn 0.7327 0.5107 -0.4499
vn 0.4117 0.8755 -0.2528
vn -0.0162 0.9998 0.0100
vn -0.4362 0.8591 0.2678
vn -0.7409 0.4940 0.4549
vn -0.8522 -0.0000 0.5232
vn -0.7409 -0.4940 0.4549
vn -0.4362 -0.8591 0.2678
vn -0.0162 -0.9998 0.0100
vn 0.4117 -0.8755 -0.2528
vn 0.7327 -0.5107 -0.4499
vn 0.8522 -0.0000 -0.5232
vn 0.6294 0.5073 -0.5886
vn 0.3566 0.8727 -0.3335
vn -0.0102 0.9999 0.0095
vn -0.3719 0.8607 0.3478
vn -0.6345 0.4952 0.5934
vn -0.7304 -0.0000 0.6831
vn -0.6345 -0.4952 0.5934
vn -0.3719 -0.8607 0.3478
vn -0.0102 -0.9999 0.0095
vn 0.3566 -0.8727 -0.3335
vn 0.6294 -0.5073 -0.5886
vn 0.7304 -0.0000 -0.6831
vn 0.6249 0.4959 -0.6030
vn 0.3653 0.8616 -0.3525
vn 0.0082 0.9999 -0.0079
vn -0.3530 0.8714 0.3407
vn -0.6207 0.5058 0.5991
vn -0.7196 -0.0000 0.6944
vn -0.6207 -0.5058 0.5991
vn -0.3530 -0.8714 0.3407
vn 0.0082 -0.9999 -0.0079
vn 0.3653 -0.8616 -0.3525
vn 0.6249 -0.4959 -0.6030
vn 0.7196 -0.0000 -0.6944
vn 0.6971 0.4964 -0.5173
vn 0.4069 0.8621 -0.3020
vn 0.0079 1.0000 -0.0059
vn -0.3950 0.8706 0.2932
vn -0.6932 0.5049 0.5144
vn -0.8030 -0.0000 0.5959
vn -0.6932 -0.5049 0.5144
vn -0.3950 -0.8706 0.2932
vn 0.0079 -1.0000 -0.0059
vn 0.4069 -0.8621 -0.3020
vn 0.6971 -0.4964 -0.5173
vn 0.8030 -0.0000 -0.5959
vn 0.7489 0.4969 -0.4384
vn 0.4363 0.8628 -0.2554
vn 0.0069 1.0000 -0.0041
vn -0.4259 0.8697 0.2493
vn -0.7454 0.5039 0.4363
vn -0.8630 -0.0000 0.5052
vn -0.7454 -0.5039 0.4363
vn -0.4259 -0.8697 0.2493
vn 0.0069 -1.0000 -0.0041
vn 0.4363 -0.8628 -0.2554
vn 0.7489 -0.4969 -0.4384
vn 0.8630 -0.0000 -0.5052
vn 0.7834 0.4976 -0.3724
vn 0.4555 0.8635 -0.2165
vn 0.0055 1.0000 -0.0026
vn -0.4472 0.8688 0.2126
vn -0.7807 0.5029 0.3711
vn -0.9032 -0.0000 0.4293
vn -0.7807 -0.5029 0.3711
vn -0.4472 -0.8688 0.2126
vn 0.0055 -1.0000 -0.0026
vn 0.4555 -0.8635 -0.2165
vn 0.7834 -0.4976 -0.3724
vn 0.9032 -0.0000 -0.4293
vn 0.8043 0.4984 -0.3235
vn 0.4666 0.8643 -0.1877
vn 0.0037 1.0000 -0.0015
vn -0.4610 0.8678 0.1854
vn -0.8025 0.5018 0.3228
vn -0.9278 -0.0000 0.3732
vn -0.8025 -0.5018 0.3228
vn -0.4610 -0.8678 0.1854
vn 0.0037 -1.0000 -0.0015
vn 0.4666 -0.8643 -0.1877
vn 0.8043 -0.4984 -0.3235
vn 0.9278 -0.0000 -0.3732
vn 0.8145 0.4993 -0.2955
vn 0.4712 0.8653 -0.1709
vn 0.0016 1.0000 -0.0006
vn -0.4688 0.8668 0.1701
vn -0.8137 0.5007 0.2952
vn -0.9400 -0.0000 0.3410
vn -0.8137 -0.5007 0.2952
vn -0.4688 -0.8668 0.1701
vn 0.0016 -1.0000 -0.0006
vn 0.4712 -0.8653 -0.1709
vn 0.8145 -0.4993 -0.2955
vn 0.9400 -0.0000 -0.3410
vn 0.8144 0.5006 -0.2935
vn 0.4694 0.8666 -0.1692
vn -0.0012 1.0000 0.0004
vn -0.4713 0.8655 0.1699
vn -0.8150 0.4994 0.2938
vn -0.9408 -0.0000 0.3391
vn -0.8150 -0.4994 0.2938
vn -0.4713 -0.8655 0.1699
vn -0.0012 -1.0000 0.0004
vn 0.4694 -0.8666 -0.1692
vn 0.8144 -0.5006 -0.2935
vn 0.9408 -0.0000 -0.3391
vn 0.7999 0.5027 -0.3278
vn 0.4585 0.8686 -0.1879
vn -0.0053 1.0000 0.0022
vn -0.4664 0.8636 0.1912
vn -0.8026 0.4977 0.3289
vn -0.9253 -0.0000 0.3792
vn -0.8026 -0.4977 0.3289
vn -0.4664 -0.8636 0.1912
vn -0.0053 -1.0000 0.0022
vn 0.4584 -0.8686 -0.1879
vn 0.7999 -0.5027 -0.3278
vn 0.9253 -0.0000 -0.3792
vn 0.7539 0.5071 -0.4178
vn 0.4274 0.8725 -0.2369
vn -0.0118 0.9999 0.0065
vn -0.4451 0.8608 0.2467
vn -0.7598 0.4953 0.4211
vn -0.8746 -0.0000 0.4848
vn -0.7598 -0.4953 0.4211
vn -0.4451 -0.8608 0.2467
vn -0.0118 -0.9999 0.0065
vn 0.4274 -0.8725 -0.2369
vn 0.7539 -0.5071 -0.4178
vn 0.8746 -0.0000 -0.4848
vn 0.6226 0.5171 -0.5874
vn 0.3448 0.8805 -0.3254
vn -0.0199 0.9996 0.0187
vn -0.3750 0.8568 0.3538
vn -0.6329 0.4929 0.5971
vn -0.7274 -0.0000 0.6863
vn -0.6329 -0.4929 0.5971
vn -0.3750 -0.8568 0.3538
vn -0.0199 -0.9996 0.0187
vn 0.3448 -0.8805 -0.3254
vn 0.6226 -0.5171 -0.5874
vn 0.7274 -0.0000 -0.6863
vn 0.3155 0.5318 -0.7859
vn 0.1694 0.8907 -0.4219
vn -0.0157 0.9991 0.0391
vn -0.1936 0.8543 0.4823
vn -0.3241 0.4931 0.8073
vn -0.3726 -0.0000 0.9280
vn -0.3241 -0.4931 0.8073
vn -0.1936 -0.8543 0.4823
vn -0.0157 -0.9991 0.0391
vn 0.1694 -0.8907 -0.4219
vn 0.3155 -0.5318 -0.7859
vn 0.3726 -0.0000 -0.9280
vn 0.0658 0.5032 -0.8617
vn 0.0377 0.8691 -0.4932
vn -0.0005 1.0000 0.0067
vn -0.0384 0.8633 0.5033
vn -0.0660 0.4974 0.8650
vn -0.0761 -0.0000 0.9971
vn -0.0660 -0.4974 0.8650
vn -0.0384 -0.8633 0.5033
vn -0.0005 -1.0000 0.0067
vn 0.0377 -0.8691 -0.4932
vn 0.0658 -0.5032 -0.8617
vn 0.0761 -0.0000 -0.9971
vn 0.1430 0.4937 -0.8578
vn 0.0843 0.8584 -0.5060
vn 0.0035 0.9998 -0.0209
vn -0.0791 0.8768 0.4743
vn -0.1412 0.5123 0.8471
vn -0.1644 -0.0000 0.9864
vn -0.1412 -0.5123 0.8471
vn -0.0791 -0.8768 0.4743
vn 0.0035 -0.9998 -0.0209
vn 0.0843 -0.8584 -0.5060
vn 0.1430 -0.4937 -0.8578
vn 0.1644 -0.0000 -0.9864
vn 0.3240 0.4951 -0.8061
vn 0.1900 0.8605 -0.4726
vn 0.0053 0.9999 -0.0133
vn -0.1820 0.8729 0.4527
vn -0.3213 0.5076 0.7994
vn -0.3730 -0.0000 0.9278
vn -0.3213 -0.5076 0.7994
vn -0.1820 -0.8729 0.4527
vn 0.0053 -0.9999 -0.0133
vn 0.1900 -0.8605 -0.4726
vn 0.3240 -0.4951 -0.8061
vn 0.3730 -0.0000 -0.9278
vn 0.4414 0.4961 -0.7477
vn 0.2578 0.8619 -0.4367
vn 0.0053 0.9999 -0.0091
vn -0.2498 0.8710 0.4231
vn -0.4387 0.5053 0.7431
vn -0.5084 -0.0000 0.8611
vn -0.4387 -0.5053 0.7431
vn -0.2498 -0.8710 0.4231
vn 0.0053 -0.9999 -0.0091
vn 0.2578 -0.8619 -0.4367
vn 0.4414 -0.4962 -0.7477
vn 0.5084 -0.0000 -0.8611
vn 0.5251 0.4967 -0.6910
vn 0.3061 0.8626 -0.4029
vn 0.0052 1.0000 -0.0069
vn -0.2983 0.8700 0.3926
vn -0.5225 0.5042 0.6876
vn -0.6050 -0.0000 0.7962
vn -0.5225 -0.5042 0.6876
vn -0.2983 -0.8700 0.3926
vn 0.0052 -1.0000 -0.0069
vn 0.3061 -0.8626 -0.4029
vn 0.5251 -0.4967 -0.6910
vn 0.6050 -0.0000 -0.7962
vn 0.5914 0.4970 -0.6350
vn 0.3445 0.8628 -0.3699
vn 0.0053 1.0000 -0.0057
vn -0.3365 0.8696 0.3613
vn -0.5887 0.5038 0.6322
vn -0.6815 -0.0000 0.7318
vn -0.5887 -0.5038 0.6322
vn -0.3365 -0.8696 0.3613
vn 0.0053 -1.0000 -0.0057
vn 0.3445 -0.8628 -0.3699
vn 0.5914 -0.4970 -0.6350
vn 0.6815 -0.0000 -0.7318
vn 0.6492 0.4970 -0.5758
vn 0.3782 0.8628 -0.3354
vn 0.0059 1.0000 -0.0052
vn -0.3693 0.8696 0.3276
vn -0.6463 0.5038 0.5732
vn -0.7481 -0.0000 0.6635
vn -0.6463 -0.5038 0.5732
vn -0.3693 -0.8696 0.3276
vn 0.0059 -1.0000 -0.0052
vn 0.3782 -0.8628 -0.3354
vn 0.6492 -0.4970 -0.5758
vn 0.7481 -0.0000 -0.6635
vn 0.7037 0.4967 -0.5080
vn 0.4103 0.8625 -0.2961
vn 0.0070 1.0000 -0.0051
vn -0.3998 0.8700 0.2886
vn -0.7002 0.5042 0.5054
vn -0.8108 -0.0000 0.5853
vn -0.7002 -0.5042 0.5054
vn -0.3998 -0.8700 0.2886
vn 0.0070 -1.0000 -0.0051
vn 0.4103 -0.8625 -0.2961
vn 0.7037 -0.4967 -0.5080
vn 0.8108 -0.0000 -0.5853
vn 0.7575 0.4962 -0.4241
vn 0.4424 0.8620 -0.2477
vn 0.0089 0.9999 -0.0050
vn -0.4289 0.8708 0.2402
vn -0.7530 0.5051 0.4216
vn -0.8726 -0.0000 0.4885
vn -0.7531 -0.5051 0.4216
vn -0.4289 -0.8708 0.2402
vn 0.0089 -0.9999 -0.0050
vn 0.4424 -0.8620 -0.2477
vn 0.7575 -0.4962 -0.4241
vn 0.8726 -0.0000 -0.4885
vn 0.8101 0.4955 -0.3134
vn 0.4744 0.8610 -0.1835
vn 0.0121 0.9999 -0.0047
vn -0.4562 0.8722 0.1764
vn -0.8040 0.5067 0.3110
vn -0.9327 -0.0000 0.3608
vn -0.8040 -0.5067 0.3110
vn -0.4562 -0.8722 0.1765
vn 0.0121 -0.9999 -0.0047
vn 0.4744 -0.8610 -0.1835
vn 0.8101 -0.4955 -0.3134
vn 0.9327 -0.0000 -0.3608
vn 0.8542 0.4945 -0.1607
vn 0.5021 0.8597 -0.0945
vn 0.0168 0.9999 -0.0032
vn -0.4768 0.8744 0.0897
vn -0.8457 0.5094 0.1591
vn -0.9828 -0.0000 0.1849
vn -0.8457 -0.5094 0.1591
vn -0.4768 -0.8744 0.0897
vn 0.0168 -0.9999 -0.0032
vn 0.5021 -0.8597 -0.0945
vn 0.8542 -0.4945 -0.1607
vn 0.9828 -0.0000 -0.1849
vn 0.8690 0.4925 0.0487
vn 0.5137 0.8575 0.0287
vn 0.0223 0.9998 0.0013
vn -0.4802 0.8768 -0.0260
vn -0.8578 0.5119 -0.0458
vn -0.9986 -0.0000 -0.0531
vn -0.8578 -0.5119 -0.0458
vn -0.4802 -0.8768 -0.0260
vn 0.0223 -0.9998 0.0013
vn 0.5137 -0.8575 0.0287
vn 0.8690 -0.4925 0.0487
vn 0.9984 -0.0000 0.0560
vn 0.8573 0.4867 0.1680
vn 0.5117 0.8533 0.0999
vn 0.0256 0.9997 0.0052
vn -0.4739 0.8759 -0.0908
vn -0.8455 0.5091 -0.1612
vn -0.9824 -0.0000 -0.1869
vn -0.8455 -0.5091 -0.1612
vn -0.4739 -0.8759 -0.0908
vn 0.0256 -0.9997 0.0052
vn 0.5117 -0.8533 0.0999
vn 0.8573 -0.4867 0.1680
vn 0.9813 -0.0000 0.1926
vt 0.000000 1.000000
vt 0.027778 1.000000
vt 0.027778 0.916667
vt 0.000000 0.916667
vt 0.000000 0.083333
vt 0.027778 0.083333
vt 0.027778 0.000000
vt 0.000000 0.000000
vt 0.000000 0.166667
vt 0.027778 0.166667
vt 0.000000 0.250000
vt 0.027778 0.250000
vt 0.000000 0.333333
vt 0.027778 0.333333
vt 0.000000 0.416667
vt 0.027778 0.416667
vt 0.000000 0.500000
vt 0.027778 0.500000
vt 0.000000 0.583333
vt 0.027778 0.583333
vt 0.000000 0.666667
vt 0.027778 0.666667
vt 0.000000 0.750000
vt 0.027778 0.750000
vt 0.000000 0.833333
vt 0.027778 0.833333
vt 0.055556 1.000000
vt 0.055556 0.916667
vt 0.055556 0.083333
vt 0.055556 0.000000
vt 0.055556 0.166667
vt 0.055556 0.250000
vt 0.055556 0.333333
vt 0.055556 0.416667
vt 0.055556 0.500000
vt 0.055556 0.583333
vt 0.055556 0.666667
vt 0.055556 0.750000
vt 0.055556 0.833333
vt 0.083333 1.000000
vt 0.083333 0.916667
vt 0.083333 0.083333
vt 0.083333 0.000000
vt 0.083333 0.166667
vt 0.083333 0.250000
vt 0.083333 0.333333
vt 0.083333 0.416667
vt 0.083333 0.500000
vt 0.083333 0.583333
vt 0.083333 0.666667
vt 0.083333 0.750000
vt 0.083333 0.833333
vt 0.111111 1.000000
vt 0.111111 0.916667
vt 0.111111 0.083333
vt 0.111111 0.000000
vt 0.111111 0.166667
vt 0.111111 0.250000
vt 0.111111 0.333333
vt 0.111111 0.416667
vt 0.111111 0.500000
vt 0.111111 0.583333
vt 0.111111 0.666667
vt 0.111111 0.750000
vt 0.111111 0.833333
vt 0.138889 1.000000
vt 0.138889 0.916667
vt 0.138889 0.083333
vt 0.138889 0.000000
vt 0.138889 0.166667
vt 0.138889 0.250000
vt 0.138889 0.333333
vt 0.138889 0.416667
vt 0.138889 0.500000
vt 0.138889 0.583333
vt 0.138889 0.666667
vt 0.138889 0.750000
vt 0.138889 0.833333
vt 0.166667 1.000000
vt 0.166667 0.916667
vt 0.166667 0.083333
vt 0.166667 0.000000
vt 0.166667 0.166667
vt 0.166667 0.250000
vt 0.166667 0.333333
vt 0.166667 0.416667
vt 0.166667 0.500000
vt 0.166667 0.583333
vt 0.166667 0.666667
vt 0.166667 0.750000
vt 0.166667 0.833333
vt 0.194444 1.000000
vt 0.194444 0.916667
vt 0.194444 0.083333
vt 0.194444 0.000000
vt 0.194444 0.166667
vt 0.194444 0.250000
vt 0.194444 0.333333
vt 0.194444 0.416667
vt 0.194444 0.500000
vt 0.194444 0.583333
vt 0.194444 0.666667
vt 0.194444 0.750000
vt 0.194444 0.833333
vt 0.222222 1.000000
vt 0.222222 0.916667
vt 0.222222 0.083333
vt 0.222222 0.000000
vt 0.222222 0.166667
vt 0.222222 0.250000
vt 0.222222 0.333333
vt 0.222222 0.416667
vt 0.222222 0.500000
vt 0.222222 0.583333
vt 0.222222 0.666667
vt 0.222222 0.750000
vt 0.222222 0.833333
vt 0.250000 1.000000
vt 0.250000 0.916667
vt 0.250000 0.083333
vt 0.250000 0.000000
vt 0.250000 0.166667
vt 0.250000 0.250000
vt 0.250000 0.333333
vt 0.250000 0.416667
vt 0.250000 0.500000
vt 0.250000 0.583333
vt 0.250000 0.666667
vt 0.250000 0.750000
vt 0.250000 0.833333
vt 0.277778 1.000000
vt 0.277778 0.916667
vt 0.277778 0.083333
vt 0.277778 0.000000
vt 0.277778 0.166667
vt 0.277778 0.250000
vt 0.277778 0.333333
vt 0.277778 0.416667
vt 0.277778 0.500000
vt 0.277778 0.583333
vt 0.277778 0.666667
vt 0.277778 0.750000
vt 0.277778 0.833333
vt 0.305556 1.000000
vt 0.305556 0.916667
vt 0.305556 0.083333
vt 0.305556 0.000000
vt 0.305556 0.166667
vt 0.305556 0.250000
vt 0.305556 0.333333
vt 0.305556 0.416667
vt 0.305556 0.500000
vt 0.305556 0.583333
vt 0.305556 0.666667
vt 0.305556 0.750000
vt 0.305556 0.833333
vt 0.333333 1.000000
vt 0.333333 0.916667
vt 0.333333 0.083333
vt 0.333333 0.000000
vt 0.333333 0.166667
vt 0.333333 0.250000
vt 0.333333 0.333333
vt 0.333333 0.416667
vt 0.333333 0.500000
vt 0.333333 0.583333
vt 0.333333 0.666667
vt 0.333333 0.750000
vt 0.333333 0.833333
vt 0.361111 1.000000
vt 0.361111 0.916667
vt 0.361111 0.083333
vt 0.361111 0.000000
vt 0.361111 0.166667
vt 0.361111 0.250000
vt 0.361111 0.333333
vt 0.361111 0.416667
vt 0.361111 0.500000
vt 0.361111 0.583333
vt 0.361111 0.666667
vt 0.361111 0.750000
vt 0.361111 0.833333
vt 0.388889 1.000000
vt 0.388889 0.916667
vt 0.388889 0.083333
vt 0.388889 0.000000
vt 0.388889 0.166667
vt 0.388889 0.250000
vt 0.388889 0.333333
vt 0.388889 0.416667
vt 0.388889 0.500000
vt 0.388889 0.583333
vt 0.388889 0.666667
vt 0.388889 0.750000
vt 0.388889 0.833333
vt 0.416667 1.000000
vt 0.416667 0.916667
vt 0.416667 0.083333
vt 0.416667 0.000000
vt 0.416667 0.166667
vt 0.416667 0.250000
vt 0.416667 0.333333
vt 0.416667 0.416667
vt 0.416667 0.500000
vt 0.416667 0.583333
vt 0.416667 0.666667
vt 0.416667 0.750000
vt 0.416667 0.833333
vt 0.444444 1.000000
vt 0.444444 0.916667
vt 0.444444 0.083333
vt 0.444444 0.000000
vt 0.444444 0.166667
vt 0.444444 0.250000
vt 0.444444 0.333333
vt 0.444444 0.416667
vt 0.444444 0.500000
vt 0.444444 0.583333
vt 0.444444 0.666667
vt 0.444444 0.750000
vt 0.444444 0.833333
vt 0.472222 1.000000
vt 0.472222 0.916667
vt 0.472222 0.083333
vt 0.472222 0.000000
vt 0.472222 0.166667
vt 0.472222 0.250000
vt 0.472222 0.333333
vt 0.472222 0.416667
vt 0.472222 0.500000
vt 0.472222 0.583333
vt 0.472222 0.666667
vt 0.472222 0.750000
vt 0.472222 0.833333
vt 0.500000 1.000000
vt 0.500000 0.916667
vt 0.500000 0.083333
vt 0.500000 0.000000
vt 0.500000 0.166667
vt 0.500000 0.250000
vt 0.500000 0.333333
vt 0.500000 0.416667
vt 0.500000 0.500000
vt 0.500000 0.583333
vt 0.500000 0.666667
vt 0.500000 0.750000
vt 0.500000 0.833333
vt 0.527778 1.000000
vt 0.527778 0.916667
vt 0.527778 0.083333
vt 0.527778 0.000000
vt 0.527778 0.166667
vt 0.527778 0.250000
vt 0.527778 0.333333
vt 0.527778 0.416667
vt 0.527778 0.500000
vt 0.527778 0.583333
vt 0.527778 0.666667
vt 0.527778 0.750000
vt 0.527778 0.833333
vt 0.555556 1.000000
vt 0.555556 0.916667
vt 0.555556 0.083333
vt 0.555556 0.000000
vt 0.555556 0.166667
vt 0.555556 0.250000
vt 0.555556 0.333333
vt 0.555556 0.416667
vt 0.555556 0.500000
vt 0.555556 0.583333
vt 0.555556 0.666667
vt 0.555556 0.750000
vt 0.555556 0.833333
vt 0.583333 1.000000
vt 0.583333 0.916667
vt 0.583333 0.083333
vt 0.583333 0.000000
vt 0.583333 0.166667
vt 0.583333 0.250000
vt 0.583333 0.333333
vt 0.583333 0.416667
vt 0.583333 0.500000
vt 0.583333 0.583333
vt 0.583333 0.666667
vt 0.583333 0.750000
vt 0.583333 0.833333
vt 0.611111 1.000000
vt 0.611111 0.916667
vt 0.611111 0.083333
vt 0.611111 0.000000
vt 0.611111 0.166667
vt 0.611111 0.250000
vt 0.611111 0.333333
vt 0.611111 0.416667
vt 0.611111 0.500000
vt 0.611111 0.583333
vt 0.611111 0.666667
vt 0.611111 0.750000
vt 0.611111 0.833333
vt 0.638889 1.000000
vt 0.638889 0.916667
vt 0.638889 0.083333
vt 0.638889 0.000000
vt 0.638889 0.166667
vt 0.638889 0.250000
vt 0.638889 0.333333
vt 0.638889 0.416667
vt 0.638889 0.500000
vt 0.638889 0.583333
vt 0.638889 0.666667
vt 0.638889 0.750000
vt 0.638889 0.833333
vt 0.666667 1.000000
vt 0.666667 0.916667
vt 0.666667 0.083333
vt 0.666667 0.000000
vt 0.666667 0.166667
vt 0.666667 0.250000
vt 0.666667 0.333333
vt 0.666667 0.416667
vt 0.666667 0.500000
vt 0.666667 0.583333
vt 0.666667 0.666667
vt 0.666667 0.750000
vt 0.666667 0.833333
vt 0.694444 1.000000
vt 0.694444 0.916667
vt 0.694444 0.083333
vt 0.694444 0.000000
vt 0.694444 0.166667
vt 0.694444 0.250000
vt 0.694444 0.333333
vt 0.694444 0.416667
vt 0.694444 0.500000
vt 0.694444 0.583333
vt 0.694444 0.666667
vt 0.694444 0.750000
vt 0.694444 0.833333
vt 0.722222 1.000000
vt 0.722222 0.916667
vt 0.722222 0.083333
vt 0.722222 0.000000
vt 0.722222 0.166667
vt 0.722222 0.250000
vt 0.722222 0.333333
vt 0.722222 0.416667
vt 0.722222 0.500000
vt 0.722222 0.583333
vt 0.722222 0.666667
vt 0.722222 0.750000
vt 0.722222 0.833333
vt 0.750000 1.000000
vt 0.750000 0.916667
vt 0.750000 0.083333
vt 0.750000 0.000000
vt 0.750000 0.166667
vt 0.750000 0.250000
vt 0.750000 0.333333
vt 0.750000 0.416667
vt 0.750000 0.500000
vt 0.750000 0.583333
vt 0.750000 0.666667
vt 0.750000 0.750000
vt 0.750000 0.833333
vt 0.777778 1.000000
vt 0.777778 0.916667
vt 0.777778 0.083333
vt 0.777778 0.000000
vt 0.777778 0.166667
vt 0.777778 0.250000
vt 0.777778 0.333333
vt 0.777778 0.416667
vt 0.777778 0.500000
vt 0.777778 0.583333
vt 0.777778 0.666667
vt 0.777778 0.750000
vt 0.777778 0.833333
vt 0.805556 1.000000
vt 0.805556 0.916667
vt 0.805556 0.083333
vt 0.805556 0.000000
vt 0.805556 0.166667
vt 0.805556 0.250000
vt 0.805556 0.333333
vt 0.805556 0.416667
vt 0.805556 0.500000
vt 0.805556 0.583333
vt 0.805556 0.666667
vt 0.805556 0.750000
vt 0.805556 0.833333
vt 0.833333 1.000000
vt 0.833333 0.916667
vt 0.833333 0.083333
vt 0.833333 0.000000
vt 0.833333 0.166667
vt 0.833333 0.250000
vt 0.833333 0.333333
vt 0.833333 0.416667
vt 0.833333 0.500000
vt 0.833333 0.583333
vt 0.833333 0.666667
vt 0.833333 0.750000
vt 0.833333 0.833333
vt 0.861111 1.000000
vt 0.861111 0.916667
vt 0.861111 0.083333
vt 0.861111 0.000000
vt 0.861111 0.166667
vt 0.861111 0.250000
vt 0.861111 0.333333
vt 0.861111 0.416667
vt 0.861111 0.500000
vt 0.861111 0.583333
vt 0.861111 0.666667
vt 0.861111 0.750000
vt 0.861111 0.833333
vt 0.888889 1.000000
vt 0.888889 0.916667
vt 0.888889 0.083333
vt 0.888889 0.000000
vt 0.888889 0.166667
vt 0.888889 0.250000
vt 0.888889 0.333333
vt 0.888889 0.416667
vt 0.888889 0.500000
vt 0.888889 0.583333
vt 0.888889 0.666667
vt 0.888889 0.750000
vt 0.888889 0.833333
vt 0.916667 1.000000
vt 0.916667 0.916667
vt 0.916667 0.083333
vt 0.916667 0.000000
vt 0.916667 0.166667
vt 0.916667 0.250000
vt 0.916667 0.333333
vt 0.916667 0.416667
vt 0.916667 0.500000
vt 0.916667 0.583333
vt 0.916667 0.666667
vt 0.916667 0.750000
vt 0.916667 0.833333
vt 0.944444 1.000000
vt 0.944444 0.916667
vt 0.944444 0.083333
vt 0.944444 0.000000
vt 0.944444 0.166667
vt 0.944444 0.250000
vt 0.944444 0.333333
vt 0.944444 0.416667
vt 0.944444 0.500000
vt 0.944444 0.583333
vt 0.944444 0.666667
vt 0.944444 0.750000
vt 0.944444 0.833333
vt 0.972222 1.000000
vt 0.972222 0.916667
vt 0.972222 0.083333
vt 0.972222 0.000000
vt 0.972222 0.166667
vt 0.972222 0.250000
vt 0.972222 0.333333
vt 0.972222 0.416667
vt 0.972222 0.500000
vt 0.972222 0.583333
vt 0.972222 0.666667
vt 0.972222 0.750000
vt 0.972222 0.833333
vt 1.000000 1.000000
vt 1.000000 0.916667
vt 1.000000 0.083333
vt 1.000000 0.000000
vt 1.000000 0.166667
vt 1.000000 0.250000
vt 1.000000 0.333333
vt 1.000000 0.416667
vt 1.000000 0.500000
vt 1.000000 0.583333
vt 1.000000 0.666667
vt 1.000000 0.750000
vt 1.000000 0.833333
s 1
f 1/1/1 13/2/13 24/3/24 12/4/12
f 2/5/2 14/6/14 13/7/13 1/8/1
f 3/9/3 15/10/15 14/6/14 2/5/2
f 4/11/4 16/12/16 15/10/15 3/9/3
f 5/13/5 17/14/17 16/12/16 4/11/4
f 6/15/6 18/16/18 17/14/17 5/13/5
f 7/17/7 19/18/19 18/16/18 6/15/6
f 8/19/8 20/20/20 19/18/19 7/17/7
f 9/21/9 21/22/21 20/20/20 8/19/8
f 10/23/10 22/24/22 21/22/21 9/21/9
f 11/25/11 23/26/23 22/24/22 10/23/10
f 12/4/12 24/3/24 23/26/23 11/25/11
f 13/2/13 25/27/25 36/28/36 24/3/24
f 14/6/14 26/29/26 25/30/25 13/7/13
f 15/10/15 27/31/27 26/29/26 14/6/14
f 16/12/16 28/32/28 27/31/27 15/10/15
f 17/14/17 29/33/29 28/32/28 16/12/16
f 18/16/18 30/34/30 29/33/29 17/14/17
f 19/18/19 31/35/31 30/34/30 18/16/18
f 20/20/20 32/36/32 31/35/31 19/18/19
f 21/22/21 33/37/33 32/36/32 20/20/20
f 22/24/22 34/38/34 33/37/33 21/22/21
f 23/26/23 35/39/35 34/38/34 22/24/22
f 24/3/24 36/28/36 35/39/35 23/26/23
f 25/27/25 37/40/37 48/41/48 36/28/36
f 26/29/26 38/42/38 37/43/37 25/30/25
f 27/31/27 39/44/39 38/42/38 26/29/26
f 28/32/28 40/45/40 39/44/39 27/31/27
f 29/33/29 41/46/41 40/45/40 28/32/28
f 30/34/30 42/47/42 41/46/41 29/33/29
f 31/35/31 43/48/43 42/47/42 30/34/30
f 32/36/32 44/49/44 43/48/43 31/35/31
f 33/37/33 45/50/45 44/49/44 32/36/32
f 34/38/34 46/51/46 45/50/45 33/37/33
f 35/39/35 47/52/47 46/51/46 34/38/34
f 36/28/36 48/41/48 47/52/47 35/39/35
f 37/40/37 49/53/49 60/54/60 48/41/48
f 38/42/38 50/55/50 49/56/49 37/43/37
f 39/44/39 51/57/51 50/55/50 38/42/38
f 40/45/40 52/58/52 51/57/51 39/44/39
f 41/46/41 53/59/53 52/58/52 40/45/40
f 42/47/42 54/60/54 53/59/53 41/46/41
f 43/48/43 55/61/55 54/60/54 42/47/42
f 44/49/44 56/62/56 55/61/55 43/48/43
f 45/50/45 57/63/57 56/62/56 44/49/44
f 46/51/46 58/64/58 57/63/57 45/50/45
f 47/52/47 59/65/59 58/64/58 46/51/46
f 48/41/48 60/54/60 59/65/59 47/52/47
f 49/53/49 61/66/61 72/67/72 60/54/60
f 50/55/50 62/68/62 61/69/61 49/56/49
f 51/57/51 63/70/63 62/68/62 50/55/50
f 52/58/52 64/71/64 63/70/63 51/57/51
f 53/59/53 65/72/65 64/71/64 52/58/52
f 54/60/54 66/73/66 65/72/65 53/59/53
f 55/61/55 67/74/67 66/73/66 54/60/54
f 56/62/56 68/75/68 67/74/67 55/61/55
f 57/63/57 69/76/69 68/75/68 56/62/56
f 58/64/58 70/77/70 69/76/69 57/63/57
f 59/65/59 71/78/71 70/77/70 58/64/58
f 60/54/60 72/67/72 71/78/71 59/65/59
f 61/66/61 73/79/73 84/80/84 72/67/72
f 62/68/62 74/81/74 73/82/73 61/69/61
f 63/70/63 75/83/75 74/81/74 62/68/62
f 64/71/64 76/84/76 75/83/75 63/70/63
f 65/72/65 77/85/77 76/84/76 64/71/64
f 66/73/66 78/86/78 77/85/77 65/72/65
f 67/74/67 79/87/79 78/86/78 66/73/66
f 68/75/68 80/88/80 79/87/79 67/74/67
f 69/76/69 81/89/81 80/88/80 68/75/68
f 70/77/70 82/90/82 81/89/81 69/76/69
f 71/78/71 83/91/83 82/90/82 70/77/70
f 72/67/72 84/80/84 83/91/83 71/78/71
f 73/79/73 85/92/85 96/93/96 84/80/84
f 74/81/74 86/94/86 85/95/85 73/82/73
f 75/83/75 87/96/87 86/94/86 74/81/74
f 76/84/76 88/97/88 87/96/87 75/83/75
f 77/85/77 89/98/89 88/97/88 76/84/76
f 78/86/78 90/99/90 89/98/89 77/85/77
f 79/87/79 91/100/91 90/99/90 78/86/78
f 80/88/80 92/101/92 91/100/91 79/87/79
f 81/89/81 93/102/93 92/101/92 80/88/80
f 82/90/82 94/103/94 93/102/93 81/89/81
f 83/91/83 95/104/95 94/103/94 82/90/82
f 84/80/84 96/93/96 95/104/95 83/91/83
f 85/92/85 97/105/97 108/106/108 96/93/96
f 86/94/86 98/107/98 97/108/97 85/95/85
f 87/96/87 99/109/99 98/107/98 86/94/86
f 88/97/88 100/110/100 99/109/99 87/96/87
f 89/98/89 101/111/101 100/110/100 88/97/88
f 90/99/90 102/112/102 101/111/101 89/98/89
f 91/100/91 103/113/103 102/112/102 90/99/90
f 92/101/92 104/114/104 103/113/103 91/100/91
f 93/102/93 105/115/105 104/114/104 92/101/92
f 94/103/94 106/116/106 105/115/105 93/102/93
f 95/104/95 107/117/107 106/116/106 94/103/94
f 96/93/96 108/106/108 107/117/107 95/104/95
f 97/105/97 109/118/109 120/119/120 108/106/108
f 98/107/98 110/120/110 109/121/109 97/108/97
f 99/109/99 111/122/111 110/120/110 98/107/98
f 100/110/100 112/123/112 111/122/111 99/109/99
f 101/111/101 113/124/113 112/123/112 100/110/100
f 102/112/102 114/125/114 113/124/113 101/111/101
f 103/113/103 115/126/115 114/125/114 102/112/102
f 104/114/104 116/127/116 115/126/115 103/113/103
f 105/115/105 117/128/117 116/127/116 104/114/104
f 106/116/106 118/129/118 117/128/117 105/115/105
f 107/117/107 119/130/119 118/129/118 106/116/106
f 108/106/108 120/119/120 119/130/119 107/117/107
f 109/118/109 121/131/121 132/132/132 120/119/120
f 110/120/110 122/133/122 121/134/121 109/121/109
f 111/122/111 123/135/123 122/133/122 110/120/110
f 112/123/112 124/136/124 123/135/123 111/122/111
f 113/124/113 125/137/125 124/136/124 112/123/112
f 114/125/114 126/138/126 125/137/125 113/124/113
f 115/126/115 127/139/127 126/138/126 114/125/114
f 116/127/116 128/140/128 127/139/127 115/126/115
f 117/128/117 129/141/129 128/140/128 116/127/116
f 118/129/118 130/142/130 129/141/129 117/128/117
f 119/130/119 131/143/131 130/142/130 118/129/118
f 120/119/120 132/132/132 131/143/131 119/130/119
f 121/131/121 133/144/133 144/145/144 132/132/132
f 122/133/122 134/146/134 133/147/133 121/134/121
f 123/135/123 135/148/135 134/146/134 122/133/122
f 124/136/124 136/149/136 135/148/135 123/135/123
f 125/137/125 137/150/137 136/149/136 124/136/124
f 126/138/126 138/151/138 137/150/137 125/137/125
f 127/139/127 139/152/139 138/151/138 126/138/126
f 128/140/128 140/153/140 139/152/139 127/139/127
f 129/141/129 141/154/141 140/153/140 128/140/128
f 130/142/130 142/155/142 141/154/141 129/141/129
f 131/143/131 143/156/143 142/155/142 130/142/130
f 132/132/132 144/145/144 143/156/143 131/143/131
f 133/144/133 145/157/145 156/158/156 144/145/144
f 134/146/134 146/159/146 145/160/145 133/147/133
f 135/148/135 147/161/147 146/159/146 134/146/134
f 136/149/136 148/162/148 147/161/147 135/148/135
f 137/150/137 149/163/149 148/162/148 136/149/136
f 138/151/138 150/164/150 149/163/149 137/150/137
f 139/152/139 151/165/151 150/164/150 138/151/138
f 140/153/140 152/166/152 151/165/151 139/152/139
f 141/154/141 153/167/153 152/166/152 140/153/140
f 142/155/142 154/168/154 153/167/153 141/154/141
f 143/156/143 155/169/155 154/168/154 142/155/142
f 144/145/144 156/158/156 155/169/155 143/156/143
f 145/157/145 157/170/157 168/171/168 156/158/156
f 146/159/146 158/172/158 157/173/157 145/160/145
f 147/161/147 159/174/159 158/172/158 146/159/146
f 148/162/148 160/175/160 159/174/159 147/161/147
f 149/163/149 161/176/161 160/175/160 148/162/148
f 150/164/150 162/177/162 161/176/161 149/163/149
f 151/165/151 163/178/163 162/177/162 150/164/150
f 152/166/152 164/179/164 163/178/163 151/165/151
f 153/167/153 165/180/165 164/179/164 152/166/152
f 154/168/154 166/181/166 165/180/165 153/167/153
f 155/169/155 167/182/167 166/181/166 154/168/154
f 156/158/156 168/171/168 167/182/167 155/169/155
f 157/170/157 169/183/169 180/184/180 168/171/168
f 158/172/158 170/185/170 169/186/169 157/173/157
f 159/174/159 171/187/171 170/185/170 158/172/158
f 160/175/160 172/188/172 171/187/171 159/174/159
f 161/176/161 173/189/173 172/188/172 160/175/160
f 162/177/162 174/190/174 173/189/173 161/176/161
f 163/178/163 175/191/175 174/190/174 162/177/162
f 164/179/164 176/192/176 175/191/175 163/178/163
f 165/180/165 177/193/177 176/192/176 164/179/164
f 166/181/166 178/194/178 177/193/177 165/180/165
f 167/182/167 179/195/179 178/194/178 166/181/166
f 168/171/168 180/184/180 179/195/179 167/182/167
f 169/183/169 181/196/181 192/197/192 180/184/180
f 170/185/170 182/198/182 181/199/181 169/186/169
f 171/187/171 183/200/183 182/198/182 170/185/170
f 172/188/172 184/201/184 183/200/183 171/187/171
f 173/189/173 185/202/185 184/201/184 172/188/172
f 174/190/174 186/203/186 185/202/185 173/189/173
f 175/191/175 187/204/187 186/203/186 174/190/174
f 176/192/176 188/205/188 187/204/187 175/191/175
f 177/193/177 189/206/189 188/205/188 176/192/176
f 178/194/178 190/207/190 189/206/189 177/193/177
f 179/195/179 191/208/191 190/207/190 178/194/178
f 180/184/180 192/197/192 191/208/191 179/195/179
f 181/196/181 193/209/193 204/210/204 192/197/192
f 182/198/182 194/211/194 193/212/193 181/199/181
f 183/200/183 195/213/195 194/211/194 182/198/182
f 184/201/184 196/214/196 195/213/195 183/200/183
f 185/202/185 197/215/197 196/214/196 184/201/184
f 186/203/186 198/216/198 197/215/197 185/202/185
f 187/204/187 199/217/199 198/216/198 186/203/186
f 188/205/188 200/218/200 199/217/199 187/204/187
f 189/206/189 201/219/201 200/218/200 188/205/188
f 190/207/190 202/220/202 201/219/201 189/206/189
f 191/208/191 203/221/203 202/220/202 190/207/190
f 192/197/192 204/210/204 203/221/203 191/208/191
f 193/209/193 205/222/205 216/223/216 204/210/204
f 194/211/194 206/224/206 205/225/205 193/212/193
f 195/213/195 207/226/207 206/224/206 194/211/194
f 196/214/196 208/227/208 207/226/207 195/213/195
f 197/215/197 209/228/209 208/227/208 196/214/196
f 198/216/198 210/229/210 209/228/209 197/215/197
f 199/217/199 211/230/211 210/229/210 198/216/198
f 200/218/200 212/231/212 211/230/211 199/217/199
f 201/219/201 213/232/213 212/231/212 200/218/200
f 202/220/202 214/233/214 213/232/213 201/219/201
f 203/221/203 215/234/215 214/233/214 202/220/202
f 204/210/204 216/223/216 215/234/215 203/221/203
f 205/222/205 217/235/217 228/236/228 216/223/216
f 206/224/206 218/237/218 217/238/217 205/225/205
f 207/226/207 219/239/219 218/237/218 206/224/206
f 208/227/208 220/240/220 219/239/219 207/226/207
f 209/228/209 221/241/221 220/240/220 208/227/208
f 210/229/210 222/242/222 221/241/221 209/228/209
f 211/230/211 223/243/223 222/242/222 210/229/210
f 212/231/212 224/244/224 223/243/223 211/230/211
f 213/232/213 225/245/225 224/244/224 212/231/212
f 214/233/214 226/246/226 225/245/225 213/232/213
f 215/234/215 227/247/227 226/246/226 214/233/214
f 216/223/216 228/236/228 227/247/227 215/234/215
f 217/235/217 229/248/229 240/249/240 228/236/228
f 218/237/218 230/250/230 229/251/229 217/238/217
f 219/239/219 231/252/231 230/250/230 218/237/218
f 220/240/220 232/253/232 231/252/231 219/239/219
f 221/241/221 233/254/233 232/253/232 220/240/220
f 222/242/222 234/255/234 233/254/233 221/241/221
f 223/243/223 235/256/235 234/255/234 222/242/222
f 224/244/224 236/257/236 235/256/235 223/243/223
f 225/245/225 237/258/237 236/257/236 224/244/224
f 226/246/226 238/259/238 237/258/237 225/245/225
f 227/247/227 239/260/239 238/259/238 226/246/226
f 228/236/228 240/249/240 239/260/239 227/247/227
f 229/248/229 241/261/241 252/262/252 240/249/240
f 230/250/230 242/263/242 241/264/241 229/251/229
f 231/252/231 243/265/243 242/263/242 230/250/230
f 232/253/232 244/266/244 243/265/243 231/252/231
f 233/254/233 245/267/245 244/266/244 232/253/232
f 234/255/234 246/268/246 245/267/245 233/254/233
f 235/256/235 247/269/247 246/268/246 234/255/234
f 236/257/236 248/270/248 247/269/247 235/256/235
f 237/258/237 249/271/249 248/270/248 236/257/236
f 238/259/238 250/272/250 249/271/249 237/258/237
f 239/260/239 251/273/251 250/272/250 238/259/238
f 240/249/240 252/262/252 251/273/251 239/260/239
f 241/261/241 253/274/253 264/275/264 252/262/252
f 242/263/242 254/276/254 253/277/253 241/264/241
f 243/265/243 255/278/255 254/276/254 242/263/242
f 244/266/244 256/279/256 255/278/255 243/265/243
f 245/267/245 257/280/257 256/279/256 244/266/244
f 246/268/246 258/281/258 257/280/257 245/267/245
f 247/269/247 259/282/259 258/281/258 246/268/246
f 248/270/248 260/283/260 259/282/259 247/269/247
f 249/271/249 261/284/261 260/283/260 248/270/248
f 250/272/250 262/285/262 261/284/261 249/271/249
f 251/273/251 263/286/263 262/285/262 250/272/250
f 252/262/252 264/275/264 263/286/263 251/273/251
f 253/274/253 265/287/265 276/288/276 264/275/264
f 254/276/254 266/289/266 265/290/265 253/277/253
f 255/278/255 267/291/267 266/289/266 254/276/254
f 256/279/256 268/292/268 267/291/267 255/278/255
f 257/280/257 269/293/269 268/292/268 256/279/256
f 258/281/258 270/294/270 269/293/269 257/280/257
f 259/282/259 271/295/271 270/294/270 258/281/258
f 260/283/260 272/296/272 271/295/271 259/282/259
f 261/284/261 273/297/273 272/296/272 260/283/260
f 262/285/262 274/298/274 273/297/273 261/284/261
f 263/286/263 275/299/275 274/298/274 262/285/262
f 264/275/264 276/288/276 275/299/275 263/286/263
f 265/287/265 277/300/277 288/301/288 276/288/276
f 266/289/266 278/302/278 277/303/277 265/290/265
f 267/291/267 279/304/279 278/302/278 266/289/266
f 268/292/268 280/305/280 279/304/279 267/291/267
f 269/293/269 281/306/281 280/305/280 268/292/268
f 270/294/270 282/307/282 281/306/281 269/293/269
f 271/295/271 283/308/283 282/307/282 270/294/270
f 272/296/272 284/309/284 283/308/283 271/295/271
f 273/297/273 285/310/285 284/309/284 272/296/272
f 274/298/274 286/311/286 285/310/285 273/297/273
f 275/299/275 287/312/287 286/311/286 274/298/274
f 276/288/276 288/301/288 287/312/287 275/299/275
f 277/300/277 289/313/289 300/314/300 288/301/288
f 278/302/278 290/315/290 289/316/289 277/303/277
f 279/304/279 291/317/291 290/315/290 278/302/278
f 280/305/280 292/318/292 291/317/291 279/304/279
f 281/306/281 293/319/293 292/318/292 280/305/280
f 282/307/282 294/320/294 293/319/293 281/306/281
f 283/308/283 295/321/295 294/320/294 282/307/282
f 284/309/284 296/322/296 295/321/295 283/308/283
f 285/310/285 297/323/297 296/322/296 284/309/284
f 286/311/286 298/324/298 297/323/297 285/310/285
f 287/312/287 299/325/299 298/324/298 286/311/286
f 288/301/288 300/314/300 299/325/299 287/312/287
f 289/313/289 301/326/301 312/327/312 300/314/300
f 290/315/290 302/328/302 301/329/301 289/316/289
f 291/317/291 303/330/303 302/328/302 290/315/290
f 292/318/292 304/331/304 303/330/303 291/317/291
f 293/319/293 305/332/305 304/331/304 292/318/292
f 294/320/294 306/333/306 305/332/305 293/319/293
f 295/321/295 307/334/307 306/333/306 294/320/294
f 296/322/296 308/335/308 307/334/307 295/321/295
f 297/323/297 309/336/309 308/335/308 296/322/296
f 298/324/298 310/337/310 309/336/309 297/323/297
f 299/325/299 311/338/311 310/337/310 298/324/298
f 300/314/300 312/327/312 311/338/311 299/325/299
f 301/326/301 313/339/313 324/340/324 312/327/312
f 302/328/302 314/341/314 313/342/313 301/329/301
f 303/330/303 315/343/315 314/341/314 302/328/302
f 304/331/304 316/344/316 315/343/315 303/330/303
f 305/332/305 317/345/317 316/344/316 304/331/304
f 306/333/306 318/346/318 317/345/317 305/332/305
f 307/334/307 319/347/319 318/346/318 306/333/306
f 308/335/308 320/348/320 319/347/319 307/334/307
f 309/336/309 321/349/321 320/348/320 308/335/308
f 310/337/310 322/350/322 321/349/321 309/336/309
f 311/338/311 323/351/323 322/350/322 310/337/310
f 312/327/312 324/340/324 323/351/323 311/338/311
f 313/339/313 325/352/325 336/353/336 324/340/324
f 314/341/314 326/354/326 325/355/325 313/342/313
f 315/343/315 327/356/327 326/354/326 314/341/314
f 316/344/316 328/357/328 327/356/327 315/343/315
f 317/345/317 329/358/329 328/357/328 316/344/316
f 318/346/318 330/359/330 329/358/329 317/345/317
f 319/347/319 331/360/331 330/359/330 318/346/318
f 320/348/320 332/361/332 331/360/331 319/347/319
f 321/349/321 333/362/333 332/361/332 320/348/320
f 322/350/322 334/363/334 333/362/333 321/349/321
f 323/351/323 335/364/335 334/363/334 322/350/322
f 324/340/324 336/353/336 335/364/335 323/351/323
f 325/352/325 337/365/337 348/366/348 336/353/336
f 326/354/326 338/367/338 337/368/337 325/355/325
f 327/356/327 339/369/339 338/367/338 326/354/326
f 328/357/328 340/370/340 339/369/339 327/356/327
f 329/358/329 341/371/341 340/370/340 328/357/328
f 330/359/330 342/372/342 341/371/341 329/358/329
f 331/360/331 343/373/343 342/372/342 330/359/330
f 332/361/332 344/374/344 343/373/343 331/360/331
f 333/362/333 345/375/345 344/374/344 332/361/332
f 334/363/334 346/376/346 345/375/345 333/362/333
f 335/364/335 347/377/347 346/376/346 334/363/334
f 336/353/336 348/366/348 347/377/347 335/364/335
f 337/365/337 349/378/349 360/379/360 348/366/348
f 338/367/338 350/380/350 349/381/349 337/368/337
f 339/369/339 351/382/351 350/380/350 338/367/338
f 340/370/340 352/383/352 351/382/351 339/369/339
f 341/371/341 353/384/353 352/383/352 340/370/340
f 342/372/342 354/385/354 353/384/353 341/371/341
f 343/373/343 355/386/355 354/385/354 342/372/342
f 344/374/344 356/387/356 355/386/355 343/373/343
f 345/375/345 357/388/357 356/387/356 344/374/344
f 346/376/346 358/389/358 357/388/357 345/375/345
f 347/377/347 359/390/359 358/389/358 346/376/346
f 348/366/348 360/379/360 359/390/359 347/377/347
f 349/378/349 361/391/361 372/392/372 360/379/360
f 350/380/350 362/393/362 361/394/361 349/381/349
f 351/382/351 363/395/363 362/393/362 350/380/350
f 352/383/352 364/396/364 363/395/363 351/382/351
f 353/384/353 365/397/365 364/396/364 352/383/352
f 354/385/354 366/398/366 365/397/365 353/384/353
f 355/386/355 367/399/367 366/398/366 354/385/354
f 356/387/356 368/400/368 367/399/367 355/386/355
f 357/388/357 369/401/369 368/400/368 356/387/356
f 358/389/358 370/402/370 369/401/369 357/388/357
f 359/390/359 371/403/371 370/402/370 358/389/358
f 360/379/360 372/392/372 371/403/371 359/390/359
f 361/391/361 373/404/373 384/405/384 372/392/372
f 362/393/362 374/406/374 373/407/373 361/394/361
f 363/395/363 375/408/375 374/406/374 362/393/362
f 364/396/364 376/409/376 375/408/375 363/395/363
f 365/397/365 377/410/377 376/409/376 364/396/364
f 366/398/366 378/411/378 377/410/377 365/397/365
f 367/399/367 379/412/379 378/411/378 366/398/366
f 368/400/368 380/413/380 379/412/379 367/399/367
f 369/401/369 381/414/381 380/413/380 368/400/368
f 370/402/370 382/415/382 381/414/381 369/401/369
f 371/403/371 383/416/383 382/415/382 370/402/370
f 372/392/372 384/405/384 383/416/383 371/403/371
f 373/404/373 385/417/385 396/418/396 384/405/384
f 374/406/374 386/419/386 385/420/385 373/407/373
f 375/408/375 387/421/387 386/419/386 374/406/374
f 376/409/376 388/422/388 387/421/387 375/408/375
f 377/410/377 389/423/389 388/422/388 376/409/376
f 378/411/378 390/424/390 389/423/389 377/410/377
f 379/412/379 391/425/391 390/424/390 378/411/378
f 380/413/380 392/426/392 391/425/391 379/412/379
f 381/414/381 393/427/393 392/426/392 380/413/380
f 382/415/382 394/428/394 393/427/393 381/414/381
f 383/416/383 395/429/395 394/428/394 382/415/382
f 384/405/384 396/418/396 395/429/395 383/416/383
f 385/417/385 397/430/397 408/431/408 396/418/396
f 386/419/386 398/432/398 397/433/397 385/420/385
f 387/421/387 399/434/399 398/432/398 386/419/386
f 388/422/388 400/435/400 399/434/399 387/421/387
f 389/423/389 401/436/401 400/435/400 388/422/388
f 390/424/390 402/437/402 401/436/401 389/423/389
f 391/425/391 403/438/403 402/437/402 390/424/390
f 392/426/392 404/439/404 403/438/403 391/425/391
f 393/427/393 405/440/405 404/439/404 392/426/392
f 394/428/394 406/441/406 405/440/405 393/427/393
f 395/429/395 407/442/407 406/441/406 394/428/394
f 396/418/396 408/431/408 407/442/407 395/429/395
f 397/430/397 409/443/409 420/444/420 408/431/408
f 398/432/398 410/445/410 409/446/409 397/433/397
f 399/434/399 411/447/411 410/445/410 398/432/398
f 400/435/400 412/448/412 411/447/411 399/434/399
f 401/436/401 413/449/413 412/448/412 400/435/400
f 402/437/402 414/450/414 413/449/413 401/436/401
f 403/438/403 415/451/415 414/450/414 402/437/402
f 404/439/404 416/452/416 415/451/415 403/438/403
f 405/440/405 417/453/417 416/452/416 404/439/404
f 406/441/406 418/454/418 417/453/417 405/440/405
f 407/442/407 419/455/419 418/454/418 406/441/406
f 408/431/408 420/444/420 419/455/419 407/442/407
f 409/443/409 421/456/421 432/457/432 420/444/420
f 410/445/410 422/458/422 421/459/421 409/446/409
f 411/447/411 423/460/423 422/458/422 410/445/410
f 412/448/412 424/461/424 423/460/423 411/447/411
f 413/449/413 425/462/425 424/461/424 412/448/412
f 414/450/414 426/463/426 425/462/425 413/449/413
f 415/451/415 427/464/427 426/463/426 414/450/414
f 416/452/416 428/465/428 427/464/427 415/451/415
f 417/453/417 429/466/429 428/465/428 416/452/416
f 418/454/418 430/467/430 429/466/429 417/453/417
f 419/455/419 431/468/431 430/467/430 418/454/418
f 420/444/420 432/457/432 431/468/431 419/455/419
f 421/456/421 433/469/433 444/470/444 432/457/432
f 422/458/422 434/471/434 433/472/433 421/459/421
f 423/460/423 435/473/435 434/471/434 422/458/422
f 424/461/424 436/474/436 435/473/435 423/460/423
f 425/462/425 437/475/437 436/474/436 424/461/424
f 426/463/426 438/476/438 437/475/437 425/462/425
f 427/464/427 439/477/439 438/476/438 426/463/426
f 428/465/428 440/478/440 439/477/439 427/464/427
f 429/466/429 441/479/441 440/478/440 428/465/428
f 430/467/430 442/480/442 441/479/441 429/466/429
f 431/468/431 443/481/443 442/480/442 430/467/430
f 432/457/432 444/470/444 443/481/443 431/468/431
o BézierCurve.020
v -7.508849 0.030000 -6.333516
v -7.508359 0.051962 -6.311560
v -7.507689 0.060000 -6.281567
v -7.507019 0.051962 -6.251575
v -7.506528 0.030000 -6.229619
v -7.506348 0.000000 -6.221582
v -7.506528 -0.030000 -6.229619
v -7.507019 -0.051961 -6.251575
v -7.507689 -0.060000 -6.281567
v -7.508359 -0.051962 -6.311560
v -7.508849 -0.030000 -6.333516
v -7.509029 -0.000000 -6.341552
v -6.484645 0.030000 -6.310861
v -6.486279 0.051962 -6.288930
v -6.488513 0.060000 -6.258972
v -6.490746 0.051962 -6.229014
v -6.492380 0.030000 -6.207083
v -6.492980 0.000000 -6.199057
v -6.492380 -0.030000 -6.207083
v -6.490746 -0.051961 -6.229014
v -6.488513 -0.060000 -6.258972
v -6.486280 -0.051962 -6.288930
v -6.484645 -0.030000 -6.310861
v -6.484046 -0.000000 -6.318888
v -5.635218 0.030000 -6.202709
v -5.639364 0.051962 -6.181099
v -5.645028 0.060000 -6.151577
v -5.650692 0.051962 -6.122056
v -5.654838 0.030000 -6.100445
v -5.656356 0.000000 -6.092535
v -5.654838 -0.030000 -6.100445
v -5.650692 -0.051961 -6.122056
v -5.645028 -0.060000 -6.151577
v -5.639364 -0.051962 -6.181098
v -5.635218 -0.030000 -6.202709
v -5.633699 -0.000000 -6.210619
v -4.942213 0.030000 -6.023935
v -4.949272 0.051962 -6.003076
v -4.958915 0.060000 -5.974581
v -4.968558 0.051962 -5.946087
v -4.975616 0.030000 -5.925227
v -4.978200 0.000000 -5.917592
v -4.975616 -0.030000 -5.925227
v -4.968557 -0.051961 -5.946087
v -4.958915 -0.060000 -5.974581
v -4.949271 -0.051962 -6.003076
v -4.942213 -0.030000 -6.023935
v -4.939629 -0.000000 -6.031570
v -4.387647 0.030000 -5.789362
v -4.397879 0.051962 -5.769845
v -4.411856 0.060000 -5.743184
v -4.425834 0.051962 -5.716522
v -4.436066 0.030000 -5.697005
v -4.439811 0.000000 -5.689861
v -4.436066 -0.030000 -5.697005
v -4.425834 -0.051961 -5.716522
v -4.411856 -0.060000 -5.743184
v -4.397879 -0.051962 -5.769845
v -4.387647 -0.030000 -5.789362
v -4.383902 -0.000000 -5.796506
v -3.953897 0.030000 -5.514046
v -3.967268 0.051962 -5.496521
v -3.985536 0.060000 -5.472583
v -4.003803 0.051962 -5.448645
v -4.017175 0.030000 -5.431120
v -4.022069 0.000000 -5.424706
v -4.017175 -0.030000 -5.431120
v -4.003803 -0.051961 -5.448645
v -3.985536 -0.060000 -5.472583
v -3.967269 -0.051962 -5.496521
v -3.953897 -0.030000 -5.514046
v -3.949002 -0.000000 -5.520460
v -3.623515 0.030000 -5.213547
v -3.639626 0.051962 -5.198514
v -3.661634 0.060000 -5.177979
v -3.683643 0.051962 -5.157444
v -3.699754 0.030000 -5.142411
v -3.705652 0.000000 -5.136909
v -3.699754 -0.030000 -5.142411
v -3.683643 -0.051961 -5.157444
v -3.661634 -0.060000 -5.177979
v -3.639626 -0.051962 -5.198514
v -3.623515 -0.030000 -5.213547
v -3.617617 -0.000000 -5.219049
v -3.378829 0.030000 -4.903955
v -3.397005 0.051962 -4.891535
v -3.421836 0.060000 -4.874570
v -3.446666 0.051962 -4.857605
v -3.464842 0.030000 -4.845185
v -3.471495 0.000000 -4.840640
v -3.464842 -0.030000 -4.845185
v -3.446666 -0.051961 -4.857605
v -3.421836 -0.060000 -4.874570
v -3.397006 -0.051962 -4.891535
v -3.378829 -0.030000 -4.903955
v -3.372176 -0.000000 -4.908501
v -3.201683 0.030000 -4.601595
v -3.221183 0.051962 -4.591435
v -3.247821 0.060000 -4.577556
v -3.274459 0.051962 -4.563676
v -3.293960 0.030000 -4.553516
v -3.301097 0.000000 -4.549797
v -3.293960 -0.030000 -4.553516
v -3.274459 -0.051961 -4.563676
v -3.247821 -0.060000 -4.577556
v -3.221183 -0.051962 -4.591435
v -3.201683 -0.030000 -4.601595
v -3.194545 -0.000000 -4.605315
v -3.073590 0.030000 -4.322810
v -3.093744 0.051962 -4.314072
v -3.121274 0.060000 -4.302135
v -3.148805 0.051962 -4.290199
v -3.168959 0.030000 -4.281461
v -3.176336 0.000000 -4.278262
v -3.168959 -0.030000 -4.281461
v -3.148805 -0.051961 -4.290199
v -3.121274 -0.060000 -4.302135
v -3.093744 -0.051962 -4.314072
v -3.073590 -0.030000 -4.322810
v -3.066213 -0.000000 -4.326008
v -2.976228 0.030000 -4.084268
v -2.996367 0.051962 -4.075494
v -3.023877 0.060000 -4.063507
v -3.051387 0.051962 -4.051521
v -3.071526 0.030000 -4.042746
v -3.078897 0.000000 -4.039535
v -3.071526 -0.030000 -4.042746
v -3.051387 -0.051961 -4.051521
v -3.023877 -0.060000 -4.063507
v -2.996367 -0.051962 -4.075493
v -2.976228 -0.030000 -4.084268
v -2.968856 -0.000000 -4.087480
v -2.892729 0.030000 -3.904245
v -2.911572 0.051962 -3.892675
v -2.937311 0.060000 -3.876871
v -2.963051 0.051962 -3.861067
v -2.981893 0.030000 -3.849497
v -2.988790 0.000000 -3.845263
v -2.981893 -0.030000 -3.849497
v -2.963051 -0.051961 -3.861067
v -2.937311 -0.060000 -3.876871
v -2.911572 -0.051962 -3.892675
v -2.892729 -0.030000 -3.904245
v -2.885832 -0.000000 -3.908479
v -2.805170 0.030000 -3.793047
v -2.821269 0.051962 -3.777992
v -2.843259 0.060000 -3.757426
v -2.865249 0.051962 -3.736860
v -2.881347 0.030000 -3.721805
v -2.887239 0.000000 -3.716295
v -2.881347 -0.030000 -3.721805
v -2.865249 -0.051961 -3.736860
v -2.843259 -0.060000 -3.757426
v -2.821269 -0.051962 -3.777992
v -2.805170 -0.030000 -3.793047
v -2.799278 -0.000000 -3.798557
v -2.459357 0.030000 -3.481106
v -2.475198 0.051962 -3.465818
v -2.496836 0.060000 -3.444936
v -2.518475 0.051962 -3.424053
v -2.534316 0.030000 -3.408766
v -2.540113 0.000000 -3.403170
v -2.534316 -0.030000 -3.408766
v -2.518475 -0.051961 -3.424053
v -2.496836 -0.060000 -3.444936
v -2.475198 -0.051962 -3.465818
v -2.459357 -0.030000 -3.481106
v -2.453559 -0.000000 -3.486701
v -2.170456 0.030000 -3.136994
v -2.188124 0.051962 -3.123883
v -2.212258 0.060000 -3.105972
v -2.236392 0.051962 -3.088062
v -2.254060 0.030000 -3.074950
v -2.260527 0.000000 -3.070151
v -2.254060 -0.030000 -3.074950
v -2.236392 -0.051961 -3.088062
v -2.212258 -0.060000 -3.105972
v -2.188124 -0.051962 -3.123883
v -2.170457 -0.030000 -3.136994
v -2.163990 -0.000000 -3.141793
v -1.935679 0.030000 -2.777454
v -1.954655 0.051962 -2.766346
v -1.980577 0.060000 -2.751173
v -2.006499 0.051962 -2.736000
v -2.025475 0.030000 -2.724892
v -2.032420 0.000000 -2.720827
v -2.025475 -0.030000 -2.724892
v -2.006499 -0.051961 -2.736000
v -1.980577 -0.060000 -2.751173
v -1.954655 -0.051962 -2.766346
v -1.935679 -0.030000 -2.777454
v -1.928734 -0.000000 -2.781520
v -1.745884 0.030000 -2.413498
v -1.765732 0.051962 -2.404064
v -1.792846 0.060000 -2.391176
v -1.819959 0.051962 -2.378289
v -1.839808 0.030000 -2.368854
v -1.847073 0.000000 -2.365401
v -1.839808 -0.030000 -2.368854
v -1.819959 -0.051961 -2.378289
v -1.792846 -0.060000 -2.391176
v -1.765733 -0.051962 -2.404064
v -1.745884 -0.030000 -2.413498
v -1.738619 -0.000000 -2.416951
v -1.591896 0.030000 -2.056015
v -1.612277 0.051962 -2.047817
v -1.640118 0.060000 -2.036619
v -1.667959 0.051962 -2.025421
v -1.688340 0.030000 -2.017223
v -1.695801 0.000000 -2.014222
v -1.688340 -0.030000 -2.017223
v -1.667959 -0.051961 -2.025421
v -1.640118 -0.060000 -2.036619
v -1.612277 -0.051962 -2.047817
v -1.591896 -0.030000 -2.056015
v -1.584436 -0.000000 -2.059015
v -1.464597 0.030000 -1.715861
v -1.485243 0.051962 -1.708370
v -1.513446 0.060000 -1.698139
v -1.541649 0.051962 -1.687907
v -1.562295 0.030000 -1.680417
v -1.569852 0.000000 -1.677675
v -1.562295 -0.030000 -1.680417
v -1.541649 -0.051961 -1.687907
v -1.513446 -0.060000 -1.698139
v -1.485243 -0.051962 -1.708371
v -1.464597 -0.030000 -1.715861
v -1.457040 -0.000000 -1.718602
v -1.354998 0.030000 -1.403994
v -1.375659 0.051962 -1.396547
v -1.403883 0.060000 -1.386374
v -1.432106 0.051962 -1.376200
v -1.452767 0.030000 -1.368753
v -1.460330 0.000000 -1.366027
v -1.452767 -0.030000 -1.368753
v -1.432106 -0.051961 -1.376200
v -1.403883 -0.060000 -1.386374
v -1.375659 -0.051962 -1.396547
v -1.354998 -0.030000 -1.403994
v -1.347436 -0.000000 -1.406720
v -1.254372 0.030000 -1.131678
v -1.274706 0.051962 -1.123344
v -1.302482 0.060000 -1.111961
v -1.330258 0.051962 -1.100577
v -1.350592 0.030000 -1.092244
v -1.358034 0.000000 -1.089194
v -1.350592 -0.030000 -1.092244
v -1.330258 -0.051961 -1.100577
v -1.302482 -0.060000 -1.111961
v -1.274706 -0.051962 -1.123344
v -1.254372 -0.030000 -1.131678
v -1.246929 -0.000000 -1.134728
v -1.154694 0.030000 -0.910812
v -1.173968 0.051962 -0.900130
v -1.200296 0.060000 -0.885538
v -1.226624 0.051962 -0.870947
v -1.245898 0.030000 -0.860265
v -1.252952 0.000000 -0.856355
v -1.245898 -0.030000 -0.860265
v -1.226624 -0.051961 -0.870946
v -1.200296 -0.060000 -0.885538
v -1.173968 -0.051962 -0.900130
v -1.154694 -0.030000 -0.910812
v -1.147640 -0.000000 -0.914722
v -1.050043 0.030000 -0.753913
v -1.066245 0.051962 -0.738626
v -1.088378 0.060000 -0.717744
v -1.110511 0.051962 -0.696861
v -1.126713 0.030000 -0.681575
v -1.132643 0.000000 -0.675979
v -1.126713 -0.030000 -0.681574
v -1.110511 -0.051961 -0.696861
v -1.088378 -0.060000 -0.717744
v -1.066245 -0.051962 -0.738626
v -1.050043 -0.030000 -0.753913
v -1.044113 -0.000000 -0.759508
v -0.937725 0.030000 -0.669174
v -0.946201 0.051962 -0.648058
v -0.957781 0.060000 -0.619214
v -0.969361 0.051962 -0.590370
v -0.977838 0.030000 -0.569255
v -0.980940 0.000000 -0.561526
v -0.977838 -0.030000 -0.569255
v -0.969361 -0.051961 -0.590370
v -0.957781 -0.060000 -0.619214
v -0.946202 -0.051962 -0.648058
v -0.937725 -0.030000 -0.669174
v -0.934622 -0.000000 -0.676902
v -0.795599 0.030000 -0.652443
v -0.797273 0.051962 -0.630527
v -0.799558 0.060000 -0.600589
v -0.801844 0.051962 -0.570651
v -0.803517 0.030000 -0.548734
v -0.804129 0.000000 -0.540713
v -0.803517 -0.030000 -0.548734
v -0.801844 -0.051961 -0.570651
v -0.799558 -0.060000 -0.600589
v -0.797273 -0.051962 -0.630527
v -0.795599 -0.030000 -0.652443
v -0.794987 -0.000000 -0.660465
v -0.601187 0.030000 -0.645594
v -0.604828 0.051962 -0.623747
v -0.609802 0.060000 -0.593904
v -0.614776 0.051962 -0.564061
v -0.618417 0.030000 -0.542214
v -0.619750 0.000000 -0.534217
v -0.618417 -0.030000 -0.542214
v -0.614776 -0.051961 -0.564061
v -0.609802 -0.060000 -0.593904
v -0.604828 -0.051962 -0.623747
v -0.601187 -0.030000 -0.645594
v -0.599854 -0.000000 -0.653591
v -0.377102 0.030000 -0.577479
v -0.385324 0.051962 -0.557025
v -0.396555 0.060000 -0.529083
v -0.407787 0.051962 -0.501142
v -0.416009 0.030000 -0.480687
v -0.419018 0.000000 -0.473201
v -0.416009 -0.030000 -0.480687
v -0.407787 -0.051961 -0.501142
v -0.396555 -0.060000 -0.529083
v -0.385324 -0.051962 -0.557024
v -0.377102 -0.030000 -0.577479
v -0.374093 -0.000000 -0.584966
v -0.142324 0.030000 -0.458426
v -0.153512 0.051962 -0.439476
v -0.168796 0.060000 -0.413589
v -0.184079 0.051962 -0.387703
v -0.195267 0.030000 -0.368752
v -0.199362 0.000000 -0.361816
v -0.195267 -0.030000 -0.368752
v -0.184079 -0.051961 -0.387703
v -0.168796 -0.060000 -0.413589
v -0.153512 -0.051962 -0.439476
v -0.142324 -0.030000 -0.458426
v -0.138229 -0.000000 -0.465363
v 0.095980 0.030000 -0.296316
v 0.082675 0.051962 -0.278805
v 0.064500 0.060000 -0.254886
v 0.046326 0.051962 -0.230966
v 0.033021 0.030000 -0.213455
v 0.028151 0.000000 -0.207046
v 0.033021 -0.030000 -0.213455
v 0.046325 -0.051961 -0.230966
v 0.064500 -0.060000 -0.254886
v 0.082675 -0.051962 -0.278805
v 0.095980 -0.030000 -0.296316
v 0.100850 -0.000000 -0.302725
v 0.329806 0.030000 -0.098505
v 0.314822 0.051962 -0.082415
v 0.294355 0.060000 -0.060435
v 0.273887 0.051962 -0.038455
v 0.258903 0.030000 -0.022365
v 0.253419 0.000000 -0.016475
v 0.258903 -0.030000 -0.022365
v 0.273887 -0.051961 -0.038455
v 0.294355 -0.060000 -0.060435
v 0.314822 -0.051962 -0.082415
v 0.329806 -0.030000 -0.098505
v 0.335290 -0.000000 -0.104395
v 0.550709 0.030000 0.127781
v 0.534260 0.051962 0.142370
v 0.511790 0.060000 0.162299
v 0.489321 0.051962 0.182228
v 0.472872 0.030000 0.196817
v 0.466851 0.000000 0.202157
v 0.472871 -0.030000 0.196817
v 0.489321 -0.051961 0.182228
v 0.511790 -0.060000 0.162299
v 0.534260 -0.051962 0.142370
v 0.550709 -0.030000 0.127781
v 0.556730 -0.000000 0.122441
v 0.750020 0.030000 0.375399
v 0.732189 0.051962 0.388270
v 0.707830 0.060000 0.405853
v 0.683472 0.051962 0.423436
v 0.665640 0.030000 0.436307
v 0.659113 0.000000 0.441019
v 0.665640 -0.030000 0.436307
v 0.683472 -0.051961 0.423436
v 0.707830 -0.060000 0.405853
v 0.732188 -0.051962 0.388270
v 0.750020 -0.030000 0.375399
v 0.756547 -0.000000 0.370687
v 0.918924 0.030000 0.637331
v 0.899724 0.051962 0.648080
v 0.873497 0.060000 0.662764
v 0.847269 0.051962 0.677449
v 0.828069 0.030000 0.688198
v 0.821041 0.000000 0.692133
v 0.828069 -0.030000 0.688198
v 0.847269 -0.051961 0.677449
v 0.873497 -0.060000 0.662765
v 0.899724 -0.051962 0.648080
v 0.918924 -0.030000 0.637331
v 0.925952 -0.000000 0.633396
v 1.048426 0.030000 0.906766
v 1.027880 0.051962 0.914713
v 0.999812 0.060000 0.925570
v 0.971745 0.051962 0.936426
v 0.951198 0.030000 0.944374
v 0.943678 0.000000 0.947283
v 0.951198 -0.030000 0.944374
v 0.971745 -0.051961 0.936427
v 0.999812 -0.060000 0.925570
v 1.027880 -0.051962 0.914714
v 1.048426 -0.030000 0.906766
v 1.055947 -0.000000 0.903857
v 1.129144 0.030000 1.177146
v 1.107444 0.051962 1.181229
v 1.077800 0.060000 1.186806
v 1.048157 0.051962 1.192383
v 1.026456 0.030000 1.196466
v 1.018514 0.000000 1.197960
v 1.026456 -0.030000 1.196466
v 1.048157 -0.051961 1.192383
v 1.077800 -0.060000 1.186806
v 1.107444 -0.051962 1.181229
v 1.129144 -0.030000 1.177146
v 1.137087 -0.000000 1.175652
v 1.150854 0.030000 1.441874
v 1.128719 0.051962 1.440664
v 1.098483 0.060000 1.439010
v 1.068247 0.051962 1.437356
v 1.046112 0.030000 1.436146
v 1.038010 0.000000 1.435703
v 1.046112 -0.030000 1.436146
v 1.068246 -0.051961 1.437357
v 1.098483 -0.060000 1.439010
v 1.128719 -0.051962 1.440664
v 1.150854 -0.030000 1.441874
v 1.158955 -0.000000 1.442317
v 1.101721 0.030000 1.692462
v 1.081080 0.051962 1.684963
v 1.052883 0.060000 1.674719
v 1.024686 0.051962 1.664475
v 1.004045 0.030000 1.656976
v 0.996489 0.000000 1.654231
v 1.004045 -0.030000 1.656976
v 1.024686 -0.051961 1.664475
v 1.052883 -0.060000 1.674719
v 1.081080 -0.051962 1.684963
v 1.101721 -0.030000 1.692462
v 1.109277 -0.000000 1.695207
vn 0.0192 0.4966 -0.8677
vn 0.0112 0.8627 -0.5055
vn 0.0002 1.0000 -0.0073
vn -0.0110 0.8691 0.4946
vn -0.0192 0.5030 0.8641
vn -0.0222 -0.0000 0.9998
vn -0.0192 -0.5030 0.8641
vn -0.0110 -0.8691 0.4946
vn 0.0002 -1.0000 -0.0073
vn 0.0112 -0.8627 -0.5055
vn 0.0192 -0.4966 -0.8677
vn 0.0221 -0.0000 -0.9998
vn 0.0645 0.4967 -0.8655
vn 0.0376 0.8625 -0.5046
vn 0.0006 1.0000 -0.0086
vn -0.0367 0.8700 0.4918
vn -0.0642 0.5041 0.8612
vn -0.0744 -0.0000 0.9972
vn -0.0642 -0.5041 0.8612
vn -0.0367 -0.8700 0.4918
vn 0.0006 -1.0000 -0.0086
vn 0.0376 -0.8625 -0.5046
vn 0.0645 -0.4967 -0.8655
vn 0.0743 -0.0000 -0.9972
vn 0.1636 0.4962 -0.8527
vn 0.0955 0.8619 -0.4980
vn 0.0019 0.9999 -0.0102
vn -0.0926 0.8709 0.4827
vn -0.1626 0.5052 0.8476
vn -0.1884 -0.0000 0.9821
vn -0.1626 -0.5052 0.8476
vn -0.0926 -0.8709 0.4827
vn 0.0019 -0.9999 -0.0102
vn 0.0955 -0.8619 -0.4980
vn 0.1636 -0.4962 -0.8527
vn 0.1884 -0.0000 -0.9821
vn 0.2784 0.4957 -0.8227
vn 0.1629 0.8613 -0.4813
vn 0.0039 0.9999 -0.0115
vn -0.1570 0.8718 0.4640
vn -0.2764 0.5062 0.8169
vn -0.3206 -0.0000 0.9472
vn -0.2764 -0.5062 0.8169
vn -0.1570 -0.8718 0.4640
vn 0.0039 -0.9999 -0.0115
vn 0.1629 -0.8613 -0.4813
vn 0.2784 -0.4957 -0.8227
vn 0.3206 -0.0000 -0.9472
vn 0.4034 0.4953 -0.7694
vn 0.2363 0.8608 -0.4508
vn 0.0063 0.9999 -0.0120
vn -0.2268 0.8725 0.4327
vn -0.4002 0.5071 0.7633
vn -0.4643 -0.0000 0.8857
vn -0.4002 -0.5071 0.7633
vn -0.2268 -0.8725 0.4327
vn 0.0063 -0.9999 -0.0120
vn 0.2363 -0.8608 -0.4508
vn 0.4034 -0.4953 -0.7694
vn 0.4643 -0.0000 -0.8857
vn 0.5270 0.4951 -0.6907
vn 0.3090 0.8606 -0.4049
vn 0.0086 0.9999 -0.0113
vn -0.2960 0.8728 0.3879
vn -0.5227 0.5075 0.6850
vn -0.6066 -0.0000 0.7950
vn -0.5227 -0.5075 0.6850
vn -0.2960 -0.8728 0.3879
vn 0.0086 -0.9999 -0.0113
vn 0.3090 -0.8606 -0.4049
vn 0.5270 -0.4951 -0.6907
vn 0.6066 -0.0000 -0.7950
vn 0.6352 0.4953 -0.5926
vn 0.3721 0.8608 -0.3472
vn 0.0098 0.9999 -0.0092
vn -0.3573 0.8725 0.3334
vn -0.6302 0.5070 0.5880
vn -0.7312 -0.0000 0.6822
vn -0.6302 -0.5070 0.5880
vn -0.3573 -0.8725 0.3334
vn 0.0098 -0.9999 -0.0092
vn 0.3721 -0.8608 -0.3472
vn 0.6352 -0.4953 -0.5926
vn 0.7312 -0.0000 -0.6822
vn 0.7170 0.4959 -0.4899
vn 0.4192 0.8615 -0.2864
vn 0.0094 0.9999 -0.0064
vn -0.4050 0.8714 0.2767
vn -0.7123 0.5058 0.4867
vn -0.8257 -0.0000 0.5641
vn -0.7123 -0.5058 0.4867
vn -0.4050 -0.8714 0.2767
vn 0.0094 -0.9999 -0.0064
vn 0.4192 -0.8615 -0.2864
vn 0.7170 -0.4959 -0.4899
vn 0.8257 -0.0000 -0.5641
vn 0.7696 0.4969 -0.4010
vn 0.4485 0.8627 -0.2337
vn 0.0072 1.0000 -0.0038
vn -0.4376 0.8698 0.2280
vn -0.7660 0.5040 0.3991
vn -0.8868 -0.0000 0.4621
vn -0.7660 -0.5040 0.3991
vn -0.4376 -0.8698 0.2280
vn 0.0072 -1.0000 -0.0038
vn 0.4485 -0.8627 -0.2337
vn 0.7696 -0.4969 -0.4010
vn 0.8868 -0.0000 -0.4621
vn 0.7953 0.4985 -0.3448
vn 0.4611 0.8645 -0.1999
vn 0.0033 1.0000 -0.0014
vn -0.4562 0.8676 0.1978
vn -0.7937 0.5016 0.3441
vn -0.9175 -0.0000 0.3978
vn -0.7937 -0.5016 0.3441
vn -0.4562 -0.8676 0.1978
vn 0.0033 -1.0000 -0.0014
vn 0.4611 -0.8645 -0.1999
vn 0.7953 -0.4985 -0.3448
vn 0.9175 -0.0000 -0.3978
vn 0.7930 0.5018 -0.3455
vn 0.4556 0.8677 -0.1985
vn -0.0035 1.0000 0.0015
vn -0.4609 0.8644 0.2008
vn -0.7948 0.4984 0.3463
vn -0.9168 -0.0000 0.3994
vn -0.7948 -0.4984 0.3463
vn -0.4609 -0.8644 0.2008
vn -0.0035 -1.0000 0.0015
vn 0.4556 -0.8677 -0.1985
vn 0.7930 -0.5018 -0.3455
vn 0.9168 -0.0000 -0.3994
vn 0.7327 0.5107 -0.4499
vn 0.4117 0.8755 -0.2528
vn -0.0162 0.9998 0.0100
vn -0.4362 0.8591 0.2678
vn -0.7409 0.4940 0.4549
vn -0.8522 -0.0000 0.5232
vn -0.7409 -0.4940 0.4549
vn -0.4362 -0.8591 0.2678
vn -0.0162 -0.9998 0.0100
vn 0.4117 -0.8755 -0.2528
vn 0.7327 -0.5107 -0.4499
vn 0.8522 -0.0000 -0.5232
vn 0.6294 0.5073 -0.5886
vn 0.3566 0.8727 -0.3335
vn -0.0102 0.9999 0.0095
vn -0.3719 0.8607 0.3478
vn -0.6345 0.4952 0.5934
vn -0.7304 -0.0000 0.6831
vn -0.6345 -0.4952 0.5934
vn -0.3719 -0.8607 0.3478
vn -0.0102 -0.9999 0.0095
vn 0.3566 -0.8727 -0.3335
vn 0.6294 -0.5073 -0.5886
vn 0.7304 -0.0000 -0.6831
vn 0.6249 0.4959 -0.6030
vn 0.3653 0.8616 -0.3525
vn 0.0082 0.9999 -0.0079
vn -0.3530 0.8714 0.3407
vn -0.6207 0.5058 0.5991
vn -0.7196 -0.0000 0.6944
vn -0.6207 -0.5058 0.5991
vn -0.3530 -0.8714 0.3407
vn 0.0082 -0.9999 -0.0079
vn 0.3653 -0.8616 -0.3525
vn 0.6249 -0.4959 -0.6030
vn 0.7196 -0.0000 -0.6944
vn 0.6971 0.4964 -0.5173
vn 0.4069 0.8621 -0.3020
vn 0.0079 1.0000 -0.0059
vn -0.3950 0.8706 0.2932
vn -0.6932 0.5049 0.5144
vn -0.8030 -0.0000 0.5959
vn -0.6932 -0.5049 0.5144
vn -0.3950 -0.8706 0.2932
vn 0.0079 -1.0000 -0.0059
vn 0.4069 -0.8621 -0.3020
vn 0.6971 -0.4964 -0.5173
vn 0.8030 -0.0000 -0.5959
vn 0.7489 0.4969 -0.4384
vn 0.4363 0.8628 -0.2554
vn 0.0069 1.0000 -0.0041
vn -0.4259 0.8697 0.2493
vn -0.7454 0.5039 0.4363
vn -0.8630 -0.0000 0.5052
vn -0.7454 -0.5039 0.4363
vn -0.4259 -0.8697 0.2493
vn 0.0069 -1.0000 -0.0041
vn 0.4363 -0.8628 -0.2554
vn 0.7489 -0.4969 -0.4384
vn 0.8630 -0.0000 -0.5052
vn 0.7834 0.4976 -0.3724
vn 0.4555 0.8635 -0.2165
vn 0.0055 1.0000 -0.0026
vn -0.4472 0.8688 0.2126
vn -0.7807 0.5029 0.3711
vn -0.9032 -0.0000 0.4293
vn -0.7807 -0.5029 0.3711
vn -0.4472 -0.8688 0.2126
vn 0.0055 -1.0000 -0.0026
vn 0.4555 -0.8635 -0.2165
vn 0.7834 -0.4976 -0.3724
vn 0.9032 -0.0000 -0.4293
vn 0.8043 0.4984 -0.3235
vn 0.4666 0.8643 -0.1877
vn 0.0037 1.0000 -0.0015
vn -0.4610 0.8678 0.1854
vn -0.8025 0.5018 0.3228
vn -0.9278 -0.0000 0.3732
vn -0.8025 -0.5018 0.3228
vn -0.4610 -0.8678 0.1854
vn 0.0037 -1.0000 -0.0015
vn 0.4666 -0.8643 -0.1877
vn 0.8043 -0.4984 -0.3235
vn 0.9278 -0.0000 -0.3732
vn 0.8145 0.4993 -0.2955
vn 0.4712 0.8653 -0.1709
vn 0.0016 1.0000 -0.0006
vn -0.4688 0.8668 0.1701
vn -0.8137 0.5007 0.2952
vn -0.9400 -0.0000 0.3410
vn -0.8137 -0.5007 0.2952
vn -0.4688 -0.8668 0.1701
vn 0.0016 -1.0000 -0.0006
vn 0.4712 -0.8653 -0.1709
vn 0.8145 -0.4993 -0.2955
vn 0.9400 -0.0000 -0.3410
vn 0.8144 0.5006 -0.2935
vn 0.4694 0.8666 -0.1692
vn -0.0012 1.0000 0.0004
vn -0.4713 0.8655 0.1699
vn -0.8150 0.4994 0.2938
vn -0.9408 -0.0000 0.3391
vn -0.8150 -0.4994 0.2938
vn -0.4713 -0.8655 0.1699
vn -0.0012 -1.0000 0.0004
vn 0.4694 -0.8666 -0.1692
vn 0.8144 -0.5006 -0.2935
vn 0.9408 -0.0000 -0.3391
vn 0.7999 0.5027 -0.3278
vn 0.4585 0.8686 -0.1879
vn -0.0053 1.0000 0.0022
vn -0.4664 0.8636 0.1912
vn -0.8026 0.4977 0.3289
vn -0.9253 -0.0000 0.3792
vn -0.8026 -0.4977 0.3289
vn -0.4664 -0.8636 0.1912
vn -0.0053 -1.0000 0.0022
vn 0.4584 -0.8686 -0.1879
vn 0.7999 -0.5027 -0.3278
vn 0.9253 -0.0000 -0.3792
vn 0.7539 0.5071 -0.4178
vn 0.4274 0.8725 -0.2369
vn -0.0118 0.9999 0.0065
vn -0.4451 0.8608 0.2467
vn -0.7598 0.4953 0.4211
vn -0.8746 -0.0000 0.4848
vn -0.7598 -0.4953 0.4211
vn -0.4451 -0.8608 0.2467
vn -0.0118 -0.9999 0.0065
vn 0.4274 -0.8725 -0.2369
vn 0.7539 -0.5071 -0.4178
vn 0.8746 -0.0000 -0.4848
vn 0.6226 0.5171 -0.5874
vn 0.3448 0.8805 -0.3254
vn -0.0199 0.9996 0.0187
vn -0.3750 0.8568 0.3538
vn -0.6329 0.4929 0.5971
vn -0.7274 -0.0000 0.6863
vn -0.6329 -0.4929 0.5971
vn -0.3750 -0.8568 0.3538
vn -0.0199 -0.9996 0.0187
vn 0.3448 -0.8805 -0.3254
vn 0.6226 -0.5171 -0.5874
vn 0.7274 -0.0000 -0.6863
vn 0.3155 0.5318 -0.7859
vn 0.1694 0.8907 -0.4219
vn -0.0157 0.9991 0.0391
vn -0.1936 0.8543 0.4823
vn -0.3241 0.4931 0.8073
vn -0.3726 -0.0000 0.9280
vn -0.3241 -0.4931 0.8073
vn -0.1936 -0.8543 0.4823
vn -0.0157 -0.9991 0.0391
vn 0.1694 -0.8907 -0.4219
vn 0.3155 -0.5318 -0.7859
vn 0.3726 -0.0000 -0.9280
vn 0.0658 0.5032 -0.8617
vn 0.0377 0.8691 -0.4932
vn -0.0005 1.0000 0.0067
vn -0.0384 0.8633 0.5033
vn -0.0660 0.4974 0.8650
vn -0.0761 -0.0000 0.9971
vn -0.0660 -0.4974 0.8650
vn -0.0384 -0.8633 0.5033
vn -0.0005 -1.0000 0.0067
vn 0.0377 -0.8691 -0.4932
vn 0.0658 -0.5032 -0.8617
vn 0.0761 -0.0000 -0.9971
vn 0.1430 0.4937 -0.8578
vn 0.0843 0.8584 -0.5060
vn 0.0035 0.9998 -0.0209
vn -0.0791 0.8768 0.4743
vn -0.1412 0.5123 0.8471
vn -0.1644 -0.0000 0.9864
vn -0.1412 -0.5123 0.8471
vn -0.0791 -0.8768 0.4743
vn 0.0035 -0.9998 -0.0209
vn 0.0843 -0.8584 -0.5060
vn 0.1430 -0.4937 -0.8578
vn 0.1644 -0.0000 -0.9864
vn 0.3240 0.4951 -0.8061
vn 0.1900 0.8605 -0.4726
vn 0.0053 0.9999 -0.0133
vn -0.1820 0.8729 0.4527
vn -0.3213 0.5076 0.7994
vn -0.3730 -0.0000 0.9278
vn -0.3213 -0.5076 0.7994
vn -0.1820 -0.8729 0.4527
vn 0.0053 -0.9999 -0.0133
vn 0.1900 -0.8605 -0.4726
vn 0.3240 -0.4951 -0.8061
vn 0.3730 -0.0000 -0.9278
vn 0.4414 0.4961 -0.7477
vn 0.2578 0.8619 -0.4367
vn 0.0053 0.9999 -0.0091
vn -0.2498 0.8710 0.4231
vn -0.4387 0.5053 0.7431
vn -0.5084 -0.0000 0.8611
vn -0.4387 -0.5053 0.7431
vn -0.2498 -0.8710 0.4231
vn 0.0053 -0.9999 -0.0091
vn 0.2578 -0.8619 -0.4367
vn 0.4414 -0.4962 -0.7477
vn 0.5084 -0.0000 -0.8611
vn 0.5251 0.4967 -0.6910
vn 0.3061 0.8626 -0.4029
vn 0.0052 1.0000 -0.0069
vn -0.2983 0.8700 0.3926
vn -0.5225 0.5042 0.6876
vn -0.6050 -0.0000 0.7962
vn -0.5225 -0.5042 0.6876
vn -0.2983 -0.8700 0.3926
vn 0.0052 -1.0000 -0.0069
vn 0.3061 -0.8626 -0.4029
vn 0.5251 -0.4967 -0.6910
vn 0.6050 -0.0000 -0.7962
vn 0.5914 0.4970 -0.6350
vn 0.3445 0.8628 -0.3699
vn 0.0053 1.0000 -0.0057
vn -0.3365 0.8696 0.3613
vn -0.5887 0.5038 0.6322
vn -0.6815 -0.0000 0.7318
vn -0.5887 -0.5038 0.6322
vn -0.3365 -0.8696 0.3613
vn 0.0053 -1.0000 -0.0057
vn 0.3445 -0.8628 -0.3699
vn 0.5914 -0.4970 -0.6350
vn 0.6815 -0.0000 -0.7318
vn 0.6492 0.4970 -0.5758
vn 0.3782 0.8628 -0.3354
vn 0.0059 1.0000 -0.0052
vn -0.3693 0.8696 0.3276
vn -0.6463 0.5038 0.5732
vn -0.7481 -0.0000 0.6635
vn -0.6463 -0.5038 0.5732
vn -0.3693 -0.8696 0.3276
vn 0.0059 -1.0000 -0.0052
vn 0.3782 -0.8628 -0.3354
vn 0.6492 -0.4970 -0.5758
vn 0.7481 -0.0000 -0.6635
vn 0.7037 0.4967 -0.5080
vn 0.4103 0.8625 -0.2961
vn 0.0070 1.0000 -0.0051
vn -0.3998 0.8700 0.2886
vn -0.7002 0.5042 0.5054
vn -0.8108 -0.0000 0.5853
vn -0.7002 -0.5042 0.5054
vn -0.3998 -0.8700 0.2886
vn 0.0070 -1.0000 -0.0051
vn 0.4103 -0.8625 -0.2961
vn 0.7037 -0.4967 -0.5080
vn 0.8108 -0.0000 -0.5853
vn 0.7575 0.4962 -0.4241
vn 0.4424 0.8620 -0.2477
vn 0.0089 0.9999 -0.0050
vn -0.4289 0.8708 0.2402
vn -0.7530 0.5051 0.4216
vn -0.8726 -0.0000 0.4885
vn -0.7531 -0.5051 0.4216
vn -0.4289 -0.8708 0.2402
vn 0.0089 -0.9999 -0.0050
vn 0.4424 -0.8620 -0.2477
vn 0.7575 -0.4962 -0.4241
vn 0.8726 -0.0000 -0.4885
vn 0.8101 0.4955 -0.3134
vn 0.4744 0.8610 -0.1835
vn 0.0121 0.9999 -0.0047
vn -0.4562 0.8722 0.1764
vn -0.8040 0.5067 0.3110
vn -0.9327 -0.0000 0.3608
vn -0.8040 -0.5067 0.3110
vn -0.4562 -0.8722 0.1765
vn 0.0121 -0.9999 -0.0047
vn 0.4744 -0.8610 -0.1835
vn 0.8101 -0.4955 -0.3134
vn 0.9327 -0.0000 -0.3608
vn 0.8542 0.4945 -0.1607
vn 0.5021 0.8597 -0.0945
vn 0.0168 0.9999 -0.0032
vn -0.4768 0.8744 0.0897
vn -0.8457 0.5094 0.1591
vn -0.9828 -0.0000 0.1849
vn -0.8457 -0.5094 0.1591
vn -0.4768 -0.8744 0.0897
vn 0.0168 -0.9999 -0.0032
vn 0.5021 -0.8597 -0.0945
vn 0.8542 -0.4945 -0.1607
vn 0.9828 -0.0000 -0.1849
vn 0.8690 0.4925 0.0487
vn 0.5137 0.8575 0.0287
vn 0.0223 0.9998 0.0013
vn -0.4802 0.8768 -0.0260
vn -0.8578 0.5119 -0.0458
vn -0.9986 -0.0000 -0.0531
vn -0.8578 -0.5119 -0.0458
vn -0.4802 -0.8768 -0.0260
vn 0.0223 -0.9998 0.0013
vn 0.5137 -0.8575 0.0287
vn 0.8690 -0.4925 0.0487
vn 0.9984 -0.0000 0.0560
vn 0.8573 0.4867 0.1680
vn 0.5117 0.8533 0.0999
vn 0.0256 0.9997 0.0052
vn -0.4739 0.8759 -0.0908
vn -0.8455 0.5091 -0.1612
vn -0.9824 -0.0000 -0.1869
vn -0.8455 -0.5091 -0.1612
vn -0.4739 -0.8759 -0.0908
vn 0.0256 -0.9997 0.0052
vn 0.5117 -0.8533 0.0999
vn 0.8573 -0.4867 0.1680
vn 0.9813 -0.0000 0.1926
vt 0.000000 1.000000
vt 0.027778 1.000000
vt 0.027778 0.916667
vt 0.000000 0.916667
vt 0.000000 0.083333
vt 0.027778 0.083333
vt 0.027778 0.000000
vt 0.000000 0.000000
vt 0.000000 0.166667
vt 0.027778 0.166667
vt 0.000000 0.250000
vt 0.027778 0.250000
vt 0.000000 0.333333
vt 0.027778 0.333333
vt 0.000000 0.416667
vt 0.027778 0.416667
vt 0.000000 0.500000
vt 0.027778 0.500000
vt 0.000000 0.583333
vt 0.027778 0.583333
vt 0.000000 0.666667
vt 0.027778 0.666667
vt 0.000000 0.750000
vt 0.027778 0.750000
vt 0.000000 0.833333
vt 0.027778 0.833333
vt 0.055556 1.000000
vt 0.055556 0.916667
vt 0.055556 0.083333
vt 0.055556 0.000000
vt 0.055556 0.166667
vt 0.055556 0.250000
vt 0.055556 0.333333
vt 0.055556 0.416667
vt 0.055556 0.500000
vt 0.055556 0.583333
vt 0.055556 0.666667
vt 0.055556 0.750000
vt 0.055556 0.833333
vt 0.083333 1.000000
vt 0.083333 0.916667
vt 0.083333 0.083333
vt 0.083333 0.000000
vt 0.083333 0.166667
vt 0.083333 0.250000
vt 0.083333 0.333333
vt 0.083333 0.416667
vt 0.083333 0.500000
vt 0.083333 0.583333
vt 0.083333 0.666667
vt 0.083333 0.750000
vt 0.083333 0.833333
vt 0.111111 1.000000
vt 0.111111 0.916667
vt 0.111111 0.083333
vt 0.111111 0.000000
vt 0.111111 0.166667
vt 0.111111 0.250000
vt 0.111111 0.333333
vt 0.111111 0.416667
vt 0.111111 0.500000
vt 0.111111 0.583333
vt 0.111111 0.666667
vt 0.111111 0.750000
vt 0.111111 0.833333
vt 0.138889 1.000000
vt 0.138889 0.916667
vt 0.138889 0.083333
vt 0.138889 0.000000
vt 0.138889 0.166667
vt 0.138889 0.250000
vt 0.138889 0.333333
vt 0.138889 0.416667
vt 0.138889 0.500000
vt 0.138889 0.583333
vt 0.138889 0.666667
vt 0.138889 0.750000
vt 0.138889 0.833333
vt 0.166667 1.000000
vt 0.166667 0.916667
vt 0.166667 0.083333
vt 0.166667 0.000000
vt 0.166667 0.166667
vt 0.166667 0.250000
vt 0.166667 0.333333
vt 0.166667 0.416667
vt 0.166667 0.500000
vt 0.166667 0.583333
vt 0.166667 0.666667
vt 0.166667 0.750000
vt 0.166667 0.833333
vt 0.194444 1.000000
vt 0.194444 0.916667
vt 0.194444 0.083333
vt 0.194444 0.000000
vt 0.194444 0.166667
vt 0.194444 0.250000
vt 0.194444 0.333333
vt 0.194444 0.416667
vt 0.194444 0.500000
vt 0.194444 0.583333
vt 0.194444 0.666667
vt 0.194444 0.750000
vt 0.194444 0.833333
vt 0.222222 1.000000
vt 0.222222 0.916667
vt 0.222222 0.083333
vt 0.222222 0.000000
vt 0.222222 0.166667
vt 0.222222 0.250000
vt 0.222222 0.333333
vt 0.222222 0.416667
vt 0.222222 0.500000
vt 0.222222 0.583333
vt 0.222222 0.666667
vt 0.222222 0.750000
vt 0.222222 0.833333
vt 0.250000 1.000000
vt 0.250000 0.916667
vt 0.250000 0.083333
vt 0.250000 0.000000
vt 0.250000 0.166667
vt 0.250000 0.250000
vt 0.250000 0.333333
vt 0.250000 0.416667
vt 0.250000 0.500000
vt 0.250000 0.583333
vt 0.250000 0.666667
vt 0.250000 0.750000
vt 0.250000 0.833333
vt 0.277778 1.000000
vt 0.277778 0.916667
vt 0.277778 0.083333
vt 0.277778 0.000000
vt 0.277778 0.166667
vt 0.277778 0.250000
vt 0.277778 0.333333
vt 0.277778 0.416667
vt 0.277778 0.500000
vt 0.277778 0.583333
vt 0.277778 0.666667
vt 0.277778 0.750000
vt 0.277778 0.833333
vt 0.305556 1.000000
vt 0.305556 0.916667
vt 0.305556 0.083333
vt 0.305556 0.000000
vt 0.305556 0.166667
vt 0.305556 0.250000
vt 0.305556 0.333333
vt 0.305556 0.416667
vt 0.305556 0.500000
vt 0.305556 0.583333
vt 0.305556 0.666667
vt 0.305556 0.750000
vt 0.305556 0.833333
vt 0.333333 1.000000
vt 0.333333 0.916667
vt 0.333333 0.083333
vt 0.333333 0.000000
vt 0.333333 0.166667
vt 0.333333 0.250000
vt 0.333333 0.333333
vt 0.333333 0.416667
vt 0.333333 0.500000
vt 0.333333 0.583333
vt 0.333333 0.666667
vt 0.333333 0.750000
vt 0.333333 0.833333
vt 0.361111 1.000000
vt 0.361111 0.916667
vt 0.361111 0.083333
vt 0.361111 0.000000
vt 0.361111 0.166667
vt 0.361111 0.250000
vt 0.361111 0.333333
vt 0.361111 0.416667
vt 0.361111 0.500000
vt 0.361111 0.583333
vt 0.361111 0.666667
vt 0.361111 0.750000
vt 0.361111 0.833333
vt 0.388889 1.000000
vt 0.388889 0.916667
vt 0.388889 0.083333
vt 0.388889 0.000000
vt 0.388889 0.166667
vt 0.388889 0.250000
vt 0.388889 0.333333
vt 0.388889 0.416667
vt 0.388889 0.500000
vt 0.388889 0.583333
vt 0.388889 0.666667
vt 0.388889 0.750000
vt 0.388889 0.833333
vt 0.416667 1.000000
vt 0.416667 0.916667
vt 0.416667 0.083333
vt 0.416667 0.000000
vt 0.416667 0.166667
vt 0.416667 0.250000
vt 0.416667 0.333333
vt 0.416667 0.416667
vt 0.416667 0.500000
vt 0.416667 0.583333
vt 0.416667 0.666667
vt 0.416667 0.750000
vt 0.416667 0.833333
vt 0.444444 1.000000
vt 0.444444 0.916667
vt 0.444444 0.083333
vt 0.444444 0.000000
vt 0.444444 0.166667
vt 0.444444 0.250000
vt 0.444444 0.333333
vt 0.444444 0.416667
vt 0.444444 0.500000
vt 0.444444 0.583333
vt 0.444444 0.666667
vt 0.444444 0.750000
vt 0.444444 0.833333
vt 0.472222 1.000000
vt 0.472222 0.916667
vt 0.472222 0.083333
vt 0.472222 0.000000
vt 0.472222 0.166667
vt 0.472222 0.250000
vt 0.472222 0.333333
vt 0.472222 0.416667
vt 0.472222 0.500000
vt 0.472222 0.583333
vt 0.472222 0.666667
vt 0.472222 0.750000
vt 0.472222 0.833333
vt 0.500000 1.000000
vt 0.500000 0.916667
vt 0.500000 0.083333
vt 0.500000 0.000000
vt 0.500000 0.166667
vt 0.500000 0.250000
vt 0.500000 0.333333
vt 0.500000 0.416667
vt 0.500000 0.500000
vt 0.500000 0.583333
vt 0.500000 0.666667
vt 0.500000 0.750000
vt 0.500000 0.833333
vt 0.527778 1.000000
vt 0.527778 0.916667
vt 0.527778 0.083333
vt 0.527778 0.000000
vt 0.527778 0.166667
vt 0.527778 0.250000
vt 0.527778 0.333333
vt 0.527778 0.416667
vt 0.527778 0.500000
vt 0.527778 0.583333
vt 0.527778 0.666667
vt 0.527778 0.750000
vt 0.527778 0.833333
vt 0.555556 1.000000
vt 0.555556 0.916667
vt 0.555556 0.083333
vt 0.555556 0.000000
vt 0.555556 0.166667
vt 0.555556 0.250000
vt 0.555556 0.333333
vt 0.555556 0.416667
vt 0.555556 0.500000
vt 0.555556 0.583333
vt 0.555556 0.666667
vt 0.555556 0.750000
vt 0.555556 0.833333
vt 0.583333 1.000000
vt 0.583333 0.916667
vt 0.583333 0.083333
vt 0.583333 0.000000
vt 0.583333 0.166667
vt 0.583333 0.250000
vt 0.583333 0.333333
vt 0.583333 0.416667
vt 0.583333 0.500000
vt 0.583333 0.583333
vt 0.583333 0.666667
vt 0.583333 0.750000
vt 0.583333 0.833333
vt 0.611111 1.000000
vt 0.611111 0.916667
vt 0.611111 0.083333
vt 0.611111 0.000000
vt 0.611111 0.166667
vt 0.611111 0.250000
vt 0.611111 0.333333
vt 0.611111 0.416667
vt 0.611111 0.500000
vt 0.611111 0.583333
vt 0.611111 0.666667
vt 0.611111 0.750000
vt 0.611111 0.833333
vt 0.638889 1.000000
vt 0.638889 0.916667
vt 0.638889 0.083333
vt 0.638889 0.000000
vt 0.638889 0.166667
vt 0.638889 0.250000
vt 0.638889 0.333333
vt 0.638889 0.416667
vt 0.638889 0.500000
vt 0.638889 0.583333
vt 0.638889 0.666667
vt 0.638889 0.750000
vt 0.638889 0.833333
vt 0.666667 1.000000
vt 0.666667 0.916667
vt 0.666667 0.083333
vt 0.666667 0.000000
vt 0.666667 0.166667
vt 0.666667 0.250000
vt 0.666667 0.333333
vt 0.666667 0.416667
vt 0.666667 0.500000
vt 0.666667 0.583333
vt 0.666667 0.666667
vt 0.666667 0.750000
vt 0.666667 0.833333
vt 0.694444 1.000000
vt 0.694444 0.916667
vt 0.694444 0.083333
vt 0.694444 0.000000
vt 0.694444 0.166667
vt 0.694444 0.250000
vt 0.694444 0.333333
vt 0.694444 0.416667
vt 0.694444 0.500000
vt 0.694444 0.583333
vt 0.694444 0.666667
vt 0.694444 0.750000
vt 0.694444 0.833333
vt 0.722222 1.000000
vt 0.722222 0.916667
vt 0.722222 0.083333
vt 0.722222 0.000000
vt 0.722222 0.166667
vt 0.722222 0.250000
vt 0.722222 0.333333
vt 0.722222 0.416667
vt 0.722222 0.500000
vt 0.722222 0.583333
vt 0.722222 0.666667
vt 0.722222 0.750000
vt 0.722222 0.833333
vt 0.750000 1.000000
vt 0.750000 0.916667
vt 0.750000 0.083333
vt 0.750000 0.000000
vt 0.750000 0.166667
vt 0.750000 0.250000
vt 0.750000 0.333333
vt 0.750000 0.416667
vt 0.750000 0.500000
vt 0.750000 0.583333
vt 0.750000 0.666667
vt 0.750000 0.750000
vt 0.750000 0.833333
vt 0.777778 1.000000
vt 0.777778 0.916667
vt 0.777778 0.083333
vt 0.777778 0.000000
vt 0.777778 0.166667
vt 0.777778 0.250000
vt 0.777778 0.333333
vt 0.777778 0.416667
vt 0.777778 0.500000
vt 0.777778 0.583333
vt 0.777778 0.666667
vt 0.777778 0.750000
vt 0.777778 0.833333
vt 0.805556 1.000000
vt 0.805556 0.916667
vt 0.805556 0.083333
vt 0.805556 0.000000
vt 0.805556 0.166667
vt 0.805556 0.250000
vt 0.805556 0.333333
vt 0.805556 0.416667
vt 0.805556 0.500000
vt 0.805556 0.583333
vt 0.805556 0.666667
vt 0.805556 0.750000
vt 0.805556 0.833333
vt 0.833333 1.000000
vt 0.833333 0.916667
vt 0.833333 0.083333
vt 0.833333 0.000000
vt 0.833333 0.166667
vt 0.833333 0.250000
vt 0.833333 0.333333
vt 0.833333 0.416667
vt 0.833333 0.500000
vt 0.833333 0.583333
vt 0.833333 0.666667
vt 0.833333 0.750000
vt 0.833333 0.833333
vt 0.861111 1.000000
vt 0.861111 0.916667
vt 0.861111 0.083333
vt 0.861111 0.000000
vt 0.861111 0.166667
vt 0.861111 0.250000
vt 0.861111 0.333333
vt 0.861111 0.416667
vt 0.861111 0.500000
vt 0.861111 0.583333
vt 0.861111 0.666667
vt 0.861111 0.750000
vt 0.861111 0.833333
vt 0.888889 1.000000
vt 0.888889 0.916667
vt 0.888889 0.083333
vt 0.888889 0.000000
vt 0.888889 0.166667
vt 0.888889 0.250000
vt 0.888889 0.333333
vt 0.888889 0.416667
vt 0.888889 0.500000
vt 0.888889 0.583333
vt 0.888889 0.666667
vt 0.888889 0.750000
vt 0.888889 0.833333
vt 0.916667 1.000000
vt 0.916667 0.916667
vt 0.916667 0.083333
vt 0.916667 0.000000
vt 0.916667 0.166667
vt 0.916667 0.250000
vt 0.916667 0.333333
vt 0.916667 0.416667
vt 0.916667 0.500000
vt 0.916667 0.583333
vt 0.916667 0.666667
vt 0.916667 0.750000
vt 0.916667 0.833333
vt 0.944444 1.000000
vt 0.944444 0.916667
vt 0.944444 0.083333
vt 0.944444 0.000000
vt 0.944444 0.166667
vt 0.944444 0.250000
vt 0.944444 0.333333
vt 0.944444 0.416667
vt 0.944444 0.500000
vt 0.944444 0.583333
vt 0.944444 0.666667
vt 0.944444 0.750000
vt 0.944444 0.833333
vt 0.972222 1.000000
vt 0.972222 0.916667
vt 0.972222 0.083333
vt 0.972222 0.000000
vt 0.972222 0.166667
vt 0.972222 0.250000
vt 0.972222 0.333333
vt 0.972222 0.416667
vt 0.972222 0.500000
vt 0.972222 0.583333
vt 0.972222 0.666667
vt 0.972222 0.750000
vt 0.972222 0.833333
vt 1.000000 1.000000
vt 1.000000 0.916667
vt 1.000000 0.083333
vt 1.000000 0.000000
vt 1.000000 0.166667
vt 1.000000 0.250000
vt 1.000000 0.333333
vt 1.000000 0.416667
vt 1.000000 0.500000
vt 1.000000 0.583333
vt 1.000000 0.666667
vt 1.000000 0.750000
vt 1.000000 0.833333
s 1
f 445/482/445 457/483/457 468/484/468 456/485/456
f 446/486/446 458/487/458 457/488/457 445/489/445
f 447/490/447 459/491/459 458/487/458 446/486/446
f 448/492/448 460/493/460 459/491/459 447/490/447
f 449/494/449 461/495/461 460/493/460 448/492/448
f 450/496/450 462/497/462 461/495/461 449/494/449
f 451/498/451 463/499/463 462/497/462 450/496/450
f 452/500/452 464/501/464 463/499/463 451/498/451
f 453/502/453 465/503/465 464/501/464 452/500/452
f 454/504/454 466/505/466 465/503/465 453/502/453
f 455/506/455 467/507/467 466/505/466 454/504/454
f 456/485/456 468/484/468 467/507/467 455/506/455
f 457/483/457 469/508/469 480/509/480 468/484/468
f 458/487/458 470/510/470 469/511/469 457/488/457
f 459/491/459 471/512/471 470/510/470 458/487/458
f 460/493/460 472/513/472 471/512/471 459/491/459
f 461/495/461 473/514/473 472/513/472 460/493/460
f 462/497/462 474/515/474 473/514/473 461/495/461
f 463/499/463 475/516/475 474/515/474 462/497/462
f 464/501/464 476/517/476 475/516/475 463/499/463
f 465/503/465 477/518/477 476/517/476 464/501/464
f 466/505/466 478/519/478 477/518/477 465/503/465
f 467/507/467 479/520/479 478/519/478 466/505/466
f 468/484/468 480/509/480 479/520/479 467/507/467
f 469/508/469 481/521/481 492/522/492 480/509/480
f 470/510/470 482/523/482 481/524/481 469/511/469
f 471/512/471 483/525/483 482/523/482 470/510/470
f 472/513/472 484/526/484 483/525/483 471/512/471
f 473/514/473 485/527/485 484/526/484 472/513/472
f 474/515/474 486/528/486 485/527/485 473/514/473
f 475/516/475 487/529/487 486/528/486 474/515/474
f 476/517/476 488/530/488 487/529/487 475/516/475
f 477/518/477 489/531/489 488/530/488 476/517/476
f 478/519/478 490/532/490 489/531/489 477/518/477
f 479/520/479 491/533/491 490/532/490 478/519/478
f 480/509/480 492/522/492 491/533/491 479/520/479
f 481/521/481 493/534/493 504/535/504 492/522/492
f 482/523/482 494/536/494 493/537/493 481/524/481
f 483/525/483 495/538/495 494/536/494 482/523/482
f 484/526/484 496/539/496 495/538/495 483/525/483
f 485/527/485 497/540/497 496/539/496 484/526/484
f 486/528/486 498/541/498 497/540/497 485/527/485
f 487/529/487 499/542/499 498/541/498 486/528/486
f 488/530/488 500/543/500 499/542/499 487/529/487
f 489/531/489 501/544/501 500/543/500 488/530/488
f 490/532/490 502/545/502 501/544/501 489/531/489
f 491/533/491 503/546/503 502/545/502 490/532/490
f 492/522/492 504/535/504 503/546/503 491/533/491
f 493/534/493 505/547/505 516/548/516 504/535/504
f 494/536/494 506/549/506 505/550/505 493/537/493
f 495/538/495 507/551/507 506/549/506 494/536/494
f 496/539/496 508/552/508 507/551/507 495/538/495
f 497/540/497 509/553/509 508/552/508 496/539/496
f 498/541/498 510/554/510 509/553/509 497/540/497
f 499/542/499 511/555/511 510/554/510 498/541/498
f 500/543/500 512/556/512 511/555/511 499/542/499
f 501/544/501 513/557/513 512/556/512 500/543/500
f 502/545/502 514/558/514 513/557/513 501/544/501
f 503/546/503 515/559/515 514/558/514 502/545/502
f 504/535/504 516/548/516 515/559/515 503/546/503
f 505/547/505 517/560/517 528/561/528 516/548/516
f 506/549/506 518/562/518 517/563/517 505/550/505
f 507/551/507 519/564/519 518/562/518 506/549/506
f 508/552/508 520/565/520 519/564/519 507/551/507
f 509/553/509 521/566/521 520/565/520 508/552/508
f 510/554/510 522/567/522 521/566/521 509/553/509
f 511/555/511 523/568/523 522/567/522 510/554/510
f 512/556/512 524/569/524 523/568/523 511/555/511
f 513/557/513 525/570/525 524/569/524 512/556/512
f 514/558/514 526/571/526 525/570/525 513/557/513
f 515/559/515 527/572/527 526/571/526 514/558/514
f 516/548/516 528/561/528 527/572/527 515/559/515
f 517/560/517 529/573/529 540/574/540 528/561/528
f 518/562/518 530/575/530 529/576/529 517/563/517
f 519/564/519 531/577/531 530/575/530 518/562/518
f 520/565/520 532/578/532 531/577/531 519/564/519
f 521/566/521 533/579/533 532/578/532 520/565/520
f 522/567/522 534/580/534 533/579/533 521/566/521
f 523/568/523 535/581/535 534/580/534 522/567/522
f 524/569/524 536/582/536 535/581/535 523/568/523
f 525/570/525 537/583/537 536/582/536 524/569/524
f 526/571/526 538/584/538 537/583/537 525/570/525
f 527/572/527 539/585/539 538/584/538 526/571/526
f 528/561/528 540/574/540 539/585/539 527/572/527
f 529/573/529 541/586/541 552/587/552 540/574/540
f 530/575/530 542/588/542 541/589/541 529/576/529
f 531/577/531 543/590/543 542/588/542 530/575/530
f 532/578/532 544/591/544 543/590/543 531/577/531
f 533/579/533 545/592/545 544/591/544 532/578/532
f 534/580/534 546/593/546 545/592/545 533/579/533
f 535/581/535 547/594/547 546/593/546 534/580/534
f 536/582/536 548/595/548 547/594/547 535/581/535
f 537/583/537 549/596/549 548/595/548 536/582/536
f 538/584/538 550/597/550 549/596/549 537/583/537
f 539/585/539 551/598/551 550/597/550 538/584/538
f 540/574/540 552/587/552 551/598/551 539/585/539
f 541/586/541 553/599/553 564/600/564 552/587/552
f 542/588/542 554/601/554 553/602/553 541/589/541
f 543/590/543 555/603/555 554/601/554 542/588/542
f 544/591/544 556/604/556 555/603/555 543/590/543
f 545/592/545 557/605/557 556/604/556 544/591/544
f 546/593/546 558/606/558 557/605/557 545/592/545
f 547/594/547 559/607/559 558/606/558 546/593/546
f 548/595/548 560/608/560 559/607/559 547/594/547
f 549/596/549 561/609/561 560/608/560 548/595/548
f 550/597/550 562/610/562 561/609/561 549/596/549
f 551/598/551 563/611/563 562/610/562 550/597/550
f 552/587/552 564/600/564 563/611/563 551/598/551
f 553/599/553 565/612/565 576/613/576 564/600/564
f 554/601/554 566/614/566 565/615/565 553/602/553
f 555/603/555 567/616/567 566/614/566 554/601/554
f 556/604/556 568/617/568 567/616/567 555/603/555
f 557/605/557 569/618/569 568/617/568 556/604/556
f 558/606/558 570/619/570 569/618/569 557/605/557
f 559/607/559 571/620/571 570/619/570 558/606/558
f 560/608/560 572/621/572 571/620/571 559/607/559
f 561/609/561 573/622/573 572/621/572 560/608/560
f 562/610/562 574/623/574 573/622/573 561/609/561
f 563/611/563 575/624/575 574/623/574 562/610/562
f 564/600/564 576/613/576 575/624/575 563/611/563
f 565/612/565 577/625/577 588/626/588 576/613/576
f 566/614/566 578/627/578 577/628/577 565/615/565
f 567/616/567 579/629/579 578/627/578 566/614/566
f 568/617/568 580/630/580 579/629/579 567/616/567
f 569/618/569 581/631/581 580/630/580 568/617/568
f 570/619/570 582/632/582 581/631/581 569/618/569
f 571/620/571 583/633/583 582/632/582 570/619/570
f 572/621/572 584/634/584 583/633/583 571/620/571
f 573/622/573 585/635/585 584/634/584 572/621/572
f 574/623/574 586/636/586 585/635/585 573/622/573
f 575/624/575 587/637/587 586/636/586 574/623/574
f 576/613/576 588/626/588 587/637/587 575/624/575
f 577/625/577 589/638/589 600/639/600 588/626/588
f 578/627/578 590/640/590 589/641/589 577/628/577
f 579/629/579 591/642/591 590/640/590 578/627/578
f 580/630/580 592/643/592 591/642/591 579/629/579
f 581/631/581 593/644/593 592/643/592 580/630/580
f 582/632/582 594/645/594 593/644/593 581/631/581
f 583/633/583 595/646/595 594/645/594 582/632/582
f 584/634/584 596/647/596 595/646/595 583/633/583
f 585/635/585 597/648/597 596/647/596 584/634/584
f 586/636/586 598/649/598 597/648/597 585/635/585
f 587/637/587 599/650/599 598/649/598 586/636/586
f 588/626/588 600/639/600 599/650/599 587/637/587
f 589/638/589 601/651/601 612/652/612 600/639/600
f 590/640/590 602/653/602 601/654/601 589/641/589
f 591/642/591 603/655/603 602/653/602 590/640/590
f 592/643/592 604/656/604 603/655/603 591/642/591
f 593/644/593 605/657/605 604/656/604 592/643/592
f 594/645/594 606/658/606 605/657/605 593/644/593
f 595/646/595 607/659/607 606/658/606 594/645/594
f 596/647/596 608/660/608 607/659/607 595/646/595
f 597/648/597 609/661/609 608/660/608 596/647/596
f 598/649/598 610/662/610 609/661/609 597/648/597
f 599/650/599 611/663/611 610/662/610 598/649/598
f 600/639/600 612/652/612 611/663/611 599/650/599
f 601/651/601 613/664/613 624/665/624 612/652/612
f 602/653/602 614/666/614 613/667/613 601/654/601
f 603/655/603 615/668/615 614/666/614 602/653/602
f 604/656/604 616/669/616 615/668/615 603/655/603
f 605/657/605 617/670/617 616/669/616 604/656/604
f 606/658/606 618/671/618 617/670/617 605/657/605
f 607/659/607 619/672/619 618/671/618 606/658/606
f 608/660/608 620/673/620 619/672/619 607/659/607
f 609/661/609 621/674/621 620/673/620 608/660/608
f 610/662/610 622/675/622 621/674/621 609/661/609
f 611/663/611 623/676/623 622/675/622 610/662/610
f 612/652/612 624/665/624 623/676/623 611/663/611
f 613/664/613 625/677/625 636/678/636 624/665/624
f 614/666/614 626/679/626 625/680/625 613/667/613
f 615/668/615 627/681/627 626/679/626 614/666/614
f 616/669/616 628/682/628 627/681/627 615/668/615
f 617/670/617 629/683/629 628/682/628 616/669/616
f 618/671/618 630/684/630 629/683/629 617/670/617
f 619/672/619 631/685/631 630/684/630 618/671/618
f 620/673/620 632/686/632 631/685/631 619/672/619
f 621/674/621 633/687/633 632/686/632 620/673/620
f 622/675/622 634/688/634 633/687/633 621/674/621
f 623/676/623 635/689/635 634/688/634 622/675/622
f 624/665/624 636/678/636 635/689/635 623/676/623
f 625/677/625 637/690/637 648/691/648 636/678/636
f 626/679/626 638/692/638 637/693/637 625/680/625
f 627/681/627 639/694/639 638/692/638 626/679/626
f 628/682/628 640/695/640 639/694/639 627/681/627
f 629/683/629 641/696/641 640/695/640 628/682/628
f 630/684/630 642/697/642 641/696/641 629/683/629
f 631/685/631 643/698/643 642/697/642 630/684/630
f 632/686/632 644/699/644 643/698/643 631/685/631
f 633/687/633 645/700/645 644/699/644 632/686/632
f 634/688/634 646/701/646 645/700/645 633/687/633
f 635/689/635 647/702/647 646/701/646 634/688/634
f 636/678/636 648/691/648 647/702/647 635/689/635
f 637/690/637 649/703/649 660/704/660 648/691/648
f 638/692/638 650/705/650 649/706/649 637/693/637
f 639/694/639 651/707/651 650/705/650 638/692/638
f 640/695/640 652/708/652 651/707/651 639/694/639
f 641/696/641 653/709/653 652/708/652 640/695/640
f 642/697/642 654/710/654 653/709/653 641/696/641
f 643/698/643 655/711/655 654/710/654 642/697/642
f 644/699/644 656/712/656 655/711/655 643/698/643
f 645/700/645 657/713/657 656/712/656 644/699/644
f 646/701/646 658/714/658 657/713/657 645/700/645
f 647/702/647 659/715/659 658/714/658 646/701/646
f 648/691/648 660/704/660 659/715/659 647/702/647
f 649/703/649 661/716/661 672/717/672 660/704/660
f 650/705/650 662/718/662 661/719/661 649/706/649
f 651/707/651 663/720/663 662/718/662 650/705/650
f 652/708/652 664/721/664 663/720/663 651/707/651
f 653/709/653 665/722/665 664/721/664 652/708/652
f 654/710/654 666/723/666 665/722/665 653/709/653
f 655/711/655 667/724/667 666/723/666 654/710/654
f 656/712/656 668/725/668 667/724/667 655/711/655
f 657/713/657 669/726/669 668/725/668 656/712/656
f 658/714/658 670/727/670 669/726/669 657/713/657
f 659/715/659 671/728/671 670/727/670 658/714/658
f 660/704/660 672/717/672 671/728/671 659/715/659
f 661/716/661 673/729/673 684/730/684 672/717/672
f 662/718/662 674/731/674 673/732/673 661/719/661
f 663/720/663 675/733/675 674/731/674 662/718/662
f 664/721/664 676/734/676 675/733/675 663/720/663
f 665/722/665 677/735/677 676/734/676 664/721/664
f 666/723/666 678/736/678 677/735/677 665/722/665
f 667/724/667 679/737/679 678/736/678 666/723/666
f 668/725/668 680/738/680 679/737/679 667/724/667
f 669/726/669 681/739/681 680/738/680 668/725/668
f 670/727/670 682/740/682 681/739/681 669/726/669
f 671/728/671 683/741/683 682/740/682 670/727/670
f 672/717/672 684/730/684 683/741/683 671/728/671
f 673/729/673 685/742/685 696/743/696 684/730/684
f 674/731/674 686/744/686 685/745/685 673/732/673
f 675/733/675 687/746/687 686/744/686 674/731/674
f 676/734/676 688/747/688 687/746/687 675/733/675
f 677/735/677 689/748/689 688/747/688 676/734/676
f 678/736/678 690/749/690 689/748/689 677/735/677
f 679/737/679 691/750/691 690/749/690 678/736/678
f 680/738/680 692/751/692 691/750/691 679/737/679
f 681/739/681 693/752/693 692/751/692 680/738/680
f 682/740/682 694/753/694 693/752/693 681/739/681
f 683/741/683 695/754/695 694/753/694 682/740/682
f 684/730/684 696/743/696 695/754/695 683/741/683
f 685/742/685 697/755/697 708/756/708 696/743/696
f 686/744/686 698/757/698 697/758/697 685/745/685
f 687/746/687 699/759/699 698/757/698 686/744/686
f 688/747/688 700/760/700 699/759/699 687/746/687
f 689/748/689 701/761/701 700/760/700 688/747/688
f 690/749/690 702/762/702 701/761/701 689/748/689
f 691/750/691 703/763/703 702/762/702 690/749/690
f 692/751/692 704/764/704 703/763/703 691/750/691
f 693/752/693 705/765/705 704/764/704 692/751/692
f 694/753/694 706/766/706 705/765/705 693/752/693
f 695/754/695 707/767/707 706/766/706 694/753/694
f 696/743/696 708/756/708 707/767/707 695/754/695
f 697/755/697 709/768/709 720/769/720 708/756/708
f 698/757/698 710/770/710 709/771/709 697/758/697
f 699/759/699 711/772/711 710/770/710 698/757/698
f 700/760/700 712/773/712 711/772/711 699/759/699
f 701/761/701 713/774/713 712/773/712 700/760/700
f 702/762/702 714/775/714 713/774/713 701/761/701
f 703/763/703 715/776/715 714/775/714 702/762/702
f 704/764/704 716/777/716 715/776/715 703/763/703
f 705/765/705 717/778/717 716/777/716 704/764/704
f 706/766/706 718/779/718 717/778/717 705/765/705
f 707/767/707 719/780/719 718/779/718 706/766/706
f 708/756/708 720/769/720 719/780/719 707/767/707
f 709/768/709 721/781/721 732/782/732 720/769/720
f 710/770/710 722/783/722 721/784/721 709/771/709
f 711/772/711 723/785/723 722/783/722 710/770/710
f 712/773/712 724/786/724 723/785/723 711/772/711
f 713/774/713 725/787/725 724/786/724 712/773/712
f 714/775/714 726/788/726 725/787/725 713/774/713
f 715/776/715 727/789/727 726/788/726 714/775/714
f 716/777/716 728/790/728 727/789/727 715/776/715
f 717/778/717 729/791/729 728/790/728 716/777/716
f 718/779/718 730/792/730 729/791/729 717/778/717
f 719/780/719 731/793/731 730/792/730 718/779/718
f 720/769/720 732/782/732 731/793/731 719/780/719
f 721/781/721 733/794/733 744/795/744 732/782/732
f 722/783/722 734/796/734 733/797/733 721/784/721
f 723/785/723 735/798/735 734/796/734 722/783/722
f 724/786/724 736/799/736 735/798/735 723/785/723
f 725/787/725 737/800/737 736/799/736 724/786/724
f 726/788/726 738/801/738 737/800/737 725/787/725
f 727/789/727 739/802/739 738/801/738 726/788/726
f 728/790/728 740/803/740 739/802/739 727/789/727
f 729/791/729 741/804/741 740/803/740 728/790/728
f 730/792/730 742/805/742 741/804/741 729/791/729
f 731/793/731 743/806/743 742/805/742 730/792/730
f 732/782/732 744/795/744 743/806/743 731/793/731
f 733/794/733 745/807/745 756/808/756 744/795/744
f 734/796/734 746/809/746 745/810/745 733/797/733
f 735/798/735 747/811/747 746/809/746 734/796/734
f 736/799/736 748/812/748 747/811/747 735/798/735
f 737/800/737 749/813/749 748/812/748 736/799/736
f 738/801/738 750/814/750 749/813/749 737/800/737
f 739/802/739 751/815/751 750/814/750 738/801/738
f 740/803/740 752/816/752 751/815/751 739/802/739
f 741/804/741 753/817/753 752/816/752 740/803/740
f 742/805/742 754/818/754 753/817/753 741/804/741
f 743/806/743 755/819/755 754/818/754 742/805/742
f 744/795/744 756/808/756 755/819/755 743/806/743
f 745/807/745 757/820/757 768/821/768 756/808/756
f 746/809/746 758/822/758 757/823/757 745/810/745
f 747/811/747 759/824/759 758/822/758 746/809/746
f 748/812/748 760/825/760 759/824/759 747/811/747
f 749/813/749 761/826/761 760/825/760 748/812/748
f 750/814/750 762/827/762 761/826/761 749/813/749
f 751/815/751 763/828/763 762/827/762 750/814/750
f 752/816/752 764/829/764 763/828/763 751/815/751
f 753/817/753 765/830/765 764/829/764 752/816/752
f 754/818/754 766/831/766 765/830/765 753/817/753
f 755/819/755 767/832/767 766/831/766 754/818/754
f 756/808/756 768/821/768 767/832/767 755/819/755
f 757/820/757 769/833/769 780/834/780 768/821/768
f 758/822/758 770/835/770 769/836/769 757/823/757
f 759/824/759 771/837/771 770/835/770 758/822/758
f 760/825/760 772/838/772 771/837/771 759/824/759
f 761/826/761 773/839/773 772/838/772 760/825/760
f 762/827/762 774/840/774 773/839/773 761/826/761
f 763/828/763 775/841/775 774/840/774 762/827/762
f 764/829/764 776/842/776 775/841/775 763/828/763
f 765/830/765 777/843/777 776/842/776 764/829/764
f 766/831/766 778/844/778 777/843/777 765/830/765
f 767/832/767 779/845/779 778/844/778 766/831/766
f 768/821/768 780/834/780 779/845/779 767/832/767
f 769/833/769 781/846/781 792/847/792 780/834/780
f 770/835/770 782/848/782 781/849/781 769/836/769
f 771/837/771 783/850/783 782/848/782 770/835/770
f 772/838/772 784/851/784 783/850/783 771/837/771
f 773/839/773 785/852/785 784/851/784 772/838/772
f 774/840/774 786/853/786 785/852/785 773/839/773
f 775/841/775 787/854/787 786/853/786 774/840/774
f 776/842/776 788/855/788 787/854/787 775/841/775
f 777/843/777 789/856/789 788/855/788 776/842/776
f 778/844/778 790/857/790 789/856/789 777/843/777
f 779/845/779 791/858/791 790/857/790 778/844/778
f 780/834/780 792/847/792 791/858/791 779/845/779
f 781/846/781 793/859/793 804/860/804 792/847/792
f 782/848/782 794/861/794 793/862/793 781/849/781
f 783/850/783 795/863/795 794/861/794 782/848/782
f 784/851/784 796/864/796 795/863/795 783/850/783
f 785/852/785 797/865/797 796/864/796 784/851/784
f 786/853/786 798/866/798 797/865/797 785/852/785
f 787/854/787 799/867/799 798/866/798 786/853/786
f 788/855/788 800/868/800 799/867/799 787/854/787
f 789/856/789 801/869/801 800/868/800 788/855/788
f 790/857/790 802/870/802 801/869/801 789/856/789
f 791/858/791 803/871/803 802/870/802 790/857/790
f 792/847/792 804/860/804 803/871/803 791/858/791
f 793/859/793 805/872/805 816/873/816 804/860/804
f 794/861/794 806/874/806 805/875/805 793/862/793
f 795/863/795 807/876/807 806/874/806 794/861/794
f 796/864/796 808/877/808 807/876/807 795/863/795
f 797/865/797 809/878/809 808/877/808 796/864/796
f 798/866/798 810/879/810 809/878/809 797/865/797
f 799/867/799 811/880/811 810/879/810 798/866/798
f 800/868/800 812/881/812 811/880/811 799/867/799
f 801/869/801 813/882/813 812/881/812 800/868/800
f 802/870/802 814/883/814 813/882/813 801/869/801
f 803/871/803 815/884/815 814/883/814 802/870/802
f 804/860/804 816/873/816 815/884/815 803/871/803
f 805/872/805 817/885/817 828/886/828 816/873/816
f 806/874/806 818/887/818 817/888/817 805/875/805
f 807/876/807 819/889/819 818/887/818 806/874/806
f 808/877/808 820/890/820 819/889/819 807/876/807
f 809/878/809 821/891/821 820/890/820 808/877/808
f 810/879/810 822/892/822 821/891/821 809/878/809
f 811/880/811 823/893/823 822/892/822 810/879/810
f 812/881/812 824/894/824 823/893/823 811/880/811
f 813/882/813 825/895/825 824/894/824 812/881/812
f 814/883/814 826/896/826 825/895/825 813/882/813
f 815/884/815 827/897/827 826/896/826 814/883/814
f 816/873/816 828/886/828 827/897/827 815/884/815
f 817/885/817 829/898/829 840/899/840 828/886/828
f 818/887/818 830/900/830 829/901/829 817/888/817
f 819/889/819 831/902/831 830/900/830 818/887/818
f 820/890/820 832/903/832 831/902/831 819/889/819
f 821/891/821 833/904/833 832/903/832 820/890/820
f 822/892/822 834/905/834 833/904/833 821/891/821
f 823/893/823 835/906/835 834/905/834 822/892/822
f 824/894/824 836/907/836 835/906/835 823/893/823
f 825/895/825 837/908/837 836/907/836 824/894/824
f 826/896/826 838/909/838 837/908/837 825/895/825
f 827/897/827 839/910/839 838/909/838 826/896/826
f 828/886/828 840/899/840 839/910/839 827/897/827
f 829/898/829 841/911/841 852/912/852 840/899/840
f 830/900/830 842/913/842 841/914/841 829/901/829
f 831/902/831 843/915/843 842/913/842 830/900/830
f 832/903/832 844/916/844 843/915/843 831/902/831
f 833/904/833 845/917/845 844/916/844 832/903/832
f 834/905/834 846/918/846 845/917/845 833/904/833
f 835/906/835 847/919/847 846/918/846 834/905/834
f 836/907/836 848/920/848 847/919/847 835/906/835
f 837/908/837 849/921/849 848/920/848 836/907/836
f 838/909/838 850/922/850 849/921/849 837/908/837
f 839/910/839 851/923/851 850/922/850 838/909/838
f 840/899/840 852/912/852 851/923/851 839/910/839
f 841/911/841 853/924/853 864/925/864 852/912/852
f 842/913/842 854/926/854 853/927/853 841/914/841
f 843/915/843 855/928/855 854/926/854 842/913/842
f 844/916/844 856/929/856 855/928/855 843/915/843
f 845/917/845 857/930/857 856/929/856 844/916/844
f 846/918/846 858/931/858 857/930/857 845/917/845
f 847/919/847 859/932/859 858/931/858 846/918/846
f 848/920/848 860/933/860 859/932/859 847/919/847
f 849/921/849 861/934/861 860/933/860 848/920/848
f 850/922/850 862/935/862 861/934/861 849/921/849
f 851/923/851 863/936/863 862/935/862 850/922/850
f 852/912/852 864/925/864 863/936/863 851/923/851
f 853/924/853 865/937/865 876/938/876 864/925/864
f 854/926/854 866/939/866 865/940/865 853/927/853
f 855/928/855 867/941/867 866/939/866 854/926/854
f 856/929/856 868/942/868 867/941/867 855/928/855
f 857/930/857 869/943/869 868/942/868 856/929/856
f 858/931/858 870/944/870 869/943/869 857/930/857
f 859/932/859 871/945/871 870/944/870 858/931/858
f 860/933/860 872/946/872 871/945/871 859/932/859
f 861/934/861 873/947/873 872/946/872 860/933/860
f 862/935/862 874/948/874 873/947/873 861/934/861
f 863/936/863 875/949/875 874/948/874 862/935/862
f 864/925/864 876/938/876 875/949/875 863/936/863
f 865/937/865 877/950/877 888/951/888 876/938/876
f 866/939/866 878/952/878 877/953/877 865/940/865
f 867/941/867 879/954/879 878/952/878 866/939/866
f 868/942/868 880/955/880 879/954/879 867/941/867
f 869/943/869 881/956/881 880/955/880 868/942/868
f 870/944/870 882/957/882 881/956/881 869/943/869
f 871/945/871 883/958/883 882/957/882 870/944/870
f 872/946/872 884/959/884 883/958/883 871/945/871
f 873/947/873 885/960/885 884/959/884 872/946/872
f 874/948/874 886/961/886 885/960/885 873/947/873
f 875/949/875 887/962/887 886/961/886 874/948/874
f 876/938/876 888/951/888 887/962/887 875/949/875
