# Blender 5.0.1
# www.blender.org
mtllib svetlo.mtl
o svetlo
v 0.000000 0.177094 -0.041713
v 0.000000 0.170648 0.030865
v 0.067771 0.163613 -0.041713
v 0.065304 0.157658 0.030865
v 0.125224 0.125224 -0.041713
v 0.120667 0.120667 0.030865
v 0.163613 0.067771 -0.041713
v 0.157658 0.065304 0.030865
v 0.177094 0.000000 -0.041713
v 0.170648 -0.000000 0.030865
v 0.163613 -0.067771 -0.041713
v 0.157658 -0.065304 0.030865
v 0.125224 -0.125224 -0.041713
v 0.120667 -0.120667 0.030865
v 0.067771 -0.163613 -0.041713
v 0.065304 -0.157658 0.030865
v 0.000000 -0.177094 -0.041713
v 0.000000 -0.170648 0.030865
v -0.067771 -0.163613 -0.041713
v -0.065304 -0.157658 0.030865
v -0.125224 -0.125224 -0.041713
v -0.120667 -0.120667 0.030865
v -0.163613 -0.067771 -0.041713
v -0.157658 -0.065304 0.030865
v -0.177094 0.000000 -0.041713
v -0.170648 -0.000000 0.030865
v -0.163613 0.067771 -0.041713
v -0.157658 0.065304 0.030865
v -0.125224 0.125224 -0.041713
v -0.120667 0.120667 0.030865
v -0.067771 0.163613 -0.041713
v -0.065304 0.157658 0.030865
v 0.000000 0.173030 0.000000
v 0.000000 0.143869 0.096130
v 0.000000 0.096130 0.143869
v 0.000000 0.033756 0.169705
v 0.000000 0.000000 0.173030
v 0.000000 -0.033756 0.169705
v 0.000000 -0.096130 0.143869
v 0.000000 -0.173030 0.000000
v -0.006586 0.169705 0.033108
v -0.012918 0.159859 0.064943
v -0.018754 0.143869 0.094283
v -0.023869 0.122351 0.120000
v -0.028067 0.096130 0.141105
v -0.031187 0.066216 0.156787
v -0.033108 0.033756 0.166444
v -0.033756 0.000000 0.169705
v -0.033108 -0.033756 0.166444
v -0.031187 -0.066216 0.156787
v -0.028067 -0.096130 0.141105
v -0.023869 -0.122351 0.120000
v -0.018754 -0.143869 0.094283
v -0.012918 -0.159859 0.064943
v -0.006586 -0.169705 0.033108
v -0.012918 0.169705 0.031187
v -0.025340 0.159859 0.061175
v -0.036787 0.143869 0.088813
v -0.046821 0.122351 0.113037
v -0.055056 0.096130 0.132918
v -0.061175 0.066216 0.147690
v -0.064943 0.033756 0.156787
v -0.066216 0.000000 0.159859
v -0.064943 -0.033756 0.156787
v -0.061175 -0.066216 0.147690
v -0.055056 -0.096130 0.132918
v -0.046821 -0.122351 0.113037
v -0.036787 -0.143869 0.088813
v -0.025340 -0.159859 0.061175
v -0.012918 -0.169705 0.031187
v -0.018754 0.169705 0.028067
v -0.036787 0.159859 0.055056
v -0.053407 0.143869 0.079929
v -0.067974 0.122351 0.101731
v -0.079929 0.096130 0.119623
v -0.088813 0.066216 0.132918
v -0.094283 0.033756 0.141105
v -0.096130 0.000000 0.143869
v -0.094283 -0.033756 0.141105
v -0.088813 -0.066216 0.132918
v -0.079929 -0.096130 0.119623
v -0.067974 -0.122351 0.101731
v -0.053407 -0.143869 0.079929
v -0.036787 -0.159859 0.055056
v -0.018754 -0.169705 0.028067
v -0.023869 0.169705 0.023869
v -0.046822 0.159859 0.046822
v -0.067974 0.143869 0.067974
v -0.086515 0.122351 0.086515
v -0.101731 0.096130 0.101731
v -0.113037 0.066216 0.113037
v -0.120000 0.033756 0.120000
v -0.122351 0.000000 0.122351
v -0.120000 -0.033756 0.120000
v -0.113037 -0.066216 0.113037
v -0.101731 -0.096130 0.101731
v -0.086515 -0.122351 0.086515
v -0.067974 -0.143869 0.067974
v -0.046822 -0.159859 0.046822
v -0.023869 -0.169705 0.023869
v -0.028067 0.169705 0.018754
v -0.055056 0.159859 0.036787
v -0.079929 0.143869 0.053407
v -0.101731 0.122351 0.067974
v -0.119623 0.096130 0.079929
v -0.132918 0.066216 0.088813
v -0.141105 0.033756 0.094283
v -0.143869 0.000000 0.096130
v -0.141105 -0.033756 0.094283
v -0.132918 -0.066216 0.088813
v -0.119623 -0.096130 0.079929
v -0.101731 -0.122351 0.067974
v -0.079929 -0.143869 0.053407
v -0.055056 -0.159859 0.036787
v -0.028067 -0.169705 0.018754
v -0.031187 0.169705 0.012918
v -0.061175 0.159859 0.025340
v -0.088813 0.143869 0.036787
v -0.113037 0.122351 0.046822
v -0.132918 0.096130 0.055056
v -0.147690 0.066216 0.061175
v -0.156787 0.033756 0.064943
v -0.159859 0.000000 0.066216
v -0.156787 -0.033756 0.064943
v -0.147690 -0.066216 0.061175
v -0.132918 -0.096130 0.055056
v -0.113037 -0.122351 0.046822
v -0.088813 -0.143869 0.036787
v -0.061175 -0.159859 0.025340
v -0.031187 -0.169705 0.012918
v -0.033108 0.169705 0.006586
v -0.064943 0.159859 0.012918
v -0.094283 0.143869 0.018754
v -0.120000 0.122351 0.023869
v -0.141105 0.096130 0.028067
v -0.156787 0.066216 0.031187
v -0.166444 0.033756 0.033108
v -0.169705 0.000000 0.033756
v -0.166444 -0.033756 0.033108
v -0.156787 -0.066216 0.031187
v -0.141105 -0.096130 0.028067
v -0.120000 -0.122351 0.023869
v -0.094283 -0.143869 0.018754
v -0.064943 -0.159859 0.012918
v -0.033108 -0.169705 0.006586
v -0.033756 0.169705 0.000000
v -0.066216 0.159859 0.000000
v -0.096130 0.143869 0.000000
v -0.122351 0.122351 0.000000
v -0.143869 0.096130 0.000000
v -0.159859 0.066216 0.000000
v -0.169705 0.033756 0.000000
v -0.173030 0.000000 0.000000
v -0.169705 -0.033756 0.000000
v -0.159859 -0.066216 0.000000
v -0.143869 -0.096130 0.000000
v -0.122351 -0.122351 0.000000
v -0.096130 -0.143869 0.000000
v -0.066216 -0.159859 0.000000
v -0.033756 -0.169705 0.000000
v 0.033756 0.169705 -0.000000
v 0.066216 0.159859 -0.000000
v 0.096130 0.143869 -0.000000
v 0.122351 0.122351 -0.000000
v 0.143869 0.096130 -0.000000
v 0.159859 0.066216 -0.000000
v 0.169705 0.033756 -0.000000
v 0.173030 0.000000 0.000000
v 0.169705 -0.033756 -0.000000
v 0.159859 -0.066216 -0.000000
v 0.143869 -0.096130 -0.000000
v 0.122351 -0.122351 -0.000000
v 0.096130 -0.143869 -0.000000
v 0.066216 -0.159859 -0.000000
v 0.033756 -0.169705 -0.000000
v 0.033108 0.169705 0.006586
v 0.064943 0.159859 0.012918
v 0.094283 0.143869 0.018754
v 0.120000 0.122351 0.023869
v 0.141105 0.096130 0.028067
v 0.156787 0.066216 0.031187
v 0.166444 0.033756 0.033108
v 0.169705 0.000000 0.033756
v 0.166444 -0.033756 0.033108
v 0.156787 -0.066216 0.031187
v 0.141105 -0.096130 0.028067
v 0.120000 -0.122351 0.023869
v 0.094283 -0.143869 0.018754
v 0.064943 -0.159859 0.012918
v 0.033108 -0.169705 0.006586
v 0.031187 0.169705 0.012918
v 0.061175 0.159859 0.025340
v 0.088813 0.143869 0.036787
v 0.113037 0.122351 0.046821
v 0.132918 0.096130 0.055056
v 0.147690 0.066216 0.061175
v 0.156787 0.033756 0.064943
v 0.159859 0.000000 0.066216
v 0.156787 -0.033756 0.064943
v 0.147690 -0.066216 0.061175
v 0.132918 -0.096130 0.055056
v 0.113037 -0.122351 0.046821
v 0.088813 -0.143869 0.036787
v 0.061175 -0.159859 0.025340
v 0.031187 -0.169705 0.012918
v 0.028067 0.169705 0.018754
v 0.055056 0.159859 0.036787
v 0.079929 0.143869 0.053407
v 0.101731 0.122351 0.067974
v 0.119623 0.096130 0.079929
v 0.132918 0.066216 0.088813
v 0.141105 0.033756 0.094283
v 0.143869 0.000000 0.096130
v 0.141105 -0.033756 0.094283
v 0.132918 -0.066216 0.088813
v 0.119623 -0.096130 0.079929
v 0.101731 -0.122351 0.067974
v 0.079929 -0.143869 0.053407
v 0.055056 -0.159859 0.036787
v 0.028067 -0.169705 0.018754
v 0.023869 0.169705 0.023869
v 0.046822 0.159859 0.046821
v 0.067974 0.143869 0.067974
v 0.086515 0.122351 0.086515
v 0.101731 0.096130 0.101731
v 0.113037 0.066216 0.113037
v 0.120000 0.033756 0.120000
v 0.122350 0.000000 0.122350
v 0.120000 -0.033756 0.120000
v 0.113037 -0.066216 0.113037
v 0.101731 -0.096130 0.101731
v 0.086515 -0.122351 0.086515
v 0.067974 -0.143869 0.067974
v 0.046822 -0.159859 0.046821
v 0.023869 -0.169705 0.023869
v 0.018754 0.169705 0.028067
v 0.036787 0.159859 0.055056
v 0.053407 0.143869 0.079929
v 0.067974 0.122351 0.101731
v 0.079929 0.096130 0.119623
v 0.088813 0.066216 0.132918
v 0.094283 0.033756 0.141105
v 0.096130 0.000000 0.143869
v 0.094283 -0.033756 0.141105
v 0.088813 -0.066216 0.132918
v 0.079929 -0.096130 0.119623
v 0.067974 -0.122351 0.101731
v 0.053407 -0.143869 0.079929
v 0.036787 -0.159859 0.055056
v 0.018754 -0.169705 0.028067
v 0.012918 0.169705 0.031187
v 0.025340 0.159859 0.061175
v 0.036787 0.143869 0.088813
v 0.046822 0.122351 0.113037
v 0.055056 0.096130 0.132918
v 0.061175 0.066216 0.147690
v 0.064943 0.033756 0.156787
v 0.066216 0.000000 0.159859
v 0.064943 -0.033756 0.156787
v 0.061175 -0.066216 0.147690
v 0.055056 -0.096130 0.132918
v 0.046822 -0.122351 0.113037
v 0.036787 -0.143869 0.088813
v 0.025340 -0.159859 0.061175
v 0.012918 -0.169705 0.031187
v 0.006586 0.169705 0.033108
v 0.012918 0.159859 0.064943
v 0.018754 0.143869 0.094283
v 0.023869 0.122351 0.120000
v 0.028067 0.096130 0.141105
v 0.031187 0.066216 0.156787
v 0.033108 0.033756 0.166444
v 0.033756 0.000000 0.169705
v 0.033108 -0.033756 0.166444
v 0.031187 -0.066216 0.156787
v 0.028067 -0.096130 0.141105
v 0.023869 -0.122351 0.120000
v 0.018754 -0.143869 0.094283
v 0.012918 -0.159859 0.064943
v 0.006586 -0.169705 0.033108
v 0.000000 0.169705 0.033756
v 0.000000 0.159859 0.066216
v 0.000000 0.122351 0.122351
v 0.000000 0.066216 0.159859
v 0.000000 -0.066216 0.159859
v 0.000000 -0.122351 0.122351
v -0.000000 -0.143869 0.096130
v 0.000000 -0.159859 0.066216
v 0.000000 -0.169705 0.033756
v 0.080409 0.194124 0.030865
v 0.084310 0.203543 0.020865
v 0.000000 0.220314 0.020865
v 0.000000 0.210118 0.030865
v 0.148576 0.148576 0.030865
v 0.155785 0.155785 0.020865
v 0.194124 0.080409 0.030865
v 0.203543 0.084310 0.020865
v 0.210118 -0.000000 0.030865
v 0.220314 -0.000000 0.020865
v 0.194124 -0.080409 0.030865
v 0.203543 -0.084310 0.020865
v 0.148576 -0.148576 0.030865
v 0.155785 -0.155785 0.020865
v 0.080409 -0.194124 0.030865
v 0.084310 -0.203543 0.020865
v 0.000000 -0.210118 0.030865
v 0.000000 -0.220314 0.020865
v -0.080409 -0.194124 0.030865
v -0.084310 -0.203543 0.020865
v -0.148576 -0.148576 0.030865
v -0.155785 -0.155785 0.020865
v -0.194124 -0.080409 0.030865
v -0.203543 -0.084310 0.020865
v -0.210118 -0.000000 0.030865
v -0.220314 -0.000000 0.020865
v -0.194124 0.080409 0.030865
v -0.203543 0.084310 0.020865
v -0.148576 0.148576 0.030865
v -0.155785 0.155785 0.020865
v -0.080409 0.194124 0.030865
v -0.084310 0.203543 0.020865
v 0.000000 0.210118 -0.041713
v 0.000000 0.220314 -0.031713
v 0.084310 0.203543 -0.031713
v 0.080409 0.194124 -0.041713
v 0.155785 0.155785 -0.031713
v 0.148576 0.148576 -0.041713
v 0.203543 0.084310 -0.031713
v 0.194124 0.080409 -0.041713
v 0.220314 0.000000 -0.031713
v 0.210118 0.000000 -0.041713
v 0.203543 -0.084310 -0.031713
v 0.194124 -0.080409 -0.041713
v 0.155785 -0.155785 -0.031713
v 0.148576 -0.148576 -0.041713
v 0.084310 -0.203543 -0.031713
v 0.080409 -0.194124 -0.041713
v 0.000000 -0.220314 -0.031713
v 0.000000 -0.210118 -0.041713
v -0.084310 -0.203543 -0.031713
v -0.080409 -0.194124 -0.041713
v -0.155785 -0.155785 -0.031713
v -0.148576 -0.148576 -0.041713
v -0.203543 -0.084310 -0.031713
v -0.194124 -0.080409 -0.041713
v -0.220314 0.000000 -0.031713
v -0.210118 0.000000 -0.041713
v -0.203543 0.084310 -0.031713
v -0.194124 0.080409 -0.041713
v -0.155785 0.155785 -0.031713
v -0.148576 0.148576 -0.041713
v -0.084310 0.203543 -0.031713
v -0.080409 0.194124 -0.041713
v 0.174189 -0.086727 0.023492
v 0.165241 -0.081540 0.024306
v 0.156305 -0.086727 0.025240
v 0.156317 -0.097101 0.025360
v 0.165265 -0.102288 0.024547
v 0.174201 -0.097101 0.023613
v 0.163687 -0.082722 0.041409
v 0.154227 -0.082784 0.037151
v 0.149506 -0.091799 0.035133
v 0.154245 -0.100752 0.037372
v 0.163706 -0.100690 0.041631
v 0.168427 -0.091675 0.043649
v 0.149424 -0.082392 0.069194
v 0.140466 -0.082465 0.063962
v 0.135996 -0.091486 0.061457
v 0.140483 -0.100433 0.064185
v 0.149441 -0.100359 0.069418
v 0.153912 -0.091339 0.071923
v 0.133345 -0.082102 0.093485
v 0.125049 -0.082188 0.087256
v 0.120909 -0.091215 0.084254
v 0.125065 -0.100156 0.087482
v 0.133361 -0.100070 0.093711
v 0.137501 -0.091044 0.096712
v 0.115659 -0.081855 0.114267
v 0.108208 -0.081952 0.107050
v 0.104489 -0.090985 0.103554
v 0.108222 -0.099920 0.107277
v 0.115674 -0.099823 0.114495
v 0.119392 -0.090790 0.117990
v 0.096578 -0.081650 0.131522
v 0.090171 -0.081759 0.123363
v 0.086973 -0.090797 0.119399
v 0.090183 -0.099726 0.123592
v 0.096591 -0.099618 0.131751
v 0.099788 -0.090580 0.135716
v 0.076319 -0.081488 0.145224
v 0.071159 -0.081607 0.136224
v 0.068584 -0.090650 0.131840
v 0.071170 -0.099574 0.136455
v 0.076330 -0.099456 0.145454
v 0.078905 -0.090413 0.149838
v 0.055112 -0.081370 0.155344
v 0.051384 -0.081496 0.145663
v 0.049525 -0.090543 0.140938
v 0.051393 -0.099464 0.145894
v 0.055121 -0.099338 0.155575
v 0.056980 -0.090291 0.160300
v 0.033195 -0.081296 0.161856
v 0.031045 -0.081428 0.151708
v 0.029974 -0.090478 0.146749
v 0.031053 -0.099396 0.151939
v 0.033203 -0.099264 0.162088
v 0.034274 -0.090214 0.167046
v 0.010823 -0.081268 0.164741
v 0.010331 -0.081402 0.154379
v 0.010088 -0.090452 0.149314
v 0.010337 -0.099369 0.154611
v 0.010829 -0.099235 0.164973
v 0.011072 -0.090185 0.170038
v -0.011748 -0.081285 0.163993
v -0.010579 -0.081417 0.153685
v -0.009992 -0.090467 0.148647
v -0.010574 -0.099385 0.153917
v -0.011743 -0.099252 0.164225
v -0.012330 -0.090202 0.169263
v -0.034259 -0.081348 0.159620
v -0.031501 -0.081476 0.149619
v -0.030120 -0.090524 0.144735
v -0.031496 -0.099444 0.149851
v -0.034254 -0.099315 0.159851
v -0.035636 -0.090268 0.164736
v -0.056461 -0.081457 0.151642
v -0.052246 -0.081578 0.142163
v -0.050136 -0.090622 0.137539
v -0.052241 -0.099545 0.142394
v -0.056456 -0.099424 0.151873
v -0.058566 -0.090380 0.156497
v -0.078115 -0.081612 0.140085
v -0.072611 -0.081724 0.131291
v -0.069857 -0.090763 0.127010
v -0.072606 -0.099691 0.131523
v -0.078110 -0.099580 0.140317
v -0.080864 -0.090540 0.144598
v -0.098993 -0.081813 0.124976
v -0.092385 -0.081914 0.116979
v -0.089079 -0.090949 0.113097
v -0.092380 -0.099882 0.117211
v -0.098988 -0.099781 0.125209
v -0.102295 -0.090746 0.129091
v -0.118878 -0.082061 0.106340
v -0.111347 -0.082150 0.099205
v -0.107578 -0.091179 0.095754
v -0.111341 -0.100118 0.099438
v -0.118872 -0.100028 0.106573
v -0.122640 -0.091000 0.110024
v -0.137554 -0.082354 0.084195
v -0.129269 -0.082432 0.077951
v -0.125123 -0.091455 0.074946
v -0.129263 -0.100400 0.078184
v -0.137548 -0.100322 0.084428
v -0.141694 -0.091299 0.087433
v -0.154812 -0.082695 0.058555
v -0.145924 -0.082761 0.053205
v -0.141476 -0.091778 0.050647
v -0.145916 -0.100729 0.053439
v -0.154805 -0.100663 0.058789
v -0.159253 -0.091646 0.061347
v -0.170948 -0.083113 0.027100
v -0.160575 -0.083106 0.027282
v -0.155384 -0.092085 0.027493
v -0.160566 -0.101073 0.027523
v -0.170939 -0.101081 0.027342
v -0.176130 -0.092101 0.027131
v -0.080440 0.174489 0.021468
v -0.087124 0.178331 0.020994
v -0.093817 0.174489 0.021304
v -0.093827 0.166805 0.022088
v -0.087143 0.162962 0.022562
v -0.080449 0.166805 0.022252
v -0.083484 0.170413 0.038997
v -0.091208 0.170413 0.038902
v -0.095034 0.164360 0.036008
v -0.091137 0.158307 0.033209
v -0.083414 0.158306 0.033305
v -0.079587 0.164360 0.036199
v -0.083816 0.156057 0.065768
v -0.091540 0.156057 0.065673
v -0.095359 0.150347 0.062141
v -0.091454 0.144637 0.058704
v -0.083730 0.144637 0.058800
v -0.079912 0.150347 0.062332
v -0.084108 0.139862 0.089190
v -0.091831 0.139862 0.089094
v -0.095642 0.134599 0.084918
v -0.091729 0.129335 0.080838
v -0.084005 0.129335 0.080934
v -0.080195 0.134598 0.085110
v -0.084357 0.122036 0.109241
v -0.092080 0.122037 0.109145
v -0.095883 0.117335 0.104340
v -0.091963 0.112632 0.099631
v -0.084239 0.112632 0.099726
v -0.080436 0.117334 0.104532
v -0.084564 0.102794 0.125898
v -0.092287 0.102794 0.125802
v -0.096083 0.098774 0.120408
v -0.092155 0.094754 0.115110
v -0.084431 0.094754 0.115206
v -0.080636 0.098774 0.120600
v -0.084727 0.082357 0.139130
v -0.092451 0.082357 0.139034
v -0.096240 0.079138 0.133123
v -0.092305 0.075919 0.127308
v -0.084582 0.075919 0.127403
v -0.080793 0.079138 0.133314
v -0.084846 0.060960 0.148904
v -0.092570 0.060959 0.148809
v -0.096354 0.058645 0.142486
v -0.092415 0.056332 0.136257
v -0.084691 0.056333 0.136352
v -0.080907 0.058647 0.142676
v -0.084921 0.038848 0.155194
v -0.092644 0.038846 0.155099
v -0.096425 0.037516 0.148496
v -0.092482 0.036187 0.141989
v -0.084759 0.036189 0.142084
v -0.080978 0.037519 0.148686
v -0.084949 0.016278 0.157981
v -0.092673 0.016276 0.157886
v -0.096453 0.015971 0.151156
v -0.092509 0.015668 0.144522
v -0.084785 0.015671 0.144617
v -0.081005 0.015976 0.151346
v -0.084932 -0.006488 0.157258
v -0.092656 -0.006491 0.157163
v -0.096436 -0.005771 0.150466
v -0.092493 -0.005047 0.143864
v -0.084769 -0.005044 0.143959
v -0.080989 -0.005764 0.150656
v -0.084869 -0.029189 0.153036
v -0.092592 -0.029194 0.152941
v -0.096375 -0.027489 0.146426
v -0.092435 -0.025779 0.140007
v -0.084711 -0.025774 0.140102
v -0.080928 -0.027480 0.146617
v -0.084759 -0.051575 0.145336
v -0.092482 -0.051580 0.145240
v -0.096270 -0.048963 0.139038
v -0.092334 -0.046340 0.132932
v -0.084610 -0.046334 0.133027
v -0.080823 -0.048952 0.139229
v -0.084602 -0.073401 0.134185
v -0.092326 -0.073408 0.134088
v -0.096119 -0.069974 0.128302
v -0.092189 -0.066533 0.122613
v -0.084466 -0.066526 0.122709
v -0.080672 -0.069960 0.128495
v -0.084400 -0.094439 0.119611
v -0.092123 -0.094447 0.119514
v -0.095923 -0.090301 0.114220
v -0.092000 -0.086147 0.109022
v -0.084277 -0.086139 0.109119
v -0.080476 -0.090285 0.114414
v -0.084150 -0.114466 0.101643
v -0.091874 -0.114475 0.101545
v -0.095682 -0.109725 0.096791
v -0.091766 -0.104966 0.092135
v -0.084042 -0.104957 0.092233
v -0.080235 -0.109707 0.096987
v -0.083855 -0.133266 0.080304
v -0.091578 -0.133276 0.080205
v -0.095394 -0.128025 0.076018
v -0.091486 -0.122764 0.071930
v -0.083762 -0.122754 0.072029
v -0.079947 -0.128005 0.076216
v -0.083512 -0.150628 0.055611
v -0.091236 -0.150639 0.055510
v -0.095059 -0.144982 0.051900
v -0.091159 -0.139313 0.048389
v -0.083436 -0.139302 0.048490
v -0.079612 -0.144960 0.052100
v -0.083079 -0.167045 0.024473
v -0.090803 -0.167058 0.024364
v -0.094678 -0.160377 0.024432
v -0.090829 -0.153682 0.024608
v -0.083106 -0.153669 0.024716
v -0.079231 -0.160350 0.024649
v 0.100481 0.174489 0.021468
v 0.093797 0.178331 0.020994
v 0.087104 0.174489 0.021304
v 0.087094 0.166805 0.022088
v 0.093778 0.162962 0.022562
v 0.100472 0.166805 0.022252
v 0.097437 0.170413 0.038997
v 0.089713 0.170413 0.038902
v 0.085887 0.164360 0.036008
v 0.089784 0.158307 0.033209
v 0.097507 0.158306 0.033305
v 0.101334 0.164360 0.036199
v 0.097105 0.156057 0.065769
v 0.089381 0.156057 0.065673
v 0.085562 0.150347 0.062141
v 0.089467 0.144637 0.058704
v 0.097191 0.144637 0.058800
v 0.101009 0.150347 0.062332
v 0.096813 0.139862 0.089190
v 0.089090 0.139862 0.089094
v 0.085279 0.134599 0.084918
v 0.089192 0.129335 0.080838
v 0.096916 0.129335 0.080934
v 0.100726 0.134598 0.085110
v 0.096564 0.122036 0.109241
v 0.088841 0.122037 0.109145
v 0.085038 0.117335 0.104340
v 0.088958 0.112632 0.099631
v 0.096682 0.112632 0.099726
v 0.100485 0.117334 0.104532
v 0.096357 0.102794 0.125898
v 0.088634 0.102794 0.125802
v 0.084838 0.098774 0.120408
v 0.088766 0.094754 0.115110
v 0.096490 0.094754 0.115206
v 0.100285 0.098774 0.120600
v 0.096194 0.082357 0.139130
v 0.088470 0.082357 0.139034
v 0.084681 0.079138 0.133123
v 0.088616 0.075919 0.127308
v 0.096339 0.075919 0.127403
v 0.100128 0.079138 0.133314
v 0.096075 0.060960 0.148905
v 0.088351 0.060959 0.148809
v 0.084567 0.058645 0.142486
v 0.088506 0.056332 0.136257
v 0.096230 0.056333 0.136353
v 0.100014 0.058647 0.142676
v 0.096000 0.038848 0.155194
v 0.088277 0.038846 0.155099
v 0.084496 0.037516 0.148496
v 0.088439 0.036187 0.141989
v 0.096162 0.036189 0.142084
v 0.099943 0.037519 0.148686
v 0.095972 0.016278 0.157981
v 0.088248 0.016276 0.157886
v 0.084468 0.015971 0.151156
v 0.088412 0.015668 0.144522
v 0.096136 0.015671 0.144617
v 0.099916 0.015976 0.151346
v 0.095989 -0.006488 0.157258
v 0.088265 -0.006491 0.157163
v 0.084485 -0.005771 0.150466
v 0.088428 -0.005047 0.143864
v 0.096152 -0.005044 0.143959
v 0.099932 -0.005764 0.150656
v 0.096052 -0.029189 0.153036
v 0.088329 -0.029194 0.152941
v 0.084546 -0.027489 0.146426
v 0.088486 -0.025779 0.140007
v 0.096210 -0.025774 0.140102
v 0.099993 -0.027480 0.146617
v 0.096162 -0.051575 0.145336
v 0.088439 -0.051580 0.145240
v 0.084651 -0.048963 0.139038
v 0.088587 -0.046340 0.132932
v 0.096311 -0.046334 0.133027
v 0.100098 -0.048952 0.139229
v 0.096319 -0.073401 0.134185
v 0.088595 -0.073408 0.134088
v 0.084802 -0.069974 0.128302
v 0.088732 -0.066533 0.122613
v 0.096455 -0.066526 0.122709
v 0.100249 -0.069960 0.128495
v 0.096521 -0.094439 0.119611
v 0.088798 -0.094447 0.119514
v 0.084998 -0.090301 0.114220
v 0.088921 -0.086147 0.109022
v 0.096644 -0.086139 0.109119
v 0.100445 -0.090285 0.114414
v 0.096771 -0.114466 0.101643
v 0.089047 -0.114475 0.101545
v 0.085239 -0.109725 0.096791
v 0.089155 -0.104966 0.092135
v 0.096879 -0.104957 0.092233
v 0.100686 -0.109707 0.096987
v 0.097066 -0.133266 0.080304
v 0.089343 -0.133276 0.080205
v 0.085527 -0.128025 0.076018
v 0.089435 -0.122764 0.071930
v 0.097159 -0.122754 0.072029
v 0.100974 -0.128005 0.076216
v 0.097409 -0.150628 0.055611
v 0.089685 -0.150639 0.055510
v 0.085862 -0.144982 0.051900
v 0.089762 -0.139313 0.048389
v 0.097485 -0.139302 0.048490
v 0.101309 -0.144960 0.052100
v 0.097842 -0.167045 0.024473
v 0.090118 -0.167058 0.024364
v 0.086243 -0.160377 0.024432
v 0.090092 -0.153682 0.024608
v 0.097815 -0.153669 0.024716
v 0.101690 -0.160350 0.024649
v 0.174249 0.094226 0.027389
v 0.165242 0.099445 0.028173
v 0.156247 0.094226 0.029073
v 0.156257 0.083788 0.029189
v 0.165264 0.078568 0.028405
v 0.174260 0.083788 0.027506
v 0.163751 0.098253 0.045882
v 0.154164 0.098195 0.041752
v 0.149379 0.089127 0.039793
v 0.154181 0.080116 0.041965
v 0.163768 0.080173 0.046095
v 0.168553 0.089242 0.048054
v 0.149501 0.098583 0.074885
v 0.140390 0.098514 0.069790
v 0.135842 0.089440 0.067350
v 0.140406 0.080435 0.070005
v 0.149517 0.080503 0.075100
v 0.154065 0.089577 0.077539
v 0.133436 0.098872 0.100241
v 0.124959 0.098792 0.094149
v 0.120729 0.089712 0.091211
v 0.124974 0.080712 0.094366
v 0.133451 0.080792 0.100458
v 0.137682 0.089872 0.103396
v 0.115761 0.099119 0.121940
v 0.108107 0.099027 0.114843
v 0.104286 0.089942 0.111403
v 0.108120 0.080948 0.115061
v 0.115775 0.081039 0.122159
v 0.119595 0.090125 0.125598
v 0.096685 0.099324 0.139962
v 0.090064 0.099221 0.131892
v 0.086760 0.090130 0.127967
v 0.090076 0.081142 0.132112
v 0.096697 0.081244 0.140182
v 0.100002 0.090335 0.144107
v 0.076422 0.099486 0.154281
v 0.071057 0.099373 0.145326
v 0.068380 0.090277 0.140959
v 0.071068 0.081294 0.145547
v 0.076432 0.081406 0.154501
v 0.079109 0.090502 0.158868
v 0.055196 0.099604 0.164863
v 0.051300 0.099484 0.155178
v 0.049357 0.090383 0.150447
v 0.051309 0.081404 0.155400
v 0.055204 0.081525 0.165084
v 0.057148 0.090625 0.169816
v 0.033248 0.099678 0.171676
v 0.030993 0.099552 0.161484
v 0.029869 0.090449 0.156500
v 0.031000 0.081472 0.161706
v 0.033256 0.081598 0.171898
v 0.034379 0.090701 0.176883
v 0.010835 0.099707 0.174696
v 0.010318 0.099578 0.164270
v 0.010063 0.090474 0.159169
v 0.010324 0.081499 0.164492
v 0.010841 0.081627 0.174918
v 0.011097 0.090731 0.180019
v -0.011778 0.099689 0.173912
v -0.010550 0.099562 0.163547
v -0.009933 0.090459 0.158475
v -0.010544 0.081483 0.163769
v -0.011772 0.081610 0.174135
v -0.012389 0.090713 0.179206
v -0.034325 0.099626 0.169336
v -0.031436 0.099504 0.159306
v -0.029988 0.090403 0.154402
v -0.031430 0.081424 0.159528
v -0.034320 0.081547 0.169558
v -0.035767 0.090648 0.174463
v -0.056552 0.099517 0.160992
v -0.052155 0.099402 0.151525
v -0.049953 0.090305 0.146902
v -0.052149 0.081323 0.151747
v -0.056547 0.081438 0.161214
v -0.058748 0.090535 0.165836
v -0.078219 0.099362 0.148910
v -0.072507 0.099256 0.140173
v -0.069649 0.090164 0.135916
v -0.072502 0.081177 0.140396
v -0.078214 0.081282 0.149133
v -0.081073 0.090375 0.153390
v -0.099100 0.099161 0.133124
v -0.092279 0.099066 0.125222
v -0.088866 0.089978 0.121383
v -0.092273 0.080986 0.125445
v -0.099094 0.081081 0.133347
v -0.102508 0.090168 0.137186
v -0.118979 0.098913 0.113659
v -0.111246 0.098830 0.106646
v -0.107377 0.089748 0.103252
v -0.111240 0.080750 0.106870
v -0.118972 0.080834 0.113882
v -0.122842 0.089915 0.117277
v -0.137645 0.098620 0.090535
v -0.129179 0.098547 0.084428
v -0.124942 0.089472 0.081487
v -0.129172 0.080468 0.084652
v -0.137638 0.080540 0.090759
v -0.141874 0.089616 0.093701
v -0.154891 0.098279 0.063766
v -0.145846 0.098219 0.058555
v -0.141319 0.089148 0.056062
v -0.145838 0.080139 0.058780
v -0.154883 0.080200 0.063991
v -0.159409 0.089270 0.066485
v -0.170981 0.097863 0.031100
v -0.160543 0.097872 0.031275
v -0.155319 0.088836 0.031478
v -0.160533 0.079792 0.031507
v -0.170971 0.079784 0.031333
v -0.176195 0.088820 0.031129
vn -0.0000 -0.0000 1.0000
vn -0.0000 -0.0000 -1.0000
vn -0.0000 0.5502 0.8350
vn -0.0000 0.7002 0.7139
vn -0.1393 0.7002 0.7002
vn -0.1629 0.5502 0.8190
vn -0.0000 -0.8233 0.5676
vn -0.0000 -0.7002 0.7139
vn -0.1393 -0.7002 0.7002
vn -0.1107 -0.8233 0.5567
vn -0.0000 0.3790 0.9254
vn -0.0000 0.5501 0.8351
vn -0.1629 0.5501 0.8190
vn -0.1805 0.3790 0.9076
vn -0.0000 -0.9147 0.4042
vn -0.0788 -0.9147 0.3965
vn -0.0000 0.1932 0.9812
vn -0.0000 0.3789 0.9254
vn -0.1805 0.3789 0.9076
vn -0.1914 0.1932 0.9623
vn -0.0000 -0.9701 0.2426
vn -0.0788 -0.9147 0.3964
vn -0.0473 -0.9701 0.2380
vn -0.1951 -0.0000 0.9808
vn -0.0000 0.9701 0.2426
vn -0.0000 0.9980 0.0630
vn -0.0473 0.9701 0.2379
vn -0.0000 -0.9980 0.0630
vn -0.0473 -0.9701 0.2379
vn -0.0000 -0.1932 0.9812
vn -0.1914 -0.1932 0.9623
vn -0.0000 0.9147 0.4042
vn -0.0473 0.9701 0.2380
vn -0.0789 0.9147 0.3964
vn -0.0000 -0.3789 0.9254
vn -0.1805 -0.3789 0.9076
vn -0.0000 0.8233 0.5676
vn -0.0788 0.9147 0.3965
vn -0.1107 0.8233 0.5567
vn -0.0000 -0.5501 0.8351
vn -0.0000 -0.3790 0.9254
vn -0.1805 -0.3790 0.9076
vn -0.1629 -0.5501 0.8190
vn -0.0000 -0.5502 0.8350
vn -0.1629 -0.5502 0.8190
vn -0.2172 0.8233 0.5244
vn -0.2732 0.7002 0.6596
vn -0.3196 -0.5502 0.7715
vn -0.2732 -0.7002 0.6596
vn -0.3196 0.5502 0.7715
vn -0.2172 -0.8233 0.5244
vn -0.1806 0.3790 0.9076
vn -0.3196 0.5501 0.7715
vn -0.3541 0.3790 0.8550
vn -0.0789 -0.9147 0.3965
vn -0.1547 -0.9147 0.3735
vn -0.1806 0.3789 0.9076
vn -0.3541 0.3789 0.8550
vn -0.3754 0.1932 0.9065
vn -0.0789 -0.9147 0.3964
vn -0.1547 -0.9147 0.3734
vn -0.0929 -0.9701 0.2242
vn -0.3755 0.1932 0.9065
vn -0.3826 -0.0000 0.9239
vn -0.0928 0.9701 0.2241
vn -0.0928 -0.9701 0.2241
vn -0.3827 -0.0000 0.9239
vn -0.3755 -0.1932 0.9065
vn -0.0928 0.9701 0.2242
vn -0.1547 0.9147 0.3734
vn -0.1806 -0.3789 0.9076
vn -0.3754 -0.1932 0.9065
vn -0.3541 -0.3789 0.8550
vn -0.0789 0.9147 0.3965
vn -0.1547 0.9147 0.3735
vn -0.1806 -0.3790 0.9076
vn -0.3541 -0.3790 0.8550
vn -0.3195 -0.5501 0.7715
vn -0.5451 0.1932 0.8158
vn -0.5555 -0.0000 0.8315
vn -0.1348 0.9701 0.2017
vn -0.1348 -0.9701 0.2017
vn -0.5451 -0.1932 0.8158
vn -0.0929 0.9701 0.2242
vn -0.1348 0.9701 0.2018
vn -0.2246 0.9147 0.3361
vn -0.3542 -0.3789 0.8550
vn -0.5141 -0.3789 0.7695
vn -0.3153 0.8233 0.4719
vn -0.3196 -0.5501 0.7715
vn -0.3542 -0.3790 0.8549
vn -0.5141 -0.3790 0.7695
vn -0.4639 -0.5501 0.6944
vn -0.3966 0.7002 0.5936
vn -0.4639 -0.5502 0.6943
vn -0.3966 -0.7002 0.5936
vn -0.4639 0.5502 0.6943
vn -0.3153 -0.8233 0.4719
vn -0.3542 0.3790 0.8549
vn -0.4639 0.5501 0.6943
vn -0.5141 0.3790 0.7695
vn -0.2246 -0.9147 0.3361
vn -0.3542 0.3789 0.8550
vn -0.5141 0.3789 0.7695
vn -0.1348 -0.9701 0.2018
vn -0.3967 -0.7002 0.5936
vn -0.5905 -0.5502 0.5905
vn -0.5048 -0.7002 0.5048
vn -0.3967 0.7002 0.5936
vn -0.5048 0.7002 0.5048
vn -0.5905 0.5502 0.5905
vn -0.4013 -0.8233 0.4013
vn -0.5141 0.3790 0.7694
vn -0.4640 0.5501 0.6943
vn -0.5905 0.5501 0.5905
vn -0.6543 0.3790 0.6544
vn -0.2858 -0.9147 0.2859
vn -0.5142 0.3789 0.7694
vn -0.6544 0.3789 0.6544
vn -0.6938 0.1932 0.6938
vn -0.2858 -0.9147 0.2858
vn -0.1716 -0.9701 0.1716
vn -0.5556 -0.0000 0.8315
vn -0.7071 -0.0000 0.7071
vn -0.1715 0.9701 0.1715
vn -0.1715 -0.9701 0.1715
vn -0.5556 -0.0000 0.8314
vn -0.6938 -0.1932 0.6938
vn -0.1716 0.9701 0.1716
vn -0.2858 0.9147 0.2858
vn -0.5142 -0.3789 0.7694
vn -0.6543 -0.3789 0.6544
vn -0.2858 0.9147 0.2859
vn -0.4013 0.8233 0.4013
vn -0.4640 -0.5501 0.6943
vn -0.5141 -0.3790 0.7694
vn -0.6543 -0.3790 0.6544
vn -0.5905 -0.5501 0.5905
vn -0.4013 0.8233 0.4014
vn -0.2017 0.9701 0.1348
vn -0.2017 -0.9701 0.1348
vn -0.8315 -0.0000 0.5556
vn -0.8158 -0.1932 0.5451
vn -0.3361 0.9147 0.2246
vn -0.6544 -0.3789 0.6544
vn -0.7694 -0.3789 0.5142
vn -0.2859 0.9147 0.2858
vn -0.4719 0.8233 0.3153
vn -0.6544 -0.3790 0.6543
vn -0.7694 -0.3790 0.5141
vn -0.6943 -0.5501 0.4640
vn -0.5936 0.7002 0.3966
vn -0.6943 -0.5502 0.4639
vn -0.5936 -0.7002 0.3967
vn -0.5936 0.7002 0.3967
vn -0.6943 0.5502 0.4639
vn -0.4014 -0.8233 0.4013
vn -0.5936 -0.7002 0.3966
vn -0.4719 -0.8233 0.3153
vn -0.6544 0.3790 0.6543
vn -0.6943 0.5501 0.4640
vn -0.7694 0.3790 0.5141
vn -0.2859 -0.9147 0.2858
vn -0.3361 -0.9147 0.2246
vn -0.6544 0.3789 0.6543
vn -0.7694 0.3789 0.5142
vn -0.8158 0.1932 0.5451
vn -0.8314 -0.0000 0.5556
vn -0.6596 0.7002 0.2732
vn -0.7715 0.5502 0.3196
vn -0.6596 -0.7002 0.2732
vn -0.5244 -0.8233 0.2172
vn -0.7695 0.3790 0.5141
vn -0.6944 0.5501 0.4639
vn -0.7715 0.5501 0.3196
vn -0.8549 0.3790 0.3542
vn -0.3735 -0.9147 0.1547
vn -0.7695 0.3789 0.5141
vn -0.8550 0.3789 0.3542
vn -0.9065 0.1932 0.3755
vn -0.2018 -0.9701 0.1348
vn -0.3734 -0.9147 0.1547
vn -0.2242 -0.9701 0.0929
vn -0.8315 -0.0000 0.5555
vn -0.9239 -0.0000 0.3827
vn -0.2241 0.9701 0.0928
vn -0.2241 -0.9701 0.0928
vn -0.9065 -0.1932 0.3755
vn -0.2018 0.9701 0.1348
vn -0.2242 0.9701 0.0929
vn -0.3734 0.9147 0.1547
vn -0.7695 -0.3789 0.5141
vn -0.8550 -0.3789 0.3542
vn -0.3735 0.9147 0.1547
vn -0.5244 0.8233 0.2172
vn -0.6943 -0.5501 0.4639
vn -0.7695 -0.3790 0.5141
vn -0.8549 -0.3790 0.3542
vn -0.7715 -0.5501 0.3196
vn -0.7715 -0.5502 0.3196
vn -0.9239 -0.0000 0.3826
vn -0.9808 -0.0000 0.1951
vn -0.9623 -0.1932 0.1914
vn -0.2380 0.9701 0.0473
vn -0.3964 0.9147 0.0789
vn -0.8550 -0.3789 0.3541
vn -0.9065 -0.1932 0.3754
vn -0.9076 -0.3789 0.1806
vn -0.3965 0.9147 0.0789
vn -0.5567 0.8233 0.1107
vn -0.8550 -0.3790 0.3541
vn -0.9076 -0.3790 0.1806
vn -0.8190 -0.5501 0.1629
vn -0.7002 0.7002 0.1393
vn -0.8190 -0.5502 0.1629
vn -0.7002 -0.7002 0.1393
vn -0.8190 0.5502 0.1629
vn -0.5567 -0.8233 0.1107
vn -0.8550 0.3790 0.3541
vn -0.7715 0.5501 0.3195
vn -0.8190 0.5501 0.1629
vn -0.9076 0.3790 0.1806
vn -0.3965 -0.9147 0.0789
vn -0.9065 0.1932 0.3754
vn -0.8550 0.3789 0.3541
vn -0.9076 0.3789 0.1806
vn -0.9623 0.1932 0.1914
vn -0.3964 -0.9147 0.0789
vn -0.2380 -0.9701 0.0473
vn -0.2379 0.9701 0.0473
vn -0.2379 -0.9701 0.0473
vn -0.7122 -0.6985 0.0701
vn -0.5667 -0.8220 0.0558
vn -0.9076 0.3790 0.1805
vn -0.8323 0.5483 0.0820
vn -0.9216 0.3774 0.0908
vn -0.3965 -0.9147 0.0788
vn -0.5667 -0.8221 0.0558
vn -0.4039 -0.9139 0.0398
vn -0.9076 0.3789 0.1805
vn -0.9766 0.1923 0.0962
vn -0.4039 -0.9140 0.0398
vn -0.2426 -0.9698 0.0239
vn -0.9952 -0.0000 0.0980
vn -0.2425 0.9698 0.0239
vn -0.2425 -0.9698 0.0239
vn -0.9808 -0.0000 0.1950
vn -0.9766 -0.1923 0.0962
vn -0.3964 0.9147 0.0788
vn -0.2426 0.9698 0.0239
vn -0.4039 0.9140 0.0398
vn -0.9076 -0.3789 0.1805
vn -0.9216 -0.3774 0.0908
vn -0.3965 0.9147 0.0788
vn -0.4039 0.9139 0.0398
vn -0.5667 0.8221 0.0558
vn -0.9076 -0.3790 0.1805
vn -0.8323 -0.5483 0.0820
vn -0.5667 0.8220 0.0558
vn -0.7122 0.6985 0.0701
vn -0.8322 -0.5484 0.0820
vn -0.7122 -0.6985 0.0702
vn -0.8322 0.5484 0.0820
vn 0.9766 0.1923 0.0962
vn 0.9216 0.3774 0.0908
vn 0.9076 0.3789 0.1805
vn 0.9623 0.1932 0.1914
vn 0.2426 -0.9698 0.0239
vn 0.4039 -0.9140 0.0398
vn 0.3964 -0.9147 0.0788
vn 0.2380 -0.9701 0.0473
vn 0.9952 -0.0000 0.0980
vn 0.9808 -0.0000 0.1951
vn 0.2425 0.9698 0.0239
vn 0.2379 0.9701 0.0473
vn 0.2425 -0.9698 0.0239
vn 0.2379 -0.9701 0.0473
vn 0.9766 -0.1923 0.0962
vn 0.9623 -0.1932 0.1914
vn 0.4039 0.9140 0.0398
vn 0.2426 0.9698 0.0239
vn 0.2380 0.9701 0.0473
vn 0.3964 0.9147 0.0789
vn 0.9216 -0.3774 0.0908
vn 0.9076 -0.3789 0.1805
vn 0.5667 0.8221 0.0558
vn 0.4039 0.9139 0.0398
vn 0.3965 0.9147 0.0788
vn 0.5567 0.8233 0.1107
vn 0.8323 -0.5483 0.0820
vn 0.9076 -0.3790 0.1805
vn 0.8190 -0.5501 0.1629
vn 0.7122 0.6985 0.0701
vn 0.5667 0.8220 0.0558
vn 0.7002 0.7002 0.1393
vn 0.7122 -0.6985 0.0701
vn 0.8322 -0.5484 0.0820
vn 0.8190 -0.5502 0.1629
vn 0.7002 -0.7002 0.1393
vn 0.8322 0.5484 0.0820
vn 0.8190 0.5502 0.1629
vn 0.5667 -0.8220 0.0558
vn 0.5567 -0.8233 0.1107
vn 0.8323 0.5483 0.0820
vn 0.8190 0.5501 0.1629
vn 0.9076 0.3790 0.1805
vn 0.4039 -0.9139 0.0398
vn 0.5667 -0.8221 0.0558
vn 0.3965 -0.9147 0.0788
vn 0.9076 -0.3790 0.1806
vn 0.8550 -0.3790 0.3541
vn 0.7715 -0.5501 0.3195
vn 0.5244 0.8233 0.2172
vn 0.6596 0.7002 0.2732
vn 0.7715 -0.5502 0.3196
vn 0.6596 -0.7002 0.2732
vn 0.7715 0.5502 0.3196
vn 0.5244 -0.8233 0.2172
vn 0.9076 0.3790 0.1806
vn 0.7715 0.5501 0.3196
vn 0.8550 0.3790 0.3541
vn 0.3965 -0.9147 0.0789
vn 0.3735 -0.9147 0.1547
vn 0.9076 0.3789 0.1806
vn 0.8550 0.3789 0.3541
vn 0.9065 0.1932 0.3754
vn 0.3964 -0.9147 0.0789
vn 0.3734 -0.9147 0.1547
vn 0.2242 -0.9701 0.0929
vn 0.9065 0.1932 0.3755
vn 0.9239 -0.0000 0.3826
vn 0.2241 0.9701 0.0928
vn 0.2241 -0.9701 0.0928
vn 0.9239 -0.0000 0.3827
vn 0.9065 -0.1932 0.3755
vn 0.2242 0.9701 0.0929
vn 0.3734 0.9147 0.1547
vn 0.9076 -0.3789 0.1806
vn 0.9065 -0.1932 0.3754
vn 0.8550 -0.3789 0.3541
vn 0.3965 0.9147 0.0789
vn 0.3735 0.9147 0.1547
vn 0.3361 -0.9147 0.2246
vn 0.2018 -0.9701 0.1348
vn 0.8158 0.1932 0.5451
vn 0.8315 -0.0000 0.5555
vn 0.2017 0.9701 0.1348
vn 0.2017 -0.9701 0.1348
vn 0.8158 -0.1932 0.5451
vn 0.2018 0.9701 0.1348
vn 0.3361 0.9147 0.2246
vn 0.8550 -0.3789 0.3542
vn 0.7695 -0.3789 0.5141
vn 0.4719 0.8233 0.3153
vn 0.7715 -0.5501 0.3196
vn 0.8549 -0.3790 0.3542
vn 0.7695 -0.3790 0.5141
vn 0.6943 -0.5501 0.4639
vn 0.5936 0.7002 0.3966
vn 0.6943 -0.5502 0.4639
vn 0.5936 -0.7002 0.3966
vn 0.6943 0.5502 0.4639
vn 0.4719 -0.8233 0.3153
vn 0.8549 0.3790 0.3542
vn 0.6943 0.5501 0.4639
vn 0.7695 0.3790 0.5141
vn 0.8550 0.3789 0.3542
vn 0.7695 0.3789 0.5141
vn 0.5936 -0.7002 0.3967
vn 0.5905 -0.5502 0.5905
vn 0.5048 -0.7002 0.5048
vn 0.5936 0.7002 0.3967
vn 0.5048 0.7002 0.5048
vn 0.5905 0.5502 0.5905
vn 0.4013 -0.8233 0.4013
vn 0.7694 0.3790 0.5141
vn 0.6943 0.5501 0.4640
vn 0.5905 0.5501 0.5905
vn 0.6544 0.3790 0.6543
vn 0.2859 -0.9147 0.2858
vn 0.7694 0.3789 0.5142
vn 0.6544 0.3789 0.6544
vn 0.6938 0.1932 0.6938
vn 0.2858 -0.9147 0.2858
vn 0.1716 -0.9701 0.1716
vn 0.8315 -0.0000 0.5556
vn 0.7071 -0.0000 0.7071
vn 0.1715 0.9701 0.1715
vn 0.1715 -0.9701 0.1715
vn 0.8314 -0.0000 0.5556
vn 0.6938 -0.1932 0.6938
vn 0.1716 0.9701 0.1716
vn 0.2858 0.9147 0.2858
vn 0.7694 -0.3789 0.5142
vn 0.6544 -0.3789 0.6543
vn 0.2859 0.9147 0.2858
vn 0.4013 0.8233 0.4013
vn 0.6943 -0.5501 0.4640
vn 0.7694 -0.3790 0.5141
vn 0.6544 -0.3790 0.6543
vn 0.5905 -0.5501 0.5905
vn 0.1348 0.9701 0.2017
vn 0.1348 -0.9701 0.2017
vn 0.5556 -0.0000 0.8315
vn 0.5451 -0.1932 0.8158
vn 0.2246 0.9147 0.3361
vn 0.6544 -0.3789 0.6544
vn 0.5142 -0.3789 0.7694
vn 0.2858 0.9147 0.2859
vn 0.3153 0.8233 0.4719
vn 0.6543 -0.3790 0.6544
vn 0.5141 -0.3790 0.7694
vn 0.4640 -0.5501 0.6943
vn 0.3966 0.7002 0.5936
vn 0.4639 -0.5502 0.6943
vn 0.3967 -0.7002 0.5936
vn 0.3967 0.7002 0.5936
vn 0.4639 0.5502 0.6943
vn 0.3966 -0.7002 0.5936
vn 0.3153 -0.8233 0.4719
vn 0.6543 0.3790 0.6544
vn 0.4640 0.5501 0.6943
vn 0.5141 0.3790 0.7694
vn 0.2858 -0.9147 0.2859
vn 0.2246 -0.9147 0.3361
vn 0.6543 0.3789 0.6544
vn 0.5142 0.3789 0.7694
vn 0.5451 0.1932 0.8158
vn 0.5556 -0.0000 0.8314
vn 0.2732 0.7002 0.6596
vn 0.3196 0.5502 0.7715
vn 0.2732 -0.7002 0.6596
vn 0.2172 -0.8233 0.5244
vn 0.5141 0.3790 0.7695
vn 0.4639 0.5501 0.6944
vn 0.3196 0.5501 0.7715
vn 0.3542 0.3790 0.8549
vn 0.1547 -0.9147 0.3735
vn 0.5141 0.3789 0.7695
vn 0.3542 0.3789 0.8550
vn 0.3755 0.1932 0.9065
vn 0.1348 -0.9701 0.2018
vn 0.1547 -0.9147 0.3734
vn 0.0929 -0.9701 0.2242
vn 0.5555 -0.0000 0.8315
vn 0.3827 -0.0000 0.9239
vn 0.0928 0.9701 0.2241
vn 0.0928 -0.9701 0.2241
vn 0.3755 -0.1932 0.9065
vn 0.1348 0.9701 0.2018
vn 0.0929 0.9701 0.2242
vn 0.1547 0.9147 0.3734
vn 0.5141 -0.3789 0.7695
vn 0.3542 -0.3789 0.8550
vn 0.1547 0.9147 0.3735
vn 0.2172 0.8233 0.5244
vn 0.4639 -0.5501 0.6943
vn 0.5141 -0.3790 0.7695
vn 0.3542 -0.3790 0.8549
vn 0.3196 -0.5501 0.7715
vn 0.3196 -0.5502 0.7715
vn 0.3826 -0.0000 0.9239
vn 0.1951 -0.0000 0.9808
vn 0.1914 -0.1932 0.9623
vn 0.0473 0.9701 0.2380
vn 0.0789 0.9147 0.3964
vn 0.3541 -0.3789 0.8550
vn 0.3754 -0.1932 0.9065
vn 0.1806 -0.3789 0.9076
vn 0.0789 0.9147 0.3965
vn 0.1107 0.8233 0.5567
vn 0.3541 -0.3790 0.8550
vn 0.1806 -0.3790 0.9076
vn 0.1629 -0.5501 0.8190
vn 0.1393 0.7002 0.7002
vn 0.1629 -0.5502 0.8190
vn 0.1393 -0.7002 0.7002
vn 0.1629 0.5502 0.8190
vn 0.1107 -0.8233 0.5567
vn 0.3541 0.3790 0.8550
vn 0.3195 0.5501 0.7715
vn 0.1629 0.5501 0.8190
vn 0.1806 0.3790 0.9076
vn 0.0789 -0.9147 0.3965
vn 0.3754 0.1932 0.9065
vn 0.3541 0.3789 0.8550
vn 0.1806 0.3789 0.9076
vn 0.1914 0.1932 0.9623
vn 0.0928 -0.9701 0.2242
vn 0.0789 -0.9147 0.3964
vn 0.0473 -0.9701 0.2380
vn 0.0473 0.9701 0.2379
vn 0.0473 -0.9701 0.2379
vn 0.1805 0.3790 0.9076
vn 0.0788 -0.9147 0.3965
vn 0.1805 0.3789 0.9076
vn 0.0788 0.9147 0.3964
vn 0.1805 -0.3789 0.9076
vn 0.0788 0.9147 0.3965
vn 0.1805 -0.3790 0.9076
vn -0.0000 0.9875 -0.1577
vn 0.3779 0.9123 -0.1577
vn 0.0930 0.2246 -0.9700
vn -0.0000 0.2431 -0.9700
vn 0.3779 0.9123 0.1577
vn -0.0000 0.9875 0.1577
vn -0.0000 0.2164 0.9763
vn 0.0828 0.1999 0.9763
vn 0.6983 0.6982 -0.1577
vn 0.1719 0.1719 -0.9700
vn 0.6982 0.6983 0.1577
vn 0.1530 0.1530 0.9763
vn 0.9123 0.3779 -0.1577
vn 0.2246 0.0930 -0.9700
vn 0.9123 0.3779 0.1577
vn 0.1999 0.0828 0.9763
vn 0.9875 -0.0000 -0.1577
vn 0.2431 -0.0000 -0.9700
vn 0.9875 -0.0000 0.1577
vn 0.2164 -0.0000 0.9763
vn 0.9123 -0.3779 -0.1577
vn 0.2246 -0.0930 -0.9700
vn 0.9123 -0.3779 0.1577
vn 0.1999 -0.0828 0.9763
vn 0.6982 -0.6983 -0.1577
vn 0.1719 -0.1719 -0.9700
vn 0.6983 -0.6982 0.1577
vn 0.1530 -0.1530 0.9763
vn 0.3779 -0.9123 -0.1577
vn 0.0930 -0.2246 -0.9700
vn 0.3779 -0.9123 0.1577
vn 0.0828 -0.1999 0.9763
vn -0.0000 -0.9875 -0.1577
vn -0.0000 -0.2431 -0.9700
vn -0.0000 -0.9875 0.1577
vn -0.0000 -0.2164 0.9763
vn -0.3779 -0.9123 -0.1577
vn -0.0930 -0.2246 -0.9700
vn -0.3779 -0.9123 0.1577
vn -0.0828 -0.1999 0.9763
vn -0.6983 -0.6982 -0.1577
vn -0.1719 -0.1719 -0.9700
vn -0.6982 -0.6983 0.1577
vn -0.1530 -0.1530 0.9763
vn -0.9123 -0.3779 -0.1577
vn -0.2246 -0.0930 -0.9700
vn -0.9123 -0.3779 0.1577
vn -0.1999 -0.0828 0.9763
vn -0.9875 -0.0000 -0.1577
vn -0.2431 -0.0000 -0.9700
vn -0.9875 -0.0000 0.1577
vn -0.2164 -0.0000 0.9763
vn -0.9123 0.3779 -0.1577
vn -0.2246 0.0930 -0.9700
vn -0.9123 0.3779 0.1577
vn -0.1999 0.0828 0.9763
vn -0.6982 0.6983 -0.1577
vn -0.1719 0.1719 -0.9700
vn -0.6983 0.6982 0.1577
vn -0.1530 0.1530 0.9763
vn -0.3779 0.9123 -0.1577
vn -0.0930 0.2246 -0.9700
vn -0.3779 0.9123 0.1577
vn -0.0828 0.1999 0.9763
vn 0.6982 0.6983 -0.1577
vn 0.3780 0.9123 0.1577
vn 0.3778 0.9123 -0.1577
vn 0.0001 0.9875 0.1577
vn -0.0001 0.9875 -0.1577
vn -0.3778 0.9123 0.1577
vn 0.9123 0.3780 -0.1577
vn 0.6983 0.6982 0.1577
vn 0.9875 0.0001 -0.1577
vn 0.9123 0.3778 0.1577
vn 0.9123 -0.3778 -0.1577
vn 0.9875 -0.0001 0.1577
vn 0.6983 -0.6982 -0.1577
vn 0.9123 -0.3780 0.1577
vn 0.3780 -0.9123 -0.1577
vn 0.6982 -0.6983 0.1577
vn 0.0001 -0.9875 -0.1577
vn 0.3778 -0.9123 0.1577
vn -0.3778 -0.9123 -0.1577
vn -0.0001 -0.9875 0.1577
vn -0.6982 -0.6983 -0.1577
vn -0.3780 -0.9123 0.1577
vn -0.9123 -0.3780 -0.1577
vn -0.6983 -0.6982 0.1577
vn -0.9875 -0.0001 -0.1577
vn -0.9123 -0.3778 0.1577
vn -0.9123 0.3778 -0.1577
vn -0.9875 0.0001 0.1577
vn -0.6983 0.6982 -0.1577
vn -0.9123 0.3780 0.1577
vn -0.3780 0.9123 -0.1577
vn -0.6982 0.6983 0.1577
vn -0.0000 0.2430 -0.9700
vn 0.0930 0.2245 -0.9700
vn -0.0930 0.2245 -0.9700
vn 0.1718 0.1719 -0.9700
vn 0.1719 0.1718 -0.9700
vn 0.2245 0.0930 -0.9700
vn 0.2430 -0.0000 -0.9700
vn 0.2245 -0.0930 -0.9700
vn 0.1719 -0.1718 -0.9700
vn 0.1718 -0.1719 -0.9700
vn 0.0930 -0.2245 -0.9700
vn -0.0000 -0.2430 -0.9700
vn -0.0930 -0.2245 -0.9700
vn -0.1718 -0.1719 -0.9700
vn -0.1719 -0.1718 -0.9700
vn -0.2245 -0.0930 -0.9700
vn -0.2430 -0.0000 -0.9700
vn -0.2245 0.0930 -0.9700
vn -0.1719 0.1718 -0.9700
vn -0.1718 0.1719 -0.9700
vn -0.3517 -0.8763 -0.3293
vn -0.7193 -0.0094 -0.6946
vn -0.8006 -0.0082 -0.5992
vn -0.3926 -0.8749 -0.2835
vn -0.8642 -0.0071 -0.5031
vn -0.4249 -0.8737 -0.2370
vn 0.8003 0.0082 0.5995
vn 0.4060 0.8653 0.2939
vn 0.3657 0.8651 0.3433
vn 0.7190 0.0094 0.6950
vn 0.8353 0.5148 0.1930
vn -0.0042 0.9392 0.3433
vn 0.4840 0.7816 0.3935
vn 0.4374 0.8654 0.2446
vn -0.4266 0.8667 -0.2587
vn -0.3941 0.8668 -0.3053
vn -0.2423 -0.8788 -0.4110
vn -0.4985 -0.0114 -0.8668
vn -0.6188 -0.0105 -0.7855
vn -0.3017 -0.8776 -0.3726
vn -0.4405 -0.8746 -0.2025
vn 0.4669 -0.8519 0.2374
vn 0.4390 -0.8582 0.2660
vn -0.8398 0.5148 0.1723
vn -0.8520 -0.4525 -0.2632
vn -0.9999 0.0118 -0.0017
vn 0.9053 0.0061 0.4248
vn 0.8641 0.0071 0.5034
vn 0.4652 0.8584 0.2163
vn -0.3531 0.8671 -0.3514
vn -0.3029 0.8674 -0.3949
vn -0.1746 -0.8798 -0.4421
vn -0.3603 -0.0122 -0.9328
vn 0.4076 -0.8569 0.3156
vn -0.4423 0.8684 -0.2241
vn -0.8927 -0.0065 -0.4506
vn -0.7646 0.4698 -0.4411
vn 0.0448 -0.9989 -0.0137
vn -0.2434 0.8677 -0.4334
vn 0.8402 -0.4602 0.2869
vn -0.1004 -0.8804 -0.4634
vn -0.2078 -0.0127 -0.9781
vn 0.3153 0.8649 0.3905
vn -0.1755 0.8680 -0.4646
vn 0.3671 -0.8556 0.3650
vn -0.0227 -0.8806 -0.4732
vn -0.0475 -0.0129 -0.9988
vn 0.6184 0.0104 0.7858
vn 0.2546 0.8647 0.4330
vn -0.1012 0.8681 -0.4859
vn 0.3165 -0.8542 0.4124
vn 0.0552 -0.8804 -0.4711
vn 0.1133 -0.0128 -0.9935
vn 0.4981 0.0114 0.8670
vn 0.1842 0.8645 0.4677
vn -0.0233 0.8681 -0.4958
vn 0.2556 -0.8530 0.4550
vn 0.1299 -0.8797 -0.4574
vn 0.2666 -0.0123 -0.9637
vn 0.3598 0.0122 0.9329
vn 0.1063 0.8644 0.4915
vn 0.0547 0.8679 -0.4936
vn 0.1851 -0.8520 0.4898
vn 0.1988 -0.8787 -0.4340
vn 0.4074 -0.0117 -0.9132
vn 0.2076 0.0127 0.9781
vn 0.0241 0.8644 0.5022
vn 0.1294 0.8677 -0.4800
vn 0.1070 -0.8514 0.5136
vn 0.2601 -0.8775 -0.4028
vn 0.5316 -0.0108 -0.8469
vn 0.0475 0.0129 0.9988
vn -0.0582 0.8645 0.4992
vn 0.1983 0.8673 -0.4565
vn 0.0247 -0.8511 0.5244
vn 0.3131 -0.8763 -0.3662
vn 0.6380 -0.0097 -0.7699
vn -0.1128 0.0128 0.9935
vn -0.1368 0.8648 0.4832
vn 0.2596 0.8670 -0.4253
vn -0.0577 -0.8514 0.5213
vn 0.3576 -0.8750 -0.3263
vn 0.7269 -0.0086 -0.6867
vn -0.2662 0.0123 0.9638
vn -0.2084 0.8650 0.4564
vn 0.3125 0.8667 -0.3887
vn -0.1363 -0.8521 0.5053
vn 0.3942 -0.8738 -0.2847
vn 0.7994 -0.0075 -0.6007
vn -0.4068 0.0117 0.9134
vn -0.2714 0.8653 0.4215
vn 0.3570 0.8665 -0.3488
vn -0.2080 -0.8531 0.4785
vn 0.4173 -0.8737 -0.2502
vn 0.8471 -0.0066 -0.5314
vn -0.5311 0.0108 0.8472
vn -0.3250 0.8655 0.3812
vn 0.3936 0.8664 -0.3073
vn -0.2709 -0.8543 0.4436
vn 0.4247 -0.8742 -0.2355
vn 0.8643 -0.0061 -0.5029
vn -0.6377 0.0098 0.7703
vn -0.3695 0.8656 0.3379
vn 0.4165 0.8672 -0.2729
vn -0.3245 -0.8555 0.4034
vn -0.7266 0.0086 0.6870
vn -0.4056 0.8657 0.2935
vn 0.4239 0.8681 -0.2582
vn -0.3689 -0.8568 0.3603
vn 0.0060 -0.8728 -0.4881
vn -0.4961 -0.7679 -0.4053
vn -0.7992 0.0075 0.6010
vn -0.4603 0.8505 0.2546
vn -0.4049 -0.8580 0.3159
vn -0.8659 0.0062 0.5002
vn -0.4958 0.8351 0.2382
vn -0.4596 -0.8439 0.2767
vn 0.9997 0.0118 0.0231
vn 0.8583 -0.4525 -0.2420
vn -0.8935 0.0056 0.4491
vn 0.9998 0.0065 0.0164
vn 0.4911 0.7414 0.4573
vn 0.4896 0.6837 0.5411
vn 0.9998 0.0068 0.0178
vn -0.4936 0.7817 0.3813
vn 0.5059 -0.7679 -0.3929
vn -0.4951 -0.8290 0.2599
vn -0.5029 0.6837 0.5288
vn -1.0000 0.0069 -0.0070
vn -1.0000 0.0070 -0.0053
vn -0.5034 0.6111 0.6108
vn -0.5023 0.7414 0.4450
vn -0.4968 -0.6078 -0.6195
vn -0.4972 -0.6804 -0.5383
vn -0.9999 0.0065 -0.0084
vn -0.4978 -0.7382 -0.4553
vn 0.4881 0.6111 0.6231
vn 0.9998 0.0069 0.0195
vn 0.8411 0.4707 0.2664
vn 0.0396 0.9985 -0.0374
vn 0.4678 0.8588 0.2089
vn -0.4961 -0.4161 -0.7621
vn -1.0000 0.0058 -0.0016
vn -1.0000 0.0067 -0.0034
vn -0.4964 -0.5196 -0.6954
vn 0.5089 -0.7383 -0.4428
vn -0.5038 0.5227 0.6877
vn -0.4958 -0.2990 -0.8153
vn -1.0000 0.0044 -0.0000
vn 0.5104 -0.6805 -0.5258
vn -0.5043 0.4188 0.7552
vn -0.4956 -0.1719 -0.8514
vn -1.0000 0.0025 0.0011
vn 0.4866 0.5227 0.7000
vn -0.5046 0.3010 0.8092
vn 0.5120 -0.6078 -0.6070
vn -0.4955 -0.0393 -0.8677
vn -1.0000 0.0003 0.0014
vn 0.9997 0.0067 0.0213
vn 0.4854 0.4188 0.7675
vn -0.5048 0.1730 0.8457
vn 0.5135 -0.5196 -0.6829
vn -0.4954 0.0932 -0.8636
vn -1.0000 -0.0019 0.0010
vn 0.9997 0.0059 0.0231
vn 0.4844 0.3011 0.8214
vn -0.5049 0.0394 0.8623
vn 0.5148 -0.4160 -0.7496
vn -0.4955 0.2205 -0.8402
vn -1.0000 -0.0038 -0.0000
vn 0.9997 0.0046 0.0246
vn 0.4838 0.1732 0.8579
vn -0.5050 -0.0942 0.8580
vn 0.5159 -0.2989 -0.8028
vn -0.4957 0.3384 -0.7999
vn -1.0000 -0.0053 -0.0016
vn 0.9997 0.0029 0.0257
vn 0.4836 0.0397 0.8744
vn -0.5049 -0.2225 0.8340
vn 0.5165 -0.1717 -0.8389
vn -0.4959 0.4441 -0.7463
vn -1.0000 -0.0063 -0.0033
vn 0.9997 0.0009 0.0259
vn 0.4838 -0.0938 0.8702
vn -0.5047 -0.3412 0.7930
vn 0.5167 -0.0390 -0.8553
vn -0.4963 0.5360 -0.6829
vn -1.0000 -0.0069 -0.0051
vn 0.9997 -0.0010 0.0256
vn 0.4844 -0.2219 0.8462
vn -0.5043 -0.4475 0.7385
vn 0.5164 0.0936 -0.8512
vn -0.4968 0.6142 -0.6132
vn -1.0000 -0.0071 -0.0067
vn 0.9997 -0.0026 0.0246
vn 0.4853 -0.3405 0.8053
vn -0.5039 -0.5399 0.6742
vn 0.5158 0.2211 -0.8277
vn -0.4973 0.6790 -0.5401
vn -0.9999 -0.0071 -0.0082
vn 0.9997 -0.0038 0.0232
vn 0.4866 -0.4466 0.7509
vn -0.5034 -0.6182 0.6036
vn 0.5147 0.3392 -0.7874
vn -0.4903 0.7280 -0.4791
vn -0.9997 -0.0224 -0.0059
vn 0.9998 -0.0045 0.0216
vn 0.4879 -0.5388 0.6867
vn -0.5028 -0.6831 0.5297
vn 0.5135 0.4450 -0.7337
vn -0.4829 0.7492 -0.4533
vn -0.9993 -0.0379 -0.0029
vn 0.9998 -0.0048 0.0201
vn 0.4894 -0.6170 0.6162
vn -0.4835 -0.7508 0.4501
vn 0.5121 0.5371 -0.6703
vn 0.9998 -0.0048 0.0186
vn 0.4908 -0.6818 0.5424
vn -0.4656 -0.7839 0.4107
vn 0.5106 0.6154 -0.6005
vn 0.9998 -0.0045 0.0174
vn 0.4737 -0.7494 0.4626
vn 0.5091 0.6804 -0.5272
vn 0.9996 -0.0194 0.0200
vn 0.4568 -0.7826 0.4229
vn 0.5006 0.7294 -0.4662
vn 0.9991 -0.0347 0.0231
vn 0.9998 0.0068 0.0179
vn -0.4936 0.7816 0.3814
vn 0.4924 0.7510 -0.4399
vn -0.7746 0.4730 -0.4197
vn -0.7738 -0.4842 -0.4083
vn -0.9013 -0.0060 -0.4332
vn -0.5042 0.4188 0.7553
vn -1.0000 0.0025 0.0010
vn 0.4867 0.5227 0.6999
vn -0.4955 0.0932 -0.8636
vn 0.5158 -0.2989 -0.8029
vn 0.4835 0.0397 0.8744
vn -0.4959 0.4440 -0.7463
vn -0.4962 0.5361 -0.6829
vn 0.5165 0.0936 -0.8512
vn -0.5034 -0.6182 0.6037
vn 0.5148 0.3391 -0.7874
vn -0.5028 -0.6831 0.5296
vn 0.4893 -0.6170 0.6163
vn 0.0416 -0.9990 -0.0138
vn -0.4449 -0.8741 -0.1951
vn 0.5005 0.7294 -0.4662
vn 0.9116 0.0057 0.4111
vn 0.8419 -0.4629 0.2773
vn 0.8734 0.0065 0.4870
vn 0.4419 0.8653 0.2366
vn 0.4121 0.8652 0.2857
vn 0.8126 0.0076 0.5827
vn -0.4466 0.8684 -0.2157
vn 0.4694 -0.8528 0.2290
vn -0.4004 0.8670 -0.2967
vn -0.8129 -0.0077 -0.5823
vn -0.7343 -0.0088 -0.6787
vn -0.3606 0.8673 -0.3432
vn -0.4314 0.8667 -0.2503
vn -0.3593 -0.8759 -0.3221
vn -0.3989 -0.8745 -0.2759
vn -0.8735 -0.0066 -0.4868
vn -0.4298 -0.8732 -0.2296
vn 0.3733 0.8649 0.3356
vn 0.7339 0.0087 0.6792
vn -0.2503 -0.8786 -0.4066
vn -0.5151 -0.0108 -0.8571
vn -0.6355 -0.0098 -0.7721
vn -0.3099 -0.8773 -0.3666
vn 0.4434 -0.8587 0.2571
vn 0.0426 0.9984 -0.0383
vn -0.3110 0.8677 -0.3878
vn -0.1812 -0.8798 -0.4395
vn -0.3742 -0.0116 -0.9273
vn 0.4136 -0.8574 0.3064
vn -0.2513 0.8681 -0.4280
vn -0.1046 -0.8805 -0.4623
vn -0.2167 -0.0121 -0.9762
vn 0.3238 0.8646 0.3842
vn -0.1821 0.8685 -0.4610
vn 0.3745 -0.8560 0.3563
vn -0.0237 -0.8808 -0.4730
vn -0.0496 -0.0123 -0.9987
vn 0.6350 0.0098 0.7725
vn 0.2631 0.8642 0.4288
vn -0.1053 0.8688 -0.4838
vn 0.3250 -0.8546 0.4051
vn 0.0575 -0.8805 -0.4706
vn 0.1181 -0.0122 -0.9929
vn 0.5145 0.0108 0.8574
vn 0.1915 0.8639 0.4658
vn -0.0243 0.8689 -0.4945
vn 0.2641 -0.8532 0.4498
vn 0.1352 -0.8797 -0.4559
vn 0.2778 -0.0117 -0.9606
vn 0.3737 0.0115 0.9275
vn 0.1109 0.8637 0.4916
vn 0.0570 0.8687 -0.4921
vn 0.1923 -0.8521 0.4868
vn 0.2061 -0.8786 -0.4308
vn 0.4223 -0.0110 -0.9064
vn 0.2163 0.0121 0.9762
vn 0.0252 0.8637 0.5033
vn 0.1347 0.8683 -0.4774
vn 0.1116 -0.8513 0.5126
vn 0.2683 -0.8773 -0.3980
vn 0.5484 -0.0101 -0.8362
vn 0.0496 0.0123 0.9987
vn -0.0609 0.8639 0.5001
vn 0.2055 0.8679 -0.4523
vn 0.0258 -0.8511 0.5244
vn 0.3212 -0.8759 -0.3599
vn 0.6545 -0.0091 -0.7560
vn -0.1177 0.0122 0.9930
vn -0.1425 0.8642 0.4826
vn 0.2677 0.8674 -0.4194
vn -0.0603 -0.8513 0.5211
vn 0.3650 -0.8746 -0.3190
vn 0.7417 -0.0080 -0.6707
vn -0.2771 0.0117 0.9608
vn -0.2163 0.8645 0.4537
vn 0.3206 0.8671 -0.3814
vn -0.1420 -0.8521 0.5037
vn 0.4005 -0.8734 -0.2770
vn 0.8118 -0.0069 -0.5839
vn -0.4218 0.0110 0.9066
vn -0.2801 0.8649 0.4166
vn 0.3644 0.8668 -0.3405
vn -0.2158 -0.8532 0.4748
vn 0.4230 -0.8732 -0.2420
vn 0.8581 -0.0060 -0.5135
vn -0.5479 0.0101 0.8365
vn -0.3334 0.8652 0.3746
vn 0.3998 0.8666 -0.2986
vn -0.2795 -0.8545 0.4378
vn 0.4302 -0.8737 -0.2269
vn 0.8750 -0.0055 -0.4841
vn -0.6541 0.0091 0.7563
vn -0.3769 0.8654 0.3302
vn 0.4221 0.8673 -0.2637
vn -0.3328 -0.8559 0.3958
vn -0.7414 0.0080 0.6710
vn -0.4117 0.8655 0.2854
vn 0.4294 0.8682 -0.2486
vn -0.3763 -0.8572 0.3515
vn -0.8116 0.0069 0.5841
vn -0.4633 0.8514 0.2461
vn -0.4110 -0.8585 0.3068
vn -0.8745 0.0057 0.4849
vn -0.4966 0.8371 0.2294
vn -0.4625 -0.8454 0.2672
vn -0.9004 0.0052 0.4351
vn -0.4958 -0.8316 0.2502
vn -0.7638 -0.4821 -0.4292
vn 0.8393 0.4687 0.2755
vt 0.479124 0.627935
vt 0.442301 0.591112
vt 0.422373 0.543001
vt 0.422373 0.490926
vt 0.442301 0.442815
vt 0.479124 0.405992
vt 0.527235 0.386064
vt 0.579310 0.386064
vt 0.627421 0.405992
vt 0.664244 0.442815
vt 0.684172 0.490926
vt 0.684172 0.543001
vt 0.664244 0.591112
vt 0.627421 0.627935
vt 0.579310 0.647863
vt 0.527235 0.647863
vt 0.170976 0.444958
vt 0.209189 0.406745
vt 0.259118 0.386064
vt 0.313160 0.386064
vt 0.363088 0.406745
vt 0.401302 0.444958
vt 0.421983 0.494887
vt 0.421983 0.548929
vt 0.401302 0.598857
vt 0.363088 0.637071
vt 0.313160 0.657752
vt 0.259118 0.657752
vt 0.209189 0.637071
vt 0.170976 0.598857
vt 0.150295 0.548929
vt 0.150295 0.494887
vt 0.269347 0.194793
vt 0.246299 0.195467
vt 0.245283 0.178442
vt 0.268406 0.176516
vt 0.441204 0.191103
vt 0.415226 0.191441
vt 0.415361 0.174311
vt 0.441676 0.175687
vt 0.290594 0.194195
vt 0.289847 0.175106
vt 0.472422 0.190612
vt 0.473067 0.177664
vt 0.310842 0.193605
vt 0.310191 0.174000
vt 0.711017 0.546460
vt 0.684562 0.546825
vt 0.685410 0.536625
vt 0.711437 0.541343
vt 0.330638 0.193106
vt 0.330115 0.173376
vt 0.711013 0.438904
vt 0.737469 0.439272
vt 0.711430 0.444022
vt 0.737478 0.546090
vt 0.350401 0.192718
vt 0.350067 0.173099
vt 0.684562 0.438514
vt 0.685400 0.448710
vt 0.370689 0.192319
vt 0.370494 0.173168
vt 0.220422 0.196281
vt 0.189225 0.197304
vt 0.188000 0.184374
vt 0.219265 0.180997
vt 0.392035 0.191892
vt 0.392126 0.173496
vt 0.217151 0.165742
vt 0.243266 0.161314
vt 0.392982 0.154869
vt 0.416680 0.156975
vt 0.266524 0.158043
vt 0.443144 0.160252
vt 0.288331 0.155721
vt 0.474052 0.164730
vt 0.309198 0.154144
vt 0.688196 0.526776
vt 0.712845 0.536404
vt 0.329569 0.153283
vt 0.712835 0.448963
vt 0.350031 0.153131
vt 0.688173 0.458556
vt 0.370997 0.153672
vt 0.186498 0.171482
vt 0.307697 0.133632
vt 0.328946 0.132450
vt 0.715165 0.453543
vt 0.715169 0.531821
vt 0.350292 0.132487
vt 0.692782 0.467692
vt 0.372139 0.133547
vt 0.183321 0.158953
vt 0.213914 0.150476
vt 0.394785 0.135800
vt 0.239941 0.144005
vt 0.419120 0.139377
vt 0.263817 0.139270
vt 0.445788 0.144742
vt 0.286178 0.135929
vt 0.476736 0.152064
vt 0.692820 0.517648
vt 0.397800 0.115925
vt 0.422903 0.121335
vt 0.235452 0.126454
vt 0.259778 0.119823
vt 0.449860 0.129118
vt 0.283128 0.115192
vt 0.480572 0.139547
vt 0.305837 0.112044
vt 0.699104 0.509572
vt 0.718341 0.527775
vt 0.328348 0.110718
vt 0.718335 0.457593
vt 0.350913 0.110876
vt 0.699057 0.475778
vt 0.373885 0.112661
vt 0.179588 0.146537
vt 0.209235 0.135258
vt 0.722229 0.460962
vt 0.722230 0.524402
vt 0.327574 0.087303
vt 0.351986 0.087675
vt 0.706763 0.482516
vt 0.376740 0.090322
vt 0.174597 0.134678
vt 0.202990 0.120162
vt 0.402043 0.095212
vt 0.229178 0.108509
vt 0.428322 0.102747
vt 0.254453 0.099695
vt 0.455554 0.113431
vt 0.279008 0.093364
vt 0.485659 0.127328
vt 0.303316 0.089147
vt 0.706812 0.502854
vt 0.221032 0.090310
vt 0.247067 0.078329
vt 0.435661 0.083639
vt 0.463128 0.097825
vt 0.273394 0.069871
vt 0.492115 0.115605
vt 0.299915 0.064312
vt 0.715647 0.497731
vt 0.726703 0.521833
vt 0.326628 0.061596
vt 0.726704 0.463525
vt 0.353650 0.062288
vt 0.715611 0.487661
vt 0.380893 0.066099
vt 0.167924 0.123689
vt 0.194975 0.105345
vt 0.408267 0.072982
vt 0.325497 0.033207
vt 0.356115 0.033961
vt 0.731598 0.465186
vt 0.725272 0.491029
vt 0.386831 0.039379
vt 0.159830 0.113522
vt 0.184690 0.091011
vt 0.416776 0.049350
vt 0.210128 0.071627
vt 0.445630 0.063932
vt 0.237302 0.055807
vt 0.473161 0.082453
vt 0.265773 0.044110
vt 0.500061 0.104627
vt 0.295306 0.036376
vt 0.725294 0.494373
vt 0.731594 0.520173
vt 0.459385 0.043382
vt 0.485889 0.067842
vt 0.224074 0.031929
vt 0.255097 0.015164
vt 0.509528 0.094725
vt 0.289078 0.005218
vt 0.735368 0.492899
vt 0.736734 0.519471
vt 0.323822 0.000195
vt 0.736735 0.465884
vt 0.359635 0.001108
vt 0.735389 0.492509
vt 0.395631 0.008678
vt 0.150295 0.104476
vt 0.171691 0.077608
vt 0.428807 0.023869
vt 0.195730 0.052624
vt 0.298766 0.382195
vt 0.265249 0.372830
vt 0.274106 0.344375
vt 0.303692 0.350343
vt 0.737478 0.572719
vt 0.736878 0.599337
vt 0.726737 0.598141
vt 0.732327 0.572165
vt 0.334533 0.385674
vt 0.333923 0.351986
vt 0.737469 0.412650
vt 0.732313 0.413208
vt 0.370174 0.380929
vt 0.364092 0.349229
vt 0.736842 0.386064
vt 0.726735 0.387257
vt 0.403410 0.370366
vt 0.393504 0.342161
vt 0.179076 0.316567
vt 0.156542 0.290912
vt 0.165577 0.281473
vt 0.191215 0.302437
vt 0.435013 0.355370
vt 0.422051 0.330919
vt 0.204812 0.339406
vt 0.217730 0.320231
vt 0.462902 0.334622
vt 0.449210 0.315826
vt 0.233276 0.359023
vt 0.245279 0.334232
vt 0.487943 0.310693
vt 0.475258 0.296952
vt 0.509528 0.284165
vt 0.500129 0.275058
vt 0.386347 0.316572
vt 0.412650 0.308312
vt 0.200553 0.287721
vt 0.227363 0.301224
vt 0.438797 0.297075
vt 0.253779 0.311394
vt 0.465247 0.282455
vt 0.280277 0.318615
vt 0.492329 0.264673
vt 0.306801 0.322575
vt 0.717006 0.595055
vt 0.727386 0.570635
vt 0.333386 0.323473
vt 0.727377 0.414738
vt 0.359937 0.321556
vt 0.717009 0.390334
vt 0.173124 0.271055
vt 0.708022 0.590171
vt 0.722842 0.568201
vt 0.308816 0.297705
vt 0.332892 0.298173
vt 0.722836 0.417172
vt 0.356947 0.296747
vt 0.708028 0.395211
vt 0.381151 0.293139
vt 0.178964 0.259692
vt 0.207744 0.272633
vt 0.405736 0.287071
vt 0.234462 0.282662
vt 0.430929 0.278686
vt 0.259829 0.289999
vt 0.457439 0.267539
vt 0.284541 0.295068
vt 0.486030 0.253400
vt 0.400651 0.266889
vt 0.425050 0.260702
vt 0.239578 0.264577
vt 0.264072 0.269724
vt 0.451463 0.252403
vt 0.287441 0.273184
vt 0.481105 0.241500
vt 0.310099 0.274878
vt 0.700133 0.583668
vt 0.718859 0.564936
vt 0.332423 0.275052
vt 0.718855 0.420435
vt 0.354738 0.273957
vt 0.700139 0.401708
vt 0.377355 0.271324
vt 0.183403 0.247767
vt 0.213079 0.257407
vt 0.715573 0.424390
vt 0.715583 0.560972
vt 0.331970 0.253429
vt 0.353089 0.252577
vt 0.693634 0.409602
vt 0.374603 0.250677
vt 0.186565 0.235462
vt 0.216848 0.242139
vt 0.396966 0.247504
vt 0.243096 0.246912
vt 0.420761 0.243076
vt 0.266924 0.250295
vt 0.447031 0.237156
vt 0.289318 0.252503
vt 0.477436 0.229151
vt 0.310847 0.253479
vt 0.693624 0.575770
vt 0.245277 0.229575
vt 0.268660 0.231471
vt 0.417790 0.225722
vt 0.443923 0.221845
vt 0.290380 0.232651
vt 0.474923 0.216474
vt 0.311177 0.233043
vt 0.688748 0.566766
vt 0.713124 0.556462
vt 0.331523 0.232810
vt 0.713113 0.428900
vt 0.351871 0.232146
vt 0.688762 0.418591
vt 0.372672 0.230829
vt 0.188549 0.222900
vt 0.219272 0.226863
vt 0.394397 0.228680
vt 0.331078 0.212811
vt 0.350998 0.212301
vt 0.711577 0.433801
vt 0.685699 0.428346
vt 0.371437 0.211466
vt 0.189425 0.210165
vt 0.220524 0.211578
vt 0.392752 0.210205
vt 0.246273 0.212469
vt 0.415968 0.208544
vt 0.269464 0.213039
vt 0.441967 0.206482
vt 0.290741 0.213310
vt 0.473493 0.203543
vt 0.311158 0.213201
vt 0.685692 0.556998
vt 0.711579 0.551564
vt 0.111204 0.483168
vt 0.112233 0.423613
vt 0.122366 0.423693
vt 0.121701 0.483248
vt 0.075099 0.423921
vt 0.074455 0.482791
vt 0.064007 0.482712
vt 0.065062 0.423821
vt 0.112311 0.364100
vt 0.122633 0.364090
vt 0.075410 0.364952
vt 0.065143 0.364914
vt 0.112163 0.304803
vt 0.122715 0.304785
vt 0.075320 0.305698
vt 0.065013 0.305729
vt 0.112036 0.244914
vt 0.122425 0.244816
vt 0.075056 0.246049
vt 0.064539 0.246143
vt 0.110971 0.185344
vt 0.121056 0.185096
vt 0.074140 0.186885
vt 0.064124 0.187039
vt 0.109134 0.126304
vt 0.119611 0.126061
vt 0.072846 0.128219
vt 0.062597 0.128513
vt 0.108280 0.066248
vt 0.118741 0.066502
vt 0.070983 0.068099
vt 0.060181 0.068867
vt 0.111902 0.000445
vt 0.123294 0.002842
vt 0.064480 0.000195
vt 0.052766 0.003102
vt 0.103769 0.999805
vt 0.103249 0.920855
vt 0.115597 0.920894
vt 0.117852 0.997601
vt 0.060591 0.919204
vt 0.049289 0.994935
vt 0.036357 0.990990
vt 0.048500 0.917802
vt 0.105733 0.852390
vt 0.117255 0.852707
vt 0.064989 0.851595
vt 0.053830 0.850879
vt 0.107682 0.787450
vt 0.118816 0.787725
vt 0.068068 0.787156
vt 0.057010 0.786669
vt 0.109107 0.724077
vt 0.119985 0.724270
vt 0.070269 0.723885
vt 0.059215 0.723528
vt 0.110044 0.662157
vt 0.120689 0.662288
vt 0.071873 0.662188
vt 0.061499 0.661871
vt 0.110722 0.601510
vt 0.121148 0.601620
vt 0.073295 0.601854
vt 0.062871 0.601611
vt 0.111395 0.542160
vt 0.121445 0.542202
vt 0.074278 0.542057
vt 0.063934 0.541939
vt 0.030935 0.482372
vt 0.034419 0.423543
vt 0.032071 0.364917
vt 0.033047 0.541543
vt 0.034255 0.305890
vt 0.031348 0.246388
vt 0.033636 0.187457
vt 0.030018 0.129614
vt 0.029420 0.071638
vt 0.019800 0.014522
vt 0.000195 0.976318
vt 0.014218 0.913049
vt 0.017810 0.848392
vt 0.024113 0.785020
vt 0.024350 0.722121
vt 0.029864 0.660692
vt 0.029347 0.600809
vt 0.149691 0.424129
vt 0.146848 0.483671
vt 0.147532 0.542729
vt 0.148881 0.364430
vt 0.148008 0.304964
vt 0.149905 0.244656
vt 0.147307 0.184826
vt 0.145432 0.126033
vt 0.144367 0.067763
vt 0.149592 0.010619
vt 0.146685 0.920635
vt 0.149905 0.989656
vt 0.146419 0.853659
vt 0.147132 0.788805
vt 0.147682 0.725210
vt 0.147787 0.663065
vt 0.147706 0.602317
vt 0.605350 0.277774
vt 0.613647 0.277711
vt 0.613696 0.298114
vt 0.605531 0.298191
vt 0.613811 0.319749
vt 0.605750 0.319844
vt 0.589901 0.298395
vt 0.582176 0.298550
vt 0.581813 0.278131
vt 0.589585 0.277968
vt 0.640672 0.349748
vt 0.634694 0.351091
vt 0.637847 0.336154
vt 0.582547 0.320208
vt 0.574722 0.320324
vt 0.574272 0.298674
vt 0.605111 0.239754
vt 0.613723 0.239725
vt 0.613657 0.258327
vt 0.605210 0.258374
vt 0.606020 0.342881
vt 0.598260 0.343084
vt 0.597926 0.319970
vt 0.666387 0.349761
vt 0.661175 0.346998
vt 0.663474 0.336608
vt 0.590594 0.343194
vt 0.590236 0.320060
vt 0.582928 0.343321
vt 0.573821 0.278261
vt 0.565526 0.278455
vt 0.564917 0.259080
vt 0.573362 0.258866
vt 0.605052 0.221658
vt 0.613839 0.221641
vt 0.597627 0.298311
vt 0.575165 0.343357
vt 0.567167 0.343490
vt 0.566662 0.320478
vt 0.614019 0.342765
vt 0.566109 0.298849
vt 0.571776 0.352575
vt 0.602381 0.355511
vt 0.564276 0.240490
vt 0.572884 0.240253
vt 0.594956 0.358914
vt 0.605016 0.203814
vt 0.613973 0.203781
vt 0.581454 0.258728
vt 0.563601 0.222418
vt 0.572384 0.222163
vt 0.597359 0.277891
vt 0.604976 0.185980
vt 0.614019 0.185847
vt 0.589285 0.258557
vt 0.581093 0.240104
vt 0.562914 0.204571
vt 0.571868 0.204327
vt 0.597117 0.258486
vt 0.604486 0.168120
vt 0.613443 0.167888
vt 0.588997 0.239923
vt 0.580723 0.222005
vt 0.562315 0.186647
vt 0.571356 0.186501
vt 0.596903 0.239860
vt 0.603988 0.150188
vt 0.612779 0.149943
vt 0.588717 0.221814
vt 0.580350 0.204171
vt 0.562334 0.168679
vt 0.571295 0.168634
vt 0.596713 0.221758
vt 0.603499 0.131962
vt 0.612121 0.131731
vt 0.588441 0.203979
vt 0.580021 0.186361
vt 0.562443 0.150722
vt 0.571237 0.150695
vt 0.596534 0.203920
vt 0.603028 0.113202
vt 0.611489 0.112990
vt 0.588167 0.186234
vt 0.579785 0.168518
vt 0.562538 0.132498
vt 0.571162 0.132463
vt 0.596312 0.186109
vt 0.602567 0.093685
vt 0.610884 0.093490
vt 0.587891 0.168455
vt 0.579594 0.150588
vt 0.562589 0.113747
vt 0.571053 0.113697
vt 0.595996 0.168267
vt 0.602111 0.073212
vt 0.610296 0.073030
vt 0.587614 0.150527
vt 0.579394 0.132354
vt 0.562591 0.094237
vt 0.570910 0.094175
vt 0.595632 0.150340
vt 0.601648 0.051608
vt 0.609718 0.051435
vt 0.587332 0.132288
vt 0.579174 0.113584
vt 0.562546 0.073769
vt 0.570733 0.073698
vt 0.595268 0.132108
vt 0.601138 0.028747
vt 0.609133 0.028575
vt 0.587041 0.113512
vt 0.578931 0.094060
vt 0.562456 0.052166
vt 0.570527 0.052089
vt 0.594908 0.113341
vt 0.600408 0.005789
vt 0.608242 0.007576
vt 0.586739 0.093982
vt 0.578665 0.073583
vt 0.562333 0.029299
vt 0.570329 0.029224
vt 0.594546 0.093819
vt 0.586422 0.073500
vt 0.578375 0.051975
vt 0.570348 0.006249
vt 0.562575 0.008282
vt 0.594178 0.073343
vt 0.655406 0.345786
vt 0.657696 0.336691
vt 0.586088 0.051888
vt 0.578075 0.029113
vt 0.593800 0.051736
vt 0.585734 0.029017
vt 0.577378 0.002226
vt 0.593393 0.028876
vt 0.680333 0.336320
vt 0.683055 0.346538
vt 0.677973 0.349521
vt 0.585289 0.000195
vt 0.680092 0.314432
vt 0.674392 0.314508
vt 0.674089 0.293779
vt 0.679853 0.293704
vt 0.674725 0.336424
vt 0.672209 0.351055
vt 0.669106 0.336512
vt 0.688729 0.345049
vt 0.686022 0.336193
vt 0.593258 0.001985
vt 0.668365 0.293845
vt 0.662601 0.293956
vt 0.662181 0.274247
vt 0.668015 0.274129
vt 0.668724 0.314577
vt 0.656181 0.274381
vt 0.656697 0.294081
vt 0.663023 0.314683
vt 0.657203 0.314799
vt 0.673799 0.274064
vt 0.679634 0.273991
vt 0.534378 0.365565
vt 0.526759 0.362474
vt 0.530538 0.349443
vt 0.655099 0.237218
vt 0.661319 0.237060
vt 0.661755 0.255354
vt 0.655650 0.255499
vt 0.691820 0.336255
vt 0.685875 0.314351
vt 0.691739 0.314331
vt 0.628769 0.349529
vt 0.623538 0.346479
vt 0.626313 0.335961
vt 0.667669 0.255229
vt 0.654524 0.219301
vt 0.660869 0.219133
vt 0.685719 0.293625
vt 0.667323 0.236927
vt 0.653934 0.201492
vt 0.660413 0.201327
vt 0.691681 0.293613
vt 0.673522 0.255164
vt 0.666975 0.218993
vt 0.685595 0.273912
vt 0.653390 0.183504
vt 0.659997 0.183407
vt 0.691665 0.273912
vt 0.679437 0.255093
vt 0.673256 0.236863
vt 0.666632 0.201191
vt 0.685501 0.255016
vt 0.653390 0.165431
vt 0.659901 0.165404
vt 0.691690 0.255029
vt 0.679261 0.236794
vt 0.672998 0.218931
vt 0.666356 0.183319
vt 0.685438 0.236721
vt 0.653438 0.147368
vt 0.659849 0.147348
vt 0.691755 0.236747
vt 0.679104 0.218865
vt 0.672750 0.201134
vt 0.666155 0.165367
vt 0.685402 0.218795
vt 0.653476 0.129054
vt 0.659791 0.129031
vt 0.691853 0.218830
vt 0.678962 0.201072
vt 0.672490 0.183284
vt 0.666025 0.147319
vt 0.685384 0.200999
vt 0.653496 0.110265
vt 0.659717 0.110245
vt 0.691963 0.201028
vt 0.678825 0.183208
vt 0.672311 0.165346
vt 0.665896 0.128999
vt 0.685379 0.183137
vt 0.653529 0.090827
vt 0.659666 0.090803
vt 0.692007 0.183091
vt 0.678560 0.165265
vt 0.672121 0.147304
vt 0.665748 0.110215
vt 0.685014 0.165203
vt 0.653505 0.070551
vt 0.659557 0.070521
vt 0.691625 0.165090
vt 0.678299 0.147226
vt 0.671931 0.128981
vt 0.665643 0.090770
vt 0.684663 0.147162
vt 0.653477 0.049283
vt 0.659444 0.049257
vt 0.691180 0.147041
vt 0.678040 0.128905
vt 0.671727 0.110173
vt 0.665468 0.070482
vt 0.684316 0.128840
vt 0.653469 0.026932
vt 0.659359 0.026913
vt 0.690738 0.128723
vt 0.677767 0.110102
vt 0.671570 0.090715
vt 0.665297 0.049221
vt 0.683946 0.110037
vt 0.653979 0.005443
vt 0.659338 0.002828
vt 0.690295 0.109895
vt 0.677542 0.090645
vt 0.671339 0.070452
vt 0.665113 0.026900
vt 0.683643 0.090581
vt 0.689810 0.090462
vt 0.677249 0.070380
vt 0.671118 0.049189
vt 0.664789 0.000234
vt 0.683257 0.070313
vt 0.617695 0.344969
vt 0.620465 0.335841
vt 0.689402 0.070190
vt 0.676972 0.049116
vt 0.670880 0.026876
vt 0.682904 0.049043
vt 0.688922 0.048908
vt 0.676630 0.026788
vt 0.670836 0.000195
vt 0.682472 0.026710
vt 0.643626 0.336233
vt 0.646017 0.346895
vt 0.688418 0.026539
vt 0.676323 0.002735
vt 0.643998 0.313731
vt 0.638153 0.313645
vt 0.638441 0.292410
vt 0.644339 0.292500
vt 0.632079 0.336054
vt 0.651938 0.345631
vt 0.649557 0.336297
vt 0.681720 0.005285
vt 0.687686 0.005075
vt 0.632583 0.292309
vt 0.626680 0.292249
vt 0.626876 0.272094
vt 0.632829 0.272154
vt 0.632341 0.313548
vt 0.620798 0.272025
vt 0.620670 0.292178
vt 0.626495 0.313487
vt 0.620565 0.313417
vt 0.638731 0.272261
vt 0.644684 0.272355
vt 0.620929 0.234166
vt 0.627188 0.234241
vt 0.627032 0.252826
vt 0.620859 0.252751
vt 0.614475 0.335917
vt 0.614517 0.313378
vt 0.519241 0.359283
vt 0.511087 0.359719
vt 0.514640 0.349591
vt 0.649965 0.313824
vt 0.633052 0.252887
vt 0.620980 0.216042
vt 0.627331 0.216115
vt 0.650382 0.292600
vt 0.633274 0.234301
vt 0.621013 0.198136
vt 0.627459 0.198211
vt 0.614605 0.292156
vt 0.639005 0.252999
vt 0.633490 0.216171
vt 0.650809 0.272460
vt 0.621030 0.180255
vt 0.627580 0.180322
vt 0.614557 0.272023
vt 0.645021 0.253098
vt 0.639283 0.234419
vt 0.633697 0.198264
vt 0.651232 0.253210
vt 0.621405 0.162365
vt 0.627826 0.162428
vt 0.614547 0.252723
vt 0.645366 0.234526
vt 0.639564 0.216293
vt 0.633910 0.180383
vt 0.651668 0.234646
vt 0.621764 0.144458
vt 0.628067 0.144522
vt 0.614523 0.234142
vt 0.645722 0.216404
vt 0.639838 0.198381
vt 0.634041 0.162499
vt 0.652122 0.216532
vt 0.622111 0.126360
vt 0.628298 0.126420
vt 0.614471 0.216022
vt 0.646081 0.198487
vt 0.640040 0.180483
vt 0.634183 0.144588
vt 0.652585 0.198610
vt 0.622441 0.107862
vt 0.628519 0.107919
vt 0.614408 0.198108
vt 0.646396 0.180540
vt 0.640164 0.162576
vt 0.634320 0.126482
vt 0.653000 0.180596
vt 0.622759 0.088771
vt 0.628735 0.088827
vt 0.614408 0.180160
vt 0.646389 0.162583
vt 0.640221 0.144658
vt 0.634456 0.107976
vt 0.652869 0.162568
vt 0.623083 0.068911
vt 0.628969 0.068966
vt 0.614831 0.162197
vt 0.646340 0.144657
vt 0.640273 0.126548
vt 0.634589 0.088885
vt 0.652691 0.144635
vt 0.623373 0.048111
vt 0.629180 0.048159
vt 0.615317 0.144288
vt 0.646296 0.126550
vt 0.640334 0.108039
vt 0.634759 0.069023
vt 0.652527 0.126534
vt 0.623714 0.026254
vt 0.629434 0.026295
vt 0.615793 0.126202
vt 0.646271 0.108045
vt 0.640402 0.088927
vt 0.634913 0.048210
vt 0.652392 0.108037
vt 0.624315 0.005238
vt 0.629586 0.002705
vt 0.616246 0.107718
vt 0.646267 0.088941
vt 0.640511 0.069037
vt 0.635069 0.026350
vt 0.652289 0.088944
vt 0.616679 0.088639
vt 0.646304 0.069057
vt 0.640614 0.048222
vt 0.634951 0.000195
vt 0.652233 0.069066
vt 0.557611 0.358722
vt 0.550193 0.362138
vt 0.553863 0.349014
vt 0.617108 0.068791
vt 0.646346 0.048239
vt 0.640721 0.026371
vt 0.652190 0.048247
vt 0.617511 0.048020
vt 0.646359 0.026358
vt 0.640884 0.000195
vt 0.652134 0.026352
vt 0.538284 0.349325
vt 0.542666 0.365448
vt 0.617864 0.026119
vt 0.646250 0.002721
vt 0.537929 0.325300
vt 0.530165 0.325442
vt 0.529804 0.303062
vt 0.537599 0.302913
vt 0.522701 0.349473
vt 0.546030 0.349215
vt 0.651530 0.005257
vt 0.618503 0.005069
vt 0.561925 0.348893
vt 0.521838 0.303177
vt 0.513619 0.303341
vt 0.513056 0.282381
vt 0.521406 0.282200
vt 0.522273 0.325550
vt 0.553172 0.281731
vt 0.561524 0.281666
vt 0.561579 0.302633
vt 0.553360 0.302712
vt 0.561703 0.324992
vt 0.553585 0.325088
vt 0.529454 0.282081
vt 0.537289 0.281926
vt 0.552922 0.243037
vt 0.561592 0.243006
vt 0.561528 0.261872
vt 0.553026 0.261922
vt 0.545694 0.325213
vt 0.579194 0.355859
vt 0.512468 0.262596
vt 0.520968 0.262395
vt 0.552862 0.224798
vt 0.561713 0.224781
vt 0.545394 0.302832
vt 0.514156 0.325693
vt 0.511846 0.243740
vt 0.520514 0.243515
vt 0.552833 0.206905
vt 0.561860 0.206875
vt 0.529112 0.262271
vt 0.511188 0.225527
vt 0.520035 0.225283
vt 0.545124 0.281850
vt 0.552809 0.189076
vt 0.561925 0.188946
vt 0.536996 0.262107
vt 0.528770 0.243381
vt 0.510512 0.207633
vt 0.519537 0.207396
vt 0.544881 0.262038
vt 0.552322 0.171235
vt 0.561349 0.171007
vt 0.536717 0.243207
vt 0.528420 0.225139
vt 0.509918 0.189714
vt 0.519034 0.189575
vt 0.544666 0.243147
vt 0.551837 0.153296
vt 0.560690 0.153058
vt 0.536448 0.224954
vt 0.528065 0.207252
vt 0.509964 0.171766
vt 0.518994 0.171727
vt 0.544477 0.224901
vt 0.551367 0.134998
vt 0.560044 0.134777
vt 0.536184 0.207064
vt 0.527750 0.189442
vt 0.510092 0.153806
vt 0.518949 0.153782
vt 0.544304 0.207012
vt 0.550916 0.116065
vt 0.559430 0.115865
vt 0.535922 0.189320
vt 0.527528 0.171613
vt 0.510199 0.135513
vt 0.518879 0.135478
vt 0.544092 0.189201
vt 0.550477 0.096251
vt 0.558843 0.096067
vt 0.535659 0.171557
vt 0.527347 0.153674
vt 0.510254 0.116591
vt 0.518770 0.116540
vt 0.543788 0.171373
vt 0.550039 0.075341
vt 0.558274 0.075170
vt 0.535394 0.153619
vt 0.527152 0.135366
vt 0.510256 0.096785
vt 0.518624 0.096721
vt 0.543440 0.153436
vt 0.549594 0.053150
vt 0.557713 0.052989
vt 0.535124 0.135304
vt 0.526935 0.116425
vt 0.510208 0.075880
vt 0.518444 0.075808
vt 0.543093 0.135131
vt 0.549101 0.029547
vt 0.557149 0.029387
vt 0.534844 0.116355
vt 0.526693 0.096605
vt 0.510113 0.053691
vt 0.518234 0.053613
vt 0.542752 0.116191
vt 0.548416 0.005646
vt 0.556307 0.007393
vt 0.534551 0.096529
vt 0.526428 0.075693
vt 0.509981 0.030084
vt 0.518030 0.030006
vt 0.542408 0.096373
vt 0.534242 0.075612
vt 0.526139 0.053500
vt 0.518009 0.006090
vt 0.510173 0.008074
vt 0.542055 0.075462
vt 0.533914 0.053416
vt 0.525838 0.029895
vt 0.541689 0.053270
vt 0.533566 0.029800
vt 0.525155 0.002172
vt 0.541293 0.029667
vt 0.533129 0.000195
vt 0.541156 0.001941
vt 0.609692 0.351994
vt 0.586719 0.359036
vt 0.563681 0.353068
s 0
usemtl UV
f 2/1/1 32/2/1 30/3/1 28/4/1 26/5/1 24/6/1 22/7/1 20/8/1 18/9/1 16/10/1 14/11/1 12/12/1 10/13/1 8/14/1 6/15/1 4/16/1
f 1/17/2 3/18/2 5/19/2 7/20/2 9/21/2 11/22/2 13/23/2 15/24/2 17/25/2 19/26/2 21/27/2 23/28/2 25/29/2 27/30/2 29/31/2 31/32/2
f 35/33/3 283/34/4 44/35/5 45/36/6
f 287/37/7 286/38/8 52/39/9 53/40/10
f 284/41/11 35/33/12 45/36/13 46/42/14
f 288/43/15 287/37/7 53/40/10 54/44/16
f 36/45/17 284/41/18 46/42/19 47/46/20
f 289/47/21 288/48/15 54/49/22 55/50/23
f 37/51/1 36/45/17 47/46/20 48/52/24
f 281/53/25 33/54/26 41/55/27
f 40/56/28 289/47/21 55/50/29
f 38/57/30 37/51/1 48/52/24 49/58/31
f 282/59/32 281/53/25 41/55/33 42/60/34
f 285/61/35 38/57/30 49/58/31 50/62/36
f 34/63/37 282/64/32 42/65/38 43/66/39
f 39/67/40 285/61/41 50/62/42 51/68/43
f 283/34/4 34/63/37 43/66/39 44/35/5
f 286/38/8 39/67/44 51/68/45 52/39/9
f 44/35/5 43/66/39 58/69/46 59/70/47
f 52/39/9 51/68/45 66/71/48 67/72/49
f 45/36/6 44/35/5 59/70/47 60/73/50
f 53/40/10 52/39/9 67/72/49 68/74/51
f 46/42/52 45/36/13 60/73/53 61/75/54
f 54/44/55 53/40/10 68/74/51 69/76/56
f 47/46/20 46/42/57 61/75/58 62/77/59
f 55/50/23 54/49/60 69/78/61 70/79/62
f 48/52/24 47/46/20 62/77/63 63/80/64
f 41/55/27 33/54/26 56/81/65
f 40/56/28 55/50/29 70/79/66
f 49/58/31 48/52/24 63/80/67 64/82/68
f 42/60/34 41/55/33 56/81/69 57/83/70
f 50/62/71 49/58/31 64/82/72 65/84/73
f 43/66/39 42/65/74 57/85/75 58/69/46
f 51/68/43 50/62/76 65/84/77 66/71/78
f 63/80/67 62/77/63 77/86/79 78/87/80
f 56/81/65 33/54/26 71/88/81
f 40/56/28 70/79/66 85/89/82
f 64/82/68 63/80/67 78/87/80 79/90/83
f 57/83/70 56/81/84 71/88/85 72/91/86
f 65/84/87 64/82/68 79/90/83 80/92/88
f 58/69/46 57/85/75 72/93/86 73/94/89
f 66/71/90 65/84/91 80/92/92 81/95/93
f 59/70/47 58/69/46 73/94/89 74/96/94
f 67/72/49 66/71/48 81/95/95 82/97/96
f 60/73/50 59/70/47 74/96/94 75/98/97
f 68/74/51 67/72/49 82/97/96 83/99/98
f 61/75/99 60/73/53 75/98/100 76/100/101
f 69/76/56 68/74/51 83/99/98 84/101/102
f 62/77/63 61/75/103 76/100/104 77/86/79
f 70/79/62 69/78/61 84/102/102 85/89/105
f 82/97/106 81/95/95 96/103/107 97/104/108
f 75/98/97 74/96/109 89/105/110 90/106/111
f 83/99/98 82/97/96 97/104/108 98/107/112
f 76/100/113 75/98/114 90/106/115 91/108/116
f 84/101/102 83/99/98 98/107/112 99/109/117
f 77/86/79 76/100/118 91/108/119 92/110/120
f 85/89/82 84/102/102 99/111/121 100/112/122
f 78/87/123 77/86/79 92/110/120 93/113/124
f 71/88/81 33/54/26 86/114/125
f 40/56/28 85/89/82 100/112/126
f 79/90/83 78/87/127 93/113/124 94/115/128
f 72/91/86 71/88/81 86/114/129 87/116/130
f 80/92/131 79/90/83 94/115/128 95/117/132
f 73/94/89 72/93/86 87/118/133 88/119/134
f 81/95/135 80/92/136 95/117/137 96/103/138
f 74/96/94 73/94/89 88/119/139 89/105/110
f 86/114/125 33/54/26 101/120/140
f 40/56/28 100/112/126 115/121/141
f 94/115/128 93/113/124 108/122/142 109/123/143
f 87/116/130 86/114/129 101/120/140 102/124/144
f 95/117/145 94/115/128 109/123/143 110/125/146
f 88/119/134 87/118/147 102/126/144 103/127/148
f 96/103/138 95/117/149 110/125/150 111/128/151
f 89/105/110 88/119/134 103/127/148 104/129/152
f 97/104/108 96/103/107 111/128/153 112/130/154
f 90/106/111 89/105/110 104/129/155 105/131/156
f 98/107/157 97/104/108 112/130/158 113/132/159
f 91/108/160 90/106/115 105/131/161 106/133/162
f 99/109/163 98/107/112 113/132/159 114/134/164
f 92/110/120 91/108/165 106/133/166 107/135/167
f 100/112/122 99/111/121 114/136/164 115/121/141
f 93/113/124 92/110/120 107/135/167 108/122/168
f 105/131/156 104/129/152 119/137/169 120/138/170
f 113/132/159 112/130/158 127/139/171 128/140/172
f 106/133/173 105/131/174 120/138/175 121/141/176
f 114/134/164 113/132/159 128/140/172 129/142/177
f 107/135/167 106/133/178 121/141/179 122/143/180
f 115/121/181 114/136/164 129/144/182 130/145/183
f 108/122/184 107/135/167 122/143/180 123/146/185
f 101/120/140 33/54/26 116/147/186
f 40/56/28 115/121/141 130/145/187
f 109/123/143 108/122/184 123/146/185 124/148/188
f 102/124/144 101/120/189 116/147/190 117/149/191
f 110/125/192 109/123/143 124/148/188 125/150/193
f 103/127/148 102/126/144 117/151/194 118/152/195
f 111/128/196 110/125/197 125/150/198 126/153/199
f 104/129/152 103/127/148 118/152/195 119/137/169
f 112/130/158 111/128/153 126/153/200 127/139/171
f 124/148/188 123/146/201 138/154/202 139/155/203
f 117/149/191 116/147/190 131/156/204 132/157/205
f 125/150/206 124/148/207 139/155/203 140/158/208
f 118/152/195 117/151/194 132/159/209 133/160/210
f 126/153/199 125/150/211 140/158/212 141/161/213
f 119/137/169 118/152/195 133/160/210 134/162/214
f 127/139/171 126/153/200 141/161/215 142/163/216
f 120/138/170 119/137/169 134/162/214 135/164/217
f 128/140/172 127/139/171 142/163/216 143/165/218
f 121/141/219 120/138/220 135/164/221 136/166/222
f 129/142/177 128/140/172 143/165/218 144/167/223
f 122/143/224 121/141/225 136/166/226 137/168/227
f 130/145/183 129/144/182 144/169/228 145/170/229
f 123/146/185 122/143/180 137/168/227 138/154/202
f 116/147/186 33/54/26 131/156/230
f 40/56/28 130/145/187 145/170/231
f 143/165/218 142/163/216 157/171/232 158/172/233
f 136/166/234 135/164/221 150/173/235 151/174/236
f 144/167/237 143/165/218 158/172/238 159/175/239
f 137/168/227 136/166/240 151/174/236 152/176/241
f 145/170/229 144/169/228 159/177/242 160/178/243
f 138/154/202 137/168/227 152/176/241 153/179/244
f 131/156/230 33/54/26 146/180/245
f 40/56/28 145/170/231 160/178/246
f 139/155/203 138/154/247 153/179/244 154/181/248
f 132/157/249 131/156/204 146/180/250 147/182/251
f 140/158/252 139/155/203 154/181/248 155/183/253
f 133/160/210 132/159/254 147/184/255 148/185/256
f 141/161/213 140/158/257 155/183/253 156/186/258
f 134/162/214 133/160/210 148/185/259 149/187/260
f 142/163/216 141/161/215 156/186/261 157/171/262
f 135/164/217 134/162/214 149/187/260 150/173/263
f 167/188/264 166/189/265 181/190/266 182/191/267
f 175/192/268 174/193/269 189/194/270 190/195/271
f 168/196/272 167/188/264 182/191/267 183/197/273
f 161/198/274 33/54/26 176/199/275
f 40/56/28 175/192/276 190/195/277
f 169/200/278 168/196/272 183/197/273 184/201/279
f 162/202/280 161/198/281 176/199/282 177/203/283
f 170/204/284 169/200/278 184/201/279 185/205/285
f 163/206/286 162/207/287 177/208/288 178/209/289
f 171/210/290 170/204/284 185/205/291 186/211/292
f 164/212/293 163/206/294 178/209/289 179/213/295
f 172/214/296 171/210/297 186/211/298 187/215/299
f 165/216/300 164/212/293 179/213/295 180/217/301
f 173/218/302 172/214/296 187/215/299 188/219/303
f 166/189/265 165/216/304 180/217/305 181/190/306
f 174/220/307 173/218/308 188/219/303 189/221/309
f 186/211/292 185/205/310 200/222/311 201/223/312
f 179/213/295 178/209/289 193/224/313 194/225/314
f 187/215/299 186/211/298 201/223/315 202/226/316
f 180/217/301 179/213/295 194/225/314 195/227/317
f 188/219/303 187/215/299 202/226/316 203/228/318
f 181/190/319 180/217/305 195/227/320 196/229/321
f 189/221/322 188/219/303 203/228/318 204/230/323
f 182/191/267 181/190/324 196/229/325 197/231/326
f 190/195/271 189/194/327 204/232/328 205/233/329
f 183/197/273 182/191/267 197/231/330 198/234/331
f 176/199/275 33/54/26 191/235/332
f 40/56/28 190/195/277 205/233/333
f 184/201/279 183/197/273 198/234/334 199/236/335
f 177/203/283 176/199/282 191/235/336 192/237/337
f 185/205/338 184/201/279 199/236/339 200/222/340
f 178/209/289 177/208/341 192/238/342 193/224/313
f 205/233/329 204/232/328 219/239/343 220/240/344
f 198/234/334 197/231/330 212/241/345 213/242/346
f 191/235/332 33/54/26 206/243/347
f 40/56/28 205/233/333 220/240/348
f 199/236/335 198/234/334 213/242/346 214/244/349
f 192/237/337 191/235/336 206/243/350 207/245/351
f 200/222/352 199/236/335 214/244/349 215/246/353
f 193/224/313 192/238/342 207/247/351 208/248/354
f 201/223/355 200/222/356 215/246/357 216/249/358
f 194/225/314 193/224/313 208/248/354 209/250/359
f 202/226/316 201/223/315 216/249/360 217/251/361
f 195/227/317 194/225/314 209/250/359 210/252/362
f 203/228/318 202/226/316 217/251/361 218/253/363
f 196/229/364 195/227/320 210/252/365 211/254/366
f 204/230/323 203/228/318 218/253/363 219/255/343
f 197/231/330 196/229/367 211/254/368 212/241/345
f 217/251/369 216/249/360 231/256/370 232/257/371
f 210/252/362 209/250/372 224/258/373 225/259/374
f 218/253/363 217/251/361 232/257/371 233/260/375
f 211/254/376 210/252/377 225/259/378 226/261/379
f 219/255/343 218/253/363 233/260/375 234/262/380
f 212/241/345 211/254/381 226/261/382 227/263/383
f 220/240/348 219/239/343 234/264/384 235/265/385
f 213/242/386 212/241/345 227/263/383 228/266/387
f 206/243/347 33/54/26 221/267/388
f 40/56/28 220/240/348 235/265/389
f 214/244/349 213/242/390 228/266/387 229/268/391
f 207/245/351 206/243/347 221/267/392 222/269/393
f 215/246/394 214/244/349 229/268/391 230/270/395
f 208/248/354 207/247/351 222/271/396 223/272/397
f 216/249/398 215/246/399 230/270/400 231/256/401
f 209/250/359 208/248/354 223/272/397 224/258/373
f 221/267/388 33/54/26 236/273/402
f 40/56/28 235/265/389 250/274/403
f 229/268/391 228/266/387 243/275/404 244/276/405
f 222/269/393 221/267/392 236/273/402 237/277/406
f 230/270/407 229/268/391 244/276/405 245/278/408
f 223/272/397 222/271/409 237/279/406 238/280/410
f 231/256/401 230/270/411 245/278/412 246/281/413
f 224/258/373 223/272/397 238/280/410 239/282/414
f 232/257/371 231/256/370 246/281/415 247/283/416
f 225/259/374 224/258/373 239/282/417 240/284/418
f 233/260/375 232/257/371 247/283/419 248/285/420
f 226/261/421 225/259/378 240/284/422 241/286/423
f 234/262/424 233/260/375 248/285/420 249/287/425
f 227/263/383 226/261/426 241/286/427 242/288/428
f 235/265/385 234/264/384 249/289/425 250/274/403
f 228/266/387 227/263/383 242/288/428 243/275/429
f 240/284/418 239/282/414 254/290/430 255/291/431
f 248/285/420 247/283/419 262/292/432 263/293/433
f 241/286/434 240/284/435 255/291/436 256/294/437
f 249/287/425 248/285/420 263/293/433 264/295/438
f 242/288/428 241/286/439 256/294/440 257/296/441
f 250/274/442 249/289/425 264/297/443 265/298/444
f 243/275/445 242/288/428 257/296/441 258/299/446
f 236/273/402 33/54/26 251/300/447
f 40/56/28 250/274/403 265/298/448
f 244/276/405 243/275/445 258/299/446 259/301/449
f 237/277/406 236/273/450 251/300/451 252/302/452
f 245/278/453 244/276/405 259/301/449 260/303/454
f 238/280/410 237/279/406 252/304/455 253/305/456
f 246/281/457 245/278/458 260/303/459 261/306/460
f 239/282/414 238/280/410 253/305/456 254/290/430
f 247/283/419 246/281/415 261/306/461 262/292/432
f 259/301/449 258/299/462 273/307/463 274/308/464
f 252/302/452 251/300/451 266/309/465 267/310/466
f 260/303/467 259/301/468 274/308/464 275/311/469
f 253/305/456 252/304/455 267/312/470 268/313/471
f 261/306/460 260/303/472 275/311/473 276/314/474
f 254/290/430 253/305/456 268/313/471 269/315/475
f 262/292/432 261/306/461 276/314/476 277/316/477
f 255/291/431 254/290/430 269/315/475 270/317/478
f 263/293/433 262/292/432 277/316/477 278/318/479
f 256/294/480 255/291/481 270/317/482 271/319/483
f 264/295/438 263/293/433 278/318/479 279/320/484
f 257/296/485 256/294/486 271/319/487 272/321/488
f 265/298/489 264/297/443 279/322/490 280/323/491
f 258/299/446 257/296/441 272/321/488 273/307/463
f 251/300/447 33/54/26 266/309/492
f 40/56/28 265/298/448 280/323/493
f 278/318/479 277/316/477 286/38/8 287/37/7
f 271/319/494 270/317/482 35/33/12 284/41/11
f 279/320/495 278/318/479 287/37/7 288/43/15
f 272/321/488 271/319/496 284/41/18 36/45/17
f 280/323/491 279/322/490 288/48/15 289/47/21
f 273/307/463 272/321/488 36/45/17 37/51/1
f 266/309/492 33/54/26 281/53/25
f 40/56/28 280/323/493 289/47/21
f 274/308/464 273/307/463 37/51/1 38/57/30
f 267/310/497 266/309/465 281/53/25 282/59/32
f 275/311/498 274/308/464 38/57/30 285/61/35
f 268/313/471 267/312/499 282/64/32 34/63/37
f 276/314/474 275/311/500 285/61/41 39/67/40
f 269/315/475 268/313/471 34/63/37 283/34/4
f 277/316/477 276/314/476 39/67/44 286/38/8
f 270/317/478 269/315/475 283/34/4 35/33/3
f 323/324/501 324/325/502 325/326/503 322/327/504
f 291/328/505 292/329/506 293/330/507 290/331/508
f 324/325/502 326/332/509 327/333/510 325/326/503
f 295/334/511 291/328/505 290/331/508 294/335/512
f 326/332/509 328/336/513 329/337/514 327/333/510
f 297/338/515 295/334/511 294/335/512 296/339/516
f 328/336/513 330/340/517 331/341/518 329/337/514
f 299/342/519 297/338/515 296/339/516 298/343/520
f 330/340/517 332/344/521 333/345/522 331/341/518
f 301/346/523 299/342/519 298/343/520 300/347/524
f 332/344/521 334/348/525 335/349/526 333/345/522
f 303/350/527 301/346/523 300/347/524 302/351/528
f 334/348/525 336/352/529 337/353/530 335/349/526
f 305/354/531 303/350/527 302/351/528 304/355/532
f 336/352/529 338/356/533 339/357/534 337/353/530
f 307/358/535 305/354/531 304/355/532 306/359/536
f 338/360/533 340/361/537 341/362/538 339/363/534
f 309/364/539 307/365/535 306/366/536 308/367/540
f 340/361/537 342/368/541 343/369/542 341/362/538
f 311/370/543 309/364/539 308/367/540 310/371/544
f 342/368/541 344/372/545 345/373/546 343/369/542
f 313/374/547 311/370/543 310/371/544 312/375/548
f 344/372/545 346/376/549 347/377/550 345/373/546
f 315/378/551 313/374/547 312/375/548 314/379/552
f 346/376/549 348/380/553 349/381/554 347/377/550
f 317/382/555 315/378/551 314/379/552 316/383/556
f 348/380/553 350/384/557 351/385/558 349/381/554
f 319/386/559 317/382/555 316/383/556 318/387/560
f 350/384/557 352/388/561 353/389/562 351/385/558
f 321/390/563 319/386/559 318/387/560 320/391/564
f 352/388/561 323/324/501 322/327/504 353/389/562
f 292/329/506 321/390/563 320/391/564 293/330/507
f 2/392/1 4/393/1 290/331/508 293/330/507
f 326/332/565 324/325/502 291/328/566 295/334/511
f 324/325/567 323/324/501 292/329/568 291/328/505
f 4/393/1 6/394/1 294/335/512 290/331/508
f 32/395/1 2/392/1 293/330/507 320/391/564
f 292/329/506 323/324/569 352/388/561 321/390/570
f 328/336/571 326/332/509 295/334/572 297/338/515
f 6/394/1 8/396/1 296/339/516 294/335/512
f 330/340/573 328/336/513 297/338/574 299/342/519
f 8/396/1 10/397/1 298/343/520 296/339/516
f 332/344/575 330/340/517 299/342/576 301/346/523
f 10/397/1 12/398/1 300/347/524 298/343/520
f 334/348/577 332/344/521 301/346/578 303/350/527
f 12/398/1 14/399/1 302/351/528 300/347/524
f 336/352/579 334/348/525 303/350/580 305/354/531
f 14/399/1 16/400/1 304/355/532 302/351/528
f 338/356/581 336/352/529 305/354/582 307/358/535
f 16/400/1 18/401/1 306/359/536 304/355/532
f 340/361/583 338/360/533 307/365/584 309/364/539
f 18/402/1 20/403/1 308/367/540 306/366/536
f 342/368/585 340/361/537 309/364/586 311/370/543
f 20/403/1 22/404/1 310/371/544 308/367/540
f 344/372/587 342/368/541 311/370/588 313/374/547
f 22/404/1 24/405/1 312/375/548 310/371/544
f 346/376/589 344/372/545 313/374/590 315/378/551
f 24/405/1 26/406/1 314/379/552 312/375/548
f 348/380/591 346/376/549 315/378/592 317/382/555
f 26/406/1 28/407/1 316/383/556 314/379/552
f 350/384/593 348/380/553 317/382/594 319/386/559
f 28/407/1 30/408/1 318/387/560 316/383/556
f 352/388/595 350/384/557 319/386/596 321/390/563
f 30/408/1 32/395/1 320/391/564 318/387/560
f 3/409/2 1/410/2 322/327/597 325/326/598
f 1/410/2 31/411/2 353/389/599 322/327/597
f 5/412/2 3/409/2 325/326/598 327/333/600
f 7/413/2 5/412/2 327/333/601 329/337/602
f 9/414/2 7/413/2 329/337/602 331/341/603
f 11/415/2 9/414/2 331/341/603 333/345/604
f 13/416/2 11/415/2 333/345/604 335/349/605
f 15/417/2 13/416/2 335/349/606 337/353/607
f 17/418/2 15/417/2 337/353/607 339/357/608
f 19/419/2 17/420/2 339/363/608 341/362/609
f 21/421/2 19/419/2 341/362/609 343/369/610
f 23/422/2 21/421/2 343/369/611 345/373/612
f 25/423/2 23/422/2 345/373/612 347/377/613
f 27/424/2 25/423/2 347/377/613 349/381/614
f 29/425/2 27/424/2 349/381/614 351/385/615
f 31/411/2 29/425/2 351/385/616 353/389/599
s 1
f 381/426/617 380/427/618 374/428/619 375/429/620
f 375/429/620 374/428/619 368/430/621 369/431/622
f 377/432/623 372/433/624 378/434/625 383/435/626
f 582/436/627 583/437/628 588/438/629
f 366/439/630 367/440/631 373/441/632 372/433/624
f 393/442/633 392/443/634 386/444/635 387/445/636
f 363/446/637 364/447/638 370/448/639 369/431/622
f 470/449/640 471/450/641 476/451/642
f 364/447/638 365/452/643 371/453/644 370/448/639
f 365/452/643 360/454/645 366/439/630 371/453/644
f 379/455/646 380/456/618 386/457/635 385/458/647
f 387/445/636 386/444/635 380/427/618 381/426/617
f 399/459/648 398/460/649 392/443/634 393/442/633
f 370/448/639 371/453/644 377/432/623 376/461/650
f 361/462/651 362/463/652 368/464/621 367/440/631
f 369/431/622 368/430/621 362/465/652 363/446/637
f 367/440/631 368/464/621 374/466/619 373/441/632
f 361/462/651 356/467/653 362/463/652
f 363/446/637 358/468/654 364/447/638
f 372/433/624 373/441/632 379/455/646 378/434/625
f 385/458/647 386/457/635 392/469/634 391/470/655
f 364/447/638 359/471/656 365/452/643
f 405/472/657 404/473/658 398/460/649 399/459/648
f 369/431/622 370/448/639 376/461/650 375/429/620
f 378/434/625 379/455/646 385/458/647 384/474/659
f 391/470/655 392/469/634 398/475/649 397/476/660
f 376/461/650 377/432/623 383/435/626 382/477/661
f 411/478/662 410/479/663 404/473/658 405/472/657
f 375/429/620 376/461/650 382/477/661 381/426/617
f 383/435/626 378/434/625 384/474/659 389/480/664
f 384/474/659 385/458/647 391/470/655 390/481/665
f 397/476/660 398/475/649 404/482/658 403/483/666
f 382/477/661 383/435/626 389/480/664 388/484/667
f 417/485/668 416/486/669 410/479/663 411/478/662
f 381/426/617 382/477/661 388/484/667 387/445/636
f 389/480/664 384/474/659 390/481/665 395/487/670
f 390/481/665 391/470/655 397/476/660 396/488/671
f 403/483/666 404/482/658 410/489/663 409/490/672
f 388/484/667 389/480/664 395/487/670 394/491/673
f 423/492/674 422/493/675 416/486/669 417/485/668
f 387/445/636 388/484/667 394/491/673 393/442/633
f 395/487/670 390/481/665 396/488/671 401/494/676
f 396/488/671 397/476/660 403/483/666 402/495/677
f 409/490/672 410/489/663 416/496/669 415/497/678
f 394/491/673 395/487/670 401/494/676 400/498/679
f 429/499/680 428/500/681 422/493/675 423/492/674
f 393/442/633 394/491/673 400/498/679 399/459/648
f 401/494/676 396/488/671 402/495/677 407/501/682
f 402/495/677 403/483/666 409/490/672 408/502/683
f 415/497/678 416/496/669 422/503/675 421/504/684
f 400/498/679 401/494/676 407/501/682 406/505/685
f 435/506/686 434/507/687 428/500/681 429/499/680
f 399/459/648 400/498/679 406/505/685 405/472/657
f 407/501/682 402/495/677 408/502/683 413/508/688
f 408/502/683 409/490/672 415/497/678 414/509/689
f 421/504/684 422/503/675 428/510/681 427/511/690
f 406/505/685 407/501/682 413/508/688 412/512/691
f 441/513/692 440/514/693 434/507/687 435/506/686
f 405/472/657 406/505/685 412/512/691 411/478/662
f 413/508/688 408/502/683 414/509/689 419/515/694
f 414/509/689 415/497/678 421/504/684 420/516/695
f 427/511/690 428/510/681 434/517/687 433/518/696
f 412/512/691 413/508/688 419/515/694 418/519/697
f 447/520/698 446/521/699 440/514/693 441/513/692
f 411/478/662 412/512/691 418/519/697 417/485/668
f 419/515/694 414/509/689 420/516/695 425/522/700
f 420/516/695 421/504/684 427/511/690 426/523/701
f 433/518/696 434/517/687 440/524/693 439/525/702
f 418/519/697 419/515/694 425/522/700 424/526/703
f 453/527/704 452/528/705 446/521/699 447/520/698
f 417/485/668 418/519/697 424/526/703 423/492/674
f 425/522/700 420/516/695 426/523/701 431/529/706
f 426/523/701 427/511/690 433/518/696 432/530/707
f 439/525/702 440/524/693 446/531/699 445/532/708
f 424/526/703 425/522/700 431/529/706 430/533/709
f 459/534/710 458/535/711 452/528/705 453/527/704
f 423/492/674 424/526/703 430/533/709 429/499/680
f 431/529/706 426/523/701 432/530/707 437/536/712
f 432/530/707 433/518/696 439/525/702 438/537/713
f 445/532/708 446/531/699 452/538/705 451/539/714
f 430/533/709 431/529/706 437/536/712 436/540/715
f 465/541/716 464/542/717 458/535/711 459/534/710
f 429/499/680 430/533/709 436/540/715 435/506/686
f 437/536/712 432/530/707 438/537/713 443/543/718
f 438/537/713 439/525/702 445/532/708 444/544/719
f 451/539/714 452/538/705 458/545/711 457/546/720
f 436/540/715 437/536/712 443/543/718 442/547/721
f 435/506/686 436/540/715 442/547/721 441/513/692
f 443/543/718 438/537/713 444/544/719 449/548/722
f 444/544/719 445/532/708 451/539/714 450/549/723
f 463/550/724 457/546/720 458/545/711 464/551/717
f 442/547/721 443/543/718 449/548/722 448/552/725
f 471/450/641 472/553/726 477/554/727
f 441/513/692 442/547/721 448/552/725 447/520/698
f 449/548/722 444/544/719 450/549/723 455/555/728
f 450/549/723 451/539/714 457/546/720 456/556/729
f 448/552/725 449/548/722 455/555/728 454/557/730
f 447/520/698 448/552/725 454/557/730 453/527/704
f 455/555/728 450/549/723 456/556/729 461/558/731
f 462/559/732 456/556/729 457/546/720 463/550/724
f 454/557/730 455/555/728 461/558/731 460/560/733
f 479/561/734 473/562/735 468/563/627
f 453/527/704 454/557/730 460/560/733 459/534/710
f 467/564/736 461/558/731 456/556/729 462/559/732
f 485/565/737 480/566/738 486/567/739 491/568/740
f 474/569/629 469/570/628 475/571/741
f 472/572/726 473/562/735 478/573/742
f 466/574/743 460/560/733 461/558/731 467/564/736
f 469/570/628 470/449/640 475/571/741
f 465/541/716 459/534/710 460/560/733 466/574/743
f 476/451/642 471/450/641 477/554/727
f 487/575/744 488/576/745 494/577/746 493/578/747
f 474/569/629 475/571/741 481/579/748 480/566/738
f 479/561/734 468/563/627 474/569/629
f 495/580/749 494/577/746 488/576/745 489/581/750
f 489/581/750 488/576/745 482/582/751 483/583/752
f 491/568/740 486/567/739 492/584/753 497/585/754
f 696/586/755 697/587/756 702/588/757
f 480/566/738 481/579/748 487/575/744 486/567/739
f 507/589/758 506/590/759 500/591/760 501/592/761
f 477/593/727 478/573/742 484/594/762 483/595/752
f 584/596/640 585/597/641 590/598/642
f 478/573/742 479/561/734 485/565/737 484/594/762
f 479/561/734 474/569/629 480/566/738 485/565/737
f 493/578/747 494/577/746 500/591/760 499/599/763
f 501/592/761 500/591/760 494/577/746 495/580/749
f 513/600/764 512/601/765 506/590/759 507/589/758
f 484/594/762 485/565/737 491/568/740 490/602/766
f 475/571/741 476/451/642 482/582/751 481/579/748
f 483/583/752 482/582/751 476/451/642 477/554/727
f 481/579/748 482/582/751 488/576/745 487/575/744
f 475/571/741 470/449/640 476/451/642
f 477/593/727 472/572/726 478/573/742
f 486/567/739 487/575/744 493/578/747 492/584/753
f 499/599/763 500/591/760 506/590/759 505/603/767
f 478/573/742 473/562/735 479/561/734
f 519/604/768 518/605/769 512/601/765 513/600/764
f 483/595/752 484/594/762 490/602/766 489/606/750
f 492/584/753 493/578/747 499/599/763 498/607/770
f 505/603/767 506/590/759 512/601/765 511/608/771
f 490/602/766 491/568/740 497/585/754 496/609/772
f 525/610/773 524/611/774 518/605/769 519/604/768
f 489/606/750 490/602/766 496/609/772 495/612/749
f 497/585/754 492/584/753 498/607/770 503/613/775
f 498/607/770 499/599/763 505/603/767 504/614/776
f 511/608/771 512/601/765 518/605/769 517/615/777
f 496/609/772 497/585/754 503/613/775 502/616/778
f 531/617/779 530/618/780 524/611/774 525/610/773
f 495/612/749 496/609/772 502/616/778 501/619/761
f 503/613/775 498/607/770 504/614/776 509/620/781
f 504/614/776 505/603/767 511/608/771 510/621/782
f 517/615/777 518/605/769 524/611/774 523/622/783
f 502/616/778 503/613/775 509/620/781 508/623/784
f 537/624/785 536/625/786 530/618/780 531/617/779
f 501/619/761 502/616/778 508/623/784 507/626/758
f 509/620/781 504/614/776 510/621/782 515/627/787
f 510/621/782 511/608/771 517/615/777 516/628/788
f 523/622/783 524/611/774 530/618/780 529/629/789
f 508/623/784 509/620/781 515/627/787 514/630/790
f 543/631/791 542/632/792 536/625/786 537/624/785
f 507/626/758 508/623/784 514/630/790 513/633/764
f 515/627/787 510/621/782 516/628/788 521/634/793
f 516/628/788 517/615/777 523/622/783 522/635/794
f 529/629/789 530/618/780 536/625/786 535/636/795
f 514/630/790 515/627/787 521/634/793 520/637/796
f 549/638/797 548/639/798 542/632/792 543/631/791
f 513/633/764 514/630/790 520/637/796 519/640/768
f 521/634/793 516/628/788 522/635/794 527/641/799
f 522/635/794 523/622/783 529/629/789 528/642/800
f 535/636/795 536/625/786 542/632/792 541/643/801
f 520/637/796 521/634/793 527/641/799 526/644/802
f 555/645/803 554/646/804 548/639/798 549/638/797
f 519/640/768 520/637/796 526/644/802 525/647/773
f 527/641/799 522/635/794 528/642/800 533/648/805
f 528/642/800 529/629/789 535/636/795 534/649/806
f 541/643/801 542/632/792 548/639/798 547/650/807
f 526/644/802 527/641/799 533/648/805 532/651/808
f 561/652/809 560/653/810 554/646/804 555/645/803
f 525/647/773 526/644/802 532/651/808 531/654/779
f 533/648/805 528/642/800 534/649/806 539/655/811
f 534/649/806 535/636/795 541/643/801 540/656/812
f 547/650/807 548/639/798 554/646/804 553/657/813
f 532/651/808 533/648/805 539/655/811 538/658/814
f 567/659/815 566/660/816 560/653/810 561/652/809
f 531/654/779 532/651/808 538/658/814 537/661/785
f 539/655/811 534/649/806 540/656/812 545/662/817
f 540/656/812 541/643/801 547/650/807 546/663/818
f 553/657/813 554/646/804 560/653/810 559/664/819
f 538/658/814 539/655/811 545/662/817 544/665/820
f 573/666/821 572/667/822 566/660/816 567/659/815
f 537/661/785 538/658/814 544/665/820 543/668/791
f 545/662/817 540/656/812 546/663/818 551/669/823
f 546/663/818 547/650/807 553/657/813 552/670/824
f 559/664/819 560/653/810 566/660/816 565/671/825
f 544/665/820 545/662/817 551/669/823 550/672/826
f 579/673/827 578/674/828 572/667/822 573/666/821
f 543/668/791 544/665/820 550/672/826 549/675/797
f 551/669/823 546/663/818 552/670/824 557/676/829
f 552/670/824 553/657/813 559/664/819 558/677/830
f 565/671/825 566/660/816 572/667/822 571/678/831
f 550/672/826 551/669/823 557/676/829 556/679/832
f 549/675/797 550/672/826 556/679/832 555/680/803
f 557/676/829 552/670/824 558/677/830 563/681/833
f 558/677/830 559/664/819 565/671/825 564/682/834
f 577/683/835 571/678/831 572/667/822 578/674/828
f 556/679/832 557/676/829 563/681/833 562/684/836
f 585/597/641 586/685/726 591/686/727
f 555/680/803 556/679/832 562/684/836 561/687/809
f 563/681/833 558/677/830 564/682/834 569/688/837
f 564/682/834 565/671/825 571/678/831 570/689/838
f 562/684/836 563/681/833 569/688/837 568/690/839
f 561/687/809 562/684/836 568/690/839 567/691/815
f 569/688/837 564/682/834 570/689/838 575/692/840
f 576/693/841 570/689/838 571/678/831 577/683/835
f 568/690/839 569/688/837 575/692/840 574/694/842
f 593/695/734 587/696/735 582/436/627
f 567/691/815 568/690/839 574/694/842 573/697/821
f 581/698/843 575/692/840 570/689/838 576/693/841
f 599/699/737 594/700/738 600/701/739 605/702/844
f 588/438/629 583/437/628 589/703/845
f 586/704/726 587/696/735 592/705/742
f 580/706/846 574/694/842 575/692/840 581/698/843
f 583/437/628 584/596/640 589/703/845
f 579/707/827 573/697/821 574/694/842 580/706/846
f 590/598/642 585/597/641 591/686/727
f 601/708/744 602/709/745 608/710/746 607/711/747
f 588/438/629 589/703/845 595/712/748 594/700/738
f 593/695/734 582/436/627 588/438/629
f 609/713/749 608/710/746 602/709/745 603/714/750
f 603/714/750 602/709/745 596/715/751 597/716/752
f 605/702/844 600/701/739 606/717/753 611/718/754
f 371/453/644 366/439/630 372/433/624 377/432/623
f 594/700/738 595/712/748 601/708/744 600/701/739
f 621/719/758 620/720/759 614/721/760 615/722/761
f 591/686/727 592/723/742 598/724/762 597/716/752
f 698/725/847 699/726/848 704/727/849
f 592/705/742 593/695/734 599/699/737 598/728/762
f 593/695/734 588/438/629 594/700/738 599/699/737
f 607/711/747 608/710/746 614/721/760 613/729/763
f 615/722/761 614/721/760 608/710/746 609/713/749
f 627/730/764 626/731/765 620/720/759 621/719/758
f 598/728/762 599/699/737 605/702/844 604/732/766
f 589/703/845 590/598/642 596/715/751 595/712/748
f 597/716/752 596/715/751 590/598/642 591/686/727
f 595/712/748 596/715/751 602/709/745 601/708/744
f 589/703/845 584/596/640 590/598/642
f 591/686/727 586/685/726 592/723/742
f 600/701/739 601/708/744 607/711/747 606/717/753
f 613/729/763 614/721/760 620/720/759 619/733/850
f 592/705/742 587/696/735 593/695/734
f 633/734/768 632/735/851 626/731/765 627/730/764
f 597/716/752 598/724/762 604/736/766 603/714/750
f 606/717/753 607/711/747 613/729/763 612/737/852
f 619/733/850 620/720/759 626/731/765 625/738/771
f 604/732/766 605/702/844 611/718/754 610/739/772
f 639/740/773 638/741/774 632/735/851 633/734/768
f 603/714/750 604/736/766 610/742/772 609/713/749
f 611/718/754 606/717/753 612/737/852 617/743/775
f 612/737/852 613/729/763 619/733/850 618/744/776
f 625/738/771 626/731/765 632/735/851 631/745/777
f 610/739/772 611/718/754 617/743/775 616/746/778
f 645/747/853 644/748/780 638/741/774 639/740/773
f 609/713/749 610/742/772 616/749/778 615/722/761
f 617/743/775 612/737/852 618/744/776 623/750/781
f 618/744/776 619/733/850 625/738/771 624/751/782
f 631/745/777 632/735/851 638/741/774 637/752/783
f 616/746/778 617/743/775 623/750/781 622/753/784
f 651/754/785 650/755/786 644/748/780 645/747/853
f 615/722/761 616/749/778 622/756/784 621/719/758
f 623/750/781 618/744/776 624/751/782 629/757/787
f 624/751/782 625/738/771 631/745/777 630/758/788
f 637/752/783 638/741/774 644/748/780 643/759/789
f 622/753/784 623/750/781 629/757/787 628/760/854
f 657/761/791 656/762/792 650/755/786 651/754/785
f 621/719/758 622/756/784 628/763/854 627/730/764
f 629/757/787 624/751/782 630/758/788 635/764/793
f 630/758/788 631/745/777 637/752/783 636/765/855
f 643/759/789 644/748/780 650/755/786 649/766/795
f 628/760/854 629/757/787 635/764/793 634/767/796
f 663/768/856 662/769/798 656/762/792 657/761/791
f 627/730/764 628/763/854 634/770/796 633/734/768
f 635/764/793 630/758/788 636/765/855 641/771/799
f 636/765/855 637/752/783 643/759/789 642/772/800
f 649/766/795 650/755/786 656/762/792 655/773/801
f 634/767/796 635/764/793 641/771/799 640/774/802
f 669/775/857 668/776/804 662/769/798 663/768/856
f 633/734/768 634/770/796 640/777/802 639/740/773
f 641/771/799 636/765/855 642/772/800 647/778/805
f 642/772/800 643/759/789 649/766/795 648/779/806
f 655/773/801 656/762/792 662/769/798 661/780/807
f 640/774/802 641/771/799 647/778/805 646/781/858
f 675/782/809 674/783/810 668/776/804 669/775/857
f 639/740/773 640/777/802 646/784/858 645/747/853
f 647/778/805 642/772/800 648/779/806 653/785/811
f 648/779/806 649/766/795 655/773/801 654/786/812
f 661/780/807 662/769/798 668/776/804 667/787/813
f 646/781/858 647/778/805 653/785/811 652/788/814
f 681/789/815 680/790/816 674/783/810 675/782/809
f 645/747/853 646/784/858 652/791/814 651/754/785
f 653/785/811 648/779/806 654/786/812 659/792/817
f 654/786/812 655/773/801 661/780/807 660/793/818
f 667/787/813 668/776/804 674/783/810 673/794/859
f 652/788/814 653/785/811 659/792/817 658/795/860
f 687/796/821 686/797/822 680/790/816 681/789/815
f 651/754/785 652/791/814 658/798/860 657/761/791
f 659/792/817 654/786/812 660/793/818 665/799/823
f 660/793/818 661/780/807 667/787/813 666/800/824
f 673/794/859 674/783/810 680/790/816 679/801/861
f 658/795/860 659/792/817 665/799/823 664/802/826
f 693/803/827 692/804/828 686/797/822 687/796/821
f 657/761/791 658/798/860 664/805/826 663/768/856
f 665/799/823 660/793/818 666/800/824 671/806/829
f 666/800/824 667/787/813 673/794/859 672/807/862
f 679/801/861 680/790/816 686/797/822 685/808/831
f 664/802/826 665/799/823 671/806/829 670/809/832
f 663/768/856 664/805/826 670/810/832 669/775/857
f 671/806/829 666/800/824 672/807/862 677/811/833
f 672/807/862 673/794/859 679/801/861 678/812/834
f 691/813/835 685/808/831 686/797/822 692/804/828
f 670/809/832 671/806/829 677/811/833 676/814/836
f 699/815/848 700/816/863 705/817/864
f 669/775/857 670/810/832 676/818/836 675/782/809
f 677/811/833 672/807/862 678/812/834 683/819/837
f 678/812/834 679/801/861 685/808/831 684/820/838
f 676/814/836 677/811/833 683/819/837 682/821/839
f 675/782/809 676/818/836 682/822/839 681/789/815
f 683/819/837 678/812/834 684/820/838 689/823/840
f 690/824/841 684/820/838 685/808/831 691/813/835
f 682/821/839 683/819/837 689/823/840 688/825/865
f 707/826/866 701/827/867 696/586/755
f 681/789/815 682/822/839 688/828/865 687/796/821
f 695/829/843 689/823/840 684/820/838 690/824/841
f 713/830/868 708/831/869 714/832/870 719/833/871
f 702/588/757 697/587/756 703/834/872
f 700/816/863 701/827/867 706/835/873
f 694/836/846 688/825/865 689/823/840 695/829/843
f 697/587/756 698/725/847 703/834/872
f 693/803/827 687/796/821 688/828/865 694/837/846
f 704/838/849 699/815/848 705/817/864
f 715/839/874 716/840/875 722/841/876 721/842/877
f 702/588/757 703/834/872 709/843/878 708/831/869
f 707/826/866 696/586/755 702/588/757
f 723/844/879 722/845/876 716/846/875 717/847/880
f 717/847/880 716/846/875 710/848/881 711/849/882
f 719/833/871 714/832/870 720/850/883 725/851/884
f 708/831/869 709/843/878 715/839/874 714/832/870
f 735/852/885 734/853/886 728/854/887 729/855/888
f 705/817/864 706/835/873 712/856/889 711/849/882
f 360/454/645 355/857/890 361/462/651
f 706/835/873 707/826/866 713/830/868 712/856/889
f 707/826/866 702/588/757 708/831/869 713/830/868
f 721/842/877 722/841/876 728/858/887 727/859/891
f 729/855/888 728/854/887 722/845/876 723/844/879
f 741/860/892 740/861/893 734/853/886 735/852/885
f 712/856/889 713/830/868 719/833/871 718/862/894
f 703/834/872 704/727/849 710/863/881 709/843/878
f 711/849/882 710/848/881 704/838/849 705/817/864
f 709/843/878 710/863/881 716/840/875 715/839/874
f 703/834/872 698/725/847 704/727/849
f 705/817/864 700/816/863 706/835/873
f 714/832/870 715/839/874 721/842/877 720/850/883
f 727/859/891 728/858/887 734/864/886 733/865/895
f 706/835/873 701/827/867 707/826/866
f 747/866/896 746/867/897 740/861/893 741/860/892
f 711/849/882 712/856/889 718/862/894 717/847/880
f 720/850/883 721/842/877 727/859/891 726/868/898
f 733/865/895 734/864/886 740/869/893 739/870/899
f 718/862/894 719/833/871 725/851/884 724/871/900
f 753/872/901 752/873/902 746/867/897 747/866/896
f 717/847/880 718/862/894 724/871/900 723/844/879
f 725/851/884 720/850/883 726/868/898 731/874/903
f 726/868/898 727/859/891 733/865/895 732/875/904
f 739/870/899 740/869/893 746/876/897 745/877/905
f 724/871/900 725/851/884 731/874/903 730/878/906
f 759/879/907 758/880/908 752/873/902 753/872/901
f 723/844/879 724/871/900 730/878/906 729/855/888
f 731/874/903 726/868/898 732/875/904 737/881/909
f 732/875/904 733/865/895 739/870/899 738/882/910
f 745/877/905 746/876/897 752/883/902 751/884/911
f 730/878/906 731/874/903 737/881/909 736/885/912
f 765/886/913 764/887/914 758/880/908 759/879/907
f 729/855/888 730/878/906 736/885/912 735/852/885
f 737/881/909 732/875/904 738/882/910 743/888/915
f 738/882/910 739/870/899 745/877/905 744/889/916
f 751/884/911 752/883/902 758/890/908 757/891/917
f 736/885/912 737/881/909 743/888/915 742/892/918
f 771/893/919 770/894/920 764/887/914 765/886/913
f 735/852/885 736/885/912 742/892/918 741/860/892
f 743/888/915 738/882/910 744/889/916 749/895/921
f 744/889/916 745/877/905 751/884/911 750/896/922
f 757/891/917 758/890/908 764/897/914 763/898/923
f 742/892/918 743/888/915 749/895/921 748/899/924
f 777/900/925 776/901/926 770/894/920 771/893/919
f 741/860/892 742/892/918 748/899/924 747/866/896
f 749/895/921 744/889/916 750/896/922 755/902/927
f 750/896/922 751/884/911 757/891/917 756/903/928
f 763/898/923 764/897/914 770/904/920 769/905/929
f 748/899/924 749/895/921 755/902/927 754/906/930
f 783/907/931 782/908/932 776/901/926 777/900/925
f 747/866/896 748/899/924 754/906/930 753/872/901
f 755/902/927 750/896/922 756/903/928 761/909/933
f 756/903/928 757/891/917 763/898/923 762/910/934
f 769/905/929 770/904/920 776/911/926 775/912/935
f 754/906/930 755/902/927 761/909/933 760/913/936
f 789/914/937 788/915/938 782/908/932 783/907/931
f 753/872/901 754/906/930 760/913/936 759/879/907
f 761/909/933 756/903/928 762/910/934 767/916/939
f 762/910/934 763/898/923 769/905/929 768/917/940
f 775/912/935 776/911/926 782/918/932 781/919/941
f 760/913/936 761/909/933 767/916/939 766/920/942
f 795/921/943 794/922/944 788/915/938 789/914/937
f 759/879/907 760/913/936 766/920/942 765/886/913
f 767/916/939 762/910/934 768/917/940 773/923/945
f 768/917/940 769/905/929 775/912/935 774/924/946
f 781/919/941 782/918/932 788/925/938 787/926/947
f 766/920/942 767/916/939 773/923/945 772/927/948
f 801/928/949 800/929/950 794/922/944 795/921/943
f 765/886/913 766/920/942 772/927/948 771/893/919
f 773/923/945 768/917/940 774/924/946 779/930/951
f 774/924/946 775/912/935 781/919/941 780/931/952
f 787/926/947 788/925/938 794/932/944 793/933/953
f 772/927/948 773/923/945 779/930/951 778/934/954
f 807/935/955 806/936/956 800/929/950 801/928/949
f 771/893/919 772/927/948 778/934/954 777/900/925
f 779/930/951 774/924/946 780/931/952 785/937/957
f 780/931/952 781/919/941 787/926/947 786/938/958
f 793/933/953 794/932/944 800/939/950 799/940/959
f 778/934/954 779/930/951 785/937/957 784/941/960
f 777/900/925 778/934/954 784/941/960 783/907/931
f 785/937/957 780/931/952 786/938/958 791/942/961
f 786/938/958 787/926/947 793/933/953 792/943/962
f 805/944/963 799/940/959 800/939/950 806/945/956
f 784/941/960 785/937/957 791/942/961 790/946/964
f 783/907/931 784/941/960 790/946/964 789/914/937
f 791/942/961 786/938/958 792/943/962 797/947/965
f 792/943/962 793/933/953 799/940/959 798/948/966
f 790/946/964 791/942/961 797/947/965 796/949/967
f 789/914/937 790/946/964 796/949/967 795/921/943
f 797/947/965 792/943/962 798/948/966 803/950/968
f 804/951/969 798/948/966 799/940/959 805/944/963
f 796/949/967 797/947/965 803/950/968 802/952/970
f 795/921/943 796/949/967 802/952/970 801/928/949
f 809/953/971 803/950/968 798/948/966 804/951/969
f 808/954/972 802/952/970 803/950/968 809/953/971
f 807/935/955 801/928/949 802/952/970 808/954/972
f 362/465/652 357/955/973 363/446/637
f 365/452/643 354/956/974 360/454/645
f 373/441/632 374/466/619 380/456/618 379/455/646
f 360/454/645 361/462/651 367/440/631 366/439/630
f 354/956/974 355/857/890 360/454/645
f 355/857/890 356/467/653 361/462/651
f 356/467/653 357/957/973 362/463/652
f 357/955/973 358/468/654 363/446/637
f 358/468/654 359/471/656 364/447/638
f 365/452/643 359/471/656 354/956/974
f 468/563/627 469/570/628 474/569/629
