# Blender 5.0.1
# www.blender.org
mtllib barel.mtl
o barel
v 0.000000 0.006379 -0.339236
v 0.066182 0.006379 -0.332718
v 0.129820 0.006379 -0.313413
v 0.188469 0.006379 -0.282065
v 0.239876 0.006379 -0.239876
v 0.282065 0.006379 -0.188469
v 0.313413 0.006379 -0.129820
v 0.332718 0.006379 -0.066182
v 0.339236 0.006379 0.000000
v 0.332718 0.006379 0.066182
v 0.313413 0.006379 0.129820
v 0.282065 0.006379 0.188469
v 0.239876 0.006379 0.239876
v 0.188469 0.006379 0.282065
v 0.129820 0.006379 0.313413
v 0.066182 0.006379 0.332718
v 0.000000 0.006379 0.339236
v -0.066182 0.006379 0.332718
v -0.129820 0.006379 0.313413
v -0.188469 0.006379 0.282065
v -0.239876 0.006379 0.239876
v -0.282065 0.006379 0.188469
v -0.313413 0.006379 0.129820
v -0.332718 0.006379 0.066182
v -0.339236 0.006379 0.000000
v -0.332718 0.006379 -0.066182
v -0.313413 0.006379 -0.129820
v -0.282065 0.006379 -0.188469
v -0.239876 0.006379 -0.239876
v -0.188469 0.006379 -0.282065
v -0.129820 0.006379 -0.313413
v -0.066182 0.006379 -0.332718
v 0.066182 1.032012 -0.332718
v 0.000000 1.032012 -0.339236
v 0.129820 1.032012 -0.313413
v 0.188469 1.032012 -0.282065
v 0.239876 1.032012 -0.239876
v 0.282065 1.032012 -0.188469
v 0.313413 1.032012 -0.129820
v 0.332718 1.032012 -0.066182
v 0.339236 1.032012 0.000000
v 0.332718 1.032012 0.066182
v 0.313413 1.032012 0.129820
v 0.282065 1.032012 0.188469
v 0.239876 1.032012 0.239876
v 0.188469 1.032012 0.282065
v 0.129820 1.032012 0.313413
v 0.066182 1.032012 0.332718
v 0.000000 1.032012 0.339236
v -0.066182 1.032012 0.332718
v -0.129820 1.032012 0.313413
v -0.188469 1.032012 0.282065
v -0.239876 1.032012 0.239876
v -0.282065 1.032012 0.188469
v -0.313413 1.032012 0.129820
v -0.332718 1.032012 0.066182
v -0.339236 1.032012 0.000000
v -0.332718 1.032012 -0.066182
v -0.313413 1.032012 -0.129820
v -0.282065 1.032012 -0.188469
v -0.239876 1.032012 -0.239876
v -0.188469 1.032012 -0.282065
v -0.129820 1.032012 -0.313413
v -0.066182 1.032012 -0.332718
v 0.000000 0.971912 -0.339236
v -0.000000 0.981319 -0.349267
v 0.068139 0.981319 -0.342556
v 0.066182 0.971912 -0.332718
v 0.133659 0.981319 -0.322680
v 0.129820 0.971912 -0.313413
v 0.194042 0.981319 -0.290405
v 0.188469 0.971912 -0.282065
v 0.246969 0.981319 -0.246969
v 0.239876 0.971912 -0.239876
v 0.290405 0.981319 -0.194042
v 0.282065 0.971912 -0.188469
v 0.322680 0.981319 -0.133659
v 0.313413 0.971912 -0.129820
v 0.342556 0.981319 -0.068139
v 0.332718 0.971912 -0.066182
v 0.349267 0.981319 -0.000000
v 0.339236 0.971912 0.000000
v 0.342556 0.981319 0.068139
v 0.332718 0.971912 0.066182
v 0.322680 0.981319 0.133659
v 0.313413 0.971912 0.129820
v 0.290405 0.981319 0.194042
v 0.282065 0.971912 0.188469
v 0.246969 0.981319 0.246969
v 0.239876 0.971912 0.239876
v 0.194042 0.981319 0.290405
v 0.188469 0.971912 0.282065
v 0.133659 0.981319 0.322680
v 0.129820 0.971912 0.313413
v 0.068139 0.981319 0.342556
v 0.066182 0.971912 0.332718
v -0.000000 0.981319 0.349267
v 0.000000 0.971912 0.339236
v -0.068139 0.981319 0.342556
v -0.066182 0.971912 0.332718
v -0.133659 0.981319 0.322680
v -0.129820 0.971912 0.313413
v -0.194042 0.981319 0.290405
v -0.188469 0.971912 0.282065
v -0.246969 0.981319 0.246969
v -0.239876 0.971912 0.239876
v -0.290405 0.981319 0.194042
v -0.282065 0.971912 0.188469
v -0.322680 0.981319 0.133659
v -0.313413 0.971912 0.129820
v -0.342556 0.981319 0.068139
v -0.332718 0.971912 0.066182
v -0.349267 0.981319 -0.000000
v -0.339236 0.971912 0.000000
v -0.342556 0.981319 -0.068139
v -0.332718 0.971912 -0.066182
v -0.322680 0.981319 -0.133659
v -0.313413 0.971912 -0.129820
v -0.290405 0.981319 -0.194042
v -0.282065 0.971912 -0.188469
v -0.246969 0.981319 -0.246969
v -0.239876 0.971912 -0.239876
v -0.194042 0.981319 -0.290405
v -0.188469 0.971912 -0.282065
v -0.133659 0.981319 -0.322680
v -0.129820 0.971912 -0.313413
v -0.068139 0.981319 -0.342556
v -0.066182 0.971912 -0.332718
v 0.000000 0.085083 -0.339236
v -0.000000 0.075792 -0.349259
v 0.068137 0.075792 -0.342548
v 0.066182 0.085083 -0.332718
v 0.133656 0.075792 -0.322673
v 0.129820 0.085083 -0.313413
v 0.194038 0.075792 -0.290398
v 0.188469 0.085083 -0.282065
v 0.246964 0.075792 -0.246964
v 0.239876 0.085083 -0.239876
v 0.290398 0.075792 -0.194038
v 0.282065 0.085083 -0.188469
v 0.322673 0.075792 -0.133656
v 0.313413 0.085083 -0.129820
v 0.342548 0.075792 -0.068137
v 0.332718 0.085083 -0.066182
v 0.349259 0.075792 0.000000
v 0.339236 0.085083 0.000000
v 0.342548 0.075792 0.068137
v 0.332718 0.085083 0.066182
v 0.322673 0.075792 0.133656
v 0.313413 0.085083 0.129820
v 0.290398 0.075792 0.194038
v 0.282065 0.085083 0.188469
v 0.246964 0.075792 0.246964
v 0.239876 0.085083 0.239876
v 0.194038 0.075792 0.290398
v 0.188469 0.085083 0.282065
v 0.133656 0.075792 0.322673
v 0.129820 0.085083 0.313413
v 0.068137 0.075792 0.342548
v 0.066182 0.085083 0.332718
v -0.000000 0.075792 0.349259
v 0.000000 0.085083 0.339236
v -0.068137 0.075792 0.342548
v -0.066182 0.085083 0.332718
v -0.133656 0.075792 0.322673
v -0.129820 0.085083 0.313413
v -0.194038 0.075792 0.290398
v -0.188469 0.085083 0.282065
v -0.246964 0.075792 0.246964
v -0.239876 0.085083 0.239876
v -0.290398 0.075792 0.194038
v -0.282065 0.085083 0.188469
v -0.322673 0.075792 0.133656
v -0.313413 0.085083 0.129820
v -0.342548 0.075792 0.068137
v -0.332718 0.085083 0.066182
v -0.349259 0.075792 0.000000
v -0.339236 0.085083 0.000000
v -0.342548 0.075792 -0.068137
v -0.332718 0.085083 -0.066182
v -0.322673 0.075792 -0.133656
v -0.313413 0.085083 -0.129820
v -0.290398 0.075792 -0.194038
v -0.282065 0.085083 -0.188469
v -0.246964 0.075792 -0.246964
v -0.239876 0.085083 -0.239876
v -0.194038 0.075792 -0.290398
v -0.188469 0.085083 -0.282065
v -0.133656 0.075792 -0.322673
v -0.129820 0.085083 -0.313413
v -0.068137 0.075792 -0.342548
v -0.066182 0.085083 -0.332718
v -0.000000 0.003775 -0.376065
v -0.000000 0.013066 -0.386088
v 0.075322 0.013066 -0.378669
v 0.073367 0.003775 -0.368839
v 0.075322 0.068395 -0.378669
v 0.073367 0.077687 -0.368839
v 0.147749 0.013066 -0.356699
v 0.143914 0.003775 -0.347438
v 0.147749 0.068395 -0.356699
v 0.143914 0.077687 -0.347438
v 0.214499 0.013066 -0.321020
v 0.208930 0.003775 -0.312686
v 0.214499 0.068395 -0.321020
v 0.208930 0.077687 -0.312686
v 0.273005 0.013066 -0.273005
v 0.265918 0.003775 -0.265918
v 0.273005 0.068395 -0.273005
v 0.265918 0.077687 -0.265918
v 0.321020 0.013066 -0.214499
v 0.312686 0.003775 -0.208930
v 0.321020 0.068395 -0.214499
v 0.312686 0.077687 -0.208930
v 0.356699 0.013066 -0.147749
v 0.347438 0.003775 -0.143914
v 0.356699 0.068395 -0.147749
v 0.347438 0.077687 -0.143914
v 0.378669 0.013066 -0.075322
v 0.368839 0.003775 -0.073367
v 0.378669 0.068395 -0.075322
v 0.368839 0.077687 -0.073367
v 0.386088 0.013066 0.000000
v 0.376065 0.003775 0.000000
v 0.386088 0.068395 0.000000
v 0.376065 0.077687 0.000000
v 0.378669 0.013066 0.075322
v 0.368839 0.003775 0.073367
v 0.378669 0.068395 0.075322
v 0.368839 0.077687 0.073367
v 0.356699 0.013066 0.147749
v 0.347438 0.003775 0.143914
v 0.356699 0.068395 0.147749
v 0.347438 0.077687 0.143914
v 0.321020 0.013066 0.214499
v 0.312686 0.003775 0.208930
v 0.321020 0.068395 0.214499
v 0.312686 0.077687 0.208930
v 0.273005 0.013066 0.273005
v 0.265918 0.003775 0.265918
v 0.273005 0.068395 0.273005
v 0.265918 0.077687 0.265918
v 0.214499 0.013066 0.321020
v 0.208930 0.003775 0.312686
v 0.214499 0.068395 0.321020
v 0.208930 0.077687 0.312686
v 0.147749 0.013066 0.356699
v 0.143914 0.003775 0.347438
v 0.147749 0.068395 0.356699
v 0.143914 0.077687 0.347438
v 0.075322 0.013066 0.378669
v 0.073367 0.003775 0.368839
v 0.075322 0.068395 0.378669
v 0.073367 0.077687 0.368839
v -0.000000 0.013066 0.386088
v -0.000000 0.003775 0.376065
v -0.000000 0.068395 0.386088
v -0.000000 0.077687 0.376065
v -0.075322 0.013066 0.378669
v -0.073367 0.003775 0.368839
v -0.075322 0.068395 0.378669
v -0.073367 0.077687 0.368839
v -0.147749 0.013066 0.356699
v -0.143914 0.003775 0.347438
v -0.147749 0.068395 0.356699
v -0.143914 0.077687 0.347438
v -0.214499 0.013066 0.321020
v -0.208930 0.003775 0.312686
v -0.214499 0.068395 0.321020
v -0.208930 0.077687 0.312686
v -0.273005 0.013066 0.273005
v -0.265918 0.003775 0.265918
v -0.273005 0.068395 0.273005
v -0.265918 0.077687 0.265918
v -0.321020 0.013066 0.214499
v -0.312686 0.003775 0.208930
v -0.321020 0.068395 0.214499
v -0.312686 0.077687 0.208930
v -0.356699 0.013066 0.147749
v -0.347438 0.003775 0.143914
v -0.356699 0.068395 0.147749
v -0.347438 0.077687 0.143914
v -0.378669 0.013066 0.075322
v -0.368839 0.003775 0.073367
v -0.378669 0.068395 0.075322
v -0.368839 0.077687 0.073367
v -0.386088 0.013066 0.000000
v -0.376065 0.003775 0.000000
v -0.386088 0.068395 0.000000
v -0.376065 0.077687 0.000000
v -0.378669 0.013066 -0.075322
v -0.368839 0.003775 -0.073367
v -0.378669 0.068395 -0.075322
v -0.368839 0.077687 -0.073367
v -0.356699 0.013066 -0.147749
v -0.347438 0.003775 -0.143914
v -0.356699 0.068395 -0.147749
v -0.347438 0.077687 -0.143914
v -0.321020 0.013066 -0.214499
v -0.312686 0.003775 -0.208930
v -0.321020 0.068395 -0.214499
v -0.312686 0.077687 -0.208930
v -0.273005 0.013066 -0.273005
v -0.265918 0.003775 -0.265918
v -0.273005 0.068395 -0.273005
v -0.265918 0.077687 -0.265918
v -0.214499 0.013066 -0.321020
v -0.208930 0.003775 -0.312686
v -0.214499 0.068395 -0.321020
v -0.208930 0.077687 -0.312686
v -0.147749 0.013066 -0.356699
v -0.143914 0.003775 -0.347438
v -0.147749 0.068395 -0.356699
v -0.143914 0.077687 -0.347438
v -0.075322 0.013066 -0.378669
v -0.073367 0.003775 -0.368839
v -0.075322 0.068395 -0.378669
v -0.073367 0.077687 -0.368839
v -0.000000 0.077687 -0.376065
v -0.000000 0.068395 -0.386088
v 0.000000 0.524771 -0.349267
v 0.000000 0.515354 -0.339236
v 0.066182 0.515354 -0.332718
v 0.068139 0.524771 -0.342556
v 0.129820 0.515354 -0.313413
v 0.133659 0.524771 -0.322681
v 0.188469 0.515354 -0.282065
v 0.194043 0.524771 -0.290405
v 0.239876 0.515354 -0.239876
v 0.246969 0.524771 -0.246969
v 0.282065 0.515354 -0.188469
v 0.290405 0.524771 -0.194043
v 0.313413 0.515354 -0.129820
v 0.322681 0.524771 -0.133659
v 0.332718 0.515354 -0.066182
v 0.342556 0.524771 -0.068139
v 0.339236 0.515354 0.000000
v 0.349267 0.524771 0.000000
v 0.332718 0.515354 0.066182
v 0.342556 0.524771 0.068139
v 0.313413 0.515354 0.129820
v 0.322681 0.524771 0.133659
v 0.282065 0.515354 0.188469
v 0.290405 0.524771 0.194043
v 0.239876 0.515354 0.239876
v 0.246969 0.524771 0.246969
v 0.188469 0.515354 0.282065
v 0.194043 0.524771 0.290405
v 0.129820 0.515354 0.313413
v 0.133659 0.524771 0.322681
v 0.066182 0.515354 0.332718
v 0.068139 0.524771 0.342556
v 0.000000 0.515354 0.339236
v 0.000000 0.524771 0.349267
v -0.066182 0.515354 0.332718
v -0.068139 0.524771 0.342556
v -0.129820 0.515354 0.313413
v -0.133659 0.524771 0.322681
v -0.188469 0.515354 0.282065
v -0.194043 0.524771 0.290405
v -0.239876 0.515354 0.239876
v -0.246969 0.524771 0.246969
v -0.282065 0.515354 0.188469
v -0.290405 0.524771 0.194043
v -0.313413 0.515354 0.129820
v -0.322681 0.524771 0.133659
v -0.332718 0.515354 0.066182
v -0.342556 0.524771 0.068139
v -0.339236 0.515354 0.000000
v -0.349267 0.524771 0.000000
v -0.332718 0.515354 -0.066182
v -0.342556 0.524771 -0.068139
v -0.313413 0.515354 -0.129820
v -0.322681 0.524771 -0.133659
v -0.282065 0.515354 -0.188469
v -0.290405 0.524771 -0.194043
v -0.239876 0.515354 -0.239876
v -0.246969 0.524771 -0.246969
v -0.188469 0.515354 -0.282065
v -0.194043 0.524771 -0.290405
v -0.129820 0.515354 -0.313413
v -0.133659 0.524771 -0.322681
v -0.066182 0.515354 -0.332718
v -0.068139 0.524771 -0.342556
v 0.000000 0.584585 -0.339236
v 0.000000 0.575168 -0.349267
v 0.068139 0.575168 -0.342556
v 0.066182 0.584585 -0.332718
v 0.133659 0.575168 -0.322681
v 0.129820 0.584585 -0.313413
v 0.194043 0.575168 -0.290405
v 0.188469 0.584585 -0.282065
v 0.246969 0.575168 -0.246969
v 0.239876 0.584585 -0.239876
v 0.290405 0.575168 -0.194043
v 0.282065 0.584585 -0.188469
v 0.322681 0.575168 -0.133659
v 0.313413 0.584585 -0.129820
v 0.342556 0.575168 -0.068139
v 0.332718 0.584585 -0.066182
v 0.349267 0.575168 0.000000
v 0.339236 0.584585 0.000000
v 0.342556 0.575168 0.068139
v 0.332718 0.584585 0.066182
v 0.322681 0.575168 0.133659
v 0.313413 0.584585 0.129820
v 0.290405 0.575168 0.194043
v 0.282065 0.584585 0.188469
v 0.246969 0.575168 0.246969
v 0.239876 0.584585 0.239876
v 0.194043 0.575168 0.290405
v 0.188469 0.584585 0.282065
v 0.133659 0.575168 0.322681
v 0.129820 0.584585 0.313413
v 0.068139 0.575168 0.342556
v 0.066182 0.584585 0.332718
v 0.000000 0.575168 0.349267
v 0.000000 0.584585 0.339236
v -0.068139 0.575168 0.342556
v -0.066182 0.584585 0.332718
v -0.133659 0.575168 0.322681
v -0.129820 0.584585 0.313413
v -0.194043 0.575168 0.290405
v -0.188469 0.584585 0.282065
v -0.246969 0.575168 0.246969
v -0.239876 0.584585 0.239876
v -0.290405 0.575168 0.194043
v -0.282065 0.584585 0.188469
v -0.322681 0.575168 0.133659
v -0.313413 0.584585 0.129820
v -0.342556 0.575168 0.068139
v -0.332718 0.584585 0.066182
v -0.349267 0.575168 0.000000
v -0.339236 0.584585 0.000000
v -0.342556 0.575168 -0.068139
v -0.332718 0.584585 -0.066182
v -0.322681 0.575168 -0.133659
v -0.313413 0.584585 -0.129820
v -0.290405 0.575168 -0.194043
v -0.282065 0.584585 -0.188469
v -0.246969 0.575168 -0.246969
v -0.239876 0.584585 -0.239876
v -0.194043 0.575168 -0.290405
v -0.188469 0.584585 -0.282065
v -0.133659 0.575168 -0.322681
v -0.129820 0.584585 -0.313413
v -0.068139 0.575168 -0.342556
v -0.066182 0.584585 -0.332718
v 0.074342 0.567017 -0.373742
v 0.072385 0.576434 -0.363904
v 0.072385 0.523505 -0.363904
v 0.074342 0.532922 -0.373742
v 0.145827 0.567017 -0.352057
v 0.141988 0.576434 -0.342790
v 0.141988 0.523505 -0.342790
v 0.145827 0.532922 -0.352057
v 0.211708 0.567017 -0.316843
v 0.206135 0.576434 -0.308503
v 0.206135 0.523505 -0.308503
v 0.211708 0.532922 -0.316843
v 0.269453 0.567017 -0.269453
v 0.262360 0.576434 -0.262360
v 0.262360 0.523505 -0.262360
v 0.269453 0.532922 -0.269453
v 0.316843 0.567017 -0.211708
v 0.308503 0.576434 -0.206135
v 0.308503 0.523505 -0.206135
v 0.316843 0.532922 -0.211708
v 0.352057 0.567017 -0.145827
v 0.342790 0.576434 -0.141988
v 0.342790 0.523505 -0.141988
v 0.352057 0.532922 -0.145827
v 0.373742 0.567017 -0.074342
v 0.363904 0.576434 -0.072385
v 0.363904 0.523505 -0.072385
v 0.373742 0.532922 -0.074342
v 0.381064 0.567017 0.000000
v 0.371033 0.576434 0.000000
v 0.371033 0.523505 0.000000
v 0.381064 0.532922 0.000000
v 0.373742 0.567017 0.074342
v 0.363904 0.576434 0.072385
v 0.363904 0.523505 0.072385
v 0.373742 0.532922 0.074342
v 0.352057 0.567017 0.145827
v 0.342790 0.576434 0.141988
v 0.342790 0.523505 0.141988
v 0.352057 0.532922 0.145827
v 0.316843 0.567017 0.211708
v 0.308503 0.576434 0.206135
v 0.308503 0.523505 0.206135
v 0.316843 0.532922 0.211708
v 0.269453 0.567017 0.269453
v 0.262360 0.576434 0.262360
v 0.262360 0.523505 0.262360
v 0.269453 0.532922 0.269453
v 0.211708 0.567017 0.316843
v 0.206135 0.576434 0.308503
v 0.206135 0.523505 0.308503
v 0.211708 0.532922 0.316843
v 0.145827 0.567017 0.352057
v 0.141988 0.576434 0.342790
v 0.141988 0.523505 0.342790
v 0.145827 0.532922 0.352057
v 0.074342 0.567017 0.373742
v 0.072385 0.576434 0.363904
v 0.072385 0.523505 0.363904
v 0.074342 0.532922 0.373742
v 0.000000 0.567017 0.381064
v 0.000000 0.576434 0.371033
v 0.000000 0.523505 0.371033
v 0.000000 0.532922 0.381064
v -0.074342 0.567017 0.373742
v -0.072385 0.576434 0.363904
v -0.072385 0.523505 0.363904
v -0.074342 0.532922 0.373742
v -0.145827 0.567017 0.352057
v -0.141988 0.576434 0.342790
v -0.141988 0.523505 0.342790
v -0.145827 0.532922 0.352057
v -0.211708 0.567017 0.316843
v -0.206135 0.576434 0.308503
v -0.206135 0.523505 0.308503
v -0.211708 0.532922 0.316843
v -0.269453 0.567017 0.269453
v -0.262360 0.576434 0.262360
v -0.262360 0.523505 0.262360
v -0.269453 0.532922 0.269453
v -0.316843 0.567017 0.211708
v -0.308503 0.576434 0.206135
v -0.308503 0.523505 0.206135
v -0.316843 0.532922 0.211708
v -0.352057 0.567017 0.145827
v -0.342790 0.576434 0.141988
v -0.342790 0.523505 0.141988
v -0.352057 0.532922 0.145827
v -0.373742 0.567017 0.074342
v -0.363904 0.576434 0.072385
v -0.363904 0.523505 0.072385
v -0.373742 0.532922 0.074342
v -0.381064 0.567017 0.000000
v -0.371033 0.576434 0.000000
v -0.371033 0.523505 0.000000
v -0.381064 0.532922 0.000000
v -0.373742 0.567017 -0.074342
v -0.363904 0.576434 -0.072385
v -0.363904 0.523505 -0.072385
v -0.373742 0.532922 -0.074342
v -0.352057 0.567017 -0.145827
v -0.342790 0.576434 -0.141988
v -0.342790 0.523505 -0.141988
v -0.352057 0.532922 -0.145827
v -0.316843 0.567017 -0.211708
v -0.308503 0.576434 -0.206135
v -0.308503 0.523505 -0.206135
v -0.316843 0.532922 -0.211708
v -0.269453 0.567017 -0.269453
v -0.262360 0.576434 -0.262360
v -0.262360 0.523505 -0.262360
v -0.269453 0.532922 -0.269453
v -0.211708 0.567017 -0.316843
v -0.206135 0.576434 -0.308503
v -0.206135 0.523505 -0.308503
v -0.211708 0.532922 -0.316843
v -0.145827 0.567017 -0.352057
v -0.141988 0.576434 -0.342790
v -0.141988 0.523505 -0.342790
v -0.145827 0.532922 -0.352057
v -0.074342 0.567017 -0.373742
v -0.072385 0.576434 -0.363904
v -0.072385 0.523505 -0.363904
v -0.074342 0.532922 -0.373742
v 0.000000 0.532922 -0.381064
v 0.000000 0.523505 -0.371033
v 0.000000 0.576434 -0.371033
v 0.000000 0.567017 -0.381064
v 0.014664 1.022012 0.141666
v 0.015917 1.032012 0.130121
v -0.000000 1.032012 0.128616
v -0.000000 1.022012 0.140222
v 0.028764 1.022012 0.145944
v 0.031263 1.032012 0.134583
v 0.041758 1.022012 0.152889
v 0.045486 1.032012 0.141838
v 0.053148 1.022012 0.162237
v 0.058077 1.032012 0.151624
v 0.062496 1.022012 0.173627
v 0.068584 1.032012 0.163587
v 0.069442 1.022012 0.186622
v 0.076632 1.032012 0.177296
v 0.073719 1.022012 0.200722
v 0.081932 1.032012 0.192259
v 0.075163 1.022012 0.215385
v 0.084289 1.032012 0.207942
v 0.073719 1.022012 0.230049
v 0.083607 1.032012 0.223793
v 0.069442 1.022012 0.244149
v 0.079883 1.032012 0.239256
v 0.062496 1.022012 0.257144
v 0.073192 1.032012 0.253799
v 0.053148 1.022012 0.268534
v 0.063658 1.032012 0.266921
v 0.041758 1.022012 0.277881
v 0.051412 1.032012 0.278157
v 0.028764 1.022012 0.284827
v 0.036537 1.032012 0.287026
v 0.014664 1.022012 0.289105
v 0.019161 1.032012 0.292912
v -0.000000 1.022012 0.290549
v -0.000000 1.032012 0.295023
v -0.014664 1.022012 0.289105
v -0.019161 1.032012 0.292912
v -0.028764 1.022012 0.284827
v -0.036537 1.032012 0.287026
v -0.041759 1.022012 0.277881
v -0.051412 1.032012 0.278157
v -0.053148 1.022012 0.268534
v -0.063658 1.032012 0.266921
v -0.062496 1.022012 0.257144
v -0.073192 1.032012 0.253799
v -0.069442 1.022012 0.244149
v -0.079883 1.032012 0.239256
v -0.073719 1.022012 0.230049
v -0.083607 1.032012 0.223793
v -0.075163 1.022012 0.215385
v -0.084289 1.032012 0.207942
v -0.073719 1.022012 0.200722
v -0.081932 1.032012 0.192259
v -0.069442 1.022012 0.186622
v -0.076632 1.032012 0.177296
v -0.062496 1.022012 0.173627
v -0.068584 1.032012 0.163587
v -0.053148 1.022012 0.162237
v -0.058077 1.032012 0.151624
v -0.041759 1.022012 0.152889
v -0.045486 1.032012 0.141838
v -0.028764 1.022012 0.145944
v -0.031263 1.032012 0.134583
v -0.014664 1.022012 0.141666
v -0.015917 1.032012 0.130121
v 0.073280 0.989760 -0.368402
v 0.071323 0.980353 -0.358564
v -0.000000 0.980353 -0.365589
v -0.000000 0.989760 -0.375619
v 0.143743 0.989760 -0.347027
v 0.139905 0.980353 -0.337760
v 0.208683 0.989760 -0.312316
v 0.203110 0.980353 -0.303976
v 0.265603 0.989760 -0.265603
v 0.258510 0.980353 -0.258510
v 0.312316 0.989760 -0.208683
v 0.303976 0.980353 -0.203110
v 0.347027 0.989760 -0.143743
v 0.337760 0.980353 -0.139905
v 0.368402 0.989760 -0.073280
v 0.358564 0.980353 -0.071323
v 0.375619 0.989760 -0.000000
v 0.365589 0.980353 -0.000000
v 0.368402 0.989760 0.073280
v 0.358564 0.980353 0.071323
v 0.347027 0.989760 0.143743
v 0.337760 0.980353 0.139905
v 0.312316 0.989760 0.208683
v 0.303976 0.980353 0.203110
v 0.265603 0.989760 0.265603
v 0.258510 0.980353 0.258510
v 0.208683 0.989760 0.312316
v 0.203110 0.980353 0.303976
v 0.143743 0.989760 0.347027
v 0.139905 0.980353 0.337760
v 0.073280 0.989760 0.368402
v 0.071323 0.980353 0.358564
v -0.000000 0.989760 0.375619
v -0.000000 0.980353 0.365589
v -0.073280 0.989760 0.368402
v -0.071323 0.980353 0.358564
v -0.143743 0.989760 0.347027
v -0.139905 0.980353 0.337760
v -0.208683 0.989760 0.312316
v -0.203110 0.980353 0.303976
v -0.265603 0.989760 0.265603
v -0.258510 0.980353 0.258510
v -0.312316 0.989760 0.208683
v -0.303976 0.980353 0.203110
v -0.347027 0.989760 0.143743
v -0.337760 0.980353 0.139905
v -0.368402 0.989760 0.073280
v -0.358564 0.980353 0.071323
v -0.375619 0.989760 -0.000000
v -0.365589 0.980353 -0.000000
v -0.368402 0.989760 -0.073280
v -0.358564 0.980353 -0.071323
v -0.347027 0.989760 -0.143743
v -0.337760 0.980353 -0.139905
v -0.312316 0.989760 -0.208683
v -0.303976 0.980353 -0.203110
v -0.265603 0.989760 -0.265603
v -0.258510 0.980353 -0.258510
v -0.208683 0.989760 -0.312316
v -0.203110 0.980353 -0.303976
v -0.143743 0.989760 -0.347027
v -0.139905 0.980353 -0.337760
v -0.073280 0.989760 -0.368402
v -0.071323 0.980353 -0.358564
v 0.071323 1.033571 -0.358564
v 0.073280 1.024165 -0.368402
v -0.000000 1.024165 -0.375619
v -0.000000 1.033571 -0.365589
v 0.139905 1.033571 -0.337760
v 0.143743 1.024165 -0.347027
v 0.203110 1.033571 -0.303976
v 0.208683 1.024165 -0.312316
v 0.258510 1.033571 -0.258510
v 0.265603 1.024165 -0.265603
v 0.303976 1.033571 -0.203110
v 0.312316 1.024165 -0.208683
v 0.337760 1.033571 -0.139905
v 0.347027 1.024165 -0.143743
v 0.358564 1.033571 -0.071323
v 0.368402 1.024165 -0.073280
v 0.365589 1.033571 -0.000000
v 0.375619 1.024165 -0.000000
v 0.358564 1.033571 0.071323
v 0.368402 1.024165 0.073280
v 0.337760 1.033571 0.139905
v 0.347027 1.024165 0.143743
v 0.303976 1.033571 0.203110
v 0.312316 1.024165 0.208683
v 0.258510 1.033571 0.258510
v 0.265603 1.024165 0.265603
v 0.203110 1.033571 0.303976
v 0.208683 1.024165 0.312316
v 0.139905 1.033571 0.337760
v 0.143743 1.024165 0.347027
v 0.071323 1.033571 0.358564
v 0.073280 1.024165 0.368402
v -0.000000 1.033571 0.365589
v -0.000000 1.024165 0.375619
v -0.071323 1.033571 0.358564
v -0.073280 1.024165 0.368402
v -0.139905 1.033571 0.337760
v -0.143743 1.024165 0.347027
v -0.203110 1.033571 0.303976
v -0.208683 1.024165 0.312316
v -0.258510 1.033571 0.258510
v -0.265603 1.024165 0.265603
v -0.303976 1.033571 0.203110
v -0.312316 1.024165 0.208683
v -0.337760 1.033571 0.139905
v -0.347027 1.024165 0.143743
v -0.358564 1.033571 0.071323
v -0.368402 1.024165 0.073280
v -0.365589 1.033571 -0.000000
v -0.375619 1.024165 -0.000000
v -0.358564 1.033571 -0.071323
v -0.368402 1.024165 -0.073280
v -0.337760 1.033571 -0.139905
v -0.347027 1.024165 -0.143743
v -0.303976 1.033571 -0.203110
v -0.312316 1.024165 -0.208683
v -0.258510 1.033571 -0.258510
v -0.265603 1.024165 -0.265603
v -0.203110 1.033571 -0.303976
v -0.208683 1.024165 -0.312316
v -0.139905 1.033571 -0.337760
v -0.143743 1.024165 -0.347027
v -0.071323 1.033571 -0.358564
v -0.073280 1.024165 -0.368402
v 0.009651 0.991829 0.166866
v 0.014664 0.991829 0.141666
v -0.000000 0.991829 0.140222
v -0.000000 0.991829 0.165915
v 0.018931 0.991829 0.169681
v 0.028764 0.991829 0.145944
v 0.027484 0.991829 0.174253
v 0.041758 0.991829 0.152889
v 0.034981 0.991829 0.180405
v 0.053148 0.991829 0.162237
v 0.041133 0.991829 0.187901
v 0.062496 0.991829 0.173627
v 0.045704 0.991829 0.196454
v 0.069442 0.991829 0.186622
v 0.048519 0.991829 0.205734
v 0.073719 0.991829 0.200722
v 0.049470 0.991829 0.215385
v 0.075163 0.991829 0.215385
v 0.048519 0.991829 0.225037
v 0.073719 0.991829 0.230049
v 0.045704 0.991829 0.234317
v 0.069442 0.991829 0.244149
v 0.041133 0.991829 0.242870
v 0.062496 0.991829 0.257144
v 0.034981 0.991829 0.250366
v 0.053148 0.991829 0.268534
v 0.027484 0.991829 0.256518
v 0.041758 0.991829 0.277881
v 0.018931 0.991829 0.261090
v 0.028764 0.991829 0.284827
v 0.009651 0.991829 0.263905
v 0.014664 0.991829 0.289105
v -0.000000 0.991829 0.264856
v -0.000000 0.991829 0.290549
v -0.009651 0.991829 0.263905
v -0.014664 0.991829 0.289105
v -0.018931 0.991829 0.261090
v -0.028764 0.991829 0.284827
v -0.027484 0.991829 0.256518
v -0.041759 0.991829 0.277881
v -0.034981 0.991829 0.250366
v -0.053148 0.991829 0.268534
v -0.041133 0.991829 0.242870
v -0.062496 0.991829 0.257144
v -0.045704 0.991829 0.234317
v -0.069442 0.991829 0.244149
v -0.048519 0.991829 0.225037
v -0.073719 0.991829 0.230049
v -0.049470 0.991829 0.215385
v -0.075163 0.991829 0.215385
v -0.048519 0.991829 0.205734
v -0.073719 0.991829 0.200722
v -0.045704 0.991829 0.196454
v -0.069442 0.991829 0.186622
v -0.041133 0.991829 0.187901
v -0.062496 0.991829 0.173627
v -0.034981 0.991829 0.180405
v -0.053148 0.991829 0.162237
v -0.027484 0.991829 0.174253
v -0.041759 0.991829 0.152889
v -0.018931 0.991829 0.169681
v -0.028764 0.991829 0.145944
v -0.009651 0.991829 0.166866
v -0.014664 0.991829 0.141666
v 0.032910 0.991829 0.247703
v 0.036941 0.991829 0.237646
v 0.039424 0.991829 0.226734
v 0.040262 0.991829 0.215385
v 0.039424 0.991829 0.204037
v 0.036941 0.991829 0.193125
v 0.032910 0.991829 0.183068
v 0.022951 0.991829 0.251295
v 0.025937 0.991829 0.240121
v 0.027776 0.991829 0.227995
v 0.028397 0.991829 0.215385
v 0.027776 0.991829 0.202776
v 0.025937 0.991829 0.190650
v 0.022951 0.991829 0.179476
v 0.011784 0.991829 0.253507
v 0.013370 0.991829 0.241644
v 0.014346 0.991829 0.228772
v 0.014675 0.991829 0.215385
v 0.014346 0.991829 0.201999
v 0.013370 0.991829 0.189127
v 0.011784 0.991829 0.177264
v -0.000000 0.991829 0.254254
v -0.000000 0.991829 0.242158
v -0.000000 0.991829 0.229034
v 0.000000 0.991829 0.215385
v -0.000000 0.991829 0.201737
v -0.000000 0.991829 0.188612
v -0.000000 0.991829 0.176517
v -0.011784 0.991829 0.253507
v -0.013370 0.991829 0.241644
v -0.014346 0.991829 0.228772
v -0.014675 0.991829 0.215385
v -0.014346 0.991829 0.201999
v -0.013370 0.991829 0.189127
v -0.011784 0.991829 0.177264
v -0.022951 0.991829 0.251295
v -0.025937 0.991829 0.240120
v -0.027776 0.991829 0.227995
v -0.028397 0.991829 0.215385
v -0.027776 0.991829 0.202776
v -0.025937 0.991829 0.190650
v -0.022951 0.991829 0.179476
v -0.032910 0.991829 0.247703
v -0.036941 0.991829 0.237646
v -0.039424 0.991829 0.226734
v -0.040262 0.991829 0.215385
v -0.039424 0.991829 0.204037
v -0.036941 0.991829 0.193125
v -0.032910 0.991829 0.183068
v 0.014664 0.996757 0.141666
v -0.000000 0.996757 0.140222
v 0.028764 0.996757 0.145944
v -0.014664 0.996757 0.141666
v 0.041758 0.996757 0.152889
v 0.053148 0.996757 0.162237
v 0.062496 0.996757 0.173627
v 0.069442 0.996757 0.186622
v 0.073719 0.996757 0.200722
v 0.075163 0.996757 0.215385
v 0.073719 0.996757 0.230049
v 0.069442 0.996757 0.244149
v 0.062496 0.996757 0.257144
v 0.053148 0.996757 0.268534
v 0.041758 0.996757 0.277881
v 0.028764 0.996757 0.284827
v 0.014664 0.996757 0.289105
v -0.000000 0.996757 0.290549
v -0.014664 0.996757 0.289105
v -0.028764 0.996757 0.284827
v -0.041759 0.996757 0.277881
v -0.053148 0.996757 0.268534
v -0.062496 0.996757 0.257144
v -0.069442 0.996757 0.244149
v -0.073719 0.996757 0.230049
v -0.075163 0.996757 0.215385
v -0.073719 0.996757 0.200722
v -0.069442 0.996757 0.186622
v -0.062496 0.996757 0.173627
v -0.053148 0.996757 0.162237
v -0.041759 0.996757 0.152889
v -0.028764 0.996757 0.145944
vn -0.0000 -1.0000 0.0010
vn -0.0002 -1.0000 0.0009
vn -0.0004 -1.0000 0.0009
vn -0.0005 -1.0000 0.0008
vn -0.0007 -1.0000 0.0007
vn -0.0008 -1.0000 0.0005
vn -0.0009 -1.0000 0.0004
vn -0.0009 -1.0000 0.0002
vn -0.0010 -1.0000 -0.0000
vn -0.0009 -1.0000 -0.0002
vn -0.0009 -1.0000 -0.0004
vn -0.0008 -1.0000 -0.0005
vn -0.0007 -1.0000 -0.0007
vn -0.0005 -1.0000 -0.0008
vn -0.0004 -1.0000 -0.0009
vn -0.0002 -1.0000 -0.0009
vn -0.0000 -1.0000 -0.0010
vn 0.0002 -1.0000 -0.0009
vn 0.0004 -1.0000 -0.0009
vn 0.0005 -1.0000 -0.0008
vn 0.0007 -1.0000 -0.0007
vn 0.0008 -1.0000 -0.0005
vn 0.0009 -1.0000 -0.0004
vn 0.0009 -1.0000 -0.0002
vn 0.0010 -1.0000 -0.0000
vn 0.0009 -1.0000 0.0002
vn 0.0009 -1.0000 0.0004
vn 0.0008 -1.0000 0.0005
vn 0.0007 -1.0000 0.0007
vn 0.0005 -1.0000 0.0008
vn 0.0004 -1.0000 0.0009
vn 0.0002 -1.0000 0.0009
vn 0.1950 -0.0256 -0.9805
vn -0.0000 -0.0256 -0.9997
vn -0.0000 -0.9547 -0.2974
vn 0.0580 -0.9547 -0.2917
vn 0.3825 -0.0256 -0.9236
vn 0.0581 -0.9547 -0.2917
vn 0.1138 -0.9547 -0.2748
vn 0.5554 -0.0256 -0.8312
vn 0.1139 -0.9547 -0.2748
vn 0.1652 -0.9547 -0.2473
vn 0.7069 -0.0256 -0.7069
vn 0.1653 -0.9547 -0.2473
vn 0.2103 -0.9547 -0.2103
vn 0.8312 -0.0256 -0.5554
vn 0.2473 -0.9547 -0.1652
vn 0.9236 -0.0256 -0.3826
vn 0.2748 -0.9547 -0.1138
vn 0.9805 -0.0256 -0.1950
vn 0.2917 -0.9547 -0.0580
vn 0.9997 -0.0256 -0.0000
vn 0.2974 -0.9547 -0.0000
vn 0.9805 -0.0256 0.1950
vn 0.2917 -0.9547 0.0580
vn 0.9236 -0.0256 0.3826
vn 0.2917 -0.9547 0.0581
vn 0.2748 -0.9547 0.1138
vn 0.8312 -0.0256 0.5554
vn 0.9236 -0.0256 0.3825
vn 0.2748 -0.9547 0.1139
vn 0.2473 -0.9547 0.1652
vn 0.7069 -0.0256 0.7069
vn 0.2473 -0.9547 0.1653
vn 0.2103 -0.9547 0.2103
vn 0.5554 -0.0256 0.8312
vn 0.1652 -0.9547 0.2473
vn 0.3826 -0.0256 0.9236
vn 0.1138 -0.9547 0.2748
vn 0.1950 -0.0256 0.9805
vn 0.0580 -0.9547 0.2917
vn -0.0000 -0.0256 0.9997
vn -0.0000 -0.9547 0.2974
vn -0.1950 -0.0256 0.9805
vn -0.0580 -0.9547 0.2917
vn -0.3825 -0.0256 0.9236
vn -0.0581 -0.9547 0.2917
vn -0.1138 -0.9547 0.2748
vn -0.5554 -0.0256 0.8312
vn -0.1139 -0.9547 0.2748
vn -0.1652 -0.9547 0.2473
vn -0.7069 -0.0256 0.7069
vn -0.1653 -0.9547 0.2473
vn -0.2103 -0.9547 0.2103
vn -0.8312 -0.0256 0.5554
vn -0.2473 -0.9547 0.1652
vn -0.9236 -0.0256 0.3826
vn -0.2748 -0.9547 0.1138
vn -0.9805 -0.0256 0.1950
vn -0.2917 -0.9547 0.0580
vn -0.9997 -0.0256 -0.0000
vn -0.2974 -0.9547 -0.0000
vn -0.9805 -0.0256 -0.1950
vn -0.2917 -0.9547 -0.0580
vn -0.9236 -0.0256 -0.3826
vn -0.2917 -0.9547 -0.0581
vn -0.2748 -0.9547 -0.1138
vn -0.8312 -0.0256 -0.5554
vn -0.9236 -0.0256 -0.3825
vn -0.2748 -0.9547 -0.1139
vn -0.2473 -0.9547 -0.1652
vn -0.7069 -0.0256 -0.7069
vn -0.2473 -0.9547 -0.1653
vn -0.2103 -0.9547 -0.2103
vn -0.5554 -0.0256 -0.8312
vn -0.1652 -0.9547 -0.2473
vn -0.3826 -0.0256 -0.9236
vn -0.1138 -0.9547 -0.2748
vn -0.1950 -0.0256 -0.9805
vn -0.0580 -0.9547 -0.2917
vn -0.1950 0.0231 -0.9805
vn -0.0000 0.0231 -0.9997
vn -0.0000 0.9823 -0.1873
vn -0.0365 0.9823 -0.1837
vn -0.3825 0.0231 -0.9237
vn -0.1951 0.0231 -0.9805
vn -0.0716 0.9823 -0.1730
vn -0.5554 0.0231 -0.8313
vn -0.3826 0.0231 -0.9236
vn -0.0717 0.9823 -0.1730
vn -0.1040 0.9823 -0.1557
vn -0.7069 0.0231 -0.7070
vn -0.5555 0.0231 -0.8312
vn -0.1041 0.9823 -0.1557
vn -0.1324 0.9823 -0.1324
vn -0.8312 0.0231 -0.5555
vn -0.7069 0.0231 -0.7069
vn -0.1557 0.9823 -0.1041
vn -0.9236 0.0231 -0.3826
vn -0.8313 0.0231 -0.5554
vn -0.1557 0.9823 -0.1040
vn -0.1730 0.9823 -0.0717
vn -0.9805 0.0231 -0.1951
vn -0.9236 0.0231 -0.3825
vn -0.1837 0.9823 -0.0366
vn -0.9997 0.0231 -0.0001
vn -0.9805 0.0231 -0.1950
vn -0.1837 0.9823 -0.0365
vn -0.1873 0.9823 -0.0000
vn -0.9805 0.0231 0.1950
vn -0.9997 0.0231 -0.0000
vn -0.1837 0.9823 0.0365
vn -0.9237 0.0231 0.3825
vn -0.9805 0.0231 0.1951
vn -0.1730 0.9823 0.0716
vn -0.8313 0.0231 0.5554
vn -0.9236 0.0231 0.3826
vn -0.1730 0.9823 0.0717
vn -0.1557 0.9823 0.1040
vn -0.7070 0.0231 0.7069
vn -0.8312 0.0231 0.5555
vn -0.1557 0.9823 0.1041
vn -0.1324 0.9823 0.1324
vn -0.5555 0.0231 0.8312
vn -0.7069 0.0231 0.7069
vn -0.1041 0.9823 0.1557
vn -0.3826 0.0231 0.9236
vn -0.5554 0.0231 0.8313
vn -0.1040 0.9823 0.1557
vn -0.0717 0.9823 0.1730
vn -0.1951 0.0231 0.9805
vn -0.3825 0.0231 0.9236
vn -0.0366 0.9823 0.1837
vn -0.0001 0.0231 0.9997
vn -0.1950 0.0231 0.9805
vn -0.0365 0.9823 0.1837
vn -0.0000 0.9823 0.1873
vn 0.1950 0.0231 0.9805
vn -0.0000 0.0231 0.9997
vn 0.0365 0.9823 0.1837
vn 0.3825 0.0231 0.9237
vn 0.1951 0.0231 0.9805
vn 0.0716 0.9823 0.1730
vn 0.5554 0.0231 0.8313
vn 0.3826 0.0231 0.9236
vn 0.0717 0.9823 0.1730
vn 0.1040 0.9823 0.1557
vn 0.7069 0.0231 0.7070
vn 0.5555 0.0231 0.8312
vn 0.1041 0.9823 0.1557
vn 0.1324 0.9823 0.1324
vn 0.8312 0.0231 0.5555
vn 0.7069 0.0231 0.7069
vn 0.1557 0.9823 0.1041
vn 0.9236 0.0231 0.3826
vn 0.8313 0.0231 0.5554
vn 0.1557 0.9823 0.1040
vn 0.1730 0.9823 0.0717
vn 0.9805 0.0231 0.1951
vn 0.9236 0.0231 0.3825
vn 0.1837 0.9823 0.0366
vn 0.9997 0.0231 0.0001
vn 0.9805 0.0231 0.1950
vn 0.1837 0.9823 0.0365
vn 0.1873 0.9823 -0.0000
vn 0.9805 0.0231 -0.1950
vn 0.9997 0.0231 -0.0000
vn 0.1837 0.9823 -0.0365
vn 0.9237 0.0231 -0.3825
vn 0.9805 0.0231 -0.1951
vn 0.1730 0.9823 -0.0716
vn 0.8313 0.0231 -0.5554
vn 0.9236 0.0231 -0.3826
vn 0.1730 0.9823 -0.0717
vn 0.1557 0.9823 -0.1040
vn 0.7070 0.0231 -0.7069
vn 0.8312 0.0231 -0.5555
vn 0.1557 0.9823 -0.1041
vn 0.1324 0.9823 -0.1324
vn 0.5555 0.0231 -0.8312
vn 0.7069 0.0231 -0.7069
vn 0.1041 0.9823 -0.1557
vn 0.3826 0.0231 -0.9236
vn 0.5554 0.0231 -0.8313
vn 0.1040 0.9823 -0.1557
vn 0.0717 0.9823 -0.1730
vn 0.1951 0.0231 -0.9805
vn 0.3825 0.0231 -0.9236
vn 0.0366 0.9823 -0.1837
vn 0.0001 0.0231 -0.9997
vn 0.1950 0.0231 -0.9805
vn 0.0365 0.9823 -0.1837
vn -0.0000 -0.1516 -0.9884
vn 0.1928 -0.1516 -0.9695
vn 0.0296 -0.9884 -0.1489
vn -0.0000 -0.9884 -0.1518
vn 0.3782 -0.1516 -0.9132
vn 0.0581 -0.9884 -0.1402
vn 0.0296 -0.9884 -0.1488
vn 0.5491 -0.1516 -0.8219
vn 0.0843 -0.9884 -0.1262
vn 0.6989 -0.1516 -0.6990
vn 0.1073 -0.9884 -0.1073
vn 0.6989 -0.1516 -0.6989
vn 0.8218 -0.1516 -0.5492
vn 0.1262 -0.9884 -0.0843
vn 0.8219 -0.1516 -0.5492
vn 0.9132 -0.1516 -0.3783
vn 0.1402 -0.9884 -0.0581
vn 0.9694 -0.1516 -0.1929
vn 0.1489 -0.9884 -0.0296
vn 0.9884 -0.1516 -0.0000
vn 0.1518 -0.9884 -0.0000
vn 0.9695 -0.1516 0.1928
vn 0.1489 -0.9884 0.0296
vn 0.9132 -0.1516 0.3782
vn 0.1402 -0.9884 0.0581
vn 0.1488 -0.9884 0.0296
vn 0.8219 -0.1516 0.5491
vn 0.1262 -0.9884 0.0843
vn 0.6990 -0.1516 0.6989
vn 0.1073 -0.9884 0.1073
vn 0.6989 -0.1516 0.6989
vn 0.5492 -0.1516 0.8218
vn 0.0843 -0.9884 0.1262
vn 0.5492 -0.1516 0.8219
vn 0.3783 -0.1516 0.9132
vn 0.0581 -0.9884 0.1402
vn 0.1929 -0.1516 0.9694
vn 0.0296 -0.9884 0.1489
vn -0.0000 -0.1516 0.9884
vn -0.0000 -0.9884 0.1518
vn -0.1928 -0.1516 0.9695
vn -0.0296 -0.9884 0.1489
vn -0.3782 -0.1516 0.9132
vn -0.0581 -0.9884 0.1402
vn -0.0296 -0.9884 0.1488
vn -0.5491 -0.1516 0.8219
vn -0.0843 -0.9884 0.1262
vn -0.6989 -0.1516 0.6990
vn -0.1073 -0.9884 0.1073
vn -0.6989 -0.1516 0.6989
vn -0.8218 -0.1516 0.5492
vn -0.1262 -0.9884 0.0843
vn -0.8219 -0.1516 0.5492
vn -0.9132 -0.1516 0.3783
vn -0.1402 -0.9884 0.0581
vn -0.9694 -0.1516 0.1929
vn -0.1489 -0.9884 0.0296
vn -0.9884 -0.1516 -0.0000
vn -0.1518 -0.9884 -0.0000
vn -0.9695 -0.1516 -0.1928
vn -0.1489 -0.9884 -0.0296
vn -0.9132 -0.1516 -0.3782
vn -0.1402 -0.9884 -0.0581
vn -0.1488 -0.9884 -0.0296
vn -0.8219 -0.1516 -0.5491
vn -0.1262 -0.9884 -0.0843
vn -0.6990 -0.1516 -0.6989
vn -0.1073 -0.9884 -0.1073
vn -0.6989 -0.1516 -0.6989
vn -0.5492 -0.1516 -0.8218
vn -0.0843 -0.9884 -0.1262
vn -0.5492 -0.1516 -0.8219
vn -0.3783 -0.1516 -0.9132
vn -0.0581 -0.9884 -0.1402
vn -0.1929 -0.1516 -0.9694
vn -0.0296 -0.9884 -0.1489
vn -0.0402 0.9785 -0.2022
vn -0.0000 0.9785 -0.2062
vn -0.0000 0.1516 -0.9884
vn -0.1928 0.1516 -0.9695
vn -0.0789 0.9785 -0.1905
vn -0.3782 0.1516 -0.9132
vn -0.1145 0.9785 -0.1715
vn -0.5491 0.1516 -0.8219
vn -0.1458 0.9785 -0.1458
vn -0.1145 0.9785 -0.1714
vn -0.6989 0.1516 -0.6990
vn -0.1714 0.9785 -0.1146
vn -0.6989 0.1516 -0.6989
vn -0.8218 0.1516 -0.5492
vn -0.1905 0.9785 -0.0789
vn -0.8219 0.1516 -0.5492
vn -0.9132 0.1516 -0.3783
vn -0.2022 0.9785 -0.0403
vn -0.9694 0.1516 -0.1929
vn -0.2062 0.9785 -0.0000
vn -0.2022 0.9785 -0.0402
vn -0.9884 0.1516 -0.0000
vn -0.2022 0.9785 0.0402
vn -0.9695 0.1516 0.1928
vn -0.1905 0.9785 0.0789
vn -0.9132 0.1516 0.3782
vn -0.1715 0.9785 0.1145
vn -0.8219 0.1516 0.5491
vn -0.1458 0.9785 0.1458
vn -0.1714 0.9785 0.1145
vn -0.6990 0.1516 0.6989
vn -0.1146 0.9785 0.1714
vn -0.6989 0.1516 0.6989
vn -0.5492 0.1516 0.8218
vn -0.0789 0.9785 0.1905
vn -0.5492 0.1516 0.8219
vn -0.3783 0.1516 0.9132
vn -0.0403 0.9785 0.2022
vn -0.1929 0.1516 0.9694
vn -0.0000 0.9785 0.2062
vn -0.0402 0.9785 0.2022
vn -0.0000 0.1516 0.9884
vn 0.0402 0.9785 0.2022
vn 0.1928 0.1516 0.9695
vn 0.0789 0.9785 0.1905
vn 0.3782 0.1516 0.9132
vn 0.1145 0.9785 0.1715
vn 0.5491 0.1516 0.8219
vn 0.1458 0.9785 0.1458
vn 0.1145 0.9785 0.1714
vn 0.6989 0.1516 0.6990
vn 0.1714 0.9785 0.1146
vn 0.6989 0.1516 0.6989
vn 0.8218 0.1516 0.5492
vn 0.1905 0.9785 0.0789
vn 0.8219 0.1516 0.5492
vn 0.9132 0.1516 0.3783
vn 0.2022 0.9785 0.0403
vn 0.9694 0.1516 0.1929
vn 0.2062 0.9785 -0.0000
vn 0.2022 0.9785 0.0402
vn 0.9884 0.1516 -0.0000
vn 0.2022 0.9785 -0.0402
vn 0.9695 0.1516 -0.1928
vn 0.1905 0.9785 -0.0789
vn 0.9132 0.1516 -0.3782
vn 0.1715 0.9785 -0.1145
vn 0.8219 0.1516 -0.5491
vn 0.1458 0.9785 -0.1458
vn 0.1714 0.9785 -0.1145
vn 0.6990 0.1516 -0.6989
vn 0.1146 0.9785 -0.1714
vn 0.6989 0.1516 -0.6989
vn 0.5492 0.1516 -0.8218
vn 0.0789 0.9785 -0.1905
vn 0.5492 0.1516 -0.8219
vn 0.3783 0.1516 -0.9132
vn 0.0403 0.9785 -0.2022
vn 0.1929 0.1516 -0.9694
vn 0.0402 0.9785 -0.2022
vn -0.0467 -0.9709 -0.2349
vn -0.0000 -0.9709 -0.2395
vn -0.0000 -0.0231 -0.9997
vn -0.1950 -0.0231 -0.9805
vn -0.0916 -0.9709 -0.2213
vn -0.1951 -0.0231 -0.9805
vn -0.3826 -0.0231 -0.9236
vn -0.1330 -0.9709 -0.1992
vn -0.0917 -0.9709 -0.2213
vn -0.5554 -0.0231 -0.8313
vn -0.1693 -0.9709 -0.1694
vn -0.1331 -0.9709 -0.1991
vn -0.5555 -0.0231 -0.8312
vn -0.7069 -0.0231 -0.7069
vn -0.1991 -0.9709 -0.1331
vn -0.1694 -0.9709 -0.1694
vn -0.7070 -0.0231 -0.7069
vn -0.8312 -0.0231 -0.5554
vn -0.2213 -0.9709 -0.0917
vn -0.8313 -0.0231 -0.5554
vn -0.9236 -0.0231 -0.3826
vn -0.2349 -0.9709 -0.0468
vn -0.9237 -0.0231 -0.3825
vn -0.9805 -0.0231 -0.1951
vn -0.2395 -0.9709 -0.0000
vn -0.2349 -0.9709 -0.0467
vn -0.9805 -0.0231 -0.1950
vn -0.9997 -0.0231 -0.0000
vn -0.2349 -0.9709 0.0467
vn -0.9997 -0.0231 0.0001
vn -0.9805 -0.0231 0.1950
vn -0.2213 -0.9709 0.0916
vn -0.9805 -0.0231 0.1951
vn -0.9236 -0.0231 0.3826
vn -0.1992 -0.9709 0.1330
vn -0.2213 -0.9709 0.0917
vn -0.8313 -0.0231 0.5554
vn -0.1694 -0.9709 0.1693
vn -0.1991 -0.9709 0.1331
vn -0.8312 -0.0231 0.5555
vn -0.7069 -0.0231 0.7069
vn -0.1331 -0.9709 0.1991
vn -0.1694 -0.9709 0.1694
vn -0.7069 -0.0231 0.7070
vn -0.5554 -0.0231 0.8312
vn -0.0917 -0.9709 0.2213
vn -0.5554 -0.0231 0.8313
vn -0.3826 -0.0231 0.9236
vn -0.0468 -0.9709 0.2349
vn -0.3825 -0.0231 0.9237
vn -0.1951 -0.0231 0.9805
vn -0.0000 -0.9709 0.2395
vn -0.0467 -0.9709 0.2349
vn -0.1950 -0.0231 0.9805
vn -0.0000 -0.0231 0.9997
vn 0.0467 -0.9709 0.2349
vn 0.0001 -0.0231 0.9997
vn 0.1950 -0.0231 0.9805
vn 0.0916 -0.9709 0.2213
vn 0.1951 -0.0231 0.9805
vn 0.3826 -0.0231 0.9236
vn 0.1330 -0.9709 0.1992
vn 0.0917 -0.9709 0.2213
vn 0.5554 -0.0231 0.8313
vn 0.1693 -0.9709 0.1694
vn 0.1331 -0.9709 0.1991
vn 0.5555 -0.0231 0.8312
vn 0.7069 -0.0231 0.7069
vn 0.1991 -0.9709 0.1331
vn 0.1694 -0.9709 0.1694
vn 0.7070 -0.0231 0.7069
vn 0.8312 -0.0231 0.5554
vn 0.2213 -0.9709 0.0917
vn 0.8313 -0.0231 0.5554
vn 0.9236 -0.0231 0.3826
vn 0.2349 -0.9709 0.0468
vn 0.9237 -0.0231 0.3825
vn 0.9805 -0.0231 0.1951
vn 0.2395 -0.9709 -0.0000
vn 0.2349 -0.9709 0.0467
vn 0.9805 -0.0231 0.1950
vn 0.9997 -0.0231 -0.0000
vn 0.2349 -0.9709 -0.0467
vn 0.9997 -0.0231 -0.0001
vn 0.9805 -0.0231 -0.1950
vn 0.2213 -0.9709 -0.0916
vn 0.9805 -0.0231 -0.1951
vn 0.9236 -0.0231 -0.3826
vn 0.1992 -0.9709 -0.1330
vn 0.2213 -0.9709 -0.0917
vn 0.8313 -0.0231 -0.5554
vn 0.1694 -0.9709 -0.1693
vn 0.1991 -0.9709 -0.1331
vn 0.8312 -0.0231 -0.5555
vn 0.7069 -0.0231 -0.7069
vn 0.1331 -0.9709 -0.1991
vn 0.1694 -0.9709 -0.1694
vn 0.7069 -0.0231 -0.7070
vn 0.5554 -0.0231 -0.8312
vn 0.0917 -0.9709 -0.2213
vn 0.5554 -0.0231 -0.8313
vn 0.3826 -0.0231 -0.9236
vn 0.0468 -0.9709 -0.2349
vn 0.3825 -0.0231 -0.9237
vn 0.1951 -0.0231 -0.9805
vn 0.0467 -0.9709 -0.2349
vn 0.1950 -0.0231 -0.9805
vn -0.1950 0.0256 -0.9805
vn -0.0001 0.0256 -0.9997
vn -0.0000 0.9709 -0.2395
vn -0.0467 0.9709 -0.2349
vn -0.3826 0.0256 -0.9236
vn -0.1951 0.0256 -0.9805
vn -0.0468 0.9709 -0.2349
vn -0.0917 0.9709 -0.2213
vn -0.5554 0.0256 -0.8312
vn -0.1331 0.9709 -0.1991
vn -0.7069 0.0256 -0.7069
vn -0.1694 0.9709 -0.1694
vn -0.8312 0.0256 -0.5554
vn -0.7069 0.0256 -0.7068
vn -0.1694 0.9709 -0.1693
vn -0.1991 0.9709 -0.1331
vn -0.9236 0.0256 -0.3825
vn -0.8312 0.0256 -0.5553
vn -0.1992 0.9709 -0.1330
vn -0.2213 0.9709 -0.0917
vn -0.9805 0.0256 -0.1950
vn -0.2213 0.9709 -0.0916
vn -0.2349 0.9709 -0.0467
vn -0.9997 0.0256 -0.0000
vn -0.2395 0.9709 -0.0000
vn -0.9805 0.0256 0.1950
vn -0.9997 0.0256 0.0001
vn -0.2349 0.9709 0.0467
vn -0.9236 0.0256 0.3826
vn -0.9805 0.0256 0.1951
vn -0.2349 0.9709 0.0468
vn -0.2213 0.9709 0.0917
vn -0.8312 0.0256 0.5554
vn -0.2212 0.9709 0.0917
vn -0.1991 0.9709 0.1331
vn -0.7069 0.0256 0.7069
vn -0.1694 0.9709 0.1694
vn -0.5554 0.0256 0.8312
vn -0.7068 0.0256 0.7069
vn -0.1693 0.9709 0.1694
vn -0.1331 0.9709 0.1991
vn -0.3825 0.0256 0.9236
vn -0.5553 0.0256 0.8312
vn -0.1330 0.9709 0.1992
vn -0.0917 0.9709 0.2213
vn -0.1950 0.0256 0.9805
vn -0.0916 0.9709 0.2213
vn -0.0467 0.9709 0.2349
vn -0.0000 0.0256 0.9997
vn -0.0000 0.9709 0.2395
vn 0.1950 0.0256 0.9805
vn 0.0001 0.0256 0.9997
vn 0.0467 0.9709 0.2349
vn 0.3826 0.0256 0.9236
vn 0.1951 0.0256 0.9805
vn 0.0468 0.9709 0.2349
vn 0.0917 0.9709 0.2213
vn 0.5554 0.0256 0.8312
vn 0.1331 0.9709 0.1991
vn 0.7069 0.0256 0.7069
vn 0.1694 0.9709 0.1694
vn 0.8312 0.0256 0.5554
vn 0.7069 0.0256 0.7068
vn 0.1694 0.9709 0.1693
vn 0.1991 0.9709 0.1331
vn 0.9236 0.0256 0.3825
vn 0.8312 0.0256 0.5553
vn 0.1992 0.9709 0.1330
vn 0.2213 0.9709 0.0917
vn 0.9805 0.0256 0.1950
vn 0.2213 0.9709 0.0916
vn 0.2349 0.9709 0.0467
vn 0.9997 0.0256 -0.0000
vn 0.2395 0.9709 -0.0000
vn 0.9805 0.0256 -0.1950
vn 0.9997 0.0256 -0.0001
vn 0.2349 0.9709 -0.0467
vn 0.9236 0.0256 -0.3826
vn 0.9805 0.0256 -0.1951
vn 0.2349 0.9709 -0.0468
vn 0.2213 0.9709 -0.0917
vn 0.8312 0.0256 -0.5554
vn 0.2212 0.9709 -0.0917
vn 0.1991 0.9709 -0.1331
vn 0.7069 0.0256 -0.7069
vn 0.1694 0.9709 -0.1694
vn 0.5554 0.0256 -0.8312
vn 0.7068 0.0256 -0.7069
vn 0.1693 0.9709 -0.1694
vn 0.1331 0.9709 -0.1991
vn 0.3825 0.0256 -0.9236
vn 0.5553 0.0256 -0.8312
vn 0.1330 0.9709 -0.1992
vn 0.0917 0.9709 -0.2213
vn 0.1950 0.0256 -0.9805
vn 0.0916 0.9709 -0.2213
vn 0.0467 0.9709 -0.2349
vn -0.0000 0.0256 -0.9997
vn -0.1902 -0.2224 -0.9562
vn -0.0000 -0.2224 -0.9750
vn -0.0000 -0.9665 -0.2568
vn -0.0501 -0.9665 -0.2519
vn -0.3731 -0.2224 -0.9007
vn -0.0983 -0.9665 -0.2373
vn -0.5417 -0.2224 -0.8106
vn -0.0983 -0.9665 -0.2372
vn -0.1427 -0.9665 -0.2135
vn -0.6894 -0.2224 -0.6894
vn -0.1816 -0.9665 -0.1816
vn -0.8107 -0.2224 -0.5416
vn -0.2135 -0.9665 -0.1427
vn -0.9007 -0.2224 -0.3731
vn -0.2135 -0.9665 -0.1426
vn -0.2373 -0.9665 -0.0983
vn -0.9562 -0.2224 -0.1902
vn -0.9008 -0.2224 -0.3731
vn -0.2373 -0.9665 -0.0982
vn -0.2519 -0.9665 -0.0501
vn -0.9750 -0.2224 -0.0000
vn -0.2568 -0.9665 -0.0000
vn -0.9562 -0.2224 0.1902
vn -0.2519 -0.9665 0.0501
vn -0.9007 -0.2224 0.3731
vn -0.2373 -0.9665 0.0983
vn -0.8106 -0.2224 0.5417
vn -0.2372 -0.9665 0.0983
vn -0.2135 -0.9665 0.1427
vn -0.6894 -0.2224 0.6894
vn -0.1816 -0.9665 0.1816
vn -0.5416 -0.2224 0.8107
vn -0.1427 -0.9665 0.2135
vn -0.3731 -0.2224 0.9007
vn -0.1426 -0.9665 0.2135
vn -0.0983 -0.9665 0.2373
vn -0.1902 -0.2224 0.9562
vn -0.3731 -0.2224 0.9008
vn -0.0982 -0.9665 0.2373
vn -0.0501 -0.9665 0.2519
vn -0.0000 -0.2224 0.9750
vn -0.0000 -0.9665 0.2568
vn 0.1902 -0.2224 0.9562
vn 0.0501 -0.9665 0.2519
vn 0.3731 -0.2224 0.9007
vn 0.0983 -0.9665 0.2373
vn 0.5417 -0.2224 0.8106
vn 0.0983 -0.9665 0.2372
vn 0.1427 -0.9665 0.2135
vn 0.6894 -0.2224 0.6894
vn 0.1816 -0.9665 0.1816
vn 0.8107 -0.2224 0.5416
vn 0.2135 -0.9665 0.1427
vn 0.9007 -0.2224 0.3731
vn 0.2135 -0.9665 0.1426
vn 0.2373 -0.9665 0.0983
vn 0.9562 -0.2224 0.1902
vn 0.9008 -0.2224 0.3731
vn 0.2373 -0.9665 0.0982
vn 0.2519 -0.9665 0.0501
vn 0.9750 -0.2224 -0.0000
vn 0.2568 -0.9665 -0.0000
vn 0.9562 -0.2224 -0.1902
vn 0.2519 -0.9665 -0.0501
vn 0.9007 -0.2224 -0.3731
vn 0.2373 -0.9665 -0.0983
vn 0.8106 -0.2224 -0.5417
vn 0.2372 -0.9665 -0.0983
vn 0.2135 -0.9665 -0.1427
vn 0.6894 -0.2224 -0.6894
vn 0.1816 -0.9665 -0.1816
vn 0.5416 -0.2224 -0.8107
vn 0.1427 -0.9665 -0.2135
vn 0.3731 -0.2224 -0.9007
vn 0.1426 -0.9665 -0.2135
vn 0.0983 -0.9665 -0.2373
vn 0.1902 -0.2224 -0.9562
vn 0.3731 -0.2224 -0.9008
vn 0.0982 -0.9665 -0.2373
vn 0.0501 -0.9665 -0.2519
vn -0.0501 0.9665 -0.2519
vn -0.0000 0.9665 -0.2568
vn -0.0000 0.2224 -0.9750
vn -0.1902 0.2224 -0.9562
vn -0.0982 0.9665 -0.2373
vn -0.3731 0.2224 -0.9008
vn -0.1426 0.9665 -0.2135
vn -0.0983 0.9665 -0.2373
vn -0.3731 0.2224 -0.9007
vn -0.5416 0.2224 -0.8107
vn -0.1816 0.9665 -0.1816
vn -0.1427 0.9665 -0.2135
vn -0.6894 0.2224 -0.6894
vn -0.2135 0.9665 -0.1427
vn -0.8106 0.2224 -0.5417
vn -0.2372 0.9665 -0.0983
vn -0.9007 0.2224 -0.3731
vn -0.2519 0.9665 -0.0501
vn -0.2373 0.9665 -0.0983
vn -0.9562 0.2224 -0.1902
vn -0.2568 0.9665 -0.0000
vn -0.9750 0.2224 -0.0000
vn -0.2519 0.9665 0.0501
vn -0.9562 0.2224 0.1902
vn -0.2373 0.9665 0.0982
vn -0.9008 0.2224 0.3731
vn -0.2135 0.9665 0.1426
vn -0.2373 0.9665 0.0983
vn -0.9007 0.2224 0.3731
vn -0.8107 0.2224 0.5416
vn -0.1816 0.9665 0.1816
vn -0.2135 0.9665 0.1427
vn -0.6894 0.2224 0.6894
vn -0.1427 0.9665 0.2135
vn -0.5417 0.2224 0.8106
vn -0.0983 0.9665 0.2372
vn -0.3731 0.2224 0.9007
vn -0.0501 0.9665 0.2519
vn -0.0983 0.9665 0.2373
vn -0.1902 0.2224 0.9562
vn -0.0000 0.9665 0.2568
vn -0.0000 0.2224 0.9750
vn 0.0501 0.9665 0.2519
vn 0.1902 0.2224 0.9562
vn 0.0982 0.9665 0.2373
vn 0.3731 0.2224 0.9008
vn 0.1426 0.9665 0.2135
vn 0.0983 0.9665 0.2373
vn 0.3731 0.2224 0.9007
vn 0.5416 0.2224 0.8107
vn 0.1816 0.9665 0.1816
vn 0.1427 0.9665 0.2135
vn 0.6894 0.2224 0.6894
vn 0.2135 0.9665 0.1427
vn 0.8106 0.2224 0.5417
vn 0.2372 0.9665 0.0983
vn 0.9007 0.2224 0.3731
vn 0.2519 0.9665 0.0501
vn 0.2373 0.9665 0.0983
vn 0.9562 0.2224 0.1902
vn 0.2568 0.9665 -0.0000
vn 0.9750 0.2224 -0.0000
vn 0.2519 0.9665 -0.0501
vn 0.9562 0.2224 -0.1902
vn 0.2373 0.9665 -0.0982
vn 0.9008 0.2224 -0.3731
vn 0.2135 0.9665 -0.1426
vn 0.2373 0.9665 -0.0983
vn 0.9007 0.2224 -0.3731
vn 0.8107 0.2224 -0.5416
vn 0.1816 0.9665 -0.1816
vn 0.2135 0.9665 -0.1427
vn 0.6894 0.2224 -0.6894
vn 0.1427 0.9665 -0.2135
vn 0.5417 0.2224 -0.8106
vn 0.0983 0.9665 -0.2372
vn 0.3731 0.2224 -0.9007
vn 0.0501 0.9665 -0.2519
vn 0.0983 0.9665 -0.2373
vn 0.1902 0.2224 -0.9562
vn 0.0609 -0.9499 -0.3064
vn -0.0000 -0.9500 -0.3124
vn -0.0000 -0.2209 -0.9753
vn 0.1902 -0.2209 -0.9566
vn 0.1195 -0.9499 -0.2886
vn 0.0610 -0.9500 -0.3064
vn 0.3732 -0.2209 -0.9011
vn 0.1736 -0.9499 -0.2598
vn 0.1196 -0.9499 -0.2886
vn 0.5418 -0.2209 -0.8109
vn 0.2209 -0.9499 -0.2209
vn 0.1736 -0.9500 -0.2597
vn 0.6896 -0.2209 -0.6897
vn 0.2597 -0.9499 -0.1736
vn 0.2209 -0.9500 -0.2209
vn 0.8109 -0.2209 -0.5419
vn 0.2886 -0.9499 -0.1196
vn 0.2598 -0.9500 -0.1735
vn 0.9010 -0.2209 -0.3733
vn 0.3064 -0.9500 -0.0610
vn 0.2886 -0.9500 -0.1195
vn 0.9565 -0.2209 -0.1903
vn 0.3124 -0.9500 -0.0000
vn 0.3064 -0.9500 -0.0609
vn 0.9753 -0.2209 -0.0000
vn 0.3064 -0.9500 0.0609
vn 0.9566 -0.2209 0.1902
vn 0.2886 -0.9500 0.1195
vn 0.3064 -0.9500 0.0610
vn 0.9011 -0.2209 0.3732
vn 0.2598 -0.9500 0.1736
vn 0.2886 -0.9500 0.1196
vn 0.8109 -0.2209 0.5418
vn 0.2209 -0.9499 0.2209
vn 0.2597 -0.9500 0.1736
vn 0.6897 -0.2209 0.6896
vn 0.1736 -0.9499 0.2597
vn 0.5419 -0.2209 0.8109
vn 0.1196 -0.9499 0.2886
vn 0.1735 -0.9499 0.2598
vn 0.3733 -0.2209 0.9010
vn 0.0610 -0.9499 0.3064
vn 0.1195 -0.9500 0.2886
vn 0.1903 -0.2209 0.9565
vn -0.0000 -0.9499 0.3124
vn 0.0609 -0.9500 0.3064
vn -0.0000 -0.2209 0.9753
vn -0.0609 -0.9499 0.3064
vn -0.0000 -0.9500 0.3124
vn -0.1902 -0.2209 0.9566
vn -0.1195 -0.9499 0.2886
vn -0.0610 -0.9500 0.3064
vn -0.3732 -0.2209 0.9011
vn -0.1736 -0.9499 0.2598
vn -0.1196 -0.9499 0.2886
vn -0.5418 -0.2209 0.8109
vn -0.2209 -0.9499 0.2209
vn -0.1736 -0.9500 0.2597
vn -0.6896 -0.2209 0.6897
vn -0.2597 -0.9499 0.1736
vn -0.2209 -0.9500 0.2209
vn -0.8109 -0.2209 0.5419
vn -0.2886 -0.9499 0.1196
vn -0.2598 -0.9500 0.1735
vn -0.9010 -0.2209 0.3733
vn -0.3064 -0.9500 0.0610
vn -0.2886 -0.9500 0.1195
vn -0.9565 -0.2209 0.1903
vn -0.3124 -0.9500 -0.0000
vn -0.3064 -0.9500 0.0609
vn -0.9753 -0.2209 -0.0000
vn -0.3064 -0.9499 -0.0609
vn -0.9566 -0.2209 -0.1902
vn -0.2886 -0.9500 -0.1195
vn -0.3064 -0.9500 -0.0610
vn -0.9011 -0.2209 -0.3732
vn -0.2598 -0.9500 -0.1736
vn -0.2886 -0.9500 -0.1196
vn -0.8109 -0.2209 -0.5418
vn -0.2209 -0.9499 -0.2209
vn -0.2597 -0.9500 -0.1736
vn -0.6897 -0.2209 -0.6896
vn -0.1736 -0.9499 -0.2597
vn -0.5419 -0.2209 -0.8109
vn -0.1196 -0.9499 -0.2886
vn -0.1735 -0.9499 -0.2598
vn -0.3733 -0.2209 -0.9010
vn -0.0610 -0.9499 -0.3064
vn -0.1195 -0.9500 -0.2886
vn -0.1903 -0.2209 -0.9565
vn -0.0000 -0.9499 -0.3124
vn -0.0609 -0.9500 -0.3064
vn 0.1903 0.2209 -0.9565
vn -0.0000 0.2209 -0.9753
vn 0.0001 0.9754 -0.2203
vn 0.0430 0.9754 -0.2160
vn 0.3733 0.2209 -0.9010
vn 0.0843 0.9754 -0.2035
vn 0.5419 0.2209 -0.8109
vn 0.1224 0.9754 -0.1831
vn 0.6897 0.2209 -0.6896
vn 0.1558 0.9754 -0.1558
vn 0.8109 0.2209 -0.5418
vn 0.1558 0.9754 -0.1557
vn 0.1831 0.9754 -0.1224
vn 0.9011 0.2209 -0.3732
vn 0.1832 0.9754 -0.1223
vn 0.2035 0.9754 -0.0843
vn 0.9566 0.2209 -0.1902
vn 0.2035 0.9754 -0.0842
vn 0.2160 0.9754 -0.0430
vn 0.9753 0.2209 -0.0000
vn 0.2160 0.9754 -0.0429
vn 0.2203 0.9754 -0.0000
vn 0.9565 0.2209 0.1903
vn 0.2203 0.9754 0.0001
vn 0.2160 0.9754 0.0430
vn 0.9010 0.2209 0.3733
vn 0.2035 0.9754 0.0843
vn 0.8109 0.2209 0.5419
vn 0.9010 0.2209 0.3732
vn 0.1832 0.9754 0.1224
vn 0.6896 0.2209 0.6897
vn 0.1831 0.9754 0.1224
vn 0.1558 0.9754 0.1558
vn 0.5418 0.2209 0.8109
vn 0.1557 0.9754 0.1558
vn 0.1224 0.9754 0.1831
vn 0.3732 0.2209 0.9011
vn 0.1223 0.9754 0.1832
vn 0.0843 0.9754 0.2035
vn 0.1903 0.2209 0.9565
vn 0.0842 0.9754 0.2035
vn 0.0430 0.9754 0.2160
vn -0.0000 0.2209 0.9753
vn 0.1902 0.2209 0.9566
vn 0.0429 0.9754 0.2160
vn -0.0000 0.9754 0.2203
vn -0.1903 0.2209 0.9565
vn -0.0001 0.9754 0.2203
vn -0.0430 0.9754 0.2160
vn -0.3733 0.2209 0.9010
vn -0.0843 0.9754 0.2035
vn -0.5419 0.2209 0.8109
vn -0.1224 0.9754 0.1831
vn -0.6897 0.2209 0.6896
vn -0.1558 0.9754 0.1558
vn -0.8109 0.2209 0.5418
vn -0.1558 0.9754 0.1557
vn -0.1831 0.9754 0.1224
vn -0.9011 0.2209 0.3732
vn -0.1832 0.9754 0.1223
vn -0.2035 0.9754 0.0843
vn -0.9566 0.2209 0.1902
vn -0.2035 0.9754 0.0842
vn -0.2160 0.9754 0.0430
vn -0.9753 0.2209 -0.0000
vn -0.2160 0.9754 0.0429
vn -0.2203 0.9754 -0.0000
vn -0.9565 0.2209 -0.1903
vn -0.2203 0.9754 -0.0001
vn -0.2160 0.9754 -0.0430
vn -0.9010 0.2209 -0.3733
vn -0.2035 0.9754 -0.0843
vn -0.8109 0.2209 -0.5419
vn -0.9010 0.2209 -0.3732
vn -0.1832 0.9754 -0.1224
vn -0.6896 0.2209 -0.6897
vn -0.1831 0.9754 -0.1224
vn -0.1558 0.9754 -0.1558
vn -0.5418 0.2209 -0.8109
vn -0.1557 0.9754 -0.1558
vn -0.1224 0.9754 -0.1831
vn -0.3732 0.2209 -0.9011
vn -0.1223 0.9754 -0.1832
vn -0.0843 0.9754 -0.2035
vn -0.1903 0.2209 -0.9565
vn -0.0842 0.9754 -0.2035
vn -0.0430 0.9754 -0.2160
vn -0.1902 0.2209 -0.9566
vn -0.0429 0.9754 -0.2160
vn -0.0000 0.9754 -0.2203
vn -0.0015 1.0000 0.0078
vn -0.0000 1.0000 0.0078
vn -0.0000 0.3220 0.9468
vn -0.1836 0.3211 0.9291
vn -0.0031 1.0000 0.0075
vn -0.1836 0.3210 0.9291
vn -0.3607 0.3184 0.8767
vn -0.0046 1.0000 0.0071
vn -0.3607 0.3184 0.8766
vn -0.5247 0.3139 0.7913
vn -0.0063 1.0000 0.0065
vn -0.0047 1.0000 0.0070
vn -0.6697 0.3076 0.6759
vn -0.0081 1.0000 0.0056
vn -0.6698 0.3076 0.6759
vn -0.7904 0.2994 0.5345
vn -0.0100 0.9999 0.0043
vn -0.0080 1.0000 0.0056
vn -0.7904 0.2993 0.5345
vn -0.8820 0.2891 0.3721
vn -0.0119 0.9999 0.0027
vn -0.0099 0.9999 0.0043
vn -0.9410 0.2769 0.1943
vn -0.0142 0.9999 0.0004
vn -0.0120 0.9999 0.0027
vn -0.9410 0.2769 0.1944
vn -0.9649 0.2626 0.0077
vn -0.0167 0.9999 -0.0028
vn -0.9649 0.2627 0.0077
vn -0.9521 0.2464 -0.1810
vn -0.0194 0.9998 -0.0074
vn -0.0167 0.9999 -0.0027
vn -0.9027 0.2284 -0.3645
vn -0.0223 0.9997 -0.0139
vn -0.9027 0.2284 -0.3646
vn -0.8179 0.2091 -0.5360
vn -0.0249 0.9994 -0.0235
vn -0.7003 0.1892 -0.6883
vn -0.0264 0.9989 -0.0374
vn -0.0250 0.9994 -0.0235
vn -0.5539 0.1699 -0.8151
vn -0.0247 0.9981 -0.0563
vn -0.0265 0.9989 -0.0374
vn -0.3837 0.1528 -0.9107
vn -0.0160 0.9970 -0.0762
vn -0.0246 0.9981 -0.0563
vn -0.1964 0.1405 -0.9704
vn -0.0001 0.9963 -0.0856
vn -0.0160 0.9970 -0.0763
vn -0.1964 0.1406 -0.9704
vn -0.0000 0.1360 -0.9907
vn 0.0159 0.9970 -0.0763
vn -0.0000 0.9963 -0.0857
vn 0.1964 0.1406 -0.9704
vn 0.0246 0.9981 -0.0563
vn 0.0160 0.9970 -0.0762
vn 0.1964 0.1405 -0.9704
vn 0.3837 0.1528 -0.9107
vn 0.0265 0.9989 -0.0374
vn 0.5539 0.1699 -0.8151
vn 0.0249 0.9994 -0.0236
vn 0.7003 0.1892 -0.6883
vn 0.0222 0.9997 -0.0140
vn 0.0249 0.9994 -0.0235
vn 0.8179 0.2091 -0.5360
vn 0.0194 0.9998 -0.0074
vn 0.0223 0.9997 -0.0139
vn 0.9027 0.2284 -0.3645
vn 0.0167 0.9999 -0.0029
vn 0.9521 0.2464 -0.1809
vn 0.0142 0.9999 0.0004
vn 0.9521 0.2464 -0.1810
vn 0.9649 0.2627 0.0078
vn 0.0120 0.9999 0.0027
vn 0.0142 0.9999 0.0003
vn 0.9649 0.2626 0.0077
vn 0.9410 0.2769 0.1944
vn 0.0099 0.9999 0.0043
vn 0.9410 0.2769 0.1943
vn 0.8820 0.2892 0.3721
vn 0.0080 1.0000 0.0056
vn 0.0099 0.9999 0.0044
vn 0.8820 0.2891 0.3721
vn 0.7904 0.2994 0.5345
vn 0.0063 1.0000 0.0065
vn 0.6697 0.3076 0.6759
vn 0.0046 1.0000 0.0071
vn 0.5248 0.3139 0.7913
vn 0.0030 1.0000 0.0075
vn 0.5247 0.3139 0.7913
vn 0.3607 0.3184 0.8766
vn 0.0015 1.0000 0.0078
vn 0.0031 1.0000 0.0075
vn 0.3607 0.3184 0.8767
vn 0.1837 0.3210 0.9291
vn 0.1837 0.3211 0.9291
vn -0.0439 0.9743 0.2210
vn -0.0000 0.9743 0.2253
vn -0.0000 1.0000 -0.0000
vn -0.0862 0.9743 0.2082
vn -0.0440 0.9743 0.2210
vn -0.1252 0.9743 0.1874
vn -0.1593 0.9743 0.1593
vn -0.1873 0.9743 0.1252
vn -0.2082 0.9743 0.0862
vn -0.1874 0.9743 0.1252
vn -0.2210 0.9743 0.0440
vn -0.2253 0.9743 -0.0000
vn -0.2210 0.9743 -0.0439
vn -0.2082 0.9743 -0.0862
vn -0.2210 0.9743 -0.0440
vn -0.1874 0.9743 -0.1252
vn -0.1593 0.9743 -0.1593
vn -0.1252 0.9743 -0.1873
vn -0.0862 0.9743 -0.2082
vn -0.1252 0.9743 -0.1874
vn -0.0440 0.9743 -0.2210
vn -0.0000 0.9743 -0.2253
vn 0.0439 0.9743 -0.2210
vn 0.0862 0.9743 -0.2082
vn 0.0440 0.9743 -0.2210
vn 0.1252 0.9743 -0.1874
vn 0.1593 0.9743 -0.1593
vn 0.1873 0.9743 -0.1252
vn 0.2082 0.9743 -0.0862
vn 0.2210 0.9743 -0.0440
vn 0.2253 0.9743 -0.0000
vn 0.2210 0.9743 0.0439
vn 0.2082 0.9743 0.0862
vn 0.2210 0.9743 0.0440
vn 0.1874 0.9743 0.1252
vn 0.1593 0.9743 0.1593
vn 0.1873 0.9743 0.1252
vn 0.1252 0.9743 0.1873
vn 0.0862 0.9743 0.2082
vn 0.1252 0.9743 0.1874
vn 0.0440 0.9743 0.2210
vn 0.0580 -0.9548 -0.2917
vn -0.0000 -0.9548 -0.2974
vn -0.0000 -0.9500 -0.3123
vn 0.0609 -0.9500 -0.3063
vn -0.0580 -0.9548 -0.2917
vn -0.0609 -0.9500 -0.3063
vn 0.1138 -0.9548 -0.2748
vn 0.0610 -0.9500 -0.3063
vn 0.1195 -0.9500 -0.2886
vn 0.3826 0.0256 -0.9236
vn 0.3826 -0.0256 -0.9236
vn 0.1652 -0.9548 -0.2473
vn 0.1735 -0.9500 -0.2597
vn 0.2103 -0.9548 -0.2103
vn 0.2473 -0.9548 -0.1652
vn 0.2209 -0.9500 -0.2208
vn 0.2597 -0.9500 -0.1735
vn 0.2747 -0.9548 -0.1138
vn 0.9236 0.0256 -0.3825
vn 0.9236 -0.0256 -0.3825
vn 0.2917 -0.9548 -0.0580
vn 0.2748 -0.9548 -0.1138
vn 0.2974 -0.9548 -0.0000
vn 0.2916 -0.9548 -0.0580
vn 0.3063 -0.9500 -0.0609
vn 0.3123 -0.9500 -0.0000
vn 0.2917 -0.9548 0.0580
vn 0.3063 -0.9500 0.0609
vn 0.2748 -0.9548 0.1138
vn 0.3063 -0.9500 0.0610
vn 0.9236 0.0256 0.3826
vn 0.2473 -0.9548 0.1652
vn 0.2747 -0.9548 0.1138
vn 0.2597 -0.9500 0.1735
vn 0.2103 -0.9548 0.2103
vn 0.2209 -0.9500 0.2209
vn 0.1652 -0.9548 0.2472
vn 0.2208 -0.9500 0.2209
vn 0.1735 -0.9500 0.2597
vn 0.1138 -0.9548 0.2748
vn 0.1652 -0.9548 0.2473
vn 0.3825 0.0256 0.9236
vn 0.3825 -0.0256 0.9236
vn 0.0580 -0.9548 0.2917
vn 0.0609 -0.9500 0.3063
vn -0.0000 -0.9548 0.2974
vn -0.0000 -0.9500 0.3123
vn -0.0580 -0.9548 0.2917
vn -0.0609 -0.9500 0.3063
vn -0.1138 -0.9548 0.2748
vn -0.0610 -0.9500 0.3063
vn -0.1195 -0.9500 0.2886
vn -0.3826 0.0256 0.9236
vn -0.3826 -0.0256 0.9236
vn -0.1652 -0.9548 0.2473
vn -0.1735 -0.9500 0.2597
vn -0.2103 -0.9548 0.2103
vn -0.2473 -0.9548 0.1652
vn -0.2209 -0.9500 0.2208
vn -0.2597 -0.9500 0.1735
vn -0.2747 -0.9548 0.1138
vn -0.9236 0.0256 0.3825
vn -0.9236 -0.0256 0.3825
vn -0.2917 -0.9548 0.0580
vn -0.2748 -0.9548 0.1138
vn -0.2974 -0.9548 -0.0000
vn -0.2916 -0.9548 0.0580
vn -0.3063 -0.9500 0.0609
vn -0.3123 -0.9500 -0.0000
vn -0.2917 -0.9548 -0.0580
vn -0.3063 -0.9500 -0.0609
vn -0.2748 -0.9548 -0.1138
vn -0.3063 -0.9500 -0.0610
vn -0.9236 0.0256 -0.3826
vn -0.2473 -0.9548 -0.1652
vn -0.2747 -0.9548 -0.1138
vn -0.2597 -0.9500 -0.1735
vn -0.2103 -0.9548 -0.2103
vn -0.2209 -0.9500 -0.2209
vn -0.1652 -0.9548 -0.2472
vn -0.2208 -0.9500 -0.2209
vn -0.1735 -0.9500 -0.2597
vn -0.1138 -0.9548 -0.2748
vn -0.1652 -0.9548 -0.2473
vn -0.3825 0.0256 -0.9236
vn -0.3825 -0.0256 -0.9236
vn -0.0000 0.9823 -0.1872
vn 0.0365 0.9823 -0.1836
vn -0.0365 0.9823 -0.1836
vn 0.3825 -0.0231 -0.9236
vn 0.0716 0.9823 -0.1730
vn 0.1145 0.9785 -0.1714
vn 0.5555 -0.0231 -0.8312
vn 0.1714 0.9785 -0.1146
vn 0.9236 0.0231 -0.3825
vn 0.9236 -0.0231 -0.3825
vn 0.1836 0.9823 -0.0365
vn 0.1872 0.9823 -0.0000
vn 0.1836 0.9823 0.0365
vn 0.9236 -0.0231 0.3825
vn 0.1730 0.9823 0.0716
vn 0.1714 0.9785 0.1145
vn 0.8312 -0.0231 0.5555
vn 0.1146 0.9785 0.1714
vn 0.0365 0.9823 0.1836
vn 0.3825 0.0231 0.9236
vn 0.3825 -0.0231 0.9236
vn -0.0000 0.9823 0.1872
vn -0.0365 0.9823 0.1836
vn -0.0716 0.9823 0.1730
vn -0.3825 -0.0231 0.9236
vn -0.1145 0.9785 0.1714
vn -0.5555 -0.0231 0.8312
vn -0.1714 0.9785 0.1146
vn -0.1836 0.9823 0.0365
vn -0.9236 0.0231 0.3825
vn -0.9236 -0.0231 0.3825
vn -0.1872 0.9823 -0.0000
vn -0.1836 0.9823 -0.0365
vn -0.9236 -0.0231 -0.3825
vn -0.1730 0.9823 -0.0716
vn -0.1714 0.9785 -0.1145
vn -0.8312 -0.0231 -0.5555
vn -0.1146 0.9785 -0.1714
vn -0.3825 0.0231 -0.9236
vn -0.3825 -0.0231 -0.9236
vn -0.0002 -1.0000 0.0010
vn -0.0000 -0.9884 -0.1517
vn -0.1928 -0.1516 -0.9695
vn 0.1928 0.1516 -0.9695
vn 0.0002 -1.0000 0.0010
vn -0.0296 -0.9884 -0.1488
vn 0.1929 -0.1516 -0.9694
vn 0.3782 0.1516 -0.9132
vn -0.0004 -1.0000 0.0010
vn 0.3783 -0.1516 -0.9132
vn 0.5491 0.1516 -0.8219
vn -0.0006 -1.0000 0.0009
vn 0.5492 -0.1516 -0.8218
vn 0.6989 0.1516 -0.6990
vn 0.6990 -0.1516 -0.6989
vn 0.8218 0.1516 -0.5492
vn -0.0009 -1.0000 0.0006
vn 0.8219 -0.1516 -0.5491
vn 0.9132 0.1516 -0.3783
vn -0.0010 -1.0000 0.0004
vn 0.9132 -0.1516 -0.3782
vn 0.9694 0.1516 -0.1929
vn -0.0010 -1.0000 0.0002
vn 0.1488 -0.9884 -0.0296
vn 0.9695 -0.1516 -0.1928
vn 0.1517 -0.9884 -0.0000
vn 0.9695 0.1516 0.1928
vn -0.0010 -1.0000 -0.0002
vn 0.9694 -0.1516 0.1929
vn 0.9132 0.1516 0.3782
vn -0.0010 -1.0000 -0.0004
vn 0.9132 -0.1516 0.3783
vn 0.8219 0.1516 0.5491
vn -0.0009 -1.0000 -0.0006
vn 0.8218 -0.1516 0.5492
vn 0.6990 0.1516 0.6989
vn 0.6989 -0.1516 0.6990
vn 0.5492 0.1516 0.8218
vn -0.0006 -1.0000 -0.0009
vn 0.5491 -0.1516 0.8219
vn 0.3783 0.1516 0.9132
vn -0.0004 -1.0000 -0.0010
vn 0.3782 -0.1516 0.9132
vn 0.1929 0.1516 0.9694
vn -0.0002 -1.0000 -0.0010
vn 0.0296 -0.9884 0.1488
vn 0.1928 -0.1516 0.9695
vn -0.0000 -0.9884 0.1517
vn -0.1928 0.1516 0.9695
vn 0.0002 -1.0000 -0.0010
vn -0.1929 -0.1516 0.9694
vn -0.3782 0.1516 0.9132
vn 0.0004 -1.0000 -0.0010
vn -0.3783 -0.1516 0.9132
vn -0.5491 0.1516 0.8219
vn 0.0006 -1.0000 -0.0009
vn -0.5492 -0.1516 0.8218
vn -0.6989 0.1516 0.6990
vn -0.6990 -0.1516 0.6989
vn -0.8218 0.1516 0.5492
vn 0.0009 -1.0000 -0.0006
vn -0.8219 -0.1516 0.5491
vn -0.9132 0.1516 0.3783
vn 0.0010 -1.0000 -0.0004
vn -0.9132 -0.1516 0.3782
vn -0.9694 0.1516 0.1929
vn 0.0010 -1.0000 -0.0002
vn -0.1488 -0.9884 0.0296
vn -0.9695 -0.1516 0.1928
vn -0.1517 -0.9884 -0.0000
vn -0.9695 0.1516 -0.1928
vn 0.0010 -1.0000 0.0002
vn -0.9694 -0.1516 -0.1929
vn -0.9132 0.1516 -0.3782
vn 0.0010 -1.0000 0.0004
vn -0.9132 -0.1516 -0.3783
vn -0.8219 0.1516 -0.5491
vn 0.0009 -1.0000 0.0006
vn -0.8218 -0.1516 -0.5492
vn -0.6990 0.1516 -0.6989
vn -0.6989 -0.1516 -0.6990
vn -0.5492 0.1516 -0.8218
vn 0.0006 -1.0000 0.0009
vn -0.5491 -0.1516 -0.8219
vn -0.3783 0.1516 -0.9132
vn 0.0004 -1.0000 0.0010
vn -0.3782 -0.1516 -0.9132
vn -0.1929 0.1516 -0.9694
vn 0.0501 -0.9665 -0.2518
vn -0.0501 -0.9665 -0.2518
vn 0.0916 -0.9709 -0.2212
vn 0.0983 -0.9665 -0.2372
vn 0.1330 -0.9709 -0.1991
vn 0.1693 -0.9709 -0.1693
vn 0.1991 -0.9709 -0.1330
vn 0.2212 -0.9709 -0.0916
vn 0.2518 -0.9665 -0.0501
vn 0.2518 -0.9665 0.0501
vn 0.2212 -0.9709 0.0916
vn 0.2372 -0.9665 0.0983
vn 0.1991 -0.9709 0.1330
vn 0.1693 -0.9709 0.1693
vn 0.1330 -0.9709 0.1991
vn 0.0916 -0.9709 0.2212
vn 0.0501 -0.9665 0.2518
vn -0.0501 -0.9665 0.2518
vn -0.0916 -0.9709 0.2212
vn -0.0983 -0.9665 0.2372
vn -0.1330 -0.9709 0.1991
vn -0.1693 -0.9709 0.1693
vn -0.1991 -0.9709 0.1330
vn -0.2212 -0.9709 0.0916
vn -0.2518 -0.9665 0.0501
vn -0.2518 -0.9665 -0.0501
vn -0.2212 -0.9709 -0.0916
vn -0.2372 -0.9665 -0.0983
vn -0.1991 -0.9709 -0.1330
vn -0.1693 -0.9709 -0.1693
vn -0.1330 -0.9709 -0.1991
vn -0.0916 -0.9709 -0.2212
vn 0.0501 0.9665 -0.2518
vn -0.0501 0.9665 -0.2518
vn 0.0916 0.9709 -0.2212
vn 0.1330 0.9709 -0.1991
vn 0.1693 0.9709 -0.1693
vn 0.1991 0.9709 -0.1330
vn 0.1815 0.9665 -0.1815
vn 0.2212 0.9709 -0.0916
vn 0.2372 0.9665 -0.0983
vn 0.2518 0.9665 -0.0501
vn 0.2518 0.9665 0.0501
vn 0.2212 0.9709 0.0916
vn 0.1991 0.9709 0.1330
vn 0.1693 0.9709 0.1693
vn 0.1330 0.9709 0.1991
vn 0.0916 0.9709 0.2212
vn 0.0983 0.9665 0.2372
vn 0.0501 0.9665 0.2518
vn -0.0916 0.9709 0.2212
vn -0.1330 0.9709 0.1991
vn -0.1693 0.9709 0.1693
vn -0.1991 0.9709 0.1330
vn -0.1815 0.9665 0.1815
vn -0.2212 0.9709 0.0916
vn -0.2372 0.9665 0.0983
vn -0.2518 0.9665 0.0501
vn -0.2518 0.9665 -0.0501
vn -0.2212 0.9709 -0.0916
vn -0.1991 0.9709 -0.1330
vn -0.1693 0.9709 -0.1693
vn -0.1330 0.9709 -0.1991
vn -0.0916 0.9709 -0.2212
vn -0.0983 0.9665 -0.2372
vn 0.5416 0.2224 -0.8107
vn 0.5417 -0.2224 -0.8106
vn 0.8106 0.2224 -0.5417
vn 0.8107 -0.2224 -0.5416
vn 0.8107 0.2224 0.5416
vn 0.8106 -0.2224 0.5417
vn 0.5417 0.2224 0.8106
vn 0.5416 -0.2224 0.8107
vn -0.5416 0.2224 0.8107
vn -0.5417 -0.2224 0.8106
vn -0.8106 0.2224 0.5417
vn -0.8107 -0.2224 0.5416
vn -0.8107 0.2224 -0.5416
vn -0.8106 -0.2224 -0.5417
vn -0.5417 0.2224 -0.8106
vn -0.5416 -0.2224 -0.8107
vn -0.1950 -0.0000 0.9808
vn -0.0000 -0.0000 1.0000
vn -0.0000 0.9743 0.2254
vn -0.0440 0.9743 0.2211
vn -0.0031 1.0000 0.0076
vn -0.0020 1.0000 0.0049
vn -0.0010 1.0000 0.0050
vn -0.0000 1.0000 0.0079
vn -0.0000 1.0000 0.0051
vn -0.3826 -0.0000 0.9239
vn -0.1951 -0.0000 0.9808
vn -0.0863 0.9743 0.2082
vn 0.1950 -0.0000 0.9808
vn 0.0439 0.9743 0.2211
vn 0.0010 1.0000 0.0050
vn -0.0047 1.0000 0.0072
vn -0.0031 1.0000 0.0046
vn -0.5555 -0.0000 0.8315
vn -0.3827 -0.0000 0.9239
vn -0.0047 1.0000 0.0071
vn -0.0041 1.0000 0.0041
vn -0.7071 -0.0000 0.7071
vn -0.5556 -0.0000 0.8314
vn -0.1594 0.9743 0.1594
vn -0.0052 1.0000 0.0035
vn -0.8314 -0.0000 0.5556
vn -0.1594 0.9743 0.1593
vn -0.0100 0.9999 0.0044
vn -0.0063 1.0000 0.0026
vn -0.9239 -0.0000 0.3827
vn -0.8315 -0.0000 0.5555
vn -0.0075 1.0000 0.0015
vn -0.9808 -0.0000 0.1951
vn -0.9239 -0.0000 0.3826
vn -0.2211 0.9743 0.0440
vn -0.0087 1.0000 -0.0000
vn -1.0000 -0.0000 -0.0000
vn -0.9808 -0.0000 0.1950
vn -0.2211 0.9743 0.0439
vn -0.2254 0.9743 -0.0000
vn -0.0099 0.9999 -0.0020
vn -0.9808 -0.0000 -0.1950
vn -0.2211 0.9743 -0.0440
vn -0.0110 0.9999 -0.0045
vn -0.9239 -0.0000 -0.3826
vn -0.9808 -0.0000 -0.1951
vn -0.2082 0.9743 -0.0863
vn -0.0195 0.9998 -0.0074
vn -0.0118 0.9999 -0.0079
vn -0.8315 -0.0000 -0.5555
vn -0.9239 -0.0000 -0.3827
vn -0.0122 0.9999 -0.0122
vn -0.7071 -0.0000 -0.7071
vn -0.8314 -0.0000 -0.5556
vn -0.1594 0.9743 -0.1594
vn -0.0264 0.9990 -0.0374
vn -0.0116 0.9998 -0.0173
vn -0.5556 -0.0000 -0.8314
vn -0.1593 0.9743 -0.1594
vn -0.0094 0.9997 -0.0227
vn -0.3827 -0.0000 -0.9239
vn -0.5555 -0.0000 -0.8315
vn -0.0054 0.9996 -0.0271
vn -0.1951 -0.0000 -0.9808
vn -0.3826 -0.0000 -0.9239
vn -0.0440 0.9743 -0.2211
vn -0.0000 0.9963 -0.0856
vn -0.0000 0.9996 -0.0289
vn -0.0000 -0.0000 -1.0000
vn -0.1950 -0.0000 -0.9808
vn -0.0439 0.9743 -0.2211
vn -0.0000 0.9743 -0.2254
vn 0.0054 0.9996 -0.0271
vn 0.1950 -0.0000 -0.9808
vn 0.0440 0.9743 -0.2211
vn 0.0094 0.9997 -0.0227
vn 0.3826 -0.0000 -0.9239
vn 0.1951 -0.0000 -0.9808
vn 0.0863 0.9743 -0.2082
vn 0.0264 0.9990 -0.0374
vn 0.0116 0.9998 -0.0173
vn 0.5555 -0.0000 -0.8315
vn 0.3827 -0.0000 -0.9239
vn 0.0122 0.9999 -0.0122
vn 0.7071 -0.0000 -0.7071
vn 0.5556 -0.0000 -0.8314
vn 0.1594 0.9743 -0.1594
vn 0.0118 0.9999 -0.0079
vn 0.8314 -0.0000 -0.5556
vn 0.1594 0.9743 -0.1593
vn 0.1874 0.9743 -0.1252
vn 0.0195 0.9998 -0.0074
vn 0.0110 0.9999 -0.0045
vn 0.9239 -0.0000 -0.3827
vn 0.8315 -0.0000 -0.5555
vn 0.0167 0.9999 -0.0028
vn 0.0099 0.9999 -0.0020
vn 0.9808 -0.0000 -0.1951
vn 0.9239 -0.0000 -0.3826
vn 0.2211 0.9743 -0.0440
vn 0.0087 1.0000 -0.0000
vn 1.0000 -0.0000 -0.0000
vn 0.9808 -0.0000 -0.1950
vn 0.2211 0.9743 -0.0439
vn 0.2254 0.9743 -0.0000
vn 0.0075 1.0000 0.0015
vn 0.9808 -0.0000 0.1950
vn 0.2211 0.9743 0.0440
vn 0.0100 0.9999 0.0044
vn 0.0063 1.0000 0.0026
vn 0.9239 -0.0000 0.3826
vn 0.9808 -0.0000 0.1951
vn 0.2082 0.9743 0.0863
vn 0.0081 1.0000 0.0056
vn 0.0052 1.0000 0.0035
vn 0.8315 -0.0000 0.5555
vn 0.9239 -0.0000 0.3827
vn 0.0041 1.0000 0.0041
vn 0.7071 -0.0000 0.7071
vn 0.8314 -0.0000 0.5556
vn 0.1594 0.9743 0.1594
vn 0.0047 1.0000 0.0072
vn 0.0031 1.0000 0.0046
vn 0.5556 -0.0000 0.8314
vn 0.1593 0.9743 0.1594
vn 0.0031 1.0000 0.0076
vn 0.0020 1.0000 0.0049
vn 0.3827 -0.0000 0.9239
vn 0.5555 -0.0000 0.8315
vn 0.1951 -0.0000 0.9808
vn 0.3826 -0.0000 0.9239
vn 0.0440 0.9743 0.2211
vn 0.1903 -0.2209 -0.9566
vn 0.1902 0.2209 -0.9566
vn 0.1903 0.2209 -0.9566
vn 0.3732 0.2209 -0.9011
vn -0.1902 -0.2209 -0.9566
vn -0.1903 0.2209 -0.9566
vn 0.5418 0.2209 -0.8109
vn 0.6896 -0.2209 -0.6896
vn 0.5419 -0.2209 -0.8109
vn 0.6896 0.2209 -0.6896
vn 0.8109 -0.2209 -0.5418
vn 0.9011 -0.2209 -0.3732
vn 0.9566 -0.2209 -0.1903
vn 0.9565 0.2209 -0.1903
vn 0.9566 -0.2209 -0.1902
vn 0.9566 0.2209 -0.1903
vn 0.9566 -0.2209 0.1903
vn 0.9566 0.2209 0.1902
vn 0.9565 -0.2209 0.1903
vn 0.9566 0.2209 0.1903
vn 0.9011 0.2209 0.3732
vn 0.8109 0.2209 0.5418
vn 0.6896 -0.2209 0.6896
vn 0.8109 -0.2209 0.5419
vn 0.6896 0.2209 0.6896
vn 0.5418 -0.2209 0.8109
vn 0.5419 0.2209 0.8109
vn 0.3732 -0.2209 0.9011
vn 0.1903 -0.2209 0.9566
vn 0.1902 -0.2209 0.9566
vn 0.1903 0.2209 0.9566
vn -0.1903 -0.2209 0.9566
vn -0.1902 0.2209 0.9566
vn -0.1903 0.2209 0.9566
vn -0.3732 0.2209 0.9011
vn -0.5418 0.2209 0.8109
vn -0.6896 -0.2209 0.6896
vn -0.5419 -0.2209 0.8109
vn -0.6896 0.2209 0.6896
vn -0.8109 -0.2209 0.5418
vn -0.9011 -0.2209 0.3732
vn -0.9566 -0.2209 0.1903
vn -0.9565 0.2209 0.1903
vn -0.9566 -0.2209 0.1902
vn -0.9566 0.2209 0.1903
vn -0.9566 -0.2209 -0.1903
vn -0.9566 0.2209 -0.1902
vn -0.9565 -0.2209 -0.1903
vn -0.9566 0.2209 -0.1903
vn -0.9011 0.2209 -0.3732
vn -0.8109 0.2209 -0.5418
vn -0.6896 -0.2209 -0.6896
vn -0.8109 -0.2209 -0.5419
vn -0.6896 0.2209 -0.6896
vn -0.5418 -0.2209 -0.8109
vn -0.5419 0.2209 -0.8109
vn -0.3732 -0.2209 -0.9011
vn -0.1903 -0.2209 -0.9566
vn -0.0000 0.9754 -0.2202
vn -0.0030 1.0000 0.0046
vn 0.1223 0.9754 -0.1831
vn 0.1557 0.9754 -0.1557
vn -0.0064 1.0000 0.0026
vn 0.2202 0.9754 -0.0000
vn -0.0110 0.9999 -0.0046
vn 0.1831 0.9754 0.1223
vn 0.1557 0.9754 0.1557
vn -0.0054 0.9996 -0.0272
vn -0.0000 0.9754 0.2202
vn 0.0054 0.9996 -0.0272
vn -0.1223 0.9754 0.1831
vn -0.1557 0.9754 0.1557
vn 0.0110 0.9999 -0.0046
vn -0.2202 0.9754 -0.0000
vn 0.0064 1.0000 0.0026
vn -0.1831 0.9754 -0.1223
vn -0.1557 0.9754 -0.1557
vn 0.0030 1.0000 0.0046
vn 0.6698 0.3075 0.6759
vn 0.7904 0.2993 0.5345
vn 0.9521 0.2463 -0.1810
vn 0.9028 0.2284 -0.3645
vn 0.9027 0.2284 -0.3646
vn 0.8180 0.2091 -0.5360
vn 0.7004 0.1892 -0.6883
vn 0.5539 0.1698 -0.8151
vn -0.0000 0.1359 -0.9907
vn -0.5539 0.1698 -0.8151
vn -0.9028 0.2284 -0.3645
vn -0.9521 0.2463 -0.1810
vn -0.9521 0.2463 -0.1809
vn -0.9411 0.2768 0.1944
vn -0.8820 0.2891 0.3720
vn -0.6698 0.3075 0.6759
vn -0.5248 0.3139 0.7913
vn -0.0000 0.3219 0.9468
vn 0.1836 0.3210 0.9291
vn -0.1837 0.3210 0.9291
vt 0.773895 0.322808
vt 0.802032 0.334462
vt 0.827354 0.351382
vt 0.848889 0.372917
vt 0.865808 0.398239
vt 0.877463 0.426376
vt 0.883404 0.456245
vt 0.883404 0.486700
vt 0.877463 0.516569
vt 0.865808 0.544706
vt 0.848889 0.570028
vt 0.827354 0.591563
vt 0.802032 0.608482
vt 0.773895 0.620137
vt 0.744026 0.626078
vt 0.713571 0.626078
vt 0.683702 0.620137
vt 0.655565 0.608482
vt 0.630243 0.591562
vt 0.608708 0.570028
vt 0.591789 0.544706
vt 0.580134 0.516569
vt 0.574193 0.486700
vt 0.574193 0.456245
vt 0.580134 0.426375
vt 0.591789 0.398239
vt 0.608708 0.372917
vt 0.630243 0.351382
vt 0.655565 0.334462
vt 0.683702 0.322808
vt 0.713571 0.316867
vt 0.744026 0.316867
vt 0.513904 0.996616
vt 0.515418 0.965742
vt 0.521691 0.965993
vt 0.520070 0.997367
vt 0.519877 0.035737
vt 0.518577 0.004801
vt 0.524846 0.004059
vt 0.526233 0.035638
vt 0.519898 0.066954
vt 0.526169 0.066987
vt 0.519866 0.098196
vt 0.526130 0.098252
vt 0.519709 0.129318
vt 0.525946 0.129387
vt 0.519522 0.160321
vt 0.525730 0.160390
vt 0.519399 0.191157
vt 0.525585 0.191214
vt 0.519290 0.221942
vt 0.525400 0.221969
vt 0.519102 0.252824
vt 0.525366 0.252826
vt 0.519264 0.283654
vt 0.525405 0.283665
vt 0.518969 0.314600
vt 0.525278 0.314624
vt 0.518915 0.345777
vt 0.525171 0.345806
vt 0.519003 0.376986
vt 0.525254 0.377004
vt 0.519068 0.408045
vt 0.525223 0.408058
vt 0.518887 0.439013
vt 0.525202 0.439047
vt 0.518662 0.470132
vt 0.524903 0.470183
vt 0.518675 0.501266
vt 0.524926 0.501309
vt 0.518583 0.532327
vt 0.524848 0.532401
vt 0.518216 0.563572
vt 0.524482 0.563655
vt 0.518035 0.594835
vt 0.524298 0.594917
vt 0.517775 0.625940
vt 0.524006 0.626029
vt 0.517503 0.656895
vt 0.523698 0.656981
vt 0.517304 0.687659
vt 0.523474 0.687731
vt 0.517127 0.718358
vt 0.523218 0.718399
vt 0.516874 0.749143
vt 0.523118 0.749158
vt 0.516975 0.779870
vt 0.523095 0.779893
vt 0.516623 0.810709
vt 0.522910 0.810745
vt 0.516510 0.841777
vt 0.522744 0.841818
vt 0.516533 0.872875
vt 0.522760 0.872910
vt 0.516511 0.903799
vt 0.522660 0.903854
vt 0.515970 0.934714
vt 0.522270 0.934817
vt 0.071478 0.934818
vt 0.071803 0.965694
vt 0.065611 0.965956
vt 0.065220 0.934868
vt 0.071308 0.903857
vt 0.065183 0.903846
vt 0.071575 0.872764
vt 0.065291 0.872730
vt 0.071691 0.841593
vt 0.065557 0.841565
vt 0.071852 0.810426
vt 0.065570 0.810413
vt 0.071796 0.779355
vt 0.065616 0.779319
vt 0.071792 0.748525
vt 0.065647 0.748488
vt 0.071809 0.717808
vt 0.065673 0.717749
vt 0.072052 0.687118
vt 0.066014 0.687091
vt 0.072121 0.656383
vt 0.065896 0.656372
vt 0.072176 0.625526
vt 0.066017 0.625486
vt 0.072218 0.594627
vt 0.066131 0.594633
vt 0.072166 0.563603
vt 0.065900 0.563641
vt 0.071887 0.532563
vt 0.065695 0.532581
vt 0.071624 0.501592
vt 0.065449 0.501616
vt 0.071324 0.470679
vt 0.065202 0.470689
vt 0.071548 0.439642
vt 0.065274 0.439628
vt 0.071506 0.408521
vt 0.065352 0.408495
vt 0.071816 0.377256
vt 0.065496 0.377215
vt 0.071965 0.345904
vt 0.065794 0.345869
vt 0.072170 0.314549
vt 0.065849 0.314526
vt 0.072174 0.283281
vt 0.065951 0.283232
vt 0.072250 0.252226
vt 0.066064 0.252173
vt 0.072347 0.221299
vt 0.066191 0.221252
vt 0.072366 0.190510
vt 0.066290 0.190490
vt 0.072574 0.159669
vt 0.066322 0.159638
vt 0.072726 0.128638
vt 0.066530 0.128582
vt 0.072864 0.097532
vt 0.066728 0.097512
vt 0.072997 0.066261
vt 0.066665 0.066222
vt 0.073317 0.034948
vt 0.067002 0.034690
vt 0.075128 0.003802
vt 0.068962 0.002982
vt 0.073800 0.996324
vt 0.067668 0.997154
vt 0.024663 0.966341
vt 0.023216 0.999862
vt 0.016946 0.999089
vt 0.018802 0.966165
vt 0.023787 0.000138
vt 0.025383 0.033999
vt 0.019388 0.034229
vt 0.017437 0.000897
vt 0.025844 0.065977
vt 0.020002 0.066063
vt 0.026084 0.097358
vt 0.020308 0.097411
vt 0.026286 0.128456
vt 0.020554 0.128497
vt 0.026417 0.159323
vt 0.020727 0.159340
vt 0.026358 0.189973
vt 0.020674 0.189953
vt 0.026172 0.220703
vt 0.020479 0.220654
vt 0.025770 0.251551
vt 0.020102 0.251484
vt 0.025499 0.282589
vt 0.019729 0.282517
vt 0.025157 0.313927
vt 0.019286 0.313867
vt 0.024834 0.345286
vt 0.019073 0.345243
vt 0.024782 0.376838
vt 0.018887 0.376826
vt 0.024735 0.408285
vt 0.018927 0.408307
vt 0.024910 0.439503
vt 0.019144 0.439539
vt 0.025028 0.470587
vt 0.019347 0.470626
vt 0.025316 0.501556
vt 0.019517 0.501596
vt 0.025458 0.532560
vt 0.019719 0.532600
vt 0.025632 0.563554
vt 0.019896 0.563593
vt 0.025806 0.594537
vt 0.020082 0.594578
vt 0.026001 0.625423
vt 0.020301 0.625463
vt 0.026148 0.656145
vt 0.020487 0.656164
vt 0.026072 0.686635
vt 0.020476 0.686616
vt 0.026019 0.717246
vt 0.020288 0.717204
vt 0.025651 0.747959
vt 0.020014 0.747906
vt 0.025438 0.778767
vt 0.019710 0.778706
vt 0.025149 0.809879
vt 0.019319 0.809828
vt 0.024858 0.841025
vt 0.019136 0.840986
vt 0.024821 0.872376
vt 0.018961 0.872364
vt 0.024766 0.903652
vt 0.018984 0.903665
vt 0.024875 0.934811
vt 0.019094 0.934803
vt 0.053476 0.935022
vt 0.053893 0.966417
vt 0.047969 0.966585
vt 0.047756 0.935059
vt 0.053430 0.903916
vt 0.047666 0.903910
vt 0.053494 0.872748
vt 0.047719 0.872726
vt 0.053565 0.841508
vt 0.047789 0.841475
vt 0.053799 0.810301
vt 0.047970 0.810270
vt 0.053915 0.779207
vt 0.048184 0.779184
vt 0.054024 0.748390
vt 0.048390 0.748363
vt 0.054279 0.717694
vt 0.048532 0.717668
vt 0.054250 0.687036
vt 0.048640 0.687015
vt 0.054477 0.656366
vt 0.048717 0.656363
vt 0.054359 0.625560
vt 0.048649 0.625581
vt 0.054233 0.594660
vt 0.048508 0.594684
vt 0.054156 0.563632
vt 0.048414 0.563665
vt 0.053982 0.532595
vt 0.048247 0.532635
vt 0.053771 0.501641
vt 0.048107 0.501675
vt 0.053709 0.470714
vt 0.047903 0.470737
vt 0.053538 0.439688
vt 0.047844 0.439697
vt 0.053549 0.408544
vt 0.047766 0.408533
vt 0.053633 0.377222
vt 0.047825 0.377197
vt 0.053729 0.345797
vt 0.047917 0.345758
vt 0.054002 0.314395
vt 0.048135 0.314355
vt 0.054168 0.283100
vt 0.048396 0.283069
vt 0.054346 0.252041
vt 0.048609 0.252009
vt 0.054534 0.221131
vt 0.048829 0.221104
vt 0.054663 0.190376
vt 0.049030 0.190350
vt 0.054872 0.159598
vt 0.049088 0.159589
vt 0.054802 0.128629
vt 0.049056 0.128640
vt 0.054732 0.097502
vt 0.048953 0.097514
vt 0.054763 0.066100
vt 0.048916 0.066096
vt 0.054981 0.034269
vt 0.049016 0.034135
vt 0.056725 0.000966
vt 0.050446 0.000166
vt 0.055529 0.999028
vt 0.049398 0.999762
vt 0.281295 0.934005
vt 0.281035 0.965023
vt 0.274747 0.964847
vt 0.275103 0.933963
vt 0.281662 0.903214
vt 0.275520 0.903190
vt 0.281560 0.872330
vt 0.275289 0.872311
vt 0.281874 0.841388
vt 0.275723 0.841358
vt 0.281812 0.810513
vt 0.275624 0.810466
vt 0.282139 0.779642
vt 0.275918 0.779592
vt 0.282059 0.748729
vt 0.275773 0.748727
vt 0.282039 0.717771
vt 0.275909 0.717744
vt 0.282300 0.686886
vt 0.276095 0.686823
vt 0.282498 0.655995
vt 0.276267 0.655962
vt 0.282344 0.624993
vt 0.276055 0.624975
vt 0.282639 0.593989
vt 0.276475 0.593964
vt 0.282550 0.563036
vt 0.276345 0.562992
vt 0.282847 0.532054
vt 0.276613 0.532004
vt 0.282713 0.501115
vt 0.276499 0.501073
vt 0.282921 0.470106
vt 0.276667 0.470066
vt 0.282817 0.439006
vt 0.276510 0.438984
vt 0.283120 0.407968
vt 0.276934 0.407948
vt 0.283007 0.376901
vt 0.276701 0.376884
vt 0.283314 0.345795
vt 0.277132 0.345766
vt 0.283244 0.314769
vt 0.277027 0.314722
vt 0.283566 0.283758
vt 0.277318 0.283708
vt 0.283482 0.252716
vt 0.277172 0.252714
vt 0.283463 0.221638
vt 0.277310 0.221610
vt 0.283729 0.190642
vt 0.277502 0.190576
vt 0.283936 0.159654
vt 0.277685 0.159618
vt 0.283799 0.128557
vt 0.277491 0.128535
vt 0.284113 0.097463
vt 0.277931 0.097436
vt 0.284014 0.066401
vt 0.277786 0.066382
vt 0.284106 0.035238
vt 0.277799 0.035339
vt 0.282705 0.004034
vt 0.276498 0.004746
vt 0.279514 0.995939
vt 0.273447 0.995210
vt 0.332682 0.934372
vt 0.332719 0.965234
vt 0.326514 0.965359
vt 0.326414 0.934387
vt 0.332539 0.903588
vt 0.326396 0.903548
vt 0.333081 0.872702
vt 0.326809 0.872663
vt 0.332971 0.841724
vt 0.326828 0.841713
vt 0.333179 0.810815
vt 0.326904 0.810805
vt 0.333092 0.779974
vt 0.326870 0.779916
vt 0.333434 0.749076
vt 0.327237 0.749019
vt 0.333398 0.718115
vt 0.327256 0.718100
vt 0.333606 0.687180
vt 0.327323 0.687163
vt 0.333552 0.656299
vt 0.327322 0.656239
vt 0.333902 0.625333
vt 0.327695 0.625275
vt 0.333849 0.594321
vt 0.327695 0.594305
vt 0.334062 0.563317
vt 0.327768 0.563307
vt 0.333940 0.532362
vt 0.327705 0.532314
vt 0.334168 0.501422
vt 0.327946 0.501352
vt 0.334332 0.470373
vt 0.328178 0.470346
vt 0.334459 0.439278
vt 0.328152 0.439277
vt 0.334305 0.408306
vt 0.328125 0.408271
vt 0.334816 0.377240
vt 0.328510 0.377207
vt 0.334671 0.346099
vt 0.328497 0.346094
vt 0.334849 0.315043
vt 0.328545 0.315038
vt 0.334735 0.284069
vt 0.328487 0.284014
vt 0.335057 0.253048
vt 0.328837 0.252995
vt 0.335004 0.221976
vt 0.328841 0.221963
vt 0.335201 0.190940
vt 0.328899 0.190925
vt 0.335142 0.159973
vt 0.328895 0.159911
vt 0.335500 0.128929
vt 0.329277 0.128868
vt 0.335472 0.097852
vt 0.329303 0.097826
vt 0.335768 0.066792
vt 0.329454 0.066739
vt 0.335987 0.035783
vt 0.329690 0.035564
vt 0.337489 0.004873
vt 0.331324 0.004118
vt 0.333927 0.995834
vt 0.327720 0.996531
vt 0.296742 0.934140
vt 0.296583 0.965442
vt 0.290615 0.965309
vt 0.290963 0.934098
vt 0.296890 0.903279
vt 0.291048 0.903255
vt 0.297038 0.872381
vt 0.291214 0.872366
vt 0.297114 0.841453
vt 0.291267 0.841433
vt 0.297338 0.810552
vt 0.291454 0.810534
vt 0.297314 0.779683
vt 0.291531 0.779668
vt 0.297423 0.748802
vt 0.291589 0.748791
vt 0.297572 0.717826
vt 0.291733 0.717810
vt 0.297667 0.686891
vt 0.291831 0.686878
vt 0.297751 0.656014
vt 0.291897 0.656003
vt 0.297860 0.625032
vt 0.292022 0.625023
vt 0.297914 0.594044
vt 0.292054 0.594028
vt 0.298121 0.563071
vt 0.292219 0.563054
vt 0.298126 0.532098
vt 0.292265 0.532079
vt 0.298178 0.501149
vt 0.292400 0.501136
vt 0.298220 0.470133
vt 0.292351 0.470122
vt 0.298385 0.439047
vt 0.292527 0.439035
vt 0.298447 0.408017
vt 0.292567 0.408001
vt 0.298572 0.376945
vt 0.292715 0.376933
vt 0.298632 0.345854
vt 0.292756 0.345837
vt 0.298843 0.314802
vt 0.292931 0.314787
vt 0.298806 0.283796
vt 0.292998 0.283783
vt 0.298907 0.252787
vt 0.293051 0.252777
vt 0.299052 0.221694
vt 0.293192 0.221678
vt 0.299147 0.190652
vt 0.293291 0.190637
vt 0.299238 0.159679
vt 0.293365 0.159666
vt 0.299361 0.128606
vt 0.293506 0.128593
vt 0.299438 0.097524
vt 0.293558 0.097505
vt 0.299671 0.066402
vt 0.293729 0.066389
vt 0.299622 0.034978
vt 0.293675 0.035047
vt 0.298862 0.002076
vt 0.292628 0.002696
vt 0.295394 0.998122
vt 0.289211 0.997401
vt 0.316901 0.934350
vt 0.316864 0.965468
vt 0.310985 0.965529
vt 0.310994 0.934335
vt 0.317012 0.903495
vt 0.311233 0.903468
vt 0.317146 0.872611
vt 0.311255 0.872586
vt 0.317277 0.841635
vt 0.311433 0.841619
vt 0.317396 0.810733
vt 0.311572 0.810722
vt 0.317477 0.779880
vt 0.311694 0.779862
vt 0.317570 0.748988
vt 0.311675 0.748971
vt 0.317704 0.718016
vt 0.311860 0.718001
vt 0.317798 0.687084
vt 0.311962 0.687069
vt 0.317919 0.656201
vt 0.312131 0.656181
vt 0.318013 0.625240
vt 0.312110 0.625222
vt 0.318123 0.594222
vt 0.312267 0.594207
vt 0.318235 0.563239
vt 0.312396 0.563228
vt 0.318305 0.532292
vt 0.312512 0.532275
vt 0.318398 0.501355
vt 0.312483 0.501336
vt 0.318444 0.470306
vt 0.312580 0.470290
vt 0.318582 0.439217
vt 0.312723 0.439204
vt 0.318689 0.408226
vt 0.312879 0.408203
vt 0.318793 0.377163
vt 0.312869 0.377143
vt 0.318898 0.346024
vt 0.313024 0.346012
vt 0.318994 0.314973
vt 0.313143 0.314966
vt 0.319055 0.283984
vt 0.313247 0.283969
vt 0.319132 0.252968
vt 0.313215 0.252953
vt 0.319256 0.221882
vt 0.313391 0.221869
vt 0.319344 0.190846
vt 0.313489 0.190831
vt 0.319466 0.159872
vt 0.313660 0.159851
vt 0.319570 0.128827
vt 0.313651 0.128806
vt 0.319705 0.097727
vt 0.313829 0.097705
vt 0.319872 0.066618
vt 0.313991 0.066590
vt 0.320102 0.035300
vt 0.314165 0.035177
vt 0.321340 0.002674
vt 0.314990 0.002007
vt 0.317756 0.997851
vt 0.311434 0.998423
vt 0.527461 0.998493
vt 0.529072 0.966222
vt 0.535081 0.966376
vt 0.533765 0.999249
vt 0.533516 0.035502
vt 0.532386 0.002993
vt 0.538748 0.002308
vt 0.539569 0.035436
vt 0.533558 0.066993
vt 0.539627 0.067007
vt 0.533401 0.098318
vt 0.539384 0.098350
vt 0.533179 0.129466
vt 0.539131 0.129508
vt 0.532923 0.160472
vt 0.538839 0.160515
vt 0.532759 0.191278
vt 0.538593 0.191310
vt 0.532560 0.222026
vt 0.538515 0.222044
vt 0.532540 0.252860
vt 0.538445 0.252859
vt 0.532486 0.283674
vt 0.538406 0.283671
vt 0.532506 0.314614
vt 0.538455 0.314611
vt 0.532536 0.345800
vt 0.538506 0.345793
vt 0.532506 0.377029
vt 0.538472 0.377028
vt 0.532440 0.408110
vt 0.538381 0.408125
vt 0.532332 0.439082
vt 0.538224 0.439104
vt 0.532243 0.470205
vt 0.538260 0.470221
vt 0.532175 0.501355
vt 0.538073 0.501373
vt 0.531998 0.532443
vt 0.537975 0.532476
vt 0.531858 0.563716
vt 0.537911 0.563761
vt 0.531565 0.595014
vt 0.537545 0.595071
vt 0.531229 0.626133
vt 0.537174 0.626196
vt 0.530877 0.657084
vt 0.536780 0.657144
vt 0.530629 0.687814
vt 0.536447 0.687861
vt 0.530356 0.718472
vt 0.536293 0.718503
vt 0.530268 0.749206
vt 0.536153 0.749218
vt 0.530152 0.779915
vt 0.536052 0.779924
vt 0.530113 0.810748
vt 0.536041 0.810755
vt 0.530084 0.841827
vt 0.536034 0.841831
vt 0.529983 0.872952
vt 0.535930 0.872969
vt 0.529758 0.903919
vt 0.535698 0.903965
vt 0.529498 0.934898
vt 0.535457 0.934963
vt 0.550325 0.999646
vt 0.549895 0.966348
vt 0.555979 0.966293
vt 0.556806 0.999068
vt 0.554458 0.035330
vt 0.555287 0.002326
vt 0.561631 0.002964
vt 0.560569 0.035432
vt 0.554412 0.066914
vt 0.560358 0.066947
vt 0.554164 0.098314
vt 0.560156 0.098365
vt 0.553844 0.129512
vt 0.559804 0.129578
vt 0.553444 0.160539
vt 0.559421 0.160609
vt 0.553210 0.191280
vt 0.559034 0.191324
vt 0.553016 0.221941
vt 0.558956 0.221955
vt 0.553040 0.252724
vt 0.558871 0.252721
vt 0.553036 0.283512
vt 0.558947 0.283489
vt 0.553148 0.314462
vt 0.559095 0.314434
vt 0.553246 0.345626
vt 0.559226 0.345609
vt 0.553220 0.376914
vt 0.559200 0.376926
vt 0.553069 0.408060
vt 0.559084 0.408089
vt 0.552987 0.439021
vt 0.558868 0.439033
vt 0.552932 0.470118
vt 0.558885 0.470126
vt 0.552838 0.501262
vt 0.558808 0.501270
vt 0.552750 0.532389
vt 0.558801 0.532399
vt 0.552720 0.563750
vt 0.558657 0.563795
vt 0.552324 0.595107
vt 0.558310 0.595187
vt 0.551865 0.626258
vt 0.557814 0.626349
vt 0.551350 0.657216
vt 0.557312 0.657307
vt 0.551023 0.687871
vt 0.556829 0.687933
vt 0.550747 0.718437
vt 0.556668 0.718466
vt 0.550699 0.749115
vt 0.556509 0.749126
vt 0.550630 0.779794
vt 0.556519 0.779784
vt 0.550682 0.810634
vt 0.556608 0.810616
vt 0.550725 0.841690
vt 0.556686 0.841682
vt 0.550639 0.872889
vt 0.556606 0.872915
vt 0.550394 0.903984
vt 0.556338 0.904035
vt 0.550141 0.934955
vt 0.556100 0.934987
vt 0.699368 0.106460
vt 0.694053 0.111723
vt 0.689608 0.106345
vt 0.694240 0.101694
vt 0.703592 0.100285
vt 0.697878 0.096214
vt 0.706575 0.093427
vt 0.700368 0.090123
vt 0.708215 0.086135
vt 0.701617 0.083660
vt 0.708454 0.078671
vt 0.701572 0.077079
vt 0.707281 0.071301
vt 0.700235 0.070638
vt 0.704738 0.064289
vt 0.697660 0.064590
vt 0.700911 0.057885
vt 0.693950 0.059173
vt 0.695927 0.052319
vt 0.689253 0.054597
vt 0.689948 0.047792
vt 0.683760 0.051041
vt 0.683158 0.044478
vt 0.677691 0.048638
vt 0.675750 0.042521
vt 0.671290 0.047476
vt 0.667906 0.042056
vt 0.664809 0.047583
vt 0.659802 0.043241
vt 0.658498 0.048934
vt 0.651699 0.046275
vt 0.652584 0.051453
vt 0.644085 0.051208
vt 0.647270 0.055069
vt 0.637798 0.057758
vt 0.642715 0.059604
vt 0.633290 0.065132
vt 0.639123 0.064931
vt 0.630584 0.072860
vt 0.636600 0.070870
vt 0.629547 0.080652
vt 0.635262 0.077214
vt 0.630060 0.088304
vt 0.635187 0.083723
vt 0.632028 0.095607
vt 0.636395 0.090142
vt 0.635342 0.102343
vt 0.638847 0.096215
vt 0.639868 0.108297
vt 0.642453 0.101699
vt 0.645438 0.113271
vt 0.647074 0.106371
vt 0.651848 0.117096
vt 0.652530 0.110047
vt 0.658869 0.119641
vt 0.658606 0.112578
vt 0.666249 0.120816
vt 0.665063 0.113866
vt 0.673723 0.120581
vt 0.671648 0.113861
vt 0.681022 0.118942
vt 0.678101 0.112562
vt 0.687883 0.115955
vt 0.684167 0.110021
vt 0.685520 0.094566
vt 0.682460 0.097671
vt 0.677661 0.091872
vt 0.679687 0.089826
vt 0.687932 0.090935
vt 0.681278 0.087427
vt 0.689565 0.086890
vt 0.682363 0.084762
vt 0.690396 0.082604
vt 0.682912 0.081942
vt 0.690369 0.078245
vt 0.682899 0.079066
vt 0.689488 0.073979
vt 0.682324 0.076249
vt 0.687788 0.069972
vt 0.681209 0.073598
vt 0.685337 0.066378
vt 0.679598 0.071218
vt 0.682234 0.063336
vt 0.677555 0.069200
vt 0.678602 0.060963
vt 0.675158 0.067621
vt 0.674584 0.059347
vt 0.672501 0.066540
vt 0.670340 0.058546
vt 0.669685 0.066000
vt 0.666025 0.058607
vt 0.666822 0.066022
vt 0.661799 0.059477
vt 0.664023 0.066594
vt 0.657835 0.061141
vt 0.661386 0.067700
vt 0.654278 0.063556
vt 0.659018 0.069298
vt 0.651233 0.066595
vt 0.657001 0.071322
vt 0.648851 0.070177
vt 0.655419 0.073702
vt 0.647198 0.074166
vt 0.654328 0.076340
vt 0.646325 0.078402
vt 0.653764 0.079143
vt 0.646293 0.082723
vt 0.653758 0.082011
vt 0.647131 0.086973
vt 0.654316 0.084827
vt 0.648788 0.090993
vt 0.655412 0.087477
vt 0.651182 0.094625
vt 0.657003 0.089869
vt 0.654260 0.097705
vt 0.659036 0.091902
vt 0.657871 0.100140
vt 0.661427 0.093504
vt 0.661899 0.101798
vt 0.664090 0.094601
vt 0.666185 0.102637
vt 0.666911 0.095157
vt 0.670552 0.102642
vt 0.669787 0.095156
vt 0.674823 0.101792
vt 0.672613 0.094590
vt 0.678840 0.100098
vt 0.675270 0.093477
vt 0.000138 0.996200
vt 0.002357 0.965561
vt 0.002376 0.934708
vt 0.002594 0.034995
vt 0.000138 0.003729
vt 0.003406 0.066270
vt 0.003819 0.097486
vt 0.004181 0.128542
vt 0.004519 0.159348
vt 0.004766 0.189814
vt 0.003922 0.220470
vt 0.003999 0.251246
vt 0.002915 0.282302
vt 0.003019 0.313729
vt 0.002393 0.345097
vt 0.001838 0.376848
vt 0.002607 0.408404
vt 0.002313 0.439605
vt 0.002884 0.470707
vt 0.003130 0.501607
vt 0.003311 0.532586
vt 0.003488 0.563586
vt 0.003707 0.594592
vt 0.004010 0.625497
vt 0.004353 0.656179
vt 0.004629 0.686493
vt 0.003801 0.717054
vt 0.003999 0.747716
vt 0.003020 0.778531
vt 0.003171 0.809710
vt 0.002573 0.840850
vt 0.002027 0.872383
vt 0.002763 0.903727
vt 0.686716 0.095528
vt 0.683443 0.098844
vt 0.872567 0.233163
vt 0.855413 0.258953
vt 0.833584 0.280909
vt 0.689291 0.091641
vt 0.679576 0.101444
vt 0.807906 0.298210
vt 0.884386 0.204519
vt 0.691039 0.087319
vt 0.890413 0.174112
vt 0.691923 0.082738
vt 0.890413 0.143101
vt 0.691891 0.078077
vt 0.884380 0.112664
vt 0.690946 0.073515
vt 0.872538 0.083964
vt 0.689126 0.069231
vt 0.855330 0.058095
vt 0.686503 0.065391
vt 0.833406 0.036046
vt 0.683183 0.062142
vt 0.807592 0.018662
vt 0.679298 0.059608
vt 0.778865 0.006609
vt 0.675002 0.057885
vt 0.748309 0.000353
vt 0.670462 0.057035
vt 0.717078 0.000138
vt 0.665852 0.057099
vt 0.686338 0.005983
vt 0.661344 0.058035
vt 0.657197 0.017705
vt 0.657109 0.059818
vt 0.630824 0.035114
vt 0.653309 0.062395
vt 0.608645 0.057698
vt 0.650060 0.065645
vt 0.591515 0.084167
vt 0.647512 0.069470
vt 0.579905 0.113348
vt 0.645744 0.073727
vt 0.574193 0.144147
vt 0.644814 0.078251
vt 0.574566 0.175402
vt 0.644781 0.082873
vt 0.580990 0.205930
vt 0.645671 0.087420
vt 0.593202 0.234582
vt 0.647439 0.091716
vt 0.610725 0.260279
vt 0.650003 0.095598
vt 0.632883 0.282054
vt 0.653291 0.098892
vt 0.658828 0.299090
vt 0.657156 0.101494
vt 0.687569 0.310747
vt 0.661464 0.103270
vt 0.718012 0.316590
vt 0.666044 0.104167
vt 0.748998 0.316402
vt 0.670711 0.104166
vt 0.779347 0.310195
vt 0.675281 0.103252
vt 0.568136 0.966105
vt 0.569149 0.997450
vt 0.573916 0.004654
vt 0.572429 0.035697
vt 0.567793 0.935009
vt 0.572579 0.067001
vt 0.572164 0.098453
vt 0.571731 0.129685
vt 0.571230 0.160747
vt 0.570593 0.191422
vt 0.570689 0.222009
vt 0.570658 0.252765
vt 0.570769 0.283493
vt 0.570994 0.314422
vt 0.571210 0.345606
vt 0.571382 0.376992
vt 0.570778 0.408195
vt 0.570754 0.439062
vt 0.571004 0.470167
vt 0.570546 0.501311
vt 0.570774 0.532409
vt 0.570916 0.563886
vt 0.570309 0.595339
vt 0.569715 0.626510
vt 0.569088 0.657487
vt 0.568352 0.688065
vt 0.568361 0.718550
vt 0.568254 0.749196
vt 0.568298 0.779812
vt 0.568464 0.810625
vt 0.568631 0.841695
vt 0.568775 0.872985
vt 0.568221 0.904148
vt 0.669718 0.066996
vt 0.666779 0.068061
vt 0.663826 0.069661
vt 0.661007 0.071707
vt 0.658466 0.074088
vt 0.656337 0.076684
vt 0.654736 0.079366
vt 0.672535 0.068521
vt 0.669565 0.070037
vt 0.666419 0.072060
vt 0.663279 0.074459
vt 0.660330 0.077088
vt 0.657748 0.079793
vt 0.655696 0.082421
vt 0.675163 0.070535
vt 0.672273 0.072449
vt 0.669067 0.074806
vt 0.665749 0.077449
vt 0.662525 0.080208
vt 0.659603 0.082908
vt 0.657175 0.085383
vt 0.677500 0.072961
vt 0.674796 0.075204
vt 0.671668 0.077795
vt 0.668320 0.080563
vt 0.664968 0.083327
vt 0.661830 0.085909
vt 0.659114 0.088139
vt 0.679456 0.075707
vt 0.677037 0.078197
vt 0.674119 0.080912
vt 0.670893 0.083680
vt 0.667564 0.086325
vt 0.664345 0.088678
vt 0.661440 0.090581
vt 0.680953 0.078667
vt 0.678909 0.081312
vt 0.676328 0.084036
vt 0.673370 0.086679
vt 0.670215 0.089085
vt 0.667051 0.091107
vt 0.664064 0.092615
vt 0.681935 0.081725
vt 0.680340 0.084428
vt 0.678208 0.087046
vt 0.675655 0.089445
vt 0.672817 0.091501
vt 0.669842 0.093103
vt 0.666883 0.094157
s 0
usemtl UV
f 1/1/1 2/2/2 3/3/3 4/4/4 5/5/5 6/6/6 7/7/7 8/8/8 9/9/9 10/10/10 11/11/11 12/12/12 13/13/13 14/14/14 15/15/15 16/16/16 17/17/17 18/18/18 19/19/19 20/20/20 21/21/21 22/22/22 23/23/23 24/24/24 25/25/25 26/26/26 27/27/27 28/28/28 29/29/29 30/30/30 31/31/31 32/32/32
f 68/33/33 65/34/34 66/35/35 67/36/36
f 70/37/37 68/38/33 67/39/38 69/40/39
f 72/41/40 70/37/37 69/40/41 71/42/42
f 74/43/43 72/41/40 71/42/44 73/44/45
f 76/45/46 74/43/43 73/44/45 75/46/47
f 78/47/48 76/45/46 75/46/47 77/48/49
f 80/49/50 78/47/48 77/48/49 79/50/51
f 82/51/52 80/49/50 79/50/51 81/52/53
f 84/53/54 82/51/52 81/52/53 83/54/55
f 86/55/56 84/53/54 83/54/57 85/56/58
f 88/57/59 86/55/60 85/56/61 87/58/62
f 90/59/63 88/57/59 87/58/64 89/60/65
f 92/61/66 90/59/63 89/60/65 91/62/67
f 94/63/68 92/61/66 91/62/67 93/64/69
f 96/65/70 94/63/68 93/64/69 95/66/71
f 98/67/72 96/65/70 95/66/71 97/68/73
f 100/69/74 98/67/72 97/68/73 99/70/75
f 102/71/76 100/69/74 99/70/77 101/72/78
f 104/73/79 102/71/76 101/72/80 103/74/81
f 106/75/82 104/73/79 103/74/83 105/76/84
f 108/77/85 106/75/82 105/76/84 107/78/86
f 110/79/87 108/77/85 107/78/86 109/80/88
f 112/81/89 110/79/87 109/80/88 111/82/90
f 114/83/91 112/81/89 111/82/90 113/84/92
f 116/85/93 114/83/91 113/84/92 115/86/94
f 118/87/95 116/85/93 115/86/96 117/88/97
f 120/89/98 118/87/99 117/88/100 119/90/101
f 122/91/102 120/89/98 119/90/103 121/92/104
f 124/93/105 122/91/102 121/92/104 123/94/106
f 126/95/107 124/93/105 123/94/106 125/96/108
f 128/97/109 126/95/107 125/96/108 127/98/110
f 65/34/34 128/97/109 127/98/110 66/35/35
f 192/99/111 129/100/112 130/101/113 191/102/114
f 190/103/115 192/99/116 191/102/114 189/104/117
f 188/105/118 190/103/119 189/104/120 187/106/121
f 186/107/122 188/105/123 187/106/124 185/108/125
f 184/109/126 186/107/127 185/108/125 183/110/128
f 182/111/129 184/109/130 183/110/131 181/112/132
f 180/113/133 182/111/134 181/112/132 179/114/135
f 178/115/136 180/113/137 179/114/138 177/116/139
f 176/117/140 178/115/141 177/116/139 175/118/142
f 174/119/143 176/117/144 175/118/142 173/120/145
f 172/121/146 174/119/147 173/120/148 171/122/149
f 170/123/150 172/121/151 171/122/152 169/124/153
f 168/125/154 170/123/155 169/124/153 167/126/156
f 166/127/157 168/125/158 167/126/159 165/128/160
f 164/129/161 166/127/162 165/128/160 163/130/163
f 162/131/164 164/129/165 163/130/166 161/132/167
f 160/133/168 162/131/169 161/132/167 159/134/170
f 158/135/171 160/133/172 159/134/170 157/136/173
f 156/137/174 158/135/175 157/136/176 155/138/177
f 154/139/178 156/137/179 155/138/180 153/140/181
f 152/141/182 154/139/183 153/140/181 151/142/184
f 150/143/185 152/141/186 151/142/187 149/144/188
f 148/145/189 150/143/190 149/144/188 147/146/191
f 146/147/192 148/145/193 147/146/194 145/148/195
f 144/149/196 146/147/197 145/148/195 143/150/198
f 142/151/199 144/149/200 143/150/198 141/152/201
f 140/153/202 142/151/203 141/152/204 139/154/205
f 138/155/206 140/153/207 139/154/208 137/156/209
f 136/157/210 138/155/211 137/156/209 135/158/212
f 134/159/213 136/157/214 135/158/215 133/160/216
f 132/161/217 134/159/218 133/160/216 131/162/219
f 129/100/220 132/163/221 131/164/222 130/101/113
f 194/165/223 195/166/224 196/167/225 193/168/226
f 195/169/224 199/170/227 200/171/228 196/172/229
f 199/170/227 203/173/230 204/174/231 200/171/228
f 203/173/230 207/175/232 208/176/233 204/174/231
f 207/175/234 211/177/235 212/178/236 208/176/233
f 211/177/237 215/179/238 216/180/239 212/178/236
f 215/179/238 219/181/240 220/182/241 216/180/239
f 219/181/240 223/183/242 224/184/243 220/182/241
f 223/183/242 227/185/244 228/186/245 224/184/243
f 227/185/244 231/187/246 232/188/247 228/186/248
f 231/187/246 235/189/249 236/190/250 232/188/247
f 235/189/249 239/191/251 240/192/252 236/190/250
f 239/191/253 243/193/254 244/194/255 240/192/252
f 243/193/256 247/195/257 248/196/258 244/194/255
f 247/195/257 251/197/259 252/198/260 248/196/258
f 251/197/259 255/199/261 256/200/262 252/198/260
f 255/199/261 259/201/263 260/202/264 256/200/262
f 259/201/263 263/203/265 264/204/266 260/202/267
f 263/203/265 267/205/268 268/206/269 264/204/266
f 267/205/268 271/207/270 272/208/271 268/206/269
f 271/207/272 275/209/273 276/210/274 272/208/271
f 275/209/275 279/211/276 280/212/277 276/210/274
f 279/211/276 283/213/278 284/214/279 280/212/277
f 283/213/278 287/215/280 288/216/281 284/214/279
f 287/215/280 291/217/282 292/218/283 288/216/281
f 291/217/282 295/219/284 296/220/285 292/218/286
f 295/219/284 299/221/287 300/222/288 296/220/285
f 299/221/287 303/223/289 304/224/290 300/222/288
f 303/223/291 307/225/292 308/226/293 304/224/290
f 307/225/294 311/227/295 312/228/296 308/226/293
f 311/227/295 315/229/297 316/230/298 312/228/296
f 315/229/297 194/165/223 193/168/226 316/230/298
f 318/231/299 319/232/300 320/233/301 317/234/302
f 314/235/303 318/231/299 317/234/302 313/236/304
f 310/237/305 314/235/303 313/236/304 309/238/306
f 306/239/307 310/237/308 309/238/306 305/240/309
f 302/241/310 306/239/307 305/240/311 301/242/312
f 298/243/313 302/241/310 301/242/314 297/244/315
f 294/245/316 298/243/313 297/244/315 293/246/317
f 290/247/318 294/245/319 293/246/317 289/248/320
f 286/249/321 290/247/318 289/248/320 285/250/322
f 282/251/323 286/249/321 285/250/322 281/252/324
f 278/253/325 282/251/323 281/252/324 277/254/326
f 274/255/327 278/253/328 277/254/326 273/256/329
f 270/257/330 274/255/327 273/256/331 269/258/332
f 266/259/333 270/257/330 269/258/334 265/260/335
f 262/261/336 266/259/333 265/260/335 261/262/337
f 258/263/338 262/261/339 261/262/337 257/264/340
f 254/265/341 258/263/338 257/264/340 253/266/342
f 250/267/343 254/265/341 253/266/342 249/268/344
f 246/269/345 250/267/343 249/268/344 245/270/346
f 242/271/347 246/269/348 245/270/346 241/272/349
f 238/273/350 242/271/347 241/272/351 237/274/352
f 234/275/353 238/273/350 237/274/354 233/276/355
f 230/277/356 234/275/353 233/276/355 229/278/357
f 226/279/358 230/277/359 229/278/357 225/280/360
f 222/281/361 226/279/358 225/280/360 221/282/362
f 218/283/363 222/281/361 221/282/362 217/284/364
f 214/285/365 218/283/363 217/284/364 213/286/366
f 210/287/367 214/285/368 213/286/366 209/288/369
f 206/289/370 210/287/367 209/288/371 205/290/372
f 202/291/373 206/289/370 205/290/374 201/292/375
f 198/293/376 202/291/373 201/292/375 197/294/377
f 319/232/300 198/295/378 197/296/377 320/233/301
f 384/297/379 321/298/380 322/299/381 383/300/382
f 382/301/383 384/297/379 383/300/384 381/302/385
f 380/303/386 382/301/387 381/302/385 379/304/388
f 378/305/389 380/303/390 379/304/391 377/306/392
f 376/307/393 378/305/394 377/306/395 375/308/396
f 374/309/397 376/307/393 375/308/398 373/310/399
f 372/311/400 374/309/397 373/310/401 371/312/402
f 370/313/403 372/311/404 371/312/405 369/314/406
f 368/315/407 370/313/403 369/314/408 367/316/409
f 366/317/410 368/315/407 367/316/411 365/318/412
f 364/319/413 366/317/414 365/318/412 363/320/415
f 362/321/416 364/319/417 363/320/418 361/322/419
f 360/323/420 362/321/421 361/322/422 359/324/423
f 358/325/424 360/323/420 359/324/425 357/326/426
f 356/327/427 358/325/424 357/326/428 355/328/429
f 354/329/430 356/327/431 355/328/432 353/330/433
f 352/331/434 354/329/430 353/330/435 351/332/436
f 350/333/437 352/331/434 351/332/438 349/334/439
f 348/335/440 350/333/441 349/334/439 347/336/442
f 346/337/443 348/335/444 347/336/445 345/338/446
f 344/339/447 346/337/448 345/338/449 343/340/450
f 342/341/451 344/339/447 343/340/452 341/342/453
f 340/343/454 342/341/451 341/342/455 339/344/456
f 338/345/457 340/343/458 339/344/459 337/346/460
f 336/347/461 338/345/457 337/346/462 335/348/463
f 334/349/464 336/347/461 335/348/465 333/350/466
f 332/351/467 334/349/468 333/350/466 331/352/469
f 330/353/470 332/351/471 331/352/472 329/354/473
f 328/355/474 330/353/475 329/354/476 327/356/477
f 326/357/478 328/355/474 327/356/479 325/358/480
f 324/359/481 326/357/478 325/358/482 323/360/483
f 321/298/380 324/361/484 323/362/485 322/299/381
f 448/363/486 385/364/487 386/365/488 447/366/489
f 446/367/490 448/363/491 447/366/492 445/368/493
f 444/369/494 446/367/490 445/368/493 443/370/495
f 442/371/496 444/369/494 443/370/495 441/372/497
f 440/373/498 442/371/499 441/372/500 439/374/501
f 438/375/502 440/373/503 439/374/504 437/376/505
f 436/377/506 438/375/502 437/376/507 435/378/508
f 434/379/509 436/377/506 435/378/508 433/380/510
f 432/381/511 434/379/512 433/380/510 431/382/513
f 430/383/514 432/381/515 431/382/516 429/384/517
f 428/385/518 430/383/514 429/384/519 427/386/520
f 426/387/521 428/385/518 427/386/520 425/388/522
f 424/389/523 426/387/524 425/388/525 423/390/526
f 422/391/527 424/389/528 423/390/529 421/392/530
f 420/393/531 422/391/527 421/392/532 419/394/533
f 418/395/534 420/393/531 419/394/533 417/396/535
f 416/397/536 418/395/537 417/396/535 415/398/538
f 414/399/539 416/397/540 415/398/541 413/400/542
f 412/401/543 414/399/539 413/400/542 411/402/544
f 410/403/545 412/401/543 411/402/544 409/404/546
f 408/405/547 410/403/548 409/404/549 407/406/550
f 406/407/551 408/405/552 407/406/553 405/408/554
f 404/409/555 406/407/551 405/408/556 403/410/557
f 402/411/558 404/409/555 403/410/557 401/412/559
f 400/413/560 402/411/561 401/412/559 399/414/562
f 398/415/563 400/413/564 399/414/565 397/416/566
f 396/417/567 398/415/563 397/416/568 395/418/569
f 394/419/570 396/417/567 395/418/569 393/420/571
f 392/421/572 394/419/573 393/420/574 391/422/575
f 390/423/576 392/421/577 391/422/578 389/424/579
f 388/425/580 390/423/576 389/424/581 387/426/582
f 385/364/583 388/427/580 387/428/582 386/365/488
f 572/429/584 573/430/585 574/431/586 571/432/587
f 568/433/588 572/429/584 571/432/587 567/434/589
f 564/435/590 568/433/588 567/434/591 563/436/592
f 560/437/593 564/435/590 563/436/592 559/438/594
f 556/439/595 560/437/593 559/438/594 555/440/596
f 552/441/597 556/439/595 555/440/598 551/442/599
f 548/443/600 552/441/601 551/442/602 547/444/603
f 544/445/604 548/443/600 547/444/603 543/446/605
f 540/447/606 544/445/604 543/446/605 539/448/607
f 536/449/608 540/447/606 539/448/607 535/450/609
f 532/451/610 536/449/608 535/450/611 531/452/612
f 528/453/613 532/451/610 531/452/612 527/454/614
f 524/455/615 528/453/613 527/454/614 523/456/616
f 520/457/617 524/455/615 523/456/618 519/458/619
f 516/459/620 520/457/621 519/458/622 515/460/623
f 512/461/624 516/459/620 515/460/623 511/462/625
f 508/463/626 512/461/624 511/462/625 507/464/627
f 504/465/628 508/463/626 507/464/627 503/466/629
f 500/467/630 504/465/628 503/466/631 499/468/632
f 496/469/633 500/467/630 499/468/632 495/470/634
f 492/471/635 496/469/633 495/470/634 491/472/636
f 488/473/637 492/471/635 491/472/638 487/474/639
f 484/475/640 488/473/641 487/474/642 483/476/643
f 480/477/644 484/475/640 483/476/643 479/478/645
f 476/479/646 480/477/644 479/478/645 475/480/647
f 472/481/648 476/479/646 475/480/647 471/482/649
f 468/483/650 472/481/648 471/482/651 467/484/652
f 464/485/653 468/483/650 467/484/652 463/486/654
f 460/487/655 464/485/653 463/486/654 459/488/656
f 456/489/657 460/487/655 459/488/658 455/490/659
f 452/491/660 456/489/661 455/490/662 451/492/663
f 573/430/585 452/493/660 451/494/663 574/431/586
f 570/495/664 575/496/665 576/497/666 569/498/667
f 566/499/668 570/495/664 569/498/667 565/500/669
f 562/501/670 566/499/671 565/500/672 561/502/673
f 558/503/674 562/501/675 561/502/673 557/504/676
f 554/505/677 558/503/674 557/504/676 553/506/678
f 550/507/679 554/505/677 553/506/678 549/508/680
f 546/509/681 550/507/682 549/508/680 545/510/683
f 542/511/684 546/509/681 545/510/683 541/512/685
f 538/513/686 542/511/684 541/512/685 537/514/687
f 534/515/688 538/513/686 537/514/687 533/516/689
f 530/517/690 534/515/691 533/516/692 529/518/693
f 526/519/694 530/517/695 529/518/693 525/520/696
f 522/521/697 526/519/694 525/520/696 521/522/698
f 518/523/699 522/521/697 521/522/698 517/524/700
f 514/525/701 518/523/702 517/524/700 513/526/703
f 510/527/704 514/525/701 513/526/703 509/528/705
f 506/529/706 510/527/704 509/528/705 505/530/707
f 502/531/708 506/529/706 505/530/707 501/532/709
f 498/533/710 502/531/711 501/532/712 497/534/713
f 494/535/714 498/533/715 497/534/713 493/536/716
f 490/537/717 494/535/714 493/536/716 489/538/718
f 486/539/719 490/537/717 489/538/718 485/540/720
f 482/541/721 486/539/722 485/540/720 481/542/723
f 478/543/724 482/541/721 481/542/723 477/544/725
f 474/545/726 478/543/724 477/544/725 473/546/727
f 470/547/728 474/545/726 473/546/727 469/548/729
f 466/549/730 470/547/731 469/548/732 465/550/733
f 462/551/734 466/549/735 465/550/733 461/552/736
f 458/553/737 462/551/734 461/552/736 457/554/738
f 454/555/739 458/553/737 457/554/738 453/556/740
f 450/557/741 454/555/742 453/556/740 449/558/743
f 575/496/665 450/559/741 449/560/743 576/497/666
f 642/561/744 643/562/745 644/563/746 641/564/747
f 646/565/748 642/566/749 641/567/747 645/568/750
f 648/569/751 646/565/752 645/568/750 647/570/753
f 650/571/754 648/569/755 647/570/753 649/572/756
f 652/573/757 650/571/758 649/572/756 651/574/759
f 654/575/760 652/573/761 651/574/759 653/576/762
f 656/577/763 654/575/764 653/576/762 655/578/765
f 658/579/766 656/577/767 655/578/765 657/580/768
f 660/581/769 658/579/766 657/580/768 659/582/770
f 662/583/771 660/581/772 659/582/770 661/584/773
f 664/585/774 662/583/775 661/584/773 663/586/776
f 666/587/777 664/585/778 663/586/776 665/588/779
f 668/589/780 666/587/777 665/588/779 667/590/781
f 670/591/782 668/589/783 667/590/781 669/592/784
f 672/593/785 670/591/786 669/592/784 671/594/787
f 674/595/788 672/593/789 671/594/787 673/596/790
f 676/597/791 674/595/792 673/596/790 675/598/793
f 678/599/794 676/597/795 675/598/793 677/600/796
f 680/601/797 678/599/798 677/600/796 679/602/799
f 682/603/800 680/601/801 679/602/799 681/604/802
f 684/605/803 682/603/804 681/604/802 683/606/805
f 686/607/806 684/605/807 683/606/805 685/608/808
f 688/609/809 686/607/810 685/608/808 687/610/811
f 690/611/812 688/609/813 687/610/811 689/612/814
f 692/613/815 690/611/812 689/612/814 691/614/816
f 694/615/817 692/613/818 691/614/816 693/616/819
f 696/617/820 694/615/821 693/616/819 695/618/822
f 698/619/823 696/617/824 695/618/822 697/620/825
f 700/621/826 698/619/823 697/620/825 699/622/827
f 702/623/828 700/621/829 699/622/827 701/624/830
f 704/625/831 702/623/832 701/624/830 703/626/833
f 643/562/834 704/625/835 703/626/833 644/563/746
f 706/627/836 707/628/837 708/629/838 705/630/839
f 710/631/840 706/632/836 705/633/839 709/634/841
f 712/635/842 710/631/840 709/634/841 711/636/843
f 714/637/844 712/635/842 711/636/843 713/638/845
f 716/639/846 714/637/844 713/638/847 715/640/848
f 718/641/849 716/639/846 715/640/850 717/642/851
f 720/643/852 718/641/849 717/642/853 719/644/854
f 722/645/855 720/643/852 719/644/856 721/646/857
f 724/647/858 722/645/855 721/646/859 723/648/860
f 726/649/861 724/647/858 723/648/860 725/650/862
f 728/651/863 726/649/864 725/650/862 727/652/865
f 730/653/866 728/651/863 727/652/867 729/654/868
f 732/655/869 730/653/866 729/654/870 731/656/871
f 734/657/872 732/655/869 731/656/873 733/658/874
f 736/659/875 734/657/872 733/658/876 735/660/877
f 738/661/878 736/659/879 735/660/880 737/662/881
f 740/663/882 738/661/878 737/662/883 739/664/884
f 742/665/885 740/663/882 739/664/884 741/666/886
f 744/667/887 742/665/885 741/666/886 743/668/888
f 746/669/889 744/667/887 743/668/888 745/670/890
f 748/671/891 746/669/889 745/670/892 747/672/893
f 750/673/894 748/671/891 747/672/895 749/674/896
f 752/675/897 750/673/894 749/674/898 751/676/899
f 754/677/900 752/675/897 751/676/901 753/678/902
f 756/679/903 754/677/900 753/678/904 755/680/905
f 758/681/906 756/679/903 755/680/905 757/682/907
f 760/683/908 758/681/909 757/682/907 759/684/910
f 762/685/911 760/683/908 759/684/912 761/686/913
f 764/687/914 762/685/911 761/686/915 763/688/916
f 766/689/917 764/687/914 763/688/918 765/690/919
f 768/691/920 766/689/917 765/690/921 767/692/922
f 707/628/837 768/691/923 767/692/924 708/629/925
f 578/693/926 579/694/927 580/695/928 577/696/929
f 582/697/930 578/693/926 577/696/931 581/698/932
f 584/699/933 582/697/930 581/698/934 583/700/935
f 586/701/936 584/699/937 583/700/935 585/702/938
f 588/703/939 586/701/936 585/702/940 587/704/941
f 590/705/942 588/703/943 587/704/944 589/706/945
f 592/707/946 590/705/947 589/706/945 591/708/948
f 594/709/949 592/707/950 591/708/951 593/710/952
f 596/711/953 594/709/949 593/710/954 595/712/955
f 598/713/956 596/711/957 595/712/955 597/714/958
f 600/715/959 598/713/956 597/714/960 599/716/961
f 602/717/962 600/715/959 599/716/961 601/718/963
f 604/719/964 602/717/965 601/718/963 603/720/966
f 606/721/967 604/719/968 603/720/966 605/722/969
f 608/723/970 606/721/971 605/722/969 607/724/972
f 610/725/973 608/723/974 607/724/975 609/726/976
f 612/727/977 610/725/978 609/726/976 611/728/979
f 614/729/980 612/727/981 611/728/982 613/730/983
f 616/731/984 614/729/980 613/730/983 615/732/985
f 618/733/986 616/731/984 615/732/985 617/734/987
f 620/735/988 618/733/989 617/734/987 619/736/990
f 622/737/991 620/735/992 619/736/990 621/738/993
f 624/739/994 622/737/991 621/738/993 623/740/995
f 626/741/996 624/739/994 623/740/997 625/742/998
f 628/743/999 626/741/1000 625/742/1001 627/744/1002
f 630/745/1003 628/743/999 627/744/1004 629/746/1005
f 632/747/1006 630/745/1007 629/746/1008 631/748/1009
f 634/749/1010 632/747/1006 631/748/1009 633/750/1011
f 636/751/1012 634/749/1010 633/750/1011 635/752/1013
f 638/753/1014 636/751/1012 635/752/1015 637/754/1016
f 640/755/1017 638/753/1018 637/754/1019 639/756/1020
f 579/694/927 640/755/1017 639/756/1021 580/695/928
f 770/757/1022 771/758/1023 772/759/1024 769/760/1024
f 774/761/1025 770/757/1026 769/760/1024 773/762/1024
f 776/763/1027 774/761/1025 773/762/1024 775/764/1024
f 778/765/1028 776/763/1027 775/764/1024 777/766/1024
f 780/767/1029 778/765/1028 777/766/1024 779/768/1024
f 782/769/1030 780/767/1031 779/768/1024 781/770/1024
f 784/771/1032 782/769/1030 781/770/1024 783/772/1024
f 786/773/1033 784/771/1032 783/772/1024 785/774/1024
f 788/775/1034 786/773/1033 785/774/1024 787/776/1024
f 790/777/1035 788/775/1036 787/776/1024 789/778/1024
f 792/779/1037 790/777/1035 789/778/1024 791/780/1024
f 794/781/1038 792/779/1037 791/780/1024 793/782/1024
f 796/783/1039 794/781/1038 793/782/1024 795/784/1024
f 798/785/1040 796/783/1041 795/784/1024 797/786/1024
f 800/787/1042 798/785/1040 797/786/1024 799/788/1024
f 802/789/1043 800/787/1042 799/788/1024 801/790/1024
f 804/791/1044 802/789/1043 801/790/1024 803/792/1024
f 806/793/1045 804/791/1046 803/792/1024 805/794/1024
f 808/795/1047 806/793/1045 805/794/1024 807/796/1024
f 810/797/1048 808/795/1047 807/796/1024 809/798/1024
f 812/799/1049 810/797/1048 809/798/1024 811/800/1024
f 814/801/1050 812/799/1049 811/800/1024 813/802/1024
f 816/803/1051 814/801/1050 813/802/1024 815/804/1024
f 818/805/1052 816/803/1051 815/804/1024 817/806/1024
f 820/807/1053 818/805/1052 817/806/1024 819/808/1024
f 822/809/1054 820/807/1055 819/808/1024 821/810/1024
f 824/811/1056 822/809/1054 821/810/1024 823/812/1024
f 826/813/1057 824/811/1058 823/812/1024 825/814/1024
f 828/815/1059 826/813/1057 825/814/1024 827/816/1024
f 830/817/1060 828/815/1061 827/816/1024 829/818/1024
f 832/819/1062 830/817/1060 829/818/1024 831/820/1024
f 771/758/1023 832/819/1062 831/820/1024 772/759/1024
f 67/36/1063 66/35/1064 643/562/1065 642/561/1066
f 385/364/583 65/34/34 68/33/33 388/427/580
f 448/363/486 128/97/109 65/34/34 385/364/583
f 66/35/1064 127/98/1067 704/625/1068 643/562/1065
f 388/425/580 68/38/33 70/37/37 390/423/576
f 69/40/1069 67/39/1063 642/566/1070 646/565/1071
f 390/423/1072 70/37/1073 72/41/40 392/421/572
f 71/42/1074 69/40/1069 646/565/1071 648/569/1075
f 392/421/572 72/41/40 74/43/43 394/419/570
f 73/44/1076 71/42/1074 648/569/1075 650/571/758
f 394/419/570 74/43/43 76/45/46 396/417/567
f 75/46/1077 73/44/1076 650/571/1078 652/573/1079
f 396/417/567 76/45/46 78/47/48 398/415/563
f 77/48/1080 75/46/1077 652/573/1079 654/575/764
f 398/415/1081 78/47/1082 80/49/50 400/413/560
f 79/50/1083 77/48/1084 654/575/764 656/577/767
f 400/413/560 80/49/50 82/51/52 402/411/558
f 81/52/1085 79/50/1086 656/577/1087 658/579/1088
f 402/411/558 82/51/52 84/53/54 404/409/555
f 83/54/1089 81/52/1085 658/579/1088 660/581/1090
f 404/409/555 84/53/54 86/55/60 406/407/551
f 85/56/1091 83/54/1089 660/581/1092 662/583/771
f 406/407/1093 86/55/56 88/57/59 408/405/547
f 87/58/1094 85/56/1095 662/583/771 664/585/1096
f 408/405/547 88/57/59 90/59/63 410/403/545
f 89/60/1097 87/58/1094 664/585/1096 666/587/1098
f 410/403/545 90/59/63 92/61/66 412/401/543
f 91/62/1099 89/60/1097 666/587/1100 668/589/1101
f 412/401/543 92/61/66 94/63/68 414/399/539
f 93/64/1102 91/62/1103 668/589/1101 670/591/786
f 414/399/1104 94/63/1105 96/65/70 416/397/536
f 95/66/1106 93/64/1102 670/591/786 672/593/1107
f 416/397/536 96/65/70 98/67/72 418/395/534
f 97/68/1108 95/66/1106 672/593/1107 674/595/1109
f 418/395/534 98/67/72 100/69/74 420/393/531
f 99/70/1110 97/68/1108 674/595/1109 676/597/1111
f 420/393/531 100/69/74 102/71/76 422/391/527
f 101/72/1112 99/70/1110 676/597/1113 678/599/1114
f 422/391/1115 102/71/1116 104/73/79 424/389/523
f 103/74/1117 101/72/1112 678/599/1114 680/601/1118
f 424/389/523 104/73/79 106/75/82 426/387/521
f 105/76/1119 103/74/1117 680/601/1118 682/603/804
f 426/387/521 106/75/82 108/77/85 428/385/518
f 107/78/1120 105/76/1119 682/603/1121 684/605/1122
f 428/385/518 108/77/85 110/79/87 430/383/514
f 109/80/1123 107/78/1120 684/605/1122 686/607/810
f 430/383/1124 110/79/1125 112/81/89 432/381/511
f 111/82/1126 109/80/1127 686/607/810 688/609/813
f 432/381/511 112/81/89 114/83/91 434/379/509
f 113/84/1128 111/82/1129 688/609/1130 690/611/1131
f 434/379/509 114/83/91 116/85/93 436/377/506
f 115/86/1132 113/84/1128 690/611/1131 692/613/1133
f 436/377/506 116/85/93 118/87/99 438/375/502
f 117/88/1134 115/86/1132 692/613/1135 694/615/817
f 438/375/1136 118/87/95 120/89/98 440/373/498
f 119/90/1137 117/88/1138 694/615/817 696/617/1139
f 440/373/498 120/89/98 122/91/102 442/371/496
f 121/92/1140 119/90/1137 696/617/1139 698/619/1141
f 442/371/496 122/91/102 124/93/105 444/369/494
f 123/94/1142 121/92/1140 698/619/1143 700/621/1144
f 444/369/494 124/93/105 126/95/107 446/367/490
f 125/96/1145 123/94/1146 700/621/1144 702/623/832
f 446/367/1147 126/95/1148 128/97/109 448/363/486
f 127/98/1067 125/96/1145 702/623/832 704/625/1068
f 192/99/111 383/300/382 322/299/381 129/100/112
f 130/101/1149 131/164/1150 198/295/378 319/232/300
f 191/102/1151 130/101/1149 319/232/300 318/231/299
f 129/100/112 322/299/381 323/362/485 132/163/221
f 132/161/217 323/360/483 325/358/1152 134/159/218
f 131/162/1150 133/160/1153 202/291/373 198/293/378
f 134/159/213 325/358/480 327/356/479 136/157/214
f 133/160/216 135/158/215 206/289/1154 202/291/373
f 136/157/210 327/356/1155 329/354/473 138/155/211
f 135/158/215 137/156/209 210/287/367 206/289/370
f 138/155/211 329/354/473 331/352/472 140/153/207
f 137/156/209 139/154/205 214/285/1156 210/287/367
f 140/153/202 331/352/469 333/350/466 142/151/203
f 139/154/205 141/152/201 218/283/363 214/285/368
f 142/151/1157 333/350/1158 335/348/465 144/149/200
f 141/152/201 143/150/1159 222/281/361 218/283/363
f 144/149/196 335/348/463 337/346/460 146/147/197
f 143/150/1159 145/148/1160 226/279/358 222/281/361
f 146/147/197 337/346/460 339/344/459 148/145/193
f 145/148/1160 147/146/1161 230/277/359 226/279/358
f 148/145/189 339/344/456 341/342/1162 150/143/190
f 147/146/1161 149/144/1163 234/275/353 230/277/359
f 149/144/188 151/142/187 238/273/1164 234/275/353
f 150/143/185 341/342/453 343/340/452 152/141/186
f 151/142/187 153/140/181 242/271/347 238/273/350
f 152/141/182 343/340/1165 345/338/446 154/139/183
f 153/140/181 155/138/177 246/269/1166 242/271/347
f 154/139/183 345/338/446 347/336/445 156/137/179
f 155/138/177 157/136/173 250/267/343 246/269/348
f 156/137/174 347/336/442 349/334/439 158/135/175
f 157/136/173 159/134/1167 254/265/341 250/267/343
f 158/135/1168 349/334/1169 351/332/438 160/133/172
f 159/134/1167 161/132/1170 258/263/338 254/265/341
f 160/133/168 351/332/436 353/330/433 162/131/169
f 161/132/1170 163/130/1171 262/261/339 258/263/338
f 162/131/169 353/330/433 355/328/432 164/129/165
f 163/130/1171 165/128/1172 266/259/333 262/261/339
f 164/129/161 355/328/429 357/326/1173 166/127/162
f 165/128/160 167/126/159 270/257/1174 266/259/333
f 166/127/157 357/326/426 359/324/425 168/125/158
f 167/126/159 169/124/153 274/255/327 270/257/330
f 168/125/154 359/324/1175 361/322/419 170/123/155
f 169/124/153 171/122/149 278/253/1176 274/255/327
f 170/123/155 361/322/419 363/320/418 172/121/151
f 171/122/149 173/120/145 282/251/323 278/253/328
f 172/121/146 363/320/415 365/318/412 174/119/147
f 173/120/145 175/118/1177 286/249/321 282/251/323
f 174/119/1178 365/318/1179 367/316/411 176/117/144
f 176/117/140 367/316/409 369/314/406 178/115/141
f 175/118/1177 177/116/1180 290/247/318 286/249/321
f 178/115/141 369/314/406 371/312/405 180/113/137
f 177/116/1180 179/114/1181 294/245/319 290/247/318
f 180/113/133 371/312/402 373/310/1182 182/111/134
f 179/114/1181 181/112/1183 298/243/313 294/245/319
f 182/111/129 373/310/399 375/308/398 184/109/130
f 181/112/132 183/110/131 302/241/1184 298/243/313
f 184/109/126 375/308/1185 377/306/392 186/107/127
f 183/110/131 185/108/125 306/239/307 302/241/310
f 186/107/127 377/306/392 379/304/391 188/105/123
f 185/108/125 187/106/121 310/237/1186 306/239/307
f 188/105/118 379/304/388 381/302/385 190/103/119
f 187/106/121 189/104/117 314/235/303 310/237/308
f 190/103/1187 381/302/1188 383/300/384 192/99/116
f 189/104/117 191/102/1151 318/231/299 314/235/303
f 2/821/1189 1/822/1 193/168/1190 196/167/229
f 315/229/1191 317/234/302 320/233/301 194/165/223
f 194/165/223 320/233/301 197/296/1192 195/166/224
f 1/822/1 32/823/1193 316/230/1194 193/168/1190
f 195/169/1195 197/294/377 201/292/1196 199/170/227
f 3/824/1197 2/825/1189 196/172/229 200/171/228
f 199/170/1198 201/292/375 205/290/1199 203/173/230
f 4/826/1200 3/824/1197 200/171/228 204/174/231
f 203/173/1201 205/290/372 209/288/1202 207/175/232
f 5/827/5 4/826/1200 204/174/231 208/176/233
f 207/175/1203 209/288/369 213/286/1204 211/177/235
f 6/828/1205 5/827/5 208/176/233 212/178/236
f 211/177/1206 213/286/366 217/284/1207 215/179/238
f 7/829/1208 6/828/1205 212/178/236 216/180/239
f 215/179/1209 217/284/364 221/282/1210 219/181/240
f 8/830/1211 7/829/1208 216/180/239 220/182/1212
f 219/181/1213 221/282/362 225/280/360 223/183/242
f 9/831/9 8/830/1211 220/182/1212 224/184/1214
f 223/183/242 225/280/360 229/278/1215 227/185/244
f 10/832/1216 9/831/9 224/184/1214 228/186/248
f 227/185/1217 229/278/357 233/276/1218 231/187/246
f 11/833/1219 10/832/1216 228/186/248 232/188/247
f 231/187/1220 233/276/355 237/274/1221 235/189/249
f 12/834/1222 11/833/1219 232/188/247 236/190/250
f 235/189/1223 237/274/352 241/272/1224 239/191/251
f 13/835/13 12/834/1222 236/190/250 240/192/252
f 239/191/1225 241/272/349 245/270/1226 243/193/254
f 14/836/1227 13/835/13 240/192/252 244/194/255
f 243/193/1228 245/270/346 249/268/1229 247/195/257
f 15/837/1230 14/836/1227 244/194/255 248/196/258
f 247/195/1231 249/268/344 253/266/1232 251/197/259
f 16/838/1233 15/837/1230 248/196/258 252/198/1234
f 251/197/1235 253/266/342 257/264/340 255/199/261
f 17/839/17 16/838/1233 252/198/1234 256/200/1236
f 255/199/261 257/264/340 261/262/1237 259/201/263
f 18/840/1238 17/839/17 256/200/1236 260/202/267
f 259/201/1239 261/262/337 265/260/1240 263/203/265
f 19/841/1241 18/840/1238 260/202/267 264/204/266
f 263/203/1242 265/260/335 269/258/1243 267/205/268
f 20/842/1244 19/841/1241 264/204/266 268/206/269
f 267/205/1245 269/258/332 273/256/1246 271/207/270
f 21/843/21 20/842/1244 268/206/269 272/208/271
f 271/207/1247 273/256/329 277/254/1248 275/209/273
f 22/844/1249 21/843/21 272/208/271 276/210/274
f 275/209/1250 277/254/326 281/252/1251 279/211/276
f 23/845/1252 22/844/1249 276/210/274 280/212/277
f 279/211/1253 281/252/324 285/250/1254 283/213/278
f 24/846/1255 23/845/1252 280/212/277 284/214/1256
f 283/213/1257 285/250/322 289/248/320 287/215/280
f 25/847/25 24/846/1255 284/214/1256 288/216/1258
f 287/215/280 289/248/320 293/246/1259 291/217/282
f 26/848/1260 25/847/25 288/216/1258 292/218/286
f 291/217/1261 293/246/317 297/244/1262 295/219/284
f 27/849/1263 26/848/1260 292/218/286 296/220/285
f 295/219/1264 297/244/315 301/242/1265 299/221/287
f 28/850/1266 27/849/1263 296/220/285 300/222/288
f 299/221/1267 301/242/312 305/240/1268 303/223/289
f 29/851/29 28/850/1266 300/222/288 304/224/290
f 303/223/1269 305/240/309 309/238/1270 307/225/292
f 30/852/1271 29/851/29 304/224/290 308/226/293
f 307/225/1272 309/238/306 313/236/1273 311/227/295
f 31/853/1274 30/852/1271 308/226/293 312/228/296
f 311/227/1275 313/236/304 317/234/1276 315/229/297
f 32/823/1193 31/853/1274 312/228/296 316/230/1194
f 324/361/484 321/298/380 574/431/586 451/494/1277
f 321/298/380 384/297/379 571/432/1278 574/431/586
f 326/357/1279 324/359/484 451/492/1277 455/490/1280
f 328/355/1281 326/357/1279 455/490/1280 459/488/656
f 330/353/1282 328/355/1281 459/488/656 463/486/654
f 332/351/1283 330/353/1282 463/486/654 467/484/652
f 334/349/1284 332/351/1283 467/484/652 471/482/651
f 336/347/461 334/349/1284 471/482/651 475/480/1285
f 338/345/457 336/347/461 475/480/1285 479/478/645
f 340/343/458 338/345/457 479/478/645 483/476/1286
f 342/341/1287 340/343/458 483/476/1286 487/474/1288
f 344/339/1289 342/341/1287 487/474/1288 491/472/636
f 346/337/1290 344/339/1289 491/472/636 495/470/634
f 348/335/1291 346/337/1290 495/470/634 499/468/632
f 350/333/1292 348/335/1291 499/468/632 503/466/631
f 352/331/434 350/333/1292 503/466/631 507/464/1293
f 354/329/430 352/331/434 507/464/1293 511/462/625
f 356/327/431 354/329/430 511/462/625 515/460/1294
f 358/325/1295 356/327/431 515/460/1294 519/458/1296
f 360/323/1297 358/325/1295 519/458/1296 523/456/616
f 362/321/1298 360/323/1297 523/456/616 527/454/614
f 364/319/1299 362/321/1298 527/454/614 531/452/612
f 366/317/1300 364/319/1299 531/452/612 535/450/611
f 368/315/407 366/317/1300 535/450/611 539/448/1301
f 370/313/403 368/315/407 539/448/1301 543/446/605
f 372/311/404 370/313/403 543/446/605 547/444/1302
f 374/309/1303 372/311/404 547/444/1302 551/442/1304
f 376/307/1305 374/309/1303 551/442/1304 555/440/596
f 378/305/1306 376/307/1305 555/440/596 559/438/594
f 380/303/1307 378/305/1306 559/438/594 563/436/592
f 382/301/1308 380/303/1307 563/436/592 567/434/591
f 384/297/379 382/301/1308 567/434/591 571/432/1278
f 386/365/488 387/428/582 450/559/1309 575/496/665
f 447/366/489 386/365/488 575/496/665 570/495/1310
f 387/426/582 389/424/1311 454/555/739 450/557/741
f 389/424/1311 391/422/1312 458/553/737 454/555/739
f 391/422/1312 393/420/1313 462/551/734 458/553/737
f 393/420/1313 395/418/1314 466/549/735 462/551/1315
f 395/418/1314 397/416/1316 470/547/1317 466/549/735
f 397/416/1316 399/414/562 474/545/1318 470/547/1317
f 399/414/562 401/412/559 478/543/724 474/545/1318
f 401/412/559 403/410/557 482/541/1319 478/543/724
f 403/410/557 405/408/1320 486/539/719 482/541/721
f 405/408/1320 407/406/1321 490/537/717 486/539/719
f 407/406/1321 409/404/1322 494/535/714 490/537/717
f 409/404/1322 411/402/1323 498/533/715 494/535/714
f 411/402/1323 413/400/1324 502/531/1325 498/533/715
f 413/400/1324 415/398/538 506/529/1326 502/531/1325
f 415/398/538 417/396/535 510/527/704 506/529/1326
f 417/396/535 419/394/533 514/525/701 510/527/704
f 419/394/533 421/392/1327 518/523/699 514/525/701
f 421/392/1327 423/390/1328 522/521/697 518/523/699
f 423/390/1328 425/388/1329 526/519/694 522/521/697
f 425/388/1329 427/386/1330 530/517/695 526/519/1331
f 427/386/1330 429/384/1332 534/515/1333 530/517/695
f 429/384/1332 431/382/513 538/513/1334 534/515/1333
f 431/382/513 433/380/510 542/511/684 538/513/1334
f 433/380/510 435/378/508 546/509/1335 542/511/684
f 435/378/508 437/376/1336 550/507/679 546/509/681
f 437/376/1336 439/374/1337 554/505/677 550/507/679
f 439/374/1337 441/372/1338 558/503/674 554/505/677
f 441/372/1338 443/370/1339 562/501/675 558/503/674
f 443/370/1339 445/368/1340 566/499/1341 562/501/675
f 445/368/1340 447/366/489 570/495/1310 566/499/1341
f 573/430/585 576/497/666 449/560/743 452/493/660
f 452/491/660 449/558/743 453/556/740 456/489/657
f 456/489/657 453/556/740 457/554/1342 460/487/655
f 460/487/1343 457/554/738 461/552/736 464/485/653
f 464/485/653 461/552/736 465/550/1344 468/483/650
f 468/483/1345 465/550/733 469/548/732 472/481/648
f 472/481/648 469/548/732 473/546/727 476/479/646
f 476/479/646 473/546/727 477/544/725 480/477/644
f 480/477/644 477/544/725 481/542/723 484/475/640
f 484/475/640 481/542/723 485/540/720 488/473/637
f 488/473/637 485/540/720 489/538/1346 492/471/635
f 492/471/1347 489/538/718 493/536/716 496/469/633
f 496/469/633 493/536/716 497/534/1348 500/467/630
f 500/467/1349 497/534/713 501/532/712 504/465/628
f 504/465/628 501/532/712 505/530/707 508/463/626
f 508/463/626 505/530/707 509/528/705 512/461/624
f 512/461/624 509/528/705 513/526/703 516/459/620
f 516/459/620 513/526/703 517/524/700 520/457/617
f 520/457/617 517/524/700 521/522/1350 524/455/615
f 524/455/1351 521/522/698 525/520/696 528/453/613
f 528/453/613 525/520/696 529/518/1352 532/451/610
f 532/451/1353 529/518/693 533/516/692 536/449/608
f 536/449/608 533/516/692 537/514/687 540/447/606
f 540/447/606 537/514/687 541/512/685 544/445/604
f 544/445/604 541/512/685 545/510/683 548/443/600
f 548/443/600 545/510/683 549/508/680 552/441/597
f 552/441/597 549/508/680 553/506/1354 556/439/595
f 556/439/1355 553/506/678 557/504/676 560/437/593
f 560/437/593 557/504/676 561/502/1356 564/435/590
f 564/435/1357 561/502/673 565/500/672 568/433/588
f 568/433/588 565/500/672 569/498/667 572/429/584
f 572/429/584 569/498/667 576/497/666 573/430/585
f 882/854/1358 883/855/1359 771/758/1360 770/757/1361
f 578/693/926 582/697/1362 35/856/1363 33/857/1364
f 579/694/1365 578/693/926 33/857/1364 34/858/1366
f 884/859/1367 882/854/1368 770/757/1026 774/761/1369
f 883/855/1359 885/860/1370 832/819/1371 771/758/1360
f 640/755/1017 579/694/1365 34/858/1366 64/861/1372
f 582/697/1362 584/699/1373 36/862/1374 35/856/1363
f 886/863/1375 884/859/1376 774/761/1369 776/763/1027
f 584/699/1377 586/701/936 37/864/1378 36/862/1374
f 887/865/1379 886/863/1380 776/763/1027 778/765/1381
f 586/701/936 588/703/939 38/866/1382 37/864/1378
f 888/867/1383 887/865/1379 778/765/1384 780/767/1031
f 588/703/939 590/705/1385 39/868/1386 38/866/1382
f 889/869/1387 888/867/1388 780/767/1031 782/769/1030
f 590/705/1385 592/707/950 40/870/1389 39/868/1386
f 890/871/1390 889/869/1391 782/769/1030 784/771/1392
f 592/707/950 594/709/949 41/872/1393 40/870/1389
f 891/873/1394 890/871/1395 784/771/1396 786/773/1397
f 594/709/949 596/711/953 42/874/1398 41/872/1393
f 892/875/1399 891/873/1394 786/773/1397 788/775/1400
f 596/711/953 598/713/956 43/876/1401 42/874/1398
f 893/877/1402 892/875/1403 788/775/1036 790/777/1404
f 598/713/1405 600/715/959 44/878/1406 43/876/1401
f 894/879/1407 893/877/1408 790/777/1404 792/779/1037
f 600/715/959 602/717/962 45/880/1409 44/878/1406
f 895/881/1410 894/879/1411 792/779/1037 794/781/1412
f 602/717/962 604/719/1413 46/882/1414 45/880/1409
f 896/883/1415 895/881/1410 794/781/1416 796/783/1041
f 604/719/1413 606/721/971 47/884/1417 46/882/1414
f 897/885/1418 896/883/1419 796/783/1041 798/785/1040
f 606/721/971 608/723/970 48/886/1420 47/884/1417
f 898/887/1421 897/885/1422 798/785/1040 800/787/1423
f 608/723/970 610/725/1424 49/888/1425 48/886/1420
f 899/889/1426 898/887/1427 800/787/1428 802/789/1429
f 610/725/1424 612/727/981 50/890/1430 49/888/1425
f 900/891/1431 899/889/1426 802/789/1429 804/791/1432
f 612/727/981 614/729/980 51/892/1433 50/890/1430
f 901/893/1434 900/891/1435 804/791/1046 806/793/1436
f 614/729/980 616/731/1437 52/894/1438 51/892/1433
f 902/895/1439 901/893/1440 806/793/1436 808/795/1047
f 616/731/984 618/733/989 53/896/1441 52/894/1438
f 903/897/1442 902/895/1443 808/795/1047 810/797/1444
f 618/733/989 620/735/992 54/898/1445 53/896/1441
f 904/899/1446 903/897/1442 810/797/1447 812/799/1448
f 620/735/992 622/737/1449 55/900/1450 54/898/1445
f 905/901/1451 904/899/1452 812/799/1448 814/801/1050
f 622/737/991 624/739/1453 56/902/1454 55/900/1450
f 906/903/1455 905/901/1456 814/801/1050 816/803/1457
f 624/739/1453 626/741/996 57/904/1458 56/902/1454
f 907/905/1459 906/903/1460 816/803/1461 818/805/1462
f 626/741/996 628/743/999 58/906/1463 57/904/1458
f 908/907/1464 907/905/1459 818/805/1462 820/807/1465
f 628/743/999 630/745/1466 59/908/1467 58/906/1463
f 909/909/1468 908/907/1469 820/807/1055 822/809/1470
f 630/745/1466 632/747/1471 60/910/1472 59/908/1467
f 910/911/1473 909/909/1474 822/809/1470 824/811/1056
f 632/747/1471 634/749/1010 61/912/1475 60/910/1472
f 911/913/1476 910/911/1477 824/811/1056 826/813/1478
f 634/749/1010 636/751/1479 62/914/1480 61/912/1475
f 912/915/1481 911/913/1476 826/813/1482 828/815/1061
f 636/751/1479 638/753/1483 63/916/1484 62/914/1480
f 913/917/1485 912/915/1486 828/815/1061 830/817/1060
f 638/753/1483 640/755/1017 64/861/1372 63/916/1484
f 885/860/1487 913/917/1488 830/817/1060 832/819/1489
f 641/564/1490 644/563/746 707/628/837 706/627/1491
f 645/568/750 641/567/1490 706/632/1492 710/631/1493
f 644/563/746 703/626/1494 768/691/1495 707/628/837
f 647/570/753 645/568/750 710/631/1493 712/635/1496
f 649/572/1497 647/570/1498 712/635/1496 714/637/1499
f 651/574/1500 649/572/1497 714/637/1499 716/639/846
f 653/576/1501 651/574/1500 716/639/846 718/641/849
f 655/578/1502 653/576/1501 718/641/849 720/643/1503
f 657/580/768 655/578/1504 720/643/1505 722/645/855
f 659/582/1506 657/580/768 722/645/855 724/647/1507
f 661/584/773 659/582/1508 724/647/1509 726/649/1510
f 663/586/776 661/584/773 726/649/1510 728/651/1511
f 665/588/1512 663/586/1513 728/651/1511 730/653/1514
f 667/590/1515 665/588/1512 730/653/1514 732/655/1516
f 669/592/1517 667/590/1515 732/655/869 734/657/872
f 671/594/1518 669/592/1517 734/657/872 736/659/875
f 673/596/790 671/594/1519 736/659/1520 738/661/878
f 675/598/1521 673/596/790 738/661/878 740/663/1522
f 677/600/796 675/598/1521 740/663/1523 742/665/1524
f 679/602/799 677/600/796 742/665/1524 744/667/1525
f 681/604/1526 679/602/1527 744/667/1525 746/669/1528
f 683/606/1529 681/604/1526 746/669/1528 748/671/891
f 685/608/1530 683/606/1529 748/671/891 750/673/894
f 687/610/1531 685/608/1530 750/673/894 752/675/1532
f 689/612/814 687/610/1533 752/675/1534 754/677/900
f 691/614/1535 689/612/814 754/677/900 756/679/1536
f 693/616/819 691/614/1537 756/679/1538 758/681/1539
f 695/618/822 693/616/819 758/681/1539 760/683/1540
f 697/620/1541 695/618/1542 760/683/1540 762/685/1543
f 699/622/1544 697/620/1541 762/685/1543 764/687/1545
f 701/624/1546 699/622/1544 764/687/914 766/689/917
f 703/626/1547 701/624/1546 766/689/917 768/691/920
f 34/918/1366 33/919/1364 705/630/839 708/629/1548
f 33/920/1364 35/921/1363 709/634/841 705/633/839
f 64/922/1372 34/918/1366 708/629/1548 767/692/922
f 35/921/1363 36/923/1549 711/636/1550 709/634/841
f 36/923/1549 37/924/1378 713/638/1551 711/636/843
f 37/924/1378 38/925/1382 715/640/848 713/638/1551
f 38/925/1382 39/926/1552 717/642/851 715/640/848
f 39/926/1552 40/927/1389 719/644/854 717/642/851
f 40/927/1389 41/928/1393 721/646/1553 719/644/854
f 41/928/1393 42/929/1398 723/648/860 721/646/1553
f 42/929/1398 43/930/1401 725/650/862 723/648/860
f 43/930/1554 44/931/1406 727/652/1555 725/650/862
f 44/931/1406 45/932/1409 729/654/1556 727/652/867
f 45/932/1409 46/933/1414 731/656/871 729/654/1556
f 46/933/1414 47/934/1417 733/658/874 731/656/871
f 47/934/1417 48/935/1557 735/660/877 733/658/874
f 48/935/1557 49/936/1425 737/662/1558 735/660/877
f 49/936/1425 50/937/1559 739/664/884 737/662/1558
f 50/937/1559 51/938/1433 741/666/886 739/664/884
f 51/938/1433 52/939/1438 743/668/1560 741/666/886
f 52/939/1438 53/940/1441 745/670/1561 743/668/888
f 53/940/1441 54/941/1445 747/672/893 745/670/1561
f 54/941/1445 55/942/1562 749/674/896 747/672/893
f 55/942/1450 56/943/1454 751/676/899 749/674/896
f 56/943/1454 57/944/1458 753/678/1563 751/676/899
f 57/944/1458 58/945/1463 755/680/905 753/678/1563
f 58/945/1463 59/946/1564 757/682/907 755/680/905
f 59/946/1564 60/947/1472 759/684/1565 757/682/907
f 60/947/1472 61/948/1475 761/686/1566 759/684/912
f 61/948/1475 62/949/1567 763/688/916 761/686/1566
f 62/949/1567 63/950/1484 765/690/919 763/688/916
f 63/950/1484 64/922/1372 767/692/922 765/690/919
f 791/780/1024 833/951/1024 795/784/1024 793/782/1024
f 833/951/1024 840/952/1024 797/786/1024 795/784/1024
f 840/952/1024 847/953/1024 799/788/1024 797/786/1024
f 847/953/1024 854/954/1024 801/790/1024 799/788/1024
f 854/954/1024 861/955/1024 803/792/1024 801/790/1024
f 861/955/1024 868/956/1024 805/794/1024 803/792/1024
f 868/956/1024 875/957/1024 807/796/1024 805/794/1024
f 875/957/1024 811/800/1024 809/798/1024 807/796/1024
f 789/778/1024 834/958/1024 833/951/1024 791/780/1024
f 834/958/1024 841/959/1024 840/952/1024 833/951/1024
f 841/959/1024 848/960/1024 847/953/1024 840/952/1024
f 848/960/1024 855/961/1024 854/954/1024 847/953/1024
f 855/961/1024 862/962/1024 861/955/1024 854/954/1024
f 862/962/1024 869/963/1024 868/956/1024 861/955/1024
f 869/963/1024 876/964/1024 875/957/1024 868/956/1024
f 876/964/1024 813/802/1024 811/800/1024 875/957/1024
f 787/776/1024 835/965/1024 834/958/1024 789/778/1024
f 835/965/1024 842/966/1024 841/959/1024 834/958/1024
f 842/966/1024 849/967/1024 848/960/1024 841/959/1024
f 849/967/1024 856/968/1024 855/961/1024 848/960/1024
f 856/968/1024 863/969/1024 862/962/1024 855/961/1024
f 863/969/1024 870/970/1024 869/963/1024 862/962/1024
f 870/970/1024 877/971/1024 876/964/1024 869/963/1024
f 877/971/1024 815/804/1024 813/802/1024 876/964/1024
f 785/774/1024 836/972/1024 835/965/1024 787/776/1024
f 836/972/1024 843/973/1024 842/966/1024 835/965/1024
f 843/973/1024 850/974/1024 849/967/1024 842/966/1024
f 850/974/1024 857/975/1024 856/968/1024 849/967/1024
f 857/975/1024 864/976/1024 863/969/1024 856/968/1024
f 864/976/1024 871/977/1024 870/970/1024 863/969/1024
f 871/977/1024 878/978/1024 877/971/1024 870/970/1024
f 878/978/1024 817/806/1024 815/804/1024 877/971/1024
f 783/772/1024 837/979/1024 836/972/1024 785/774/1024
f 837/979/1024 844/980/1024 843/973/1024 836/972/1024
f 844/980/1024 851/981/1024 850/974/1024 843/973/1024
f 851/981/1024 858/982/1024 857/975/1024 850/974/1024
f 858/982/1024 865/983/1024 864/976/1024 857/975/1024
f 865/983/1024 872/984/1024 871/977/1024 864/976/1024
f 872/984/1024 879/985/1024 878/978/1024 871/977/1024
f 879/985/1024 819/808/1024 817/806/1024 878/978/1024
f 781/770/1024 838/986/1024 837/979/1024 783/772/1024
f 838/986/1024 845/987/1024 844/980/1024 837/979/1024
f 845/987/1024 852/988/1024 851/981/1024 844/980/1024
f 852/988/1024 859/989/1024 858/982/1024 851/981/1024
f 859/989/1024 866/990/1024 865/983/1024 858/982/1024
f 866/990/1024 873/991/1024 872/984/1024 865/983/1024
f 873/991/1024 880/992/1024 879/985/1024 872/984/1024
f 880/992/1024 821/810/1024 819/808/1024 879/985/1024
f 779/768/1024 839/993/1024 838/986/1024 781/770/1024
f 839/993/1024 846/994/1024 845/987/1024 838/986/1024
f 846/994/1024 853/995/1024 852/988/1024 845/987/1024
f 853/995/1024 860/996/1024 859/989/1024 852/988/1024
f 860/996/1024 867/997/1024 866/990/1024 859/989/1024
f 867/997/1024 874/998/1024 873/991/1024 866/990/1024
f 874/998/1024 881/999/1024 880/992/1024 873/991/1024
f 881/999/1024 823/812/1024 821/810/1024 880/992/1024
f 777/766/1024 775/764/1024 839/993/1024 779/768/1024
f 775/764/1024 773/762/1024 846/994/1024 839/993/1024
f 773/762/1024 769/760/1024 853/995/1024 846/994/1024
f 769/760/1024 772/759/1024 860/996/1024 853/995/1024
f 772/759/1024 831/820/1024 867/997/1024 860/996/1024
f 831/820/1024 829/818/1024 874/998/1024 867/997/1024
f 829/818/1024 827/816/1024 881/999/1024 874/998/1024
f 827/816/1024 825/814/1024 823/812/1024 881/999/1024
f 639/756/1020 637/754/1019 913/917/1488 885/860/1487
f 637/754/1019 635/752/1015 912/915/1486 913/917/1485
f 635/752/1013 633/750/1568 911/913/1476 912/915/1481
f 633/750/1011 631/748/1569 910/911/1477 911/913/1476
f 631/748/1569 629/746/1008 909/909/1474 910/911/1473
f 629/746/1008 627/744/1002 908/907/1469 909/909/1468
f 627/744/1002 625/742/1001 907/905/1459 908/907/1464
f 625/742/1001 623/740/995 906/903/1460 907/905/1459
f 623/740/1570 621/738/1571 905/901/1456 906/903/1455
f 621/738/1572 619/736/1573 904/899/1452 905/901/1451
f 619/736/990 617/734/1574 903/897/1442 904/899/1446
f 617/734/987 615/732/1575 902/895/1443 903/897/1442
f 615/732/1575 613/730/983 901/893/1440 902/895/1439
f 613/730/983 611/728/982 900/891/1435 901/893/1434
f 611/728/982 609/726/1576 899/889/1426 900/891/1431
f 609/726/1576 607/724/972 898/887/1427 899/889/1426
f 607/724/972 605/722/969 897/885/1422 898/887/1421
f 605/722/969 603/720/1577 896/883/1419 897/885/1418
f 603/720/1577 601/718/963 895/881/1410 896/883/1415
f 601/718/963 599/716/961 894/879/1411 895/881/1410
f 599/716/961 597/714/960 893/877/1408 894/879/1407
f 597/714/1578 595/712/1579 892/875/1403 893/877/1402
f 595/712/1580 593/710/952 891/873/1394 892/875/1399
f 593/710/952 591/708/951 890/871/1395 891/873/1394
f 591/708/1581 589/706/1582 889/869/1391 890/871/1390
f 589/706/945 587/704/944 888/867/1388 889/869/1387
f 587/704/944 585/702/940 887/865/1379 888/867/1383
f 585/702/1583 583/700/1584 886/863/1380 887/865/1379
f 583/700/1584 581/698/934 884/859/1376 886/863/1375
f 580/695/1585 639/756/1586 885/860/1370 883/855/1359
f 581/698/932 577/696/1587 882/854/1368 884/859/1367
f 577/696/1587 580/695/1585 883/855/1359 882/854/1358
