# Blender 5.0.1
# www.blender.org
mtllib kohoutek.mtl
o koleso
v 0.069890 -0.013902 0.166471
v 0.071259 0.000000 0.166471
v 0.065835 -0.027270 0.166471
v 0.059250 -0.039590 0.166471
v 0.050388 -0.050388 0.166471
v 0.039590 -0.059250 0.166471
v 0.027270 -0.065835 0.166471
v 0.013902 -0.069890 0.166471
v 0.000000 -0.071259 0.166471
v -0.013902 -0.069890 0.166471
v -0.027270 -0.065835 0.166471
v -0.039590 -0.059250 0.166471
v -0.050388 -0.050388 0.166471
v -0.059250 -0.039590 0.166471
v -0.065835 -0.027270 0.166471
v -0.069890 -0.013902 0.166471
v -0.071259 -0.000000 0.166471
v -0.069890 0.013902 0.166471
v -0.065835 0.027270 0.166471
v -0.059250 0.039590 0.166471
v -0.050388 0.050388 0.166471
v -0.039590 0.059250 0.166471
v -0.027270 0.065835 0.166471
v -0.013902 0.069890 0.166471
v -0.000000 0.071259 0.166471
v 0.013902 0.069890 0.166471
v 0.027270 0.065835 0.166471
v 0.039590 0.059250 0.166471
v 0.050388 0.050388 0.166471
v 0.059250 0.039590 0.166471
v 0.065835 0.027270 0.166471
v 0.069890 0.013902 0.166471
v 0.023371 -0.004649 0.206144
v 0.023828 0.000000 0.206144
v 0.022015 -0.009119 0.206144
v 0.019813 -0.013238 0.206144
v 0.016849 -0.016849 0.206144
v 0.013238 -0.019813 0.206144
v 0.009119 -0.022015 0.206144
v 0.004649 -0.023371 0.206144
v -0.000000 -0.023828 0.206144
v -0.004649 -0.023371 0.206144
v -0.009119 -0.022015 0.206144
v -0.013238 -0.019813 0.206144
v -0.016849 -0.016849 0.206144
v -0.019813 -0.013238 0.206144
v -0.022015 -0.009119 0.206144
v -0.023371 -0.004649 0.206144
v -0.023829 -0.000000 0.206144
v -0.023371 0.004649 0.206144
v -0.022015 0.009119 0.206144
v -0.019813 0.013238 0.206144
v -0.016849 0.016849 0.206144
v -0.013238 0.019813 0.206144
v -0.009119 0.022015 0.206144
v -0.004649 0.023371 0.206144
v -0.000000 0.023828 0.206144
v 0.004649 0.023371 0.206144
v 0.009119 0.022015 0.206144
v 0.013238 0.019813 0.206144
v 0.016849 0.016849 0.206144
v 0.019813 0.013238 0.206144
v 0.022015 0.009119 0.206144
v 0.023371 0.004649 0.206144
v 0.048207 0.000000 0.001737
v 0.047281 -0.009405 0.001737
v 0.044537 -0.018448 0.001737
v 0.040083 -0.026782 0.001737
v 0.034087 -0.034087 0.001737
v 0.026782 -0.040083 0.001737
v 0.018448 -0.044537 0.001737
v 0.009405 -0.047281 0.001737
v 0.000000 -0.048207 0.001737
v -0.009405 -0.047281 0.001737
v -0.018448 -0.044537 0.001737
v -0.026782 -0.040083 0.001737
v -0.034088 -0.034087 0.001737
v -0.040083 -0.026782 0.001737
v -0.044537 -0.018448 0.001737
v -0.047281 -0.009405 0.001737
v -0.048207 -0.000000 0.001737
v -0.047281 0.009405 0.001737
v -0.044537 0.018448 0.001737
v -0.040083 0.026782 0.001737
v -0.034088 0.034087 0.001737
v -0.026782 0.040083 0.001737
v -0.018448 0.044537 0.001737
v -0.009405 0.047281 0.001737
v -0.000000 0.048207 0.001737
v 0.009405 0.047281 0.001737
v 0.018448 0.044537 0.001737
v 0.026782 0.040083 0.001737
v 0.034087 0.034088 0.001737
v 0.040083 0.026782 0.001737
v 0.044537 0.018448 0.001737
v 0.047281 0.009405 0.001737
v 0.000000 -0.266457 0.154590
v 0.000000 -0.243340 0.158611
v 0.000000 -0.220223 0.154590
v 0.000000 -0.220223 0.102609
v 0.000000 -0.243340 0.098588
v 0.000000 -0.266457 0.102609
v 0.034780 -0.264178 0.154590
v 0.031762 -0.241258 0.158611
v 0.028745 -0.218338 0.154590
v 0.028745 -0.218338 0.102609
v 0.031762 -0.241258 0.098588
v 0.034780 -0.264178 0.102609
v 0.068964 -0.257378 0.154590
v 0.062981 -0.235048 0.158611
v 0.056998 -0.212719 0.154590
v 0.056998 -0.212719 0.102609
v 0.062981 -0.235048 0.098588
v 0.068964 -0.257378 0.102609
v 0.101969 -0.246174 0.154590
v 0.093122 -0.224817 0.158611
v 0.084276 -0.203459 0.154590
v 0.084276 -0.203459 0.102609
v 0.093122 -0.224817 0.098588
v 0.101969 -0.246174 0.102609
v 0.133229 -0.230759 0.154590
v 0.121670 -0.210738 0.158611
v 0.110111 -0.190718 0.154590
v 0.110111 -0.190718 0.102609
v 0.121670 -0.210738 0.098588
v 0.133229 -0.230759 0.102609
v 0.162209 -0.211395 0.154590
v 0.148136 -0.193054 0.158611
v 0.134063 -0.174714 0.154590
v 0.134063 -0.174714 0.102609
v 0.148136 -0.193054 0.098588
v 0.162209 -0.211395 0.102609
v 0.188414 -0.188414 0.154590
v 0.172067 -0.172067 0.158611
v 0.155721 -0.155721 0.154590
v 0.155721 -0.155721 0.102609
v 0.172067 -0.172067 0.098588
v 0.188414 -0.188414 0.102609
v 0.211395 -0.162209 0.154590
v 0.193054 -0.148136 0.158611
v 0.174714 -0.134063 0.154590
v 0.174714 -0.134063 0.102609
v 0.193054 -0.148136 0.098588
v 0.211395 -0.162209 0.102609
v 0.230759 -0.133229 0.154590
v 0.210738 -0.121670 0.158611
v 0.190718 -0.110111 0.154590
v 0.190718 -0.110111 0.102609
v 0.210738 -0.121670 0.098588
v 0.230759 -0.133229 0.102609
v 0.246174 -0.101969 0.154590
v 0.224817 -0.093122 0.158611
v 0.203459 -0.084276 0.154590
v 0.203459 -0.084276 0.102609
v 0.224817 -0.093122 0.098588
v 0.246174 -0.101969 0.102609
v 0.257378 -0.068964 0.154590
v 0.235048 -0.062981 0.158611
v 0.212719 -0.056998 0.154590
v 0.212719 -0.056998 0.102609
v 0.235048 -0.062981 0.098588
v 0.257378 -0.068964 0.102609
v 0.264178 -0.034780 0.154590
v 0.241258 -0.031762 0.158611
v 0.218338 -0.028745 0.154590
v 0.218338 -0.028745 0.102609
v 0.241258 -0.031762 0.098588
v 0.264178 -0.034780 0.102609
v 0.266457 -0.000000 0.154590
v 0.243340 0.000000 0.158611
v 0.220223 -0.000000 0.154590
v 0.220223 -0.000000 0.102609
v 0.243340 0.000000 0.098588
v 0.266457 -0.000000 0.102609
v 0.264178 0.034780 0.154590
v 0.241258 0.031762 0.158611
v 0.218338 0.028745 0.154590
v 0.218338 0.028745 0.102609
v 0.241258 0.031762 0.098588
v 0.264178 0.034780 0.102609
v 0.257378 0.068964 0.154590
v 0.235048 0.062981 0.158611
v 0.212719 0.056998 0.154590
v 0.212719 0.056998 0.102609
v 0.235048 0.062981 0.098588
v 0.257378 0.068964 0.102609
v 0.246174 0.101969 0.154590
v 0.224817 0.093122 0.158611
v 0.203459 0.084276 0.154590
v 0.203459 0.084276 0.102609
v 0.224817 0.093122 0.098588
v 0.246174 0.101969 0.102609
v 0.230759 0.133229 0.154590
v 0.210738 0.121670 0.158611
v 0.190718 0.110111 0.154590
v 0.190718 0.110111 0.102609
v 0.210738 0.121670 0.098588
v 0.230759 0.133229 0.102609
v 0.211395 0.162209 0.154590
v 0.193054 0.148136 0.158611
v 0.174714 0.134063 0.154590
v 0.174714 0.134063 0.102609
v 0.193054 0.148136 0.098588
v 0.211395 0.162209 0.102609
v 0.188414 0.188414 0.154590
v 0.172067 0.172067 0.158611
v 0.155721 0.155721 0.154590
v 0.155721 0.155721 0.102609
v 0.172067 0.172067 0.098588
v 0.188414 0.188414 0.102609
v 0.162209 0.211395 0.154590
v 0.148136 0.193054 0.158611
v 0.134063 0.174714 0.154590
v 0.134063 0.174714 0.102609
v 0.148136 0.193054 0.098588
v 0.162209 0.211395 0.102609
v 0.133229 0.230759 0.154590
v 0.121670 0.210738 0.158611
v 0.110111 0.190718 0.154590
v 0.110111 0.190718 0.102609
v 0.121670 0.210738 0.098588
v 0.133229 0.230759 0.102609
v 0.101969 0.246174 0.154590
v 0.093122 0.224817 0.158611
v 0.084276 0.203459 0.154590
v 0.084276 0.203459 0.102609
v 0.093122 0.224817 0.098588
v 0.101969 0.246174 0.102609
v 0.068964 0.257378 0.154590
v 0.062981 0.235048 0.158611
v 0.056998 0.212719 0.154590
v 0.056998 0.212719 0.102609
v 0.062981 0.235048 0.098588
v 0.068964 0.257378 0.102609
v 0.034780 0.264178 0.154590
v 0.031762 0.241258 0.158611
v 0.028745 0.218338 0.154590
v 0.028745 0.218338 0.102609
v 0.031762 0.241258 0.098588
v 0.034780 0.264178 0.102609
v -0.000000 0.266457 0.154590
v 0.000000 0.243340 0.158611
v 0.000000 0.220223 0.154590
v 0.000000 0.220223 0.102609
v 0.000000 0.243340 0.098588
v -0.000000 0.266457 0.102609
v -0.034780 0.264178 0.154590
v -0.031762 0.241258 0.158611
v -0.028745 0.218338 0.154590
v -0.028745 0.218338 0.102609
v -0.031762 0.241258 0.098588
v -0.034780 0.264178 0.102609
v -0.068964 0.257378 0.154590
v -0.062981 0.235048 0.158611
v -0.056998 0.212719 0.154590
v -0.056998 0.212719 0.102609
v -0.062981 0.235048 0.098588
v -0.068964 0.257378 0.102609
v -0.101969 0.246174 0.154590
v -0.093122 0.224817 0.158611
v -0.084275 0.203459 0.154590
v -0.084275 0.203459 0.102609
v -0.093122 0.224817 0.098588
v -0.101969 0.246174 0.102609
v -0.133229 0.230759 0.154590
v -0.121670 0.210738 0.158611
v -0.110111 0.190718 0.154590
v -0.110111 0.190718 0.102609
v -0.121670 0.210738 0.098588
v -0.133229 0.230759 0.102609
v -0.162209 0.211395 0.154590
v -0.148136 0.193054 0.158611
v -0.134063 0.174714 0.154590
v -0.134063 0.174714 0.102609
v -0.148136 0.193054 0.098588
v -0.162209 0.211395 0.102609
v -0.188414 0.188414 0.154590
v -0.172067 0.172067 0.158611
v -0.155721 0.155721 0.154590
v -0.155721 0.155721 0.102609
v -0.172067 0.172067 0.098588
v -0.188414 0.188414 0.102609
v -0.211395 0.162209 0.154590
v -0.193054 0.148136 0.158611
v -0.174714 0.134063 0.154590
v -0.174714 0.134063 0.102609
v -0.193054 0.148136 0.098588
v -0.211395 0.162209 0.102609
v -0.230759 0.133229 0.154590
v -0.210738 0.121670 0.158611
v -0.190718 0.110111 0.154590
v -0.190718 0.110111 0.102609
v -0.210738 0.121670 0.098588
v -0.230759 0.133229 0.102609
v -0.246174 0.101969 0.154590
v -0.224817 0.093122 0.158611
v -0.203459 0.084276 0.154590
v -0.203459 0.084276 0.102609
v -0.224817 0.093122 0.098588
v -0.246174 0.101969 0.102609
v -0.257378 0.068964 0.154590
v -0.235048 0.062981 0.158611
v -0.212719 0.056998 0.154590
v -0.212719 0.056998 0.102609
v -0.235048 0.062981 0.098588
v -0.257378 0.068964 0.102609
v -0.264178 0.034780 0.154590
v -0.241258 0.031762 0.158611
v -0.218338 0.028745 0.154590
v -0.218338 0.028745 0.102609
v -0.241258 0.031762 0.098588
v -0.264178 0.034780 0.102609
v -0.266457 -0.000000 0.154590
v -0.243340 -0.000000 0.158611
v -0.220223 -0.000000 0.154590
v -0.220223 -0.000000 0.102609
v -0.243340 -0.000000 0.098588
v -0.266457 -0.000000 0.102609
v -0.264178 -0.034780 0.154590
v -0.241258 -0.031762 0.158611
v -0.218338 -0.028745 0.154590
v -0.218338 -0.028745 0.102609
v -0.241258 -0.031762 0.098588
v -0.264178 -0.034780 0.102609
v -0.257378 -0.068964 0.154590
v -0.235048 -0.062981 0.158611
v -0.212719 -0.056998 0.154590
v -0.212719 -0.056998 0.102609
v -0.235048 -0.062981 0.098588
v -0.257378 -0.068964 0.102609
v -0.246174 -0.101969 0.154590
v -0.224817 -0.093122 0.158611
v -0.203459 -0.084276 0.154590
v -0.203459 -0.084276 0.102609
v -0.224817 -0.093122 0.098588
v -0.246174 -0.101969 0.102609
v -0.230759 -0.133229 0.154590
v -0.210738 -0.121670 0.158611
v -0.190718 -0.110111 0.154590
v -0.190718 -0.110111 0.102609
v -0.210738 -0.121670 0.098588
v -0.230759 -0.133229 0.102609
v -0.211395 -0.162209 0.154590
v -0.193054 -0.148136 0.158611
v -0.174714 -0.134063 0.154590
v -0.174714 -0.134063 0.102609
v -0.193054 -0.148136 0.098588
v -0.211395 -0.162209 0.102609
v -0.188414 -0.188414 0.154590
v -0.172067 -0.172067 0.158611
v -0.155721 -0.155721 0.154590
v -0.155721 -0.155721 0.102609
v -0.172067 -0.172067 0.098588
v -0.188414 -0.188414 0.102609
v -0.162209 -0.211395 0.154590
v -0.148136 -0.193054 0.158611
v -0.134063 -0.174714 0.154590
v -0.134063 -0.174714 0.102609
v -0.148136 -0.193054 0.098588
v -0.162209 -0.211395 0.102609
v -0.133229 -0.230759 0.154590
v -0.121670 -0.210738 0.158611
v -0.110111 -0.190718 0.154590
v -0.110111 -0.190718 0.102609
v -0.121670 -0.210738 0.098588
v -0.133229 -0.230759 0.102609
v -0.101969 -0.246174 0.154590
v -0.093122 -0.224817 0.158611
v -0.084276 -0.203459 0.154590
v -0.084276 -0.203459 0.102609
v -0.093122 -0.224817 0.098588
v -0.101969 -0.246174 0.102609
v -0.068964 -0.257378 0.154590
v -0.062981 -0.235048 0.158611
v -0.056998 -0.212719 0.154590
v -0.056998 -0.212719 0.102609
v -0.062981 -0.235048 0.098588
v -0.068964 -0.257378 0.102609
v -0.034780 -0.264178 0.154590
v -0.031762 -0.241258 0.158611
v -0.028745 -0.218338 0.154590
v -0.028745 -0.218338 0.102609
v -0.031762 -0.241258 0.098588
v -0.034780 -0.264178 0.102609
v -0.208626 0.006118 0.122252
v -0.211757 0.005667 0.125685
v -0.208650 0.009296 0.125411
v -0.211757 0.005667 0.131514
v -0.208626 0.006118 0.134947
v -0.208650 0.009296 0.131788
v -0.069163 0.027872 0.109350
v -0.069139 0.031057 0.112505
v -0.066033 0.028398 0.112204
v -0.069163 0.027872 0.147849
v -0.066033 0.028398 0.144995
v -0.069139 0.031057 0.144694
v -0.208626 -0.008925 0.122252
v -0.208650 -0.012103 0.125411
v -0.211757 -0.008475 0.125685
v -0.208626 -0.008925 0.134947
v -0.211757 -0.008475 0.131514
v -0.208650 -0.012103 0.131788
v -0.069163 -0.030680 0.109350
v -0.066033 -0.031206 0.112204
v -0.069139 -0.033865 0.112505
v -0.069163 -0.030680 0.147849
v -0.069139 -0.033865 0.144694
v -0.066033 -0.031206 0.144995
v 0.055253 0.000000 0.166471
v 0.052094 0.000000 0.169615
v 0.051093 -0.010163 0.169615
v 0.054192 -0.010779 0.166471
v 0.048129 -0.019936 0.169615
v 0.051048 -0.021145 0.166471
v 0.043315 -0.028942 0.169615
v 0.045942 -0.030697 0.166471
v 0.036836 -0.036836 0.169615
v 0.039070 -0.039070 0.166471
v 0.028942 -0.043315 0.169615
v 0.030697 -0.045942 0.166471
v 0.019936 -0.048129 0.169615
v 0.021145 -0.051048 0.166471
v 0.010163 -0.051093 0.169615
v 0.010779 -0.054192 0.166471
v 0.000000 -0.052094 0.169615
v 0.000000 -0.055253 0.166471
v -0.010163 -0.051093 0.169615
v -0.010779 -0.054192 0.166471
v -0.019936 -0.048129 0.169615
v -0.021145 -0.051048 0.166471
v -0.028942 -0.043315 0.169615
v -0.030697 -0.045942 0.166471
v -0.036836 -0.036836 0.169615
v -0.039070 -0.039070 0.166471
v -0.043315 -0.028942 0.169615
v -0.045942 -0.030697 0.166471
v -0.048129 -0.019936 0.169615
v -0.051048 -0.021145 0.166471
v -0.051093 -0.010163 0.169615
v -0.054192 -0.010779 0.166471
v -0.052094 -0.000000 0.169615
v -0.055253 -0.000000 0.166471
v -0.051093 0.010163 0.169615
v -0.054192 0.010779 0.166471
v -0.048129 0.019936 0.169615
v -0.051048 0.021145 0.166471
v -0.043315 0.028942 0.169615
v -0.045942 0.030697 0.166471
v -0.036836 0.036836 0.169615
v -0.039070 0.039070 0.166471
v -0.028942 0.043315 0.169615
v -0.030697 0.045942 0.166471
v -0.019936 0.048129 0.169615
v -0.021145 0.051048 0.166471
v -0.010163 0.051093 0.169615
v -0.010779 0.054192 0.166471
v -0.000000 0.052094 0.169615
v -0.000000 0.055253 0.166471
v 0.010163 0.051093 0.169615
v 0.010779 0.054192 0.166471
v 0.019936 0.048129 0.169615
v 0.021145 0.051048 0.166471
v 0.028942 0.043315 0.169615
v 0.030697 0.045942 0.166471
v 0.036836 0.036836 0.169615
v 0.039070 0.039070 0.166471
v 0.043315 0.028942 0.169615
v 0.045942 0.030697 0.166471
v 0.048129 0.019936 0.169615
v 0.051048 0.021145 0.166471
v 0.051093 0.010163 0.169615
v 0.054192 0.010779 0.166471
v 0.090368 -0.017975 0.166471
v 0.093466 -0.018592 0.163327
v 0.095297 0.000000 0.163327
v 0.092138 0.000000 0.166471
v 0.085125 -0.035260 0.166471
v 0.088043 -0.036469 0.163327
v 0.076610 -0.051189 0.166471
v 0.079237 -0.052944 0.163327
v 0.065152 -0.065152 0.166471
v 0.067385 -0.067385 0.163327
v 0.051189 -0.076610 0.166471
v 0.052944 -0.079237 0.163327
v 0.035260 -0.085125 0.166471
v 0.036469 -0.088043 0.163327
v 0.017975 -0.090368 0.166471
v 0.018592 -0.093466 0.163327
v -0.000000 -0.092138 0.166471
v -0.000000 -0.095297 0.163327
v -0.017975 -0.090368 0.166471
v -0.018592 -0.093466 0.163327
v -0.035260 -0.085125 0.166471
v -0.036469 -0.088043 0.163327
v -0.051189 -0.076610 0.166471
v -0.052944 -0.079237 0.163327
v -0.065152 -0.065152 0.166471
v -0.067385 -0.067385 0.163327
v -0.076610 -0.051189 0.166471
v -0.079237 -0.052944 0.163327
v -0.085125 -0.035260 0.166471
v -0.088043 -0.036469 0.163327
v -0.090368 -0.017975 0.166471
v -0.093466 -0.018592 0.163327
v -0.092138 -0.000000 0.166471
v -0.095297 -0.000000 0.163327
v -0.090368 0.017975 0.166471
v -0.093466 0.018592 0.163327
v -0.085125 0.035260 0.166471
v -0.088043 0.036469 0.163327
v -0.076610 0.051189 0.166471
v -0.079237 0.052944 0.163327
v -0.065152 0.065152 0.166471
v -0.067385 0.067385 0.163327
v -0.051189 0.076610 0.166471
v -0.052944 0.079237 0.163327
v -0.035260 0.085125 0.166471
v -0.036469 0.088043 0.163327
v -0.017975 0.090368 0.166471
v -0.018592 0.093466 0.163327
v -0.000000 0.092138 0.166471
v -0.000000 0.095297 0.163327
v 0.017975 0.090368 0.166471
v 0.018592 0.093466 0.163327
v 0.035260 0.085125 0.166471
v 0.036469 0.088043 0.163327
v 0.051189 0.076610 0.166471
v 0.052944 0.079237 0.163327
v 0.065152 0.065152 0.166471
v 0.067385 0.067385 0.163327
v 0.076610 0.051189 0.166471
v 0.079237 0.052944 0.163327
v 0.085125 0.035260 0.166471
v 0.088043 0.036469 0.163327
v 0.090368 0.017975 0.166471
v 0.093466 0.018592 0.163327
v 0.048005 -0.009549 0.192508
v 0.051093 -0.010163 0.189117
v 0.052094 0.000000 0.189117
v 0.048945 0.000000 0.192508
v 0.045220 -0.018731 0.192508
v 0.048129 -0.019936 0.189117
v 0.040696 -0.027193 0.192508
v 0.043315 -0.028942 0.189117
v 0.034610 -0.034610 0.192508
v 0.036836 -0.036836 0.189117
v 0.027193 -0.040696 0.192508
v 0.028942 -0.043315 0.189117
v 0.018731 -0.045220 0.192508
v 0.019936 -0.048129 0.189117
v 0.009549 -0.048005 0.192508
v 0.010163 -0.051093 0.189117
v 0.000000 -0.048945 0.192508
v 0.000000 -0.052094 0.189117
v -0.009549 -0.048005 0.192508
v -0.010163 -0.051093 0.189117
v -0.018731 -0.045220 0.192508
v -0.019936 -0.048129 0.189117
v -0.027193 -0.040696 0.192508
v -0.028942 -0.043315 0.189117
v -0.034610 -0.034610 0.192508
v -0.036836 -0.036836 0.189117
v -0.040696 -0.027193 0.192508
v -0.043315 -0.028942 0.189117
v -0.045220 -0.018731 0.192508
v -0.048129 -0.019936 0.189117
v -0.048005 -0.009549 0.192508
v -0.051093 -0.010163 0.189117
v -0.048945 -0.000000 0.192508
v -0.052094 -0.000000 0.189117
v -0.048005 0.009549 0.192508
v -0.051093 0.010163 0.189117
v -0.045220 0.018731 0.192508
v -0.048129 0.019936 0.189117
v -0.040697 0.027193 0.192508
v -0.043315 0.028942 0.189117
v -0.034610 0.034610 0.192508
v -0.036836 0.036836 0.189117
v -0.027193 0.040696 0.192508
v -0.028942 0.043315 0.189117
v -0.018731 0.045220 0.192508
v -0.019936 0.048129 0.189117
v -0.009549 0.048005 0.192508
v -0.010163 0.051093 0.189117
v -0.000000 0.048945 0.192508
v -0.000000 0.052094 0.189117
v 0.009549 0.048005 0.192508
v 0.010163 0.051093 0.189117
v 0.018731 0.045220 0.192508
v 0.019936 0.048129 0.189117
v 0.027193 0.040696 0.192508
v 0.028942 0.043315 0.189117
v 0.034610 0.034610 0.192508
v 0.036836 0.036836 0.189117
v 0.040696 0.027193 0.192508
v 0.043315 0.028942 0.189117
v 0.045220 0.018731 0.192508
v 0.048129 0.019936 0.189117
v 0.048005 0.009549 0.192508
v 0.051093 0.010163 0.189117
v 0.048207 0.000000 0.089329
v 0.051366 0.000000 0.092473
v 0.050379 -0.010021 0.092473
v 0.047281 -0.009405 0.089329
v 0.047456 -0.019657 0.092473
v 0.044537 -0.018448 0.089329
v 0.042709 -0.028537 0.092473
v 0.040083 -0.026782 0.089329
v 0.036321 -0.036321 0.092473
v 0.034087 -0.034087 0.089329
v 0.028537 -0.042709 0.092473
v 0.026782 -0.040083 0.089329
v 0.019657 -0.047456 0.092473
v 0.018448 -0.044537 0.089329
v 0.010021 -0.050379 0.092473
v 0.009405 -0.047281 0.089329
v 0.000000 -0.051366 0.092473
v 0.000000 -0.048207 0.089329
v -0.010021 -0.050379 0.092473
v -0.009405 -0.047281 0.089329
v -0.019657 -0.047456 0.092473
v -0.018448 -0.044537 0.089329
v -0.028537 -0.042709 0.092473
v -0.026782 -0.040083 0.089329
v -0.036321 -0.036321 0.092473
v -0.034088 -0.034087 0.089329
v -0.042709 -0.028537 0.092473
v -0.040083 -0.026782 0.089329
v -0.047456 -0.019657 0.092473
v -0.044537 -0.018448 0.089329
v -0.050379 -0.010021 0.092473
v -0.047281 -0.009405 0.089329
v -0.051366 -0.000000 0.092473
v -0.048207 -0.000000 0.089329
v -0.050379 0.010021 0.092473
v -0.047281 0.009405 0.089329
v -0.047456 0.019657 0.092473
v -0.044537 0.018448 0.089329
v -0.042709 0.028537 0.092473
v -0.040083 0.026782 0.089329
v -0.036321 0.036321 0.092473
v -0.034088 0.034087 0.089329
v -0.028537 0.042709 0.092473
v -0.026782 0.040083 0.089329
v -0.019657 0.047456 0.092473
v -0.018448 0.044537 0.089329
v -0.010021 0.050379 0.092473
v -0.009405 0.047281 0.089329
v -0.000000 0.051366 0.092473
v -0.000000 0.048207 0.089329
v 0.010021 0.050379 0.092473
v 0.009405 0.047281 0.089329
v 0.019657 0.047456 0.092473
v 0.018448 0.044537 0.089329
v 0.028537 0.042709 0.092473
v 0.026782 0.040083 0.089329
v 0.036321 0.036321 0.092473
v 0.034087 0.034088 0.089329
v 0.042709 0.028537 0.092473
v 0.040083 0.026782 0.089329
v 0.047456 0.019657 0.092473
v 0.044537 0.018448 0.089329
v 0.050379 0.010021 0.092473
v 0.047281 0.009405 0.089329
v 0.092173 0.000000 0.151914
v 0.089540 0.000000 0.147034
v 0.087819 -0.017468 0.147034
v 0.090402 -0.017982 0.151914
v 0.082724 -0.034265 0.147034
v 0.085157 -0.035273 0.151914
v 0.074450 -0.049746 0.147034
v 0.076639 -0.051209 0.151914
v 0.063314 -0.063314 0.147034
v 0.065176 -0.065176 0.151914
v 0.049746 -0.074450 0.147034
v 0.051209 -0.076639 0.151914
v 0.034265 -0.082724 0.147034
v 0.035273 -0.085157 0.151914
v 0.017468 -0.087819 0.147034
v 0.017982 -0.090402 0.151914
v -0.000000 -0.089540 0.147034
v -0.000000 -0.092173 0.151914
v -0.017468 -0.087819 0.147034
v -0.017982 -0.090402 0.151914
v -0.034265 -0.082724 0.147034
v -0.035273 -0.085157 0.151914
v -0.049746 -0.074450 0.147034
v -0.051209 -0.076639 0.151914
v -0.063314 -0.063314 0.147034
v -0.065176 -0.065176 0.151914
v -0.074450 -0.049746 0.147034
v -0.076639 -0.051209 0.151914
v -0.082724 -0.034265 0.147034
v -0.085157 -0.035273 0.151914
v -0.087819 -0.017468 0.147034
v -0.090402 -0.017982 0.151914
v -0.089540 -0.000000 0.147034
v -0.092173 -0.000000 0.151914
v -0.087819 0.017468 0.147034
v -0.090402 0.017982 0.151914
v -0.082724 0.034265 0.147034
v -0.085157 0.035273 0.151914
v -0.074450 0.049746 0.147034
v -0.076639 0.051209 0.151914
v -0.063314 0.063314 0.147034
v -0.065176 0.065176 0.151914
v -0.049746 0.074450 0.147034
v -0.051209 0.076639 0.151914
v -0.034265 0.082724 0.147034
v -0.035273 0.085157 0.151914
v -0.017468 0.087819 0.147034
v -0.017982 0.090402 0.151914
v -0.000000 0.089540 0.147034
v -0.000000 0.092173 0.151914
v 0.017468 0.087819 0.147034
v 0.017982 0.090402 0.151914
v 0.034265 0.082724 0.147034
v 0.035273 0.085157 0.151914
v 0.049746 0.074450 0.147034
v 0.051209 0.076639 0.151914
v 0.063314 0.063314 0.147034
v 0.065176 0.065176 0.151914
v 0.074450 0.049746 0.147034
v 0.076639 0.051209 0.151914
v 0.082724 0.034265 0.147034
v 0.085157 0.035273 0.151914
v 0.087819 0.017468 0.147034
v 0.090402 0.017982 0.151914
v 0.086381 0.000000 0.092473
v 0.089540 0.000000 0.095617
v 0.087819 -0.017468 0.095617
v 0.084721 -0.016852 0.092473
v 0.082724 -0.034265 0.095617
v 0.079805 -0.033056 0.092473
v 0.074450 -0.049746 0.095617
v 0.071823 -0.047991 0.092473
v 0.063314 -0.063314 0.095617
v 0.061080 -0.061080 0.092473
v 0.049746 -0.074450 0.095617
v 0.047991 -0.071823 0.092473
v 0.034265 -0.082724 0.095617
v 0.033056 -0.079805 0.092473
v 0.017468 -0.087819 0.095617
v 0.016852 -0.084721 0.092473
v -0.000000 -0.089540 0.095617
v -0.000000 -0.086381 0.092473
v -0.017468 -0.087819 0.095617
v -0.016852 -0.084721 0.092473
v -0.034265 -0.082724 0.095617
v -0.033056 -0.079805 0.092473
v -0.049746 -0.074450 0.095617
v -0.047991 -0.071823 0.092473
v -0.063314 -0.063314 0.095617
v -0.061080 -0.061080 0.092473
v -0.074450 -0.049746 0.095617
v -0.071823 -0.047991 0.092473
v -0.082724 -0.034265 0.095617
v -0.079805 -0.033056 0.092473
v -0.087819 -0.017468 0.095617
v -0.084721 -0.016852 0.092473
v -0.089540 -0.000000 0.095617
v -0.086381 -0.000000 0.092473
v -0.087819 0.017468 0.095617
v -0.084721 0.016852 0.092473
v -0.082724 0.034265 0.095617
v -0.079805 0.033056 0.092473
v -0.074450 0.049746 0.095617
v -0.071823 0.047991 0.092473
v -0.063314 0.063314 0.095617
v -0.061080 0.061080 0.092473
v -0.049746 0.074450 0.095617
v -0.047991 0.071823 0.092473
v -0.034265 0.082724 0.095617
v -0.033056 0.079805 0.092473
v -0.017468 0.087819 0.095617
v -0.016852 0.084721 0.092473
v -0.000000 0.089540 0.095617
v -0.000000 0.086381 0.092473
v 0.017468 0.087819 0.095617
v 0.016852 0.084721 0.092473
v 0.034265 0.082724 0.095617
v 0.033056 0.079805 0.092473
v 0.049746 0.074450 0.095617
v 0.047991 0.071823 0.092473
v 0.063314 0.063314 0.095617
v 0.061080 0.061080 0.092473
v 0.074450 0.049746 0.095617
v 0.071823 0.047991 0.092473
v 0.082724 0.034265 0.095617
v 0.079805 0.033056 0.092473
v 0.087819 0.017468 0.095617
v 0.084721 0.016852 0.092473
v 0.051330 0.000000 0.016819
v 0.048207 0.000000 0.019489
v 0.047281 -0.009405 0.019489
v 0.050344 -0.010014 0.016819
v 0.044537 -0.018448 0.019489
v 0.047423 -0.019643 0.016819
v 0.040083 -0.026782 0.019489
v 0.042679 -0.028517 0.016819
v 0.034087 -0.034087 0.019489
v 0.036296 -0.036296 0.016819
v 0.026782 -0.040083 0.019489
v 0.028517 -0.042679 0.016819
v 0.018448 -0.044537 0.019489
v 0.019643 -0.047423 0.016819
v 0.009405 -0.047281 0.019489
v 0.010014 -0.050344 0.016819
v 0.000000 -0.048207 0.019489
v 0.000000 -0.051330 0.016819
v -0.009405 -0.047281 0.019489
v -0.010014 -0.050344 0.016819
v -0.018448 -0.044537 0.019489
v -0.019643 -0.047423 0.016819
v -0.026782 -0.040083 0.019489
v -0.028517 -0.042679 0.016819
v -0.034088 -0.034087 0.019489
v -0.036296 -0.036296 0.016819
v -0.040083 -0.026782 0.019489
v -0.042679 -0.028517 0.016819
v -0.044537 -0.018448 0.019489
v -0.047423 -0.019643 0.016819
v -0.047281 -0.009405 0.019489
v -0.050344 -0.010014 0.016819
v -0.048207 -0.000000 0.019489
v -0.051330 -0.000000 0.016819
v -0.047281 0.009405 0.019489
v -0.050344 0.010014 0.016819
v -0.044537 0.018448 0.019489
v -0.047423 0.019643 0.016819
v -0.040083 0.026782 0.019489
v -0.042679 0.028517 0.016819
v -0.034088 0.034087 0.019489
v -0.036296 0.036296 0.016819
v -0.026782 0.040083 0.019489
v -0.028517 0.042679 0.016819
v -0.018448 0.044537 0.019489
v -0.019643 0.047423 0.016819
v -0.009405 0.047281 0.019489
v -0.010014 0.050344 0.016819
v -0.000000 0.048207 0.019489
v -0.000000 0.051330 0.016819
v 0.009405 0.047281 0.019489
v 0.010014 0.050344 0.016819
v 0.018448 0.044537 0.019489
v 0.019643 0.047423 0.016819
v 0.026782 0.040083 0.019489
v 0.028517 0.042679 0.016819
v 0.034087 0.034088 0.019489
v 0.036296 0.036296 0.016819
v 0.040083 0.026782 0.019489
v 0.042679 0.028517 0.016819
v 0.044537 0.018448 0.019489
v 0.047423 0.019643 0.016819
v 0.047281 0.009405 0.019489
v 0.050344 0.010014 0.016819
v 0.054453 0.000000 0.014148
v 0.051330 0.000000 0.016819
v 0.050344 -0.010014 0.016819
v 0.053407 -0.010623 0.014148
v 0.047423 -0.019643 0.016819
v 0.050308 -0.020838 0.014148
v 0.042679 -0.028517 0.016819
v 0.045276 -0.030252 0.014148
v 0.036296 -0.036296 0.016819
v 0.038504 -0.038504 0.014148
v 0.028517 -0.042679 0.016819
v 0.030252 -0.045276 0.014148
v 0.019643 -0.047423 0.016819
v 0.020838 -0.050308 0.014148
v 0.010014 -0.050344 0.016819
v 0.010623 -0.053407 0.014148
v 0.000000 -0.051330 0.016819
v 0.000000 -0.054453 0.014148
v -0.010014 -0.050344 0.016819
v -0.010623 -0.053407 0.014148
v -0.019643 -0.047423 0.016819
v -0.020838 -0.050308 0.014148
v -0.028517 -0.042679 0.016819
v -0.030252 -0.045276 0.014148
v -0.036296 -0.036296 0.016819
v -0.038504 -0.038504 0.014148
v -0.042679 -0.028517 0.016819
v -0.045276 -0.030252 0.014148
v -0.047423 -0.019643 0.016819
v -0.050308 -0.020838 0.014148
v -0.050344 -0.010014 0.016819
v -0.053407 -0.010623 0.014148
v -0.051330 -0.000000 0.016819
v -0.054453 -0.000000 0.014148
v -0.050344 0.010014 0.016819
v -0.053407 0.010623 0.014148
v -0.047423 0.019643 0.016819
v -0.050308 0.020838 0.014148
v -0.042679 0.028517 0.016819
v -0.045276 0.030252 0.014148
v -0.036296 0.036296 0.016819
v -0.038504 0.038504 0.014148
v -0.028517 0.042679 0.016819
v -0.030252 0.045276 0.014148
v -0.019643 0.047423 0.016819
v -0.020838 0.050308 0.014148
v -0.010014 0.050344 0.016819
v -0.010623 0.053407 0.014148
v -0.000000 0.051330 0.016819
v -0.000000 0.054453 0.014148
v 0.010014 0.050344 0.016819
v 0.010623 0.053407 0.014148
v 0.019643 0.047423 0.016819
v 0.020838 0.050308 0.014148
v 0.028517 0.042679 0.016819
v 0.030252 0.045276 0.014148
v 0.036296 0.036296 0.016819
v 0.038504 0.038504 0.014148
v 0.042679 0.028517 0.016819
v 0.045276 0.030252 0.014148
v 0.047423 0.019643 0.016819
v 0.050308 0.020838 0.014148
v 0.050344 0.010014 0.016819
v 0.053407 0.010623 0.014148
v 0.051330 0.000000 0.001264
v 0.054453 0.000000 0.003934
v 0.053407 -0.010623 0.003934
v 0.050344 -0.010014 0.001264
v 0.050308 -0.020838 0.003934
v 0.047423 -0.019643 0.001264
v 0.045276 -0.030252 0.003934
v 0.042679 -0.028517 0.001264
v 0.038504 -0.038504 0.003934
v 0.036296 -0.036296 0.001264
v 0.030252 -0.045276 0.003934
v 0.028517 -0.042679 0.001264
v 0.020838 -0.050308 0.003934
v 0.019643 -0.047423 0.001264
v 0.010623 -0.053407 0.003934
v 0.010014 -0.050344 0.001264
v 0.000000 -0.054453 0.003934
v 0.000000 -0.051330 0.001264
v -0.010623 -0.053407 0.003934
v -0.010014 -0.050344 0.001264
v -0.020838 -0.050308 0.003934
v -0.019643 -0.047423 0.001264
v -0.030252 -0.045276 0.003934
v -0.028517 -0.042679 0.001264
v -0.038504 -0.038504 0.003934
v -0.036296 -0.036296 0.001264
v -0.045276 -0.030252 0.003934
v -0.042679 -0.028517 0.001264
v -0.050308 -0.020838 0.003934
v -0.047423 -0.019643 0.001264
v -0.053407 -0.010623 0.003934
v -0.050344 -0.010014 0.001264
v -0.054453 -0.000000 0.003934
v -0.051330 -0.000000 0.001264
v -0.053407 0.010623 0.003934
v -0.050344 0.010014 0.001264
v -0.050308 0.020838 0.003934
v -0.047423 0.019643 0.001264
v -0.045276 0.030252 0.003934
v -0.042679 0.028517 0.001264
v -0.038504 0.038504 0.003934
v -0.036296 0.036296 0.001264
v -0.030252 0.045276 0.003934
v -0.028517 0.042679 0.001264
v -0.020838 0.050308 0.003934
v -0.019643 0.047423 0.001264
v -0.010623 0.053407 0.003934
v -0.010014 0.050344 0.001264
v -0.000000 0.054453 0.003934
v -0.000000 0.051330 0.001264
v 0.010623 0.053407 0.003934
v 0.010014 0.050344 0.001264
v 0.020838 0.050308 0.003934
v 0.019643 0.047423 0.001264
v 0.030252 0.045276 0.003934
v 0.028517 0.042679 0.001264
v 0.038504 0.038504 0.003934
v 0.036296 0.036296 0.001264
v 0.045276 0.030252 0.003934
v 0.042679 0.028517 0.001264
v 0.050308 0.020838 0.003934
v 0.047423 0.019643 0.001264
v 0.053407 0.010623 0.003934
v 0.050344 0.010014 0.001264
v 0.032361 0.000000 0.196951
v 0.035511 0.000000 0.193560
v 0.034828 -0.006928 0.193560
v 0.031740 -0.006313 0.196951
v 0.017979 0.026908 0.196951
v 0.019729 0.029526 0.193560
v 0.025110 0.025110 0.193560
v 0.022883 0.022883 0.196951
v -0.029898 -0.012384 0.196951
v -0.032808 -0.013589 0.193560
v -0.034828 -0.006928 0.193560
v -0.031740 -0.006313 0.196951
v 0.032808 -0.013589 0.193560
v 0.029898 -0.012384 0.196951
v 0.029526 0.019729 0.193560
v 0.026908 0.017979 0.196951
v -0.035511 -0.000000 0.193560
v -0.032361 -0.000000 0.196951
v 0.029526 -0.019729 0.193560
v 0.026908 -0.017979 0.196951
v 0.032808 0.013589 0.193560
v 0.029898 0.012384 0.196951
v -0.034828 0.006928 0.193560
v -0.031740 0.006313 0.196951
v 0.025110 -0.025110 0.193560
v 0.022883 -0.022883 0.196951
v 0.034828 0.006928 0.193560
v 0.031740 0.006313 0.196951
v -0.032808 0.013589 0.193560
v -0.029898 0.012384 0.196951
v 0.019729 -0.029526 0.193560
v 0.017979 -0.026908 0.196951
v -0.029526 0.019729 0.193560
v -0.026908 0.017979 0.196951
v 0.013589 -0.032808 0.193560
v 0.012384 -0.029898 0.196951
v -0.025110 0.025110 0.193560
v -0.022883 0.022883 0.196951
v 0.006928 -0.034828 0.193560
v 0.006313 -0.031740 0.196951
v -0.019729 0.029526 0.193560
v -0.017979 0.026908 0.196951
v -0.000000 -0.035511 0.193560
v -0.000000 -0.032361 0.196951
v -0.013589 0.032808 0.193560
v -0.012384 0.029898 0.196951
v -0.006928 -0.034828 0.193560
v -0.006313 -0.031740 0.196951
v -0.006928 0.034828 0.193560
v -0.006313 0.031740 0.196951
v -0.013589 -0.032808 0.193560
v -0.012384 -0.029898 0.196951
v -0.000000 0.035511 0.193560
v -0.000000 0.032361 0.196951
v -0.019729 -0.029526 0.193560
v -0.017979 -0.026908 0.196951
v 0.006928 0.034828 0.193560
v 0.006313 0.031740 0.196951
v -0.025110 -0.025110 0.193560
v -0.022883 -0.022883 0.196951
v 0.013589 0.032808 0.193560
v 0.012384 0.029898 0.196951
v -0.029526 -0.019729 0.193560
v -0.026908 -0.017979 0.196951
v 0.095297 0.000000 0.157118
v 0.092664 0.000000 0.152238
v 0.090884 -0.018078 0.152238
v 0.093466 -0.018592 0.157118
v 0.085610 -0.035461 0.152238
v 0.088043 -0.036469 0.157118
v 0.077047 -0.051481 0.152238
v 0.079237 -0.052944 0.157118
v 0.065523 -0.065523 0.152238
v 0.067385 -0.067385 0.157118
v 0.051481 -0.077047 0.152238
v 0.052944 -0.079237 0.157118
v 0.035461 -0.085610 0.152238
v 0.036469 -0.088043 0.157118
v 0.018078 -0.090884 0.152238
v 0.018592 -0.093466 0.157118
v -0.000000 -0.092664 0.152238
v -0.000000 -0.095297 0.157118
v -0.018078 -0.090884 0.152238
v -0.018592 -0.093466 0.157118
v -0.035461 -0.085610 0.152238
v -0.036469 -0.088043 0.157118
v -0.051481 -0.077047 0.152238
v -0.052944 -0.079237 0.157118
v -0.065523 -0.065523 0.152238
v -0.067385 -0.067385 0.157118
v -0.077047 -0.051481 0.152238
v -0.079237 -0.052944 0.157118
v -0.085610 -0.035461 0.152238
v -0.088043 -0.036469 0.157118
v -0.090884 -0.018078 0.152238
v -0.093466 -0.018592 0.157118
v -0.092664 -0.000000 0.152238
v -0.095297 -0.000000 0.157118
v -0.090884 0.018078 0.152238
v -0.093466 0.018592 0.157118
v -0.085610 0.035461 0.152238
v -0.088043 0.036469 0.157118
v -0.077047 0.051481 0.152238
v -0.079237 0.052944 0.157118
v -0.065523 0.065523 0.152238
v -0.067385 0.067385 0.157118
v -0.051481 0.077047 0.152238
v -0.052944 0.079237 0.157118
v -0.035461 0.085610 0.152238
v -0.036469 0.088043 0.157118
v -0.018078 0.090884 0.152238
v -0.018592 0.093466 0.157118
v -0.000000 0.092664 0.152238
v -0.000000 0.095297 0.157118
v 0.018078 0.090884 0.152238
v 0.018592 0.093466 0.157118
v 0.035461 0.085610 0.152238
v 0.036469 0.088043 0.157118
v 0.051481 0.077047 0.152238
v 0.052944 0.079237 0.157118
v 0.065523 0.065523 0.152238
v 0.067385 0.067385 0.157118
v 0.077047 0.051481 0.152238
v 0.079237 0.052944 0.157118
v 0.085610 0.035461 0.152238
v 0.088043 0.036469 0.157118
v 0.090884 0.018078 0.152238
v 0.093466 0.018592 0.157118
v -0.087592 -0.202015 0.122252
v -0.088395 -0.205074 0.125685
v -0.090529 -0.200801 0.125411
v -0.088395 -0.205074 0.131514
v -0.087592 -0.202015 0.134947
v -0.090529 -0.200801 0.131788
v -0.053383 -0.065074 0.109350
v -0.056307 -0.063812 0.112505
v -0.052649 -0.061985 0.112204
v -0.053383 -0.065074 0.147849
v -0.052649 -0.061985 0.144995
v -0.056307 -0.063812 0.144694
v -0.073734 -0.207867 0.122252
v -0.070816 -0.209125 0.125411
v -0.075367 -0.210575 0.125685
v -0.073734 -0.207867 0.134947
v -0.075367 -0.210575 0.131514
v -0.070816 -0.209125 0.131788
v 0.000558 -0.087850 0.109350
v 0.002260 -0.085171 0.112204
v 0.003501 -0.089067 0.112505
v 0.000558 -0.087850 0.147849
v 0.003501 -0.089067 0.144694
v 0.002260 -0.085171 0.144995
v -0.063238 0.200347 0.122252
v -0.064782 0.203107 0.125685
v -0.060280 0.201509 0.125411
v -0.064782 0.203107 0.131514
v -0.063238 0.200347 0.134947
v -0.060280 0.201509 0.131788
v 0.007107 0.077975 0.109350
v 0.010089 0.079095 0.112505
v 0.008721 0.075242 0.112204
v 0.007107 0.077975 0.147849
v 0.008721 0.075242 0.144995
v 0.010089 0.079095 0.144694
v -0.077280 0.194949 0.122252
v -0.080254 0.193831 0.125411
v -0.077982 0.198033 0.125685
v -0.077280 0.194949 0.134947
v -0.077982 0.198033 0.131514
v -0.080254 0.193831 0.131788
v -0.047546 0.056967 0.109350
v -0.046914 0.053856 0.112204
v -0.050511 0.055801 0.112505
v -0.047546 0.056967 0.147849
v -0.050511 0.055801 0.144694
v -0.046914 0.053856 0.144995
v 0.164448 0.120491 0.122252
v 0.166610 0.122799 0.125685
v 0.166454 0.118026 0.125411
v 0.166610 0.122799 0.131514
v 0.164448 0.120491 0.134947
v 0.166454 0.118026 0.131788
v 0.069198 0.016324 0.109350
v 0.071170 0.013823 0.112505
v 0.067084 0.013957 0.112204
v 0.069198 0.016324 0.147849
v 0.067084 0.013957 0.144995
v 0.071170 0.013823 0.144694
v 0.155044 0.132232 0.122252
v 0.153076 0.134727 0.125411
v 0.157769 0.133837 0.125685
v 0.155044 0.132232 0.134947
v 0.157769 0.133837 0.131514
v 0.153076 0.134727 0.131788
v 0.032594 0.062024 0.109350
v 0.029821 0.060477 0.112204
v 0.030583 0.064495 0.112505
v 0.032594 0.062024 0.147849
v 0.030583 0.064495 0.144694
v 0.029821 0.060477 0.144995
v 0.157446 -0.135563 0.122252
v 0.160211 -0.137100 0.125685
v 0.155542 -0.138107 0.125411
v 0.160211 -0.137100 0.131514
v 0.157446 -0.135563 0.134947
v 0.155542 -0.138107 0.131788
v 0.033285 -0.068428 0.109350
v 0.031337 -0.070948 0.112505
v 0.030475 -0.066951 0.112204
v 0.033285 -0.068428 0.147849
v 0.030475 -0.066951 0.144995
v 0.031337 -0.070948 0.144694
v 0.166555 -0.123591 0.122252
v 0.168499 -0.121077 0.125411
v 0.168774 -0.125845 0.125685
v 0.166555 -0.123591 0.134947
v 0.168774 -0.125845 0.131514
v 0.168499 -0.121077 0.131788
v 0.068739 -0.021831 0.109350
v 0.066566 -0.019517 0.112204
v 0.070649 -0.019281 0.112505
v 0.068739 -0.021831 0.147849
v 0.070649 -0.019281 0.144694
v 0.066566 -0.019517 0.144995
v 0.000000 -0.288374 0.131506
v 0.000000 -0.288374 0.125693
v 0.000000 -0.280739 0.145319
v 0.000000 -0.284580 0.140698
v 0.000000 -0.202100 0.140698
v 0.000000 -0.205940 0.145319
v 0.000000 -0.198305 0.125693
v 0.000000 -0.198305 0.131506
v 0.000000 -0.205940 0.111880
v 0.000000 -0.202100 0.116501
v 0.000000 -0.284580 0.116501
v 0.000000 -0.280739 0.111880
v 0.037640 -0.285907 0.125693
v 0.037640 -0.285907 0.131506
v 0.037145 -0.282145 0.140698
v 0.036644 -0.278337 0.145319
v 0.026881 -0.204179 0.145319
v 0.026379 -0.200371 0.140698
v 0.025884 -0.196609 0.131506
v 0.025884 -0.196609 0.125693
v 0.026379 -0.200371 0.116501
v 0.026881 -0.204179 0.111880
v 0.036644 -0.278337 0.111880
v 0.037145 -0.282145 0.116501
v 0.074637 -0.278548 0.125693
v 0.074637 -0.278548 0.131506
v 0.073655 -0.274883 0.140698
v 0.072661 -0.271173 0.145319
v 0.053301 -0.198923 0.145319
v 0.052307 -0.195213 0.140698
v 0.051325 -0.191548 0.131506
v 0.051325 -0.191548 0.125693
v 0.052307 -0.195213 0.116501
v 0.053301 -0.198923 0.111880
v 0.072661 -0.271173 0.111880
v 0.073655 -0.274883 0.116501
v 0.110356 -0.266423 0.125693
v 0.110356 -0.266423 0.131506
v 0.108904 -0.262918 0.140698
v 0.107434 -0.259369 0.145319
v 0.078810 -0.190264 0.145319
v 0.077340 -0.186716 0.140698
v 0.075888 -0.183210 0.131506
v 0.075888 -0.183210 0.125693
v 0.077340 -0.186716 0.116501
v 0.078810 -0.190264 0.111880
v 0.107434 -0.259369 0.111880
v 0.108904 -0.262918 0.116501
v 0.144187 -0.249740 0.125693
v 0.144187 -0.249740 0.131506
v 0.142290 -0.246454 0.140698
v 0.140370 -0.243127 0.145319
v 0.102970 -0.178350 0.145319
v 0.101050 -0.175023 0.140698
v 0.099153 -0.171737 0.131506
v 0.099153 -0.171737 0.125693
v 0.101050 -0.175023 0.116501
v 0.102970 -0.178350 0.111880
v 0.140370 -0.243127 0.111880
v 0.142290 -0.246454 0.116501
v 0.175551 -0.228783 0.125693
v 0.175551 -0.228783 0.131506
v 0.173241 -0.225773 0.140698
v 0.170903 -0.222725 0.145319
v 0.125369 -0.163384 0.145319
v 0.123030 -0.160336 0.140698
v 0.120721 -0.157326 0.131506
v 0.120721 -0.157326 0.125693
v 0.123030 -0.160336 0.116501
v 0.125369 -0.163384 0.111880
v 0.170903 -0.222725 0.111880
v 0.173241 -0.225773 0.116501
v 0.203912 -0.203912 0.125693
v 0.203912 -0.203912 0.131506
v 0.201228 -0.201228 0.140698
v 0.198513 -0.198513 0.145319
v 0.145622 -0.145622 0.145319
v 0.142906 -0.142906 0.140698
v 0.140223 -0.140223 0.131506
v 0.140223 -0.140223 0.125693
v 0.142906 -0.142906 0.116501
v 0.145622 -0.145622 0.111880
v 0.198513 -0.198513 0.111880
v 0.201228 -0.201228 0.116501
v 0.228783 -0.175551 0.125693
v 0.228783 -0.175551 0.131506
v 0.225772 -0.173241 0.140698
v 0.222725 -0.170903 0.145319
v 0.163383 -0.125369 0.145319
v 0.160336 -0.123030 0.140698
v 0.157326 -0.120721 0.131506
v 0.157326 -0.120721 0.125693
v 0.160336 -0.123030 0.116501
v 0.163383 -0.125369 0.111880
v 0.222725 -0.170903 0.111880
v 0.225772 -0.173241 0.116501
v 0.249740 -0.144187 0.125693
v 0.249740 -0.144187 0.131506
v 0.246454 -0.142290 0.140698
v 0.243127 -0.140370 0.145319
v 0.178350 -0.102970 0.145319
v 0.175023 -0.101050 0.140698
v 0.171737 -0.099153 0.131506
v 0.171737 -0.099153 0.125693
v 0.175023 -0.101050 0.116501
v 0.178350 -0.102970 0.111880
v 0.243127 -0.140370 0.111880
v 0.246454 -0.142290 0.116501
v 0.266423 -0.110356 0.125693
v 0.266423 -0.110356 0.131506
v 0.262918 -0.108904 0.140698
v 0.259369 -0.107434 0.145319
v 0.190264 -0.078810 0.145319
v 0.186716 -0.077340 0.140698
v 0.183210 -0.075888 0.131506
v 0.183210 -0.075888 0.125693
v 0.186716 -0.077340 0.116501
v 0.190264 -0.078810 0.111880
v 0.259369 -0.107434 0.111880
v 0.262918 -0.108904 0.116501
v 0.278548 -0.074637 0.125693
v 0.278548 -0.074637 0.131506
v 0.274883 -0.073655 0.140698
v 0.271173 -0.072661 0.145319
v 0.198923 -0.053301 0.145319
v 0.195213 -0.052307 0.140698
v 0.191548 -0.051325 0.131506
v 0.191548 -0.051325 0.125693
v 0.195213 -0.052307 0.116501
v 0.198923 -0.053301 0.111880
v 0.271173 -0.072661 0.111880
v 0.274883 -0.073655 0.116501
v 0.285907 -0.037640 0.125693
v 0.285907 -0.037640 0.131506
v 0.282145 -0.037145 0.140698
v 0.278337 -0.036644 0.145319
v 0.204179 -0.026881 0.145319
v 0.200371 -0.026379 0.140698
v 0.196609 -0.025884 0.131506
v 0.196609 -0.025884 0.125693
v 0.200371 -0.026379 0.116501
v 0.204179 -0.026881 0.111880
v 0.278337 -0.036644 0.111880
v 0.282145 -0.037145 0.116501
v 0.288374 -0.000000 0.125693
v 0.288374 -0.000000 0.131506
v 0.284580 -0.000000 0.140698
v 0.280739 -0.000000 0.145319
v 0.205940 0.000000 0.145319
v 0.202100 0.000000 0.140698
v 0.198305 -0.000000 0.131506
v 0.198305 -0.000000 0.125693
v 0.202100 0.000000 0.116501
v 0.205940 0.000000 0.111880
v 0.280739 -0.000000 0.111880
v 0.284580 -0.000000 0.116501
v 0.285907 0.037640 0.125693
v 0.285907 0.037640 0.131506
v 0.282145 0.037145 0.140698
v 0.278337 0.036644 0.145319
v 0.204179 0.026881 0.145319
v 0.200371 0.026379 0.140698
v 0.196609 0.025884 0.131506
v 0.196609 0.025884 0.125693
v 0.200371 0.026379 0.116501
v 0.204179 0.026881 0.111880
v 0.278337 0.036644 0.111880
v 0.282145 0.037145 0.116501
v 0.278548 0.074637 0.125693
v 0.278548 0.074637 0.131506
v 0.274883 0.073655 0.140698
v 0.271173 0.072661 0.145319
v 0.198923 0.053301 0.145319
v 0.195213 0.052307 0.140698
v 0.191548 0.051325 0.131506
v 0.191548 0.051325 0.125693
v 0.195213 0.052307 0.116501
v 0.198923 0.053301 0.111880
v 0.271173 0.072661 0.111880
v 0.274883 0.073655 0.116501
v 0.266423 0.110356 0.125693
v 0.266423 0.110356 0.131506
v 0.262918 0.108904 0.140698
v 0.259369 0.107434 0.145319
v 0.190264 0.078810 0.145319
v 0.186716 0.077340 0.140698
v 0.183210 0.075888 0.131506
v 0.183210 0.075888 0.125693
v 0.186716 0.077340 0.116501
v 0.190264 0.078810 0.111880
v 0.259369 0.107434 0.111880
v 0.262918 0.108904 0.116501
v 0.249740 0.144187 0.125693
v 0.249740 0.144187 0.131506
v 0.246454 0.142290 0.140698
v 0.243127 0.140370 0.145319
v 0.178350 0.102970 0.145319
v 0.175023 0.101050 0.140698
v 0.171737 0.099153 0.131506
v 0.171737 0.099153 0.125693
v 0.175023 0.101050 0.116501
v 0.178350 0.102970 0.111880
v 0.243127 0.140370 0.111880
v 0.246454 0.142290 0.116501
v 0.228783 0.175551 0.125693
v 0.228783 0.175551 0.131506
v 0.225772 0.173241 0.140698
v 0.222725 0.170903 0.145319
v 0.163383 0.125369 0.145319
v 0.160336 0.123030 0.140698
v 0.157326 0.120721 0.131506
v 0.157326 0.120721 0.125693
v 0.160336 0.123030 0.116501
v 0.163383 0.125369 0.111880
v 0.222725 0.170903 0.111880
v 0.225772 0.173241 0.116501
v 0.203911 0.203912 0.125693
v 0.203911 0.203912 0.131506
v 0.201228 0.201229 0.140698
v 0.198513 0.198513 0.145319
v 0.145622 0.145622 0.145319
v 0.142906 0.142906 0.140698
v 0.140223 0.140223 0.131506
v 0.140223 0.140223 0.125693
v 0.142906 0.142906 0.116501
v 0.145622 0.145622 0.111880
v 0.198513 0.198513 0.111880
v 0.201228 0.201229 0.116501
v 0.175551 0.228783 0.125693
v 0.175551 0.228783 0.131506
v 0.173241 0.225773 0.140698
v 0.170903 0.222725 0.145319
v 0.125369 0.163384 0.145319
v 0.123030 0.160336 0.140698
v 0.120721 0.157326 0.131506
v 0.120721 0.157326 0.125693
v 0.123030 0.160336 0.116501
v 0.125369 0.163384 0.111880
v 0.170903 0.222725 0.111880
v 0.173241 0.225773 0.116501
v 0.144187 0.249740 0.125693
v 0.144187 0.249740 0.131506
v 0.142290 0.246454 0.140698
v 0.140370 0.243127 0.145319
v 0.102970 0.178350 0.145319
v 0.101050 0.175023 0.140698
v 0.099153 0.171737 0.131506
v 0.099153 0.171737 0.125693
v 0.101050 0.175023 0.116501
v 0.102970 0.178350 0.111880
v 0.140370 0.243127 0.111880
v 0.142290 0.246454 0.116501
v 0.110356 0.266423 0.125693
v 0.110356 0.266423 0.131506
v 0.108904 0.262918 0.140698
v 0.107434 0.259369 0.145319
v 0.078810 0.190264 0.145319
v 0.077340 0.186716 0.140698
v 0.075888 0.183210 0.131506
v 0.075888 0.183210 0.125693
v 0.077340 0.186716 0.116501
v 0.078810 0.190264 0.111880
v 0.107434 0.259369 0.111880
v 0.108904 0.262918 0.116501
v 0.074637 0.278548 0.125693
v 0.074637 0.278548 0.131506
v 0.073655 0.274883 0.140698
v 0.072661 0.271173 0.145319
v 0.053301 0.198923 0.145319
v 0.052307 0.195213 0.140698
v 0.051325 0.191548 0.131506
v 0.051325 0.191548 0.125693
v 0.052307 0.195213 0.116501
v 0.053301 0.198923 0.111880
v 0.072661 0.271173 0.111880
v 0.073655 0.274883 0.116501
v 0.037640 0.285907 0.125693
v 0.037640 0.285907 0.131506
v 0.037145 0.282145 0.140698
v 0.036644 0.278337 0.145319
v 0.026881 0.204179 0.145319
v 0.026379 0.200371 0.140698
v 0.025884 0.196609 0.131506
v 0.025884 0.196609 0.125693
v 0.026379 0.200371 0.116501
v 0.026881 0.204179 0.111880
v 0.036644 0.278337 0.111880
v 0.037145 0.282145 0.116501
v 0.000000 0.288374 0.125693
v 0.000000 0.288374 0.131506
v 0.000000 0.284580 0.140698
v 0.000000 0.280739 0.145319
v -0.000000 0.205940 0.145319
v -0.000000 0.202100 0.140698
v -0.000000 0.198305 0.131506
v -0.000000 0.198305 0.125693
v -0.000000 0.202100 0.116501
v -0.000000 0.205940 0.111880
v 0.000000 0.280739 0.111880
v 0.000000 0.284580 0.116501
v -0.037640 0.285907 0.125693
v -0.037640 0.285907 0.131506
v -0.037145 0.282145 0.140698
v -0.036644 0.278337 0.145319
v -0.026881 0.204179 0.145319
v -0.026379 0.200371 0.140698
v -0.025884 0.196609 0.131506
v -0.025884 0.196609 0.125693
v -0.026379 0.200371 0.116501
v -0.026881 0.204179 0.111880
v -0.036644 0.278337 0.111880
v -0.037145 0.282145 0.116501
v -0.074637 0.278548 0.125693
v -0.074637 0.278548 0.131506
v -0.073655 0.274883 0.140698
v -0.072661 0.271173 0.145319
v -0.053301 0.198923 0.145319
v -0.052307 0.195213 0.140698
v -0.051325 0.191548 0.131506
v -0.051325 0.191548 0.125693
v -0.052307 0.195213 0.116501
v -0.053301 0.198923 0.111880
v -0.072661 0.271173 0.111880
v -0.073655 0.274883 0.116501
v -0.110356 0.266423 0.125693
v -0.110356 0.266423 0.131506
v -0.108904 0.262918 0.140698
v -0.107434 0.259369 0.145319
v -0.078810 0.190264 0.145319
v -0.077340 0.186716 0.140698
v -0.075888 0.183210 0.131506
v -0.075888 0.183210 0.125693
v -0.077340 0.186716 0.116501
v -0.078810 0.190264 0.111880
v -0.107434 0.259369 0.111880
v -0.108904 0.262918 0.116501
v -0.144187 0.249740 0.125693
v -0.144187 0.249740 0.131506
v -0.142290 0.246454 0.140698
v -0.140370 0.243127 0.145319
v -0.102970 0.178350 0.145319
v -0.101050 0.175023 0.140698
v -0.099153 0.171737 0.131506
v -0.099153 0.171737 0.125693
v -0.101050 0.175023 0.116501
v -0.102970 0.178350 0.111880
v -0.140370 0.243127 0.111880
v -0.142290 0.246454 0.116501
v -0.175551 0.228783 0.125693
v -0.175551 0.228783 0.131506
v -0.173241 0.225773 0.140698
v -0.170903 0.222725 0.145319
v -0.125369 0.163383 0.145319
v -0.123030 0.160336 0.140698
v -0.120721 0.157326 0.131506
v -0.120721 0.157326 0.125693
v -0.123030 0.160336 0.116501
v -0.125369 0.163383 0.111880
v -0.170903 0.222725 0.111880
v -0.173241 0.225773 0.116501
v -0.203912 0.203912 0.125693
v -0.203912 0.203912 0.131506
v -0.201228 0.201228 0.140698
v -0.198513 0.198513 0.145319
v -0.145622 0.145622 0.145319
v -0.142906 0.142906 0.140698
v -0.140223 0.140223 0.131506
v -0.140223 0.140223 0.125693
v -0.142906 0.142906 0.116501
v -0.145622 0.145622 0.111880
v -0.198513 0.198513 0.111880
v -0.201228 0.201228 0.116501
v -0.228783 0.175551 0.125693
v -0.228783 0.175551 0.131506
v -0.225772 0.173241 0.140698
v -0.222725 0.170903 0.145319
v -0.163383 0.125369 0.145319
v -0.160336 0.123031 0.140698
v -0.157326 0.120721 0.131506
v -0.157326 0.120721 0.125693
v -0.160336 0.123031 0.116501
v -0.163383 0.125369 0.111880
v -0.222725 0.170903 0.111880
v -0.225772 0.173241 0.116501
v -0.249740 0.144187 0.125693
v -0.249740 0.144187 0.131506
v -0.246454 0.142290 0.140698
v -0.243127 0.140370 0.145319
v -0.178350 0.102970 0.145319
v -0.175023 0.101050 0.140698
v -0.171737 0.099153 0.131506
v -0.171737 0.099153 0.125693
v -0.175023 0.101050 0.116501
v -0.178350 0.102970 0.111880
v -0.243127 0.140370 0.111880
v -0.246454 0.142290 0.116501
v -0.266423 0.110356 0.125693
v -0.266423 0.110356 0.131506
v -0.262918 0.108904 0.140698
v -0.259369 0.107434 0.145319
v -0.190264 0.078810 0.145319
v -0.186716 0.077340 0.140698
v -0.183210 0.075888 0.131506
v -0.183210 0.075888 0.125693
v -0.186716 0.077340 0.116501
v -0.190264 0.078810 0.111880
v -0.259369 0.107434 0.111880
v -0.262918 0.108904 0.116501
v -0.278548 0.074637 0.125693
v -0.278548 0.074637 0.131506
v -0.274883 0.073655 0.140698
v -0.271173 0.072661 0.145319
v -0.198923 0.053301 0.145319
v -0.195213 0.052307 0.140698
v -0.191548 0.051325 0.131506
v -0.191548 0.051325 0.125693
v -0.195213 0.052307 0.116501
v -0.198923 0.053301 0.111880
v -0.271173 0.072661 0.111880
v -0.274883 0.073655 0.116501
v -0.285907 0.037641 0.125693
v -0.285907 0.037641 0.131506
v -0.282145 0.037145 0.140698
v -0.278337 0.036644 0.145319
v -0.204179 0.026881 0.145319
v -0.200371 0.026379 0.140698
v -0.196609 0.025884 0.131506
v -0.196609 0.025884 0.125693
v -0.200371 0.026379 0.116501
v -0.204179 0.026881 0.111880
v -0.278337 0.036644 0.111880
v -0.282145 0.037145 0.116501
v -0.288374 -0.000000 0.125693
v -0.288374 -0.000000 0.131506
v -0.284580 -0.000000 0.140698
v -0.280739 -0.000000 0.145319
v -0.205940 -0.000000 0.145319
v -0.202100 -0.000000 0.140698
v -0.198305 -0.000000 0.131506
v -0.198305 -0.000000 0.125693
v -0.202100 -0.000000 0.116501
v -0.205940 -0.000000 0.111880
v -0.280739 -0.000000 0.111880
v -0.284580 -0.000000 0.116501
v -0.285907 -0.037640 0.125693
v -0.285907 -0.037640 0.131506
v -0.282145 -0.037145 0.140698
v -0.278337 -0.036644 0.145319
v -0.204179 -0.026881 0.145319
v -0.200371 -0.026379 0.140698
v -0.196609 -0.025884 0.131506
v -0.196609 -0.025884 0.125693
v -0.200371 -0.026379 0.116501
v -0.204179 -0.026881 0.111880
v -0.278337 -0.036644 0.111880
v -0.282145 -0.037145 0.116501
v -0.278548 -0.074637 0.125693
v -0.278548 -0.074637 0.131506
v -0.274883 -0.073655 0.140698
v -0.271173 -0.072661 0.145319
v -0.198923 -0.053301 0.145319
v -0.195213 -0.052307 0.140698
v -0.191548 -0.051325 0.131506
v -0.191548 -0.051325 0.125693
v -0.195213 -0.052307 0.116501
v -0.198923 -0.053301 0.111880
v -0.271173 -0.072661 0.111880
v -0.274883 -0.073655 0.116501
v -0.266423 -0.110356 0.125693
v -0.266423 -0.110356 0.131506
v -0.262918 -0.108904 0.140698
v -0.259369 -0.107434 0.145319
v -0.190264 -0.078810 0.145319
v -0.186716 -0.077340 0.140698
v -0.183210 -0.075888 0.131506
v -0.183210 -0.075888 0.125693
v -0.186716 -0.077340 0.116501
v -0.190264 -0.078810 0.111880
v -0.259369 -0.107434 0.111880
v -0.262918 -0.108904 0.116501
v -0.249740 -0.144187 0.125693
v -0.249740 -0.144187 0.131506
v -0.246454 -0.142290 0.140698
v -0.243127 -0.140370 0.145319
v -0.178350 -0.102970 0.145319
v -0.175023 -0.101050 0.140698
v -0.171737 -0.099153 0.131506
v -0.171737 -0.099153 0.125693
v -0.175023 -0.101050 0.116501
v -0.178350 -0.102970 0.111880
v -0.243127 -0.140370 0.111880
v -0.246454 -0.142290 0.116501
v -0.228783 -0.175551 0.125693
v -0.228783 -0.175551 0.131506
v -0.225773 -0.173241 0.140698
v -0.222725 -0.170903 0.145319
v -0.163384 -0.125369 0.145319
v -0.160336 -0.123030 0.140698
v -0.157326 -0.120720 0.131506
v -0.157326 -0.120720 0.125693
v -0.160336 -0.123030 0.116501
v -0.163384 -0.125369 0.111880
v -0.222725 -0.170903 0.111880
v -0.225773 -0.173241 0.116501
v -0.203912 -0.203911 0.125693
v -0.203912 -0.203911 0.131506
v -0.201229 -0.201228 0.140698
v -0.198513 -0.198513 0.145319
v -0.145622 -0.145622 0.145319
v -0.142906 -0.142906 0.140698
v -0.140223 -0.140223 0.131506
v -0.140223 -0.140223 0.125693
v -0.142906 -0.142906 0.116501
v -0.145622 -0.145622 0.111880
v -0.198513 -0.198513 0.111880
v -0.201229 -0.201228 0.116501
v -0.175551 -0.228783 0.125693
v -0.175551 -0.228783 0.131506
v -0.173241 -0.225773 0.140698
v -0.170903 -0.222725 0.145319
v -0.125369 -0.163384 0.145319
v -0.123030 -0.160336 0.140698
v -0.120721 -0.157326 0.131506
v -0.120721 -0.157326 0.125693
v -0.123030 -0.160336 0.116501
v -0.125369 -0.163384 0.111880
v -0.170903 -0.222725 0.111880
v -0.173241 -0.225773 0.116501
v -0.144187 -0.249740 0.125693
v -0.144187 -0.249740 0.131506
v -0.142290 -0.246453 0.140698
v -0.140370 -0.243127 0.145319
v -0.102970 -0.178350 0.145319
v -0.101050 -0.175023 0.140698
v -0.099153 -0.171737 0.131506
v -0.099153 -0.171737 0.125693
v -0.101050 -0.175023 0.116501
v -0.102970 -0.178350 0.111880
v -0.140370 -0.243127 0.111880
v -0.142290 -0.246453 0.116501
v -0.110356 -0.266423 0.125693
v -0.110356 -0.266423 0.131506
v -0.108904 -0.262918 0.140698
v -0.107434 -0.259369 0.145319
v -0.078810 -0.190264 0.145319
v -0.077340 -0.186716 0.140698
v -0.075888 -0.183210 0.131506
v -0.075888 -0.183210 0.125693
v -0.077340 -0.186716 0.116501
v -0.078810 -0.190264 0.111880
v -0.107434 -0.259369 0.111880
v -0.108904 -0.262918 0.116501
v -0.074637 -0.278548 0.125693
v -0.074637 -0.278548 0.131506
v -0.073655 -0.274883 0.140698
v -0.072661 -0.271173 0.145319
v -0.053301 -0.198923 0.145319
v -0.052307 -0.195213 0.140698
v -0.051325 -0.191548 0.131506
v -0.051325 -0.191548 0.125693
v -0.052307 -0.195213 0.116501
v -0.053301 -0.198923 0.111880
v -0.072661 -0.271173 0.111880
v -0.073655 -0.274883 0.116501
v -0.037640 -0.285907 0.125693
v -0.037640 -0.285907 0.131506
v -0.037145 -0.282145 0.140698
v -0.036644 -0.278337 0.145319
v -0.026881 -0.204179 0.145319
v -0.026379 -0.200371 0.140698
v -0.025884 -0.196609 0.131506
v -0.025884 -0.196609 0.125693
v -0.026379 -0.200371 0.116501
v -0.026881 -0.204179 0.111880
v -0.036644 -0.278337 0.111880
v -0.037145 -0.282145 0.116501
v 0.028641 -0.005697 0.206144
v 0.031740 -0.006313 0.203000
v 0.032361 0.000000 0.203000
v 0.029203 0.000000 0.206144
v 0.026980 -0.011175 0.206144
v 0.029898 -0.012384 0.203000
v 0.024281 -0.016224 0.206144
v 0.026908 -0.017979 0.203000
v 0.020649 -0.020649 0.206144
v 0.022883 -0.022883 0.203000
v 0.016224 -0.024281 0.206144
v 0.017979 -0.026908 0.203000
v 0.011175 -0.026980 0.206144
v 0.012384 -0.029898 0.203000
v 0.005697 -0.028641 0.206144
v 0.006313 -0.031740 0.203000
v -0.000000 -0.029203 0.206144
v -0.000000 -0.032361 0.203000
v -0.005697 -0.028641 0.206144
v -0.006313 -0.031740 0.203000
v -0.011175 -0.026980 0.206144
v -0.012384 -0.029898 0.203000
v -0.016224 -0.024281 0.206144
v -0.017979 -0.026908 0.203000
v -0.020649 -0.020649 0.206144
v -0.022883 -0.022883 0.203000
v -0.024281 -0.016224 0.206144
v -0.026908 -0.017979 0.203000
v -0.026980 -0.011175 0.206144
v -0.029898 -0.012384 0.203000
v -0.028641 -0.005697 0.206144
v -0.031740 -0.006313 0.203000
v -0.029203 -0.000000 0.206144
v -0.032361 -0.000000 0.203000
v -0.028641 0.005697 0.206144
v -0.031740 0.006313 0.203000
v -0.026980 0.011175 0.206144
v -0.029898 0.012384 0.203000
v -0.024281 0.016224 0.206144
v -0.026908 0.017979 0.203000
v -0.020649 0.020649 0.206144
v -0.022883 0.022883 0.203000
v -0.016224 0.024281 0.206144
v -0.017979 0.026908 0.203000
v -0.011175 0.026980 0.206144
v -0.012384 0.029898 0.203000
v -0.005697 0.028641 0.206144
v -0.006313 0.031740 0.203000
v -0.000000 0.029203 0.206144
v -0.000000 0.032361 0.203000
v 0.005697 0.028641 0.206144
v 0.006313 0.031740 0.203000
v 0.011175 0.026980 0.206144
v 0.012384 0.029898 0.203000
v 0.016224 0.024281 0.206144
v 0.017979 0.026908 0.203000
v 0.020649 0.020649 0.206144
v 0.022883 0.022883 0.203000
v 0.024281 0.016224 0.206144
v 0.026908 0.017979 0.203000
v 0.026980 0.011175 0.206144
v 0.029898 0.012384 0.203000
v 0.028641 0.005697 0.206144
v 0.031740 0.006313 0.203000
vn -0.0000 -0.0000 1.0000
vn -0.0013 -0.0000 -1.0000
vn -0.0013 0.0003 -1.0000
vn -0.0012 0.0005 -1.0000
vn -0.0011 0.0007 -1.0000
vn -0.0009 0.0009 -1.0000
vn -0.0007 0.0011 -1.0000
vn -0.0005 0.0012 -1.0000
vn -0.0003 0.0013 -1.0000
vn -0.0000 0.0013 -1.0000
vn 0.0003 0.0013 -1.0000
vn 0.0005 0.0012 -1.0000
vn 0.0007 0.0011 -1.0000
vn 0.0009 0.0009 -1.0000
vn 0.0011 0.0007 -1.0000
vn 0.0012 0.0005 -1.0000
vn 0.0013 0.0003 -1.0000
vn 0.0013 -0.0000 -1.0000
vn 0.0013 -0.0003 -1.0000
vn 0.0012 -0.0005 -1.0000
vn 0.0011 -0.0007 -1.0000
vn 0.0009 -0.0009 -1.0000
vn 0.0007 -0.0011 -1.0000
vn 0.0005 -0.0012 -1.0000
vn 0.0003 -0.0013 -1.0000
vn -0.0000 -0.0013 -1.0000
vn -0.0003 -0.0013 -1.0000
vn -0.0005 -0.0012 -1.0000
vn -0.0007 -0.0011 -1.0000
vn -0.0009 -0.0009 -1.0000
vn -0.0011 -0.0007 -1.0000
vn -0.0012 -0.0005 -1.0000
vn -0.0013 -0.0003 -1.0000
vn -0.0000 -0.3415 0.9399
vn 0.0446 -0.3386 0.9399
vn 0.0011 -0.0082 1.0000
vn -0.0000 -0.0083 1.0000
vn -0.0000 -0.0082 1.0000
vn -0.0427 0.3242 0.9450
vn -0.0000 0.3270 0.9450
vn -0.0000 0.3270 -0.9450
vn -0.0427 0.3242 -0.9450
vn 0.0011 -0.0082 -1.0000
vn -0.0000 -0.0082 -1.0000
vn -0.0000 -0.0083 -1.0000
vn 0.0446 -0.3386 -0.9399
vn -0.0000 -0.3415 -0.9399
vn 0.0884 -0.3299 0.9399
vn 0.0021 -0.0080 1.0000
vn 0.0021 -0.0079 1.0000
vn -0.0846 0.3159 0.9450
vn -0.0846 0.3159 -0.9450
vn 0.0021 -0.0079 -1.0000
vn 0.0021 -0.0080 -1.0000
vn 0.0884 -0.3299 -0.9399
vn 0.1307 -0.3155 0.9399
vn 0.0032 -0.0077 1.0000
vn 0.0022 -0.0080 1.0000
vn 0.0031 -0.0076 1.0000
vn -0.1251 0.3021 0.9450
vn -0.0847 0.3159 -0.9450
vn -0.1251 0.3021 -0.9450
vn 0.0032 -0.0076 -1.0000
vn 0.0022 -0.0080 -1.0000
vn 0.0032 -0.0077 -1.0000
vn 0.1307 -0.3155 -0.9399
vn 0.1707 -0.2957 0.9399
vn 0.0041 -0.0072 1.0000
vn 0.0041 -0.0071 1.0000
vn -0.1635 0.2832 0.9450
vn -0.1252 0.3021 -0.9450
vn -0.1635 0.2832 -0.9450
vn 0.0041 -0.0071 -1.0000
vn 0.0041 -0.0072 -1.0000
vn 0.1707 -0.2957 -0.9399
vn 0.1708 -0.2957 0.9399
vn 0.2079 -0.2709 0.9399
vn 0.0051 -0.0066 1.0000
vn 0.0042 -0.0072 1.0000
vn 0.0050 -0.0065 1.0000
vn -0.1991 0.2594 0.9450
vn -0.1991 0.2594 -0.9450
vn 0.0050 -0.0065 -1.0000
vn 0.0042 -0.0072 -1.0000
vn 0.0050 -0.0066 -1.0000
vn 0.2079 -0.2709 -0.9399
vn 0.2415 -0.2415 0.9399
vn 0.0059 -0.0059 1.0000
vn 0.0058 -0.0058 1.0000
vn -0.2312 0.2312 0.9450
vn -0.2312 0.2312 -0.9450
vn 0.0058 -0.0058 -1.0000
vn 0.0051 -0.0066 -1.0000
vn 0.0059 -0.0059 -1.0000
vn 0.2415 -0.2415 -0.9399
vn 0.2709 -0.2079 0.9399
vn 0.0066 -0.0051 1.0000
vn 0.0065 -0.0050 1.0000
vn -0.2594 0.1991 0.9450
vn -0.2594 0.1991 -0.9450
vn 0.0065 -0.0050 -1.0000
vn 0.0066 -0.0051 -1.0000
vn 0.2709 -0.2079 -0.9399
vn 0.2957 -0.1707 0.9399
vn 0.0072 -0.0042 1.0000
vn 0.0066 -0.0050 1.0000
vn 0.0071 -0.0041 1.0000
vn -0.2832 0.1635 0.9450
vn -0.2832 0.1635 -0.9450
vn 0.0071 -0.0041 -1.0000
vn 0.0072 -0.0042 -1.0000
vn 0.2957 -0.1708 -0.9399
vn 0.3155 -0.1307 0.9399
vn 0.0077 -0.0032 1.0000
vn 0.0072 -0.0041 1.0000
vn 0.0076 -0.0032 1.0000
vn -0.3021 0.1252 0.9450
vn -0.3021 0.1251 -0.9450
vn 0.0076 -0.0031 -1.0000
vn 0.0072 -0.0041 -1.0000
vn 0.0077 -0.0032 -1.0000
vn 0.3155 -0.1307 -0.9399
vn 0.2957 -0.1707 -0.9399
vn 0.3299 -0.0884 0.9399
vn 0.0080 -0.0022 1.0000
vn 0.0079 -0.0021 1.0000
vn -0.3159 0.0847 0.9450
vn -0.3021 0.1251 0.9450
vn -0.3159 0.0846 -0.9450
vn 0.0079 -0.0021 -1.0000
vn 0.0080 -0.0022 -1.0000
vn 0.3299 -0.0884 -0.9399
vn 0.3386 -0.0446 0.9399
vn 0.0082 -0.0011 1.0000
vn 0.0080 -0.0021 1.0000
vn -0.3242 0.0427 0.9450
vn -0.3159 0.0846 0.9450
vn -0.3242 0.0427 -0.9450
vn 0.0082 -0.0011 -1.0000
vn 0.0080 -0.0021 -1.0000
vn 0.3386 -0.0446 -0.9399
vn 0.3415 -0.0000 0.9399
vn 0.0083 -0.0000 1.0000
vn 0.0082 -0.0000 1.0000
vn -0.3270 -0.0000 0.9450
vn -0.3270 -0.0000 -0.9450
vn 0.0082 -0.0000 -1.0000
vn 0.0083 -0.0000 -1.0000
vn 0.3415 -0.0000 -0.9399
vn 0.3386 0.0446 0.9399
vn 0.0082 0.0011 1.0000
vn -0.3242 -0.0427 0.9450
vn -0.3242 -0.0427 -0.9450
vn 0.0082 0.0011 -1.0000
vn 0.3386 0.0446 -0.9399
vn 0.3299 0.0884 0.9399
vn 0.0080 0.0021 1.0000
vn 0.0079 0.0021 1.0000
vn -0.3159 -0.0846 0.9450
vn -0.3159 -0.0846 -0.9450
vn 0.0079 0.0021 -1.0000
vn 0.0080 0.0021 -1.0000
vn 0.3299 0.0884 -0.9399
vn 0.3155 0.1307 0.9399
vn 0.0077 0.0032 1.0000
vn 0.0080 0.0022 1.0000
vn 0.0076 0.0031 1.0000
vn -0.3021 -0.1251 0.9450
vn -0.3159 -0.0847 -0.9450
vn -0.3021 -0.1251 -0.9450
vn 0.0076 0.0032 -1.0000
vn 0.0080 0.0022 -1.0000
vn 0.0077 0.0032 -1.0000
vn 0.3155 0.1307 -0.9399
vn 0.2957 0.1707 0.9399
vn 0.0072 0.0041 1.0000
vn 0.0071 0.0041 1.0000
vn -0.2832 -0.1635 0.9450
vn -0.3021 -0.1252 -0.9450
vn -0.2832 -0.1635 -0.9450
vn 0.0071 0.0041 -1.0000
vn 0.0072 0.0041 -1.0000
vn 0.2957 0.1707 -0.9399
vn 0.2957 0.1708 0.9399
vn 0.2709 0.2079 0.9399
vn 0.0066 0.0051 1.0000
vn 0.0072 0.0042 1.0000
vn 0.0065 0.0050 1.0000
vn -0.2594 -0.1991 0.9450
vn -0.2594 -0.1991 -0.9450
vn 0.0065 0.0050 -1.0000
vn 0.0072 0.0042 -1.0000
vn 0.0066 0.0050 -1.0000
vn 0.2709 0.2079 -0.9399
vn 0.2415 0.2415 0.9399
vn 0.0059 0.0059 1.0000
vn 0.0058 0.0058 1.0000
vn -0.2312 -0.2312 0.9450
vn -0.2312 -0.2312 -0.9450
vn 0.0058 0.0058 -1.0000
vn 0.0066 0.0051 -1.0000
vn 0.0059 0.0059 -1.0000
vn 0.2415 0.2415 -0.9399
vn 0.2079 0.2709 0.9399
vn 0.0051 0.0066 1.0000
vn 0.0050 0.0065 1.0000
vn -0.1991 -0.2594 0.9450
vn -0.1991 -0.2594 -0.9450
vn 0.0050 0.0065 -1.0000
vn 0.0051 0.0066 -1.0000
vn 0.2079 0.2709 -0.9399
vn 0.1707 0.2957 0.9399
vn 0.0042 0.0072 1.0000
vn 0.0050 0.0066 1.0000
vn 0.0041 0.0071 1.0000
vn -0.1635 -0.2832 0.9450
vn -0.1635 -0.2832 -0.9450
vn 0.0041 0.0071 -1.0000
vn 0.0042 0.0072 -1.0000
vn 0.1707 0.2957 -0.9399
vn 0.1307 0.3155 0.9399
vn 0.0032 0.0077 1.0000
vn 0.0041 0.0072 1.0000
vn 0.0032 0.0076 1.0000
vn -0.1252 -0.3021 0.9450
vn -0.1251 -0.3021 -0.9450
vn 0.0031 0.0076 -1.0000
vn 0.0041 0.0072 -1.0000
vn 0.0032 0.0077 -1.0000
vn 0.1307 0.3155 -0.9399
vn 0.0884 0.3299 0.9399
vn 0.0022 0.0080 1.0000
vn 0.0021 0.0079 1.0000
vn -0.0847 -0.3159 0.9450
vn -0.1251 -0.3021 0.9450
vn -0.0846 -0.3159 -0.9450
vn 0.0021 0.0079 -1.0000
vn 0.0022 0.0080 -1.0000
vn 0.0884 0.3299 -0.9399
vn 0.0446 0.3386 0.9399
vn 0.0011 0.0082 1.0000
vn 0.0021 0.0080 1.0000
vn -0.0427 -0.3242 0.9450
vn -0.0846 -0.3159 0.9450
vn -0.0427 -0.3242 -0.9450
vn 0.0011 0.0082 -1.0000
vn 0.0021 0.0080 -1.0000
vn 0.0446 0.3386 -0.9399
vn -0.0000 0.3415 0.9399
vn -0.0000 0.0083 1.0000
vn -0.0000 0.0082 1.0000
vn -0.0000 -0.3270 0.9450
vn -0.0000 -0.3270 -0.9450
vn -0.0000 0.0082 -1.0000
vn -0.0000 0.0083 -1.0000
vn -0.0000 0.3415 -0.9399
vn -0.0446 0.3386 0.9399
vn -0.0011 0.0082 1.0000
vn 0.0427 -0.3242 0.9450
vn 0.0427 -0.3242 -0.9450
vn -0.0011 0.0082 -1.0000
vn -0.0446 0.3386 -0.9399
vn -0.0884 0.3299 0.9399
vn -0.0021 0.0080 1.0000
vn -0.0021 0.0079 1.0000
vn 0.0846 -0.3159 0.9450
vn 0.0846 -0.3159 -0.9450
vn -0.0021 0.0079 -1.0000
vn -0.0021 0.0080 -1.0000
vn -0.0884 0.3299 -0.9399
vn -0.1307 0.3155 0.9399
vn -0.0032 0.0077 1.0000
vn -0.0022 0.0080 1.0000
vn -0.0031 0.0076 1.0000
vn 0.1251 -0.3021 0.9450
vn 0.0847 -0.3159 -0.9450
vn 0.1251 -0.3021 -0.9450
vn -0.0032 0.0076 -1.0000
vn -0.0022 0.0080 -1.0000
vn -0.0032 0.0077 -1.0000
vn -0.1307 0.3155 -0.9399
vn -0.1707 0.2957 0.9399
vn -0.0041 0.0072 1.0000
vn -0.0041 0.0071 1.0000
vn 0.1635 -0.2832 0.9450
vn 0.1252 -0.3021 -0.9450
vn 0.1635 -0.2832 -0.9450
vn -0.0041 0.0071 -1.0000
vn -0.0041 0.0072 -1.0000
vn -0.1707 0.2957 -0.9399
vn -0.2079 0.2709 0.9399
vn -0.0050 0.0066 1.0000
vn -0.0042 0.0072 1.0000
vn -0.0050 0.0065 1.0000
vn 0.1991 -0.2594 0.9450
vn 0.1991 -0.2594 -0.9450
vn -0.0050 0.0065 -1.0000
vn -0.0042 0.0072 -1.0000
vn -0.0050 0.0066 -1.0000
vn -0.2079 0.2709 -0.9399
vn -0.2415 0.2415 0.9399
vn -0.0059 0.0059 1.0000
vn -0.0051 0.0066 1.0000
vn -0.0058 0.0058 1.0000
vn 0.2312 -0.2312 0.9450
vn 0.2312 -0.2312 -0.9450
vn -0.0058 0.0058 -1.0000
vn -0.0051 0.0066 -1.0000
vn -0.0059 0.0059 -1.0000
vn -0.2415 0.2415 -0.9399
vn -0.2709 0.2079 0.9399
vn -0.0066 0.0051 1.0000
vn -0.0065 0.0050 1.0000
vn 0.2594 -0.1991 0.9450
vn 0.2594 -0.1991 -0.9450
vn -0.0065 0.0050 -1.0000
vn -0.0066 0.0051 -1.0000
vn -0.2709 0.2079 -0.9399
vn -0.2957 0.1707 0.9399
vn -0.0072 0.0042 1.0000
vn -0.0066 0.0050 1.0000
vn -0.0071 0.0041 1.0000
vn 0.2832 -0.1635 0.9450
vn 0.2832 -0.1635 -0.9450
vn -0.0071 0.0041 -1.0000
vn -0.0072 0.0042 -1.0000
vn -0.2957 0.1708 -0.9399
vn -0.3155 0.1307 0.9399
vn -0.0077 0.0032 1.0000
vn -0.0072 0.0041 1.0000
vn -0.0076 0.0032 1.0000
vn 0.3021 -0.1252 0.9450
vn 0.3021 -0.1251 -0.9450
vn -0.0076 0.0031 -1.0000
vn -0.0072 0.0041 -1.0000
vn -0.0077 0.0032 -1.0000
vn -0.3155 0.1307 -0.9399
vn -0.2957 0.1707 -0.9399
vn -0.3299 0.0884 0.9399
vn -0.0080 0.0022 1.0000
vn -0.0079 0.0021 1.0000
vn 0.3159 -0.0847 0.9450
vn 0.3021 -0.1251 0.9450
vn 0.3159 -0.0846 -0.9450
vn -0.0079 0.0021 -1.0000
vn -0.0080 0.0022 -1.0000
vn -0.3299 0.0884 -0.9399
vn -0.3386 0.0446 0.9399
vn -0.0082 0.0011 1.0000
vn -0.0080 0.0021 1.0000
vn 0.3242 -0.0427 0.9450
vn 0.3159 -0.0846 0.9450
vn 0.3242 -0.0427 -0.9450
vn -0.0082 0.0011 -1.0000
vn -0.0080 0.0021 -1.0000
vn -0.3386 0.0446 -0.9399
vn -0.3415 -0.0000 0.9399
vn -0.0083 -0.0000 1.0000
vn -0.0082 -0.0000 1.0000
vn 0.3270 -0.0000 0.9450
vn 0.3270 -0.0000 -0.9450
vn -0.0082 -0.0000 -1.0000
vn -0.0083 -0.0000 -1.0000
vn -0.3415 -0.0000 -0.9399
vn -0.3386 -0.0446 0.9399
vn -0.0082 -0.0011 1.0000
vn 0.3242 0.0427 0.9450
vn 0.3242 0.0427 -0.9450
vn -0.0082 -0.0011 -1.0000
vn -0.3386 -0.0446 -0.9399
vn -0.3299 -0.0884 0.9399
vn -0.0080 -0.0021 1.0000
vn -0.0079 -0.0021 1.0000
vn 0.3159 0.0846 0.9450
vn 0.3159 0.0846 -0.9450
vn -0.0079 -0.0021 -1.0000
vn -0.0080 -0.0021 -1.0000
vn -0.3299 -0.0884 -0.9399
vn -0.3155 -0.1307 0.9399
vn -0.0077 -0.0032 1.0000
vn -0.0080 -0.0022 1.0000
vn -0.0076 -0.0031 1.0000
vn 0.3021 0.1251 0.9450
vn 0.3159 0.0847 -0.9450
vn 0.3021 0.1251 -0.9450
vn -0.0076 -0.0032 -1.0000
vn -0.0080 -0.0022 -1.0000
vn -0.0077 -0.0032 -1.0000
vn -0.3155 -0.1307 -0.9399
vn -0.2957 -0.1707 0.9399
vn -0.0072 -0.0041 1.0000
vn -0.0071 -0.0041 1.0000
vn 0.2832 0.1635 0.9450
vn 0.3021 0.1252 -0.9450
vn 0.2832 0.1635 -0.9450
vn -0.0071 -0.0041 -1.0000
vn -0.0072 -0.0041 -1.0000
vn -0.2957 -0.1707 -0.9399
vn -0.2709 -0.2079 0.9399
vn -0.0066 -0.0050 1.0000
vn -0.0072 -0.0042 1.0000
vn -0.0065 -0.0050 1.0000
vn 0.2594 0.1991 0.9450
vn 0.2594 0.1991 -0.9450
vn -0.0065 -0.0050 -1.0000
vn -0.0072 -0.0042 -1.0000
vn -0.0066 -0.0050 -1.0000
vn -0.2709 -0.2079 -0.9399
vn -0.2415 -0.2415 0.9399
vn -0.0059 -0.0059 1.0000
vn -0.0066 -0.0051 1.0000
vn -0.0058 -0.0058 1.0000
vn 0.2312 0.2312 0.9450
vn 0.2312 0.2312 -0.9450
vn -0.0058 -0.0058 -1.0000
vn -0.0066 -0.0051 -1.0000
vn -0.0059 -0.0059 -1.0000
vn -0.2415 -0.2415 -0.9399
vn -0.2079 -0.2709 0.9399
vn -0.0051 -0.0066 1.0000
vn -0.0050 -0.0065 1.0000
vn 0.1991 0.2594 0.9450
vn 0.1991 0.2594 -0.9450
vn -0.0050 -0.0065 -1.0000
vn -0.0051 -0.0066 -1.0000
vn -0.2079 -0.2709 -0.9399
vn -0.1707 -0.2957 0.9399
vn -0.0042 -0.0072 1.0000
vn -0.0050 -0.0066 1.0000
vn -0.0041 -0.0071 1.0000
vn 0.1635 0.2832 0.9450
vn 0.1635 0.2832 -0.9450
vn -0.0041 -0.0071 -1.0000
vn -0.0042 -0.0072 -1.0000
vn -0.1708 -0.2957 -0.9399
vn -0.1307 -0.3155 0.9399
vn -0.0032 -0.0077 1.0000
vn -0.0041 -0.0072 1.0000
vn -0.0032 -0.0076 1.0000
vn 0.1252 0.3021 0.9450
vn 0.1251 0.3021 -0.9450
vn -0.0031 -0.0076 -1.0000
vn -0.0041 -0.0072 -1.0000
vn -0.0032 -0.0077 -1.0000
vn -0.1307 -0.3155 -0.9399
vn -0.1707 -0.2957 -0.9399
vn -0.0884 -0.3299 0.9399
vn -0.0022 -0.0080 1.0000
vn -0.0021 -0.0079 1.0000
vn 0.0847 0.3159 0.9450
vn 0.1251 0.3021 0.9450
vn 0.0846 0.3159 -0.9450
vn -0.0021 -0.0079 -1.0000
vn -0.0022 -0.0080 -1.0000
vn -0.0884 -0.3299 -0.9399
vn -0.0446 -0.3386 0.9399
vn -0.0011 -0.0082 1.0000
vn -0.0021 -0.0080 1.0000
vn 0.0427 0.3242 0.9450
vn 0.0846 0.3159 0.9450
vn 0.0427 0.3242 -0.9450
vn -0.0011 -0.0082 -1.0000
vn -0.0021 -0.0080 -1.0000
vn -0.0446 -0.3386 -0.9399
vn -0.1128 0.0783 -0.9905
vn -0.9444 0.1401 -0.2974
vn -0.1724 0.9752 -0.1387
vn -0.9444 0.1401 0.2974
vn -0.1127 0.0784 0.9905
vn -0.1724 0.9752 0.1387
vn -0.0711 0.0768 -0.9945
vn -0.1332 0.9817 -0.1361
vn 0.9952 0.0476 -0.0854
vn -0.0711 0.0768 0.9945
vn 0.9952 0.0476 0.0854
vn -0.1332 0.9817 0.1361
vn -0.1127 -0.0784 -0.9905
vn -0.1724 -0.9752 -0.1387
vn -0.9444 -0.1401 -0.2974
vn -0.1128 -0.0783 0.9905
vn -0.9444 -0.1401 0.2974
vn -0.1724 -0.9752 0.1387
vn -0.0711 -0.0768 -0.9945
vn 0.9952 -0.0476 -0.0854
vn -0.1332 -0.9817 -0.1361
vn -0.0711 -0.0768 0.9945
vn -0.1332 -0.9817 0.1361
vn 0.9952 -0.0476 0.0854
vn -0.1160 -0.0734 -0.9905
vn -0.4964 -0.8155 -0.2974
vn -0.9655 0.2206 -0.1387
vn -0.4964 -0.8155 0.2974
vn -0.1161 -0.0734 0.9905
vn -0.9655 0.2206 0.1387
vn -0.0984 -0.0356 -0.9945
vn -0.9562 0.2591 -0.1361
vn 0.3433 0.9353 -0.0854
vn -0.0984 -0.0356 0.9945
vn 0.3433 0.9353 0.0854
vn -0.9562 0.2591 0.1361
vn 0.0284 -0.1344 -0.9905
vn 0.8314 -0.5382 -0.1387
vn -0.2383 -0.9245 -0.2974
vn 0.0283 -0.1344 0.9905
vn -0.2383 -0.9245 0.2974
vn 0.8314 -0.5382 0.1387
vn 0.0431 -0.0954 -0.9945
vn 0.4310 0.8983 -0.0854
vn 0.8525 -0.5046 -0.1361
vn 0.0431 -0.0954 0.9945
vn 0.8525 -0.5046 0.1361
vn 0.4310 0.8983 0.0854
vn 0.0326 0.1334 -0.9905
vn -0.2081 0.9318 -0.2974
vn 0.8484 0.5108 -0.1387
vn -0.2081 0.9318 0.2974
vn 0.0327 0.1334 0.9905
vn 0.8484 0.5108 0.1387
vn 0.0462 0.0939 -0.9945
vn 0.8685 0.4766 -0.1361
vn 0.4015 -0.9119 -0.0854
vn 0.0462 0.0939 0.9945
vn 0.4015 -0.9119 0.0854
vn 0.8685 0.4766 0.1361
vn -0.1136 0.0771 -0.9905
vn -0.9721 -0.1890 -0.1387
vn -0.4696 0.8313 -0.2974
vn -0.1136 0.0772 0.9905
vn -0.4696 0.8313 0.2975
vn -0.9721 -0.1890 0.1387
vn -0.0972 0.0388 -0.9945
vn 0.3127 -0.9460 -0.0854
vn -0.9641 -0.2279 -0.1361
vn -0.0972 0.0388 0.9945
vn -0.9641 -0.2279 0.1361
vn 0.3127 -0.9460 0.0854
vn 0.1370 0.0094 -0.9905
vn 0.8246 0.4811 -0.2975
vn 0.7442 -0.6534 -0.1387
vn 0.8247 0.4811 0.2974
vn 0.1370 0.0093 0.9905
vn 0.7442 -0.6534 0.1387
vn 0.1035 -0.0155 -0.9945
vn 0.7177 -0.6829 -0.1361
vn -0.7470 -0.6593 -0.0854
vn 0.1035 -0.0155 0.9945
vn -0.7470 -0.6593 0.0854
vn 0.7177 -0.6829 0.1361
vn 0.0390 0.1317 -0.9905
vn -0.4751 0.8689 -0.1387
vn 0.6495 0.6998 -0.2974
vn 0.0391 0.1316 0.9905
vn 0.6495 0.6997 0.2975
vn -0.4751 0.8689 0.1387
vn 0.0075 0.1044 -0.9945
vn -0.8065 -0.5850 -0.0854
vn -0.5097 0.8495 -0.1361
vn 0.0075 0.1044 0.9945
vn -0.5097 0.8495 0.1361
vn -0.8065 -0.5850 0.0854
vn 0.0424 -0.1307 -0.9905
vn 0.6668 -0.6833 -0.2974
vn -0.4533 -0.8805 -0.1387
vn 0.6668 -0.6834 0.2974
vn 0.0422 -0.1307 0.9905
vn -0.4533 -0.8805 0.1387
vn 0.0101 -0.1042 -0.9945
vn -0.4884 -0.8619 -0.1361
vn -0.8208 0.5647 -0.0854
vn 0.0101 -0.1042 0.9945
vn -0.8208 0.5647 0.0854
vn -0.4884 -0.8619 0.1361
vn 0.1372 -0.0059 -0.9905
vn 0.7277 0.6717 -0.1387
vn 0.8364 -0.4604 -0.2975
vn 0.1372 -0.0060 0.9905
vn 0.8364 -0.4604 0.2975
vn 0.7277 0.6717 0.1387
vn 0.1031 0.0181 -0.9945
vn -0.7632 0.6405 -0.0854
vn 0.7005 0.7006 -0.1361
vn 0.1031 0.0181 0.9945
vn 0.7005 0.7006 0.1361
vn -0.7632 0.6405 0.0854
vn -0.9444 0.1401 -0.2975
vn -0.1724 0.9752 -0.1388
vn -0.1128 0.0784 0.9905
vn -0.0711 0.0767 0.9945
vn -0.1333 0.9817 -0.1361
vn -0.1333 0.9817 0.1360
vn -0.0711 0.0767 -0.9945
vn 0.9952 0.0476 -0.0853
vn 0.9952 -0.0476 -0.0853
vn -0.0711 -0.0767 0.9945
vn -0.1333 -0.9817 0.1361
vn -0.1333 -0.9817 -0.1360
vn -0.1128 -0.0784 -0.9905
vn -0.0711 -0.0767 -0.9945
vn -0.9444 -0.1401 0.2975
vn -0.1724 -0.9752 0.1388
vn -0.1128 0.0784 -0.9905
vn -0.9444 -0.1401 -0.2975
vn -0.1128 -0.0784 0.9905
vn -0.9444 0.1401 0.2975
vn 0.9303 -0.1851 0.3168
vn 0.9485 -0.0000 0.3168
vn 0.1456 -0.0000 0.9893
vn 0.1428 -0.0284 0.9893
vn 0.8763 -0.3630 0.3168
vn 0.1345 -0.0557 0.9893
vn 0.7886 -0.5270 0.3168
vn 0.1210 -0.0809 0.9893
vn 0.6707 -0.6707 0.3168
vn 0.1029 -0.1030 0.9893
vn 0.5269 -0.7887 0.3168
vn 0.0809 -0.1211 0.9893
vn 0.3630 -0.8763 0.3168
vn 0.0557 -0.1345 0.9893
vn 0.1850 -0.9303 0.3168
vn 0.3629 -0.8763 0.3168
vn 0.0284 -0.1428 0.9893
vn -0.0000 -0.9485 0.3168
vn -0.0000 -0.1456 0.9893
vn -0.1851 -0.9303 0.3168
vn -0.0284 -0.1428 0.9893
vn -0.3630 -0.8763 0.3168
vn -0.0557 -0.1345 0.9893
vn -0.5270 -0.7886 0.3168
vn -0.0809 -0.1210 0.9893
vn -0.6707 -0.6707 0.3168
vn -0.1030 -0.1029 0.9893
vn -0.7887 -0.5269 0.3168
vn -0.1211 -0.0809 0.9893
vn -0.8763 -0.3630 0.3168
vn -0.1345 -0.0557 0.9893
vn -0.9303 -0.1850 0.3168
vn -0.8763 -0.3629 0.3168
vn -0.1428 -0.0284 0.9893
vn -0.9485 -0.0000 0.3168
vn -0.1456 -0.0000 0.9893
vn -0.9303 0.1851 0.3168
vn -0.1428 0.0284 0.9893
vn -0.8763 0.3630 0.3168
vn -0.1345 0.0557 0.9893
vn -0.7886 0.5270 0.3168
vn -0.1210 0.0809 0.9893
vn -0.6707 0.6707 0.3168
vn -0.1029 0.1030 0.9893
vn -0.5269 0.7887 0.3168
vn -0.0809 0.1211 0.9893
vn -0.3630 0.8763 0.3168
vn -0.0557 0.1345 0.9893
vn -0.1850 0.9303 0.3168
vn -0.3629 0.8763 0.3168
vn -0.0284 0.1428 0.9893
vn -0.0000 0.9485 0.3168
vn -0.0000 0.1456 0.9893
vn 0.1851 0.9303 0.3168
vn 0.0284 0.1428 0.9893
vn 0.3630 0.8763 0.3168
vn 0.0557 0.1345 0.9893
vn 0.5270 0.7886 0.3168
vn 0.0809 0.1210 0.9893
vn 0.6707 0.6707 0.3168
vn 0.1030 0.1029 0.9893
vn 0.7887 0.5269 0.3168
vn 0.1211 0.0809 0.9893
vn 0.8763 0.3630 0.3168
vn 0.1345 0.0557 0.9893
vn 0.9303 0.1850 0.3168
vn 0.8763 0.3629 0.3168
vn 0.1428 0.0284 0.9893
vn 0.1386 -0.0276 0.9900
vn 0.1413 -0.0000 0.9900
vn 0.9899 -0.0000 0.1416
vn 0.9709 -0.1931 0.1416
vn 0.1305 -0.0541 0.9900
vn 0.9146 -0.3788 0.1416
vn 0.1175 -0.0785 0.9900
vn 0.8231 -0.5499 0.1416
vn 0.0999 -0.0999 0.9900
vn 0.7000 -0.7000 0.1416
vn 0.0785 -0.1175 0.9900
vn 0.5500 -0.8231 0.1416
vn 0.0541 -0.1305 0.9900
vn 0.3789 -0.9146 0.1416
vn 0.0276 -0.1386 0.9900
vn 0.0540 -0.1305 0.9900
vn 0.1932 -0.9709 0.1416
vn -0.0000 -0.1413 0.9900
vn 0.0275 -0.1386 0.9900
vn 0.1931 -0.9709 0.1416
vn -0.0000 -0.9899 0.1416
vn -0.0276 -0.1386 0.9900
vn -0.1931 -0.9709 0.1416
vn -0.0541 -0.1305 0.9900
vn -0.3788 -0.9146 0.1416
vn -0.0785 -0.1175 0.9900
vn -0.5499 -0.8231 0.1416
vn -0.0999 -0.0999 0.9900
vn -0.7000 -0.7000 0.1416
vn -0.1175 -0.0785 0.9900
vn -0.8231 -0.5500 0.1416
vn -0.1305 -0.0541 0.9900
vn -0.9146 -0.3789 0.1416
vn -0.1386 -0.0276 0.9900
vn -0.1305 -0.0540 0.9900
vn -0.9709 -0.1932 0.1416
vn -0.1413 -0.0000 0.9900
vn -0.1386 -0.0275 0.9900
vn -0.9899 -0.0000 0.1416
vn -0.1386 0.0276 0.9900
vn -0.9709 0.1931 0.1416
vn -0.1305 0.0541 0.9900
vn -0.9146 0.3788 0.1416
vn -0.1175 0.0785 0.9900
vn -0.8231 0.5499 0.1416
vn -0.0999 0.0999 0.9900
vn -0.7000 0.7000 0.1416
vn -0.0785 0.1175 0.9900
vn -0.5500 0.8231 0.1416
vn -0.0541 0.1305 0.9900
vn -0.3789 0.9146 0.1416
vn -0.0276 0.1386 0.9900
vn -0.0540 0.1305 0.9900
vn -0.3788 0.9146 0.1416
vn -0.1932 0.9709 0.1416
vn -0.0000 0.1413 0.9900
vn -0.0275 0.1386 0.9900
vn -0.1931 0.9709 0.1416
vn -0.0000 0.9899 0.1416
vn 0.0276 0.1386 0.9900
vn 0.1931 0.9709 0.1416
vn 0.0541 0.1305 0.9900
vn 0.3788 0.9146 0.1416
vn 0.0785 0.1175 0.9900
vn 0.5499 0.8231 0.1416
vn 0.0999 0.0999 0.9900
vn 0.7000 0.7000 0.1416
vn 0.1175 0.0785 0.9900
vn 0.8231 0.5500 0.1416
vn 0.1305 0.0541 0.9900
vn 0.9146 0.3789 0.1416
vn 0.1386 0.0276 0.9900
vn 0.1305 0.0540 0.9900
vn 0.9709 0.1932 0.1416
vn 0.1386 0.0275 0.9900
vn 0.9721 -0.1933 0.1328
vn 0.9911 -0.0000 0.1328
vn 0.2847 -0.0000 0.9586
vn 0.2792 -0.0556 0.9586
vn 0.9157 -0.3793 0.1328
vn 0.9721 -0.1934 0.1328
vn 0.2630 -0.1090 0.9586
vn 0.8241 -0.5506 0.1328
vn 0.2367 -0.1582 0.9586
vn 0.7009 -0.7008 0.1328
vn 0.2013 -0.2013 0.9586
vn 0.5507 -0.8241 0.1328
vn 0.7008 -0.7008 0.1328
vn 0.1582 -0.2367 0.9586
vn 0.3793 -0.9157 0.1328
vn 0.5506 -0.8241 0.1328
vn 0.1581 -0.2367 0.9586
vn 0.1089 -0.2630 0.9586
vn 0.1934 -0.9721 0.1328
vn 0.0555 -0.2792 0.9586
vn -0.0000 -0.9911 0.1328
vn -0.0000 -0.2847 0.9586
vn -0.1933 -0.9721 0.1328
vn -0.0556 -0.2792 0.9586
vn -0.3793 -0.9157 0.1328
vn -0.1934 -0.9721 0.1328
vn -0.1090 -0.2630 0.9586
vn -0.5506 -0.8241 0.1328
vn -0.1582 -0.2367 0.9586
vn -0.7008 -0.7009 0.1328
vn -0.2013 -0.2013 0.9586
vn -0.8241 -0.5507 0.1328
vn -0.7008 -0.7008 0.1328
vn -0.2367 -0.1582 0.9586
vn -0.9157 -0.3793 0.1328
vn -0.8241 -0.5506 0.1328
vn -0.2367 -0.1581 0.9586
vn -0.2630 -0.1089 0.9586
vn -0.9721 -0.1934 0.1328
vn -0.2792 -0.0555 0.9586
vn -0.9911 -0.0000 0.1328
vn -0.2847 -0.0000 0.9586
vn -0.9721 0.1933 0.1328
vn -0.2792 0.0556 0.9586
vn -0.9157 0.3793 0.1328
vn -0.9721 0.1934 0.1328
vn -0.2630 0.1090 0.9586
vn -0.8241 0.5506 0.1328
vn -0.2367 0.1582 0.9586
vn -0.7009 0.7008 0.1328
vn -0.2013 0.2013 0.9586
vn -0.5507 0.8241 0.1328
vn -0.7008 0.7008 0.1328
vn -0.1582 0.2367 0.9586
vn -0.3793 0.9157 0.1328
vn -0.5506 0.8241 0.1328
vn -0.1581 0.2367 0.9586
vn -0.1089 0.2630 0.9586
vn -0.1934 0.9721 0.1328
vn -0.0555 0.2792 0.9586
vn -0.0000 0.9911 0.1328
vn -0.0000 0.2847 0.9586
vn 0.1933 0.9721 0.1328
vn 0.0556 0.2792 0.9586
vn 0.3793 0.9157 0.1328
vn 0.1934 0.9721 0.1328
vn 0.1090 0.2630 0.9586
vn 0.5506 0.8241 0.1328
vn 0.1582 0.2367 0.9586
vn 0.7008 0.7009 0.1328
vn 0.5507 0.8241 0.1328
vn 0.2013 0.2013 0.9586
vn 0.8241 0.5507 0.1328
vn 0.7008 0.7008 0.1328
vn 0.2367 0.1582 0.9586
vn 0.9157 0.3793 0.1328
vn 0.8241 0.5506 0.1328
vn 0.2367 0.1581 0.9586
vn 0.2630 0.1089 0.9586
vn 0.9721 0.1934 0.1328
vn 0.2792 0.0555 0.9586
vn 0.9307 -0.1851 0.3155
vn 0.9489 -0.0000 0.3155
vn 0.3744 -0.0000 0.9273
vn 0.3671 -0.0730 0.9273
vn 0.8767 -0.3631 0.3155
vn 0.3458 -0.1432 0.9273
vn 0.7890 -0.5272 0.3155
vn 0.8767 -0.3632 0.3155
vn 0.3112 -0.2080 0.9273
vn 0.6710 -0.6710 0.3155
vn 0.3113 -0.2080 0.9273
vn 0.2647 -0.2647 0.9273
vn 0.5272 -0.7890 0.3155
vn 0.2080 -0.3112 0.9273
vn 0.3632 -0.8767 0.3155
vn 0.2080 -0.3113 0.9273
vn 0.1433 -0.3458 0.9273
vn 0.1852 -0.9307 0.3155
vn 0.3631 -0.8767 0.3155
vn 0.1432 -0.3458 0.9273
vn 0.0731 -0.3672 0.9273
vn -0.0000 -0.9489 0.3155
vn 0.1851 -0.9307 0.3155
vn 0.0730 -0.3671 0.9273
vn -0.0000 -0.3743 0.9273
vn -0.1851 -0.9307 0.3155
vn -0.0000 -0.3744 0.9273
vn -0.0730 -0.3672 0.9273
vn -0.3631 -0.8767 0.3155
vn -0.1432 -0.3459 0.9273
vn -0.5272 -0.7890 0.3155
vn -0.3632 -0.8767 0.3155
vn -0.1433 -0.3459 0.9273
vn -0.2080 -0.3113 0.9273
vn -0.6710 -0.6710 0.3155
vn -0.2080 -0.3112 0.9273
vn -0.2647 -0.2647 0.9273
vn -0.7890 -0.5272 0.3155
vn -0.3113 -0.2080 0.9273
vn -0.8767 -0.3632 0.3155
vn -0.3112 -0.2080 0.9273
vn -0.3458 -0.1433 0.9273
vn -0.9307 -0.1852 0.3155
vn -0.8767 -0.3631 0.3155
vn -0.3459 -0.1433 0.9273
vn -0.3672 -0.0731 0.9273
vn -0.9489 -0.0000 0.3155
vn -0.9307 -0.1851 0.3155
vn -0.3672 -0.0730 0.9273
vn -0.3744 -0.0000 0.9273
vn -0.9307 0.1851 0.3155
vn -0.3672 0.0730 0.9273
vn -0.8767 0.3631 0.3155
vn -0.3459 0.1432 0.9273
vn -0.7890 0.5272 0.3155
vn -0.8767 0.3632 0.3155
vn -0.3458 0.1432 0.9273
vn -0.3113 0.2080 0.9273
vn -0.6710 0.6710 0.3155
vn -0.3112 0.2080 0.9273
vn -0.2647 0.2647 0.9273
vn -0.5272 0.7890 0.3155
vn -0.2080 0.3112 0.9273
vn -0.3632 0.8767 0.3155
vn -0.1433 0.3458 0.9273
vn -0.1852 0.9307 0.3155
vn -0.3631 0.8767 0.3155
vn -0.1432 0.3458 0.9273
vn -0.0730 0.3671 0.9273
vn -0.0000 0.9489 0.3155
vn -0.1851 0.9307 0.3155
vn -0.0000 0.3744 0.9273
vn 0.1851 0.9307 0.3155
vn -0.0000 0.3743 0.9273
vn 0.0730 0.3671 0.9273
vn 0.3631 0.8767 0.3155
vn 0.0730 0.3672 0.9273
vn 0.1432 0.3459 0.9273
vn 0.5272 0.7890 0.3155
vn 0.3632 0.8767 0.3155
vn 0.1432 0.3458 0.9273
vn 0.2079 0.3112 0.9273
vn 0.6710 0.6710 0.3155
vn 0.2080 0.3112 0.9273
vn 0.2647 0.2647 0.9273
vn 0.7890 0.5272 0.3155
vn 0.3113 0.2080 0.9273
vn 0.8767 0.3632 0.3155
vn 0.3112 0.2080 0.9273
vn 0.3458 0.1433 0.9273
vn 0.9307 0.1852 0.3155
vn 0.8767 0.3631 0.3155
vn 0.3459 0.1433 0.9273
vn 0.3672 0.0731 0.9273
vn 0.9307 0.1851 0.3155
vn 0.3672 0.0730 0.9273
vn 0.9984 -0.0000 -0.0568
vn 0.9792 -0.1947 -0.0568
vn 0.1003 -0.0200 -0.9948
vn 0.1023 -0.0000 -0.9948
vn 0.9224 -0.3820 -0.0568
vn 0.0945 -0.0392 -0.9948
vn 0.8301 -0.5546 -0.0568
vn 0.0850 -0.0568 -0.9948
vn 0.0945 -0.0391 -0.9948
vn 0.7060 -0.7059 -0.0568
vn 0.0723 -0.0723 -0.9948
vn 0.5547 -0.8301 -0.0568
vn 0.0568 -0.0850 -0.9948
vn 0.3821 -0.9224 -0.0568
vn 0.0391 -0.0945 -0.9948
vn 0.1948 -0.9792 -0.0568
vn 0.0199 -0.1003 -0.9948
vn 0.0391 -0.0944 -0.9948
vn -0.0000 -0.9984 -0.0568
vn -0.0000 -0.1023 -0.9948
vn -0.1947 -0.9792 -0.0568
vn -0.0200 -0.1003 -0.9948
vn -0.0000 -0.1022 -0.9948
vn -0.3820 -0.9224 -0.0568
vn -0.0391 -0.0944 -0.9948
vn -0.5546 -0.8301 -0.0568
vn -0.0568 -0.0850 -0.9948
vn -0.0391 -0.0945 -0.9948
vn -0.7059 -0.7060 -0.0568
vn -0.0723 -0.0723 -0.9948
vn -0.8301 -0.5547 -0.0568
vn -0.0850 -0.0568 -0.9948
vn -0.9224 -0.3821 -0.0568
vn -0.0944 -0.0391 -0.9948
vn -0.9792 -0.1948 -0.0568
vn -0.1003 -0.0199 -0.9948
vn -0.9984 -0.0000 -0.0568
vn -0.1022 -0.0000 -0.9948
vn -0.9792 0.1947 -0.0568
vn -0.1003 0.0200 -0.9948
vn -0.1023 -0.0000 -0.9948
vn -0.9224 0.3820 -0.0568
vn -0.0944 0.0391 -0.9948
vn -0.8301 0.5546 -0.0568
vn -0.0850 0.0568 -0.9948
vn -0.7060 0.7059 -0.0568
vn -0.0723 0.0723 -0.9948
vn -0.5547 0.8301 -0.0568
vn -0.0568 0.0850 -0.9948
vn -0.3821 0.9224 -0.0568
vn -0.0391 0.0945 -0.9948
vn -0.1948 0.9792 -0.0568
vn -0.0199 0.1003 -0.9948
vn -0.0391 0.0944 -0.9948
vn -0.0000 0.9984 -0.0568
vn -0.0000 0.1023 -0.9948
vn 0.1947 0.9792 -0.0568
vn 0.0200 0.1003 -0.9948
vn -0.0000 0.1022 -0.9948
vn 0.3820 0.9224 -0.0568
vn 0.0391 0.0944 -0.9948
vn 0.5546 0.8301 -0.0568
vn 0.0568 0.0850 -0.9948
vn 0.0391 0.0945 -0.9948
vn 0.7059 0.7060 -0.0568
vn 0.0723 0.0723 -0.9948
vn 0.8301 0.5547 -0.0568
vn 0.0850 0.0568 -0.9948
vn 0.9224 0.3821 -0.0568
vn 0.0944 0.0391 -0.9948
vn 0.9792 0.1948 -0.0568
vn 0.1003 0.0199 -0.9948
vn 0.1022 -0.0000 -0.9948
vn 0.8405 0.1672 -0.5153
vn 0.8570 -0.0000 -0.5153
vn 0.9989 -0.0000 -0.0474
vn 0.9797 0.1949 -0.0473
vn 0.7918 0.3279 -0.5153
vn 0.8405 0.1672 -0.5154
vn 0.9797 0.1948 -0.0474
vn 0.9228 0.3822 -0.0473
vn 0.7126 0.4761 -0.5153
vn 0.7917 0.3280 -0.5154
vn 0.9229 0.3822 -0.0474
vn 0.8305 0.5549 -0.0473
vn 0.6060 0.6060 -0.5153
vn 0.7125 0.4761 -0.5153
vn 0.8306 0.5549 -0.0474
vn 0.7063 0.7063 -0.0473
vn 0.4761 0.7125 -0.5153
vn 0.6060 0.6060 -0.5154
vn 0.7063 0.7063 -0.0474
vn 0.5550 0.8305 -0.0473
vn 0.3280 0.7917 -0.5153
vn 0.4761 0.7126 -0.5154
vn 0.5550 0.8305 -0.0474
vn 0.3823 0.9228 -0.0473
vn 0.1672 0.8405 -0.5153
vn 0.3279 0.7918 -0.5153
vn 0.3823 0.9228 -0.0474
vn 0.1949 0.9797 -0.0473
vn -0.0000 0.8570 -0.5153
vn 0.1672 0.8405 -0.5154
vn 0.1949 0.9797 -0.0474
vn -0.0000 0.9989 -0.0473
vn -0.1672 0.8405 -0.5153
vn -0.0000 0.8570 -0.5154
vn -0.0000 0.9989 -0.0474
vn -0.1949 0.9797 -0.0473
vn -0.3279 0.7918 -0.5153
vn -0.1672 0.8405 -0.5154
vn -0.1948 0.9797 -0.0474
vn -0.3822 0.9228 -0.0473
vn -0.4761 0.7126 -0.5153
vn -0.3280 0.7917 -0.5154
vn -0.3822 0.9229 -0.0474
vn -0.5549 0.8305 -0.0473
vn -0.6060 0.6060 -0.5153
vn -0.4761 0.7125 -0.5154
vn -0.5549 0.8306 -0.0474
vn -0.7063 0.7063 -0.0473
vn -0.7125 0.4761 -0.5153
vn -0.7063 0.7063 -0.0474
vn -0.8305 0.5550 -0.0473
vn -0.7917 0.3280 -0.5153
vn -0.7126 0.4761 -0.5154
vn -0.8305 0.5550 -0.0474
vn -0.9228 0.3823 -0.0473
vn -0.8405 0.1672 -0.5153
vn -0.7918 0.3279 -0.5154
vn -0.9228 0.3823 -0.0474
vn -0.9797 0.1949 -0.0473
vn -0.8570 -0.0000 -0.5153
vn -0.8405 0.1672 -0.5154
vn -0.9797 0.1949 -0.0474
vn -0.9989 -0.0000 -0.0473
vn -0.8405 -0.1672 -0.5153
vn -0.8570 -0.0000 -0.5154
vn -0.9989 -0.0000 -0.0474
vn -0.9797 -0.1949 -0.0473
vn -0.7918 -0.3279 -0.5153
vn -0.8405 -0.1672 -0.5154
vn -0.9797 -0.1948 -0.0474
vn -0.9228 -0.3822 -0.0473
vn -0.7126 -0.4761 -0.5153
vn -0.7917 -0.3280 -0.5154
vn -0.9229 -0.3822 -0.0474
vn -0.8305 -0.5549 -0.0473
vn -0.6060 -0.6060 -0.5153
vn -0.7125 -0.4761 -0.5153
vn -0.8306 -0.5549 -0.0474
vn -0.7063 -0.7063 -0.0473
vn -0.4761 -0.7125 -0.5153
vn -0.7063 -0.7063 -0.0474
vn -0.5550 -0.8305 -0.0473
vn -0.3280 -0.7917 -0.5153
vn -0.4761 -0.7126 -0.5154
vn -0.5550 -0.8305 -0.0474
vn -0.3823 -0.9228 -0.0473
vn -0.1672 -0.8405 -0.5153
vn -0.3279 -0.7918 -0.5154
vn -0.3823 -0.9228 -0.0474
vn -0.1949 -0.9797 -0.0473
vn -0.0000 -0.8570 -0.5153
vn -0.1672 -0.8405 -0.5154
vn -0.1949 -0.9797 -0.0474
vn -0.0000 -0.9989 -0.0473
vn 0.1672 -0.8405 -0.5153
vn -0.0000 -0.8570 -0.5154
vn -0.0000 -0.9989 -0.0474
vn 0.1949 -0.9797 -0.0473
vn 0.3279 -0.7918 -0.5153
vn 0.1948 -0.9797 -0.0474
vn 0.3822 -0.9228 -0.0473
vn 0.4761 -0.7126 -0.5153
vn 0.3280 -0.7917 -0.5154
vn 0.3822 -0.9229 -0.0474
vn 0.5549 -0.8305 -0.0473
vn 0.6060 -0.6060 -0.5153
vn 0.4761 -0.7125 -0.5154
vn 0.5549 -0.8306 -0.0474
vn 0.7063 -0.7063 -0.0473
vn 0.7125 -0.4761 -0.5153
vn 0.6060 -0.6060 -0.5154
vn 0.7063 -0.7063 -0.0474
vn 0.8305 -0.5550 -0.0473
vn 0.7917 -0.3280 -0.5153
vn 0.7126 -0.4761 -0.5153
vn 0.8305 -0.5550 -0.0474
vn 0.9228 -0.3823 -0.0473
vn 0.8405 -0.1672 -0.5153
vn 0.7918 -0.3279 -0.5154
vn 0.9228 -0.3823 -0.0474
vn 0.9797 -0.1949 -0.0473
vn 0.9797 -0.1949 -0.0474
vn 0.9989 -0.0000 -0.0473
vn 0.0608 -0.0000 -0.9982
vn 0.0596 -0.0119 -0.9982
vn 0.9798 -0.1948 -0.0445
vn 0.9990 -0.0000 -0.0445
vn 0.0596 -0.0118 -0.9982
vn 0.0562 -0.0233 -0.9982
vn 0.9230 -0.3823 -0.0445
vn 0.9798 -0.1949 -0.0445
vn 0.0562 -0.0232 -0.9982
vn 0.0506 -0.0338 -0.9982
vn 0.8307 -0.5550 -0.0445
vn 0.0505 -0.0337 -0.9982
vn 0.0430 -0.0430 -0.9982
vn 0.7064 -0.7064 -0.0445
vn 0.8306 -0.5550 -0.0445
vn 0.0338 -0.0505 -0.9982
vn 0.5551 -0.8306 -0.0445
vn 0.0233 -0.0562 -0.9982
vn 0.3823 -0.9229 -0.0445
vn 0.5550 -0.8307 -0.0445
vn 0.0119 -0.0596 -0.9982
vn 0.1949 -0.9798 -0.0445
vn 0.3823 -0.9230 -0.0445
vn -0.0000 -0.0608 -0.9982
vn -0.0000 -0.9990 -0.0445
vn -0.0119 -0.0596 -0.9982
vn -0.1948 -0.9798 -0.0445
vn -0.0118 -0.0596 -0.9982
vn -0.0233 -0.0562 -0.9982
vn -0.3823 -0.9230 -0.0445
vn -0.1949 -0.9798 -0.0445
vn -0.0232 -0.0562 -0.9982
vn -0.0338 -0.0506 -0.9982
vn -0.5550 -0.8307 -0.0445
vn -0.0430 -0.0430 -0.9982
vn -0.7064 -0.7064 -0.0445
vn -0.5550 -0.8306 -0.0445
vn -0.0429 -0.0430 -0.9982
vn -0.0505 -0.0337 -0.9982
vn -0.8306 -0.5551 -0.0445
vn -0.0505 -0.0338 -0.9982
vn -0.0562 -0.0233 -0.9982
vn -0.9229 -0.3823 -0.0445
vn -0.8307 -0.5550 -0.0445
vn -0.0596 -0.0119 -0.9982
vn -0.9798 -0.1949 -0.0445
vn -0.9230 -0.3823 -0.0445
vn -0.0608 -0.0000 -0.9982
vn -0.9990 -0.0000 -0.0445
vn -0.0596 0.0119 -0.9982
vn -0.9798 0.1948 -0.0445
vn -0.0596 0.0118 -0.9982
vn -0.0561 0.0232 -0.9982
vn -0.9230 0.3823 -0.0445
vn -0.9798 0.1949 -0.0445
vn -0.0562 0.0232 -0.9982
vn -0.0506 0.0338 -0.9982
vn -0.8307 0.5550 -0.0445
vn -0.0430 0.0430 -0.9982
vn -0.7064 0.7064 -0.0445
vn -0.8306 0.5550 -0.0445
vn -0.0430 0.0429 -0.9982
vn -0.0337 0.0505 -0.9982
vn -0.5551 0.8306 -0.0445
vn -0.0338 0.0505 -0.9982
vn -0.0232 0.0561 -0.9982
vn -0.3823 0.9229 -0.0445
vn -0.5550 0.8307 -0.0445
vn -0.0233 0.0562 -0.9982
vn -0.0119 0.0596 -0.9982
vn -0.1949 0.9798 -0.0445
vn -0.3823 0.9230 -0.0445
vn -0.0000 0.0608 -0.9982
vn -0.0000 0.9990 -0.0445
vn 0.0119 0.0596 -0.9982
vn 0.1948 0.9798 -0.0445
vn 0.0118 0.0596 -0.9982
vn 0.0233 0.0562 -0.9982
vn 0.3823 0.9230 -0.0445
vn 0.1949 0.9798 -0.0445
vn 0.0232 0.0562 -0.9982
vn 0.0338 0.0505 -0.9982
vn 0.5550 0.8307 -0.0445
vn 0.0337 0.0505 -0.9982
vn 0.0430 0.0430 -0.9982
vn 0.7064 0.7064 -0.0445
vn 0.5550 0.8306 -0.0445
vn 0.0429 0.0430 -0.9982
vn 0.0505 0.0337 -0.9982
vn 0.8306 0.5551 -0.0445
vn 0.0505 0.0338 -0.9982
vn 0.0562 0.0233 -0.9982
vn 0.9229 0.3823 -0.0445
vn 0.8307 0.5550 -0.0445
vn 0.0596 0.0119 -0.9982
vn 0.9798 0.1949 -0.0445
vn 0.9230 0.3823 -0.0445
vn 0.0607 -0.0000 -0.9982
vn 0.9990 -0.0000 0.0443
vn 0.9798 -0.1949 0.0443
vn 0.6374 -0.1268 0.7600
vn 0.6499 -0.0000 0.7600
vn 0.9230 -0.3823 0.0443
vn 0.6004 -0.2487 0.7600
vn 0.8307 -0.5550 0.0443
vn 0.5404 -0.3611 0.7600
vn 0.7064 -0.7064 0.0443
vn 0.4596 -0.4595 0.7600
vn 0.5551 -0.8306 0.0443
vn 0.3611 -0.5404 0.7600
vn 0.4595 -0.4596 0.7600
vn 0.5550 -0.8306 0.0443
vn 0.3824 -0.9230 0.0443
vn 0.2487 -0.6004 0.7600
vn 0.3823 -0.9230 0.0443
vn 0.1949 -0.9798 0.0443
vn 0.1268 -0.6374 0.7600
vn -0.0000 -0.9990 0.0443
vn -0.0000 -0.6499 0.7600
vn -0.1949 -0.9798 0.0443
vn -0.1268 -0.6374 0.7600
vn -0.3823 -0.9230 0.0443
vn -0.2487 -0.6004 0.7600
vn -0.5550 -0.8307 0.0443
vn -0.3611 -0.5404 0.7600
vn -0.7064 -0.7064 0.0443
vn -0.4595 -0.4596 0.7600
vn -0.8306 -0.5551 0.0443
vn -0.5404 -0.3611 0.7600
vn -0.4596 -0.4595 0.7600
vn -0.8306 -0.5550 0.0443
vn -0.9230 -0.3824 0.0443
vn -0.6004 -0.2487 0.7600
vn -0.9230 -0.3823 0.0443
vn -0.9798 -0.1949 0.0443
vn -0.6374 -0.1268 0.7600
vn -0.9990 -0.0000 0.0443
vn -0.6499 -0.0000 0.7600
vn -0.9798 0.1949 0.0443
vn -0.6374 0.1268 0.7600
vn -0.9230 0.3823 0.0443
vn -0.6004 0.2487 0.7600
vn -0.8307 0.5550 0.0443
vn -0.5404 0.3611 0.7600
vn -0.7064 0.7064 0.0443
vn -0.4596 0.4595 0.7600
vn -0.5551 0.8306 0.0443
vn -0.3611 0.5404 0.7600
vn -0.4595 0.4596 0.7600
vn -0.5550 0.8306 0.0443
vn -0.3824 0.9230 0.0443
vn -0.2487 0.6004 0.7600
vn -0.3823 0.9230 0.0443
vn -0.1949 0.9798 0.0443
vn -0.1268 0.6374 0.7600
vn -0.0000 0.9990 0.0443
vn -0.0000 0.6499 0.7600
vn 0.1949 0.9798 0.0443
vn 0.1268 0.6374 0.7600
vn 0.3823 0.9230 0.0443
vn 0.2487 0.6004 0.7600
vn 0.5550 0.8307 0.0443
vn 0.3611 0.5404 0.7600
vn 0.7064 0.7064 0.0443
vn 0.4595 0.4596 0.7600
vn 0.8306 0.5551 0.0443
vn 0.5404 0.3611 0.7600
vn 0.4596 0.4595 0.7600
vn 0.8306 0.5550 0.0443
vn 0.9230 0.3824 0.0443
vn 0.6004 0.2487 0.7600
vn 0.9230 0.3823 0.0443
vn 0.9798 0.1949 0.0443
vn 0.6374 0.1268 0.7600
vn 0.9544 -0.1899 0.2304
vn 0.9731 -0.0001 0.2304
vn 0.8990 -0.3724 0.2304
vn 0.8091 -0.5406 0.2304
vn 0.6881 -0.6881 0.2304
vn 0.8091 -0.5407 0.2304
vn 0.5406 -0.8091 0.2304
vn 0.6880 -0.6881 0.2304
vn 0.3724 -0.8990 0.2304
vn 0.1898 -0.9544 0.2304
vn 0.3723 -0.8990 0.2304
vn -0.0000 -0.9731 0.2304
vn -0.1899 -0.9544 0.2304
vn -0.0001 -0.9731 0.2304
vn -0.3724 -0.8990 0.2304
vn -0.5406 -0.8091 0.2304
vn -0.6881 -0.6881 0.2304
vn -0.5407 -0.8091 0.2304
vn -0.8091 -0.5406 0.2304
vn -0.6881 -0.6880 0.2304
vn -0.8990 -0.3724 0.2304
vn -0.9544 -0.1898 0.2304
vn -0.8990 -0.3723 0.2304
vn -0.9731 -0.0000 0.2304
vn -0.9544 0.1899 0.2304
vn -0.8990 0.3724 0.2304
vn -0.8091 0.5406 0.2304
vn -0.6881 0.6881 0.2304
vn -0.8091 0.5407 0.2304
vn -0.5406 0.8091 0.2304
vn -0.6880 0.6881 0.2304
vn -0.3724 0.8990 0.2304
vn -0.1898 0.9544 0.2304
vn -0.3723 0.8990 0.2304
vn -0.0000 0.9731 0.2304
vn 0.1899 0.9544 0.2304
vn 0.3724 0.8990 0.2304
vn 0.5406 0.8091 0.2304
vn 0.6881 0.6881 0.2304
vn 0.5407 0.8091 0.2304
vn 0.8091 0.5406 0.2304
vn 0.6881 0.6880 0.2304
vn 0.8990 0.3724 0.2304
vn 0.9544 0.1898 0.2304
vn 0.8990 0.3723 0.2304
vn 0.9731 -0.0000 0.2304
vn 0.9731 -0.0000 -0.2304
vn 0.9544 -0.1898 -0.2304
vn 0.3381 -0.0672 -0.9387
vn 0.3447 -0.0000 -0.9387
vn 0.8990 -0.3723 -0.2304
vn 0.3185 -0.1319 -0.9387
vn 0.3380 -0.0673 -0.9387
vn 0.8990 -0.3724 -0.2304
vn 0.8091 -0.5406 -0.2304
vn 0.2866 -0.1915 -0.9387
vn 0.3184 -0.1319 -0.9387
vn 0.6881 -0.6880 -0.2304
vn 0.2437 -0.2437 -0.9387
vn 0.6881 -0.6881 -0.2304
vn 0.5407 -0.8091 -0.2304
vn 0.1915 -0.2866 -0.9387
vn 0.2437 -0.2438 -0.9387
vn 0.5406 -0.8091 -0.2304
vn 0.3724 -0.8990 -0.2304
vn 0.1319 -0.3184 -0.9387
vn 0.1899 -0.9544 -0.2304
vn 0.0673 -0.3381 -0.9387
vn 0.1319 -0.3185 -0.9387
vn -0.0000 -0.9731 -0.2304
vn -0.0000 -0.3447 -0.9387
vn 0.0672 -0.3381 -0.9387
vn -0.1898 -0.9544 -0.2304
vn -0.0672 -0.3381 -0.9387
vn -0.3723 -0.8990 -0.2304
vn -0.1319 -0.3185 -0.9387
vn -0.0673 -0.3380 -0.9387
vn -0.3724 -0.8990 -0.2304
vn -0.5406 -0.8091 -0.2304
vn -0.1915 -0.2866 -0.9387
vn -0.1319 -0.3184 -0.9387
vn -0.6880 -0.6881 -0.2304
vn -0.2437 -0.2437 -0.9387
vn -0.6881 -0.6881 -0.2304
vn -0.8091 -0.5407 -0.2304
vn -0.2866 -0.1915 -0.9387
vn -0.2438 -0.2437 -0.9387
vn -0.8091 -0.5406 -0.2304
vn -0.8990 -0.3724 -0.2304
vn -0.3184 -0.1319 -0.9387
vn -0.9544 -0.1899 -0.2304
vn -0.3381 -0.0673 -0.9387
vn -0.3185 -0.1319 -0.9387
vn -0.9544 -0.1898 -0.2304
vn -0.9731 -0.0000 -0.2304
vn -0.3447 -0.0000 -0.9387
vn -0.3381 -0.0672 -0.9387
vn -0.9544 0.1898 -0.2304
vn -0.3381 0.0672 -0.9387
vn -0.8990 0.3723 -0.2304
vn -0.3185 0.1319 -0.9387
vn -0.3380 0.0673 -0.9387
vn -0.8990 0.3724 -0.2304
vn -0.8091 0.5406 -0.2304
vn -0.2866 0.1915 -0.9387
vn -0.3184 0.1319 -0.9387
vn -0.6881 0.6880 -0.2304
vn -0.2437 0.2437 -0.9387
vn -0.6881 0.6881 -0.2304
vn -0.5407 0.8091 -0.2304
vn -0.1915 0.2866 -0.9387
vn -0.2437 0.2438 -0.9387
vn -0.5406 0.8091 -0.2304
vn -0.3724 0.8990 -0.2304
vn -0.1319 0.3184 -0.9387
vn -0.1899 0.9544 -0.2304
vn -0.0673 0.3381 -0.9387
vn -0.1319 0.3185 -0.9387
vn -0.1898 0.9544 -0.2304
vn -0.0000 0.9731 -0.2304
vn -0.0000 0.3447 -0.9387
vn -0.0672 0.3381 -0.9387
vn 0.1898 0.9544 -0.2304
vn 0.0672 0.3381 -0.9387
vn 0.3723 0.8990 -0.2304
vn 0.1319 0.3185 -0.9387
vn 0.0673 0.3380 -0.9387
vn 0.3724 0.8990 -0.2304
vn 0.5406 0.8091 -0.2304
vn 0.1915 0.2866 -0.9387
vn 0.1319 0.3184 -0.9387
vn 0.6880 0.6881 -0.2304
vn 0.2437 0.2437 -0.9387
vn 0.6881 0.6881 -0.2304
vn 0.8091 0.5407 -0.2304
vn 0.2866 0.1915 -0.9387
vn 0.2438 0.2437 -0.9387
vn 0.8091 0.5406 -0.2304
vn 0.8990 0.3724 -0.2304
vn 0.3184 0.1319 -0.9387
vn 0.9544 0.1899 -0.2304
vn 0.3381 0.0673 -0.9387
vn 0.3185 0.1319 -0.9387
vn 0.3381 0.0672 -0.9387
vn -0.7863 -0.5254 0.3252
vn -0.8737 -0.3619 0.3252
vn -0.2127 -0.0881 0.9731
vn -0.1915 -0.1279 0.9731
vn 0.3619 0.8737 0.3252
vn 0.5254 0.7863 0.3252
vn 0.1279 0.1914 0.9731
vn 0.0881 0.2127 0.9731
vn -0.6687 -0.6687 0.3252
vn -0.1914 -0.1279 0.9731
vn -0.1628 -0.1628 0.9731
vn 0.1845 0.9275 0.3252
vn 0.0449 0.2258 0.9731
vn -0.5254 -0.7863 0.3252
vn -0.1279 -0.1914 0.9731
vn -0.0000 0.9457 0.3252
vn -0.0000 0.2302 0.9731
vn -0.3619 -0.8737 0.3252
vn -0.0881 -0.2127 0.9731
vn -0.1845 0.9275 0.3252
vn -0.0449 0.2258 0.9731
vn -0.1845 -0.9275 0.3252
vn -0.0449 -0.2258 0.9731
vn -0.3619 0.8737 0.3252
vn -0.0881 0.2127 0.9731
vn -0.0000 -0.9457 0.3252
vn -0.0000 -0.2302 0.9731
vn -0.5254 0.7863 0.3252
vn -0.1279 0.1915 0.9731
vn 0.1845 -0.9275 0.3252
vn 0.0449 -0.2258 0.9731
vn -0.6687 0.6687 0.3252
vn -0.1279 0.1914 0.9731
vn -0.1628 0.1628 0.9731
vn 0.3619 -0.8737 0.3252
vn 0.0881 -0.2127 0.9731
vn -0.7863 0.5254 0.3252
vn -0.1914 0.1279 0.9731
vn 0.5254 -0.7863 0.3252
vn 0.1279 -0.1915 0.9731
vn -0.8737 0.3619 0.3252
vn -0.2127 0.0881 0.9731
vn 0.9275 0.1845 0.3252
vn 0.9457 -0.0000 0.3252
vn 0.2302 -0.0000 0.9731
vn 0.2258 0.0449 0.9731
vn 0.6687 -0.6687 0.3252
vn 0.1279 -0.1914 0.9731
vn 0.1628 -0.1628 0.9731
vn -0.9275 0.1845 0.3252
vn -0.2258 0.0449 0.9731
vn 0.8737 0.3619 0.3252
vn 0.2127 0.0881 0.9731
vn 0.7863 -0.5254 0.3252
vn 0.1914 -0.1279 0.9731
vn -0.9456 -0.0000 0.3252
vn -0.2302 -0.0000 0.9731
vn 0.7863 0.5254 0.3252
vn 0.1915 0.1279 0.9731
vn 0.8737 -0.3619 0.3252
vn 0.2127 -0.0881 0.9731
vn -0.9275 -0.1845 0.3252
vn -0.9457 -0.0000 0.3252
vn -0.2258 -0.0449 0.9731
vn 0.6687 0.6687 0.3252
vn 0.1914 0.1279 0.9731
vn 0.1628 0.1628 0.9731
vn 0.9275 -0.1845 0.3252
vn 0.2258 -0.0449 0.9731
vn 0.9546 0.1899 -0.2294
vn 0.9733 -0.0000 -0.2294
vn 0.8577 -0.0000 -0.5141
vn 0.8412 0.1673 -0.5141
vn 0.8992 0.3725 -0.2294
vn 0.8412 0.1674 -0.5141
vn 0.7924 0.3282 -0.5141
vn 0.8093 0.5408 -0.2294
vn 0.7924 0.3283 -0.5141
vn 0.7132 0.4765 -0.5141
vn 0.6883 0.6882 -0.2294
vn 0.7131 0.4765 -0.5141
vn 0.6065 0.6065 -0.5141
vn 0.5408 0.8093 -0.2294
vn 0.6882 0.6883 -0.2294
vn 0.4765 0.7131 -0.5141
vn 0.3725 0.8992 -0.2294
vn 0.5407 0.8093 -0.2294
vn 0.4765 0.7132 -0.5141
vn 0.3283 0.7924 -0.5141
vn 0.1899 0.9546 -0.2294
vn 0.3724 0.8993 -0.2294
vn 0.3282 0.7924 -0.5141
vn 0.1674 0.8412 -0.5141
vn -0.0000 0.9733 -0.2294
vn 0.1673 0.8412 -0.5141
vn -0.0000 0.8577 -0.5141
vn -0.1899 0.9546 -0.2294
vn -0.1673 0.8412 -0.5141
vn -0.3725 0.8992 -0.2294
vn -0.1674 0.8412 -0.5141
vn -0.3282 0.7924 -0.5141
vn -0.5408 0.8093 -0.2294
vn -0.3283 0.7924 -0.5141
vn -0.4765 0.7132 -0.5141
vn -0.6882 0.6883 -0.2294
vn -0.4765 0.7131 -0.5141
vn -0.6065 0.6065 -0.5141
vn -0.8093 0.5408 -0.2294
vn -0.6883 0.6882 -0.2294
vn -0.7131 0.4765 -0.5141
vn -0.8992 0.3725 -0.2294
vn -0.8093 0.5407 -0.2294
vn -0.7132 0.4765 -0.5141
vn -0.7924 0.3283 -0.5141
vn -0.9546 0.1899 -0.2294
vn -0.8993 0.3724 -0.2294
vn -0.7924 0.3282 -0.5141
vn -0.8412 0.1674 -0.5141
vn -0.9733 -0.0000 -0.2294
vn -0.8412 0.1673 -0.5141
vn -0.8577 -0.0000 -0.5141
vn -0.9546 -0.1899 -0.2294
vn -0.8412 -0.1673 -0.5141
vn -0.8992 -0.3725 -0.2294
vn -0.8412 -0.1674 -0.5141
vn -0.7924 -0.3282 -0.5141
vn -0.8093 -0.5408 -0.2294
vn -0.7924 -0.3283 -0.5141
vn -0.7132 -0.4765 -0.5141
vn -0.6883 -0.6882 -0.2294
vn -0.7131 -0.4765 -0.5141
vn -0.6065 -0.6065 -0.5141
vn -0.5408 -0.8093 -0.2294
vn -0.6882 -0.6883 -0.2294
vn -0.4765 -0.7131 -0.5141
vn -0.3725 -0.8992 -0.2294
vn -0.5407 -0.8093 -0.2294
vn -0.4765 -0.7132 -0.5141
vn -0.3283 -0.7924 -0.5141
vn -0.1899 -0.9546 -0.2294
vn -0.3724 -0.8993 -0.2294
vn -0.3282 -0.7924 -0.5141
vn -0.1674 -0.8412 -0.5141
vn -0.0000 -0.9733 -0.2294
vn -0.1673 -0.8412 -0.5141
vn -0.0000 -0.8577 -0.5141
vn 0.1899 -0.9546 -0.2294
vn 0.1673 -0.8412 -0.5141
vn 0.3725 -0.8992 -0.2294
vn 0.1674 -0.8412 -0.5141
vn 0.3282 -0.7924 -0.5141
vn 0.5408 -0.8093 -0.2294
vn 0.3283 -0.7924 -0.5141
vn 0.4765 -0.7132 -0.5141
vn 0.6882 -0.6883 -0.2294
vn 0.4765 -0.7131 -0.5141
vn 0.6065 -0.6065 -0.5141
vn 0.8093 -0.5408 -0.2294
vn 0.6883 -0.6882 -0.2294
vn 0.7131 -0.4765 -0.5141
vn 0.8992 -0.3725 -0.2294
vn 0.8093 -0.5407 -0.2294
vn 0.7132 -0.4765 -0.5141
vn 0.7924 -0.3283 -0.5141
vn 0.9546 -0.1899 -0.2294
vn 0.8993 -0.3724 -0.2294
vn 0.7924 -0.3282 -0.5141
vn 0.8412 -0.1674 -0.5141
vn 0.8412 -0.1673 -0.5141
vn -0.0983 -0.0356 -0.9945
vn -0.1161 -0.0734 -0.9905
vn -0.9655 0.2205 -0.1387
vn -0.9562 0.2592 -0.1361
vn -0.4964 -0.8155 -0.2975
vn -0.9655 0.2206 -0.1388
vn -0.1160 -0.0734 0.9905
vn -0.0983 -0.0356 0.9945
vn -0.9655 0.2205 0.1387
vn -0.9562 0.2591 0.1360
vn -0.0984 -0.0357 -0.9945
vn 0.3433 0.9353 -0.0853
vn 0.4310 0.8983 -0.0853
vn -0.0984 -0.0357 0.9945
vn 0.0430 -0.0954 0.9945
vn 0.4309 0.8983 0.0854
vn 0.8525 -0.5047 0.1361
vn 0.8525 -0.5047 -0.1360
vn 0.4309 0.8983 -0.0854
vn 0.0283 -0.1344 -0.9905
vn 0.0430 -0.0953 -0.9945
vn 0.8313 -0.5382 -0.1387
vn 0.0431 -0.0953 0.9945
vn 0.8313 -0.5382 0.1387
vn 0.8526 -0.5046 0.1361
vn -0.2383 -0.9245 0.2975
vn 0.8314 -0.5381 -0.1387
vn 0.8314 -0.5381 0.1388
vn -0.2383 -0.9245 -0.2975
vn -0.4964 -0.8155 0.2975
vn 0.0461 0.0939 -0.9945
vn 0.0327 0.1334 -0.9905
vn 0.8484 0.5109 -0.1387
vn -0.2081 0.9318 -0.2975
vn 0.8484 0.5108 -0.1388
vn 0.0461 0.0939 0.9945
vn 0.8685 0.4767 0.1360
vn 0.3127 -0.9460 -0.0853
vn -0.0971 0.0389 0.9945
vn -0.9641 -0.2278 0.1361
vn -0.9642 -0.2278 -0.1360
vn -0.0971 0.0388 -0.9945
vn -0.0971 0.0388 0.9945
vn -0.9721 -0.1889 0.1387
vn -0.9721 -0.1890 0.1388
vn -0.4696 0.8312 -0.2975
vn -0.2081 0.9318 0.2975
vn -0.4696 0.8312 0.2975
vn 0.1034 -0.0155 -0.9945
vn 0.7442 -0.6533 -0.1387
vn 0.8247 0.4811 -0.2975
vn 0.7442 -0.6534 -0.1388
vn 0.1035 -0.0154 0.9945
vn 0.7178 -0.6829 -0.1361
vn 0.7178 -0.6829 0.1360
vn 0.1035 -0.0154 -0.9945
vn -0.5097 0.8495 -0.1360
vn -0.8065 -0.5851 0.0854
vn 0.0075 0.1043 -0.9945
vn 0.0075 0.1043 0.9945
vn 0.0390 0.1317 0.9905
vn 0.6495 0.6997 -0.2974
vn -0.4751 0.8689 0.1388
vn 0.1370 0.0093 -0.9905
vn 0.6495 0.6998 -0.2975
vn 0.8247 0.4810 -0.2975
vn 0.8247 0.4810 0.2975
vn 0.0101 -0.1041 -0.9945
vn 0.0423 -0.1306 -0.9905
vn 0.6668 -0.6833 -0.2975
vn 0.6668 -0.6833 0.2974
vn -0.4533 -0.8805 -0.1388
vn 0.0423 -0.1306 0.9905
vn 0.0101 -0.1041 0.9945
vn -0.8208 0.5648 0.0854
vn -0.8208 0.5648 -0.0854
vn -0.4884 -0.8620 -0.1361
vn -0.4884 -0.8620 0.1360
vn 0.1031 0.0180 -0.9945
vn 0.1031 0.0180 0.9945
vn 0.7005 0.7005 0.1361
vn 0.7005 0.7005 -0.1360
vn 0.1030 0.0180 -0.9945
vn 0.1030 0.0180 0.9945
vn 0.1372 -0.0059 0.9905
vn 0.8364 -0.4604 -0.2974
vn 0.7277 0.6717 0.1388
vn 0.0423 -0.1307 -0.9905
vn 0.8364 -0.4603 -0.2975
vn 0.6667 -0.6833 -0.2975
vn 0.0423 -0.1307 0.9905
vn 0.6667 -0.6834 0.2975
vn -0.0000 -0.9696 -0.2445
vn 0.1265 -0.9614 -0.2445
vn 0.1266 -0.9614 0.2445
vn -0.0000 -0.9696 0.2445
vn -0.0000 -0.8756 0.4830
vn 0.1143 -0.8682 0.4830
vn 0.0796 -0.6047 0.7925
vn -0.0000 -0.6099 0.7925
vn -0.0000 0.6064 0.7951
vn -0.0791 0.6012 0.7952
vn -0.1142 0.8670 0.4850
vn -0.0000 0.8745 0.4850
vn -0.0000 0.9693 0.2460
vn -0.1265 0.9610 0.2460
vn -0.1265 0.9610 -0.2460
vn -0.0000 0.9693 -0.2460
vn -0.0000 0.8745 -0.4850
vn -0.1141 0.8670 -0.4850
vn -0.0791 0.6012 -0.7952
vn -0.0000 0.6064 -0.7952
vn -0.0000 -0.6099 -0.7925
vn 0.0796 -0.6047 -0.7925
vn 0.1143 -0.8682 -0.4830
vn -0.0000 -0.8756 -0.4830
vn 0.1266 -0.9614 -0.2445
vn 0.2509 -0.9366 -0.2445
vn 0.2510 -0.9366 0.2445
vn 0.1266 -0.9613 0.2445
vn 0.2266 -0.8458 0.4830
vn 0.1578 -0.5891 0.7925
vn -0.0792 0.6012 0.7952
vn -0.1569 0.5858 0.7952
vn -0.2263 0.8447 0.4850
vn -0.2508 0.9363 0.2460
vn -0.2509 0.9363 -0.2460
vn -0.2263 0.8447 -0.4850
vn -0.1569 0.5858 -0.7952
vn -0.0792 0.6012 -0.7952
vn 0.1578 -0.5891 -0.7925
vn 0.2266 -0.8458 -0.4830
vn 0.1143 -0.8681 -0.4830
vn 0.2510 -0.9366 -0.2445
vn 0.3710 -0.8958 -0.2445
vn 0.3711 -0.8958 0.2445
vn 0.3351 -0.8090 0.4830
vn 0.2334 -0.5635 0.7925
vn 0.1579 -0.5891 0.7925
vn -0.1570 0.5857 0.7952
vn -0.2320 0.5603 0.7952
vn -0.3347 0.8079 0.4850
vn -0.2264 0.8447 0.4850
vn -0.2509 0.9363 0.2460
vn -0.3709 0.8955 0.2460
vn -0.3709 0.8955 -0.2460
vn -0.2509 0.9362 -0.2460
vn -0.3346 0.8080 -0.4850
vn -0.2321 0.5603 -0.7952
vn -0.1570 0.5857 -0.7952
vn 0.1579 -0.5891 -0.7925
vn 0.2334 -0.5635 -0.7925
vn 0.3351 -0.8090 -0.4830
vn 0.3711 -0.8958 -0.2445
vn 0.4848 -0.8398 -0.2445
vn 0.4848 -0.8397 0.2445
vn 0.4378 -0.7583 0.4830
vn 0.3049 -0.5282 0.7925
vn -0.2321 0.5602 0.7952
vn -0.3032 0.5252 0.7952
vn -0.4372 0.7574 0.4850
vn -0.4846 0.8394 0.2460
vn -0.4847 0.8394 -0.2460
vn -0.3710 0.8955 -0.2460
vn -0.3347 0.8079 -0.4850
vn -0.4372 0.7574 -0.4850
vn -0.3032 0.5252 -0.7952
vn -0.2321 0.5602 -0.7952
vn 0.3049 -0.5282 -0.7925
vn 0.4378 -0.7583 -0.4830
vn 0.4848 -0.8397 -0.2445
vn 0.5903 -0.7693 -0.2445
vn 0.5903 -0.7693 0.2445
vn 0.4849 -0.8397 0.2445
vn 0.5331 -0.6947 0.4830
vn 0.3713 -0.4839 0.7925
vn 0.3050 -0.5282 0.7925
vn -0.3691 0.4811 0.7952
vn -0.5324 0.6938 0.4850
vn -0.4373 0.7573 0.4850
vn -0.5900 0.7690 0.2460
vn -0.5900 0.7690 -0.2460
vn -0.4373 0.7573 -0.4850
vn -0.5324 0.6938 -0.4850
vn -0.3692 0.4811 -0.7952
vn 0.3050 -0.5282 -0.7925
vn 0.3713 -0.4839 -0.7925
vn 0.5330 -0.6947 -0.4830
vn 0.6856 -0.6857 -0.2445
vn 0.6856 -0.6856 0.2445
vn 0.6192 -0.6192 0.4830
vn 0.4313 -0.4313 0.7925
vn -0.3692 0.4811 0.7952
vn -0.4288 0.4288 0.7952
vn -0.6184 0.6184 0.4850
vn -0.5901 0.7690 0.2460
vn -0.6854 0.6854 0.2460
vn -0.6854 0.6854 -0.2460
vn -0.5901 0.7690 -0.2460
vn -0.6184 0.6184 -0.4850
vn -0.4288 0.4288 -0.7952
vn 0.4313 -0.4313 -0.7925
vn 0.6192 -0.6192 -0.4830
vn 0.5331 -0.6947 -0.4830
vn 0.6856 -0.6856 -0.2445
vn 0.7693 -0.5903 -0.2445
vn 0.7693 -0.5903 0.2445
vn 0.6857 -0.6856 0.2445
vn 0.6947 -0.5331 0.4830
vn 0.4839 -0.3713 0.7925
vn -0.4811 0.3692 0.7952
vn -0.6938 0.5324 0.4850
vn -0.7690 0.5901 0.2460
vn -0.7690 0.5901 -0.2460
vn -0.6938 0.5324 -0.4850
vn -0.4811 0.3692 -0.7952
vn 0.4839 -0.3713 -0.7925
vn 0.6947 -0.5331 -0.4830
vn 0.8397 -0.4849 -0.2445
vn 0.8397 -0.4848 0.2445
vn 0.6947 -0.5330 0.4830
vn 0.7583 -0.4378 0.4830
vn 0.5282 -0.3050 0.7925
vn -0.5252 0.3032 0.7952
vn -0.7574 0.4373 0.4850
vn -0.8394 0.4847 0.2460
vn -0.8394 0.4846 -0.2459
vn -0.7690 0.5900 -0.2460
vn -0.7573 0.4373 -0.4850
vn -0.5252 0.3032 -0.7952
vn -0.4811 0.3691 -0.7952
vn 0.5282 -0.3050 -0.7925
vn 0.7583 -0.4378 -0.4830
vn 0.8397 -0.4848 -0.2445
vn 0.8958 -0.3711 -0.2445
vn 0.8958 -0.3711 0.2445
vn 0.8398 -0.4848 0.2445
vn 0.8090 -0.3351 0.4830
vn 0.5635 -0.2334 0.7925
vn 0.5282 -0.3049 0.7925
vn -0.5602 0.2321 0.7952
vn -0.8079 0.3347 0.4850
vn -0.7574 0.4372 0.4850
vn -0.8394 0.4846 0.2460
vn -0.8955 0.3709 0.2460
vn -0.8955 0.3709 -0.2460
vn -0.8394 0.4846 -0.2460
vn -0.8079 0.3347 -0.4850
vn -0.5602 0.2321 -0.7952
vn 0.5282 -0.3049 -0.7925
vn 0.5635 -0.2334 -0.7925
vn 0.8090 -0.3351 -0.4830
vn 0.9366 -0.2510 -0.2445
vn 0.9366 -0.2510 0.2445
vn 0.8958 -0.3710 0.2445
vn 0.8458 -0.2266 0.4830
vn 0.5891 -0.1579 0.7925
vn -0.5603 0.2321 0.7952
vn -0.5857 0.1570 0.7952
vn -0.8447 0.2264 0.4850
vn -0.8080 0.3346 0.4850
vn -0.9362 0.2509 0.2460
vn -0.9362 0.2509 -0.2460
vn -0.8447 0.2264 -0.4850
vn -0.5857 0.1570 -0.7952
vn -0.5603 0.2320 -0.7952
vn 0.5891 -0.1579 -0.7925
vn 0.8458 -0.2266 -0.4830
vn 0.9613 -0.1266 -0.2445
vn 0.9614 -0.1266 0.2445
vn 0.9366 -0.2509 0.2445
vn 0.8682 -0.1143 0.4830
vn 0.6047 -0.0796 0.7925
vn 0.5891 -0.1578 0.7925
vn -0.5857 0.1569 0.7952
vn -0.6012 0.0792 0.7952
vn -0.8670 0.1142 0.4850
vn -0.8447 0.2263 0.4850
vn -0.9363 0.2509 0.2460
vn -0.9610 0.1265 0.2460
vn -0.9610 0.1265 -0.2460
vn -0.9363 0.2508 -0.2460
vn -0.8447 0.2263 -0.4850
vn -0.8670 0.1142 -0.4850
vn -0.6012 0.0792 -0.7952
vn -0.5858 0.1569 -0.7952
vn 0.5891 -0.1578 -0.7925
vn 0.6047 -0.0796 -0.7925
vn 0.8682 -0.1143 -0.4830
vn 0.9614 -0.1266 -0.2445
vn 0.9696 -0.0000 -0.2445
vn 0.9696 -0.0000 0.2445
vn 0.9614 -0.1265 0.2445
vn 0.8756 -0.0000 0.4830
vn 0.6099 -0.0000 0.7925
vn -0.6012 0.0791 0.7952
vn -0.6064 -0.0000 0.7952
vn -0.8745 -0.0000 0.4850
vn -0.8670 0.1141 0.4850
vn -0.9693 -0.0000 0.2460
vn -0.9693 -0.0000 -0.2460
vn -0.8670 0.1141 -0.4850
vn -0.8745 -0.0000 -0.4850
vn -0.6064 -0.0000 -0.7952
vn -0.6012 0.0791 -0.7952
vn 0.6099 -0.0000 -0.7925
vn 0.8756 -0.0000 -0.4830
vn 0.9614 0.1265 -0.2445
vn 0.9614 0.1266 0.2445
vn 0.8682 0.1143 0.4830
vn 0.6047 0.0796 0.7925
vn -0.6012 -0.0791 0.7952
vn -0.8670 -0.1141 0.4850
vn -0.9610 -0.1265 0.2460
vn -0.9610 -0.1265 -0.2460
vn -0.8670 -0.1141 -0.4850
vn -0.6012 -0.0791 -0.7952
vn 0.6047 0.0796 -0.7925
vn 0.8682 0.1143 -0.4830
vn 0.9614 0.1266 -0.2445
vn 0.9366 0.2509 -0.2445
vn 0.9366 0.2510 0.2445
vn 0.9613 0.1266 0.2445
vn 0.8681 0.1143 0.4830
vn 0.8458 0.2266 0.4830
vn 0.5891 0.1578 0.7925
vn -0.6012 -0.0792 0.7952
vn -0.5858 -0.1569 0.7952
vn -0.8447 -0.2263 0.4850
vn -0.8670 -0.1142 0.4850
vn -0.9363 -0.2508 0.2460
vn -0.9363 -0.2509 -0.2460
vn -0.8670 -0.1142 -0.4850
vn -0.8447 -0.2263 -0.4850
vn -0.5858 -0.1569 -0.7952
vn -0.6012 -0.0792 -0.7952
vn 0.5891 0.1578 -0.7925
vn 0.8458 0.2266 -0.4830
vn 0.8681 0.1143 -0.4830
vn 0.9366 0.2510 -0.2445
vn 0.8958 0.3710 -0.2445
vn 0.8958 0.3711 0.2445
vn 0.8090 0.3351 0.4830
vn 0.5635 0.2334 0.7925
vn 0.5891 0.1579 0.7925
vn -0.5857 -0.1570 0.7952
vn -0.5603 -0.2320 0.7952
vn -0.8079 -0.3347 0.4850
vn -0.8447 -0.2264 0.4850
vn -0.9363 -0.2509 0.2460
vn -0.8955 -0.3709 0.2460
vn -0.8955 -0.3709 -0.2460
vn -0.9362 -0.2509 -0.2460
vn -0.8080 -0.3346 -0.4850
vn -0.5603 -0.2321 -0.7952
vn -0.5857 -0.1570 -0.7952
vn 0.5891 0.1579 -0.7925
vn 0.5635 0.2334 -0.7925
vn 0.8090 0.3351 -0.4830
vn 0.8458 0.2267 -0.4830
vn 0.8958 0.3711 -0.2445
vn 0.8398 0.4848 -0.2445
vn 0.8397 0.4848 0.2445
vn 0.7583 0.4378 0.4830
vn 0.5282 0.3049 0.7925
vn -0.5602 -0.2321 0.7952
vn -0.5252 -0.3032 0.7952
vn -0.7574 -0.4372 0.4850
vn -0.8394 -0.4846 0.2460
vn -0.8394 -0.4847 -0.2460
vn -0.8955 -0.3710 -0.2460
vn -0.8079 -0.3347 -0.4850
vn -0.7574 -0.4372 -0.4850
vn -0.5252 -0.3032 -0.7952
vn -0.5602 -0.2321 -0.7952
vn 0.5282 0.3049 -0.7925
vn 0.7583 0.4378 -0.4830
vn 0.8397 0.4848 -0.2445
vn 0.7693 0.5903 -0.2445
vn 0.7693 0.5903 0.2445
vn 0.8397 0.4849 0.2445
vn 0.6947 0.5330 0.4830
vn 0.4839 0.3713 0.7925
vn 0.5282 0.3050 0.7925
vn -0.4811 -0.3691 0.7952
vn -0.6938 -0.5324 0.4850
vn -0.7573 -0.4373 0.4850
vn -0.7690 -0.5900 0.2460
vn -0.7690 -0.5901 -0.2460
vn -0.7573 -0.4373 -0.4850
vn -0.6938 -0.5324 -0.4850
vn -0.4811 -0.3692 -0.7952
vn 0.5282 0.3050 -0.7925
vn 0.4839 0.3713 -0.7925
vn 0.6947 0.5330 -0.4830
vn 0.6857 0.6856 -0.2445
vn 0.6856 0.6856 0.2445
vn 0.6947 0.5331 0.4830
vn 0.6192 0.6192 0.4830
vn 0.4313 0.4313 0.7925
vn -0.4811 -0.3692 0.7952
vn -0.4288 -0.4288 0.7952
vn -0.6184 -0.6184 0.4850
vn -0.7690 -0.5901 0.2460
vn -0.6854 -0.6854 0.2460
vn -0.6854 -0.6854 -0.2460
vn -0.6184 -0.6184 -0.4850
vn -0.4288 -0.4288 -0.7952
vn 0.4313 0.4313 -0.7925
vn 0.6192 0.6192 -0.4830
vn 0.6947 0.5331 -0.4830
vn 0.6856 0.6856 -0.2445
vn 0.5903 0.7693 -0.2445
vn 0.5903 0.7693 0.2445
vn 0.6856 0.6857 0.2445
vn 0.5331 0.6947 0.4830
vn 0.3713 0.4839 0.7925
vn -0.3692 -0.4811 0.7952
vn -0.5324 -0.6938 0.4850
vn -0.5901 -0.7690 0.2460
vn -0.5901 -0.7690 -0.2460
vn -0.5324 -0.6938 -0.4850
vn -0.3692 -0.4811 -0.7952
vn 0.3713 0.4839 -0.7925
vn 0.5331 0.6947 -0.4830
vn 0.4849 0.8397 -0.2445
vn 0.4848 0.8397 0.2445
vn 0.5330 0.6947 0.4830
vn 0.4378 0.7583 0.4830
vn 0.3050 0.5282 0.7925
vn -0.3691 -0.4811 0.7952
vn -0.3032 -0.5252 0.7952
vn -0.4373 -0.7573 0.4850
vn -0.4847 -0.8394 0.2460
vn -0.4846 -0.8394 -0.2460
vn -0.5900 -0.7690 -0.2460
vn -0.4373 -0.7573 -0.4850
vn -0.3032 -0.5252 -0.7952
vn -0.3691 -0.4811 -0.7952
vn 0.3050 0.5282 -0.7925
vn 0.4378 0.7583 -0.4830
vn 0.4848 0.8397 -0.2445
vn 0.3711 0.8958 -0.2445
vn 0.3711 0.8958 0.2445
vn 0.4848 0.8398 0.2445
vn 0.3351 0.8090 0.4830
vn 0.2334 0.5635 0.7925
vn 0.3049 0.5282 0.7925
vn -0.2321 -0.5602 0.7952
vn -0.3347 -0.8079 0.4850
vn -0.4372 -0.7574 0.4850
vn -0.4846 -0.8394 0.2460
vn -0.3710 -0.8955 0.2460
vn -0.3709 -0.8955 -0.2460
vn -0.4372 -0.7574 -0.4850
vn -0.3347 -0.8079 -0.4850
vn -0.2321 -0.5602 -0.7952
vn 0.3049 0.5282 -0.7925
vn 0.2334 0.5635 -0.7925
vn 0.3351 0.8090 -0.4830
vn 0.2510 0.9366 -0.2445
vn 0.2510 0.9366 0.2445
vn 0.3710 0.8958 0.2445
vn 0.2266 0.8458 0.4830
vn 0.1579 0.5891 0.7925
vn -0.2321 -0.5603 0.7952
vn -0.1570 -0.5857 0.7952
vn -0.2263 -0.8447 0.4850
vn -0.3346 -0.8079 0.4850
vn -0.3709 -0.8955 0.2460
vn -0.2509 -0.9362 0.2460
vn -0.2509 -0.9363 -0.2460
vn -0.3346 -0.8080 -0.4850
vn -0.2264 -0.8447 -0.4850
vn -0.1570 -0.5857 -0.7952
vn -0.2320 -0.5603 -0.7952
vn 0.1579 0.5891 -0.7925
vn 0.2266 0.8458 -0.4830
vn 0.1266 0.9613 -0.2445
vn 0.1266 0.9614 0.2445
vn 0.2509 0.9366 0.2445
vn 0.1143 0.8682 0.4830
vn 0.0796 0.6047 0.7925
vn 0.1578 0.5891 0.7925
vn -0.1569 -0.5858 0.7952
vn -0.0792 -0.6012 0.7952
vn -0.1142 -0.8670 0.4850
vn -0.2509 -0.9363 0.2460
vn -0.1265 -0.9610 0.2460
vn -0.1265 -0.9610 -0.2460
vn -0.2508 -0.9363 -0.2460
vn -0.2263 -0.8447 -0.4850
vn -0.1142 -0.8670 -0.4850
vn -0.0792 -0.6012 -0.7952
vn -0.1569 -0.5858 -0.7952
vn 0.1578 0.5891 -0.7925
vn 0.0796 0.6047 -0.7925
vn 0.1143 0.8682 -0.4830
vn 0.1266 0.9614 -0.2445
vn -0.0000 0.9696 -0.2445
vn -0.0000 0.9696 0.2445
vn 0.1265 0.9614 0.2445
vn -0.0000 0.8756 0.4830
vn -0.0000 0.6099 0.7925
vn -0.0791 -0.6012 0.7951
vn -0.0000 -0.6064 0.7952
vn -0.0000 -0.8745 0.4850
vn -0.1141 -0.8670 0.4850
vn -0.0000 -0.9693 0.2460
vn -0.0000 -0.9693 -0.2459
vn -0.1141 -0.8670 -0.4850
vn -0.0000 -0.8745 -0.4850
vn -0.0000 -0.6064 -0.7952
vn -0.0791 -0.6012 -0.7952
vn -0.0000 0.6099 -0.7925
vn -0.0000 0.8756 -0.4830
vn -0.1265 0.9614 -0.2445
vn -0.1266 0.9614 0.2445
vn -0.1143 0.8682 0.4830
vn -0.0796 0.6047 0.7925
vn 0.0791 -0.6012 0.7952
vn 0.1141 -0.8670 0.4850
vn 0.1265 -0.9610 0.2460
vn 0.1265 -0.9610 -0.2460
vn -0.0000 -0.9693 -0.2460
vn 0.1141 -0.8670 -0.4850
vn 0.0791 -0.6012 -0.7952
vn -0.0796 0.6047 -0.7925
vn -0.1143 0.8682 -0.4830
vn -0.1266 0.9614 -0.2445
vn -0.2509 0.9366 -0.2445
vn -0.2510 0.9366 0.2445
vn -0.1266 0.9613 0.2445
vn -0.2266 0.8458 0.4830
vn -0.1578 0.5891 0.7925
vn 0.0792 -0.6012 0.7952
vn 0.1569 -0.5858 0.7952
vn 0.2263 -0.8447 0.4850
vn 0.1142 -0.8670 0.4850
vn 0.2508 -0.9363 0.2460
vn 0.2509 -0.9363 -0.2459
vn 0.1142 -0.8670 -0.4850
vn 0.2263 -0.8447 -0.4850
vn 0.1569 -0.5858 -0.7952
vn 0.0792 -0.6012 -0.7952
vn -0.1578 0.5891 -0.7925
vn -0.2266 0.8458 -0.4830
vn -0.2510 0.9366 -0.2445
vn -0.3710 0.8958 -0.2445
vn -0.3711 0.8958 0.2445
vn -0.3351 0.8090 0.4830
vn -0.2334 0.5635 0.7925
vn -0.1579 0.5891 0.7925
vn 0.1570 -0.5857 0.7952
vn 0.2320 -0.5603 0.7952
vn 0.3346 -0.8080 0.4850
vn 0.2264 -0.8447 0.4850
vn 0.2509 -0.9363 0.2460
vn 0.3709 -0.8955 0.2460
vn 0.3709 -0.8955 -0.2460
vn 0.2509 -0.9362 -0.2460
vn 0.3346 -0.8080 -0.4850
vn 0.2321 -0.5603 -0.7952
vn 0.1570 -0.5857 -0.7952
vn -0.1579 0.5891 -0.7925
vn -0.2334 0.5635 -0.7925
vn -0.3351 0.8090 -0.4830
vn -0.3711 0.8958 -0.2445
vn -0.4848 0.8398 -0.2445
vn -0.4848 0.8397 0.2445
vn -0.4378 0.7583 0.4830
vn -0.3049 0.5282 0.7925
vn 0.2321 -0.5602 0.7952
vn 0.3032 -0.5252 0.7952
vn 0.4372 -0.7574 0.4850
vn 0.3347 -0.8079 0.4850
vn 0.4846 -0.8394 0.2460
vn 0.4846 -0.8394 -0.2460
vn 0.3710 -0.8955 -0.2460
vn 0.3347 -0.8079 -0.4850
vn 0.4372 -0.7574 -0.4850
vn 0.3032 -0.5252 -0.7952
vn 0.2321 -0.5602 -0.7952
vn -0.3049 0.5282 -0.7925
vn -0.4378 0.7583 -0.4830
vn -0.4848 0.8397 -0.2445
vn -0.5903 0.7693 -0.2445
vn -0.5903 0.7693 0.2445
vn -0.4849 0.8397 0.2445
vn -0.5331 0.6947 0.4830
vn -0.3713 0.4839 0.7925
vn -0.3050 0.5282 0.7925
vn 0.3691 -0.4811 0.7952
vn 0.5324 -0.6938 0.4850
vn 0.4373 -0.7573 0.4850
vn 0.5900 -0.7690 0.2460
vn 0.5900 -0.7690 -0.2460
vn 0.4847 -0.8394 -0.2460
vn 0.4373 -0.7573 -0.4850
vn 0.5324 -0.6938 -0.4850
vn 0.3692 -0.4811 -0.7952
vn -0.3050 0.5282 -0.7925
vn -0.3713 0.4839 -0.7925
vn -0.5330 0.6947 -0.4830
vn -0.6856 0.6857 -0.2445
vn -0.6856 0.6856 0.2445
vn -0.6192 0.6192 0.4830
vn -0.4313 0.4313 0.7925
vn 0.3692 -0.4811 0.7952
vn 0.4288 -0.4288 0.7952
vn 0.6184 -0.6184 0.4850
vn 0.5901 -0.7690 0.2460
vn 0.6854 -0.6854 0.2460
vn 0.6854 -0.6854 -0.2460
vn 0.5901 -0.7690 -0.2460
vn 0.6184 -0.6184 -0.4850
vn 0.4288 -0.4288 -0.7952
vn -0.4313 0.4313 -0.7925
vn -0.6192 0.6192 -0.4830
vn -0.5331 0.6947 -0.4830
vn -0.6856 0.6856 -0.2445
vn -0.7693 0.5903 -0.2445
vn -0.7693 0.5903 0.2445
vn -0.6857 0.6856 0.2445
vn -0.6947 0.5331 0.4830
vn -0.4839 0.3713 0.7925
vn 0.4811 -0.3692 0.7952
vn 0.6938 -0.5324 0.4850
vn 0.7690 -0.5901 0.2460
vn 0.7690 -0.5901 -0.2460
vn 0.6938 -0.5324 -0.4850
vn 0.4811 -0.3692 -0.7952
vn -0.4839 0.3713 -0.7925
vn -0.6947 0.5331 -0.4830
vn -0.8397 0.4848 -0.2445
vn -0.8397 0.4848 0.2445
vn -0.6947 0.5330 0.4830
vn -0.7583 0.4378 0.4830
vn -0.5282 0.3050 0.7925
vn 0.5252 -0.3032 0.7952
vn 0.7574 -0.4373 0.4850
vn 0.7690 -0.5900 0.2460
vn 0.8394 -0.4847 0.2460
vn 0.8394 -0.4846 -0.2460
vn 0.7690 -0.5900 -0.2460
vn 0.7573 -0.4373 -0.4850
vn 0.5252 -0.3032 -0.7952
vn 0.4811 -0.3691 -0.7952
vn -0.5282 0.3050 -0.7925
vn -0.7583 0.4378 -0.4830
vn -0.8958 0.3711 -0.2445
vn -0.8958 0.3711 0.2445
vn -0.8398 0.4848 0.2445
vn -0.8090 0.3351 0.4830
vn -0.5635 0.2334 0.7925
vn -0.5282 0.3049 0.7925
vn 0.5602 -0.2321 0.7952
vn 0.8079 -0.3347 0.4850
vn 0.7574 -0.4372 0.4850
vn 0.8394 -0.4846 0.2460
vn 0.8955 -0.3709 0.2460
vn 0.8955 -0.3709 -0.2460
vn 0.8079 -0.3347 -0.4850
vn 0.5602 -0.2321 -0.7952
vn -0.5282 0.3049 -0.7925
vn -0.5635 0.2334 -0.7925
vn -0.8090 0.3351 -0.4830
vn -0.9366 0.2510 -0.2445
vn -0.9366 0.2510 0.2445
vn -0.8958 0.3710 0.2445
vn -0.8458 0.2267 0.4830
vn -0.5891 0.1579 0.7925
vn 0.5603 -0.2321 0.7952
vn 0.5857 -0.1570 0.7952
vn 0.8447 -0.2264 0.4850
vn 0.8079 -0.3346 0.4850
vn 0.9362 -0.2509 0.2460
vn 0.9363 -0.2509 -0.2460
vn 0.8080 -0.3346 -0.4850
vn 0.8447 -0.2264 -0.4850
vn 0.5857 -0.1570 -0.7952
vn 0.5603 -0.2320 -0.7952
vn -0.5891 0.1579 -0.7925
vn -0.8458 0.2266 -0.4830
vn -0.9613 0.1266 -0.2445
vn -0.9614 0.1266 0.2445
vn -0.9366 0.2509 0.2445
vn -0.8458 0.2266 0.4830
vn -0.8682 0.1143 0.4830
vn -0.6047 0.0796 0.7925
vn -0.5891 0.1578 0.7925
vn 0.5857 -0.1569 0.7952
vn 0.6012 -0.0792 0.7952
vn 0.8670 -0.1142 0.4850
vn 0.8447 -0.2263 0.4850
vn 0.9363 -0.2509 0.2460
vn 0.9610 -0.1265 0.2460
vn 0.9610 -0.1265 -0.2460
vn 0.9363 -0.2508 -0.2460
vn 0.8447 -0.2263 -0.4850
vn 0.8670 -0.1142 -0.4850
vn 0.6012 -0.0792 -0.7952
vn 0.5857 -0.1569 -0.7952
vn -0.5891 0.1578 -0.7925
vn -0.6047 0.0796 -0.7925
vn -0.8681 0.1143 -0.4830
vn -0.9614 0.1266 -0.2445
vn -0.9696 -0.0000 -0.2445
vn -0.9696 -0.0000 0.2445
vn -0.9614 0.1265 0.2445
vn -0.8756 -0.0000 0.4830
vn -0.6099 -0.0000 0.7925
vn 0.6012 -0.0791 0.7952
vn 0.6064 -0.0000 0.7952
vn 0.8745 -0.0000 0.4850
vn 0.8670 -0.1141 0.4850
vn 0.9693 -0.0000 0.2460
vn 0.9693 -0.0000 -0.2460
vn 0.8745 -0.0000 -0.4850
vn 0.6064 -0.0000 -0.7952
vn 0.6012 -0.0791 -0.7952
vn -0.6099 -0.0000 -0.7925
vn -0.8756 -0.0000 -0.4830
vn -0.8682 0.1143 -0.4830
vn -0.9614 -0.1265 -0.2445
vn -0.9614 -0.1266 0.2445
vn -0.8682 -0.1143 0.4830
vn -0.6047 -0.0796 0.7925
vn 0.6012 0.0791 0.7952
vn 0.8670 0.1141 0.4850
vn 0.9610 0.1265 0.2460
vn 0.9610 0.1265 -0.2460
vn 0.8670 0.1141 -0.4850
vn 0.6012 0.0791 -0.7952
vn -0.6047 -0.0796 -0.7925
vn -0.8682 -0.1143 -0.4830
vn -0.9614 -0.1266 -0.2445
vn -0.9366 -0.2509 -0.2445
vn -0.9366 -0.2510 0.2445
vn -0.9613 -0.1266 0.2445
vn -0.8458 -0.2266 0.4830
vn -0.5891 -0.1578 0.7925
vn 0.6012 0.0792 0.7952
vn 0.5858 0.1569 0.7952
vn 0.8447 0.2263 0.4850
vn 0.8670 0.1142 0.4850
vn 0.9363 0.2508 0.2460
vn 0.9363 0.2509 -0.2460
vn 0.8447 0.2263 -0.4850
vn 0.5858 0.1569 -0.7952
vn 0.6012 0.0792 -0.7952
vn -0.5891 -0.1578 -0.7925
vn -0.8458 -0.2266 -0.4830
vn -0.8681 -0.1143 -0.4830
vn -0.9366 -0.2510 -0.2445
vn -0.8958 -0.3710 -0.2445
vn -0.8958 -0.3711 0.2445
vn -0.8090 -0.3351 0.4830
vn -0.5635 -0.2334 0.7925
vn -0.5891 -0.1579 0.7925
vn 0.5857 0.1570 0.7951
vn 0.5603 0.2320 0.7951
vn 0.8079 0.3347 0.4850
vn 0.8447 0.2264 0.4850
vn 0.9363 0.2509 0.2460
vn 0.8955 0.3709 0.2460
vn 0.8955 0.3709 -0.2460
vn 0.9362 0.2509 -0.2460
vn 0.8080 0.3346 -0.4850
vn 0.5603 0.2321 -0.7951
vn 0.5857 0.1570 -0.7952
vn -0.5891 -0.1579 -0.7925
vn -0.5635 -0.2334 -0.7925
vn -0.8090 -0.3351 -0.4830
vn -0.8958 -0.3711 -0.2445
vn -0.8398 -0.4848 -0.2445
vn -0.8397 -0.4848 0.2445
vn -0.7583 -0.4378 0.4830
vn -0.5282 -0.3049 0.7925
vn 0.5602 0.2321 0.7952
vn 0.5252 0.3032 0.7952
vn 0.7573 0.4373 0.4850
vn 0.8394 0.4846 0.2460
vn 0.8394 0.4847 -0.2460
vn 0.8955 0.3710 -0.2460
vn 0.8079 0.3347 -0.4850
vn 0.7574 0.4372 -0.4850
vn 0.5252 0.3032 -0.7952
vn 0.5602 0.2321 -0.7952
vn -0.5282 -0.3049 -0.7925
vn -0.7583 -0.4378 -0.4830
vn -0.8397 -0.4848 -0.2445
vn -0.7693 -0.5903 -0.2445
vn -0.7693 -0.5903 0.2445
vn -0.6947 -0.5331 0.4830
vn -0.4839 -0.3713 0.7925
vn -0.5282 -0.3050 0.7925
vn 0.4811 0.3691 0.7952
vn 0.6938 0.5324 0.4850
vn 0.7690 0.5900 0.2460
vn 0.7690 0.5900 -0.2460
vn 0.7574 0.4373 -0.4850
vn 0.6938 0.5324 -0.4850
vn 0.4811 0.3692 -0.7952
vn -0.5282 -0.3050 -0.7925
vn -0.4839 -0.3713 -0.7925
vn -0.6947 -0.5330 -0.4830
vn -0.6857 -0.6856 -0.2445
vn -0.6856 -0.6856 0.2445
vn -0.6192 -0.6192 0.4830
vn -0.4313 -0.4313 0.7925
vn 0.4811 0.3692 0.7952
vn 0.4288 0.4288 0.7952
vn 0.6184 0.6184 0.4850
vn 0.7690 0.5901 0.2460
vn 0.6854 0.6854 0.2460
vn 0.6854 0.6854 -0.2460
vn 0.7690 0.5901 -0.2460
vn 0.6184 0.6184 -0.4850
vn 0.4288 0.4288 -0.7952
vn -0.4313 -0.4313 -0.7925
vn -0.6192 -0.6192 -0.4830
vn -0.6947 -0.5331 -0.4830
vn -0.6856 -0.6856 -0.2445
vn -0.5903 -0.7693 -0.2445
vn -0.5903 -0.7693 0.2445
vn -0.6856 -0.6857 0.2445
vn -0.5331 -0.6947 0.4830
vn -0.3713 -0.4839 0.7925
vn 0.3692 0.4811 0.7952
vn 0.5324 0.6938 0.4850
vn 0.5901 0.7690 0.2460
vn 0.5901 0.7690 -0.2460
vn 0.5324 0.6938 -0.4850
vn 0.3692 0.4811 -0.7952
vn -0.3713 -0.4839 -0.7925
vn -0.5331 -0.6947 -0.4830
vn -0.4849 -0.8397 -0.2445
vn -0.4848 -0.8397 0.2445
vn -0.5330 -0.6947 0.4830
vn -0.4378 -0.7583 0.4830
vn -0.3050 -0.5282 0.7925
vn 0.3691 0.4811 0.7952
vn 0.3032 0.5252 0.7952
vn 0.4373 0.7574 0.4850
vn 0.4847 0.8394 0.2460
vn 0.4846 0.8394 -0.2460
vn 0.5900 0.7690 -0.2460
vn 0.4373 0.7573 -0.4850
vn 0.3032 0.5252 -0.7952
vn 0.3691 0.4811 -0.7952
vn -0.3050 -0.5282 -0.7925
vn -0.4378 -0.7583 -0.4830
vn -0.4848 -0.8397 -0.2445
vn -0.3711 -0.8958 -0.2445
vn -0.3711 -0.8958 0.2445
vn -0.4848 -0.8398 0.2445
vn -0.3351 -0.8090 0.4830
vn -0.2334 -0.5635 0.7925
vn -0.3049 -0.5282 0.7925
vn 0.2321 0.5602 0.7952
vn 0.3347 0.8079 0.4850
vn 0.4372 0.7574 0.4850
vn 0.4846 0.8394 0.2460
vn 0.3710 0.8955 0.2460
vn 0.3709 0.8955 -0.2460
vn 0.4372 0.7574 -0.4850
vn 0.3347 0.8079 -0.4850
vn 0.2321 0.5602 -0.7952
vn -0.3049 -0.5282 -0.7925
vn -0.2334 -0.5635 -0.7925
vn -0.3351 -0.8090 -0.4830
vn -0.2510 -0.9366 -0.2445
vn -0.2510 -0.9366 0.2445
vn -0.3710 -0.8958 0.2445
vn -0.2266 -0.8458 0.4830
vn -0.1579 -0.5891 0.7925
vn 0.2321 0.5603 0.7952
vn 0.1570 0.5857 0.7952
vn 0.2264 0.8447 0.4850
vn 0.3346 0.8080 0.4850
vn 0.3709 0.8955 0.2460
vn 0.2509 0.9362 0.2460
vn 0.2509 0.9363 -0.2460
vn 0.3346 0.8080 -0.4850
vn 0.2264 0.8447 -0.4850
vn 0.1570 0.5857 -0.7952
vn 0.2320 0.5603 -0.7952
vn -0.1579 -0.5891 -0.7925
vn -0.2266 -0.8458 -0.4830
vn -0.1266 -0.9613 -0.2445
vn -0.1266 -0.9614 0.2445
vn -0.2509 -0.9366 0.2445
vn -0.1143 -0.8681 0.4830
vn -0.0796 -0.6047 0.7925
vn -0.1578 -0.5891 0.7925
vn 0.1569 0.5858 0.7952
vn 0.0792 0.6012 0.7952
vn 0.1141 0.8670 0.4850
vn 0.2263 0.8447 0.4850
vn 0.2509 0.9363 0.2460
vn 0.1265 0.9610 0.2460
vn 0.1265 0.9610 -0.2460
vn 0.2508 0.9363 -0.2460
vn 0.2263 0.8447 -0.4850
vn 0.1142 0.8670 -0.4850
vn 0.0792 0.6012 -0.7952
vn 0.1569 0.5858 -0.7952
vn -0.1578 -0.5891 -0.7925
vn -0.0796 -0.6047 -0.7925
vn -0.1143 -0.8682 -0.4830
vn -0.1265 -0.9614 0.2445
vn -0.1266 -0.9614 -0.2445
vn -0.1143 -0.8682 0.4830
vn 0.0791 0.6012 0.7951
vn -0.0000 0.6064 0.7952
vn -0.0000 0.9693 -0.2459
vn 0.0791 0.6012 -0.7952
vn 0.1141 0.8670 -0.4850
vn -0.1333 0.9817 0.1361
vn -0.1333 -0.9817 -0.1361
vn 0.9709 0.1931 0.1416
vn 0.9721 0.1933 0.1328
vn 0.8231 -0.5500 0.1416
vn 0.8241 -0.5507 0.1328
vn 0.7008 -0.7009 0.1328
vn 0.3788 -0.9146 0.1416
vn 0.1933 -0.9721 0.1328
vn -0.5500 -0.8231 0.1416
vn -0.5507 -0.8241 0.1328
vn -0.7009 -0.7008 0.1328
vn -0.9146 -0.3788 0.1416
vn -0.9709 -0.1931 0.1416
vn -0.9721 -0.1933 0.1328
vn -0.8231 0.5500 0.1416
vn -0.8241 0.5507 0.1328
vn -0.7008 0.7009 0.1328
vn -0.1933 0.9721 0.1328
vn 0.5500 0.8231 0.1416
vn 0.7009 0.7008 0.1328
vn 0.9146 0.3788 0.1416
vn 0.9546 -0.1899 -0.2293
vn 0.8993 -0.3725 -0.2293
vn 0.9734 -0.0000 -0.2293
vn 0.9303 -0.1850 0.3168
vn 0.9547 -0.1899 -0.2293
vn 0.9547 0.1899 -0.2293
vn 0.8992 -0.3725 -0.2293
vn 0.7887 -0.5269 0.3168
vn 0.8093 -0.5408 -0.2293
vn 0.1211 -0.0809 0.9893
vn 0.6883 -0.6883 -0.2293
vn 0.1030 -0.1029 0.9893
vn 0.6882 -0.6883 -0.2293
vn 0.5270 -0.7886 0.3168
vn 0.5408 -0.8093 -0.2293
vn 0.1030 -0.1030 0.9893
vn 0.5407 -0.8093 -0.2293
vn 0.3725 -0.8993 -0.2293
vn 0.3724 -0.8993 -0.2293
vn 0.1851 -0.9303 0.3168
vn 0.1899 -0.9547 -0.2293
vn -0.0000 -0.9734 -0.2293
vn -0.1850 -0.9303 0.3168
vn -0.1899 -0.9547 -0.2293
vn -0.1899 -0.9546 -0.2293
vn -0.3725 -0.8993 -0.2293
vn -0.3725 -0.8992 -0.2293
vn -0.5269 -0.7887 0.3168
vn -0.5408 -0.8093 -0.2293
vn -0.0809 -0.1211 0.9893
vn -0.6883 -0.6883 -0.2293
vn -0.1029 -0.1030 0.9893
vn -0.6883 -0.6882 -0.2293
vn -0.7886 -0.5270 0.3168
vn -0.8093 -0.5408 -0.2293
vn -0.1030 -0.1030 0.9893
vn -0.8093 -0.5407 -0.2293
vn -0.8993 -0.3725 -0.2293
vn -0.8993 -0.3724 -0.2293
vn -0.9303 -0.1851 0.3168
vn -0.9547 -0.1899 -0.2293
vn -0.9734 -0.0000 -0.2293
vn -0.9303 0.1850 0.3168
vn -0.9547 0.1899 -0.2293
vn -0.9546 0.1899 -0.2293
vn -0.8993 0.3725 -0.2293
vn -0.7887 0.5269 0.3168
vn -0.8093 0.5408 -0.2293
vn -0.1211 0.0809 0.9893
vn -0.6883 0.6883 -0.2293
vn -0.1030 0.1029 0.9893
vn -0.6882 0.6883 -0.2293
vn -0.5270 0.7886 0.3168
vn -0.5408 0.8093 -0.2293
vn -0.1030 0.1030 0.9893
vn -0.5407 0.8093 -0.2293
vn -0.3725 0.8993 -0.2293
vn -0.3724 0.8993 -0.2293
vn -0.1851 0.9303 0.3168
vn -0.1899 0.9547 -0.2293
vn -0.0000 0.9734 -0.2293
vn 0.1850 0.9303 0.3168
vn 0.1899 0.9547 -0.2293
vn 0.1899 0.9546 -0.2293
vn 0.3725 0.8993 -0.2293
vn 0.3725 0.8992 -0.2293
vn 0.5269 0.7887 0.3168
vn 0.5408 0.8093 -0.2293
vn 0.0809 0.1211 0.9893
vn 0.6883 0.6883 -0.2293
vn 0.1029 0.1030 0.9893
vn 0.6883 0.6882 -0.2293
vn 0.7886 0.5270 0.3168
vn 0.8093 0.5408 -0.2293
vn 0.1030 0.1030 0.9893
vn 0.8093 0.5407 -0.2293
vn 0.8993 0.3725 -0.2293
vn 0.8993 0.3724 -0.2293
vn 0.9303 0.1851 0.3168
vn 0.2792 -0.0555 0.9586
vn 0.2630 -0.1089 0.9586
vn 0.2367 -0.1581 0.9586
vn -0.0555 -0.2792 0.9586
vn -0.1089 -0.2630 0.9586
vn -0.1581 -0.2367 0.9586
vn -0.2792 0.0555 0.9586
vn -0.2630 0.1089 0.9586
vn -0.2367 0.1581 0.9586
vn 0.0555 0.2792 0.9586
vn 0.1089 0.2630 0.9586
vn 0.1581 0.2367 0.9586
vn 0.9798 -0.1949 -0.0446
vn 0.9798 -0.1949 0.0444
vn 0.9990 -0.0000 0.0444
vn 0.9990 -0.0000 -0.0446
vn 0.9798 0.1949 0.0444
vn 0.9798 0.1949 -0.0446
vn 0.9230 -0.3823 -0.0446
vn 0.9230 -0.3823 0.0444
vn 0.8307 -0.5550 -0.0446
vn 0.8307 -0.5550 0.0444
vn 0.9229 -0.3823 -0.0446
vn 0.0851 -0.0568 -0.9948
vn 0.7064 -0.7064 -0.0446
vn 0.7064 -0.7064 0.0444
vn 0.8306 -0.5551 0.0444
vn 0.8306 -0.5550 -0.0446
vn 0.5550 -0.8306 -0.0446
vn 0.5551 -0.8306 0.0444
vn 0.3823 -0.9229 -0.0446
vn 0.3823 -0.9230 0.0444
vn 0.5550 -0.8307 0.0444
vn 0.5550 -0.8307 -0.0446
vn 0.0338 -0.0506 -0.9982
vn 0.1949 -0.9798 -0.0446
vn 0.1949 -0.9798 0.0444
vn 0.3823 -0.9230 -0.0446
vn 0.0200 -0.1003 -0.9948
vn -0.0000 -0.9990 -0.0446
vn -0.0000 -0.9990 0.0444
vn -0.1949 -0.9798 -0.0446
vn -0.1949 -0.9798 0.0444
vn -0.3823 -0.9230 -0.0446
vn -0.3823 -0.9230 0.0444
vn -0.5550 -0.8307 -0.0446
vn -0.5550 -0.8307 0.0444
vn -0.3823 -0.9229 -0.0446
vn -0.7064 -0.7064 -0.0446
vn -0.7064 -0.7064 0.0444
vn -0.5551 -0.8306 0.0444
vn -0.5550 -0.8306 -0.0446
vn -0.8306 -0.5550 -0.0446
vn -0.8306 -0.5551 0.0444
vn -0.9229 -0.3823 -0.0446
vn -0.9230 -0.3823 0.0444
vn -0.8307 -0.5550 0.0444
vn -0.8307 -0.5550 -0.0446
vn -0.0506 -0.0338 -0.9982
vn -0.0945 -0.0391 -0.9948
vn -0.9798 -0.1949 -0.0446
vn -0.9798 -0.1949 0.0444
vn -0.9230 -0.3823 -0.0446
vn -0.1003 -0.0200 -0.9948
vn -0.9990 -0.0000 -0.0446
vn -0.9990 -0.0000 0.0444
vn -0.9798 0.1949 -0.0446
vn -0.9798 0.1949 0.0444
vn -0.9230 0.3823 -0.0446
vn -0.9230 0.3823 0.0444
vn -0.0562 0.0233 -0.9982
vn -0.0945 0.0391 -0.9948
vn -0.8307 0.5550 -0.0446
vn -0.8307 0.5550 0.0444
vn -0.9229 0.3823 -0.0446
vn -0.7064 0.7064 -0.0446
vn -0.7064 0.7064 0.0444
vn -0.8306 0.5551 0.0444
vn -0.8306 0.5550 -0.0446
vn -0.5550 0.8306 -0.0446
vn -0.5551 0.8306 0.0444
vn -0.3823 0.9229 -0.0446
vn -0.3823 0.9230 0.0444
vn -0.5550 0.8307 0.0444
vn -0.5550 0.8307 -0.0446
vn -0.0338 0.0506 -0.9982
vn -0.1949 0.9798 -0.0446
vn -0.1949 0.9798 0.0444
vn -0.3823 0.9230 -0.0446
vn -0.0000 0.9990 -0.0446
vn -0.0000 0.9990 0.0444
vn 0.1949 0.9798 -0.0446
vn 0.1949 0.9798 0.0444
vn 0.3823 0.9230 -0.0446
vn 0.3823 0.9230 0.0444
vn 0.0392 0.0945 -0.9948
vn 0.5550 0.8307 -0.0446
vn 0.5550 0.8307 0.0444
vn 0.3823 0.9229 -0.0446
vn 0.0338 0.0506 -0.9982
vn 0.7064 0.7064 -0.0446
vn 0.7064 0.7064 0.0444
vn 0.5551 0.8306 0.0444
vn 0.5550 0.8306 -0.0446
vn 0.8306 0.5550 -0.0446
vn 0.8306 0.5551 0.0444
vn 0.9229 0.3823 -0.0446
vn 0.9230 0.3823 0.0444
vn 0.8307 0.5550 0.0444
vn 0.8307 0.5550 -0.0446
vn 0.0506 0.0338 -0.9982
vn 0.0945 0.0391 -0.9948
vn 0.9230 0.3823 -0.0446
vn 0.1003 0.0200 -0.9948
vn 0.9792 0.1947 -0.0568
vn 0.8412 0.1673 -0.5142
vn 0.8577 -0.0000 -0.5142
vn 0.8570 -0.0000 -0.5154
vn 0.8412 -0.1673 -0.5142
vn 0.8405 -0.1672 -0.5154
vn 0.9228 -0.3822 -0.0473
vn 0.9792 -0.1948 -0.0568
vn 0.7924 -0.3282 -0.5142
vn 0.7132 -0.4765 -0.5142
vn 0.7126 -0.4761 -0.5154
vn 0.7917 -0.3280 -0.5154
vn 0.8305 -0.5549 -0.0473
vn 0.9224 -0.3821 -0.0568
vn 0.6065 -0.6065 -0.5142
vn 0.7125 -0.4761 -0.5154
vn 0.8301 -0.5547 -0.0568
vn 0.4765 -0.7131 -0.5142
vn 0.5550 -0.8305 -0.0473
vn 0.7059 -0.7060 -0.0568
vn 0.3282 -0.7924 -0.5142
vn 0.3823 -0.9228 -0.0473
vn 0.5546 -0.8301 -0.0568
vn 0.1672 -0.8405 -0.5154
vn 0.3279 -0.7917 -0.5154
vn 0.3820 -0.9224 -0.0568
vn 0.1673 -0.8412 -0.5142
vn -0.0000 -0.8577 -0.5142
vn 0.1947 -0.9792 -0.0568
vn -0.1673 -0.8412 -0.5142
vn -0.3279 -0.7918 -0.5153
vn -0.3822 -0.9228 -0.0473
vn -0.1948 -0.9792 -0.0568
vn -0.3282 -0.7924 -0.5142
vn -0.4765 -0.7132 -0.5142
vn -0.3279 -0.7917 -0.5154
vn -0.5549 -0.8305 -0.0473
vn -0.3821 -0.9224 -0.0568
vn -0.6065 -0.6065 -0.5142
vn -0.6060 -0.6060 -0.5154
vn -0.4761 -0.7125 -0.5154
vn -0.5547 -0.8301 -0.0568
vn -0.7131 -0.4765 -0.5142
vn -0.7125 -0.4761 -0.5154
vn -0.8305 -0.5550 -0.0473
vn -0.7060 -0.7059 -0.0568
vn -0.7924 -0.3282 -0.5142
vn -0.9228 -0.3823 -0.0473
vn -0.8301 -0.5546 -0.0568
vn -0.9224 -0.3820 -0.0568
vn -0.8412 -0.1673 -0.5142
vn -0.8577 -0.0000 -0.5142
vn -0.9792 -0.1947 -0.0568
vn -0.8412 0.1673 -0.5142
vn -0.7924 0.3282 -0.5142
vn -0.7917 0.3279 -0.5154
vn -0.9228 0.3822 -0.0473
vn -0.9792 0.1948 -0.0568
vn -0.7132 0.4765 -0.5142
vn -0.8305 0.5549 -0.0473
vn -0.9224 0.3821 -0.0568
vn -0.7131 0.4765 -0.5142
vn -0.6065 0.6065 -0.5142
vn -0.6060 0.6060 -0.5154
vn -0.7125 0.4761 -0.5154
vn -0.8301 0.5547 -0.0568
vn -0.4765 0.7131 -0.5142
vn -0.5550 0.8305 -0.0473
vn -0.7059 0.7060 -0.0568
vn -0.3280 0.7917 -0.5153
vn -0.4761 0.7126 -0.5154
vn -0.3823 0.9228 -0.0473
vn -0.5546 0.8301 -0.0568
vn -0.3282 0.7924 -0.5142
vn -0.1674 0.8412 -0.5142
vn -0.3279 0.7917 -0.5154
vn -0.3820 0.9224 -0.0568
vn -0.1673 0.8412 -0.5142
vn -0.0000 0.8577 -0.5142
vn -0.1947 0.9792 -0.0568
vn 0.1673 0.8412 -0.5142
vn 0.3282 0.7924 -0.5142
vn 0.3279 0.7917 -0.5154
vn 0.3822 0.9228 -0.0473
vn 0.1948 0.9792 -0.0568
vn 0.4765 0.7132 -0.5142
vn 0.5549 0.8305 -0.0473
vn 0.3821 0.9224 -0.0568
vn 0.6065 0.6065 -0.5142
vn 0.4761 0.7125 -0.5154
vn 0.5547 0.8301 -0.0568
vn 0.7125 0.4761 -0.5154
vn 0.8305 0.5550 -0.0473
vn 0.7060 0.7059 -0.0568
vn 0.7131 0.4765 -0.5142
vn 0.7924 0.3283 -0.5142
vn 0.9228 0.3823 -0.0473
vn 0.8301 0.5546 -0.0568
vn 0.7924 0.3282 -0.5142
vn 0.8412 0.1674 -0.5142
vn 0.7917 0.3279 -0.5154
vn 0.9224 0.3820 -0.0568
vn 0.6375 -0.1268 0.7600
vn 0.6375 0.1268 0.7600
vn 0.6005 -0.2487 0.7600
vn 0.5397 -0.3622 0.7600
vn 0.5404 -0.3610 0.7600
vn 0.4597 -0.4594 0.7600
vn 0.4596 -0.4596 0.7600
vn 0.2487 -0.6005 0.7600
vn 0.1268 -0.6375 0.7600
vn 0.1269 -0.6374 0.7600
vn -0.0103 -0.6500 0.7598
vn 0.0001 -0.6499 0.7600
vn -0.1268 -0.6375 0.7600
vn -0.2525 -0.5986 0.7602
vn -0.2487 -0.6005 0.7600
vn -0.4596 -0.4596 0.7600
vn -0.6004 -0.2488 0.7600
vn -0.5403 -0.3611 0.7600
vn -0.6005 -0.2487 0.7600
vn -0.6375 -0.1268 0.7600
vn -0.6500 0.0099 0.7598
vn -0.6499 -0.0001 0.7600
vn -0.6375 0.1267 0.7600
vn -0.6005 0.2486 0.7600
vn -0.6374 0.1267 0.7600
vn -0.6004 0.2488 0.7600
vn -0.4596 0.4596 0.7600
vn -0.3610 0.5404 0.7600
vn -0.2488 0.6004 0.7600
vn -0.2487 0.6005 0.7600
vn -0.1201 0.6389 0.7599
vn 0.0107 0.6500 0.7598
vn -0.0001 0.6499 0.7600
vn 0.0001 0.6499 0.7600
vn 0.1269 0.6375 0.7600
vn 0.2487 0.6005 0.7600
vn 0.1268 0.6375 0.7600
vn 0.2488 0.6004 0.7600
vn 0.3610 0.5404 0.7600
vn 0.4663 0.4530 0.7598
vn 0.4596 0.4596 0.7600
vn 0.6005 0.2487 0.7600
vn 0.9544 0.1898 -0.2304
vn 0.9544 -0.1898 0.2305
vn 0.9544 -0.1899 -0.2305
vn 0.9544 -0.1898 0.2304
vn 0.1898 -0.9544 -0.2304
vn -0.1898 -0.9544 0.2304
vn -0.9544 0.1898 0.2304
vn 0.1898 0.9544 0.2304
vn -0.0013 0.0002 -1.0000
vn 0.3446 -0.0000 -0.9387
vn 0.3380 -0.0672 -0.9387
vn -0.0013 -0.0002 -1.0000
vn 0.3380 0.0672 -0.9387
vn 0.2865 -0.1915 -0.9387
vn 0.1915 -0.2865 -0.9387
vn 0.1914 -0.2865 -0.9387
vn 0.0672 -0.3380 -0.9387
vn -0.0002 0.0013 -1.0000
vn -0.0000 -0.3446 -0.9387
vn 0.0002 0.0013 -1.0000
vn -0.0672 -0.3380 -0.9387
vn -0.1915 -0.2865 -0.9387
vn -0.2865 -0.1915 -0.9387
vn -0.2865 -0.1914 -0.9387
vn -0.3380 -0.0672 -0.9387
vn 0.0013 0.0002 -1.0000
vn -0.3446 -0.0000 -0.9387
vn 0.0013 -0.0002 -1.0000
vn -0.3380 0.0672 -0.9387
vn -0.2865 0.1915 -0.9387
vn -0.1915 0.2865 -0.9387
vn -0.1914 0.2865 -0.9387
vn -0.0672 0.3380 -0.9387
vn 0.0002 -0.0013 -1.0000
vn -0.0000 0.3446 -0.9387
vn -0.0002 -0.0013 -1.0000
vn 0.0672 0.3380 -0.9387
vn 0.1915 0.2865 -0.9387
vn 0.2865 0.1915 -0.9387
vn 0.2865 0.1914 -0.9387
vn 0.9275 -0.1845 0.3251
vn 0.9457 -0.0000 0.3251
vn 0.9490 -0.0000 0.3154
vn 0.9307 -0.1851 0.3154
vn 0.9275 0.1845 0.3251
vn 0.9307 0.1851 0.3154
vn 0.8737 -0.3619 0.3251
vn 0.9307 -0.1852 0.3154
vn 0.8767 -0.3631 0.3154
vn 0.6687 0.6687 0.3251
vn 0.5254 0.7863 0.3251
vn 0.5272 0.7890 0.3154
vn 0.6710 0.6710 0.3154
vn 0.3619 0.8737 0.3251
vn 0.3632 0.8767 0.3154
vn 0.7863 0.5254 0.3251
vn 0.7890 0.5272 0.3154
vn -0.9275 -0.1845 0.3251
vn -0.8737 -0.3619 0.3251
vn -0.8767 -0.3631 0.3154
vn -0.9307 -0.1852 0.3154
vn -0.7863 -0.5254 0.3251
vn -0.7890 -0.5272 0.3154
vn -0.8767 -0.3632 0.3154
vn -0.9457 -0.0000 0.3251
vn -0.9307 -0.1851 0.3154
vn -0.9490 -0.0000 0.3154
vn 0.7863 -0.5254 0.3251
vn 0.8767 -0.3632 0.3154
vn 0.7890 -0.5272 0.3154
vn 0.8737 0.3619 0.3251
vn 0.8767 0.3632 0.3154
vn -0.9275 0.1845 0.3251
vn -0.9307 0.1851 0.3154
vn 0.6687 -0.6687 0.3251
vn 0.6710 -0.6710 0.3154
vn 0.8767 0.3631 0.3154
vn 0.9307 0.1852 0.3154
vn -0.8737 0.3619 0.3251
vn -0.9307 0.1852 0.3154
vn -0.8767 0.3631 0.3154
vn 0.5254 -0.7863 0.3251
vn 0.5272 -0.7890 0.3154
vn -0.7863 0.5254 0.3251
vn -0.8767 0.3632 0.3154
vn -0.7890 0.5272 0.3154
vn 0.3619 -0.8737 0.3251
vn 0.3632 -0.8767 0.3154
vn -0.6687 0.6687 0.3251
vn -0.6710 0.6710 0.3154
vn 0.1845 -0.9275 0.3251
vn 0.3631 -0.8767 0.3154
vn 0.1852 -0.9307 0.3154
vn -0.5254 0.7863 0.3251
vn -0.5272 0.7890 0.3154
vn -0.0000 -0.9457 0.3251
vn 0.1851 -0.9307 0.3154
vn -0.0000 -0.9490 0.3154
vn -0.3619 0.8737 0.3251
vn -0.3632 0.8767 0.3154
vn -0.1845 -0.9275 0.3251
vn -0.1851 -0.9307 0.3154
vn -0.1845 0.9275 0.3251
vn -0.3631 0.8767 0.3154
vn -0.1852 0.9307 0.3154
vn -0.3619 -0.8737 0.3251
vn -0.1852 -0.9307 0.3154
vn -0.3631 -0.8767 0.3154
vn -0.0000 0.9457 0.3251
vn -0.1851 0.9307 0.3154
vn -0.0000 0.9490 0.3154
vn -0.5254 -0.7863 0.3251
vn -0.3632 -0.8767 0.3154
vn -0.5272 -0.7890 0.3154
vn 0.1845 0.9275 0.3251
vn 0.1851 0.9307 0.3154
vn -0.6687 -0.6687 0.3251
vn -0.6710 -0.6710 0.3154
vn 0.1852 0.9307 0.3154
vn 0.3631 0.8767 0.3154
vn -0.1136 0.0772 -0.9905
vn -0.4696 0.8313 0.2974
vn -0.9641 -0.2278 -0.1361
vn 0.6495 0.6997 0.2974
vn 0.8247 0.4811 -0.2974
vn -0.4884 -0.8620 0.1361
vn 0.8364 -0.4604 0.2974
vn -0.1265 -0.9613 0.2446
vn -0.0000 -0.9696 0.2446
vn -0.0000 -0.8757 0.4829
vn -0.1143 -0.8682 0.4829
vn 0.1265 -0.9613 0.2446
vn 0.1143 -0.8682 0.4829
vn -0.0000 -0.8757 -0.4829
vn 0.1143 -0.8682 -0.4829
vn 0.1265 -0.9613 -0.2446
vn -0.0000 -0.9696 -0.2446
vn -0.1143 -0.8682 -0.4829
vn -0.1265 -0.9613 -0.2446
vn -0.0000 -0.6098 0.7925
vn 0.0796 -0.6046 0.7925
vn 0.0446 -0.3387 0.9398
vn -0.0000 -0.3416 0.9398
vn -0.0796 -0.6046 0.7925
vn -0.0446 -0.3387 0.9398
vn 0.0427 0.3243 0.9450
vn -0.0000 0.3271 0.9450
vn 0.0791 0.6012 0.7952
vn -0.0427 0.3243 0.9450
vn -0.0000 0.8746 0.4849
vn -0.1141 0.8671 0.4849
vn -0.1265 0.9610 0.2461
vn 0.1141 0.8671 0.4849
vn -0.0000 0.9693 0.2461
vn -0.0000 0.9693 -0.2461
vn -0.1141 0.8671 -0.4849
vn -0.0000 0.8746 -0.4849
vn 0.1265 0.9610 -0.2461
vn 0.1141 0.8671 -0.4849
vn -0.0427 0.3243 -0.9450
vn -0.0000 0.3271 -0.9450
vn 0.0427 0.3243 -0.9450
vn -0.0446 -0.3387 -0.9398
vn -0.0000 -0.3416 -0.9398
vn -0.0000 -0.6098 -0.7925
vn -0.0796 -0.6046 -0.7925
vn 0.0446 -0.3387 -0.9398
vn 0.0796 -0.6046 -0.7925
vn 0.2266 -0.8458 -0.4829
vn 0.2509 -0.9366 -0.2446
vn 0.1266 -0.9613 -0.2446
vn 0.1266 -0.9613 0.2446
vn 0.2509 -0.9366 0.2446
vn 0.2266 -0.8458 0.4829
vn 0.0884 -0.3300 0.9398
vn -0.1569 0.5857 0.7952
vn -0.1142 0.8671 0.4849
vn -0.2263 0.8448 0.4849
vn -0.2508 0.9362 0.2461
vn -0.1265 0.9610 -0.2461
vn -0.2508 0.9362 -0.2460
vn -0.2263 0.8448 -0.4849
vn -0.1142 0.8671 -0.4849
vn -0.1569 0.5857 -0.7952
vn 0.0884 -0.3300 -0.9398
vn 0.2267 -0.8458 -0.4829
vn 0.3351 -0.8090 -0.4829
vn 0.3710 -0.8958 -0.2446
vn 0.2510 -0.9366 -0.2446
vn 0.2510 -0.9366 0.2446
vn 0.3710 -0.8958 0.2446
vn 0.3351 -0.8090 0.4829
vn 0.2267 -0.8458 0.4829
vn 0.2334 -0.5634 0.7925
vn 0.1307 -0.3156 0.9398
vn -0.0847 0.3159 0.9450
vn -0.1252 0.3022 0.9450
vn -0.2320 0.5602 0.7952
vn -0.2264 0.8448 0.4849
vn -0.3347 0.8080 0.4849
vn -0.3709 0.8955 0.2461
vn -0.2509 0.9362 0.2460
vn -0.2509 0.9362 -0.2461
vn -0.3347 0.8080 -0.4849
vn -0.2264 0.8448 -0.4849
vn -0.2320 0.5602 -0.7952
vn -0.1252 0.3022 -0.9450
vn 0.1307 -0.3156 -0.9398
vn 0.2334 -0.5634 -0.7925
vn 0.4378 -0.7584 -0.4829
vn 0.4848 -0.8397 -0.2446
vn 0.3711 -0.8958 -0.2446
vn 0.3711 -0.8958 0.2446
vn 0.4848 -0.8397 0.2446
vn 0.4378 -0.7584 0.4829
vn 0.1708 -0.2958 0.9398
vn -0.1635 0.2833 0.9450
vn -0.3032 0.5251 0.7952
vn -0.4373 0.7574 0.4849
vn -0.4846 0.8394 0.2461
vn -0.3710 0.8955 0.2460
vn -0.3709 0.8955 -0.2461
vn -0.4846 0.8394 -0.2460
vn -0.4373 0.7574 -0.4849
vn -0.3032 0.5251 -0.7952
vn 0.1708 -0.2958 -0.9398
vn 0.3049 -0.5281 -0.7925
vn 0.4379 -0.7583 -0.4829
vn 0.5331 -0.6947 -0.4829
vn 0.5903 -0.7693 -0.2446
vn 0.5903 -0.7693 0.2446
vn 0.5331 -0.6947 0.4829
vn 0.4379 -0.7583 0.4829
vn 0.3049 -0.5281 0.7925
vn 0.3712 -0.4838 0.7925
vn 0.2079 -0.2710 0.9398
vn -0.1991 0.2595 0.9450
vn -0.5324 0.6939 0.4849
vn -0.5900 0.7690 0.2461
vn -0.4847 0.8394 0.2460
vn -0.4846 0.8394 -0.2461
vn -0.5324 0.6939 -0.4849
vn -0.3691 0.4811 -0.7952
vn -0.1991 0.2595 -0.9450
vn 0.2079 -0.2710 -0.9398
vn 0.3712 -0.4838 -0.7925
vn 0.6192 -0.6192 -0.4829
vn 0.6856 -0.6856 -0.2446
vn 0.5903 -0.7692 -0.2446
vn 0.5903 -0.7692 0.2446
vn 0.6856 -0.6856 0.2446
vn 0.6192 -0.6192 0.4829
vn 0.3713 -0.4838 0.7925
vn 0.4312 -0.4312 0.7925
vn 0.2415 -0.2416 0.9398
vn 0.2080 -0.2710 0.9398
vn -0.2313 0.2313 0.9450
vn -0.5324 0.6938 0.4849
vn -0.6184 0.6184 0.4849
vn -0.6854 0.6854 0.2461
vn -0.5901 0.7689 0.2460
vn -0.5901 0.7690 -0.2461
vn -0.6853 0.6854 -0.2460
vn -0.6184 0.6184 -0.4849
vn -0.5324 0.6938 -0.4849
vn -0.2313 0.2313 -0.9450
vn 0.2080 -0.2710 -0.9398
vn 0.2415 -0.2416 -0.9398
vn 0.4312 -0.4312 -0.7925
vn 0.3713 -0.4838 -0.7925
vn 0.6947 -0.5331 -0.4829
vn 0.7692 -0.5903 -0.2446
vn 0.7692 -0.5903 0.2446
vn 0.6947 -0.5331 0.4829
vn 0.4838 -0.3713 0.7925
vn 0.2710 -0.2080 0.9398
vn 0.2416 -0.2415 0.9398
vn -0.2595 0.1991 0.9450
vn -0.4811 0.3691 0.7952
vn -0.6938 0.5324 0.4849
vn -0.7690 0.5901 0.2461
vn -0.6854 0.6853 0.2460
vn -0.6854 0.6854 -0.2461
vn -0.7689 0.5901 -0.2460
vn -0.6938 0.5324 -0.4849
vn -0.2595 0.1991 -0.9450
vn 0.2416 -0.2415 -0.9398
vn 0.2710 -0.2080 -0.9398
vn 0.4838 -0.3713 -0.7925
vn 0.7583 -0.4379 -0.4829
vn 0.8397 -0.4848 -0.2446
vn 0.7693 -0.5903 -0.2446
vn 0.7693 -0.5903 0.2446
vn 0.8397 -0.4848 0.2446
vn 0.7583 -0.4379 0.4829
vn 0.4838 -0.3712 0.7925
vn 0.5281 -0.3049 0.7925
vn 0.2958 -0.1708 0.9398
vn 0.2710 -0.2079 0.9398
vn -0.5251 0.3032 0.7952
vn -0.6939 0.5324 0.4849
vn -0.7574 0.4373 0.4849
vn -0.8394 0.4846 0.2461
vn -0.7690 0.5900 0.2460
vn -0.7690 0.5900 -0.2461
vn -0.8394 0.4847 -0.2460
vn -0.7574 0.4373 -0.4849
vn -0.6939 0.5324 -0.4849
vn -0.5251 0.3032 -0.7952
vn 0.2710 -0.2079 -0.9398
vn 0.2958 -0.1708 -0.9398
vn 0.5281 -0.3049 -0.7925
vn 0.4838 -0.3712 -0.7925
vn 0.7584 -0.4378 -0.4829
vn 0.8090 -0.3351 -0.4829
vn 0.8958 -0.3711 -0.2446
vn 0.8958 -0.3711 0.2446
vn 0.8090 -0.3351 0.4829
vn 0.7584 -0.4378 0.4829
vn 0.5634 -0.2334 0.7925
vn 0.3156 -0.1307 0.9398
vn -0.3022 0.1252 0.9450
vn -0.5602 0.2320 0.7952
vn -0.8080 0.3347 0.4849
vn -0.8080 0.3347 -0.4849
vn -0.5602 0.2320 -0.7952
vn -0.3022 0.1252 -0.9450
vn -0.2833 0.1635 -0.9450
vn 0.3156 -0.1307 -0.9398
vn 0.5634 -0.2334 -0.7925
vn 0.8458 -0.2267 -0.4829
vn 0.9366 -0.2510 -0.2446
vn 0.8958 -0.3710 -0.2446
vn 0.8958 -0.3710 0.2446
vn 0.9366 -0.2510 0.2446
vn 0.8458 -0.2267 0.4829
vn 0.3299 -0.0884 0.9398
vn -0.8448 0.2264 0.4849
vn -0.9362 0.2509 0.2461
vn -0.8955 0.3709 -0.2461
vn -0.8448 0.2264 -0.4849
vn -0.5857 0.1569 -0.7952
vn -0.3159 0.0847 -0.9450
vn 0.3300 -0.0884 -0.9398
vn 0.8458 -0.2266 -0.4829
vn 0.8682 -0.1143 -0.4829
vn 0.9613 -0.1266 -0.2446
vn 0.9366 -0.2509 -0.2446
vn 0.9366 -0.2509 0.2446
vn 0.9613 -0.1266 0.2446
vn 0.8682 -0.1143 0.4829
vn 0.8458 -0.2266 0.4829
vn 0.6046 -0.0796 0.7925
vn 0.3387 -0.0446 0.9398
vn 0.3300 -0.0884 0.9398
vn -0.3243 0.0427 0.9450
vn -0.8448 0.2263 0.4849
vn -0.8671 0.1142 0.4849
vn -0.9610 0.1265 0.2461
vn -0.9362 0.2508 0.2460
vn -0.9362 0.2508 -0.2461
vn -0.8671 0.1142 -0.4849
vn -0.8448 0.2263 -0.4849
vn -0.3243 0.0427 -0.9450
vn 0.3387 -0.0446 -0.9398
vn 0.6046 -0.0796 -0.7925
vn 0.8757 -0.0000 -0.4829
vn 0.9696 -0.0000 -0.2446
vn 0.9613 -0.1265 -0.2446
vn 0.9613 -0.1265 0.2446
vn 0.9696 -0.0000 0.2446
vn 0.8757 -0.0000 0.4829
vn 0.6098 -0.0000 0.7925
vn 0.3416 -0.0000 0.9398
vn -0.3271 -0.0000 0.9450
vn -0.8671 0.1141 0.4849
vn -0.8746 -0.0000 0.4849
vn -0.9693 -0.0000 0.2461
vn -0.9610 0.1265 -0.2461
vn -0.8746 -0.0000 -0.4849
vn -0.8671 0.1141 -0.4849
vn -0.3271 -0.0000 -0.9450
vn 0.3416 -0.0000 -0.9398
vn 0.6098 -0.0000 -0.7925
vn 0.8682 0.1143 -0.4829
vn 0.9613 0.1265 -0.2446
vn 0.9613 0.1265 0.2446
vn 0.8682 0.1143 0.4829
vn 0.6046 0.0796 0.7925
vn 0.3387 0.0446 0.9398
vn -0.3243 -0.0427 0.9450
vn -0.8671 -0.1141 0.4849
vn -0.9610 -0.1265 0.2461
vn -0.9693 -0.0000 -0.2461
vn -0.8671 -0.1141 -0.4849
vn -0.3243 -0.0427 -0.9450
vn 0.3387 0.0446 -0.9398
vn 0.6046 0.0796 -0.7925
vn 0.8458 0.2266 -0.4829
vn 0.9366 0.2509 -0.2446
vn 0.9613 0.1266 -0.2446
vn 0.9613 0.1266 0.2446
vn 0.9366 0.2509 0.2446
vn 0.8458 0.2266 0.4829
vn 0.3300 0.0884 0.9398
vn -0.5857 -0.1569 0.7952
vn -0.8671 -0.1142 0.4849
vn -0.8448 -0.2263 0.4849
vn -0.9362 -0.2508 0.2461
vn -0.9610 -0.1265 -0.2461
vn -0.9362 -0.2508 -0.2460
vn -0.8448 -0.2263 -0.4849
vn -0.8671 -0.1142 -0.4849
vn -0.5857 -0.1569 -0.7952
vn 0.3300 0.0884 -0.9398
vn 0.8458 0.2267 -0.4829
vn 0.8090 0.3351 -0.4829
vn 0.8958 0.3710 -0.2446
vn 0.9366 0.2510 -0.2446
vn 0.9366 0.2510 0.2446
vn 0.8958 0.3710 0.2446
vn 0.8090 0.3351 0.4829
vn 0.8458 0.2267 0.4829
vn 0.5634 0.2334 0.7925
vn 0.3156 0.1307 0.9398
vn -0.3159 -0.0847 0.9450
vn -0.3022 -0.1252 0.9450
vn -0.5602 -0.2320 0.7952
vn -0.8448 -0.2264 0.4849
vn -0.8080 -0.3347 0.4849
vn -0.8955 -0.3709 0.2461
vn -0.9362 -0.2509 0.2460
vn -0.9362 -0.2509 -0.2461
vn -0.8080 -0.3347 -0.4849
vn -0.8448 -0.2264 -0.4849
vn -0.5602 -0.2320 -0.7952
vn -0.3022 -0.1252 -0.9450
vn 0.3299 0.0884 -0.9398
vn 0.3156 0.1307 -0.9398
vn 0.5634 0.2334 -0.7925
vn 0.7584 0.4378 -0.4829
vn 0.8397 0.4848 -0.2446
vn 0.8958 0.3711 -0.2446
vn 0.8958 0.3711 0.2446
vn 0.8397 0.4848 0.2446
vn 0.7584 0.4378 0.4829
vn 0.2958 0.1708 0.9398
vn -0.2833 -0.1635 0.9450
vn -0.5251 -0.3032 0.7952
vn -0.7574 -0.4373 0.4849
vn -0.8394 -0.4846 0.2461
vn -0.8955 -0.3710 0.2460
vn -0.8955 -0.3709 -0.2461
vn -0.8394 -0.4846 -0.2460
vn -0.7574 -0.4373 -0.4849
vn -0.5251 -0.3032 -0.7952
vn 0.2958 0.1708 -0.9398
vn 0.5281 0.3049 -0.7925
vn 0.7583 0.4379 -0.4829
vn 0.6947 0.5331 -0.4829
vn 0.7693 0.5903 -0.2446
vn 0.7693 0.5903 0.2446
vn 0.6947 0.5331 0.4829
vn 0.7583 0.4379 0.4829
vn 0.5281 0.3049 0.7925
vn 0.4838 0.3712 0.7925
vn 0.2710 0.2079 0.9398
vn -0.2595 -0.1991 0.9450
vn -0.6939 -0.5324 0.4849
vn -0.7690 -0.5900 0.2461
vn -0.8394 -0.4847 0.2460
vn -0.8394 -0.4846 -0.2461
vn -0.7690 -0.5900 -0.2460
vn -0.6939 -0.5324 -0.4849
vn -0.4811 -0.3691 -0.7952
vn -0.2595 -0.1991 -0.9450
vn 0.2710 0.2079 -0.9398
vn 0.4838 0.3712 -0.7925
vn 0.6192 0.6192 -0.4829
vn 0.6856 0.6856 -0.2446
vn 0.7692 0.5903 -0.2446
vn 0.7692 0.5903 0.2446
vn 0.6856 0.6856 0.2446
vn 0.6192 0.6192 0.4829
vn 0.4838 0.3713 0.7925
vn 0.4312 0.4312 0.7925
vn 0.2416 0.2415 0.9398
vn 0.2710 0.2080 0.9398
vn -0.2313 -0.2313 0.9450
vn -0.6938 -0.5324 0.4849
vn -0.6184 -0.6184 0.4849
vn -0.6854 -0.6854 0.2461
vn -0.7689 -0.5901 0.2460
vn -0.7690 -0.5901 -0.2461
vn -0.6854 -0.6853 -0.2460
vn -0.6184 -0.6184 -0.4849
vn -0.6938 -0.5324 -0.4849
vn -0.2313 -0.2313 -0.9450
vn 0.2710 0.2080 -0.9398
vn 0.2416 0.2415 -0.9398
vn 0.4312 0.4312 -0.7925
vn 0.4838 0.3713 -0.7925
vn 0.5331 0.6947 -0.4829
vn 0.5903 0.7692 -0.2446
vn 0.5903 0.7692 0.2446
vn 0.5331 0.6947 0.4829
vn 0.3713 0.4838 0.7925
vn 0.2080 0.2710 0.9398
vn 0.2415 0.2416 0.9398
vn -0.1991 -0.2595 0.9450
vn -0.5324 -0.6938 0.4849
vn -0.5901 -0.7690 0.2461
vn -0.6853 -0.6854 0.2460
vn -0.6854 -0.6854 -0.2461
vn -0.5901 -0.7689 -0.2460
vn -0.5324 -0.6938 -0.4849
vn -0.1991 -0.2595 -0.9450
vn 0.2415 0.2416 -0.9398
vn 0.2080 0.2710 -0.9398
vn 0.3713 0.4838 -0.7925
vn 0.4379 0.7583 -0.4829
vn 0.4848 0.8397 -0.2446
vn 0.5903 0.7693 -0.2446
vn 0.5903 0.7693 0.2446
vn 0.4848 0.8397 0.2446
vn 0.4378 0.7583 0.4829
vn 0.3712 0.4838 0.7925
vn 0.3049 0.5281 0.7925
vn 0.1708 0.2958 0.9398
vn 0.2079 0.2710 0.9398
vn -0.3032 -0.5251 0.7952
vn -0.5324 -0.6939 0.4849
vn -0.4373 -0.7574 0.4849
vn -0.4846 -0.8394 0.2461
vn -0.5900 -0.7690 0.2460
vn -0.5900 -0.7690 -0.2461
vn -0.4847 -0.8394 -0.2460
vn -0.4373 -0.7574 -0.4849
vn -0.5324 -0.6939 -0.4849
vn -0.3032 -0.5251 -0.7952
vn 0.2079 0.2710 -0.9398
vn 0.1708 0.2958 -0.9398
vn 0.3049 0.5281 -0.7925
vn 0.3712 0.4838 -0.7925
vn 0.4378 0.7584 -0.4829
vn 0.3351 0.8090 -0.4829
vn 0.3711 0.8958 -0.2446
vn 0.3711 0.8958 0.2446
vn 0.3351 0.8090 0.4829
vn 0.4378 0.7584 0.4829
vn 0.2334 0.5634 0.7925
vn 0.1308 0.3156 0.9398
vn -0.1252 -0.3022 0.9450
vn -0.2320 -0.5602 0.7952
vn -0.3347 -0.8080 0.4849
vn -0.3709 -0.8955 0.2461
vn -0.4846 -0.8394 -0.2461
vn -0.3347 -0.8080 -0.4849
vn -0.2320 -0.5602 -0.7952
vn -0.1252 -0.3022 -0.9450
vn 0.1307 0.3156 -0.9398
vn 0.2334 0.5634 -0.7925
vn 0.2267 0.8458 -0.4829
vn 0.2510 0.9366 -0.2446
vn 0.3710 0.8958 -0.2446
vn 0.3710 0.8958 0.2446
vn 0.2510 0.9366 0.2446
vn 0.2267 0.8458 0.4829
vn 0.0884 0.3299 0.9398
vn 0.1307 0.3156 0.9398
vn -0.1569 -0.5857 0.7952
vn -0.2264 -0.8448 0.4849
vn -0.2509 -0.9362 0.2461
vn -0.3709 -0.8955 -0.2461
vn -0.2509 -0.9362 -0.2460
vn -0.2264 -0.8448 -0.4849
vn -0.1569 -0.5857 -0.7952
vn -0.0847 -0.3159 -0.9450
vn 0.0884 0.3300 -0.9398
vn 0.2266 0.8458 -0.4829
vn 0.1143 0.8682 -0.4829
vn 0.1266 0.9613 -0.2446
vn 0.2509 0.9366 -0.2446
vn 0.2509 0.9366 0.2446
vn 0.1266 0.9613 0.2446
vn 0.1143 0.8682 0.4829
vn 0.2266 0.8458 0.4829
vn 0.0796 0.6046 0.7925
vn 0.0446 0.3387 0.9398
vn 0.0884 0.3300 0.9398
vn -0.0427 -0.3243 0.9450
vn -0.0791 -0.6012 0.7952
vn -0.2263 -0.8448 0.4849
vn -0.1142 -0.8671 0.4849
vn -0.1265 -0.9610 0.2461
vn -0.2508 -0.9362 0.2460
vn -0.2508 -0.9362 -0.2461
vn -0.1142 -0.8671 -0.4849
vn -0.2263 -0.8448 -0.4849
vn -0.0427 -0.3243 -0.9450
vn 0.0446 0.3387 -0.9398
vn 0.0796 0.6046 -0.7925
vn -0.0000 0.8757 -0.4829
vn -0.0000 0.9696 -0.2446
vn 0.1265 0.9613 -0.2446
vn 0.1265 0.9613 0.2446
vn -0.0000 0.9696 0.2446
vn -0.0000 0.8757 0.4829
vn -0.0000 0.6098 0.7925
vn -0.0000 0.3416 0.9398
vn -0.0000 -0.3271 0.9450
vn -0.1141 -0.8671 0.4849
vn -0.0000 -0.8746 0.4849
vn -0.0000 -0.9693 0.2461
vn -0.1265 -0.9610 -0.2461
vn -0.0000 -0.8746 -0.4849
vn -0.1141 -0.8671 -0.4849
vn -0.0000 -0.3271 -0.9450
vn -0.0000 0.3416 -0.9398
vn -0.0000 0.6098 -0.7925
vn -0.1143 0.8682 -0.4829
vn -0.1265 0.9613 -0.2446
vn -0.1265 0.9613 0.2446
vn -0.1143 0.8682 0.4829
vn -0.0796 0.6046 0.7925
vn -0.0446 0.3387 0.9398
vn 0.0427 -0.3243 0.9450
vn 0.1141 -0.8671 0.4849
vn 0.1265 -0.9610 0.2461
vn -0.0000 -0.9693 -0.2461
vn 0.1141 -0.8671 -0.4849
vn 0.0427 -0.3243 -0.9450
vn -0.0446 0.3387 -0.9398
vn -0.0796 0.6046 -0.7925
vn -0.2266 0.8458 -0.4829
vn -0.2509 0.9366 -0.2446
vn -0.1266 0.9613 -0.2446
vn -0.1266 0.9613 0.2446
vn -0.2509 0.9366 0.2446
vn -0.2266 0.8458 0.4829
vn -0.0884 0.3300 0.9398
vn 0.1569 -0.5857 0.7952
vn 0.1142 -0.8671 0.4849
vn 0.2263 -0.8448 0.4849
vn 0.2508 -0.9362 0.2461
vn 0.1265 -0.9610 -0.2461
vn 0.2508 -0.9362 -0.2460
vn 0.2263 -0.8448 -0.4849
vn 0.1142 -0.8671 -0.4849
vn 0.1569 -0.5857 -0.7952
vn -0.0884 0.3300 -0.9398
vn -0.2267 0.8458 -0.4829
vn -0.3351 0.8090 -0.4829
vn -0.3710 0.8958 -0.2446
vn -0.2510 0.9366 -0.2446
vn -0.2510 0.9366 0.2446
vn -0.3710 0.8958 0.2446
vn -0.3351 0.8090 0.4829
vn -0.2267 0.8458 0.4829
vn -0.2334 0.5634 0.7925
vn -0.1307 0.3156 0.9398
vn 0.0847 -0.3159 0.9450
vn 0.1252 -0.3022 0.9450
vn 0.2320 -0.5602 0.7952
vn 0.2264 -0.8448 0.4849
vn 0.3347 -0.8080 0.4849
vn 0.3709 -0.8955 0.2461
vn 0.2509 -0.9362 0.2460
vn 0.2509 -0.9362 -0.2461
vn 0.3347 -0.8080 -0.4849
vn 0.2264 -0.8448 -0.4849
vn 0.2320 -0.5602 -0.7952
vn 0.1252 -0.3022 -0.9450
vn -0.1307 0.3156 -0.9398
vn -0.2334 0.5634 -0.7925
vn -0.4378 0.7584 -0.4829
vn -0.4848 0.8397 -0.2446
vn -0.3711 0.8958 -0.2446
vn -0.3711 0.8958 0.2446
vn -0.4848 0.8397 0.2446
vn -0.4378 0.7584 0.4829
vn -0.1708 0.2958 0.9398
vn 0.1635 -0.2833 0.9450
vn 0.3032 -0.5251 0.7952
vn 0.4373 -0.7574 0.4849
vn 0.4846 -0.8394 0.2461
vn 0.3709 -0.8955 -0.2461
vn 0.4373 -0.7574 -0.4849
vn 0.3032 -0.5251 -0.7952
vn -0.1708 0.2958 -0.9398
vn -0.3049 0.5281 -0.7925
vn -0.4379 0.7583 -0.4829
vn -0.5331 0.6947 -0.4829
vn -0.5903 0.7693 -0.2446
vn -0.5903 0.7693 0.2446
vn -0.5331 0.6947 0.4829
vn -0.4379 0.7583 0.4829
vn -0.3049 0.5281 0.7925
vn -0.3712 0.4838 0.7925
vn -0.2079 0.2710 0.9398
vn 0.1991 -0.2595 0.9450
vn 0.5324 -0.6939 0.4849
vn 0.5900 -0.7690 0.2461
vn 0.4847 -0.8394 0.2460
vn 0.4846 -0.8394 -0.2461
vn 0.5324 -0.6939 -0.4849
vn 0.3691 -0.4811 -0.7952
vn 0.1991 -0.2595 -0.9450
vn -0.2079 0.2710 -0.9398
vn -0.3712 0.4838 -0.7925
vn -0.6192 0.6192 -0.4829
vn -0.6856 0.6856 -0.2446
vn -0.5903 0.7692 -0.2446
vn -0.5903 0.7692 0.2446
vn -0.6856 0.6856 0.2446
vn -0.6192 0.6192 0.4829
vn -0.3713 0.4838 0.7925
vn -0.4312 0.4312 0.7925
vn -0.2415 0.2416 0.9398
vn -0.2080 0.2710 0.9398
vn 0.2313 -0.2313 0.9450
vn 0.5324 -0.6938 0.4849
vn 0.6184 -0.6184 0.4849
vn 0.6854 -0.6854 0.2461
vn 0.5901 -0.7689 0.2460
vn 0.5901 -0.7690 -0.2461
vn 0.6853 -0.6854 -0.2460
vn 0.6184 -0.6184 -0.4849
vn 0.5324 -0.6938 -0.4849
vn 0.2313 -0.2313 -0.9450
vn -0.2080 0.2710 -0.9398
vn -0.2415 0.2416 -0.9398
vn -0.4312 0.4312 -0.7925
vn -0.3713 0.4838 -0.7925
vn -0.6947 0.5331 -0.4829
vn -0.7692 0.5903 -0.2446
vn -0.7692 0.5903 0.2446
vn -0.6947 0.5331 0.4829
vn -0.4838 0.3713 0.7925
vn -0.2710 0.2080 0.9398
vn -0.2416 0.2415 0.9398
vn 0.2595 -0.1991 0.9450
vn 0.4811 -0.3691 0.7952
vn 0.6938 -0.5324 0.4849
vn 0.7690 -0.5901 0.2461
vn 0.6854 -0.6853 0.2460
vn 0.6854 -0.6854 -0.2461
vn 0.7689 -0.5901 -0.2460
vn 0.6938 -0.5324 -0.4849
vn 0.2595 -0.1991 -0.9450
vn -0.2416 0.2415 -0.9398
vn -0.2710 0.2080 -0.9398
vn -0.4838 0.3713 -0.7925
vn -0.7583 0.4379 -0.4829
vn -0.8397 0.4848 -0.2446
vn -0.7693 0.5903 -0.2446
vn -0.7693 0.5903 0.2446
vn -0.8397 0.4848 0.2446
vn -0.7583 0.4379 0.4829
vn -0.4838 0.3712 0.7925
vn -0.5281 0.3049 0.7925
vn -0.2958 0.1708 0.9398
vn -0.2710 0.2079 0.9398
vn 0.5251 -0.3032 0.7952
vn 0.6939 -0.5324 0.4849
vn 0.7574 -0.4373 0.4849
vn 0.8394 -0.4846 0.2461
vn 0.7690 -0.5900 -0.2461
vn 0.8394 -0.4847 -0.2460
vn 0.7574 -0.4373 -0.4849
vn 0.6939 -0.5324 -0.4849
vn 0.5251 -0.3032 -0.7952
vn -0.2710 0.2079 -0.9398
vn -0.2958 0.1708 -0.9398
vn -0.5281 0.3049 -0.7925
vn -0.4838 0.3712 -0.7925
vn -0.7584 0.4378 -0.4829
vn -0.8090 0.3351 -0.4829
vn -0.8958 0.3711 -0.2446
vn -0.8958 0.3711 0.2446
vn -0.8090 0.3351 0.4829
vn -0.7584 0.4378 0.4829
vn -0.5634 0.2334 0.7925
vn -0.3156 0.1308 0.9398
vn 0.3022 -0.1252 0.9450
vn 0.5602 -0.2320 0.7952
vn 0.8080 -0.3347 0.4849
vn 0.8955 -0.3709 0.2461
vn 0.8394 -0.4846 -0.2461
vn 0.8080 -0.3347 -0.4849
vn 0.5602 -0.2320 -0.7952
vn 0.3022 -0.1252 -0.9450
vn 0.2833 -0.1635 -0.9450
vn -0.3156 0.1307 -0.9398
vn -0.5634 0.2334 -0.7925
vn -0.8458 0.2267 -0.4829
vn -0.9366 0.2510 -0.2446
vn -0.8958 0.3710 -0.2446
vn -0.8958 0.3710 0.2446
vn -0.9366 0.2510 0.2446
vn -0.8458 0.2267 0.4829
vn -0.3299 0.0884 0.9398
vn -0.3156 0.1307 0.9398
vn 0.8447 -0.2264 0.4849
vn 0.9362 -0.2509 0.2461
vn 0.8955 -0.3709 -0.2461
vn 0.9362 -0.2509 -0.2460
vn 0.8447 -0.2264 -0.4849
vn 0.3159 -0.0847 -0.9450
vn -0.3300 0.0884 -0.9398
vn -0.8458 0.2266 -0.4829
vn -0.8682 0.1143 -0.4829
vn -0.9613 0.1266 -0.2446
vn -0.9366 0.2509 -0.2446
vn -0.9366 0.2509 0.2446
vn -0.9613 0.1266 0.2446
vn -0.8682 0.1143 0.4829
vn -0.8458 0.2266 0.4829
vn -0.6046 0.0796 0.7925
vn -0.3387 0.0446 0.9398
vn -0.3300 0.0884 0.9398
vn 0.3243 -0.0427 0.9450
vn 0.8448 -0.2263 0.4849
vn 0.8671 -0.1142 0.4849
vn 0.9610 -0.1265 0.2461
vn 0.9362 -0.2508 0.2460
vn 0.8671 -0.1142 -0.4849
vn 0.8448 -0.2263 -0.4849
vn 0.3243 -0.0427 -0.9450
vn -0.3387 0.0446 -0.9398
vn -0.6046 0.0796 -0.7925
vn -0.8757 -0.0000 -0.4829
vn -0.9696 -0.0000 -0.2446
vn -0.9613 0.1265 -0.2446
vn -0.9613 0.1265 0.2446
vn -0.9696 -0.0000 0.2446
vn -0.8757 -0.0000 0.4829
vn -0.6098 -0.0000 0.7925
vn -0.3416 -0.0000 0.9398
vn 0.3271 -0.0000 0.9450
vn 0.8671 -0.1141 0.4849
vn 0.8746 -0.0000 0.4849
vn 0.9693 -0.0000 0.2461
vn 0.9610 -0.1265 -0.2461
vn 0.8746 -0.0000 -0.4849
vn 0.8671 -0.1141 -0.4849
vn 0.3271 -0.0000 -0.9450
vn -0.3416 -0.0000 -0.9398
vn -0.6098 -0.0000 -0.7925
vn -0.8682 -0.1143 -0.4829
vn -0.9613 -0.1265 -0.2446
vn -0.9613 -0.1265 0.2446
vn -0.8682 -0.1143 0.4829
vn -0.6046 -0.0796 0.7925
vn -0.3387 -0.0446 0.9398
vn 0.3243 0.0427 0.9450
vn 0.8671 0.1141 0.4849
vn 0.9610 0.1265 0.2461
vn 0.9693 -0.0000 -0.2461
vn 0.8671 0.1141 -0.4849
vn 0.3243 0.0427 -0.9450
vn -0.3387 -0.0446 -0.9398
vn -0.6046 -0.0796 -0.7925
vn -0.8458 -0.2266 -0.4829
vn -0.9366 -0.2509 -0.2446
vn -0.9613 -0.1266 -0.2446
vn -0.9613 -0.1266 0.2446
vn -0.9366 -0.2509 0.2446
vn -0.8458 -0.2266 0.4829
vn -0.3300 -0.0884 0.9398
vn 0.5857 0.1569 0.7952
vn 0.8671 0.1142 0.4849
vn 0.8448 0.2263 0.4849
vn 0.9362 0.2508 0.2461
vn 0.9610 0.1265 -0.2461
vn 0.9362 0.2508 -0.2460
vn 0.8448 0.2263 -0.4849
vn 0.8671 0.1142 -0.4849
vn 0.5857 0.1569 -0.7952
vn -0.3300 -0.0884 -0.9398
vn -0.8458 -0.2267 -0.4829
vn -0.8090 -0.3351 -0.4829
vn -0.8958 -0.3710 -0.2446
vn -0.9366 -0.2510 -0.2446
vn -0.9366 -0.2510 0.2446
vn -0.8958 -0.3710 0.2446
vn -0.8090 -0.3351 0.4829
vn -0.8458 -0.2267 0.4829
vn -0.5634 -0.2334 0.7925
vn -0.3156 -0.1307 0.9398
vn 0.3159 0.0847 0.9450
vn 0.3022 0.1252 0.9450
vn 0.5602 0.2320 0.7952
vn 0.8448 0.2264 0.4849
vn 0.8080 0.3347 0.4849
vn 0.8955 0.3709 0.2461
vn 0.9362 0.2509 0.2460
vn 0.9362 0.2509 -0.2461
vn 0.8080 0.3347 -0.4849
vn 0.8448 0.2264 -0.4849
vn 0.5602 0.2320 -0.7952
vn 0.3022 0.1252 -0.9450
vn -0.3299 -0.0884 -0.9398
vn -0.3156 -0.1307 -0.9398
vn -0.5634 -0.2334 -0.7925
vn -0.7584 -0.4378 -0.4829
vn -0.8397 -0.4848 -0.2446
vn -0.8958 -0.3711 -0.2446
vn -0.8958 -0.3711 0.2446
vn -0.8397 -0.4848 0.2446
vn -0.7584 -0.4378 0.4829
vn -0.2958 -0.1708 0.9398
vn 0.2833 0.1635 0.9450
vn 0.5251 0.3032 0.7952
vn 0.7574 0.4373 0.4849
vn 0.8394 0.4846 0.2461
vn 0.8955 0.3709 -0.2461
vn 0.8394 0.4846 -0.2460
vn 0.7574 0.4373 -0.4849
vn 0.5251 0.3032 -0.7952
vn -0.3156 -0.1308 -0.9398
vn -0.2958 -0.1708 -0.9398
vn -0.5281 -0.3049 -0.7925
vn -0.7583 -0.4379 -0.4829
vn -0.6947 -0.5331 -0.4829
vn -0.7693 -0.5903 -0.2446
vn -0.7693 -0.5903 0.2446
vn -0.6947 -0.5331 0.4829
vn -0.7583 -0.4379 0.4829
vn -0.5281 -0.3049 0.7925
vn -0.4838 -0.3712 0.7925
vn -0.2710 -0.2079 0.9398
vn 0.2595 0.1991 0.9450
vn 0.6939 0.5324 0.4849
vn 0.7690 0.5900 0.2461
vn 0.8394 0.4847 0.2460
vn 0.8394 0.4846 -0.2461
vn 0.6939 0.5324 -0.4849
vn 0.4811 0.3691 -0.7952
vn 0.2595 0.1991 -0.9450
vn -0.2710 -0.2079 -0.9398
vn -0.4838 -0.3712 -0.7925
vn -0.6192 -0.6192 -0.4829
vn -0.6856 -0.6856 -0.2446
vn -0.7692 -0.5903 -0.2446
vn -0.7692 -0.5903 0.2446
vn -0.6856 -0.6856 0.2446
vn -0.6192 -0.6192 0.4829
vn -0.4838 -0.3713 0.7925
vn -0.4312 -0.4312 0.7925
vn -0.2416 -0.2415 0.9398
vn -0.2710 -0.2080 0.9398
vn 0.2313 0.2313 0.9450
vn 0.6938 0.5324 0.4849
vn 0.6184 0.6184 0.4849
vn 0.6854 0.6854 0.2461
vn 0.7689 0.5901 0.2460
vn 0.7690 0.5901 -0.2461
vn 0.6854 0.6853 -0.2460
vn 0.6184 0.6184 -0.4849
vn 0.6938 0.5324 -0.4849
vn 0.2313 0.2313 -0.9450
vn -0.2710 -0.2080 -0.9398
vn -0.2416 -0.2415 -0.9398
vn -0.4312 -0.4312 -0.7925
vn -0.4838 -0.3713 -0.7925
vn -0.5331 -0.6947 -0.4829
vn -0.5903 -0.7692 -0.2446
vn -0.5903 -0.7692 0.2446
vn -0.5331 -0.6947 0.4829
vn -0.3713 -0.4838 0.7925
vn -0.2080 -0.2710 0.9398
vn -0.2415 -0.2416 0.9398
vn 0.1991 0.2595 0.9450
vn 0.5324 0.6938 0.4849
vn 0.5901 0.7690 0.2461
vn 0.6853 0.6854 0.2460
vn 0.6854 0.6854 -0.2461
vn 0.5901 0.7689 -0.2460
vn 0.5324 0.6938 -0.4849
vn 0.1991 0.2595 -0.9450
vn -0.2415 -0.2416 -0.9398
vn -0.2080 -0.2710 -0.9398
vn -0.3713 -0.4838 -0.7925
vn -0.4379 -0.7583 -0.4829
vn -0.4848 -0.8397 -0.2446
vn -0.5903 -0.7693 -0.2446
vn -0.5903 -0.7693 0.2446
vn -0.4848 -0.8397 0.2446
vn -0.4378 -0.7583 0.4829
vn -0.3712 -0.4838 0.7925
vn -0.3049 -0.5281 0.7925
vn -0.1708 -0.2958 0.9398
vn -0.2079 -0.2710 0.9398
vn 0.3032 0.5251 0.7952
vn 0.5324 0.6939 0.4849
vn 0.4373 0.7574 0.4849
vn 0.4846 0.8394 0.2461
vn 0.5900 0.7690 0.2460
vn 0.5900 0.7690 -0.2461
vn 0.4847 0.8394 -0.2460
vn 0.4373 0.7574 -0.4849
vn 0.5324 0.6939 -0.4849
vn 0.3032 0.5251 -0.7952
vn -0.2079 -0.2710 -0.9398
vn -0.1708 -0.2958 -0.9398
vn -0.3049 -0.5281 -0.7925
vn -0.3712 -0.4838 -0.7925
vn -0.4378 -0.7584 -0.4829
vn -0.3351 -0.8090 -0.4829
vn -0.3711 -0.8958 -0.2446
vn -0.3711 -0.8958 0.2446
vn -0.3351 -0.8090 0.4829
vn -0.4378 -0.7584 0.4829
vn -0.2334 -0.5634 0.7925
vn -0.1308 -0.3156 0.9398
vn 0.1252 0.3022 0.9450
vn 0.2320 0.5602 0.7952
vn 0.3347 0.8080 0.4849
vn 0.3709 0.8955 0.2461
vn 0.4846 0.8394 -0.2461
vn 0.3347 0.8080 -0.4849
vn 0.2320 0.5602 -0.7952
vn 0.1252 0.3022 -0.9450
vn 0.1635 0.2833 -0.9450
vn -0.1307 -0.3156 -0.9398
vn -0.2334 -0.5634 -0.7925
vn -0.2267 -0.8458 -0.4829
vn -0.2510 -0.9366 -0.2446
vn -0.3710 -0.8958 -0.2446
vn -0.3710 -0.8958 0.2446
vn -0.2510 -0.9366 0.2446
vn -0.2267 -0.8458 0.4829
vn -0.0884 -0.3299 0.9398
vn -0.1307 -0.3156 0.9398
vn 0.1569 0.5857 0.7952
vn 0.2264 0.8448 0.4849
vn 0.2509 0.9362 0.2461
vn 0.3709 0.8955 -0.2461
vn 0.2509 0.9362 -0.2460
vn 0.2264 0.8448 -0.4849
vn 0.1569 0.5857 -0.7952
vn 0.0847 0.3159 -0.9450
vn -0.0884 -0.3300 -0.9398
vn -0.2266 -0.8458 -0.4829
vn -0.1266 -0.9613 -0.2446
vn -0.2509 -0.9366 -0.2446
vn -0.2509 -0.9366 0.2446
vn -0.1266 -0.9613 0.2446
vn -0.2266 -0.8458 0.4829
vn -0.0884 -0.3300 0.9398
vn 0.2263 0.8448 0.4849
vn 0.1142 0.8671 0.4849
vn 0.1265 0.9610 0.2461
vn 0.2508 0.9362 0.2460
vn 0.2508 0.9362 -0.2461
vn 0.1142 0.8671 -0.4849
vn 0.2263 0.8448 -0.4849
vn 0.3743 -0.0000 0.9273
vn 0.3671 0.0730 0.9273
vn 0.3112 -0.2079 0.9273
vn 0.2647 -0.2646 0.9273
vn 0.2079 -0.3112 0.9273
vn 0.2646 -0.2646 0.9273
vn -0.0730 -0.3671 0.9273
vn -0.1432 -0.3458 0.9273
vn -0.0732 -0.3670 0.9273
vn -0.2079 -0.3112 0.9273
vn -0.2646 -0.2647 0.9273
vn -0.3112 -0.2079 0.9273
vn -0.2646 -0.2646 0.9273
vn -0.3458 -0.1432 0.9273
vn -0.3671 -0.0730 0.9273
vn -0.3743 -0.0000 0.9273
vn -0.3671 0.0730 0.9273
vn -0.3112 0.2079 0.9273
vn -0.2647 0.2646 0.9273
vn -0.2079 0.3112 0.9273
vn -0.2646 0.2646 0.9273
vn 0.2646 0.2647 0.9273
vn 0.3112 0.2079 0.9273
vn 0.2646 0.2646 0.9273
vn 0.3458 0.1432 0.9273
vt 0.200841 0.832631
vt 0.203825 0.833225
vt 0.206635 0.834389
vt 0.209164 0.836078
vt 0.211314 0.838229
vt 0.213004 0.840758
vt 0.214168 0.843568
vt 0.214761 0.846551
vt 0.214761 0.849593
vt 0.214168 0.852576
vt 0.213004 0.855386
vt 0.211314 0.857915
vt 0.209164 0.860065
vt 0.206635 0.861755
vt 0.203825 0.862919
vt 0.200841 0.863513
vt 0.197800 0.863513
vt 0.194817 0.862919
vt 0.192007 0.861755
vt 0.189478 0.860065
vt 0.187327 0.857915
vt 0.185637 0.855386
vt 0.184473 0.852576
vt 0.183880 0.849593
vt 0.183880 0.846551
vt 0.184473 0.843568
vt 0.185637 0.840758
vt 0.187327 0.838229
vt 0.189478 0.836078
vt 0.192007 0.834389
vt 0.194817 0.833225
vt 0.197800 0.832631
vt 0.206006 0.771033
vt 0.212041 0.769833
vt 0.218195 0.769833
vt 0.224230 0.771033
vt 0.229915 0.773388
vt 0.235031 0.776807
vt 0.239382 0.781158
vt 0.242800 0.786274
vt 0.245155 0.791959
vt 0.246356 0.797994
vt 0.246356 0.804147
vt 0.245155 0.810182
vt 0.242800 0.815867
vt 0.239382 0.820983
vt 0.235031 0.825334
vt 0.229914 0.828753
vt 0.224230 0.831108
vt 0.218195 0.832308
vt 0.212041 0.832308
vt 0.206006 0.831108
vt 0.200321 0.828753
vt 0.195205 0.825334
vt 0.190854 0.820983
vt 0.187435 0.815867
vt 0.185081 0.810182
vt 0.183880 0.804147
vt 0.183880 0.797994
vt 0.185081 0.791959
vt 0.187435 0.786274
vt 0.190854 0.781158
vt 0.195205 0.776807
vt 0.200321 0.773388
vt 0.070952 0.282443
vt 0.070764 0.302568
vt 0.056683 0.302595
vt 0.056575 0.282477
vt 0.041170 0.302654
vt 0.040828 0.282541
vt 0.141146 0.282671
vt 0.140848 0.302724
vt 0.125290 0.302645
vt 0.125433 0.282549
vt 0.111233 0.302577
vt 0.111107 0.282479
vt 0.070935 0.322665
vt 0.056667 0.322683
vt 0.041046 0.322732
vt 0.140869 0.322779
vt 0.125192 0.322742
vt 0.111053 0.322671
vt 0.070947 0.342711
vt 0.056695 0.342669
vt 0.041277 0.342725
vt 0.140718 0.342833
vt 0.125299 0.342781
vt 0.110955 0.342738
vt 0.070863 0.362721
vt 0.056761 0.362665
vt 0.041298 0.362745
vt 0.140724 0.362859
vt 0.124984 0.362814
vt 0.110935 0.362774
vt 0.070888 0.382722
vt 0.056776 0.382654
vt 0.041266 0.382738
vt 0.140465 0.382917
vt 0.125160 0.382841
vt 0.110917 0.382802
vt 0.070871 0.402697
vt 0.056763 0.402611
vt 0.041197 0.402656
vt 0.140471 0.402974
vt 0.124885 0.402843
vt 0.110880 0.402790
vt 0.070803 0.422677
vt 0.056794 0.422609
vt 0.041131 0.422587
vt 0.140530 0.422931
vt 0.124902 0.422851
vt 0.110745 0.422782
vt 0.070682 0.442718
vt 0.056616 0.442679
vt 0.040900 0.442582
vt 0.140571 0.442887
vt 0.124878 0.442875
vt 0.110790 0.442818
vt 0.070687 0.462784
vt 0.056393 0.462752
vt 0.040864 0.462648
vt 0.140472 0.462904
vt 0.124960 0.462913
vt 0.110647 0.462863
vt 0.070559 0.482847
vt 0.056431 0.482807
vt 0.040929 0.482746
vt 0.140345 0.482940
vt 0.124846 0.482937
vt 0.110751 0.482910
vt 0.070478 0.502913
vt 0.056280 0.502871
vt 0.040639 0.502830
vt 0.140482 0.503012
vt 0.124880 0.503000
vt 0.110723 0.502973
vt 0.070423 0.523017
vt 0.056144 0.522968
vt 0.040455 0.522905
vt 0.140605 0.523134
vt 0.124883 0.523120
vt 0.110545 0.523098
vt 0.070302 0.543132
vt 0.056138 0.543094
vt 0.040515 0.543044
vt 0.140451 0.543297
vt 0.124809 0.543269
vt 0.110679 0.543231
vt 0.070357 0.563275
vt 0.056031 0.563240
vt 0.040330 0.563200
vt 0.140531 0.563477
vt 0.124768 0.563445
vt 0.110634 0.563370
vt 0.070270 0.583418
vt 0.056000 0.583371
vt 0.040482 0.583396
vt 0.140319 0.583693
vt 0.124799 0.583613
vt 0.110525 0.583500
vt 0.070261 0.603528
vt 0.056127 0.603499
vt 0.040383 0.603542
vt 0.140352 0.603833
vt 0.124675 0.603711
vt 0.110379 0.603626
vt 0.070255 0.623603
vt 0.056147 0.623586
vt 0.040632 0.623621
vt 0.139968 0.623895
vt 0.124471 0.623765
vt 0.110331 0.623693
vt 0.070289 0.643631
vt 0.056002 0.643596
vt 0.040462 0.643629
vt 0.140003 0.643860
vt 0.124499 0.643741
vt 0.110219 0.643709
vt 0.070227 0.663659
vt 0.056122 0.663613
vt 0.040371 0.663597
vt 0.139980 0.663750
vt 0.124310 0.663706
vt 0.110203 0.663712
vt 0.070112 0.683686
vt 0.056182 0.683704
vt 0.040525 0.683653
vt 0.139758 0.683687
vt 0.124285 0.683685
vt 0.110194 0.683705
vt 0.070277 0.703689
vt 0.056149 0.703776
vt 0.040578 0.703744
vt 0.139636 0.703642
vt 0.124310 0.703614
vt 0.110212 0.703659
vt 0.070229 0.723667
vt 0.056160 0.723759
vt 0.040686 0.723746
vt 0.139694 0.723576
vt 0.124192 0.723551
vt 0.110314 0.723580
vt 0.070322 0.743613
vt 0.056186 0.743704
vt 0.040848 0.743717
vt 0.139796 0.743530
vt 0.124273 0.743537
vt 0.110187 0.743534
vt 0.070422 0.763581
vt 0.056308 0.763638
vt 0.040693 0.763635
vt 0.140011 0.763482
vt 0.124337 0.763517
vt 0.110251 0.763511
vt 0.070373 0.783557
vt 0.056188 0.783586
vt 0.040812 0.783550
vt 0.139959 0.783413
vt 0.124525 0.783479
vt 0.110329 0.783477
vt 0.070384 0.803567
vt 0.056125 0.803526
vt 0.040542 0.803460
vt 0.140190 0.803358
vt 0.124594 0.803442
vt 0.110331 0.803490
vt 0.070252 0.823624
vt 0.056059 0.823511
vt 0.040510 0.823343
vt 0.140275 0.823308
vt 0.124646 0.823476
vt 0.110460 0.823569
vt 0.070068 0.843730
vt 0.055874 0.843554
vt 0.040467 0.843339
vt 0.140395 0.843317
vt 0.124703 0.843591
vt 0.110611 0.843713
vt 0.069936 0.863944
vt 0.055760 0.863711
vt 0.039891 0.863374
vt 0.140732 0.863425
vt 0.125046 0.863815
vt 0.110693 0.863972
vt 0.069764 0.884380
vt 0.055135 0.884052
vt 0.039377 0.883466
vt 0.141256 0.883631
vt 0.125546 0.884156
vt 0.110897 0.884421
vt 0.069225 0.905166
vt 0.054495 0.904619
vt 0.038533 0.903772
vt 0.141964 0.904012
vt 0.126111 0.904744
vt 0.111318 0.905225
vt 0.068519 0.926427
vt 0.053456 0.925590
vt 0.037230 0.924336
vt 0.143343 0.924650
vt 0.126956 0.925734
vt 0.111900 0.926484
vt 0.067367 0.948441
vt 0.051829 0.947129
vt 0.035271 0.945253
vt 0.145125 0.945580
vt 0.128486 0.947339
vt 0.112923 0.948563
vt 0.065638 0.971619
vt 0.049115 0.969525
vt 0.031991 0.966577
vt 0.148217 0.966954
vt 0.131047 0.969774
vt 0.114514 0.971782
vt 0.062312 0.997111
vt 0.044644 0.992888
vt 0.027256 0.987981
vt 0.152731 0.988441
vt 0.135292 0.993121
vt 0.117679 0.997113
vt 0.063616 0.002699
vt 0.066792 0.028710
vt 0.049767 0.030617
vt 0.045546 0.006765
vt 0.032294 0.033430
vt 0.027782 0.011519
vt 0.155925 0.012203
vt 0.151179 0.034059
vt 0.133635 0.031095
vt 0.138143 0.007247
vt 0.116658 0.028986
vt 0.120117 0.002997
vt 0.068315 0.052438
vt 0.052213 0.053535
vt 0.035099 0.055232
vt 0.147945 0.055826
vt 0.130990 0.053945
vt 0.114898 0.052678
vt 0.069160 0.075071
vt 0.053693 0.075722
vt 0.036785 0.076731
vt 0.146033 0.077261
vt 0.129250 0.076074
vt 0.113826 0.075270
vt 0.069824 0.096993
vt 0.054602 0.097359
vt 0.038044 0.097966
vt 0.144516 0.098429
vt 0.128187 0.097618
vt 0.112979 0.097143
vt 0.070110 0.118371
vt 0.055183 0.118604
vt 0.038918 0.119018
vt 0.143696 0.119376
vt 0.127357 0.118807
vt 0.112499 0.118468
vt 0.070256 0.139402
vt 0.055527 0.139551
vt 0.039554 0.139888
vt 0.142930 0.140112
vt 0.126921 0.139700
vt 0.112204 0.139484
vt 0.070490 0.160195
vt 0.055924 0.160283
vt 0.039750 0.160498
vt 0.142583 0.160699
vt 0.126399 0.160441
vt 0.112018 0.160259
vt 0.070630 0.180811
vt 0.056144 0.180867
vt 0.040171 0.180961
vt 0.142156 0.181189
vt 0.126289 0.181033
vt 0.111685 0.180889
vt 0.070711 0.201325
vt 0.056378 0.201385
vt 0.040478 0.201431
vt 0.141707 0.201671
vt 0.125949 0.201497
vt 0.111570 0.201368
vt 0.070775 0.221735
vt 0.056261 0.221779
vt 0.040673 0.221878
vt 0.141684 0.222058
vt 0.125830 0.221878
vt 0.111393 0.221763
vt 0.070677 0.242040
vt 0.056570 0.242101
vt 0.040671 0.242196
vt 0.141248 0.242352
vt 0.125603 0.242183
vt 0.111400 0.242076
vt 0.070813 0.262267
vt 0.056506 0.262351
vt 0.040941 0.262422
vt 0.141182 0.262582
vt 0.125500 0.262412
vt 0.111234 0.262310
vt 0.277635 0.728272
vt 0.281217 0.727979
vt 0.279800 0.730121
vt 0.285012 0.727979
vt 0.288594 0.728272
vt 0.286891 0.731180
vt 0.185927 0.742437
vt 0.186096 0.744482
vt 0.183974 0.742779
vt 0.380302 0.742437
vt 0.383837 0.742779
vt 0.381090 0.745579
vt 0.286799 0.708491
vt 0.287583 0.710386
vt 0.285641 0.711056
vt 0.288594 0.718477
vt 0.285400 0.717762
vt 0.287741 0.714991
vt 0.185927 0.704312
vt 0.183974 0.703970
vt 0.186096 0.702267
vt 0.380223 0.703807
vt 0.379819 0.700244
vt 0.383047 0.701973
vt 0.314039 0.533290
vt 0.310457 0.533583
vt 0.311874 0.531441
vt 0.306662 0.533583
vt 0.303080 0.533290
vt 0.304783 0.530382
vt 0.405747 0.519125
vt 0.405578 0.517080
vt 0.407700 0.518783
vt 0.211372 0.519125
vt 0.208473 0.517775
vt 0.211777 0.515563
vt 0.304875 0.553071
vt 0.304091 0.551176
vt 0.306033 0.550506
vt 0.303080 0.543085
vt 0.306662 0.542792
vt 0.304783 0.545993
vt 0.405747 0.557250
vt 0.407699 0.557592
vt 0.405578 0.559295
vt 0.211450 0.557755
vt 0.211855 0.561318
vt 0.208626 0.559589
vt 0.277123 0.635679
vt 0.280535 0.635385
vt 0.277324 0.637719
vt 0.285911 0.636393
vt 0.289106 0.635679
vt 0.288670 0.639236
vt 0.185927 0.649843
vt 0.186096 0.651888
vt 0.184069 0.650186
vt 0.380861 0.649843
vt 0.384396 0.650186
vt 0.382205 0.652993
vt 0.286799 0.615898
vt 0.287583 0.617792
vt 0.285641 0.618462
vt 0.289106 0.625883
vt 0.285911 0.625169
vt 0.288670 0.622326
vt 0.407699 0.611719
vt 0.405747 0.611376
vt 0.405551 0.609487
vt 0.380223 0.611213
vt 0.381012 0.608070
vt 0.383683 0.610387
vt 0.277123 0.357898
vt 0.280535 0.357604
vt 0.277324 0.359938
vt 0.285911 0.358612
vt 0.289106 0.357898
vt 0.288670 0.361455
vt 0.373916 0.398347
vt 0.374730 0.396463
vt 0.376362 0.397073
vt 0.380861 0.372063
vt 0.384396 0.372405
vt 0.382205 0.375213
vt 0.277123 0.348103
vt 0.277324 0.346062
vt 0.280535 0.348396
vt 0.289106 0.348103
vt 0.285911 0.347388
vt 0.288670 0.344545
vt 0.407699 0.333938
vt 0.405747 0.333596
vt 0.405551 0.331706
vt 0.380302 0.333938
vt 0.381091 0.330795
vt 0.383837 0.333596
vt 0.277805 0.450492
vt 0.281217 0.450198
vt 0.281038 0.452245
vt 0.285012 0.450198
vt 0.288594 0.450491
vt 0.286891 0.453400
vt 0.373916 0.490940
vt 0.374730 0.489057
vt 0.376515 0.489705
vt 0.380302 0.464656
vt 0.383201 0.466007
vt 0.379897 0.468219
vt 0.277123 0.440696
vt 0.278562 0.438752
vt 0.280705 0.440990
vt 0.288594 0.440696
vt 0.285012 0.440990
vt 0.286891 0.437788
vt 0.185927 0.426531
vt 0.183974 0.426189
vt 0.186096 0.424486
vt 0.380302 0.426532
vt 0.379897 0.422969
vt 0.383201 0.425181
vt 0.405747 0.742779
vt 0.405551 0.744826
vt 0.374730 0.679912
vt 0.376668 0.679225
vt 0.373916 0.678028
vt 0.277123 0.718477
vt 0.281217 0.718770
vt 0.265127 0.222530
vt 0.265357 0.230727
vt 0.262401 0.230728
vt 0.262160 0.222629
vt 0.264778 0.214287
vt 0.261750 0.214479
vt 0.264123 0.205836
vt 0.261019 0.206135
vt 0.263239 0.197058
vt 0.260009 0.197491
vt 0.261931 0.187848
vt 0.258539 0.188433
vt 0.260312 0.178076
vt 0.256686 0.178869
vt 0.257976 0.167174
vt 0.254019 0.168283
vt 0.255045 0.154566
vt 0.250452 0.156201
vt 0.340060 0.013602
vt 0.343060 0.001450
vt 0.347403 0.002993
vt 0.343811 0.014740
vt 0.337795 0.024005
vt 0.341257 0.024854
vt 0.336049 0.033525
vt 0.339341 0.034157
vt 0.334721 0.042483
vt 0.337885 0.042954
vt 0.333821 0.051044
vt 0.336882 0.051395
vt 0.333099 0.059433
vt 0.336096 0.059684
vt 0.332680 0.067655
vt 0.335647 0.067808
vt 0.332420 0.075817
vt 0.335375 0.075880
vt 0.332441 0.083985
vt 0.335418 0.083955
vt 0.332609 0.092207
vt 0.335638 0.092085
vt 0.333139 0.100682
vt 0.336229 0.100448
vt 0.333791 0.109444
vt 0.337014 0.109085
vt 0.334869 0.118627
vt 0.338248 0.118124
vt 0.336266 0.128437
vt 0.339872 0.127751
vt 0.338093 0.139259
vt 0.342067 0.138298
vt 0.340449 0.151663
vt 0.345059 0.150293
vt 0.259026 0.293084
vt 0.256221 0.305376
vt 0.251832 0.303902
vt 0.255229 0.292025
vt 0.261134 0.282634
vt 0.257633 0.281865
vt 0.262581 0.273164
vt 0.259280 0.272598
vt 0.263735 0.264180
vt 0.260571 0.263764
vt 0.264466 0.255560
vt 0.261406 0.255269
vt 0.265036 0.247128
vt 0.262034 0.246942
vt 0.265281 0.238896
vt 0.262311 0.238808
vt 0.241696 0.223691
vt 0.241783 0.230915
vt 0.237761 0.230957
vt 0.237651 0.223969
vt 0.240882 0.216447
vt 0.236813 0.216968
vt 0.239665 0.209146
vt 0.235567 0.209929
vt 0.237974 0.201761
vt 0.233828 0.202842
vt 0.236056 0.194172
vt 0.231843 0.195594
vt 0.233195 0.186548
vt 0.228941 0.188359
vt 0.229688 0.178911
vt 0.225397 0.181184
vt 0.225330 0.171531
vt 0.221141 0.174330
vt 0.367168 0.024723
vt 0.370977 0.017431
vt 0.375101 0.019871
vt 0.371373 0.026776
vt 0.363918 0.032190
vt 0.368114 0.033857
vt 0.361243 0.039677
vt 0.365385 0.041014
vt 0.359380 0.047153
vt 0.363477 0.048198
vt 0.357928 0.054508
vt 0.362007 0.055288
vt 0.356984 0.061767
vt 0.361026 0.062289
vt 0.356130 0.068967
vt 0.360168 0.069249
vt 0.356013 0.076157
vt 0.360036 0.076209
vt 0.355925 0.083381
vt 0.359973 0.083204
vt 0.356558 0.090648
vt 0.360620 0.090237
vt 0.357528 0.097985
vt 0.361666 0.097315
vt 0.359000 0.105433
vt 0.363172 0.104470
vt 0.360945 0.112994
vt 0.365217 0.111696
vt 0.363561 0.120668
vt 0.367880 0.118974
vt 0.366707 0.128497
vt 0.371043 0.126340
vt 0.370859 0.136092
vt 0.375149 0.133402
vt 0.231757 0.282482
vt 0.227967 0.289770
vt 0.223842 0.287363
vt 0.227561 0.280497
vt 0.234711 0.274920
vt 0.230518 0.273324
vt 0.237320 0.267429
vt 0.233163 0.266170
vt 0.239049 0.259953
vt 0.234943 0.258993
vt 0.240350 0.252589
vt 0.236263 0.251902
vt 0.241140 0.245319
vt 0.237101 0.244890
vt 0.241832 0.238104
vt 0.237800 0.237913
vt 0.224987 0.224967
vt 0.225291 0.231097
vt 0.221067 0.231176
vt 0.220747 0.225356
vt 0.224187 0.218854
vt 0.219978 0.219555
vt 0.222987 0.212716
vt 0.218780 0.213751
vt 0.221227 0.206587
vt 0.217065 0.207972
vt 0.218983 0.200472
vt 0.214839 0.202245
vt 0.216087 0.194402
vt 0.212030 0.196583
vt 0.212495 0.188376
vt 0.208559 0.190994
vt 0.208033 0.182198
vt 0.204278 0.185280
vt 0.384178 0.033056
vt 0.388305 0.026552
vt 0.392307 0.029409
vt 0.388277 0.035484
vt 0.380887 0.039333
vt 0.385058 0.041361
vt 0.378234 0.045547
vt 0.382457 0.047199
vt 0.376191 0.051734
vt 0.380407 0.053025
vt 0.374565 0.057922
vt 0.378803 0.058885
vt 0.373475 0.064084
vt 0.377693 0.064729
vt 0.372782 0.070215
vt 0.377016 0.070556
vt 0.372501 0.076367
vt 0.376739 0.076409
vt 0.372675 0.082514
vt 0.376926 0.082246
vt 0.373271 0.088681
vt 0.377526 0.088095
vt 0.374395 0.094839
vt 0.378621 0.093924
vt 0.375943 0.101015
vt 0.380166 0.099742
vt 0.378100 0.107174
vt 0.382273 0.105524
vt 0.380797 0.113340
vt 0.384921 0.111270
vt 0.384238 0.119510
vt 0.388277 0.116982
vt 0.388605 0.125792
vt 0.392474 0.122779
vt 0.214696 0.274416
vt 0.210705 0.280822
vt 0.206734 0.278062
vt 0.210608 0.272080
vt 0.217787 0.268150
vt 0.213653 0.266228
vt 0.220352 0.261936
vt 0.216136 0.260380
vt 0.222229 0.255752
vt 0.218019 0.254561
vt 0.223679 0.249577
vt 0.219453 0.248717
vt 0.224677 0.243395
vt 0.220442 0.242854
vt 0.225217 0.237237
vt 0.220965 0.237010
vt 0.202558 0.227228
vt 0.202822 0.231586
vt 0.198263 0.231646
vt 0.198062 0.227672
vt 0.201973 0.222899
vt 0.197497 0.223754
vt 0.200952 0.218633
vt 0.196570 0.219878
vt 0.199611 0.214431
vt 0.195303 0.216063
vt 0.197844 0.210354
vt 0.193716 0.212358
vt 0.195740 0.206397
vt 0.191777 0.208817
vt 0.193162 0.202615
vt 0.189438 0.205431
vt 0.190144 0.198983
vt 0.186643 0.202221
vt 0.404972 0.047052
vt 0.408129 0.043239
vt 0.411812 0.046683
vt 0.408850 0.049998
vt 0.402306 0.050956
vt 0.406396 0.053457
vt 0.400077 0.055004
vt 0.404355 0.057094
vt 0.398305 0.059197
vt 0.402688 0.060857
vt 0.396924 0.063469
vt 0.401397 0.064725
vt 0.395925 0.067802
vt 0.400437 0.068665
vt 0.395297 0.072168
vt 0.399836 0.072621
vt 0.395052 0.076543
vt 0.399606 0.076600
vt 0.395182 0.080920
vt 0.399710 0.080585
vt 0.395682 0.085261
vt 0.400171 0.084533
vt 0.396561 0.089555
vt 0.400965 0.088435
vt 0.397816 0.093763
vt 0.402117 0.092240
vt 0.399470 0.097866
vt 0.403616 0.095944
vt 0.401515 0.101826
vt 0.405482 0.099491
vt 0.404011 0.105640
vt 0.407758 0.102895
vt 0.406961 0.109309
vt 0.410494 0.106131
vt 0.193999 0.261075
vt 0.191014 0.264904
vt 0.187296 0.261645
vt 0.190095 0.258301
vt 0.196509 0.257162
vt 0.192392 0.254826
vt 0.198538 0.253089
vt 0.194272 0.251184
vt 0.200150 0.248907
vt 0.195779 0.247425
vt 0.201363 0.244640
vt 0.196900 0.243571
vt 0.202198 0.240314
vt 0.197675 0.239619
vt 0.202662 0.235954
vt 0.198142 0.235634
vt 0.298618 0.230527
vt 0.298650 0.222213
vt 0.302359 0.222252
vt 0.302329 0.230526
vt 0.298667 0.213811
vt 0.302430 0.213895
vt 0.298928 0.205255
vt 0.302705 0.205401
vt 0.299339 0.196523
vt 0.303160 0.196756
vt 0.299899 0.187442
vt 0.303821 0.187803
vt 0.300951 0.177906
vt 0.304949 0.178441
vt 0.302483 0.167614
vt 0.306609 0.168427
vt 0.305043 0.156199
vt 0.309282 0.157389
vt 0.294643 0.000864
vt 0.296720 0.012353
vt 0.292583 0.013008
vt 0.290387 0.001849
vt 0.297871 0.022672
vt 0.293871 0.023083
vt 0.298541 0.032204
vt 0.294647 0.032445
vt 0.299018 0.041259
vt 0.295172 0.041393
vt 0.299184 0.049991
vt 0.295404 0.050047
vt 0.299333 0.058549
vt 0.295569 0.058550
vt 0.299298 0.066997
vt 0.295560 0.066950
vt 0.299193 0.075357
vt 0.295478 0.075271
vt 0.299036 0.083696
vt 0.295315 0.083570
vt 0.298782 0.092071
vt 0.295053 0.091901
vt 0.298405 0.100567
vt 0.294653 0.100334
vt 0.297859 0.109243
vt 0.294060 0.108923
vt 0.297047 0.118176
vt 0.293185 0.117738
vt 0.295914 0.127601
vt 0.291950 0.126979
vt 0.294189 0.137755
vt 0.290099 0.136865
vt 0.291454 0.149129
vt 0.287273 0.147887
vt 0.304864 0.304832
vt 0.302497 0.293354
vt 0.306617 0.292595
vt 0.309098 0.303739
vt 0.301080 0.283047
vt 0.305078 0.282542
vt 0.300178 0.273541
vt 0.304076 0.273205
vt 0.299491 0.264508
vt 0.303337 0.264279
vt 0.299120 0.255771
vt 0.302898 0.255625
vt 0.298896 0.247278
vt 0.302618 0.247193
vt 0.298652 0.238880
vt 0.302390 0.238839
vt 0.271146 0.239049
vt 0.271222 0.230749
vt 0.274201 0.230727
vt 0.274064 0.239056
vt 0.271005 0.247441
vt 0.274039 0.247480
vt 0.270582 0.256027
vt 0.273653 0.256089
vt 0.269996 0.264841
vt 0.273161 0.264932
vt 0.269177 0.274014
vt 0.272464 0.274127
vt 0.268205 0.283776
vt 0.271763 0.283925
vt 0.266947 0.294505
vt 0.270861 0.294655
vt 0.265798 0.306515
vt 0.270179 0.306443
vt 0.329980 0.140317
vt 0.330775 0.152602
vt 0.326340 0.152337
vt 0.326058 0.140328
vt 0.328883 0.129297
vt 0.325223 0.129369
vt 0.328084 0.119259
vt 0.324754 0.119310
vt 0.327399 0.109911
vt 0.324203 0.109966
vt 0.326910 0.100969
vt 0.323785 0.101012
vt 0.326651 0.092331
vt 0.323654 0.092349
vt 0.326578 0.083979
vt 0.323663 0.083970
vt 0.326573 0.075668
vt 0.323602 0.075630
vt 0.326828 0.067375
vt 0.323911 0.067307
vt 0.327159 0.058991
vt 0.324137 0.058886
vt 0.327767 0.050459
vt 0.324745 0.050327
vt 0.328475 0.041706
vt 0.325316 0.041538
vt 0.329433 0.032512
vt 0.326100 0.032309
vt 0.330662 0.022682
vt 0.327058 0.022435
vt 0.332247 0.012021
vt 0.328387 0.011788
vt 0.333630 0.000201
vt 0.329346 0.000202
vt 0.266306 0.165825
vt 0.264997 0.153054
vt 0.269576 0.153190
vt 0.270350 0.165694
vt 0.267673 0.177006
vt 0.271314 0.176853
vt 0.268727 0.187051
vt 0.272066 0.186921
vt 0.269642 0.196443
vt 0.272851 0.196320
vt 0.270328 0.205420
vt 0.273455 0.205315
vt 0.270733 0.214034
vt 0.273696 0.213965
vt 0.271036 0.222402
vt 0.273997 0.222356
vt 0.326917 0.230645
vt 0.326759 0.222783
vt 0.331537 0.222834
vt 0.331700 0.230630
vt 0.327219 0.214922
vt 0.332011 0.215046
vt 0.327306 0.207056
vt 0.332082 0.207264
vt 0.327552 0.199204
vt 0.332306 0.199510
vt 0.328435 0.191447
vt 0.333181 0.191881
vt 0.329176 0.183664
vt 0.333868 0.184256
vt 0.330568 0.176138
vt 0.335198 0.176958
vt 0.332236 0.168536
vt 0.336715 0.169676
vt 0.266724 0.012314
vt 0.268186 0.019887
vt 0.263475 0.020624
vt 0.262138 0.013374
vt 0.269311 0.027478
vt 0.264551 0.027984
vt 0.270160 0.035188
vt 0.265385 0.035533
vt 0.270371 0.043060
vt 0.265573 0.043287
vt 0.270828 0.050893
vt 0.266043 0.051027
vt 0.270655 0.058782
vt 0.265846 0.058838
vt 0.270814 0.066645
vt 0.266023 0.066630
vt 0.270843 0.074503
vt 0.266056 0.074423
vt 0.270764 0.082356
vt 0.265981 0.082208
vt 0.270575 0.090204
vt 0.265806 0.089984
vt 0.270257 0.098044
vt 0.265507 0.097747
vt 0.269795 0.105865
vt 0.265058 0.105476
vt 0.269151 0.113656
vt 0.264455 0.113152
vt 0.267874 0.121275
vt 0.263206 0.120613
vt 0.266358 0.128747
vt 0.261763 0.127859
vt 0.264570 0.136299
vt 0.260135 0.135086
vt 0.332519 0.292713
vt 0.330837 0.285069
vt 0.335503 0.284226
vt 0.337055 0.291541
vt 0.329528 0.277536
vt 0.334251 0.276929
vt 0.328504 0.269873
vt 0.333251 0.269432
vt 0.328120 0.262030
vt 0.332898 0.261711
vt 0.327508 0.254224
vt 0.332281 0.254001
vt 0.327024 0.246393
vt 0.331798 0.246246
vt 0.327165 0.238507
vt 0.331952 0.238428
vt 0.388678 0.230059
vt 0.388788 0.222896
vt 0.393529 0.222911
vt 0.393502 0.230017
vt 0.388771 0.215759
vt 0.393557 0.215829
vt 0.388862 0.208576
vt 0.393667 0.208701
vt 0.389041 0.201395
vt 0.393854 0.201570
vt 0.389299 0.194203
vt 0.394110 0.194413
vt 0.389550 0.186936
vt 0.394414 0.187162
vt 0.390035 0.179720
vt 0.394775 0.179893
vt 0.390226 0.172674
vt 0.394893 0.172617
vt 0.207682 0.015929
vt 0.207695 0.023212
vt 0.202917 0.023360
vt 0.202836 0.015836
vt 0.208043 0.030436
vt 0.203218 0.030621
vt 0.208387 0.037695
vt 0.203529 0.037864
vt 0.208677 0.044986
vt 0.203807 0.045129
vt 0.208980 0.052323
vt 0.204044 0.052440
vt 0.208935 0.059619
vt 0.204145 0.059689
vt 0.209181 0.066892
vt 0.204274 0.066923
vt 0.209086 0.074176
vt 0.204257 0.074164
vt 0.208923 0.081345
vt 0.204183 0.081283
vt 0.208934 0.088502
vt 0.204120 0.088390
vt 0.208869 0.095740
vt 0.203987 0.095582
vt 0.208454 0.102947
vt 0.203704 0.102745
vt 0.208289 0.110151
vt 0.203434 0.109908
vt 0.207769 0.117333
vt 0.203023 0.117075
vt 0.207271 0.124398
vt 0.202622 0.124176
vt 0.207125 0.131354
vt 0.202449 0.131350
vt 0.390880 0.287602
vt 0.390619 0.280581
vt 0.395330 0.280344
vt 0.395543 0.287597
vt 0.390170 0.273472
vt 0.394931 0.273215
vt 0.389741 0.266320
vt 0.394542 0.266086
vt 0.389373 0.259122
vt 0.394200 0.258921
vt 0.388997 0.251848
vt 0.393900 0.251675
vt 0.388943 0.244585
vt 0.393736 0.244457
vt 0.388647 0.237336
vt 0.393543 0.237246
vt 0.393502 0.230017
vt 0.393529 0.222911
vt 0.397762 0.222958
vt 0.397826 0.230013
vt 0.393557 0.215829
vt 0.397835 0.215920
vt 0.397966 0.208838
vt 0.398175 0.201766
vt 0.398462 0.194655
vt 0.394414 0.187162
vt 0.398849 0.187425
vt 0.394775 0.179893
vt 0.399189 0.180110
vt 0.399460 0.172572
vt 0.202836 0.015836
vt 0.198496 0.023499
vt 0.198146 0.015806
vt 0.203218 0.030621
vt 0.198837 0.030766
vt 0.203529 0.037864
vt 0.199141 0.037986
vt 0.203807 0.045129
vt 0.199404 0.045239
vt 0.199587 0.052529
vt 0.199812 0.059735
vt 0.199857 0.066934
vt 0.204257 0.074164
vt 0.199922 0.074136
vt 0.204183 0.081283
vt 0.199933 0.081211
vt 0.199811 0.088279
vt 0.203987 0.095582
vt 0.199595 0.095423
vt 0.203704 0.102745
vt 0.199439 0.102547
vt 0.203434 0.109908
vt 0.199058 0.109674
vt 0.203023 0.117075
vt 0.198715 0.116808
vt 0.202622 0.124176
vt 0.198322 0.123929
vt 0.202449 0.131350
vt 0.197919 0.131337
vt 0.399653 0.280147
vt 0.400025 0.287582
vt 0.394931 0.273215
vt 0.399231 0.273026
vt 0.398862 0.265929
vt 0.398557 0.258789
vt 0.393901 0.251675
vt 0.398321 0.251565
vt 0.393736 0.244457
vt 0.398054 0.244379
vt 0.397950 0.237196
vt 0.404534 0.230049
vt 0.404489 0.223070
vt 0.408708 0.223103
vt 0.408818 0.230009
vt 0.404481 0.216093
vt 0.408788 0.216172
vt 0.404628 0.209072
vt 0.408874 0.209185
vt 0.404872 0.202109
vt 0.409069 0.202307
vt 0.405178 0.195100
vt 0.409468 0.195387
vt 0.405596 0.187931
vt 0.409993 0.188263
vt 0.406149 0.180656
vt 0.410550 0.181066
vt 0.406962 0.173048
vt 0.411557 0.173764
vt 0.190686 0.016383
vt 0.191502 0.023849
vt 0.187178 0.024212
vt 0.186135 0.017125
vt 0.192015 0.030998
vt 0.187699 0.031192
vt 0.192333 0.038149
vt 0.187966 0.038269
vt 0.192603 0.045380
vt 0.188150 0.045502
vt 0.192796 0.052630
vt 0.188436 0.052746
vt 0.192976 0.059768
vt 0.188672 0.059826
vt 0.193139 0.066904
vt 0.188760 0.066930
vt 0.193194 0.074045
vt 0.188895 0.074048
vt 0.193181 0.081054
vt 0.188945 0.080991
vt 0.193134 0.088066
vt 0.188814 0.087957
vt 0.192904 0.095124
vt 0.188667 0.094965
vt 0.192739 0.102186
vt 0.188386 0.101987
vt 0.192401 0.109265
vt 0.188130 0.109045
vt 0.192033 0.116296
vt 0.187791 0.115996
vt 0.191487 0.123339
vt 0.187224 0.122889
vt 0.190639 0.130765
vt 0.186139 0.130005
vt 0.407312 0.286974
vt 0.406452 0.279744
vt 0.410678 0.279376
vt 0.411699 0.286232
vt 0.405914 0.272740
vt 0.410148 0.272520
vt 0.405558 0.265723
vt 0.409836 0.265575
vt 0.405292 0.258634
vt 0.409626 0.258524
vt 0.405047 0.251451
vt 0.409447 0.251343
vt 0.404869 0.244295
vt 0.409179 0.244203
vt 0.404652 0.237168
vt 0.409023 0.237101
vt 0.392671 0.062318
vt 0.391590 0.067011
vt 0.387126 0.066245
vt 0.388247 0.061182
vt 0.200580 0.259358
vt 0.202661 0.254860
vt 0.206956 0.256654
vt 0.204776 0.261587
vt 0.394035 0.057632
vt 0.389650 0.056098
vt 0.197952 0.263621
vt 0.202020 0.266299
vt 0.395939 0.053058
vt 0.391637 0.051125
vt 0.194938 0.267653
vt 0.198831 0.270787
vt 0.398275 0.048614
vt 0.394068 0.046251
vt 0.400286 0.108159
vt 0.403317 0.111985
vt 0.399723 0.115162
vt 0.396437 0.110895
vt 0.401037 0.044345
vt 0.396957 0.041523
vt 0.397671 0.104015
vt 0.393632 0.106314
vt 0.404212 0.040307
vt 0.400302 0.037004
vt 0.395419 0.099714
vt 0.391218 0.101596
vt 0.196862 0.200025
vt 0.193755 0.196249
vt 0.197274 0.193015
vt 0.200641 0.197220
vt 0.393701 0.095216
vt 0.389398 0.096687
vt 0.199583 0.204123
vt 0.203565 0.201734
vt 0.392289 0.090640
vt 0.387895 0.091720
vt 0.201852 0.208433
vt 0.206005 0.206450
vt 0.391411 0.085964
vt 0.386976 0.086664
vt 0.207000 0.236242
vt 0.207158 0.231513
vt 0.211625 0.231419
vt 0.211478 0.236509
vt 0.203713 0.212887
vt 0.207976 0.211304
vt 0.390804 0.081252
vt 0.386325 0.081581
vt 0.206470 0.240946
vt 0.210922 0.241574
vt 0.205134 0.217452
vt 0.209487 0.216252
vt 0.390721 0.076509
vt 0.386243 0.076476
vt 0.205650 0.245642
vt 0.210076 0.246647
vt 0.206292 0.222077
vt 0.210709 0.221253
vt 0.390893 0.071751
vt 0.386404 0.071348
vt 0.204422 0.250311
vt 0.208803 0.251710
vt 0.206907 0.226787
vt 0.211366 0.226329
vt 0.268061 0.238983
vt 0.268080 0.230749
vt 0.270945 0.230751
vt 0.270882 0.239045
vt 0.267806 0.247296
vt 0.270722 0.247432
vt 0.267334 0.255806
vt 0.270300 0.256012
vt 0.266667 0.264527
vt 0.269706 0.264819
vt 0.265706 0.273611
vt 0.268880 0.273986
vt 0.264438 0.283232
vt 0.267876 0.283738
vt 0.262725 0.293848
vt 0.266578 0.294463
vt 0.260798 0.306111
vt 0.265376 0.306510
vt 0.334261 0.139828
vt 0.335840 0.152340
vt 0.331205 0.152615
vt 0.330348 0.140285
vt 0.332835 0.128867
vt 0.329231 0.129264
vt 0.331654 0.118952
vt 0.328390 0.119237
vt 0.330796 0.109675
vt 0.327694 0.109892
vt 0.330242 0.100818
vt 0.327203 0.100956
vt 0.329816 0.092262
vt 0.326926 0.092324
vt 0.329659 0.083976
vt 0.326841 0.083978
vt 0.329703 0.075735
vt 0.326849 0.075672
vt 0.329906 0.067508
vt 0.327091 0.067384
vt 0.330341 0.059206
vt 0.327439 0.059006
vt 0.330951 0.050743
vt 0.328039 0.050480
vt 0.331796 0.042086
vt 0.328764 0.041734
vt 0.332955 0.033008
vt 0.329740 0.032549
vt 0.334492 0.023333
vt 0.331001 0.022731
vt 0.336389 0.012763
vt 0.332606 0.012071
vt 0.338503 0.000652
vt 0.334034 0.000208
vt 0.261869 0.166474
vt 0.259753 0.153599
vt 0.264547 0.153062
vt 0.265919 0.165871
vt 0.263758 0.177537
vt 0.267332 0.177047
vt 0.265153 0.187446
vt 0.268421 0.187081
vt 0.266238 0.196756
vt 0.269346 0.196468
vt 0.267006 0.205639
vt 0.270035 0.205439
vt 0.267601 0.214165
vt 0.270465 0.214045
vt 0.267904 0.222474
vt 0.270765 0.222409
vt 0.215006 0.494038
vt 0.216944 0.494725
vt 0.216944 0.581650
vt 0.215006 0.582337
vt 0.217758 0.583534
vt 0.310457 0.542792
vt 0.310636 0.544839
vt 0.314551 0.543085
vt 0.285641 0.643099
vt 0.287583 0.643770
vt 0.405747 0.650186
vt 0.405551 0.652233
vt 0.407794 0.649843
vt 0.373916 0.585434
vt 0.374730 0.587318
vt 0.277123 0.625883
vt 0.281217 0.626177
vt 0.286799 0.367883
vt 0.287583 0.365989
vt 0.285641 0.365319
vt 0.405747 0.372405
vt 0.405551 0.374452
vt 0.407794 0.372063
vt 0.185927 0.333938
vt 0.186096 0.331893
vt 0.285641 0.340682
vt 0.287583 0.340011
vt 0.286799 0.460477
vt 0.287583 0.458583
vt 0.185927 0.464656
vt 0.183880 0.464999
vt 0.374730 0.402131
vt 0.376668 0.401444
vt 0.092682 0.282441
vt 0.092711 0.302567
vt 0.089313 0.302571
vt 0.089280 0.282437
vt 0.083896 0.282437
vt 0.083922 0.302566
vt 0.080430 0.302565
vt 0.080439 0.282438
vt 0.028630 0.282592
vt 0.028654 0.302711
vt 0.023936 0.302730
vt 0.023956 0.282606
vt 0.016308 0.282623
vt 0.016335 0.302760
vt 0.013931 0.302769
vt 0.013889 0.282628
vt 0.158071 0.282759
vt 0.157808 0.302807
vt 0.153127 0.302778
vt 0.153406 0.282721
vt 0.101528 0.282458
vt 0.101552 0.302551
vt 0.098068 0.302551
vt 0.098057 0.282451
vt 0.092638 0.322625
vt 0.089240 0.322628
vt 0.083887 0.322645
vt 0.080437 0.322653
vt 0.028792 0.322748
vt 0.024135 0.322774
vt 0.016572 0.322844
vt 0.014181 0.322866
vt 0.157916 0.322840
vt 0.153235 0.322820
vt 0.101505 0.322642
vt 0.098033 0.322634
vt 0.092621 0.342680
vt 0.089224 0.342680
vt 0.083848 0.342703
vt 0.080400 0.342710
vt 0.029031 0.342750
vt 0.024363 0.342767
vt 0.016762 0.342807
vt 0.014359 0.342820
vt 0.157672 0.342910
vt 0.152986 0.342889
vt 0.101445 0.342717
vt 0.097989 0.342706
vt 0.092669 0.362714
vt 0.089281 0.362709
vt 0.083932 0.362727
vt 0.080466 0.362731
vt 0.028900 0.362741
vt 0.024215 0.362742
vt 0.016650 0.362748
vt 0.014258 0.362749
vt 0.157691 0.362976
vt 0.153016 0.362958
vt 0.101481 0.362758
vt 0.098036 0.362746
vt 0.092560 0.382727
vt 0.089186 0.382719
vt 0.083848 0.382731
vt 0.080401 0.382733
vt 0.029000 0.382686
vt 0.024345 0.382680
vt 0.016798 0.382691
vt 0.014412 0.382695
vt 0.157658 0.383000
vt 0.152955 0.382980
vt 0.101346 0.382781
vt 0.097890 0.382765
vt 0.092537 0.402751
vt 0.089160 0.402743
vt 0.083823 0.402729
vt 0.080377 0.402720
vt 0.029060 0.402605
vt 0.024425 0.402577
vt 0.016865 0.402522
vt 0.014474 0.402504
vt 0.157455 0.402956
vt 0.152790 0.402947
vt 0.101331 0.402770
vt 0.097877 0.402762
vt 0.092487 0.422775
vt 0.089089 0.422767
vt 0.083714 0.422733
vt 0.080265 0.422715
vt 0.028825 0.422533
vt 0.024164 0.422490
vt 0.016618 0.422383
vt 0.014232 0.422349
vt 0.157376 0.422908
vt 0.152721 0.422911
vt 0.101304 0.422768
vt 0.097859 0.422768
vt 0.092436 0.442814
vt 0.089062 0.442807
vt 0.083728 0.442767
vt 0.080268 0.442749
vt 0.028491 0.442495
vt 0.023801 0.442461
vt 0.016227 0.442406
vt 0.013832 0.442388
vt 0.157602 0.442889
vt 0.152928 0.442886
vt 0.101222 0.442797
vt 0.097767 0.442799
vt 0.092440 0.462840
vt 0.089041 0.462836
vt 0.083652 0.462818
vt 0.080190 0.462807
vt 0.028500 0.462548
vt 0.023805 0.462533
vt 0.016189 0.462543
vt 0.013781 0.462546
vt 0.157452 0.462902
vt 0.152777 0.462887
vt 0.101233 0.462836
vt 0.097798 0.462833
vt 0.092305 0.482889
vt 0.088897 0.482889
vt 0.083503 0.482890
vt 0.080044 0.482883
vt 0.028520 0.482617
vt 0.023817 0.482592
vt 0.016202 0.482588
vt 0.013794 0.482587
vt 0.157296 0.482923
vt 0.152617 0.482924
vt 0.101165 0.482889
vt 0.097690 0.482886
vt 0.092222 0.502950
vt 0.088826 0.502951
vt 0.083470 0.502963
vt 0.080014 0.502959
vt 0.028394 0.502714
vt 0.023712 0.502673
vt 0.016069 0.502612
vt 0.013652 0.502592
vt 0.157543 0.502974
vt 0.152847 0.502997
vt 0.101092 0.502964
vt 0.097608 0.502959
vt 0.092274 0.523071
vt 0.088885 0.523065
vt 0.083533 0.523053
vt 0.080059 0.523045
vt 0.028041 0.522835
vt 0.023331 0.522805
vt 0.015695 0.522749
vt 0.013280 0.522732
vt 0.157788 0.523123
vt 0.153065 0.523129
vt 0.101086 0.523083
vt 0.097640 0.523078
vt 0.092203 0.543217
vt 0.088795 0.543209
vt 0.083406 0.543174
vt 0.079923 0.543158
vt 0.028136 0.542992
vt 0.023423 0.542971
vt 0.015754 0.542934
vt 0.013329 0.542923
vt 0.157574 0.543315
vt 0.152853 0.543310
vt 0.101070 0.543210
vt 0.097590 0.543209
vt 0.092123 0.563353
vt 0.088727 0.563344
vt 0.083357 0.563305
vt 0.079895 0.563290
vt 0.027852 0.563163
vt 0.023130 0.563153
vt 0.015494 0.563142
vt 0.013079 0.563139
vt 0.157762 0.563511
vt 0.153033 0.563499
vt 0.100974 0.563344
vt 0.097490 0.563342
vt 0.092086 0.583478
vt 0.088682 0.583471
vt 0.083300 0.583439
vt 0.079830 0.583427
vt 0.027991 0.583348
vt 0.023255 0.583358
vt 0.015583 0.583417
vt 0.013157 0.583435
vt 0.157555 0.583731
vt 0.152817 0.583700
vt 0.100942 0.583469
vt 0.097468 0.583467
vt 0.092036 0.603556
vt 0.088628 0.603548
vt 0.083239 0.603537
vt 0.079775 0.603532
vt 0.028052 0.603528
vt 0.023355 0.603545
vt 0.015711 0.603606
vt 0.013293 0.603625
vt 0.157362 0.603934
vt 0.152666 0.603890
vt 0.100882 0.603581
vt 0.097423 0.603568
vt 0.092002 0.623607
vt 0.088589 0.623599
vt 0.083191 0.623609
vt 0.079732 0.623611
vt 0.028259 0.623593
vt 0.023570 0.623601
vt 0.015978 0.623643
vt 0.013576 0.623656
vt 0.157006 0.623994
vt 0.152322 0.623951
vt 0.100856 0.623658
vt 0.097398 0.623640
vt 0.091951 0.643638
vt 0.088567 0.643632
vt 0.083217 0.643649
vt 0.079771 0.643651
vt 0.028310 0.643599
vt 0.023665 0.643586
vt 0.016084 0.643562
vt 0.013686 0.643554
vt 0.156745 0.643944
vt 0.152115 0.643919
vt 0.100743 0.643690
vt 0.097299 0.643675
vt 0.091922 0.663655
vt 0.088541 0.663651
vt 0.083194 0.663670
vt 0.079744 0.663674
vt 0.028095 0.663605
vt 0.023422 0.663592
vt 0.015821 0.663544
vt 0.013418 0.663529
vt 0.156817 0.663857
vt 0.152175 0.663836
vt 0.100711 0.663698
vt 0.097266 0.663685
vt 0.091915 0.683654
vt 0.088538 0.683652
vt 0.083200 0.683675
vt 0.079732 0.683683
vt 0.028017 0.683684
vt 0.023289 0.683694
vt 0.015652 0.683708
vt 0.013236 0.683712
vt 0.156803 0.683798
vt 0.152128 0.683767
vt 0.100699 0.683693
vt 0.097255 0.683682
vt 0.091896 0.703634
vt 0.088511 0.703636
vt 0.083153 0.703662
vt 0.079714 0.703673
vt 0.028208 0.703759
vt 0.023514 0.703782
vt 0.015906 0.703845
vt 0.013501 0.703865
vt 0.156489 0.703694
vt 0.151841 0.703683
vt 0.100695 0.703660
vt 0.097244 0.703654
vt 0.091944 0.723584
vt 0.088577 0.723592
vt 0.083254 0.723629
vt 0.079801 0.723645
vt 0.028392 0.723754
vt 0.023728 0.723773
vt 0.016166 0.723829
vt 0.013775 0.723847
vt 0.156605 0.723552
vt 0.151960 0.723571
vt 0.100725 0.723599
vt 0.097268 0.723598
vt 0.091997 0.743543
vt 0.088614 0.743549
vt 0.083269 0.743580
vt 0.079822 0.743593
vt 0.028540 0.743663
vt 0.023883 0.743662
vt 0.016356 0.743689
vt 0.013975 0.743697
vt 0.156878 0.743422
vt 0.152200 0.743450
vt 0.100781 0.743552
vt 0.097350 0.743552
vt 0.091987 0.763521
vt 0.088604 0.763527
vt 0.083250 0.763558
vt 0.079819 0.763570
vt 0.028492 0.763559
vt 0.023850 0.763544
vt 0.016305 0.763544
vt 0.013919 0.763544
vt 0.156908 0.763384
vt 0.152247 0.763400
vt 0.100772 0.763534
vt 0.097330 0.763534
vt 0.092060 0.783514
vt 0.088683 0.783526
vt 0.083325 0.783552
vt 0.079873 0.783560
vt 0.028528 0.783438
vt 0.023878 0.783413
vt 0.016356 0.783398
vt 0.013977 0.783393
vt 0.156815 0.783332
vt 0.152164 0.783353
vt 0.100821 0.783498
vt 0.097381 0.783505
vt 0.092049 0.803552
vt 0.088667 0.803567
vt 0.083319 0.803588
vt 0.079873 0.803590
vt 0.028390 0.803335
vt 0.023758 0.803302
vt 0.016217 0.803270
vt 0.013832 0.803260
vt 0.157131 0.803245
vt 0.152479 0.803273
vt 0.100841 0.803513
vt 0.097395 0.803525
vt 0.092057 0.823628
vt 0.088658 0.823641
vt 0.083284 0.823657
vt 0.079816 0.823656
vt 0.028383 0.823240
vt 0.023752 0.823195
vt 0.016202 0.823111
vt 0.013815 0.823085
vt 0.157091 0.823196
vt 0.152444 0.823223
vt 0.100903 0.823591
vt 0.097435 0.823603
vt 0.092054 0.843764
vt 0.088634 0.843769
vt 0.083252 0.843783
vt 0.079759 0.843778
vt 0.028077 0.843152
vt 0.023413 0.843076
vt 0.015908 0.842945
vt 0.013535 0.842903
vt 0.157375 0.843160
vt 0.152706 0.843217
vt 0.100986 0.843753
vt 0.097488 0.843761
vt 0.092042 0.864069
vt 0.088600 0.864066
vt 0.083157 0.864044
vt 0.079641 0.864022
vt 0.027757 0.863067
vt 0.023132 0.862946
vt 0.015604 0.862742
vt 0.013223 0.862677
vt 0.157747 0.863124
vt 0.153076 0.863224
vt 0.100999 0.864039
vt 0.097486 0.864055
vt 0.092048 0.884587
vt 0.088546 0.884589
vt 0.082986 0.884563
vt 0.079439 0.884528
vt 0.027045 0.883046
vt 0.022382 0.882864
vt 0.014846 0.882534
vt 0.012463 0.882430
vt 0.158331 0.883111
vt 0.153649 0.883273
vt 0.101116 0.884524
vt 0.097564 0.884554
vt 0.092011 0.905439
vt 0.088439 0.905438
vt 0.082809 0.905424
vt 0.079187 0.905380
vt 0.026081 0.903117
vt 0.021393 0.902840
vt 0.013849 0.902349
vt 0.011464 0.902194
vt 0.159221 0.903156
vt 0.154504 0.903413
vt 0.101319 0.905393
vt 0.097678 0.905428
vt 0.092069 0.926875
vt 0.088392 0.926878
vt 0.082563 0.926836
vt 0.078815 0.926761
vt 0.024631 0.923304
vt 0.019911 0.922884
vt 0.012352 0.922159
vt 0.009962 0.921930
vt 0.160634 0.923281
vt 0.155908 0.923675
vt 0.101605 0.926757
vt 0.097868 0.926824
vt 0.092044 0.949226
vt 0.088179 0.949215
vt 0.082087 0.949085
vt 0.078164 0.948949
vt 0.022443 0.943635
vt 0.017681 0.943006
vt 0.010122 0.941964
vt 0.007731 0.941634
vt 0.162726 0.943511
vt 0.157945 0.944093
vt 0.102112 0.949016
vt 0.098175 0.949130
vt 0.092149 0.972994
vt 0.087975 0.972968
vt 0.081387 0.972775
vt 0.077171 0.972543
vt 0.019263 0.964120
vt 0.014517 0.963197
vt 0.006954 0.961716
vt 0.004563 0.961247
vt 0.165847 0.963785
vt 0.161078 0.964652
vt 0.102985 0.972681
vt 0.098762 0.972882
vt 0.092497 0.999700
vt 0.087740 0.999730
vt 0.080175 0.999386
vt 0.075368 0.998939
vt 0.014637 0.984387
vt 0.009952 0.983127
vt 0.002514 0.981243
vt 0.000162 0.980647
vt 0.170158 0.983786
vt 0.165446 0.984993
vt 0.104732 0.998808
vt 0.099974 0.999260
vt 0.094309 0.000282
vt 0.093872 0.027484
vt 0.089599 0.027460
vt 0.089452 0.000256
vt 0.081770 0.000553
vt 0.082843 0.027623
vt 0.078535 0.027836
vt 0.076887 0.000968
vt 0.014876 0.014975
vt 0.019226 0.035700
vt 0.014362 0.036531
vt 0.010101 0.016169
vt 0.002550 0.017923
vt 0.006623 0.037831
vt 0.004176 0.038243
vt 0.000162 0.018478
vt 0.173581 0.017100
vt 0.169022 0.037441
vt 0.164182 0.036527
vt 0.168803 0.015832
vt 0.106864 0.001127
vt 0.104930 0.027980
vt 0.100626 0.027720
vt 0.101986 0.000661
vt 0.093592 0.051951
vt 0.089632 0.051931
vt 0.083370 0.051952
vt 0.079350 0.052034
vt 0.022055 0.056727
vt 0.017172 0.057275
vt 0.009355 0.058134
vt 0.006883 0.058405
vt 0.165839 0.058125
vt 0.160971 0.057504
vt 0.103871 0.052158
vt 0.099852 0.052036
vt 0.093395 0.074830
vt 0.089619 0.074814
vt 0.083646 0.074820
vt 0.079791 0.074861
vt 0.023865 0.077734
vt 0.018995 0.078099
vt 0.011147 0.078667
vt 0.008665 0.078846
vt 0.163734 0.078829
vt 0.158891 0.078407
vt 0.103211 0.074962
vt 0.099362 0.074887
vt 0.093278 0.096775
vt 0.089602 0.096764
vt 0.083771 0.096794
vt 0.080038 0.096833
vt 0.025129 0.098679
vt 0.020255 0.098934
vt 0.012393 0.099324
vt 0.009907 0.099447
vt 0.162258 0.099528
vt 0.157405 0.099236
vt 0.102787 0.096903
vt 0.099070 0.096839
vt 0.093095 0.118261
vt 0.089509 0.118259
vt 0.083853 0.118270
vt 0.080199 0.118289
vt 0.025983 0.119503
vt 0.021120 0.119692
vt 0.013306 0.120005
vt 0.010835 0.120104
vt 0.161304 0.120135
vt 0.156487 0.119924
vt 0.102438 0.118314
vt 0.098780 0.118279
vt 0.093075 0.139348
vt 0.089537 0.139344
vt 0.083929 0.139338
vt 0.080298 0.139347
vt 0.026794 0.140182
vt 0.021972 0.140317
vt 0.014183 0.140572
vt 0.011720 0.140653
vt 0.160329 0.140661
vt 0.155537 0.140511
vt 0.102262 0.139375
vt 0.098658 0.139354
vt 0.092886 0.160148
vt 0.089387 0.160142
vt 0.083888 0.160142
vt 0.080330 0.160151
vt 0.027326 0.160730
vt 0.022578 0.160826
vt 0.014828 0.160991
vt 0.012378 0.161043
vt 0.159893 0.161128
vt 0.155127 0.161022
vt 0.102055 0.160187
vt 0.098453 0.160167
vt 0.092930 0.180797
vt 0.089457 0.180788
vt 0.083946 0.180770
vt 0.080398 0.180772
vt 0.027584 0.181187
vt 0.022808 0.181257
vt 0.015062 0.181350
vt 0.012613 0.181379
vt 0.159522 0.181554
vt 0.154748 0.181467
vt 0.101937 0.180823
vt 0.098404 0.180807
vt 0.092918 0.201306
vt 0.089434 0.201306
vt 0.083903 0.201299
vt 0.080368 0.201302
vt 0.027777 0.201574
vt 0.022999 0.201630
vt 0.015317 0.201725
vt 0.012887 0.201755
vt 0.159240 0.201915
vt 0.154453 0.201844
vt 0.101922 0.201310
vt 0.098404 0.201301
vt 0.092826 0.221710
vt 0.089384 0.221716
vt 0.083941 0.221732
vt 0.080433 0.221737
vt 0.028073 0.221926
vt 0.023299 0.221966
vt 0.015572 0.222065
vt 0.013128 0.222096
vt 0.158901 0.222241
vt 0.154158 0.222177
vt 0.101766 0.221715
vt 0.098265 0.221707
vt 0.092775 0.242006
vt 0.089342 0.242008
vt 0.083937 0.242028
vt 0.080426 0.242035
vt 0.028252 0.242238
vt 0.023530 0.242271
vt 0.015860 0.242350
vt 0.013435 0.242375
vt 0.158501 0.242478
vt 0.153766 0.242426
vt 0.101739 0.242031
vt 0.098229 0.242018
vt 0.092735 0.262234
vt 0.089317 0.262230
vt 0.083915 0.262248
vt 0.080429 0.262256
vt 0.028499 0.262435
vt 0.023781 0.262456
vt 0.016135 0.262515
vt 0.013717 0.262534
vt 0.158298 0.262648
vt 0.153586 0.262613
vt 0.101628 0.262282
vt 0.098142 0.262267
vt 0.287583 0.736363
vt 0.374730 0.766837
vt 0.405747 0.703970
vt 0.251847 0.223096
vt 0.251978 0.230814
vt 0.251983 0.238519
vt 0.251184 0.215349
vt 0.250153 0.207454
vt 0.248690 0.199345
vt 0.246903 0.190956
vt 0.244250 0.182308
vt 0.240890 0.173269
vt 0.235849 0.163773
vt 0.356316 0.019454
vt 0.360866 0.010528
vt 0.353093 0.028216
vt 0.350748 0.036606
vt 0.349007 0.044743
vt 0.347513 0.052712
vt 0.346672 0.060587
vt 0.345978 0.068322
vt 0.345814 0.076020
vt 0.345786 0.083718
vt 0.346309 0.091461
vt 0.346958 0.099357
vt 0.348288 0.107492
vt 0.349821 0.115882
vt 0.352229 0.124648
vt 0.355513 0.133851
vt 0.360110 0.143501
vt 0.242510 0.287577
vt 0.238140 0.296617
vt 0.245556 0.278785
vt 0.247922 0.270350
vt 0.249469 0.262169
vt 0.250784 0.254169
vt 0.251456 0.246271
vt 0.410857 0.223101
vt 0.411036 0.229958
vt 0.411331 0.237043
vt 0.411049 0.216198
vt 0.411069 0.209227
vt 0.411204 0.202399
vt 0.411692 0.195536
vt 0.412314 0.188438
vt 0.412810 0.181307
vt 0.413843 0.174334
vt 0.185007 0.024467
vt 0.183880 0.017690
vt 0.185482 0.031314
vt 0.185694 0.038340
vt 0.185790 0.045580
vt 0.186166 0.052831
vt 0.186472 0.059873
vt 0.186450 0.066965
vt 0.186667 0.074079
vt 0.186787 0.080976
vt 0.186549 0.087913
vt 0.186489 0.094897
vt 0.186097 0.101899
vt 0.185908 0.108952
vt 0.185607 0.115853
vt 0.185064 0.122622
vt 0.183880 0.129421
vt 0.412813 0.279132
vt 0.413843 0.285677
vt 0.412325 0.272387
vt 0.412053 0.265491
vt 0.411887 0.258462
vt 0.411778 0.251270
vt 0.411392 0.244136
vt 0.304091 0.525199
vt 0.185927 0.518783
vt 0.185927 0.557592
vt 0.185927 0.611719
vt 0.374730 0.674244
vt 0.185927 0.372062
vt 0.374730 0.309538
vt 0.405747 0.464999
vt 0.405747 0.426189
vt 0.287583 0.432605
vt 0.165652 0.282851
vt 0.165428 0.302866
vt 0.165948 0.262740
vt 0.165485 0.322878
vt 0.165318 0.342945
vt 0.165288 0.362977
vt 0.165227 0.383029
vt 0.165007 0.402998
vt 0.164967 0.422912
vt 0.165158 0.442896
vt 0.165042 0.462960
vt 0.164916 0.482926
vt 0.165163 0.502913
vt 0.165439 0.523109
vt 0.165253 0.543321
vt 0.165405 0.563537
vt 0.165233 0.583824
vt 0.165010 0.604041
vt 0.164594 0.624096
vt 0.164300 0.643990
vt 0.164363 0.663874
vt 0.164355 0.683848
vt 0.164049 0.703706
vt 0.164122 0.723493
vt 0.164415 0.743378
vt 0.164491 0.763384
vt 0.164383 0.783304
vt 0.164654 0.803208
vt 0.164672 0.823160
vt 0.164941 0.843041
vt 0.165301 0.862925
vt 0.165890 0.882808
vt 0.166802 0.902694
vt 0.168234 0.922605
vt 0.170345 0.942542
vt 0.173406 0.962392
vt 0.177622 0.981984
vt 0.181160 0.018986
vt 0.176724 0.038890
vt 0.173619 0.059106
vt 0.171528 0.079493
vt 0.170067 0.099977
vt 0.169056 0.120485
vt 0.168110 0.140902
vt 0.167628 0.161275
vt 0.167253 0.181664
vt 0.166923 0.202036
vt 0.166607 0.222377
vt 0.166153 0.242599
vt 0.194342 0.231684
vt 0.194259 0.228038
vt 0.193702 0.224481
vt 0.194288 0.235345
vt 0.192814 0.220952
vt 0.191601 0.217475
vt 0.190236 0.214070
vt 0.188432 0.210924
vt 0.186373 0.207931
vt 0.183880 0.205314
vt 0.414614 0.049951
vt 0.411969 0.052618
vt 0.409791 0.055641
vt 0.407974 0.058927
vt 0.406370 0.062299
vt 0.405245 0.065847
vt 0.404283 0.069435
vt 0.403662 0.073022
vt 0.403523 0.076665
vt 0.403540 0.080309
vt 0.404032 0.083915
vt 0.404679 0.087489
vt 0.405794 0.090934
vt 0.407089 0.094309
vt 0.408832 0.097455
vt 0.410837 0.100453
vt 0.413283 0.103091
vt 0.184441 0.258532
vt 0.186948 0.255831
vt 0.188987 0.252795
vt 0.190660 0.249509
vt 0.192120 0.246145
vt 0.193098 0.242637
vt 0.193759 0.238996
s 0
usemtl UV
f 33/1/1 34/2/1 64/3/1 63/4/1 62/5/1 61/6/1 60/7/1 59/8/1 58/9/1 57/10/1 56/11/1 55/12/1 54/13/1 53/14/1 52/15/1 51/16/1 50/17/1 49/18/1 48/19/1 47/20/1 46/21/1 45/22/1 44/23/1 43/24/1 42/25/1 41/26/1 40/27/1 39/28/1 38/29/1 37/30/1 36/31/1 35/32/1
f 65/33/2 66/34/3 67/35/4 68/36/5 69/37/6 70/38/7 71/39/8 72/40/9 73/41/10 74/42/11 75/43/12 76/44/13 77/45/14 78/46/15 79/47/16 80/48/17 81/49/18 82/50/19 83/51/20 84/52/21 85/53/22 86/54/23 87/55/24 88/56/25 89/57/26 90/58/27 91/59/28 92/60/29 93/61/30 94/62/31 95/63/32 96/64/33
f 97/65/34 103/66/35 104/67/36 98/68/37
f 98/68/38 104/67/36 105/69/39 99/70/40
f 100/71/41 106/72/42 107/73/43 101/74/44
f 101/74/45 107/73/43 108/75/46 102/76/47
f 103/66/35 109/77/48 110/78/49 104/67/36
f 104/67/36 110/78/50 111/79/51 105/69/39
f 106/72/42 112/80/52 113/81/53 107/73/43
f 107/73/43 113/81/54 114/82/55 108/75/46
f 109/77/48 115/83/56 116/84/57 110/78/58
f 110/78/50 116/84/59 117/85/60 111/79/51
f 112/80/61 118/86/62 119/87/63 113/81/53
f 113/81/64 119/87/65 120/88/66 114/82/55
f 115/83/56 121/89/67 122/90/68 116/84/57
f 116/84/59 122/90/69 123/91/70 117/85/60
f 118/86/71 124/92/72 125/93/73 119/87/63
f 119/87/65 125/93/74 126/94/75 120/88/66
f 121/89/76 127/95/77 128/96/78 122/90/79
f 122/90/69 128/96/80 129/97/81 123/91/70
f 124/92/72 130/98/82 131/99/83 125/93/73
f 125/93/84 131/99/85 132/100/86 126/94/75
f 127/95/77 133/101/87 134/102/88 128/96/78
f 128/96/80 134/102/89 135/103/90 129/97/81
f 130/98/82 136/104/91 137/105/92 131/99/83
f 131/99/93 137/105/94 138/106/95 132/100/86
f 133/101/87 139/107/96 140/108/97 134/102/88
f 134/102/89 140/108/98 141/109/99 135/103/90
f 136/104/91 142/110/100 143/111/101 137/105/92
f 137/105/94 143/111/102 144/112/103 138/106/95
f 139/107/96 145/113/104 146/114/105 140/108/106
f 140/108/98 146/114/107 147/115/108 141/109/99
f 142/110/100 148/116/109 149/117/110 143/111/101
f 143/111/102 149/117/111 150/118/112 144/112/103
f 145/113/104 151/119/113 152/120/114 146/114/115
f 146/114/107 152/120/116 153/121/117 147/115/108
f 148/116/109 154/122/118 155/123/119 149/117/110
f 149/117/120 155/123/121 156/124/122 150/118/123
f 151/119/113 157/125/124 158/126/125 152/120/114
f 152/120/116 158/126/126 159/127/127 153/121/128
f 154/122/118 160/128/129 161/129/130 155/123/119
f 155/123/121 161/129/131 162/130/132 156/124/122
f 157/125/124 163/131/133 164/132/134 158/126/135
f 158/126/126 164/132/134 165/133/136 159/127/137
f 160/128/129 166/134/138 167/135/139 161/129/130
f 161/129/140 167/135/139 168/136/141 162/130/132
f 163/131/133 169/137/142 170/138/143 164/132/134
f 164/132/134 170/138/144 171/139/145 165/133/136
f 166/134/138 172/140/146 173/141/147 167/135/139
f 167/135/139 173/141/148 174/142/149 168/136/141
f 169/137/142 175/143/150 176/144/151 170/138/143
f 170/138/144 176/144/151 177/145/152 171/139/145
f 172/140/146 178/146/153 179/147/154 173/141/147
f 173/141/148 179/147/154 180/148/155 174/142/149
f 175/143/150 181/149/156 182/150/157 176/144/151
f 176/144/151 182/150/158 183/151/159 177/145/152
f 178/146/153 184/152/160 185/153/161 179/147/154
f 179/147/154 185/153/162 186/154/163 180/148/155
f 181/149/156 187/155/164 188/156/165 182/150/166
f 182/150/158 188/156/167 189/157/168 183/151/159
f 184/152/169 190/158/170 191/159/171 185/153/161
f 185/153/172 191/159/173 192/160/174 186/154/163
f 187/155/164 193/161/175 194/162/176 188/156/165
f 188/156/167 194/162/177 195/163/178 189/157/168
f 190/158/179 196/164/180 197/165/181 191/159/171
f 191/159/173 197/165/182 198/166/183 192/160/174
f 193/161/184 199/167/185 200/168/186 194/162/187
f 194/162/177 200/168/188 201/169/189 195/163/178
f 196/164/180 202/170/190 203/171/191 197/165/181
f 197/165/192 203/171/193 204/172/194 198/166/183
f 199/167/185 205/173/195 206/174/196 200/168/186
f 200/168/188 206/174/197 207/175/198 201/169/189
f 202/170/190 208/176/199 209/177/200 203/171/191
f 203/171/201 209/177/202 210/178/203 204/172/194
f 205/173/195 211/179/204 212/180/205 206/174/196
f 206/174/197 212/180/206 213/181/207 207/175/198
f 208/176/199 214/182/208 215/183/209 209/177/200
f 209/177/202 215/183/210 216/184/211 210/178/203
f 211/179/204 217/185/212 218/186/213 212/180/214
f 212/180/206 218/186/215 219/187/216 213/181/207
f 214/182/208 220/188/217 221/189/218 215/183/209
f 215/183/210 221/189/219 222/190/220 216/184/211
f 217/185/212 223/191/221 224/192/222 218/186/223
f 218/186/215 224/192/224 225/193/225 219/187/216
f 220/188/217 226/194/226 227/195/227 221/189/218
f 221/189/228 227/195/229 228/196/230 222/190/220
f 223/191/221 229/197/231 230/198/232 224/192/222
f 224/192/224 230/198/233 231/199/234 225/193/235
f 226/194/226 232/200/236 233/201/237 227/195/227
f 227/195/229 233/201/238 234/202/239 228/196/230
f 229/197/231 235/203/240 236/204/241 230/198/242
f 230/198/233 236/204/241 237/205/243 231/199/244
f 232/200/236 238/206/245 239/207/246 233/201/237
f 233/201/247 239/207/246 240/208/248 234/202/239
f 235/203/240 241/209/249 242/210/250 236/204/241
f 236/204/241 242/210/251 243/211/252 237/205/243
f 238/206/245 244/212/253 245/213/254 239/207/246
f 239/207/246 245/213/255 246/214/256 240/208/248
f 241/209/249 247/215/257 248/216/258 242/210/250
f 242/210/251 248/216/258 249/217/259 243/211/252
f 244/212/253 250/218/260 251/219/261 245/213/254
f 245/213/255 251/219/261 252/220/262 246/214/256
f 247/215/257 253/221/263 254/222/264 248/216/258
f 248/216/258 254/222/265 255/223/266 249/217/259
f 250/218/260 256/224/267 257/225/268 251/219/261
f 251/219/261 257/225/269 258/226/270 252/220/262
f 253/221/263 259/227/271 260/228/272 254/222/273
f 254/222/265 260/228/274 261/229/275 255/223/266
f 256/224/276 262/230/277 263/231/278 257/225/268
f 257/225/279 263/231/280 264/232/281 258/226/270
f 259/227/271 265/233/282 266/234/283 260/228/272
f 260/228/274 266/234/284 267/235/285 261/229/275
f 262/230/286 268/236/287 269/237/288 263/231/278
f 263/231/280 269/237/289 270/238/290 264/232/281
f 265/233/282 271/239/291 272/240/292 266/234/293
f 266/234/284 272/240/294 273/241/295 267/235/285
f 268/236/287 274/242/296 275/243/297 269/237/288
f 269/237/298 275/243/299 276/244/300 270/238/290
f 271/239/291 277/245/301 278/246/302 272/240/303
f 272/240/294 278/246/304 279/247/305 273/241/295
f 274/242/296 280/248/306 281/249/307 275/243/297
f 275/243/308 281/249/309 282/250/310 276/244/300
f 277/245/301 283/251/311 284/252/312 278/246/302
f 278/246/304 284/252/313 285/253/314 279/247/305
f 280/248/306 286/254/315 287/255/316 281/249/307
f 281/249/309 287/255/317 288/256/318 282/250/310
f 283/251/311 289/257/319 290/258/320 284/252/321
f 284/252/313 290/258/322 291/259/323 285/253/314
f 286/254/315 292/260/324 293/261/325 287/255/316
f 287/255/317 293/261/326 294/262/327 288/256/318
f 289/257/319 295/263/328 296/264/329 290/258/330
f 290/258/322 296/264/331 297/265/332 291/259/323
f 292/260/324 298/266/333 299/267/334 293/261/325
f 293/261/335 299/267/336 300/268/337 294/262/338
f 295/263/328 301/269/339 302/270/340 296/264/329
f 296/264/331 302/270/341 303/271/342 297/265/343
f 298/266/333 304/272/344 305/273/345 299/267/334
f 299/267/336 305/273/346 306/274/347 300/268/337
f 301/269/339 307/275/348 308/276/349 302/270/350
f 302/270/341 308/276/349 309/277/351 303/271/352
f 304/272/344 310/278/353 311/279/354 305/273/345
f 305/273/355 311/279/354 312/280/356 306/274/347
f 307/281/348 313/282/357 314/283/358 308/284/349
f 308/284/349 314/283/359 315/285/360 309/286/351
f 310/287/353 316/288/361 317/289/362 311/290/354
f 311/290/354 317/289/363 318/291/364 312/292/356
f 313/282/357 319/293/365 320/294/366 314/283/358
f 314/283/359 320/294/366 321/295/367 315/285/360
f 316/288/361 322/296/368 323/297/369 317/289/362
f 317/289/363 323/297/369 324/298/370 318/291/364
f 319/293/365 325/299/371 326/300/372 320/294/366
f 320/294/366 326/300/373 327/301/374 321/295/367
f 322/296/368 328/302/375 329/303/376 323/297/369
f 323/297/369 329/303/377 330/304/378 324/298/370
f 325/299/371 331/305/379 332/306/380 326/300/381
f 326/300/373 332/306/382 333/307/383 327/301/374
f 328/302/384 334/308/385 335/309/386 329/303/376
f 329/303/387 335/309/388 336/310/389 330/304/378
f 331/305/379 337/311/390 338/312/391 332/306/380
f 332/306/382 338/312/392 339/313/393 333/307/383
f 334/308/394 340/314/395 341/315/396 335/309/386
f 335/309/388 341/315/397 342/316/398 336/310/389
f 337/311/390 343/317/399 344/318/400 338/312/401
f 338/312/392 344/318/402 345/319/403 339/313/393
f 340/314/395 346/320/404 347/321/405 341/315/396
f 341/315/406 347/321/407 348/322/408 342/316/398
f 343/317/399 349/323/409 350/324/410 344/318/411
f 344/318/402 350/324/412 351/325/413 345/319/403
f 346/320/404 352/326/414 353/327/415 347/321/405
f 347/321/416 353/327/417 354/328/418 348/322/408
f 349/323/409 355/329/419 356/330/420 350/324/410
f 350/324/412 356/330/421 357/331/422 351/325/413
f 352/326/414 358/332/423 359/333/424 353/327/415
f 353/327/417 359/333/425 360/334/426 354/328/418
f 355/329/419 361/335/427 362/336/428 356/330/429
f 356/330/421 362/336/430 363/337/431 357/331/422
f 358/332/423 364/338/432 365/339/433 359/333/424
f 359/333/425 365/339/434 366/340/435 360/334/426
f 361/335/427 367/341/436 368/342/437 362/336/438
f 362/336/430 368/342/439 369/343/440 363/337/431
f 364/338/432 370/344/441 371/345/442 365/339/433
f 365/339/443 371/345/444 372/346/445 366/340/446
f 367/341/436 373/347/447 374/348/448 368/342/437
f 368/342/439 374/348/449 375/349/450 369/343/451
f 370/344/441 376/350/452 377/351/453 371/345/442
f 371/345/444 377/351/454 378/352/455 372/346/445
f 373/347/447 379/353/456 380/354/457 374/348/458
f 374/348/449 380/354/457 381/355/459 375/349/460
f 376/350/452 382/356/461 383/357/462 377/351/453
f 377/351/463 383/357/462 384/358/464 378/352/455
f 379/353/456 97/65/34 98/68/37 380/354/457
f 380/354/457 98/68/38 99/70/40 381/355/459
f 382/356/461 100/71/41 101/74/44 383/357/462
f 383/357/462 101/74/45 102/76/47 384/358/464
f 385/359/465 386/360/466 387/361/467
f 388/362/468 389/363/469 390/364/470
f 391/365/471 392/366/472 393/367/473
f 394/368/474 395/369/475 396/370/476
f 397/371/477 398/372/478 399/373/479
f 400/374/480 401/375/481 402/376/482
f 403/377/483 404/378/484 405/379/485
f 406/380/486 407/381/487 408/382/488
f 1113/383/489 1114/384/490 1115/385/491
f 1116/386/492 1117/387/493 1118/388/494
f 1119/389/495 1120/390/496 1121/391/497
f 1122/392/498 1123/393/499 1124/394/500
f 1125/395/501 1126/396/502 1127/397/503
f 1128/398/504 1129/399/505 1130/400/506
f 1131/401/507 1132/402/508 1133/403/509
f 1134/404/510 1135/405/511 1136/406/512
f 1137/407/513 1138/408/514 1139/409/515
f 1140/410/516 1141/411/517 1142/412/518
f 1143/413/519 1144/414/520 1145/415/521
f 1146/416/522 1147/417/523 1148/418/524
f 1149/419/525 1150/420/526 1151/421/527
f 1152/422/528 1153/423/529 1154/424/530
f 1155/425/531 1156/426/532 1157/427/533
f 1158/428/534 1159/429/535 1160/430/536
f 1161/431/537 1162/432/538 1163/433/539
f 1164/434/540 1165/435/541 1166/436/542
f 1167/437/543 1168/438/544 1169/439/545
f 1170/440/546 1171/441/547 1172/442/548
f 1173/443/549 1174/444/550 1175/445/551
f 1176/446/552 1177/447/553 1178/448/554
f 1179/449/555 1180/450/556 1181/451/557
f 1182/452/558 1183/453/559 1184/454/560
f 1185/455/561 1186/456/562 1187/457/563
f 1188/458/564 1189/459/565 1190/460/566
f 1191/461/567 1192/462/568 1193/463/569
f 1194/464/570 1195/465/571 1196/466/572
f 1197/467/573 1198/468/574 1199/469/575
f 1200/470/576 1201/471/577 1202/472/578
f 1203/473/579 1204/474/580 1205/475/581
f 1206/476/582 1207/477/583 1208/478/584
f 391/365/471 385/359/465 387/361/467 392/366/472
f 386/360/585 388/362/468 390/364/470 387/361/586
f 389/363/587 394/368/588 396/370/476 390/364/470
f 395/369/475 393/479/473 392/480/589 396/370/590
f 403/377/483 391/365/591 393/367/592 404/378/593
f 394/368/474 406/380/594 408/382/488 395/369/475
f 407/381/595 405/481/596 404/482/484 408/382/488
f 397/371/597 403/483/598 405/481/485 398/372/478
f 406/380/486 400/374/480 402/376/482 407/381/487
f 401/375/599 399/373/479 398/372/478 402/376/600
f 385/359/601 397/484/597 399/485/602 386/360/585
f 400/374/603 389/363/587 388/362/604 401/375/599
f 474/486/605 475/487/606 476/488/607 473/489/608
f 478/490/609 474/486/605 473/489/608 477/491/610
f 480/492/611 478/490/609 477/491/610 479/493/612
f 482/494/613 480/492/611 479/493/612 481/495/614
f 484/496/615 482/494/613 481/495/614 483/497/616
f 486/498/617 484/496/615 483/497/616 485/499/618
f 488/500/619 486/498/620 485/499/618 487/501/621
f 490/502/622 488/500/619 487/501/621 489/503/623
f 492/504/624 490/505/622 489/506/623 491/507/625
f 494/508/626 492/504/624 491/507/625 493/509/627
f 496/510/628 494/508/626 493/509/627 495/511/629
f 498/512/630 496/510/628 495/511/629 497/513/631
f 500/514/632 498/512/630 497/513/631 499/515/633
f 502/516/634 500/514/632 499/515/633 501/517/635
f 504/518/636 502/516/637 501/517/635 503/519/638
f 506/520/639 504/518/636 503/519/638 505/521/640
f 508/522/641 506/520/639 505/521/640 507/523/642
f 510/524/643 508/522/641 507/523/642 509/525/644
f 512/526/645 510/524/643 509/525/644 511/527/646
f 514/528/647 512/526/645 511/527/646 513/529/648
f 516/530/649 514/528/647 513/529/648 515/531/650
f 518/532/651 516/530/649 515/531/650 517/533/652
f 520/534/653 518/532/654 517/533/652 519/535/655
f 522/536/656 520/534/653 519/535/655 521/537/657
f 524/538/658 522/539/656 521/540/657 523/541/659
f 526/542/660 524/538/658 523/541/659 525/543/661
f 528/544/662 526/542/660 525/543/661 527/545/663
f 530/546/664 528/544/662 527/545/663 529/547/665
f 532/548/666 530/546/664 529/547/665 531/549/667
f 534/550/668 532/548/666 531/549/667 533/551/669
f 536/552/670 534/550/671 533/551/669 535/553/672
f 475/487/606 536/552/670 535/553/672 476/488/607
f 412/554/673 409/555/674 410/556/675 411/557/676
f 414/558/677 412/554/673 411/557/676 413/559/678
f 416/560/679 414/558/677 413/559/678 415/561/680
f 418/562/681 416/560/679 415/561/680 417/563/682
f 420/564/683 418/562/681 417/563/682 419/565/684
f 422/566/685 420/564/683 419/565/684 421/567/686
f 424/568/687 422/566/688 421/567/686 423/569/689
f 426/570/690 424/568/691 423/569/692 425/571/693
f 428/572/694 426/573/690 425/574/693 427/575/695
f 430/576/696 428/572/694 427/575/695 429/577/697
f 432/578/698 430/576/696 429/577/697 431/579/699
f 434/580/700 432/578/698 431/579/699 433/581/701
f 436/582/702 434/580/700 433/581/701 435/583/703
f 438/584/704 436/582/702 435/583/703 437/585/705
f 440/586/706 438/584/707 437/585/705 439/587/708
f 442/588/709 440/586/710 439/587/708 441/589/711
f 444/590/712 442/588/709 441/589/711 443/591/713
f 446/592/714 444/590/712 443/591/713 445/593/715
f 448/594/716 446/592/714 445/593/715 447/595/717
f 450/596/718 448/594/716 447/595/717 449/597/719
f 452/598/720 450/596/718 449/597/719 451/599/721
f 454/600/722 452/598/720 451/599/721 453/601/723
f 456/602/724 454/600/725 453/601/726 455/603/727
f 458/604/728 456/602/729 455/603/730 457/605/731
f 460/606/732 458/607/728 457/608/731 459/609/733
f 462/610/734 460/606/732 459/609/733 461/611/735
f 464/612/736 462/610/734 461/611/735 463/613/737
f 466/614/738 464/612/736 463/613/737 465/615/739
f 468/616/740 466/614/738 465/615/739 467/617/741
f 470/618/742 468/616/740 467/617/741 469/619/743
f 472/620/744 470/618/745 469/619/743 471/621/746
f 409/555/674 472/620/747 471/621/746 410/556/675
f 538/622/748 539/623/749 540/624/750 537/625/751
f 542/626/752 538/622/753 537/625/751 541/627/754
f 544/628/755 542/626/752 541/627/754 543/629/756
f 546/630/757 544/628/755 543/629/756 545/631/758
f 548/632/759 546/630/760 545/631/758 547/633/761
f 550/634/762 548/632/763 547/633/764 549/635/765
f 552/636/766 550/634/762 549/635/765 551/637/767
f 554/638/768 552/636/766 551/637/767 553/639/769
f 556/640/770 554/641/768 553/642/769 555/643/771
f 558/644/772 556/640/773 555/643/771 557/645/774
f 560/646/775 558/644/772 557/645/774 559/647/776
f 562/648/777 560/646/775 559/647/776 561/649/778
f 564/650/779 562/648/780 561/649/778 563/651/781
f 566/652/782 564/650/783 563/651/784 565/653/785
f 568/654/786 566/652/782 565/653/785 567/655/787
f 570/656/788 568/654/786 567/655/787 569/657/789
f 572/658/790 570/656/788 569/657/789 571/659/791
f 574/660/792 572/658/793 571/659/791 573/661/794
f 576/662/795 574/660/792 573/661/794 575/663/796
f 578/664/797 576/662/795 575/663/796 577/665/798
f 580/666/799 578/664/800 577/665/798 579/667/801
f 582/668/802 580/666/803 579/667/804 581/669/805
f 584/670/806 582/668/802 581/669/805 583/671/807
f 586/672/808 584/670/806 583/671/807 585/673/809
f 588/674/810 586/675/808 585/676/809 587/677/811
f 590/678/812 588/674/813 587/677/811 589/679/814
f 592/680/815 590/678/812 589/679/814 591/681/816
f 594/682/817 592/680/818 591/681/816 593/683/819
f 596/684/820 594/682/821 593/683/819 595/685/822
f 598/686/823 596/684/824 595/685/825 597/687/826
f 600/688/827 598/686/823 597/687/826 599/689/828
f 539/623/749 600/688/827 599/689/828 540/624/750
f 1786/690/829 1787/691/830 1788/692/831 1785/693/832
f 1790/694/833 1786/690/829 1785/693/832 1789/695/834
f 1792/696/835 1790/694/836 1789/695/834 1791/697/837
f 1794/698/838 1792/696/835 1791/697/839 1793/699/840
f 1796/700/841 1794/698/838 1793/699/840 1795/701/842
f 1798/702/843 1796/700/841 1795/701/844 1797/703/845
f 1800/704/846 1798/702/847 1797/703/848 1799/705/849
f 1802/706/850 1800/704/851 1799/705/852 1801/707/853
f 1804/708/854 1802/709/850 1801/710/855 1803/711/856
f 1806/712/857 1804/708/854 1803/711/856 1805/713/858
f 1808/714/859 1806/712/860 1805/713/861 1807/715/862
f 1810/716/863 1808/714/859 1807/715/864 1809/717/865
f 1812/718/866 1810/716/863 1809/717/865 1811/719/867
f 1814/720/868 1812/718/866 1811/719/869 1813/721/870
f 1816/722/871 1814/720/872 1813/721/873 1815/723/874
f 1818/724/875 1816/722/876 1815/723/877 1817/725/878
f 1820/726/879 1818/724/875 1817/725/878 1819/727/880
f 1822/728/881 1820/726/879 1819/727/880 1821/729/882
f 1824/730/883 1822/728/884 1821/729/885 1823/731/886
f 1826/732/887 1824/730/883 1823/731/888 1825/733/889
f 1828/734/890 1826/732/887 1825/733/889 1827/735/891
f 1830/736/892 1828/734/890 1827/735/891 1829/737/893
f 1832/738/894 1830/736/895 1829/737/896 1831/739/897
f 1834/740/898 1832/738/899 1831/739/897 1833/741/900
f 1836/742/901 1834/743/898 1833/744/902 1835/745/903
f 1838/746/904 1836/742/901 1835/745/905 1837/747/906
f 1840/748/907 1838/746/908 1837/747/909 1839/749/910
f 1842/750/911 1840/748/907 1839/749/912 1841/751/913
f 1844/752/914 1842/750/911 1841/751/913 1843/753/915
f 1846/754/916 1844/752/914 1843/753/917 1845/755/918
f 1848/756/919 1846/754/920 1845/755/921 1847/757/922
f 1787/691/830 1848/756/923 1847/757/924 1788/692/831
f 730/758/925 731/759/926 732/760/927 729/761/928
f 731/759/926 733/762/929 734/763/930 732/760/927
f 733/762/929 735/764/931 736/765/932 734/763/933
f 735/764/931 737/766/934 738/767/935 736/765/932
f 737/766/934 739/768/936 740/769/937 738/767/935
f 739/768/936 741/770/938 742/771/939 740/769/937
f 741/770/938 743/772/940 744/773/941 742/771/942
f 743/772/940 745/774/943 746/775/944 744/773/941
f 745/776/943 747/777/945 748/778/946 746/779/947
f 747/777/945 749/780/948 750/781/949 748/778/946
f 749/780/948 751/782/950 752/783/951 750/781/952
f 751/782/950 753/784/953 754/785/954 752/783/951
f 753/784/953 755/786/955 756/787/956 754/785/954
f 755/786/955 757/788/957 758/789/958 756/787/956
f 757/788/957 759/790/959 760/791/960 758/789/958
f 759/790/959 761/792/961 762/793/962 760/791/960
f 761/792/961 763/794/963 764/795/964 762/793/965
f 763/794/963 765/796/966 766/797/967 764/795/964
f 765/796/966 767/798/968 768/799/969 766/797/967
f 767/798/968 769/800/970 770/801/971 768/799/969
f 769/800/970 771/802/972 772/803/973 770/801/971
f 771/802/972 773/804/974 774/805/975 772/803/973
f 773/804/974 775/806/976 776/807/977 774/805/978
f 775/806/976 777/808/979 778/809/980 776/807/977
f 777/810/979 779/811/981 780/812/982 778/813/983
f 779/811/981 781/814/984 782/815/985 780/812/982
f 781/814/984 783/816/986 784/817/987 782/815/988
f 783/816/986 785/818/989 786/819/990 784/817/987
f 785/818/989 787/820/991 788/821/992 786/819/990
f 787/820/991 789/822/993 790/823/994 788/821/992
f 789/822/993 791/824/995 792/825/996 790/823/994
f 791/824/995 730/758/925 729/761/997 792/825/996
f 728/826/998 665/827/999 666/828/1000 727/829/1001
f 726/830/1002 728/826/1003 727/829/1004 725/831/1005
f 724/832/1006 726/830/1007 725/831/1008 723/833/1009
f 722/834/1010 724/832/1011 723/833/1012 721/835/1013
f 720/836/1014 722/834/1015 721/835/1016 719/837/1017
f 718/838/1018 720/836/1019 719/837/1020 717/839/1021
f 716/840/1022 718/838/1023 717/839/1024 715/841/1025
f 714/842/1026 716/840/1027 715/841/1028 713/843/1029
f 712/844/1030 714/845/1031 713/846/1032 711/847/1033
f 710/848/1034 712/844/1035 711/847/1036 709/849/1037
f 708/850/1038 710/848/1039 709/849/1040 707/851/1041
f 706/852/1042 708/850/1043 707/851/1044 705/853/1045
f 704/854/1046 706/852/1042 705/853/1047 703/855/1048
f 702/856/1049 704/854/1050 703/855/1051 701/857/1052
f 700/858/1053 702/856/1054 701/857/1055 699/859/1056
f 698/860/1057 700/858/1058 699/859/1059 697/861/1060
f 696/862/1061 698/860/1062 697/861/1063 695/863/1064
f 694/864/1065 696/862/1066 695/863/1067 693/865/1068
f 692/866/1069 694/864/1070 693/865/1071 691/867/1072
f 690/868/1073 692/866/1074 691/867/1075 689/869/1076
f 688/870/1077 690/868/1073 689/869/1078 687/871/1079
f 686/872/1080 688/870/1081 687/871/1082 685/873/1083
f 684/874/1084 686/872/1085 685/873/1086 683/875/1087
f 682/876/1088 684/874/1089 683/875/1090 681/877/1091
f 680/878/1092 682/879/1093 681/880/1094 679/881/1095
f 678/882/1096 680/878/1092 679/881/1097 677/883/1098
f 676/884/1099 678/882/1100 677/883/1101 675/885/1102
f 674/886/1103 676/884/1104 675/885/1105 673/887/1106
f 672/888/1107 674/886/1108 673/887/1109 671/889/1110
f 670/890/1111 672/888/1112 671/889/1113 669/891/1114
f 668/892/1115 670/890/1116 669/891/1117 667/893/1118
f 665/827/999 668/892/1115 667/893/1119 666/828/1120
f 602/894/1121 603/895/1122 604/896/1123 601/897/1124
f 603/895/1125 605/898/1126 606/899/1127 604/896/1128
f 605/898/1129 607/900/1130 608/901/1131 606/899/1127
f 607/900/1132 609/902/1133 610/903/1134 608/901/1135
f 609/902/1133 611/904/1136 612/905/1137 610/903/1134
f 611/904/1136 613/906/1138 614/907/1139 612/905/1140
f 613/906/1138 615/908/1141 616/909/1142 614/907/1143
f 615/908/1141 617/910/1144 618/911/1145 616/909/1142
f 617/912/1144 619/913/1146 620/914/1147 618/915/1145
f 619/913/1148 621/916/1149 622/917/1150 620/914/1151
f 621/916/1152 623/918/1153 624/919/1154 622/917/1150
f 623/918/1153 625/920/1155 626/921/1156 624/919/1157
f 625/920/1158 627/922/1159 628/923/1160 626/921/1156
f 627/922/1161 629/924/1162 630/925/1163 628/923/1164
f 629/924/1162 631/926/1165 632/927/1166 630/925/1167
f 631/926/1165 633/928/1168 634/929/1169 632/927/1166
f 633/928/1168 635/930/1170 636/931/1171 634/929/1169
f 635/930/1172 637/932/1173 638/933/1174 636/931/1175
f 637/932/1176 639/934/1177 640/935/1178 638/933/1174
f 639/934/1177 641/936/1179 642/937/1180 640/935/1181
f 641/936/1182 643/938/1183 644/939/1184 642/937/1180
f 643/938/1185 645/940/1186 646/941/1187 644/939/1188
f 645/940/1189 647/942/1190 648/943/1191 646/941/1192
f 647/942/1190 649/944/1193 650/945/1194 648/943/1191
f 649/946/1193 651/947/1195 652/948/1196 650/949/1194
f 651/947/1197 653/950/1198 654/951/1199 652/948/1200
f 653/950/1201 655/952/1202 656/953/1203 654/951/1199
f 655/952/1204 657/954/1205 658/955/1206 656/953/1207
f 657/954/1208 659/956/1209 660/957/1210 658/955/1206
f 659/956/1211 661/958/1212 662/959/1213 660/957/1214
f 661/958/1212 663/960/1215 664/961/1216 662/959/1217
f 663/960/1215 602/894/1218 601/897/1124 664/961/1216
f 794/962/1219 795/963/1220 796/964/1221 793/965/1222
f 795/963/1220 797/966/1223 798/967/1224 796/964/1221
f 797/966/1223 799/968/1225 800/969/1226 798/967/1224
f 799/968/1225 801/970/1227 802/971/1228 800/969/1226
f 801/970/1227 803/972/1229 804/973/1230 802/971/1231
f 803/972/1232 805/974/1233 806/975/1234 804/973/1230
f 805/974/1235 807/976/1236 808/977/1237 806/975/1234
f 807/976/1236 809/978/1238 810/979/1239 808/977/1237
f 809/980/1238 811/981/1240 812/982/1241 810/983/1239
f 811/981/1240 813/984/1242 814/985/1243 812/982/1241
f 813/984/1242 815/986/1244 816/987/1245 814/985/1243
f 815/986/1244 817/988/1246 818/989/1247 816/987/1245
f 817/988/1246 819/990/1248 820/991/1249 818/989/1250
f 819/990/1251 821/992/1252 822/993/1253 820/991/1249
f 821/992/1254 823/994/1255 824/995/1256 822/993/1253
f 823/994/1255 825/996/1257 826/997/1258 824/995/1256
f 825/996/1257 827/998/1259 828/999/1260 826/997/1258
f 827/998/1259 829/1000/1261 830/1001/1262 828/999/1260
f 829/1000/1261 831/1002/1263 832/1003/1264 830/1001/1262
f 831/1002/1263 833/1004/1265 834/1005/1266 832/1003/1264
f 833/1004/1265 835/1006/1267 836/1007/1268 834/1005/1269
f 835/1006/1270 837/1008/1271 838/1009/1272 836/1007/1268
f 837/1008/1273 839/1010/1274 840/1011/1275 838/1009/1272
f 839/1010/1274 841/1012/1276 842/1013/1277 840/1011/1275
f 841/1014/1276 843/1015/1278 844/1016/1279 842/1017/1277
f 843/1015/1278 845/1018/1280 846/1019/1281 844/1016/1279
f 845/1018/1280 847/1020/1282 848/1021/1283 846/1019/1281
f 847/1020/1282 849/1022/1284 850/1023/1285 848/1021/1283
f 849/1022/1284 851/1024/1286 852/1025/1287 850/1023/1288
f 851/1024/1289 853/1026/1290 854/1027/1291 852/1025/1287
f 853/1026/1292 855/1028/1293 856/1029/1294 854/1027/1291
f 855/1028/1293 794/962/1219 793/965/1222 856/1029/1294
f 858/1030/1222 859/1031/1221 860/1032/1295 857/1033/1296
f 859/1031/1221 861/1034/1224 862/1035/1297 860/1032/1295
f 861/1034/1224 863/969/1226 864/1036/1298 862/1035/1297
f 863/969/1226 865/971/1228 866/1037/1299 864/1036/1300
f 865/971/1231 867/973/1230 868/1038/1301 866/1037/1302
f 867/973/1230 869/1039/1234 870/1040/1303 868/1038/1301
f 869/1039/1234 871/1041/1237 872/1042/1304 870/1040/1305
f 871/1041/1237 873/979/1239 874/1043/1306 872/1042/1304
f 873/1044/1239 875/982/1241 876/1045/1307 874/1046/1308
f 875/982/1241 877/1047/1243 878/1048/1309 876/1045/1307
f 877/1047/1243 879/1049/1245 880/1050/1310 878/1048/1309
f 879/1049/1245 881/1051/1247 882/1052/1311 880/1050/1312
f 881/1051/1250 883/991/1249 884/1053/1313 882/1052/1314
f 883/991/1249 885/993/1253 886/1054/1315 884/1053/1313
f 885/993/1253 887/995/1256 888/1055/1316 886/1054/1317
f 887/995/1256 889/1056/1258 890/1057/1318 888/1055/1316
f 889/1056/1258 891/1058/1260 892/1059/1319 890/1057/1318
f 891/1058/1260 893/1001/1262 894/1060/1320 892/1059/1319
f 893/1001/1262 895/1061/1264 896/1062/1321 894/1060/1320
f 895/1061/1264 897/1063/1266 898/1064/1322 896/1062/1323
f 897/1063/1269 899/1065/1268 900/1066/1324 898/1064/1325
f 899/1065/1268 901/1067/1272 902/1068/1326 900/1066/1324
f 901/1067/1272 903/1069/1275 904/1070/1327 902/1068/1328
f 903/1069/1275 905/1071/1277 906/1072/1329 904/1070/1327
f 905/1017/1277 907/1016/1279 908/1073/1330 906/1074/1329
f 907/1016/1279 909/1075/1281 910/1076/1331 908/1073/1330
f 909/1075/1281 911/1021/1283 912/1077/1332 910/1076/1331
f 911/1021/1283 913/1023/1285 914/1078/1333 912/1077/1334
f 913/1023/1288 915/1079/1287 916/1080/1335 914/1078/1336
f 915/1079/1287 917/1081/1291 918/1082/1337 916/1080/1335
f 917/1081/1291 919/1029/1294 920/1083/1338 918/1082/1339
f 919/1029/1294 858/1030/1222 857/1033/1340 920/1083/1338
f 922/1084/1341 923/1085/1342 924/1086/1343 921/1087/1344
f 923/1085/1342 925/1088/1345 926/1089/1346 924/1086/1347
f 925/1088/1348 927/1090/1349 928/1091/1350 926/1089/1351
f 927/1090/1349 929/1092/1352 930/1093/1353 928/1091/1350
f 929/1092/1354 931/1094/1355 932/1095/1356 930/1093/1357
f 931/1094/1358 933/1096/1359 934/1097/1360 932/1095/1356
f 933/1096/1359 935/1098/1361 936/1099/1362 934/1097/1363
f 935/1098/1361 937/1100/1364 938/1101/1365 936/1099/1366
f 937/1102/1364 939/1103/1367 940/1104/1368 938/1105/1365
f 939/1103/1367 941/1106/1369 942/1107/1370 940/1104/1371
f 941/1106/1372 943/1108/1373 944/1109/1374 942/1107/1375
f 943/1108/1373 945/1110/1376 946/1111/1377 944/1109/1374
f 945/1110/1378 947/1112/1379 948/1113/1380 946/1111/1381
f 947/1112/1382 949/1114/1383 950/1115/1384 948/1113/1380
f 949/1114/1383 951/1116/1385 952/1117/1386 950/1115/1387
f 951/1116/1388 953/1118/1389 954/1119/1390 952/1117/1391
f 953/1118/1389 955/1120/1392 956/1121/1393 954/1119/1390
f 955/1120/1392 957/1122/1394 958/1123/1395 956/1121/1396
f 957/1122/1397 959/1124/1398 960/1125/1399 958/1123/1400
f 959/1124/1398 961/1126/1401 962/1127/1402 960/1125/1399
f 961/1126/1403 963/1128/1404 964/1129/1405 962/1127/1406
f 963/1128/1407 965/1130/1408 966/1131/1409 964/1129/1405
f 965/1130/1408 967/1132/1410 968/1133/1411 966/1131/1412
f 967/1132/1413 969/1134/1414 970/1135/1415 968/1133/1416
f 969/1136/1414 971/1137/1417 972/1138/1418 970/1139/1415
f 971/1137/1417 973/1140/1419 974/1141/1420 972/1138/1421
f 973/1140/1422 975/1142/1423 976/1143/1424 974/1141/1425
f 975/1142/1423 977/1144/1426 978/1145/1427 976/1143/1424
f 977/1144/1428 979/1146/1429 980/1147/1430 978/1145/1431
f 979/1146/1432 981/1148/1433 982/1149/1434 980/1147/1430
f 981/1148/1433 983/1150/1435 984/1151/1436 982/1149/1437
f 983/1150/1435 922/1084/1341 921/1087/1344 984/1151/1438
f 1048/1152/1439 993/1153/1440 994/1154/1441 1047/1155/1442
f 1046/1156/1443 989/1157/1444 990/1158/1445 1045/1159/1446
f 1044/1160/1447 1048/1152/1439 1047/1155/1448 1043/1161/1449
f 1042/1162/1450 1046/1156/1443 1045/1159/1446 1041/1163/1451
f 1040/1164/1452 1044/1160/1447 1043/1161/1449 1039/1165/1453
f 1038/1166/1454 1042/1162/1450 1041/1163/1451 1037/1167/1455
f 1036/1168/1456 1040/1164/1452 1039/1165/1453 1035/1169/1457
f 1034/1170/1458 1038/1171/1454 1037/1172/1455 1033/1173/1459
f 1032/1174/1460 1036/1168/1456 1035/1169/1457 1031/1175/1461
f 1030/1176/1462 1034/1170/1458 1033/1173/1459 1029/1177/1463
f 1028/1178/1464 1032/1174/1460 1031/1175/1461 1027/1179/1465
f 1026/1180/1466 1030/1176/1462 1029/1177/1463 1025/1181/1467
f 1024/1182/1468 1028/1183/1464 1027/1184/1465 1023/1185/1469
f 1022/1186/1470 1026/1180/1466 1025/1181/1471 1021/1187/1472
f 1020/1188/1473 1024/1182/1468 1023/1185/1469 1019/1189/1474
f 1018/1190/1475 1022/1186/1470 1021/1187/1472 1017/1191/1476
f 1016/1192/1477 1020/1188/1473 1019/1189/1474 1015/1193/1478
f 1014/1194/1479 1018/1190/1475 1017/1191/1476 1013/1195/1480
f 1012/1196/1481 985/1197/1482 986/1198/1483 1011/1199/1484
f 1010/1200/1485 1016/1192/1477 1015/1193/1486 1009/1201/1487
f 1008/1202/1488 1014/1194/1479 1013/1195/1480 1007/1203/1489
f 1006/1204/1490 1012/1196/1481 1011/1199/1484 1005/1205/1491
f 1004/1206/1492 1010/1200/1485 1009/1201/1487 1003/1207/1493
f 1002/1208/1494 1008/1202/1488 1007/1203/1489 1001/1209/1495
f 1000/1210/1496 1006/1204/1490 1005/1205/1491 999/1211/1497
f 998/1212/1498 1004/1206/1492 1003/1207/1493 997/1213/1499
f 996/1214/1500 1002/1208/1501 1001/1209/1495 995/1215/1502
f 992/1216/1503 1000/1210/1496 999/1211/1504 991/1217/1505
f 988/1218/1506 998/1212/1498 997/1213/1499 987/1219/1507
f 993/1153/1440 996/1214/1500 995/1215/1502 994/1154/1441
f 989/1157/1444 992/1216/1503 991/1217/1505 990/1158/1445
f 985/1197/1482 988/1218/1506 987/1219/1507 986/1198/1483
f 1112/1220/1508 1049/1221/1509 1050/1222/1510 1111/1223/1511
f 1110/1224/1512 1112/1220/1508 1111/1223/1513 1109/1225/1514
f 1108/1226/1515 1110/1224/1512 1109/1225/1516 1107/1227/1517
f 1106/1228/1518 1108/1226/1515 1107/1227/1519 1105/1229/1520
f 1104/1230/1521 1106/1228/1522 1105/1229/1520 1103/1231/1523
f 1102/1232/1524 1104/1230/1525 1103/1231/1526 1101/1233/1527
f 1100/1234/1528 1102/1232/1529 1101/1233/1530 1099/1235/1531
f 1098/1236/1532 1100/1234/1528 1099/1235/1533 1097/1237/1534
f 1096/1238/1535 1098/1239/1532 1097/1240/1534 1095/1241/1536
f 1094/1242/1537 1096/1238/1535 1095/1241/1538 1093/1243/1539
f 1092/1244/1540 1094/1242/1537 1093/1243/1541 1091/1245/1542
f 1090/1246/1543 1092/1244/1540 1091/1245/1544 1089/1247/1545
f 1088/1248/1546 1090/1246/1547 1089/1247/1545 1087/1249/1548
f 1086/1250/1549 1088/1248/1550 1087/1249/1551 1085/1251/1552
f 1084/1252/1553 1086/1250/1554 1085/1251/1555 1083/1253/1556
f 1082/1254/1557 1084/1252/1553 1083/1253/1558 1081/1255/1559
f 1080/1256/1560 1082/1254/1557 1081/1255/1559 1079/1257/1561
f 1078/1258/1562 1080/1256/1560 1079/1257/1563 1077/1259/1564
f 1076/1260/1565 1078/1258/1562 1077/1259/1566 1075/1261/1567
f 1074/1262/1568 1076/1260/1565 1075/1261/1569 1073/1263/1570
f 1072/1264/1571 1074/1262/1572 1073/1263/1570 1071/1265/1573
f 1070/1266/1574 1072/1264/1575 1071/1265/1576 1069/1267/1577
f 1068/1268/1578 1070/1266/1579 1069/1267/1580 1067/1269/1581
f 1066/1270/1582 1068/1268/1578 1067/1269/1583 1065/1271/1584
f 1064/1272/1585 1066/1273/1582 1065/1274/1584 1063/1275/1586
f 1062/1276/1587 1064/1272/1585 1063/1275/1588 1061/1277/1589
f 1060/1278/1590 1062/1276/1587 1061/1277/1591 1059/1279/1592
f 1058/1280/1593 1060/1278/1590 1059/1279/1594 1057/1281/1595
f 1056/1282/1596 1058/1280/1597 1057/1281/1595 1055/1283/1598
f 1054/1284/1599 1056/1282/1600 1055/1283/1601 1053/1285/1602
f 1052/1286/1603 1054/1284/1604 1053/1285/1605 1051/1287/1606
f 1049/1221/1509 1052/1286/1603 1051/1287/1607 1050/1222/1510
f 1119/389/1608 1113/383/1609 1115/385/1610 1120/390/1611
f 1114/384/1612 1116/386/492 1118/388/494 1115/385/1613
f 1117/387/1614 1122/392/1615 1124/394/500 1118/388/1616
f 1123/393/499 1121/1288/497 1120/1289/496 1124/394/1617
f 1131/401/507 1119/389/1618 1121/391/1619 1132/402/1620
f 1122/392/1621 1134/404/1622 1136/406/1623 1123/393/499
f 1135/405/1624 1133/1290/1625 1132/1291/1626 1136/406/1623
f 1125/395/1627 1131/1292/1628 1133/1290/509 1126/396/1629
f 1134/404/1630 1128/398/504 1130/400/1631 1135/405/1632
f 1129/399/1633 1127/1293/503 1126/1294/1634 1130/400/1635
f 1113/383/1609 1125/1295/1627 1127/1293/1636 1114/384/1612
f 1128/398/504 1117/387/493 1116/386/1637 1129/399/1633
f 1143/413/1638 1137/407/1639 1139/409/1640 1144/414/520
f 1138/1296/1641 1140/410/516 1142/412/518 1139/1297/1642
f 1141/411/517 1146/416/1643 1148/418/524 1142/412/518
f 1147/417/523 1145/1298/521 1144/1299/520 1148/418/1644
f 1155/425/531 1143/1300/1638 1145/1298/521 1156/426/1645
f 1146/416/1643 1158/428/1646 1160/430/536 1147/417/523
f 1159/429/1647 1157/427/1648 1156/426/532 1160/430/536
f 1149/419/525 1155/1301/1649 1157/1302/533 1150/420/526
f 1158/428/1650 1152/422/528 1154/424/1651 1159/429/535
f 1153/423/529 1151/421/527 1150/420/526 1154/424/1652
f 1137/407/1639 1149/1303/525 1151/1304/1653 1138/408/1641
f 1152/422/528 1141/411/517 1140/410/1654 1153/423/1655
f 1167/437/1656 1161/1305/537 1163/1306/1657 1168/438/544
f 1162/1307/1658 1164/434/540 1166/436/542 1163/1306/1659
f 1165/435/541 1170/440/1660 1172/442/548 1166/436/542
f 1171/441/547 1169/1308/545 1168/1309/1661 1172/442/1662
f 1179/449/555 1167/1310/1663 1169/1308/545 1180/450/556
f 1170/440/546 1182/452/558 1184/454/560 1171/441/547
f 1183/453/559 1181/451/1664 1180/450/556 1184/454/1665
f 1173/443/549 1179/1311/1666 1181/1312/557 1174/444/550
f 1182/452/1667 1176/446/1668 1178/448/554 1183/453/559
f 1177/447/553 1175/1313/1669 1174/1314/550 1178/448/1670
f 1161/431/1671 1173/443/549 1175/445/1672 1162/432/1673
f 1176/446/1668 1165/435/541 1164/434/1674 1177/447/553
f 1191/461/1675 1185/1315/1676 1187/1316/563 1192/462/568
f 1186/456/1677 1188/458/1678 1190/460/566 1187/457/1679
f 1189/459/1680 1194/464/1681 1196/466/572 1190/460/566
f 1195/465/1682 1193/463/1683 1192/462/1684 1196/466/1685
f 1203/473/1686 1191/1317/1675 1193/1318/1683 1204/474/580
f 1194/464/570 1206/476/1687 1208/478/584 1195/465/1682
f 1207/477/1688 1205/1319/1689 1204/1320/580 1208/478/584
f 1197/467/573 1203/473/1690 1205/475/581 1198/468/574
f 1206/476/1691 1200/470/1692 1202/472/578 1207/477/583
f 1201/471/577 1199/469/1693 1198/468/574 1202/472/1694
f 1185/455/1695 1197/467/573 1199/469/1696 1186/456/1697
f 1200/470/1692 1189/459/1698 1188/458/1699 1201/471/577
f 1210/1321/1700 1221/1322/1701 1222/1323/1702 1209/1324/1703
f 1212/1325/1704 1223/1326/1705 1224/1327/1706 1211/1328/1707
f 1214/1329/1708 1225/1330/1709 1226/1331/1710 1213/1332/1711
f 1216/1333/1712 1227/1334/1713 1228/1335/1714 1215/1336/1715
f 1218/1337/1716 1229/1338/1717 1230/1339/1718 1217/1340/1719
f 1220/1341/1720 1231/1342/1721 1232/1343/1722 1219/1344/1723
f 1221/1322/1724 1233/1345/1725 1234/1346/1726 1222/1323/1727
f 1223/1326/1705 1235/1347/1728 1236/1348/1729 1224/1327/1706
f 1225/1330/1730 1237/1349/1731 1238/1350/1732 1226/1331/1710
f 1227/1334/1713 1239/1351/1733 1240/1352/1734 1228/1335/1714
f 1229/1338/1717 1241/1353/1735 1242/1354/1736 1230/1339/1737
f 1231/1342/1721 1243/1355/1738 1244/1356/1739 1232/1343/1740
f 1233/1345/1741 1245/1357/1742 1246/1358/1743 1234/1346/1726
f 1235/1347/1728 1247/1359/1744 1248/1360/1745 1236/1348/1746
f 1237/1349/1747 1249/1361/1748 1250/1362/1749 1238/1350/1750
f 1239/1351/1751 1251/1363/1752 1252/1364/1753 1240/1352/1754
f 1241/1353/1735 1253/1365/1755 1254/1366/1756 1242/1354/1757
f 1243/1355/1758 1255/1367/1759 1256/1368/1760 1244/1356/1739
f 1245/1357/1761 1257/1369/1762 1258/1370/1763 1246/1358/1743
f 1247/1359/1744 1259/1371/1764 1260/1372/1765 1248/1360/1745
f 1249/1361/1766 1261/1373/1767 1262/1374/1768 1250/1362/1749
f 1251/1363/1752 1263/1375/1769 1264/1376/1770 1252/1364/1771
f 1253/1365/1772 1265/1377/1773 1266/1378/1774 1254/1366/1775
f 1255/1367/1759 1267/1379/1776 1268/1380/1777 1256/1368/1760
f 1257/1369/1778 1269/1381/1779 1270/1382/1780 1258/1370/1781
f 1259/1371/1764 1271/1383/1782 1272/1384/1783 1260/1372/1784
f 1261/1373/1767 1273/1385/1785 1274/1386/1786 1262/1374/1787
f 1263/1375/1769 1275/1387/1788 1276/1388/1789 1264/1376/1770
f 1265/1377/1790 1277/1389/1791 1278/1390/1792 1266/1378/1774
f 1267/1379/1793 1279/1391/1794 1280/1392/1795 1268/1380/1777
f 1269/1381/1779 1281/1393/1796 1282/1394/1797 1270/1382/1780
f 1271/1383/1782 1283/1395/1798 1284/1396/1799 1272/1384/1783
f 1273/1385/1800 1285/1397/1801 1286/1398/1802 1274/1386/1786
f 1275/1387/1803 1287/1399/1804 1288/1400/1805 1276/1388/1806
f 1277/1389/1791 1289/1401/1807 1290/1402/1808 1278/1390/1792
f 1279/1391/1794 1291/1403/1809 1292/1404/1810 1280/1392/1811
f 1281/1393/1812 1293/1405/1813 1294/1406/1814 1282/1394/1815
f 1283/1395/1798 1295/1407/1816 1296/1408/1817 1284/1396/1799
f 1285/1397/1801 1297/1409/1818 1298/1410/1819 1286/1398/1802
f 1287/1399/1804 1299/1411/1820 1300/1412/1821 1288/1400/1805
f 1289/1401/1807 1301/1413/1822 1302/1414/1823 1290/1402/1808
f 1291/1403/1809 1303/1415/1824 1304/1416/1825 1292/1404/1810
f 1293/1405/1813 1305/1417/1826 1306/1418/1827 1294/1406/1814
f 1295/1407/1828 1307/1419/1829 1308/1420/1830 1296/1408/1817
f 1297/1409/1818 1309/1421/1831 1310/1422/1832 1298/1410/1819
f 1299/1411/1820 1311/1423/1833 1312/1424/1834 1300/1412/1835
f 1301/1413/1822 1313/1425/1836 1314/1426/1837 1302/1414/1838
f 1303/1415/1824 1315/1427/1839 1316/1428/1840 1304/1416/1825
f 1305/1417/1841 1317/1429/1842 1318/1430/1843 1306/1418/1844
f 1307/1419/1829 1319/1431/1845 1320/1432/1846 1308/1420/1847
f 1309/1421/1831 1321/1433/1848 1322/1434/1849 1310/1422/1850
f 1311/1423/1851 1323/1435/1852 1324/1436/1853 1312/1424/1854
f 1313/1425/1836 1325/1437/1855 1326/1438/1856 1314/1426/1837
f 1315/1427/1857 1327/1439/1858 1328/1440/1859 1316/1428/1840
f 1317/1429/1842 1329/1441/1860 1330/1442/1861 1318/1430/1862
f 1319/1431/1845 1331/1443/1863 1332/1444/1864 1320/1432/1846
f 1321/1433/1865 1333/1445/1866 1334/1446/1867 1322/1434/1868
f 1323/1435/1852 1335/1447/1869 1336/1448/1870 1324/1436/1853
f 1325/1437/1855 1337/1449/1871 1338/1450/1872 1326/1438/1873
f 1327/1439/1858 1339/1451/1874 1340/1452/1875 1328/1440/1859
f 1329/1441/1860 1341/1453/1876 1342/1454/1877 1330/1442/1878
f 1331/1443/1863 1343/1455/1879 1344/1456/1880 1332/1444/1881
f 1333/1445/1882 1345/1457/1883 1346/1458/1884 1334/1446/1885
f 1335/1447/1886 1347/1459/1887 1348/1460/1888 1336/1448/1889
f 1337/1449/1890 1349/1461/1891 1350/1462/1892 1338/1450/1893
f 1339/1451/1894 1351/1463/1895 1352/1464/1896 1340/1452/1875
f 1341/1453/1897 1353/1465/1898 1354/1466/1899 1342/1454/1900
f 1343/1455/1879 1355/1467/1901 1356/1468/1902 1344/1456/1880
f 1345/1457/1903 1357/1469/1904 1358/1470/1905 1346/1458/1906
f 1347/1459/1887 1359/1471/1907 1360/1472/1908 1348/1460/1888
f 1349/1461/1909 1361/1473/1910 1362/1474/1911 1350/1462/1912
f 1351/1463/1895 1363/1475/1913 1364/1476/1914 1352/1464/1896
f 1353/1465/1898 1365/1477/1915 1366/1478/1916 1354/1466/1899
f 1355/1467/1901 1367/1479/1917 1368/1480/1918 1356/1468/1902
f 1357/1469/1904 1369/1481/1919 1370/1482/1920 1358/1470/1905
f 1359/1471/1907 1371/1483/1921 1372/1484/1922 1360/1472/1908
f 1361/1473/1910 1373/1485/1923 1374/1486/1924 1362/1474/1911
f 1363/1475/1913 1375/1487/1925 1376/1488/1926 1364/1476/1914
f 1365/1477/1927 1377/1489/1928 1378/1490/1929 1366/1478/1930
f 1367/1479/1931 1379/1491/1932 1380/1492/1933 1368/1480/1918
f 1369/1481/1934 1381/1493/1935 1382/1494/1936 1370/1482/1937
f 1371/1483/1921 1383/1495/1938 1384/1496/1939 1372/1484/1922
f 1373/1485/1940 1385/1497/1941 1386/1498/1942 1374/1486/1943
f 1375/1487/1925 1387/1499/1944 1388/1500/1945 1376/1488/1946
f 1377/1489/1947 1389/1501/1948 1390/1502/1949 1378/1490/1929
f 1379/1491/1932 1391/1503/1950 1392/1504/1951 1380/1492/1952
f 1381/1493/1953 1393/1505/1954 1394/1506/1955 1382/1494/1956
f 1383/1495/1957 1395/1507/1958 1396/1508/1959 1384/1496/1960
f 1385/1497/1941 1397/1509/1961 1398/1510/1962 1386/1498/1963
f 1387/1499/1964 1399/1511/1965 1400/1512/1966 1388/1500/1967
f 1389/1501/1968 1401/1513/1969 1402/1514/1970 1390/1502/1949
f 1391/1503/1950 1403/1515/1971 1404/1516/1972 1392/1504/1951
f 1393/1505/1973 1405/1517/1974 1406/1518/1975 1394/1506/1955
f 1395/1507/1958 1407/1519/1976 1408/1520/1977 1396/1508/1978
f 1397/1509/1979 1409/1521/1980 1410/1522/1981 1398/1510/1982
f 1399/1511/1965 1411/1523/1983 1412/1524/1984 1400/1512/1966
f 1401/1513/1985 1413/1525/1986 1414/1526/1987 1402/1514/1988
f 1403/1515/1971 1415/1527/1989 1416/1528/1990 1404/1516/1991
f 1405/1517/1974 1417/1529/1992 1418/1530/1993 1406/1518/1994
f 1407/1519/1976 1419/1531/1995 1420/1532/1996 1408/1520/1977
f 1409/1521/1997 1421/1533/1998 1422/1534/1999 1410/1522/1981
f 1411/1523/2000 1423/1535/2001 1424/1536/2002 1412/1524/1984
f 1413/1525/1986 1425/1537/2003 1426/1538/2004 1414/1526/1987
f 1415/1527/2005 1427/1539/2006 1428/1540/2007 1416/1528/1990
f 1417/1529/2008 1429/1541/2009 1430/1542/2010 1418/1530/1993
f 1419/1531/2011 1431/1543/2012 1432/1544/2013 1420/1532/1996
f 1421/1533/1998 1433/1545/2014 1434/1546/2015 1422/1534/1999
f 1423/1535/2001 1435/1547/2016 1436/1548/2017 1424/1536/2018
f 1425/1537/2019 1437/1549/2020 1438/1550/2021 1426/1538/2022
f 1427/1539/2006 1439/1551/2023 1440/1552/2024 1428/1540/2007
f 1429/1541/2009 1441/1553/2025 1442/1554/2026 1430/1542/2010
f 1431/1543/2012 1443/1555/2027 1444/1556/2028 1432/1544/2013
f 1433/1545/2014 1445/1557/2029 1446/1558/2030 1434/1546/2015
f 1435/1547/2016 1447/1559/2031 1448/1560/2032 1436/1548/2017
f 1437/1549/2020 1449/1561/2033 1450/1562/2034 1438/1550/2021
f 1439/1551/2035 1451/1563/2036 1452/1564/2037 1440/1552/2024
f 1441/1553/2038 1453/1565/2039 1454/1566/2040 1442/1554/2026
f 1443/1555/2027 1455/1567/2041 1456/1568/2042 1444/1556/2043
f 1445/1557/2029 1457/1569/2044 1458/1570/2045 1446/1558/2046
f 1447/1559/2031 1459/1571/2047 1460/1572/2048 1448/1560/2032
f 1449/1561/2049 1461/1573/2050 1462/1574/2051 1450/1562/2052
f 1451/1563/2036 1463/1575/2053 1464/1576/2054 1452/1564/2055
f 1453/1565/2039 1465/1577/2056 1466/1578/2057 1454/1566/2058
f 1455/1567/2059 1467/1579/2060 1468/1580/2061 1456/1568/2042
f 1457/1569/2062 1469/1581/2063 1470/1582/2064 1458/1570/2045
f 1459/1571/2065 1471/1583/2066 1472/1584/2067 1460/1572/2048
f 1461/1573/2050 1473/1585/2068 1474/1586/2069 1462/1574/2070
f 1463/1575/2053 1475/1587/2071 1476/1588/2072 1464/1576/2054
f 1465/1577/2073 1477/1589/2074 1478/1590/2075 1466/1578/2076
f 1467/1579/2077 1479/1591/2078 1480/1592/2079 1468/1580/2061
f 1469/1581/2080 1481/1593/2081 1482/1594/2082 1470/1582/2083
f 1471/1583/2066 1483/1595/2084 1484/1596/2085 1472/1584/2067
f 1473/1585/2068 1485/1597/2086 1486/1598/2087 1474/1586/2088
f 1475/1587/2071 1487/1599/2089 1488/1600/2090 1476/1588/2091
f 1477/1589/2092 1489/1601/2093 1490/1602/2094 1478/1590/2075
f 1479/1591/2095 1491/1603/2096 1492/1604/2097 1480/1592/2098
f 1481/1593/2099 1493/1605/2100 1494/1606/2101 1482/1594/2102
f 1483/1595/2103 1495/1607/2104 1496/1608/2105 1484/1596/2085
f 1485/1597/2106 1497/1609/2107 1498/1610/2108 1486/1598/2109
f 1487/1599/2089 1499/1611/2110 1500/1612/2111 1488/1600/2090
f 1489/1601/2112 1501/1613/2113 1502/1614/2114 1490/1602/2115
f 1491/1603/2096 1503/1615/2116 1504/1616/2117 1492/1604/2097
f 1493/1605/2118 1505/1617/2119 1506/1618/2120 1494/1606/2121
f 1495/1607/2104 1507/1619/2122 1508/1620/2123 1496/1608/2105
f 1497/1609/2107 1509/1621/2124 1510/1622/2125 1498/1610/2108
f 1499/1611/2110 1511/1623/2126 1512/1624/2127 1500/1612/2111
f 1501/1613/2113 1513/1625/2128 1514/1626/2129 1502/1614/2114
f 1503/1615/2116 1515/1627/2130 1516/1628/2131 1504/1616/2132
f 1505/1617/2119 1517/1629/2133 1518/1630/2134 1506/1618/2120
f 1507/1619/2122 1519/1631/2135 1520/1632/2136 1508/1620/2123
f 1509/1621/2137 1521/1633/2138 1522/1634/2139 1510/1622/2140
f 1511/1623/2126 1523/1635/2141 1524/1636/2142 1512/1624/2127
f 1513/1625/2143 1525/1637/2144 1526/1638/2145 1514/1626/2146
f 1515/1627/2130 1527/1639/2147 1528/1640/2148 1516/1628/2131
f 1517/1629/2149 1529/1641/2150 1530/1642/2151 1518/1630/2152
f 1519/1631/2135 1531/1643/2153 1532/1644/2154 1520/1632/2136
f 1521/1633/2155 1533/1645/2156 1534/1646/2157 1522/1634/2139
f 1523/1635/2141 1535/1647/2158 1536/1648/2159 1524/1636/2160
f 1525/1637/2161 1537/1649/2162 1538/1650/2163 1526/1638/2164
f 1527/1639/2165 1539/1651/2166 1540/1652/2167 1528/1640/2168
f 1529/1641/2150 1541/1653/2169 1542/1654/2170 1530/1642/2171
f 1531/1643/2172 1543/1655/2173 1544/1656/2174 1532/1644/2154
f 1533/1645/2175 1545/1657/2176 1546/1658/2177 1534/1646/2157
f 1535/1647/2158 1547/1659/2178 1548/1660/2179 1536/1648/2159
f 1537/1649/2180 1549/1661/2181 1550/1662/2182 1538/1650/2183
f 1539/1651/2166 1551/1663/2184 1552/1664/2185 1540/1652/2186
f 1541/1653/2187 1553/1665/2188 1554/1666/2189 1542/1654/2190
f 1543/1655/2173 1555/1667/2191 1556/1668/2192 1544/1656/2174
f 1545/1657/2193 1557/1669/2194 1558/1670/2195 1546/1658/2196
f 1547/1659/2178 1559/1671/2197 1560/1672/2198 1548/1660/2199
f 1549/1661/2181 1561/1673/2200 1562/1674/2201 1550/1662/2202
f 1551/1663/2184 1563/1675/2203 1564/1676/2204 1552/1664/2205
f 1553/1665/2206 1565/1677/2207 1566/1678/2208 1554/1666/2189
f 1555/1667/2209 1567/1679/2210 1568/1680/2211 1556/1668/2192
f 1557/1669/2194 1569/1681/2212 1570/1682/2213 1558/1670/2195
f 1559/1671/2197 1571/1683/2214 1572/1684/2215 1560/1672/2198
f 1561/1673/2216 1573/1685/2217 1574/1686/2218 1562/1674/2201
f 1563/1675/2219 1575/1687/2220 1576/1688/2221 1564/1676/2222
f 1565/1677/2207 1577/1689/2223 1578/1690/2224 1566/1678/2208
f 1567/1679/2210 1579/1691/2225 1580/1692/2226 1568/1680/2227
f 1569/1681/2228 1581/1693/2229 1582/1694/2230 1570/1682/2231
f 1571/1683/2214 1583/1695/2232 1584/1696/2233 1572/1684/2215
f 1573/1685/2217 1585/1697/2234 1586/1698/2235 1574/1686/2218
f 1575/1687/2220 1587/1699/2236 1588/1700/2237 1576/1688/2221
f 1577/1689/2223 1589/1701/2238 1590/1702/2239 1578/1690/2224
f 1579/1691/2225 1591/1703/2240 1592/1704/2241 1580/1692/2226
f 1581/1693/2229 1593/1705/2242 1594/1706/2243 1582/1694/2230
f 1583/1695/2244 1595/1707/2245 1596/1708/2246 1584/1696/2233
f 1585/1697/2234 1597/1709/2247 1598/1710/2248 1586/1698/2235
f 1587/1699/2249 1599/1711/2250 1600/1712/2251 1588/1700/2252
f 1589/1701/2238 1601/1713/2253 1602/1714/2254 1590/1702/2255
f 1591/1703/2240 1603/1715/2256 1604/1716/2257 1592/1704/2241
f 1593/1705/2242 1605/1717/2258 1606/1718/2259 1594/1706/2260
f 1595/1707/2245 1607/1719/2261 1608/1720/2262 1596/1708/2263
f 1597/1709/2247 1609/1721/2264 1610/1722/2265 1598/1710/2266
f 1599/1711/2267 1611/1723/2268 1612/1724/2269 1600/1712/2251
f 1601/1713/2253 1613/1725/2270 1614/1726/2271 1602/1714/2254
f 1603/1715/2272 1615/1727/2273 1616/1728/2274 1604/1716/2257
f 1605/1717/2258 1617/1729/2275 1618/1730/2276 1606/1718/2277
f 1607/1719/2261 1619/1731/2278 1620/1732/2279 1608/1720/2262
f 1609/1721/2280 1621/1733/2281 1622/1734/2282 1610/1722/2283
f 1611/1723/2268 1623/1735/2284 1624/1736/2285 1612/1724/2269
f 1613/1725/2286 1625/1737/2287 1626/1738/2288 1614/1726/2289
f 1615/1727/2273 1627/1739/2290 1628/1740/2291 1616/1728/2274
f 1617/1729/2275 1629/1741/2292 1630/1742/2293 1618/1730/2294
f 1619/1731/2295 1631/1743/2296 1632/1744/2297 1620/1732/2298
f 1621/1733/2299 1633/1745/2300 1634/1746/2301 1622/1734/2302
f 1623/1735/2303 1635/1747/2304 1636/1748/2305 1624/1736/2306
f 1625/1737/2307 1637/1749/2308 1638/1750/2309 1626/1738/2310
f 1627/1739/2311 1639/1751/2312 1640/1752/2313 1628/1740/2291
f 1629/1753/2314 1641/1754/2315 1642/1755/2316 1630/1756/2317
f 1631/1757/2296 1643/1758/2318 1644/1759/2319 1632/1760/2297
f 1633/1761/2320 1645/1762/2321 1646/1763/2322 1634/1764/2323
f 1635/1765/2304 1647/1766/2324 1648/1767/2325 1636/1768/2305
f 1637/1769/2308 1649/1770/2326 1650/1771/2327 1638/1772/2328
f 1639/1773/2312 1651/1774/2329 1652/1775/2330 1640/1776/2331
f 1641/1754/2315 1653/1777/2332 1654/1778/2333 1642/1755/2316
f 1643/1758/2318 1655/1779/2334 1656/1780/2335 1644/1759/2319
f 1645/1762/2321 1657/1781/2336 1658/1782/2337 1646/1763/2322
f 1647/1766/2324 1659/1783/2338 1660/1784/2339 1648/1767/2325
f 1649/1770/2326 1661/1785/2340 1662/1786/2341 1650/1771/2327
f 1651/1774/2329 1663/1787/2342 1664/1788/2343 1652/1775/2330
f 1653/1777/2344 1665/1789/2345 1666/1790/2346 1654/1778/2347
f 1655/1779/2334 1667/1791/2348 1668/1792/2349 1656/1780/2335
f 1657/1781/2350 1669/1793/2351 1670/1794/2352 1658/1782/2353
f 1659/1783/2338 1671/1795/2354 1672/1796/2355 1660/1784/2339
f 1661/1785/2340 1673/1797/2356 1674/1798/2357 1662/1786/2358
f 1663/1787/2342 1675/1799/2359 1676/1800/2360 1664/1788/2361
f 1665/1789/2362 1677/1801/2363 1678/1802/2364 1666/1790/2346
f 1667/1791/2348 1679/1803/2365 1680/1804/2366 1668/1792/2367
f 1669/1793/2368 1681/1805/2369 1682/1806/2370 1670/1794/2371
f 1671/1795/2372 1683/1807/2373 1684/1808/2374 1672/1796/2375
f 1673/1797/2356 1685/1809/2376 1686/1810/2377 1674/1798/2378
f 1675/1799/2379 1687/1811/2380 1688/1812/2381 1676/1800/2360
f 1677/1801/2382 1689/1813/2383 1690/1814/2384 1678/1802/2364
f 1679/1803/2365 1691/1815/2385 1692/1816/2386 1680/1804/2366
f 1681/1805/2387 1693/1817/2388 1694/1818/2389 1682/1806/2370
f 1683/1807/2373 1695/1819/2390 1696/1820/2391 1684/1808/2392
f 1685/1809/2393 1697/1821/2394 1698/1822/2395 1686/1810/2396
f 1687/1811/2380 1699/1823/2397 1700/1824/2398 1688/1812/2381
f 1689/1813/2399 1701/1825/2400 1702/1826/2401 1690/1814/2384
f 1691/1815/2385 1703/1827/2402 1704/1828/2403 1692/1816/2404
f 1693/1817/2388 1705/1829/2405 1706/1830/2406 1694/1818/2389
f 1695/1819/2390 1707/1831/2407 1708/1832/2408 1696/1820/2391
f 1697/1821/2409 1709/1833/2410 1710/1834/2411 1698/1822/2395
f 1699/1823/2412 1711/1835/2413 1712/1836/2414 1700/1824/2398
f 1701/1825/2400 1713/1837/2415 1714/1838/2416 1702/1826/2401
f 1703/1827/2402 1715/1839/2417 1716/1840/2418 1704/1828/2403
f 1705/1829/2419 1717/1841/2420 1718/1842/2421 1706/1830/2406
f 1707/1831/2422 1719/1843/2423 1720/1844/2424 1708/1832/2425
f 1709/1833/2410 1721/1845/2426 1722/1846/2427 1710/1834/2411
f 1711/1835/2413 1723/1847/2428 1724/1848/2429 1712/1836/2430
f 1713/1837/2431 1725/1849/2432 1726/1850/2433 1714/1838/2434
f 1715/1839/2417 1727/1851/2435 1728/1852/2436 1716/1840/2418
f 1717/1841/2420 1729/1853/2437 1730/1854/2438 1718/1842/2421
f 1719/1843/2423 1731/1855/2439 1732/1856/2440 1720/1844/2424
f 1721/1845/2426 1733/1857/2441 1734/1858/2442 1722/1846/2427
f 1723/1847/2428 1735/1859/2443 1736/1860/2444 1724/1848/2429
f 1725/1849/2432 1737/1861/2445 1738/1862/2446 1726/1850/2433
f 1727/1851/2447 1739/1863/2448 1740/1864/2449 1728/1852/2436
f 1729/1853/2450 1741/1865/2451 1742/1866/2452 1730/1854/2438
f 1731/1855/2439 1743/1867/2453 1744/1868/2454 1732/1856/2455
f 1733/1857/2441 1745/1869/2456 1746/1870/2457 1734/1858/2458
f 1735/1859/2443 1747/1871/2459 1748/1872/2460 1736/1860/2444
f 1737/1861/2461 1749/1873/2462 1750/1874/2463 1738/1862/2464
f 1739/1863/2448 1751/1875/2465 1752/1876/2466 1740/1864/2467
f 1741/1865/2451 1753/1877/2468 1754/1878/2469 1742/1866/2470
f 1743/1867/2471 1755/1879/2472 1756/1880/2473 1744/1868/2454
f 1745/1869/2474 1757/1881/2475 1758/1882/2476 1746/1870/2457
f 1747/1871/2477 1759/1883/2478 1760/1884/2479 1748/1872/2460
f 1749/1873/2462 1761/1885/2480 1762/1886/2481 1750/1874/2482
f 1751/1875/2465 1763/1887/2483 1764/1888/2484 1752/1876/2466
f 1753/1877/2485 1765/1889/2486 1766/1890/2487 1754/1878/2488
f 1755/1879/2489 1767/1891/2490 1768/1892/2491 1756/1880/2473
f 1757/1881/2492 1769/1893/2493 1770/1894/2494 1758/1882/2495
f 1759/1883/2478 1771/1895/2496 1772/1896/2497 1760/1884/2479
f 1761/1885/2480 1773/1897/2498 1774/1898/2499 1762/1886/2500
f 1763/1887/2483 1775/1899/2501 1776/1900/2502 1764/1888/2503
f 1765/1889/2504 1777/1901/2505 1778/1902/2506 1766/1890/2507
f 1767/1891/2508 1779/1903/2509 1780/1904/2510 1768/1892/2511
f 1769/1893/2512 1781/1905/2513 1782/1906/2514 1770/1894/2515
f 1771/1895/2516 1783/1907/2517 1784/1908/2518 1772/1896/2497
f 1209/1324/1703 1774/1898/2519 1773/1897/2520 1210/1321/1700
f 1211/1328/1707 1776/1900/2502 1775/1899/2521 1212/1325/1704
f 1213/1332/1711 1778/1902/2506 1777/1901/2522 1214/1329/2523
f 1215/1336/2524 1780/1904/2510 1779/1903/2509 1216/1333/1712
f 1217/1340/1719 1782/1906/2525 1781/1905/2526 1218/1337/1716
f 1219/1344/1723 1784/1908/2518 1783/1907/2517 1220/1341/1720
f 391/365/471 403/377/483 397/484/597 385/359/601
f 387/1909/467 390/364/470 396/370/2527 392/1910/472
f 399/485/479 401/375/481 388/362/468 386/360/466
f 406/380/486 394/368/474 389/363/587 400/374/603
f 393/479/473 395/369/475 408/382/488 404/1911/484
f 405/481/2528 407/381/487 402/376/482 398/372/478
f 410/556/675 539/623/749 538/622/753 411/557/676
f 409/555/674 412/554/673 1/1912/1 2/1913/1
f 471/621/2529 600/688/2530 539/623/749 410/556/675
f 472/620/744 409/555/674 2/1913/1 32/1914/1
f 412/554/673 414/558/677 3/1915/1 1/1912/1
f 411/557/676 538/622/753 542/626/752 413/559/678
f 414/558/677 416/560/679 4/1916/1 3/1915/1
f 413/559/678 542/626/752 544/628/755 415/561/680
f 416/560/679 418/562/681 5/1917/1 4/1916/1
f 415/561/2531 544/628/2532 546/630/760 417/563/682
f 418/562/681 420/564/683 6/1918/1 5/1917/1
f 417/563/682 546/630/2533 548/632/763 419/565/684
f 420/564/683 422/566/685 7/1919/1 6/1918/1
f 419/565/684 548/632/763 550/634/762 421/567/686
f 422/566/685 424/568/687 8/1920/1 7/1919/1
f 421/567/2534 550/634/762 552/636/766 423/569/689
f 424/568/687 426/570/690 9/1921/1 8/1920/1
f 423/569/692 552/636/2535 554/638/768 425/571/693
f 426/573/690 428/572/694 10/1922/1 9/1923/1
f 425/574/693 554/641/768 556/640/773 427/575/695
f 428/572/694 430/576/696 11/1924/1 10/1922/1
f 427/575/695 556/640/773 558/644/772 429/577/697
f 430/576/696 432/578/698 12/1925/1 11/1924/1
f 429/577/697 558/644/772 560/646/775 431/579/699
f 432/578/698 434/580/700 13/1926/1 12/1925/1
f 431/579/2536 560/646/2537 562/648/780 433/581/701
f 434/580/700 436/582/702 14/1927/1 13/1926/1
f 433/581/701 562/648/2538 564/650/783 435/583/703
f 436/582/702 438/584/704 15/1928/1 14/1927/1
f 435/583/703 564/650/783 566/652/782 437/585/705
f 438/584/704 440/586/706 16/1929/1 15/1928/1
f 437/585/2539 566/652/782 568/654/786 439/587/708
f 440/586/706 442/588/709 17/1930/1 16/1929/1
f 439/587/2540 568/654/2541 570/656/788 441/589/711
f 442/588/709 444/590/712 18/1931/1 17/1930/1
f 441/589/711 570/656/788 572/658/793 443/591/713
f 444/590/712 446/592/714 19/1932/1 18/1931/1
f 443/591/713 572/658/793 574/660/792 445/593/715
f 446/592/714 448/594/716 20/1933/1 19/1932/1
f 445/593/715 574/660/792 576/662/795 447/595/717
f 448/594/716 450/596/718 21/1934/1 20/1933/1
f 447/595/2542 576/662/2543 578/664/800 449/597/719
f 450/596/718 452/598/720 22/1935/1 21/1934/1
f 449/597/719 578/664/2544 580/666/803 451/599/721
f 452/598/720 454/600/722 23/1936/1 22/1935/1
f 451/599/721 580/666/803 582/668/802 453/601/723
f 454/600/722 456/602/724 24/1937/1 23/1936/1
f 453/601/726 582/668/802 584/670/806 455/603/727
f 456/602/724 458/604/728 25/1938/1 24/1937/1
f 455/603/730 584/670/2545 586/672/808 457/605/731
f 458/607/728 460/606/732 26/1939/1 25/1940/1
f 457/608/731 586/675/808 588/674/813 459/609/733
f 460/606/732 462/610/734 27/1941/1 26/1939/1
f 459/609/733 588/674/813 590/678/812 461/611/735
f 462/610/734 464/612/736 28/1942/1 27/1941/1
f 461/611/735 590/678/812 592/680/815 463/613/737
f 464/612/736 466/614/738 29/1943/1 28/1942/1
f 463/613/2546 592/680/818 594/682/821 465/615/739
f 466/614/738 468/616/740 30/1944/1 29/1943/1
f 465/615/739 594/682/2547 596/684/820 467/617/741
f 468/616/740 470/618/742 31/1945/1 30/1944/1
f 467/617/741 596/684/824 598/686/823 469/619/743
f 470/618/742 472/620/744 32/1914/1 31/1945/1
f 469/619/2548 598/686/823 600/688/827 471/621/746
f 2/1913/1 1/1912/1 473/489/608 476/488/607
f 1052/1286/2549 474/486/605 478/490/609 1054/1284/2550
f 1/1912/1 3/1915/1 477/491/610 473/489/608
f 1049/1221/2551 475/487/606 474/486/2552 1052/1286/2553
f 1112/1220/2554 536/552/670 475/487/606 1049/1221/2551
f 32/1914/1 2/1913/1 476/488/607 535/553/672
f 1054/1284/2555 478/490/609 480/492/2556 1056/1282/2557
f 3/1915/1 4/1916/1 479/493/2558 477/491/610
f 1056/1282/2557 480/492/611 482/494/613 1058/1280/2559
f 4/1916/1 5/1917/1 481/495/2560 479/493/2558
f 1058/1280/2561 482/494/613 484/496/2562 1060/1278/2563
f 5/1917/1 6/1918/1 483/497/616 481/495/2564
f 1060/1278/2565 484/496/615 486/498/617 1062/1276/2566
f 6/1918/1 7/1919/1 485/499/618 483/497/616
f 1062/1276/2567 486/498/617 488/500/2568 1064/1272/2569
f 7/1919/1 8/1920/1 487/501/621 485/499/618
f 1064/1272/2569 488/500/619 490/502/622 1066/1273/2570
f 8/1920/1 9/1921/1 489/503/623 487/501/621
f 1066/1270/2570 490/505/622 492/504/2571 1068/1268/2572
f 9/1923/1 10/1922/1 491/507/625 489/506/623
f 1068/1268/2573 492/504/624 494/508/626 1070/1266/2574
f 10/1922/1 11/1924/1 493/509/627 491/507/625
f 1070/1266/2575 494/508/626 496/510/2576 1072/1264/2577
f 11/1924/1 12/1925/1 495/511/2578 493/509/627
f 1072/1264/2577 496/510/628 498/512/630 1074/1262/2579
f 12/1925/1 13/1926/1 497/513/2580 495/511/2578
f 1074/1262/2581 498/512/630 500/514/2582 1076/1260/2583
f 13/1926/1 14/1927/1 499/515/633 497/513/2584
f 1076/1260/2585 500/514/632 502/516/634 1078/1258/2586
f 14/1927/1 15/1928/1 501/517/635 499/515/633
f 1078/1258/2587 502/516/634 504/518/2588 1080/1256/2589
f 15/1928/1 16/1929/1 503/519/638 501/517/635
f 1080/1256/2589 504/518/636 506/520/639 1082/1254/2590
f 16/1929/1 17/1930/1 505/521/640 503/519/638
f 1082/1254/2590 506/520/639 508/522/2591 1084/1252/2592
f 17/1930/1 18/1931/1 507/523/642 505/521/640
f 1084/1252/2593 508/522/641 510/524/643 1086/1250/2594
f 18/1931/1 19/1932/1 509/525/644 507/523/642
f 1086/1250/2594 510/524/643 512/526/2595 1088/1248/2596
f 19/1932/1 20/1933/1 511/527/2597 509/525/644
f 1088/1248/2596 512/526/645 514/528/647 1090/1246/2598
f 20/1933/1 21/1934/1 513/529/2599 511/527/2597
f 1090/1246/2600 514/528/647 516/530/2601 1092/1244/2602
f 21/1934/1 22/1935/1 515/531/650 513/529/2603
f 1092/1244/2604 516/530/649 518/532/651 1094/1242/2605
f 22/1935/1 23/1936/1 517/533/652 515/531/650
f 1094/1242/2606 518/532/651 520/534/2607 1096/1238/2608
f 23/1936/1 24/1937/1 519/535/655 517/533/652
f 1096/1238/2608 520/534/653 522/536/656 1098/1239/2609
f 24/1937/1 25/1938/1 521/537/657 519/535/655
f 1098/1236/2609 522/539/656 524/538/2610 1100/1234/2611
f 25/1940/1 26/1939/1 523/541/659 521/540/657
f 1100/1234/2612 524/538/658 526/542/660 1102/1232/2613
f 26/1939/1 27/1941/1 525/543/661 523/541/659
f 1102/1232/2614 526/542/660 528/544/2615 1104/1230/2616
f 27/1941/1 28/1942/1 527/545/2617 525/543/661
f 1104/1230/2616 528/544/662 530/546/664 1106/1228/2618
f 28/1942/1 29/1943/1 529/547/2619 527/545/2617
f 1106/1228/2620 530/546/664 532/548/2621 1108/1226/2622
f 29/1943/1 30/1944/1 531/549/667 529/547/2623
f 1108/1226/2624 532/548/666 534/550/668 1110/1224/2625
f 30/1944/1 31/1945/1 533/551/669 531/549/667
f 1110/1224/2626 534/550/668 536/552/2627 1112/1220/2554
f 31/1945/1 32/1914/1 535/553/672 533/551/669
f 540/624/750 986/1198/1483 987/1219/1507 537/625/2628
f 537/625/2628 987/1219/1507 997/1213/1499 541/627/2629
f 599/689/828 1011/1199/1484 986/1198/1483 540/624/750
f 541/627/2629 997/1213/1499 1003/1207/1493 543/629/2630
f 543/629/2630 1003/1207/1493 1009/1201/1487 545/631/758
f 545/631/758 1009/1201/1487 1015/1193/1486 547/633/761
f 547/633/761 1015/1193/1486 1019/1189/1474 549/635/765
f 549/635/765 1019/1189/1474 1023/1185/1469 551/637/767
f 551/637/767 1023/1185/1469 1027/1184/1465 553/639/769
f 553/642/769 1027/1179/1465 1031/1175/1461 555/643/2631
f 555/643/2631 1031/1175/1461 1035/1169/1457 557/645/2632
f 557/645/2632 1035/1169/1457 1039/1165/1453 559/647/2633
f 559/647/2633 1039/1165/1453 1043/1161/1449 561/649/778
f 561/649/778 1043/1161/1449 1047/1155/1448 563/651/781
f 563/651/781 1047/1155/1448 994/1154/1441 565/653/785
f 565/653/785 994/1154/1441 995/1215/1502 567/655/787
f 567/655/787 995/1215/1502 1001/1209/1495 569/657/789
f 569/657/789 1001/1209/1495 1007/1203/1489 571/659/2634
f 571/659/2634 1007/1203/1489 1013/1195/1480 573/661/2635
f 573/661/2635 1013/1195/1480 1017/1191/1476 575/663/2636
f 575/663/2636 1017/1191/1476 1021/1187/1472 577/665/798
f 577/665/798 1021/1187/1472 1025/1181/1471 579/667/801
f 579/667/801 1025/1181/1471 1029/1177/1463 581/669/805
f 581/669/805 1029/1177/1463 1033/1173/1459 583/671/807
f 583/671/807 1033/1173/1459 1037/1172/1455 585/673/809
f 585/676/809 1037/1167/1455 1041/1163/1451 587/677/2637
f 587/677/2637 1041/1163/1451 1045/1159/1446 589/679/2638
f 589/679/2638 1045/1159/1446 990/1158/1445 591/681/2639
f 591/681/2639 990/1158/1445 991/1217/1505 593/683/819
f 593/683/819 991/1217/1505 999/1211/1504 595/685/822
f 595/685/822 999/1211/1504 1005/1205/1491 597/687/826
f 597/687/826 1005/1205/1491 1011/1199/1484 599/689/828
f 604/896/2640 795/963/2641 794/962/2642 601/897/2643
f 602/894/1121 663/960/1215 792/825/996 729/761/928
f 603/895/1122 602/894/1121 729/761/928 732/760/927
f 601/897/2643 794/962/2642 855/1028/2644 664/961/2645
f 606/899/2646 797/966/2647 795/963/2641 604/896/2640
f 605/898/1126 603/895/1122 732/760/927 734/763/933
f 608/901/2648 799/968/2649 797/966/2647 606/899/2650
f 607/900/1130 605/898/1126 734/763/933 736/765/2651
f 610/903/2652 801/970/2653 799/968/2654 608/901/2655
f 609/902/1133 607/900/1130 736/765/932 738/767/935
f 612/905/2656 803/972/2657 801/970/2653 610/903/2652
f 611/904/1136 609/902/1133 738/767/935 740/769/937
f 614/907/2658 805/974/2659 803/972/2660 612/905/2661
f 613/906/1138 611/904/2662 740/769/937 742/771/939
f 616/909/2663 807/976/2664 805/974/2659 614/907/2665
f 615/908/1141 613/906/1138 742/771/939 744/773/2666
f 618/911/2667 809/978/2668 807/976/2664 616/909/2663
f 617/910/1144 615/908/1141 744/773/941 746/775/944
f 620/914/2669 811/981/2670 809/980/2668 618/915/2667
f 619/913/1146 617/912/1144 746/779/944 748/778/946
f 622/917/2671 813/984/2672 811/981/2670 620/914/2669
f 621/916/1149 619/913/1146 748/778/946 750/781/952
f 624/919/2673 815/986/2674 813/984/2672 622/917/2675
f 623/918/1153 621/916/1149 750/781/952 752/783/951
f 626/921/2676 817/988/2677 815/986/2678 624/919/2679
f 625/920/1155 623/918/1153 752/783/951 754/785/954
f 628/923/2680 819/990/2681 817/988/2677 626/921/2676
f 627/922/1161 625/920/1155 754/785/954 756/787/956
f 630/925/2682 821/992/2683 819/990/2684 628/923/2685
f 629/924/1162 627/922/2686 756/787/956 758/789/2687
f 632/927/2688 823/994/2689 821/992/2683 630/925/2690
f 631/926/1165 629/924/1162 758/789/2687 760/791/2691
f 634/929/2692 825/996/2693 823/994/2689 632/927/2688
f 633/928/1168 631/926/1165 760/791/960 762/793/965
f 636/931/2694 827/998/2695 825/996/2693 634/929/2692
f 635/930/1170 633/928/1168 762/793/965 764/795/964
f 638/933/2696 829/1000/2697 827/998/2695 636/931/2694
f 637/932/2698 635/930/1170 764/795/964 766/797/2699
f 640/935/2700 831/1002/2701 829/1000/2697 638/933/2702
f 639/934/1177 637/932/2698 766/797/2699 768/799/969
f 642/937/2703 833/1004/2704 831/1002/2705 640/935/2706
f 641/936/1179 639/934/1177 768/799/969 770/801/971
f 644/939/2707 835/1006/2708 833/1004/2704 642/937/2703
f 643/938/1185 641/936/1179 770/801/971 772/803/973
f 646/941/2709 837/1008/2710 835/1006/2711 644/939/2712
f 645/940/1189 643/938/2713 772/803/973 774/805/975
f 648/943/2714 839/1010/2715 837/1008/2710 646/941/2716
f 647/942/1190 645/940/1189 774/805/975 776/807/977
f 650/945/2717 841/1012/2718 839/1010/2715 648/943/2714
f 649/944/1193 647/942/1190 776/807/977 778/809/980
f 652/948/2719 843/1015/2720 841/1014/2718 650/949/2717
f 651/947/1195 649/946/1193 778/813/980 780/812/982
f 654/951/2721 845/1018/2722 843/1015/2720 652/948/2719
f 653/950/1198 651/947/1195 780/812/982 782/815/2723
f 656/953/2724 847/1020/2725 845/1018/2722 654/951/2726
f 655/952/2727 653/950/1198 782/815/988 784/817/987
f 658/955/2728 849/1022/2729 847/1020/2730 656/953/2731
f 657/954/1205 655/952/2727 784/817/987 786/819/990
f 660/957/2732 851/1024/2733 849/1022/2729 658/955/2728
f 659/956/1211 657/954/1205 786/819/990 788/821/992
f 662/959/2734 853/1026/2735 851/1024/2736 660/957/2737
f 661/958/1212 659/956/2738 788/821/992 790/823/2739
f 664/961/2645 855/1028/2644 853/1026/2735 662/959/2740
f 663/960/1215 661/958/1212 790/823/2739 792/825/2741
f 727/829/1001 666/828/1120 730/758/925 791/824/2742
f 1111/1223/2743 1050/1222/2744 665/827/2745 728/826/1003
f 666/828/1120 667/893/1118 731/759/926 730/758/925
f 665/827/2745 1050/1222/2744 1051/1287/2746 668/892/2747
f 1051/1287/2746 1053/1285/1605 670/890/1116 668/892/2747
f 667/893/1118 669/891/2748 733/762/929 731/759/2749
f 1053/1285/2750 1055/1283/2751 672/888/2752 670/890/2753
f 669/891/1114 671/889/2754 735/764/931 733/762/2755
f 1055/1283/2751 1057/1281/2756 674/886/1108 672/888/2757
f 671/889/1110 673/887/1106 737/766/934 735/764/2758
f 1057/1281/2756 1059/1279/2759 676/884/1104 674/886/1108
f 673/887/1106 675/885/2760 739/768/936 737/766/2761
f 1059/1279/2759 1061/1277/2762 678/882/1100 676/884/1104
f 675/885/1102 677/883/2763 741/770/938 739/768/2764
f 1061/1277/1589 1063/1275/1588 680/878/2765 678/882/2766
f 677/883/1098 679/881/1095 743/772/940 741/770/2767
f 1063/1275/2768 1065/1274/2769 682/879/1093 680/878/2765
f 679/881/1095 681/880/1091 745/774/943 743/772/2770
f 1065/1271/2769 1067/1269/2771 684/874/1089 682/876/1093
f 681/877/1091 683/875/1087 747/777/945 745/776/943
f 1067/1269/1583 1069/1267/1580 686/872/2772 684/874/1089
f 683/875/1087 685/873/2773 749/780/948 747/777/2774
f 1069/1267/2775 1071/1265/2776 688/870/1081 686/872/2777
f 685/873/1083 687/871/2778 751/782/950 749/780/2779
f 1071/1265/1576 1073/1263/2780 690/868/2781 688/870/2782
f 687/871/1079 689/869/1076 753/784/953 751/782/2783
f 1073/1263/2780 1075/1261/2784 692/866/2785 690/868/2781
f 689/869/1076 691/867/2786 755/786/955 753/784/2787
f 1075/1261/2784 1077/1259/2788 694/864/1070 692/866/2785
f 691/867/1072 693/865/2789 757/788/957 755/786/2790
f 1077/1259/2788 1079/1257/1563 696/862/1066 694/864/1070
f 693/865/1068 695/863/1064 759/790/959 757/788/2791
f 1079/1257/2792 1081/1255/2793 698/860/1062 696/862/1066
f 695/863/1064 697/861/1060 761/792/961 759/790/2794
f 1081/1255/2793 1083/1253/2795 700/858/1058 698/860/1062
f 697/861/1060 699/859/1056 763/794/963 761/792/961
f 1083/1253/2795 1085/1251/2796 702/856/2797 700/858/1058
f 699/859/1056 701/857/2798 765/796/966 763/794/2799
f 1085/1251/2796 1087/1249/2800 704/854/1050 702/856/2797
f 701/857/1052 703/855/2801 767/798/968 765/796/2802
f 1087/1249/2803 1089/1247/2804 706/852/2805 704/854/2806
f 703/855/1048 705/853/1045 769/800/970 767/798/2807
f 1089/1247/2804 1091/1245/2808 708/850/1043 706/852/2805
f 705/853/1045 707/851/2809 771/802/972 769/800/2810
f 1091/1245/2808 1093/1243/1539 710/848/2811 708/850/2812
f 707/851/1041 709/849/2813 773/804/974 771/802/2814
f 1093/1243/2815 1095/1241/2816 712/844/1035 710/848/2817
f 709/849/1037 711/847/1033 775/806/976 773/804/2818
f 1095/1241/2819 1097/1240/2820 714/845/1031 712/844/1035
f 711/847/1033 713/846/1029 777/808/979 775/806/2821
f 1097/1237/2820 1099/1235/2822 716/840/1027 714/842/1031
f 713/843/1029 715/841/1025 779/811/981 777/810/979
f 1099/1235/2822 1101/1233/2823 718/838/2824 716/840/1027
f 715/841/1025 717/839/2825 781/814/984 779/811/2826
f 1101/1233/2823 1103/1231/2827 720/836/1019 718/838/2824
f 717/839/1021 719/837/2828 783/816/986 781/814/2829
f 1103/1231/2827 1105/1229/2830 722/834/1015 720/836/2831
f 719/837/1017 721/835/1013 785/818/989 783/816/2832
f 1105/1229/1520 1107/1227/1517 724/832/2833 722/834/1015
f 721/835/1013 723/833/2834 787/820/991 785/818/2835
f 1107/1227/2836 1109/1225/2837 726/830/1007 724/832/2833
f 723/833/1009 725/831/2838 789/822/993 787/820/2839
f 1109/1225/2840 1111/1223/2841 728/826/1003 726/830/2842
f 725/831/1005 727/829/1001 791/824/995 789/822/2843
f 793/965/1222 796/964/2844 859/1031/1221 858/1030/1222
f 856/1029/2845 793/965/1222 858/1030/1222 919/1029/1294
f 796/964/1221 798/967/2846 861/1034/1224 859/1031/1221
f 798/967/1224 800/969/2847 863/969/2848 861/1034/2846
f 800/969/1226 802/971/2849 865/971/2850 863/969/1226
f 802/971/1228 804/973/1230 867/973/1230 865/971/2850
f 804/973/1230 806/975/2851 869/1039/1234 867/973/1230
f 806/975/2851 808/977/2852 871/1041/2853 869/1039/2851
f 808/977/1237 810/979/2854 873/979/2855 871/1041/2852
f 810/983/1239 812/982/1241 875/982/1241 873/1044/1239
f 812/982/2856 814/985/2857 877/1047/2858 875/982/2856
f 814/985/1243 816/987/1245 879/1049/1245 877/1047/1243
f 816/987/1245 818/989/2859 881/1051/1247 879/1049/1245
f 818/989/1250 820/991/1249 883/991/1249 881/1051/1250
f 820/991/1249 822/993/1253 885/993/2860 883/991/2861
f 822/993/2862 824/995/1256 887/995/1256 885/993/1253
f 824/995/2863 826/997/2864 889/1056/2865 887/995/1256
f 826/997/1258 828/999/1260 891/1058/2866 889/1056/1258
f 828/999/1260 830/1001/1262 893/1001/2867 891/1058/2868
f 830/1001/1262 832/1003/1264 895/1061/1264 893/1001/2869
f 832/1003/1264 834/1005/2870 897/1063/2870 895/1061/1264
f 834/1005/2870 836/1007/1268 899/1065/1268 897/1063/2870
f 836/1007/2871 838/1009/1272 901/1067/2872 899/1065/1268
f 838/1009/2873 840/1011/2874 903/1069/1275 901/1067/2872
f 840/1011/1275 842/1013/2875 905/1071/2876 903/1069/1275
f 842/1017/2877 844/1016/1279 907/1016/1279 905/1017/1277
f 844/1016/2878 846/1019/2879 909/1075/2879 907/1016/2880
f 846/1019/2881 848/1021/1283 911/1021/2882 909/1075/2879
f 848/1021/1283 850/1023/2883 913/1023/2884 911/1021/1283
f 850/1023/1288 852/1025/1287 915/1079/1287 913/1023/2884
f 852/1025/1287 854/1027/2885 917/1081/2885 915/1079/1287
f 854/1027/2885 856/1029/1294 919/1029/1294 917/1081/2885
f 857/1033/1340 922/1084/1341 983/1150/2886 920/1083/1338
f 860/1032/2887 923/1085/1342 922/1084/1341 857/1033/1340
f 862/1035/1297 925/1088/1348 923/1085/2888 860/1032/2889
f 864/1036/1298 927/1090/1349 925/1088/1348 862/1035/1297
f 866/1037/1299 929/1092/1354 927/1090/1349 864/1036/1298
f 868/1038/1301 931/1094/1358 929/1092/1354 866/1037/1299
f 870/1040/1303 933/1096/1359 931/1094/1358 868/1038/1301
f 872/1042/1304 935/1098/2890 933/1096/1359 870/1040/1303
f 874/1043/1306 937/1100/1364 935/1098/2890 872/1042/1304
f 876/1045/2891 939/1103/1367 937/1102/1364 874/1046/1306
f 878/1048/1309 941/1106/1372 939/1103/1367 876/1045/2891
f 880/1050/1310 943/1108/1373 941/1106/1372 878/1048/1309
f 882/1052/1311 945/1110/1378 943/1108/1373 880/1050/1310
f 884/1053/1313 947/1112/1382 945/1110/1378 882/1052/1311
f 886/1054/1315 949/1114/1383 947/1112/1382 884/1053/1313
f 888/1055/1316 951/1116/1388 949/1114/1383 886/1054/1315
f 890/1057/1318 953/1118/1389 951/1116/1388 888/1055/1316
f 892/1059/2892 955/1120/1392 953/1118/1389 890/1057/1318
f 894/1060/1320 957/1122/1397 955/1120/1392 892/1059/2892
f 896/1062/1321 959/1124/1398 957/1122/1397 894/1060/1320
f 898/1064/1322 961/1126/1403 959/1124/1398 896/1062/1321
f 900/1066/1324 963/1128/1407 961/1126/1403 898/1064/1322
f 902/1068/1326 965/1130/1408 963/1128/1407 900/1066/1324
f 904/1070/1327 967/1132/1413 965/1130/1408 902/1068/1326
f 906/1072/1329 969/1134/1414 967/1132/1413 904/1070/1327
f 908/1073/2893 971/1137/1417 969/1136/1414 906/1074/1329
f 910/1076/1331 973/1140/1422 971/1137/1417 908/1073/2893
f 912/1077/1332 975/1142/1423 973/1140/1422 910/1076/1331
f 914/1078/1333 977/1144/1428 975/1142/1423 912/1077/1332
f 916/1080/1335 979/1146/1432 977/1144/1428 914/1078/1333
f 918/1082/1337 981/1148/1433 979/1146/1432 916/1080/1335
f 920/1083/1338 983/1150/2886 981/1148/1433 918/1082/1337
f 66/1946/2894 65/1947/2 921/1087/2895 924/1086/2896
f 65/1947/2 96/1948/2897 984/1151/2898 921/1087/2895
f 67/1949/4 66/1946/3 924/1086/1347 926/1089/1351
f 68/1950/5 67/1949/4 926/1089/1351 928/1091/2899
f 69/1951/6 68/1950/5 928/1091/2899 930/1093/1353
f 70/1952/7 69/1951/6 930/1093/1353 932/1095/2900
f 71/1953/8 70/1952/7 932/1095/2901 934/1097/1360
f 72/1954/9 71/1953/8 934/1097/1360 936/1099/2902
f 73/1955/10 72/1954/2903 936/1099/2902 938/1101/2904
f 74/1956/2905 73/1957/10 938/1105/2904 940/1104/2906
f 75/1958/12 74/1956/11 940/1104/1371 942/1107/1375
f 76/1959/13 75/1958/12 942/1107/1375 944/1109/2907
f 77/1960/14 76/1959/13 944/1109/2907 946/1111/1377
f 78/1961/15 77/1960/14 946/1111/1377 948/1113/2908
f 79/1962/16 78/1961/15 948/1113/2909 950/1115/1384
f 80/1963/17 79/1962/16 950/1115/1384 952/1117/2910
f 81/1964/18 80/1963/2911 952/1117/2910 954/1119/2912
f 82/1965/2913 81/1964/18 954/1119/2912 956/1121/2914
f 83/1966/20 82/1965/19 956/1121/1396 958/1123/1400
f 84/1967/21 83/1966/20 958/1123/1400 960/1125/2915
f 85/1968/22 84/1967/21 960/1125/2915 962/1127/1402
f 86/1969/23 85/1968/22 962/1127/1402 964/1129/2916
f 87/1970/24 86/1969/23 964/1129/2917 966/1131/1409
f 88/1971/25 87/1970/24 966/1131/1409 968/1133/2918
f 89/1972/26 88/1971/2919 968/1133/2918 970/1135/2920
f 90/1973/2921 89/1974/26 970/1139/2920 972/1138/2922
f 91/1975/28 90/1973/27 972/1138/1421 974/1141/1425
f 92/1976/29 91/1975/28 974/1141/1425 976/1143/2923
f 93/1977/30 92/1976/29 976/1143/2923 978/1145/1427
f 94/1978/31 93/1977/30 978/1145/1427 980/1147/2924
f 95/1979/32 94/1978/31 980/1147/2925 982/1149/1434
f 96/1948/33 95/1979/32 982/1149/1434 984/1151/2898
f 988/1218/2926 985/1197/2927 1787/691/2928 1786/690/2929
f 985/1197/2927 1012/1196/2930 1848/756/2931 1787/691/2928
f 998/1212/2932 988/1218/2926 1786/690/2933 1790/694/2934
f 992/1216/2935 989/1157/2936 1840/748/2937 1842/750/2938
f 989/1157/2936 1046/1156/2939 1838/746/2940 1840/748/2937
f 1000/1210/2941 992/1216/2935 1842/750/2938 1844/752/2942
f 996/1214/2943 993/1153/2944 1814/720/2945 1816/722/2946
f 993/1153/2944 1048/1152/2947 1812/718/2948 1814/720/2949
f 1002/1208/2950 996/1214/2943 1816/722/2951 1818/724/2952
f 1004/1206/2953 998/1212/2932 1790/694/2954 1792/696/2955
f 1006/1204/2956 1000/1210/2941 1844/752/2942 1846/754/2957
f 1008/1202/2958 1002/1208/2950 1818/724/2952 1820/726/2959
f 1010/1200/2960 1004/1206/2953 1792/696/2955 1794/698/2961
f 1012/1196/2930 1006/1204/2956 1846/754/2962 1848/756/2963
f 1014/1194/2964 1008/1202/2958 1820/726/2965 1822/728/2966
f 1016/1192/2967 1010/1200/2960 1794/698/2961 1796/700/2968
f 1018/1190/2969 1014/1194/2964 1822/728/2970 1824/730/2971
f 1020/1188/2972 1016/1192/2967 1796/700/2968 1798/702/2973
f 1022/1186/2974 1018/1190/2969 1824/730/2971 1826/732/2975
f 1024/1182/2976 1020/1188/2972 1798/702/2977 1800/704/2978
f 1026/1180/2979 1022/1186/2974 1826/732/2975 1828/734/2980
f 1028/1183/2981 1024/1182/2976 1800/704/2982 1802/706/2983
f 1030/1176/2984 1026/1180/2979 1828/734/2980 1830/736/2985
f 1032/1174/2986 1028/1178/2981 1802/709/2983 1804/708/2987
f 1034/1170/2988 1030/1176/2984 1830/736/2989 1832/738/2990
f 1036/1168/2991 1032/1174/2986 1804/708/2992 1806/712/2993
f 1038/1171/2994 1034/1170/2988 1832/738/2995 1834/740/2996
f 1040/1164/2997 1036/1168/2991 1806/712/2998 1808/714/2999
f 1042/1162/3000 1038/1166/2994 1834/743/2996 1836/742/3001
f 1044/1160/3002 1040/1164/2997 1808/714/2999 1810/716/3003
f 1046/1156/2939 1042/1162/3000 1836/742/3004 1838/746/3005
f 1048/1152/2947 1044/1160/3002 1810/716/3003 1812/718/2948
f 1119/389/495 1131/401/507 1125/1295/1627 1113/383/1609
f 1115/1980/1610 1118/388/1616 1124/394/500 1120/1289/496
f 1127/1293/503 1129/399/505 1116/386/492 1114/384/490
f 1134/404/510 1122/392/498 1117/387/493 1128/398/504
f 1121/1981/497 1123/393/499 1136/406/512 1132/1982/508
f 1133/1290/509 1135/405/511 1130/400/1631 1126/396/1629
f 1143/413/1638 1155/1983/531 1149/1303/3006 1137/407/1639
f 1139/1297/515 1142/412/518 1148/418/524 1144/1984/520
f 1151/1304/527 1153/423/3007 1140/410/516 1138/408/514
f 1158/428/534 1146/416/1643 1141/411/517 1152/422/528
f 1145/1298/521 1147/417/523 1160/430/536 1156/426/532
f 1157/1302/3008 1159/429/535 1154/424/530 1150/420/526
f 1167/1985/543 1179/1311/555 1173/443/549 1161/431/1671
f 1163/1306/539 1166/436/542 1172/442/548 1168/438/544
f 1175/445/1669 1177/447/3009 1164/434/540 1162/432/3010
f 1182/452/558 1170/440/546 1165/435/541 1176/446/1668
f 1169/1308/545 1171/441/547 1184/454/560 1180/450/556
f 1181/1986/557 1183/453/559 1178/448/554 1174/1314/550
f 1191/1317/567 1203/473/1686 1197/467/573 1185/455/1695
f 1187/1316/563 1190/460/566 1196/466/3011 1192/462/568
f 1199/469/1693 1201/471/3012 1188/458/1678 1186/456/562
f 1206/476/1687 1194/464/1681 1189/459/1698 1200/470/1692
f 1193/1987/1683 1195/465/1682 1208/478/584 1204/1988/580
f 1205/1319/581 1207/477/583 1202/472/578 1198/1989/574
f 1774/1898/3013 1209/1324/3014 1212/1325/3015 1775/1899/3016
f 1209/1324/3014 1222/1323/3017 1223/1326/3018 1212/1325/3015
f 1219/1344/3019 1232/1343/3020 1221/1322/3021 1210/1321/3022
f 1784/1908/3023 1219/1344/3019 1210/1321/3022 1773/1897/3024
f 1211/1328/3025 1224/1327/3026 103/66/3027 97/65/3028
f 1776/1900/3029 1211/1328/3025 97/65/3028 379/353/3030
f 381/355/3031 99/70/3032 1214/1329/2523 1777/1901/3033
f 99/70/3032 105/69/3034 1225/1330/1709 1214/1329/2523
f 1213/1332/3035 1226/1331/3036 1227/1334/3037 1216/1333/1712
f 1778/1902/3038 1213/1332/3035 1216/1333/3039 1779/1903/2509
f 1215/1990/3040 1228/1991/1714 1229/1338/3041 1218/1337/3042
f 1780/1992/3043 1215/1990/1715 1218/1337/3042 1781/1905/3044
f 1217/1340/1719 1230/1339/1718 106/72/3045 100/71/3046
f 1782/1906/2525 1217/1340/1719 100/71/3046 382/356/3047
f 384/358/3048 102/76/3049 1220/1341/3050 1783/1907/3051
f 102/76/3049 108/75/3052 1231/1342/3053 1220/1341/3050
f 1232/1343/3020 1244/1356/3054 1233/1345/3055 1221/1322/3056
f 1222/1323/3057 1234/1346/3058 1235/1347/3059 1223/1326/3018
f 1224/1327/3026 1236/1348/1729 109/77/3060 103/66/3027
f 105/69/3034 111/79/51 1237/1349/3061 1225/1330/1709
f 1226/1331/3062 1238/1350/3063 1239/1351/3064 1227/1334/1713
f 1228/1991/3065 1240/1993/3066 1241/1353/3067 1229/1338/3068
f 1230/1339/1718 1242/1354/3069 112/80/61 106/72/3045
f 108/75/3052 114/82/3070 1243/1355/1738 1231/1342/3053
f 1244/1356/3071 1256/1368/3072 1245/1357/3073 1233/1345/3074
f 1234/1346/3075 1246/1358/3076 1247/1359/3077 1235/1347/3078
f 1236/1348/1746 1248/1360/3079 115/83/3080 109/77/3060
f 111/79/3081 117/85/3082 1249/1361/3083 1237/1349/3061
f 1238/1350/3084 1250/1362/3085 1251/1363/3086 1239/1351/3087
f 1240/1993/3088 1252/1994/1753 1253/1365/3089 1241/1353/3090
f 1242/1354/3069 1254/1366/3091 118/86/3092 112/80/61
f 114/82/3070 120/88/3093 1255/1367/3094 1243/1355/1758
f 1256/1368/3072 1268/1380/3095 1257/1369/3096 1245/1357/3097
f 1246/1358/3098 1258/1370/3099 1259/1371/3100 1247/1359/3077
f 1248/1360/3079 1260/1372/1765 121/89/3101 115/83/3080
f 117/85/3082 123/91/3102 1261/1373/3103 1249/1361/3083
f 1250/1362/3085 1262/1374/3104 1263/1375/3105 1251/1363/3106
f 1252/1994/3107 1264/1995/3108 1265/1377/3109 1253/1365/3089
f 1254/1366/3091 1266/1378/3110 124/92/72 118/86/3092
f 120/88/3093 126/94/3111 1267/1379/3112 1255/1367/3094
f 1268/1380/3113 1280/1392/3114 1269/1381/3115 1257/1369/3096
f 1258/1370/3099 1270/1382/3116 1271/1383/3117 1259/1371/3118
f 1260/1372/3119 1272/1384/3120 127/95/3121 121/89/3101
f 123/91/70 129/97/3122 1273/1385/1785 1261/1373/3103
f 1262/1374/3104 1274/1386/3123 1275/1387/3124 1263/1375/3125
f 1264/1995/3126 1276/1996/1789 1277/1389/3127 1265/1377/3109
f 1266/1378/3110 1278/1390/3128 130/98/3129 124/92/72
f 126/94/3111 132/100/3130 1279/1391/3131 1267/1379/3112
f 1280/1392/3114 1292/1404/3132 1281/1393/3133 1269/1381/3134
f 1270/1382/3135 1282/1394/3136 1283/1395/3137 1271/1383/3117
f 1272/1384/3138 1284/1396/3139 133/101/3140 127/95/3141
f 129/97/3122 135/103/3142 1285/1397/1801 1273/1385/1785
f 1274/1386/3143 1286/1398/3144 1287/1399/3145 1275/1387/3146
f 1276/1996/3147 1288/1997/3148 1289/1401/3149 1277/1389/3150
f 1278/1390/3128 1290/1402/1808 136/104/3151 130/98/3129
f 132/100/3152 138/106/3153 1291/1403/3154 1279/1391/3155
f 1292/1404/3132 1304/1416/3156 1293/1405/3157 1281/1393/3133
f 1282/1394/3136 1294/1406/3158 1295/1407/3159 1283/1395/3137
f 1284/1396/3139 1296/1408/3160 139/107/3161 133/101/3162
f 135/103/3142 141/109/3163 1297/1409/3164 1285/1397/1801
f 1286/1398/3144 1298/1410/3165 1299/1411/3166 1287/1399/3167
f 1288/1997/3168 1300/1998/3169 1301/1413/3170 1289/1401/3149
f 1290/1402/1808 1302/1414/1838 142/110/3171 136/104/3151
f 138/106/3172 144/112/3173 1303/1415/3174 1291/1403/3154
f 1304/1416/3156 1316/1428/3175 1305/1417/3176 1293/1405/3177
f 1294/1406/3178 1306/1418/3179 1307/1419/3180 1295/1407/3159
f 1296/1408/3181 1308/1420/3182 145/113/3183 139/107/3184
f 141/109/3163 147/115/108 1309/1421/3185 1297/1409/3164
f 1298/1410/3186 1310/1422/3187 1311/1423/3188 1299/1411/3189
f 1300/1998/3190 1312/1999/3191 1313/1425/3192 1301/1413/3193
f 1302/1414/1838 1314/1426/3194 148/116/109 142/110/3171
f 144/112/3195 150/118/3196 1315/1427/3197 1303/1415/3198
f 1316/1428/3199 1328/1440/3200 1317/1429/3201 1305/1417/3176
f 1306/1418/3179 1318/1430/3202 1319/1431/3203 1307/1419/3204
f 1308/1420/3182 1320/1432/3205 151/119/3206 145/113/3183
f 147/115/108 153/121/3207 1321/1433/3208 1309/1421/3185
f 1310/1422/3187 1322/1434/3209 1323/1435/1852 1311/1423/1851
f 1312/1999/1854 1324/2000/1853 1325/1437/3210 1313/1425/3192
f 1314/1426/3194 1326/1438/3211 154/122/3212 148/116/3213
f 150/118/3196 156/124/3214 1327/1439/3215 1315/1427/1857
f 1328/1440/3200 1340/1452/3216 1329/1441/3217 1317/1429/3218
f 1318/1430/3219 1330/1442/3220 1331/1443/3221 1319/1431/3203
f 1320/1432/3205 1332/1444/1864 157/125/3222 151/119/3206
f 153/121/3207 159/127/127 1333/1445/1882 1321/1433/3208
f 1322/1434/3209 1334/1446/3223 1335/1447/3224 1323/1435/1852
f 1324/2000/3225 1336/2001/1870 1337/1449/3226 1325/1437/3210
f 1326/1438/3211 1338/1450/3227 160/128/3228 154/122/3212
f 156/124/3214 162/130/3229 1339/1451/1874 1327/1439/3215
f 1340/1452/3230 1352/1464/3231 1341/1453/3232 1329/1441/3233
f 1330/1442/3234 1342/1454/3235 1343/1455/3236 1331/1443/3237
f 1332/1444/1881 1344/1456/3238 163/131/3239 157/125/3240
f 159/127/137 165/133/3241 1345/1457/1903 1333/1445/1882
f 1334/1446/3242 1346/1458/3243 1347/1459/3244 1335/1447/3245
f 1336/2001/3246 1348/2002/1888 1349/1461/3247 1337/1449/3248
f 1338/1450/3227 1350/1462/1912 166/134/3249 160/128/129
f 162/130/3229 168/136/3250 1351/1463/3251 1339/1451/1894
f 1352/1464/3231 1364/1476/3252 1353/1465/3253 1341/1453/3254
f 1342/1454/3255 1354/1466/3256 1355/1467/3257 1343/1455/3236
f 1344/1456/3238 1356/1468/3258 169/137/3259 163/131/3239
f 165/133/3241 171/139/3260 1357/1469/1904 1345/1457/1903
f 1346/1458/3261 1358/1470/3262 1359/1471/3263 1347/1459/1887
f 1348/2002/3264 1360/2003/1908 1361/1473/3265 1349/1461/3266
f 1350/1462/1912 1362/1474/1911 172/140/3267 166/134/3249
f 168/136/3250 174/142/3268 1363/1475/3269 1351/1463/3251
f 1364/1476/3252 1376/1488/3270 1365/1477/3271 1353/1465/3253
f 1354/1466/3256 1366/1478/3272 1367/1479/3273 1355/1467/3257
f 1356/1468/3258 1368/1480/3274 175/143/3275 169/137/3259
f 171/139/3260 177/145/3276 1369/1481/1919 1357/1469/1904
f 1358/1470/3262 1370/1482/3277 1371/1483/3278 1359/1471/1907
f 1360/2003/3279 1372/2004/1922 1373/1485/3280 1361/1473/3265
f 1362/1474/1911 1374/1486/1924 178/146/3281 172/140/3267
f 174/142/3268 180/148/3282 1375/1487/3283 1363/1475/3269
f 1376/1488/3270 1388/1500/3284 1377/1489/3285 1365/1477/3286
f 1366/1478/3287 1378/1490/3288 1379/1491/3289 1367/1479/3273
f 1368/1480/3274 1380/1492/1933 181/149/3290 175/143/3275
f 177/145/3276 183/151/159 1381/1493/3291 1369/1481/1919
f 1370/1482/3292 1382/1494/3293 1383/1495/3294 1371/1483/1921
f 1372/2004/3295 1384/2005/3296 1385/1497/3297 1373/1485/3298
f 1374/1486/1924 1386/1498/3299 184/152/160 178/146/3281
f 180/148/3282 186/154/3300 1387/1499/1944 1375/1487/3283
f 1388/1500/3301 1400/1512/3302 1389/1501/3303 1377/1489/3304
f 1378/1490/3305 1390/1502/3306 1391/1503/3307 1379/1491/3308
f 1380/1492/1952 1392/1504/3309 187/155/3310 181/149/3290
f 183/151/3311 189/157/3312 1393/1505/3313 1381/1493/3291
f 1382/1494/3314 1394/1506/3315 1395/1507/3316 1383/1495/3317
f 1384/2005/3318 1396/2006/1959 1397/1509/3319 1385/1497/3320
f 1386/1498/3299 1398/1510/3321 190/158/3322 184/152/169
f 186/154/3323 192/160/3324 1399/1511/3325 1387/1499/1964
f 1400/1512/3302 1412/1524/3326 1401/1513/3327 1389/1501/3328
f 1390/1502/3329 1402/1514/3330 1403/1515/3331 1391/1503/3307
f 1392/1504/3309 1404/1516/1972 193/161/3332 187/155/3310
f 189/157/3312 195/163/3333 1405/1517/3334 1393/1505/3313
f 1394/1506/3315 1406/1518/3335 1407/1519/3336 1395/1507/3337
f 1396/2006/3338 1408/2007/3339 1409/1521/3340 1397/1509/3319
f 1398/1510/3321 1410/1522/3341 196/164/180 190/158/3322
f 192/160/3324 198/166/3342 1411/1523/3343 1399/1511/3325
f 1412/1524/3344 1424/1536/3345 1413/1525/3346 1401/1513/3327
f 1402/1514/3330 1414/1526/3347 1415/1527/3348 1403/1515/3349
f 1404/1516/3350 1416/1528/3351 199/167/3352 193/161/3332
f 195/163/178 201/169/3353 1417/1529/1992 1405/1517/3334
f 1406/1518/3335 1418/1530/3354 1419/1531/3355 1407/1519/3356
f 1408/2007/3357 1420/2008/3358 1421/1533/3359 1409/1521/3340
f 1410/1522/3341 1422/1534/3360 202/170/3361 196/164/180
f 198/166/3342 204/172/3362 1423/1535/3363 1411/1523/3343
f 1424/1536/3345 1436/1548/3364 1425/1537/3365 1413/1525/3366
f 1414/1526/3367 1426/1538/3368 1427/1539/3369 1415/1527/3348
f 1416/1528/3370 1428/1540/3371 205/173/3372 199/167/3373
f 201/169/3353 207/175/3374 1429/1541/2009 1417/1529/1992
f 1418/1530/3375 1430/1542/3376 1431/1543/3377 1419/1531/3378
f 1420/2008/3379 1432/2009/3380 1433/1545/3381 1421/1533/3382
f 1422/1534/3360 1434/1546/2015 208/176/3383 202/170/3361
f 204/172/3384 210/178/3385 1435/1547/3386 1423/1535/3387
f 1436/1548/3364 1448/1560/3388 1437/1549/3389 1425/1537/3365
f 1426/1538/3368 1438/1550/3390 1439/1551/3391 1427/1539/3369
f 1428/1540/3371 1440/1552/3392 211/179/3393 205/173/3394
f 207/175/3374 213/181/3395 1441/1553/2038 1429/1541/2009
f 1430/1542/3376 1442/1554/3396 1443/1555/3397 1431/1543/3398
f 1432/2009/3399 1444/2010/3400 1445/1557/3401 1433/1545/3381
f 1434/1546/2015 1446/1558/2046 214/182/3402 208/176/3383
f 210/178/3403 216/184/3404 1447/1559/3405 1435/1547/3386
f 1448/1560/3388 1460/1572/3406 1449/1561/3407 1437/1549/3408
f 1438/1550/3409 1450/1562/3410 1451/1563/3411 1439/1551/3391
f 1440/1552/3412 1452/1564/3413 217/185/3414 211/179/3415
f 213/181/3395 219/187/216 1453/1565/3416 1441/1553/2038
f 1442/1554/3417 1454/1566/3418 1455/1567/3419 1443/1555/3420
f 1444/2010/3421 1456/2011/3422 1457/1569/3423 1445/1557/3424
f 1446/1558/2046 1458/1570/3425 220/188/217 214/182/3402
f 216/184/3426 222/190/3427 1459/1571/3428 1447/1559/3429
f 1460/1572/3430 1472/1584/3431 1461/1573/3432 1449/1561/3407
f 1450/1562/3410 1462/1574/3433 1463/1575/3434 1451/1563/3435
f 1452/1564/3413 1464/1576/3436 223/191/3437 217/185/3414
f 219/187/216 225/193/3438 1465/1577/3439 1453/1565/3416
f 1454/1566/3418 1466/1578/3440 1467/1579/3441 1455/1567/2059
f 1456/2011/3442 1468/2012/2061 1469/1581/3443 1457/1569/3423
f 1458/1570/3425 1470/1582/3444 226/194/3445 220/188/217
f 222/190/3427 228/196/3446 1471/1583/3447 1459/1571/2065
f 1472/1584/3431 1484/1596/3448 1473/1585/3449 1461/1573/3450
f 1462/1574/3451 1474/1586/3452 1475/1587/3453 1463/1575/3434
f 1464/1576/3436 1476/1588/2072 229/197/3454 223/191/3455
f 225/193/3438 231/199/234 1477/1589/3456 1465/1577/3439
f 1466/1578/3440 1478/1590/3457 1479/1591/3458 1467/1579/2077
f 1468/2012/3459 1480/2013/3460 1481/1593/3461 1469/1581/3443
f 1470/1582/3444 1482/1594/3462 232/200/3463 226/194/3445
f 228/196/3446 234/202/3464 1483/1595/2084 1471/1583/3447
f 1484/1596/3465 1496/1608/3466 1485/1597/3467 1473/1585/3468
f 1474/1586/3469 1486/1598/3470 1487/1599/3471 1475/1587/3472
f 1476/1588/2091 1488/1600/3473 235/203/3474 229/197/3475
f 231/199/244 237/205/3476 1489/1601/3477 1477/1589/3456
f 1478/1590/3478 1490/1602/3479 1491/1603/3480 1479/1591/3481
f 1480/2013/3482 1492/2014/2097 1493/1605/3483 1481/1593/3484
f 1482/1594/3462 1494/1606/2121 238/206/3485 232/200/236
f 234/202/3464 240/208/3486 1495/1607/3487 1483/1595/2103
f 1496/1608/3466 1508/1620/3488 1497/1609/3489 1485/1597/3490
f 1486/1598/3491 1498/1610/3492 1499/1611/3493 1487/1599/3471
f 1488/1600/3473 1500/1612/3494 241/209/3495 235/203/3474
f 237/205/3476 243/211/3496 1501/1613/2113 1489/1601/3477
f 1490/1602/3497 1502/1614/3498 1503/1615/3499 1491/1603/2096
f 1492/2014/3500 1504/2015/2132 1505/1617/3501 1493/1605/3502
f 1494/1606/2121 1506/1618/2120 244/212/3503 238/206/3485
f 240/208/3486 246/214/3504 1507/1619/3505 1495/1607/3487
f 1508/1620/3488 1520/1632/3506 1509/1621/3507 1497/1609/3489
f 1498/1610/3492 1510/1622/3508 1511/1623/3509 1499/1611/3493
f 1500/1612/3494 1512/1624/3510 247/215/3511 241/209/3495
f 243/211/3496 249/217/3512 1513/1625/2128 1501/1613/2113
f 1502/1614/3498 1514/1626/3513 1515/1627/3514 1503/1615/2116
f 1504/2015/3515 1516/2016/2131 1517/1629/3516 1505/1617/3501
f 1506/1618/2120 1518/1630/2134 250/218/3517 244/212/3503
f 246/214/3504 252/220/3518 1519/1631/3519 1507/1619/3505
f 1520/1632/3506 1532/1644/3520 1521/1633/3521 1509/1621/3522
f 1510/1622/3523 1522/1634/3524 1523/1635/3525 1511/1623/3509
f 1512/1624/3510 1524/1636/2142 253/221/3526 247/215/3511
f 249/217/3512 255/223/266 1525/1637/3527 1513/1625/2128
f 1514/1626/3528 1526/1638/3529 1527/1639/3530 1515/1627/2130
f 1516/2016/3531 1528/2017/3532 1529/1641/3533 1517/1629/3534
f 1518/1630/2134 1530/1642/3535 256/224/267 250/218/3517
f 252/220/3518 258/226/3536 1531/1643/2153 1519/1631/3519
f 1532/1644/3537 1544/1656/3538 1533/1645/3539 1521/1633/3540
f 1522/1634/3541 1534/1646/3542 1535/1647/3543 1523/1635/3544
f 1524/1636/2160 1536/1648/3545 259/227/3546 253/221/3526
f 255/223/3547 261/229/3548 1537/1649/3549 1525/1637/3527
f 1526/1638/3550 1538/1650/3551 1539/1651/3552 1527/1639/3553
f 1528/2017/3554 1540/2018/2167 1541/1653/3555 1529/1641/3556
f 1530/1642/3535 1542/1654/3557 262/230/3558 256/224/276
f 258/226/3536 264/232/3559 1543/1655/3560 1531/1643/2172
f 1544/1656/3538 1556/1668/3561 1545/1657/3562 1533/1645/3563
f 1534/1646/3564 1546/1658/3565 1547/1659/3566 1535/1647/3543
f 1536/1648/3545 1548/1660/2179 265/233/3567 259/227/3546
f 261/229/3548 267/235/3568 1549/1661/3569 1537/1649/3549
f 1538/1650/3551 1550/1662/3570 1551/1663/3571 1539/1651/2166
f 1540/2018/3572 1552/2019/2185 1553/1665/3573 1541/1653/3555
f 1542/1654/3557 1554/1666/3574 268/236/287 262/230/3558
f 264/232/3559 270/238/3575 1555/1667/3576 1543/1655/3560
f 1556/1668/3577 1568/1680/3578 1557/1669/3579 1545/1657/3562
f 1546/1658/3565 1558/1670/3580 1559/1671/3581 1547/1659/3582
f 1548/1660/3583 1560/1672/3584 271/239/3585 265/233/3567
f 267/235/285 273/241/3586 1561/1673/2200 1549/1661/3569
f 1550/1662/3570 1562/1674/3587 1563/1675/3588 1551/1663/3589
f 1552/2019/3590 1564/2020/2204 1565/1677/3591 1553/1665/3573
f 1554/1666/3574 1566/1678/3592 274/242/3593 268/236/287
f 270/238/3575 276/244/3594 1567/1679/3595 1555/1667/3576
f 1568/1680/3578 1580/1692/3596 1569/1681/3597 1557/1669/3598
f 1558/1670/3599 1570/1682/3600 1571/1683/3601 1559/1671/3581
f 1560/1672/3602 1572/1684/3603 277/245/3604 271/239/3605
f 273/241/3586 279/247/3606 1573/1685/2217 1561/1673/2200
f 1562/1674/3607 1574/1686/3608 1575/1687/3609 1563/1675/3610
f 1564/2020/3611 1576/2021/3612 1577/1689/3613 1565/1677/3614
f 1566/1678/3592 1578/1690/2224 280/248/3615 274/242/3593
f 276/244/3616 282/250/3617 1579/1691/3618 1567/1679/3619
f 1580/1692/3596 1592/1704/3620 1581/1693/3621 1569/1681/3597
f 1570/1682/3600 1582/1694/3622 1583/1695/3623 1571/1683/3601
f 1572/1684/3603 1584/1696/3624 283/251/3625 277/245/3626
f 279/247/3606 285/253/3627 1585/1697/3628 1573/1685/2217
f 1574/1686/3608 1586/1698/3629 1587/1699/3630 1575/1687/3631
f 1576/2021/3632 1588/2022/3633 1589/1701/3634 1577/1689/3613
f 1578/1690/2224 1590/1702/2255 286/254/3635 280/248/3615
f 282/250/3636 288/256/3637 1591/1703/3638 1579/1691/3618
f 1592/1704/3620 1604/1716/3639 1593/1705/3640 1581/1693/3641
f 1582/1694/3642 1594/1706/3643 1595/1707/3644 1583/1695/3623
f 1584/1696/3645 1596/1708/3646 289/257/3647 283/251/3648
f 285/253/3627 291/259/323 1597/1709/3649 1585/1697/3628
f 1586/1698/3650 1598/1710/3651 1599/1711/3652 1587/1699/2249
f 1588/2022/3653 1600/2023/3654 1601/1713/3655 1589/1701/3656
f 1590/1702/2255 1602/1714/3657 292/260/324 286/254/3635
f 288/256/3658 294/262/3659 1603/1715/3660 1591/1703/3661
f 1604/1716/3662 1616/1728/3663 1605/1717/3664 1593/1705/3640
f 1594/1706/3643 1606/1718/3665 1607/1719/3666 1595/1707/3667
f 1596/1708/2263 1608/1720/3668 295/263/3669 289/257/3647
f 291/259/323 297/265/3670 1609/1721/3671 1597/1709/3649
f 1598/1710/3651 1610/1722/3672 1611/1723/3673 1599/1711/2267
f 1600/2023/3674 1612/2024/2269 1613/1725/3675 1601/1713/3655
f 1602/1714/3657 1614/1726/3676 298/266/3677 292/260/3678
f 294/262/3659 300/268/3679 1615/1727/3680 1603/1715/2272
f 1616/1728/3663 1628/1740/3681 1617/1729/3682 1605/1717/3683
f 1606/1718/3684 1618/1730/3685 1619/1731/3686 1607/1719/3666
f 1608/1720/3668 1620/1732/2279 301/269/3687 295/263/3688
f 297/265/3670 303/271/342 1621/1733/2299 1609/1721/3671
f 1610/1722/3672 1622/1734/3689 1623/1735/3690 1611/1723/2268
f 1612/2024/3691 1624/2025/3692 1625/1737/3693 1613/1725/3675
f 1614/1726/3676 1626/1738/2310 304/272/3694 298/266/3677
f 300/268/3679 306/274/3695 1627/1739/2290 1615/1727/3680
f 1628/1740/3696 1640/1752/3697 1629/1741/3698 1617/1729/3699
f 1618/1730/3700 1630/1742/3701 1631/1743/3702 1619/1731/3703
f 1620/1732/2298 1632/1744/3704 307/275/3705 301/269/3706
f 303/271/342 309/277/3707 1633/1745/2320 1621/1733/2299
f 1622/1734/3708 1634/1746/3709 1635/1747/3710 1623/1735/3711
f 1624/2025/3692 1636/2026/2305 1637/1749/3712 1625/1737/3713
f 1626/1738/2310 1638/1750/2328 310/278/3714 304/272/344
f 306/274/3695 312/280/3715 1639/1751/3716 1627/1739/2311
f 1640/1776/3697 1652/1775/3717 1641/1754/3718 1629/1753/3719
f 1630/1756/3720 1642/1755/3721 1643/1758/3722 1631/1757/3702
f 1632/1760/3704 1644/1759/3723 313/282/3724 307/281/3705
f 309/286/3707 315/285/3725 1645/1762/2321 1633/1761/2320
f 1634/1764/3726 1646/1763/3727 1647/1766/3728 1635/1765/2304
f 1636/2027/3729 1648/2028/2325 1649/1770/3730 1637/1769/3731
f 1638/1772/2328 1650/1771/2327 316/288/3732 310/287/3714
f 312/292/3715 318/291/3733 1651/1774/3734 1639/1773/3716
f 1652/1775/3717 1664/1788/3735 1653/1777/3736 1641/1754/3718
f 1642/1755/3721 1654/1778/3737 1655/1779/3738 1643/1758/3722
f 1644/1759/3723 1656/1780/3739 319/293/3740 313/282/3724
f 315/285/3725 321/295/3741 1657/1781/2336 1645/1762/2321
f 1646/1763/3727 1658/1782/3742 1659/1783/3743 1647/1766/2324
f 1648/2028/3744 1660/2029/2339 1661/1785/3745 1649/1770/3730
f 1650/1771/2327 1662/1786/2341 322/296/3746 316/288/3732
f 318/291/3733 324/298/3747 1663/1787/3748 1651/1774/3734
f 1664/1788/3735 1676/1800/3749 1665/1789/3750 1653/1777/3751
f 1654/1778/3752 1666/1790/3753 1667/1791/3754 1655/1779/3738
f 1656/1780/3739 1668/1792/2349 325/299/3755 319/293/3740
f 321/295/3741 327/301/374 1669/1793/3756 1657/1781/2336
f 1658/1782/3757 1670/1794/3758 1671/1795/3759 1659/1783/2338
f 1660/2029/3760 1672/2030/3761 1673/1797/3762 1661/1785/3763
f 1662/1786/2341 1674/1798/3764 328/302/384 322/296/3746
f 324/298/3747 330/304/3765 1675/1799/2359 1663/1787/3748
f 1676/1800/3766 1688/1812/3767 1677/1801/3768 1665/1789/3769
f 1666/1790/3770 1678/1802/3771 1679/1803/3772 1667/1791/3773
f 1668/1792/2367 1680/1804/3774 331/305/3775 325/299/3755
f 327/301/3776 333/307/3777 1681/1805/3778 1669/1793/3756
f 1670/1794/3779 1682/1806/3780 1683/1807/3781 1671/1795/3782
f 1672/2030/3783 1684/2031/2374 1685/1809/3784 1673/1797/3785
f 1674/1798/3764 1686/1810/3786 334/308/3787 328/302/384
f 330/304/3788 336/310/3789 1687/1811/3790 1675/1799/2379
f 1688/1812/3767 1700/1824/3791 1689/1813/3792 1677/1801/3793
f 1678/1802/3794 1690/1814/3795 1691/1815/3796 1679/1803/3772
f 1680/1804/3774 1692/1816/2386 337/311/3797 331/305/3775
f 333/307/3777 339/313/3798 1693/1817/3799 1681/1805/3778
f 1682/1806/3780 1694/1818/3800 1695/1819/3801 1683/1807/2373
f 1684/2031/3802 1696/2032/3803 1697/1821/3804 1685/1809/3784
f 1686/1810/3786 1698/1822/3805 340/314/395 334/308/3787
f 336/310/3806 342/316/3807 1699/1823/3808 1687/1811/3790
f 1700/1824/3809 1712/1836/3810 1701/1825/3811 1689/1813/3792
f 1690/1814/3795 1702/1826/3812 1703/1827/3813 1691/1815/3814
f 1692/1816/3815 1704/1828/3816 343/317/3817 337/311/3797
f 339/313/393 345/319/3818 1705/1829/2405 1693/1817/3799
f 1694/1818/3800 1706/1830/3819 1707/1831/3820 1695/1819/3821
f 1696/2032/3822 1708/2033/2408 1709/1833/3823 1697/1821/3804
f 1698/1822/3805 1710/1834/3824 346/320/3825 340/314/395
f 342/316/3807 348/322/3826 1711/1835/3827 1699/1823/3808
f 1712/1836/3810 1724/1848/3828 1713/1837/3829 1701/1825/3830
f 1702/1826/3831 1714/1838/3832 1715/1839/3833 1703/1827/3813
f 1704/1828/3834 1716/1840/3835 349/323/3836 343/317/3837
f 345/319/3818 351/325/3838 1717/1841/2420 1705/1829/2405
f 1706/1830/3839 1718/1842/3840 1719/1843/3841 1707/1831/3842
f 1708/2033/3843 1720/2034/3844 1721/1845/3845 1709/1833/3846
f 1710/1834/3824 1722/1846/2427 352/326/3847 346/320/3825
f 348/322/3848 354/328/3849 1723/1847/3850 1711/1835/3851
f 1724/1848/3828 1736/1860/3852 1725/1849/3853 1713/1837/3829
f 1714/1838/3832 1726/1850/3854 1727/1851/3855 1715/1839/3833
f 1716/1840/3835 1728/1852/3856 355/329/3857 349/323/3858
f 351/325/3838 357/331/3859 1729/1853/2450 1717/1841/2420
f 1718/1842/3840 1730/1854/3860 1731/1855/3861 1719/1843/3862
f 1720/2034/3863 1732/2035/3864 1733/1857/3865 1721/1845/3845
f 1722/1846/2427 1734/1858/2458 358/332/3866 352/326/3847
f 354/328/3867 360/334/3868 1735/1859/3869 1723/1847/3850
f 1736/1860/3852 1748/1872/3870 1737/1861/3871 1725/1849/3872
f 1726/1850/3873 1738/1862/3874 1739/1863/3875 1727/1851/3855
f 1728/1852/3876 1740/1864/3877 361/335/3878 355/329/3879
f 357/331/3859 363/337/431 1741/1865/3880 1729/1853/2450
f 1730/1854/3881 1742/1866/3882 1743/1867/3883 1731/1855/3884
f 1732/2035/3885 1744/2036/3886 1745/1869/3887 1733/1857/3888
f 1734/1858/2458 1746/1870/3889 364/338/432 358/332/3866
f 360/334/3890 366/340/3891 1747/1871/3892 1735/1859/3893
f 1748/1872/3894 1760/1884/3895 1749/1873/3896 1737/1861/3871
f 1738/1862/3874 1750/1874/3897 1751/1875/3898 1739/1863/3899
f 1740/1864/3877 1752/1876/3900 367/341/3901 361/335/3878
f 363/337/431 369/343/3902 1753/1877/3903 1741/1865/3880
f 1742/1866/3882 1754/1878/3904 1755/1879/3905 1743/1867/2471
f 1744/2036/3906 1756/2037/2473 1757/1881/3907 1745/1869/3887
f 1746/1870/3889 1758/1882/3908 370/344/3909 364/338/3910
f 366/340/3891 372/346/3911 1759/1883/3912 1747/1871/2477
f 1760/1884/3895 1772/1896/3913 1761/1885/3914 1749/1873/3915
f 1750/1874/3916 1762/1886/3917 1763/1887/3918 1751/1875/3898
f 1752/1876/3900 1764/1888/2484 373/347/3919 367/341/3920
f 369/343/3902 375/349/450 1765/1889/3921 1753/1877/3903
f 1754/1878/3904 1766/1890/3922 1767/1891/3923 1755/1879/2489
f 1756/2037/3924 1768/2038/3925 1769/1893/3926 1757/1881/3907
f 1758/1882/3908 1770/1894/3927 376/350/3928 370/344/3909
f 372/346/3911 378/352/3929 1771/1895/2496 1759/1883/3912
f 1772/1896/3930 1784/1908/3023 1773/1897/3931 1761/1885/3932
f 1762/1886/3933 1774/1898/3934 1775/1899/3016 1763/1887/3935
f 1764/1888/2503 1776/1900/3029 379/353/3030 373/347/3936
f 375/349/450 381/355/3031 1777/1901/3033 1765/1889/3921
f 1766/1890/3937 1778/1902/3938 1779/1903/3939 1767/1891/3940
f 1768/2038/3941 1780/1992/2510 1781/1905/3942 1769/1893/3943
f 1770/1894/3927 1782/1906/2525 382/356/3047 376/350/452
f 378/352/3929 384/358/3048 1783/1907/3051 1771/1895/2516
f 34/2039/1 33/2040/1 1785/693/832 1788/692/3944
f 33/2040/1 35/2041/1 1789/695/834 1785/693/832
f 64/2042/1 34/2039/1 1788/692/3944 1847/757/3945
f 35/2041/1 36/2043/1 1791/697/3946 1789/695/834
f 36/2043/1 37/2044/1 1793/699/3947 1791/697/3946
f 37/2044/1 38/2045/1 1795/701/3948 1793/699/3949
f 38/2045/1 39/2046/1 1797/703/848 1795/701/3948
f 39/2046/1 40/2047/1 1799/705/852 1797/703/848
f 40/2047/1 41/2048/1 1801/707/853 1799/705/852
f 41/2049/1 42/2050/1 1803/711/3950 1801/710/853
f 42/2050/1 43/2051/1 1805/713/3951 1803/711/3952
f 43/2051/1 44/2052/1 1807/715/3953 1805/713/3951
f 44/2052/1 45/2053/1 1809/717/3954 1807/715/3953
f 45/2053/1 46/2054/1 1811/719/3955 1809/717/3956
f 46/2054/1 47/2055/1 1813/721/3957 1811/719/3955
f 47/2055/1 48/2056/1 1815/723/3958 1813/721/3957
f 48/2056/1 49/2057/1 1817/725/3959 1815/723/3958
f 49/2057/1 50/2058/1 1819/727/3960 1817/725/3959
f 50/2058/1 51/2059/1 1821/729/885 1819/727/3960
f 51/2059/1 52/2060/1 1823/731/3961 1821/729/885
f 52/2060/1 53/2061/1 1825/733/3962 1823/731/3961
f 53/2061/1 54/2062/1 1827/735/3963 1825/733/3964
f 54/2062/1 55/2063/1 1829/737/893 1827/735/891
f 55/2063/1 56/2064/1 1831/739/897 1829/737/896
f 56/2064/1 57/2065/1 1833/741/902 1831/739/897
f 57/2066/1 58/2067/1 1835/745/903 1833/744/902
f 58/2067/1 59/2068/1 1837/747/909 1835/745/903
f 59/2068/1 60/2069/1 1839/749/910 1837/747/909
f 60/2069/1 61/2070/1 1841/751/3965 1839/749/910
f 61/2070/1 62/2071/1 1843/753/3966 1841/751/3967
f 62/2071/1 63/2072/1 1845/755/3968 1843/753/3966
f 63/2072/1 64/2042/1 1847/757/3945 1845/755/3968
