# Blender 5.0.1
# www.blender.org
mtllib Crusher_stroj.mtl
o Cube
v 0.000000 0.050000 1.969326
v 0.000000 0.000000 1.919327
v 0.000000 0.715186 1.919327
v 0.000000 0.665186 1.969326
v 0.000000 0.000000 -1.919327
v 0.000000 0.050000 -1.969326
v 0.000000 0.665186 -1.969326
v 0.000000 0.715186 -1.919327
v 3.265141 0.000000 1.919327
v 3.315141 0.050000 1.919068
v 3.265141 0.050000 1.969326
v 3.315141 0.715186 1.919057
v 3.265141 0.715186 1.969326
v 3.265141 0.050000 -1.969326
v 3.315141 0.050000 -1.919068
v 3.265141 0.000000 -1.919327
v 3.265141 0.715186 -1.969326
v 3.315141 0.715186 -1.919057
v 2.400000 0.050000 -1.969326
v 2.400000 0.000000 -1.919327
v 2.350000 0.715186 -1.919327
v 2.400000 0.765186 -1.911381
v 2.450000 0.665721 -1.972947
v 2.400000 0.050000 1.969326
v 2.400000 0.000000 1.919327
v 2.450000 0.665721 1.972947
v 2.400000 0.765186 1.911381
v 2.350000 0.715186 1.919327
v 2.400000 3.526898 -1.069403
v 2.450000 3.576898 -1.036810
v 2.450000 3.545847 -1.126000
v 2.400000 3.138041 -1.560185
v 2.450000 3.195991 -1.567559
v 2.450000 3.115479 -1.614069
v 3.315141 3.137804 -1.560485
v 3.265141 3.115479 -1.614069
v 3.265141 3.195991 -1.567559
v 3.265141 3.576898 -1.036810
v 3.315141 3.526898 -1.069403
v 3.265141 3.545847 -1.126000
v 3.315141 3.526898 1.069403
v 3.265141 3.576898 1.036810
v 3.265141 3.545847 1.126000
v 3.315141 3.137804 1.560485
v 3.265141 3.195991 1.567559
v 3.265141 3.115479 1.614069
v 2.400000 3.138041 1.560185
v 2.450000 3.115479 1.614069
v 2.450000 3.195991 1.567559
v 2.450000 3.576898 1.036810
v 2.400000 3.526898 1.069403
v 2.450000 3.545847 1.126000
v -3.265141 0.000000 1.919327
v -3.265141 0.050000 1.969326
v -3.315141 0.050000 1.919068
v -3.265141 0.715186 1.969326
v -3.315141 0.715186 1.919057
v -3.265141 0.050000 -1.969326
v -3.265141 0.000000 -1.919327
v -3.315141 0.050000 -1.919068
v -3.315141 0.715186 -1.919057
v -3.265141 0.715186 -1.969326
v -2.400000 0.000000 -1.919327
v -2.400000 0.050000 -1.969326
v -2.450000 0.665721 -1.972947
v -2.400000 0.765186 -1.911381
v -2.350000 0.715186 -1.919327
v -2.400000 0.000000 1.919327
v -2.400000 0.050000 1.969326
v -2.350000 0.715186 1.919327
v -2.400000 0.765186 1.911381
v -2.450000 0.665721 1.972947
v -2.400000 3.526898 -1.069403
v -2.450000 3.545847 -1.126000
v -2.450000 3.576898 -1.036810
v -2.400000 3.138041 -1.560185
v -2.450000 3.115479 -1.614069
v -2.450000 3.195991 -1.567559
v -3.315141 3.137804 -1.560485
v -3.265141 3.195991 -1.567559
v -3.265141 3.115479 -1.614069
v -3.265141 3.576898 -1.036810
v -3.265141 3.545847 -1.126000
v -3.315141 3.526898 -1.069403
v -3.315141 3.526898 1.069403
v -3.265141 3.545847 1.126000
v -3.265141 3.576898 1.036810
v -3.315141 3.137804 1.560485
v -3.265141 3.115479 1.614069
v -3.265141 3.195991 1.567559
v -2.400000 3.138041 1.560185
v -2.450000 3.195991 1.567559
v -2.450000 3.115479 1.614069
v -2.450000 3.576898 1.036810
v -2.450000 3.545847 1.126000
v -2.400000 3.526898 1.069403
vn 0.5793 -0.5764 0.5764
vn 0.5793 -0.5764 -0.5764
vn -0.2675 0.4063 -0.8737
vn -0.2675 0.4063 0.8737
vn -0.5897 0.7627 -0.2655
vn -0.5775 0.4084 -0.7069
vn 0.5760 0.4089 -0.7078
vn 0.5897 0.7627 -0.2655
vn 0.5897 0.7627 0.2655
vn 0.5760 0.4089 0.7078
vn -0.5775 0.4084 0.7069
vn -0.5897 0.7627 0.2655
vn -0.5793 -0.5764 0.5764
vn -0.5793 -0.5764 -0.5764
vn 0.2675 0.4063 -0.8737
vn 0.2675 0.4063 0.8737
vn 0.5775 0.4084 -0.7069
vn -0.5760 0.4089 -0.7078
vn -0.5760 0.4089 0.7078
vn 0.5775 0.4084 0.7069
vn -0.0000 -0.7071 -0.7071
vn 0.7090 -0.0000 -0.7052
vn 0.7071 -0.7071 -0.0000
vn 0.7090 -0.0000 0.7052
vn -0.0000 -0.7071 0.7071
vn -0.0006 0.7211 0.6928
vn -0.0006 0.7211 -0.6928
vn -0.7071 0.7071 -0.0000
vn -0.7071 0.5542 -0.4391
vn -0.0000 0.9444 -0.3288
vn 0.7071 0.5542 -0.4391
vn -0.0000 0.5002 -0.8659
vn 0.7071 0.5542 0.4391
vn -0.0000 0.9444 0.3288
vn -0.7071 0.5542 0.4391
vn -0.0000 0.5002 0.8659
vn 0.7052 0.1038 -0.7014
vn -0.6942 0.1049 -0.7121
vn 0.7071 0.7071 -0.0000
vn -0.6942 0.1049 0.7121
vn 0.7052 0.1038 0.7014
vn -0.7090 -0.0000 -0.7052
vn -0.7071 -0.7071 -0.0000
vn -0.7090 -0.0000 0.7052
vn 0.0006 0.7211 0.6928
vn 0.0006 0.7211 -0.6928
vn -0.7052 0.1038 -0.7014
vn 0.6942 0.1049 -0.7121
vn 0.6942 0.1049 0.7121
vn -0.7052 0.1038 0.7014
vn -0.0000 -1.0000 -0.0000
vn 0.0007 -0.0029 1.0000
vn -0.0007 -0.0029 1.0000
vn -0.0000 1.0000 -0.0000
vn -0.0007 -0.0029 -1.0000
vn 0.0007 -0.0029 -1.0000
vn 1.0000 -0.0000 -0.0000
vn 0.0022 -0.0029 1.0000
vn -0.0022 0.1457 0.9893
vn 0.0022 -0.0029 -1.0000
vn -0.0022 0.1457 -0.9893
vn -1.0000 -0.0000 -0.0000
vn -0.0000 0.7838 -0.6210
vn -0.0000 0.7838 0.6210
vn -0.0022 -0.0029 1.0000
vn 0.0022 0.1457 0.9893
vn -0.0022 -0.0029 -1.0000
vn 0.0022 0.1457 -0.9893
vt 0.343712 0.719392
vt 0.343582 0.725780
vt 0.338703 0.722360
vt 0.539993 0.713052
vt 0.535335 0.716216
vt 0.535296 0.709750
vt 0.613037 0.654779
vt 0.613037 0.658073
vt 0.609779 0.660268
vt 0.262672 0.660268
vt 0.256869 0.660268
vt 0.256944 0.654779
vt 0.059272 0.843262
vt 0.061419 0.846555
vt 0.055544 0.844510
vt 0.594691 0.922882
vt 0.591415 0.923667
vt 0.591858 0.920566
vt 0.535629 0.914431
vt 0.541308 0.913348
vt 0.539071 0.918429
vt 0.503474 0.944168
vt 0.504220 0.938852
vt 0.509239 0.941854
vt 0.370240 0.939536
vt 0.371040 0.944844
vt 0.365251 0.942590
vt 0.338583 0.915437
vt 0.335182 0.919470
vt 0.332893 0.914412
vt 0.279610 0.924491
vt 0.282420 0.922146
vt 0.282894 0.925242
vt 0.197995 0.846555
vt 0.200141 0.843262
vt 0.203869 0.844510
vt 0.343712 0.280608
vt 0.338703 0.277640
vt 0.343582 0.274220
vt 0.539993 0.286948
vt 0.535296 0.290250
vt 0.535335 0.283784
vt 0.609779 0.339732
vt 0.613037 0.341927
vt 0.613037 0.345221
vt 0.256944 0.345221
vt 0.256869 0.339732
vt 0.262672 0.339732
vt 0.059272 0.156738
vt 0.055544 0.155490
vt 0.061419 0.153445
vt 0.594691 0.077118
vt 0.591858 0.079434
vt 0.591415 0.076333
vt 0.535629 0.085569
vt 0.539071 0.081571
vt 0.541308 0.086652
vt 0.503474 0.055832
vt 0.509239 0.058146
vt 0.504220 0.061148
vt 0.370240 0.060464
vt 0.365251 0.057410
vt 0.371040 0.055156
vt 0.338583 0.084563
vt 0.332893 0.085588
vt 0.335182 0.080530
vt 0.279610 0.075509
vt 0.282894 0.074758
vt 0.282420 0.077854
vt 0.197995 0.153445
vt 0.203869 0.155490
vt 0.200142 0.156738
vt 0.562639 0.658073
vt 0.562639 0.500000
vt 0.569225 0.500000
vt 0.569514 0.659567
vt 0.556544 0.762448
vt 0.562927 0.760970
vt 0.309910 0.762223
vt 0.316116 0.763676
vt 0.309812 0.658073
vt 0.303166 0.659582
vt 0.256121 0.500000
vt 0.262707 0.500000
vt 0.613037 0.500000
vt 0.609744 0.500000
vt 0.309812 0.500000
vt 0.303225 0.500000
vt 0.003293 0.654779
vt 0.003816 0.661366
vt 0.026947 0.817651
vt 0.026462 0.821467
vt 0.539199 0.984284
vt 0.541644 0.982326
vt 0.335727 0.985323
vt 0.333262 0.983390
vt 0.232466 0.817651
vt 0.232952 0.821467
vt 0.615932 0.774129
vt 0.613782 0.767025
vt 0.258928 0.768838
vt 0.256851 0.775963
vt 0.569514 0.340433
vt 0.562639 0.341927
vt 0.562927 0.239030
vt 0.556544 0.237552
vt 0.316116 0.236324
vt 0.309910 0.237777
vt 0.303166 0.340418
vt 0.309812 0.341927
vt 0.003816 0.338634
vt 0.003293 0.345221
vt 0.026462 0.178533
vt 0.026947 0.182349
vt 0.541644 0.017674
vt 0.539199 0.015716
vt 0.333262 0.016610
vt 0.335727 0.014677
vt 0.232952 0.178533
vt 0.232466 0.182349
vt 0.613782 0.232975
vt 0.615932 0.225871
vt 0.256851 0.224037
vt 0.258928 0.231162
vt 0.003293 0.500000
vt 0.263891 0.701704
vt 0.614489 0.701145
vt 0.569192 0.960269
vt 0.502471 0.996189
vt 0.372575 0.996852
vt 0.305490 0.961616
vt 0.263891 0.298295
vt 0.614489 0.298855
vt 0.569192 0.039731
vt 0.372575 0.003148
vt 0.502471 0.003811
vt 0.305490 0.038384
s 0
f 9/1/1 10/2/1 11/3/1
f 14/4/2 15/5/2 16/6/2
f 21/7/3 22/8/3 23/9/3
f 26/10/4 27/11/4 28/12/4
f 29/13/5 30/14/5 31/15/5
f 32/16/6 33/17/6 34/18/6
f 35/19/7 36/20/7 37/21/7
f 38/22/8 39/23/8 40/24/8
f 41/25/9 42/26/9 43/27/9
f 44/28/10 45/29/10 46/30/10
f 47/31/11 48/32/11 49/33/11
f 50/34/12 51/35/12 52/36/12
f 53/37/13 54/38/13 55/39/13
f 58/40/14 59/41/14 60/42/14
f 65/43/15 66/44/15 67/45/15
f 70/46/16 71/47/16 72/48/16
f 73/49/8 74/50/8 75/51/8
f 76/52/17 77/53/17 78/54/17
f 79/55/18 80/56/18 81/57/18
f 82/58/5 83/59/5 84/60/5
f 85/61/12 86/62/12 87/63/12
f 88/64/19 89/65/19 90/66/19
f 91/67/20 92/68/20 93/69/20
f 94/70/9 95/71/9 96/72/9
f 20/73/21 5/74/21 6/75/21 19/76/21
f 18/77/22 15/5/22 14/4/22 17/78/22
f 9/1/23 16/6/23 15/5/23 10/2/23
f 13/79/24 11/3/24 10/2/24 12/80/24
f 25/81/25 9/1/25 11/3/25 24/82/25
f 28/12/26 3/83/26 4/84/26 26/10/26
f 16/6/21 20/73/21 19/76/21 14/4/21
f 8/85/27 21/7/27 23/9/27 7/86/27
f 2/87/25 25/81/25 24/82/25 1/88/25
f 21/89/28 28/12/28 27/11/28 22/90/28
f 32/91/29 29/13/29 31/15/29 33/92/29
f 30/93/30 38/22/30 40/24/30 31/94/30
f 39/23/31 35/19/31 37/21/31 40/24/31
f 36/20/32 34/18/32 33/17/32 37/21/32
f 44/28/33 41/25/33 43/27/33 45/29/33
f 42/26/34 50/95/34 52/96/34 43/27/34
f 51/35/35 47/97/35 49/98/35 52/36/35
f 48/32/36 46/30/36 45/29/36 49/33/36
f 35/19/37 18/77/37 17/78/37 36/20/37
f 22/99/38 32/16/38 34/18/38 23/100/38
f 41/25/39 39/23/39 38/22/39 42/26/39
f 29/13/28 51/35/28 50/34/28 30/14/28
f 26/101/40 48/32/40 47/31/40 27/102/40
f 46/30/41 13/79/41 12/80/41 44/28/41
f 64/103/21 6/75/21 5/74/21 63/104/21
f 62/105/42 58/40/42 60/42/42 61/106/42
f 55/39/43 60/42/43 59/41/43 53/37/43
f 57/107/44 55/39/44 54/38/44 56/108/44
f 69/109/25 54/38/25 53/37/25 68/110/25
f 72/48/45 4/84/45 3/83/45 70/46/45
f 58/40/21 64/103/21 63/104/21 59/41/21
f 7/86/46 65/43/46 67/45/46 8/85/46
f 1/88/25 69/109/25 68/110/25 2/87/25
f 66/111/39 71/47/39 70/46/39 67/112/39
f 78/113/31 74/50/31 73/49/31 76/114/31
f 74/115/30 83/59/30 82/58/30 75/116/30
f 83/59/29 80/56/29 79/55/29 84/60/29
f 80/56/32 78/54/32 77/53/32 81/57/32
f 90/66/35 86/62/35 85/61/35 88/64/35
f 86/62/34 95/117/34 94/118/34 87/63/34
f 95/71/33 92/119/33 91/120/33 96/72/33
f 92/68/36 90/66/36 89/65/36 93/69/36
f 81/57/47 62/105/47 61/106/47 79/55/47
f 65/121/48 77/53/48 76/52/48 66/122/48
f 87/63/28 82/58/28 84/60/28 85/61/28
f 75/51/39 94/70/39 96/72/39 73/49/39
f 71/123/49 91/67/49 93/69/49 72/124/49
f 88/64/50 57/107/50 56/108/50 89/65/50
f 5/74/51 2/87/51 68/110/51 63/104/51
f 5/74/51 20/73/51 25/81/51 2/87/51
f 69/109/52 1/88/52 4/84/52 72/48/52
f 24/82/53 26/10/53 4/84/53 1/88/53
f 67/112/54 70/46/54 3/83/54 8/125/54
f 21/89/54 8/125/54 3/83/54 28/12/54
f 6/75/55 7/86/55 23/9/55 19/76/55
f 6/75/56 64/103/56 65/43/56 7/86/56
f 20/73/51 16/6/51 9/1/51 25/81/51
f 15/5/57 18/77/57 12/80/57 10/2/57
f 11/3/58 13/79/58 26/126/58 24/82/58
f 12/80/57 18/77/57 35/19/57 39/23/57 41/25/57 44/28/57
f 26/101/59 13/79/59 46/30/59 48/32/59
f 19/76/60 23/127/60 17/78/60 14/4/60
f 17/78/61 23/100/61 34/18/61 36/20/61
f 22/90/62 27/11/62 47/97/62 51/35/62 29/13/62 32/91/62
f 31/94/63 40/24/63 37/21/63 33/128/63
f 38/22/54 30/129/54 50/130/54 42/26/54
f 43/27/64 52/96/64 49/131/64 45/29/64
f 63/104/51 68/110/51 53/37/51 59/41/51
f 60/42/62 55/39/62 57/107/62 61/106/62
f 54/38/65 69/109/65 72/132/65 56/108/65
f 57/107/62 88/64/62 85/61/62 84/60/62 79/55/62 61/106/62
f 72/124/66 93/69/66 89/65/66 56/108/66
f 64/103/67 58/40/67 62/105/67 65/133/67
f 62/105/68 81/57/68 77/53/68 65/121/68
f 66/111/57 76/114/57 73/49/57 96/72/57 91/120/57 71/47/57
f 74/115/63 78/134/63 80/56/63 83/59/63
f 82/58/54 87/63/54 94/135/54 75/136/54
f 86/62/64 90/66/64 92/137/64 95/117/64
o Cylinder.002
v 1.676839 2.485235 0.255599
v -1.676839 2.485235 0.255599
v 1.257629 2.485235 0.255599
v 0.838419 2.485235 0.255599
v 0.419210 2.485235 0.255599
v -0.000000 2.485235 0.255599
v -0.419210 2.485235 0.255599
v -0.838419 2.485235 0.255599
v -1.257629 2.485235 0.255599
v 1.676839 2.212879 0.527955
v -1.676839 2.212879 0.527955
v 1.257629 2.212879 0.527955
v 0.838419 2.212879 0.527955
v 0.419210 2.212879 0.527955
v -0.000000 2.212879 0.527955
v -0.419210 2.212879 0.527955
v -0.838420 2.212879 0.527955
v -1.257629 2.212879 0.527955
v -1.676839 2.212879 1.272045
v -1.676839 2.485235 1.544401
v 1.676839 3.501681 1.272045
v 1.257629 3.501681 1.272045
v 0.838419 3.501681 1.272045
v 0.419210 3.501681 1.272045
v 0.000000 3.501681 1.272045
v -0.419210 3.501681 1.272045
v -0.838419 3.501681 1.272045
v 1.676839 3.601370 0.900000
v -1.676839 3.601370 0.900000
v 0.419210 3.601370 0.900000
v 0.000000 3.601370 0.900000
v -0.419210 3.601370 0.900000
v -0.838419 3.601370 0.900000
v -1.257629 3.601370 0.900000
v -1.676839 3.501681 0.527955
v 0.838419 3.501681 0.527955
v 0.419210 3.501681 0.527955
v 0.000000 3.501681 0.527955
v -0.419210 3.501681 0.527955
v -0.838419 3.501681 0.527955
v -1.257629 3.501681 0.527955
v 1.467234 2.606487 -0.035972
v 0.628815 2.606487 -0.035972
v -0.209605 2.606487 -0.035972
v -1.048024 2.606487 -0.035972
v 1.048024 2.172100 0.214821
v 0.209605 2.172100 0.214821
v -0.628815 2.172100 0.214821
v -1.467234 2.172100 0.214821
v 1.467234 1.921307 0.649207
v 0.628814 1.921307 0.649207
v -0.209605 1.921307 0.649207
v -1.048024 1.921307 0.649207
v 1.048024 1.921307 1.150793
v 0.209605 1.921307 1.150793
v -0.628815 1.921307 1.150793
v -1.467234 1.921307 1.150793
v 1.467234 2.172100 1.585179
v 0.628814 2.172100 1.585179
v -0.209605 2.172100 1.585179
v -1.048024 2.172100 1.585179
v 1.048024 2.606487 1.835972
v 0.209605 2.606487 1.835972
v -0.628815 2.606487 1.835972
v -1.467234 2.606487 1.835972
v 1.467234 3.108073 1.835972
v 0.628815 3.108073 1.835972
v -0.209605 3.108073 1.835972
v -1.048024 3.108073 1.835972
v 1.048024 3.542459 1.585179
v 0.209605 3.542459 1.585179
v -0.628815 3.542459 1.585179
v -1.467234 3.542459 1.585179
v 1.467234 3.793252 1.150793
v 0.628815 3.793252 1.150793
v -0.209605 3.793252 1.150793
v -1.048024 3.793252 1.150793
v 1.048024 3.793252 0.649207
v 0.209605 3.793252 0.649207
v -0.628814 3.793252 0.649207
v -1.467234 3.793252 0.649207
v 1.467234 3.542459 0.214821
v 0.628815 3.542459 0.214821
v -0.209605 3.542459 0.214821
v -1.048024 3.542459 0.214821
v 1.048024 3.108073 -0.035972
v 0.209605 3.108073 -0.035972
v -0.628815 3.108073 -0.035972
v -1.467234 3.108073 -0.035972
v -1.847940 2.857280 0.143652
v -1.836100 2.857280 0.155910
v 1.836100 2.857280 0.155910
v 1.847940 2.857280 0.143652
v -1.836100 2.485235 0.255599
v -1.847940 2.479106 0.244984
v 1.847940 2.479106 0.244984
v 1.836100 2.485235 0.255599
v -1.836100 2.212879 0.527955
v -1.847940 2.202264 0.521826
v 1.847940 2.202264 0.521826
v 1.836100 2.212879 0.527955
v -1.836100 2.116255 0.888563
v -1.836100 2.116255 0.911437
v -1.847940 2.100932 0.900000
v 1.847940 2.100932 0.900000
v 1.836100 2.116255 0.911437
v 1.836100 2.116255 0.888563
v -1.836100 2.212879 1.272045
v -1.847940 2.202264 1.278174
v 1.847940 2.202264 1.278174
v 1.836100 2.212879 1.272045
v -1.836100 2.485235 1.544401
v -1.847940 2.479106 1.555016
v 1.847940 2.479106 1.555016
v 1.836100 2.485235 1.544401
v -1.836100 2.857280 1.644090
v -1.847940 2.857280 1.656348
v 1.847940 2.857280 1.656348
v 1.836100 2.857280 1.644090
v -1.836100 3.217888 1.547465
v -1.836100 3.237697 1.536028
v -1.847940 3.235454 1.555016
v 1.847940 3.235454 1.555016
v 1.836100 3.237697 1.536028
v 1.836100 3.217888 1.547465
v -1.836100 3.501681 1.272045
v -1.847940 3.512296 1.278174
v 1.847940 3.512296 1.278174
v 1.836100 3.501681 1.272045
v -1.836100 3.601370 0.900000
v -1.847940 3.613627 0.900000
v 1.847940 3.613627 0.900000
v 1.836100 3.601370 0.900000
v -1.836100 3.501681 0.527955
v -1.847940 3.512296 0.521826
v 1.847940 3.512296 0.521826
v 1.836100 3.501681 0.527955
v -1.836100 3.237697 0.263972
v -1.836100 3.217888 0.252535
v -1.847940 3.235454 0.244984
v 1.847940 3.235454 0.244984
v 1.836100 3.217888 0.252535
v 1.836100 3.237697 0.263972
v -1.491805 3.089974 -0.029097
v -1.475544 3.092077 -0.040258
v -1.477893 3.073356 -0.033593
v -1.058683 2.641203 -0.033593
v -1.056334 2.622482 -0.040259
v -1.072595 2.624585 -0.029097
v -0.653386 3.089974 -0.029097
v -0.637124 3.092077 -0.040258
v -0.639473 3.073356 -0.033593
v -0.220264 2.641203 -0.033593
v -0.217915 2.622482 -0.040259
v -0.234176 2.624585 -0.029097
v 0.185034 3.089974 -0.029097
v 0.201295 3.092077 -0.040258
v 0.198946 3.073356 -0.033593
v 0.618156 2.641203 -0.033593
v 0.620505 2.622482 -0.040259
v 0.604244 2.624585 -0.029097
v 1.023453 3.089974 -0.029097
v 1.039715 3.092077 -0.040258
v 1.037365 3.073356 -0.033593
v 1.456575 2.641203 -0.033593
v 1.458924 2.622482 -0.040259
v 1.442663 2.624585 -0.029097
v 1.477893 2.641203 -0.033593
v 1.491805 2.624585 -0.029097
v 1.475544 2.622482 -0.040259
v 1.491805 2.594250 -0.020969
v 1.477893 2.577611 -0.016553
v 1.475544 2.590491 -0.031686
v 1.058683 2.203355 0.199524
v 1.072595 2.191211 0.211726
v 1.056334 2.183809 0.203112
v 0.653386 2.594251 -0.020969
v 0.639473 2.577611 -0.016553
v 0.637124 2.590491 -0.031686
v 0.220264 2.203355 0.199524
v 0.234176 2.191211 0.211726
v 0.217914 2.183809 0.203112
v -0.185034 2.594251 -0.020969
v -0.198946 2.577611 -0.016553
v -0.201295 2.590491 -0.031686
v -0.618156 2.203355 0.199524
v -0.604244 2.191211 0.211726
v -0.620505 2.183809 0.203112
v -1.023453 2.594250 -0.020969
v -1.037366 2.577611 -0.016553
v -1.039715 2.590491 -0.031686
v -1.456575 2.203355 0.199524
v -1.442663 2.191211 0.211726
v -1.458924 2.183809 0.203112
v -1.477893 2.203355 0.199524
v -1.475544 2.183809 0.203112
v -1.491805 2.191211 0.211726
v 1.477893 1.940726 0.620332
v 1.491805 1.936310 0.636971
v 1.475543 1.925593 0.633212
v 1.072595 2.169005 0.233932
v 1.058683 2.156802 0.246076
v 1.056334 2.160390 0.226530
v 0.639473 1.940726 0.620332
v 0.653385 1.936310 0.636971
v 0.637124 1.925593 0.633212
v 0.234176 2.169005 0.233932
v 0.220264 2.156802 0.246076
v 0.217914 2.160390 0.226530
v -0.198946 1.940726 0.620332
v -0.185034 1.936310 0.636971
v -0.201295 1.925593 0.633212
v -0.604244 2.169005 0.233932
v -0.618156 2.156803 0.246076
v -0.620505 2.160390 0.226530
v -1.037366 1.940726 0.620332
v -1.023453 1.936310 0.636971
v -1.039715 1.925593 0.633212
v -1.442663 2.169005 0.233933
v -1.456575 2.156802 0.246076
v -1.458925 2.160390 0.226531
v -1.477893 2.156803 0.246076
v -1.491805 2.169005 0.233932
v -1.475544 2.160390 0.226530
v 1.491805 1.928182 0.667305
v 1.477893 1.923686 0.683923
v 1.475543 1.917021 0.665202
v 1.058683 1.923686 1.116077
v 1.072595 1.928182 1.132695
v 1.056334 1.917021 1.134798
v 0.653385 1.928182 0.667305
v 0.639473 1.923686 0.683923
v 0.637124 1.917021 0.665202
v 0.220264 1.923686 1.116077
v 0.234176 1.928182 1.132695
v 0.217914 1.917021 1.134798
v -0.185034 1.928182 0.667305
v -0.198946 1.923686 0.683923
v -0.201295 1.917021 0.665202
v -0.618156 1.923686 1.116077
v -0.604244 1.928182 1.132695
v -0.620505 1.917021 1.134798
v -1.023453 1.928182 0.667305
v -1.037366 1.923686 0.683923
v -1.039715 1.917021 0.665202
v -1.456575 1.923686 1.116077
v -1.442663 1.928182 1.132695
v -1.458925 1.917021 1.134798
v -1.477893 1.923686 1.116077
v -1.475544 1.917021 1.134798
v -1.491805 1.928182 1.132695
v 1.477893 2.156803 1.553924
v 1.491805 2.169006 1.566068
v 1.475543 2.160391 1.573470
v 1.072595 1.936310 1.163029
v 1.058683 1.940726 1.179668
v 1.056334 1.925593 1.166788
v 0.639473 2.156803 1.553924
v 0.653386 2.169006 1.566068
v 0.637124 2.160391 1.573470
v 0.234176 1.936310 1.163029
v 0.220264 1.940726 1.179668
v 0.217914 1.925593 1.166788
v -0.198946 2.156803 1.553924
v -0.185034 2.169006 1.566068
v -0.201295 2.160391 1.573470
v -0.604244 1.936310 1.163029
v -0.618156 1.940726 1.179668
v -0.620505 1.925593 1.166788
v -1.037366 2.156803 1.553925
v -1.023453 2.169006 1.566068
v -1.039715 2.160391 1.573470
v -1.442663 1.936310 1.163029
v -1.456575 1.940726 1.179668
v -1.458925 1.925593 1.166788
v -1.477893 1.940726 1.179668
v -1.491805 1.936310 1.163029
v -1.475544 1.925593 1.166788
v 1.491805 2.191212 1.588274
v 1.477893 2.203355 1.600477
v 1.475543 2.183810 1.596889
v 1.058683 2.577611 1.816553
v 1.072595 2.594251 1.820969
v 1.056334 2.590491 1.831686
v 0.653386 2.191212 1.588274
v 0.639473 2.203355 1.600477
v 0.637124 2.183810 1.596889
v 0.220264 2.577611 1.816553
v 0.234176 2.594251 1.820969
v 0.217914 2.590491 1.831686
v -0.185034 2.191212 1.588274
v -0.198946 2.203355 1.600477
v -0.201295 2.183810 1.596889
v -0.618156 2.577611 1.816553
v -0.604244 2.594251 1.820969
v -0.620505 2.590491 1.831686
v -1.023453 2.191212 1.588274
v -1.037365 2.203356 1.600477
v -1.039715 2.183810 1.596889
v -1.456575 2.577611 1.816553
v -1.442663 2.594251 1.820969
v -1.458925 2.590491 1.831686
v -1.477893 2.577611 1.816553
v -1.475543 2.590491 1.831686
v -1.491805 2.594250 1.820969
v 1.477893 3.073356 1.833593
v 1.491805 3.089974 1.829097
v 1.475543 3.092077 1.840258
v 1.072595 2.624585 1.829097
v 1.058683 2.641203 1.833593
v 1.056334 2.622482 1.840258
v 0.639474 3.073356 1.833593
v 0.653386 3.089974 1.829097
v 0.637124 3.092076 1.840258
v 0.234176 2.624585 1.829097
v 0.220264 2.641203 1.833593
v 0.217915 2.622482 1.840258
v -0.198946 3.073356 1.833593
v -0.185034 3.089974 1.829097
v -0.201295 3.092077 1.840258
v -0.604244 2.624585 1.829097
v -0.618156 2.641203 1.833593
v -0.620505 2.622482 1.840258
v -1.037365 3.073356 1.833593
v -1.023453 3.089974 1.829097
v -1.039715 3.092077 1.840258
v -1.442663 2.624585 1.829097
v -1.456575 2.641203 1.833593
v -1.458924 2.622482 1.840258
v -1.477893 2.641203 1.833593
v -1.491805 2.624585 1.829097
v -1.475544 2.622482 1.840258
v 1.491805 3.120308 1.820969
v 1.477893 3.136947 1.816553
v 1.475544 3.124068 1.831687
v 1.058683 3.511204 1.600477
v 1.072595 3.523347 1.588274
v 1.056334 3.530749 1.596889
v 0.653386 3.120309 1.820969
v 0.639473 3.136948 1.816554
v 0.637124 3.124068 1.831686
v 0.220264 3.511204 1.600477
v 0.234176 3.523347 1.588274
v 0.217914 3.530749 1.596889
v -0.185034 3.120308 1.820969
v -0.198946 3.136947 1.816554
v -0.201295 3.124068 1.831687
v -0.618156 3.511203 1.600477
v -0.604244 3.523346 1.588274
v -0.620505 3.530749 1.596890
v -1.023453 3.120308 1.820969
v -1.037365 3.136947 1.816553
v -1.039715 3.124068 1.831687
v -1.456575 3.511203 1.600477
v -1.442663 3.523346 1.588274
v -1.458924 3.530749 1.596889
v -1.477893 3.511204 1.600477
v -1.475543 3.530749 1.596889
v -1.491805 3.523347 1.588274
v 1.477893 3.773833 1.179668
v 1.491805 3.778248 1.163029
v 1.475544 3.788966 1.166788
v 1.072596 3.545553 1.566068
v 1.058683 3.557756 1.553924
v 1.056334 3.554168 1.573470
v 0.639473 3.773833 1.179668
v 0.653386 3.778248 1.163029
v 0.637124 3.788966 1.166788
v 0.234176 3.545553 1.566068
v 0.220264 3.557756 1.553925
v 0.217915 3.554168 1.573470
v -0.198946 3.773833 1.179668
v -0.185034 3.778248 1.163029
v -0.201295 3.788966 1.166788
v -0.604243 3.545553 1.566068
v -0.618156 3.557756 1.553924
v -0.620505 3.554168 1.573470
v -1.037365 3.773833 1.179668
v -1.023453 3.778248 1.163029
v -1.039715 3.788966 1.166788
v -1.442663 3.545553 1.566068
v -1.456575 3.557756 1.553924
v -1.458924 3.554168 1.573470
v -1.477893 3.557756 1.553924
v -1.491805 3.545553 1.566068
v -1.475543 3.554168 1.573470
v 1.491805 3.786376 1.132694
v 1.477893 3.790873 1.116077
v 1.475543 3.797539 1.134797
v 1.058683 3.790873 0.683923
v 1.072595 3.786376 0.667305
v 1.056334 3.797538 0.665202
v 0.653386 3.786376 1.132695
v 0.639473 3.790873 1.116077
v 0.637124 3.797539 1.134797
v 0.220264 3.790873 0.683923
v 0.234176 3.786376 0.667305
v 0.217915 3.797539 0.665202
v -0.185034 3.786376 1.132695
v -0.198946 3.790873 1.116077
v -0.201295 3.797539 1.134797
v -0.618156 3.790873 0.683923
v -0.604243 3.786376 0.667305
v -0.620505 3.797539 0.665202
v -1.023453 3.786376 1.132694
v -1.037365 3.790873 1.116077
v -1.039715 3.797539 1.134797
v -1.456575 3.790873 0.683923
v -1.442663 3.786376 0.667305
v -1.458925 3.797539 0.665202
v -1.477893 3.790873 0.683923
v -1.475543 3.797538 0.665202
v -1.491805 3.786376 0.667305
v 1.477893 3.557755 0.246076
v 1.491805 3.545553 0.233932
v 1.475544 3.554168 0.226530
v 1.072595 3.778248 0.636971
v 1.058683 3.773833 0.620332
v 1.056334 3.788966 0.633212
v 0.639473 3.557755 0.246076
v 0.653386 3.545553 0.233932
v 0.637124 3.554168 0.226530
v 0.234176 3.778248 0.636971
v 0.220264 3.773833 0.620332
v 0.217914 3.788966 0.633211
v -0.198946 3.557755 0.246076
v -0.185034 3.545553 0.233932
v -0.201295 3.554168 0.226530
v -0.604243 3.778248 0.636971
v -0.618156 3.773833 0.620332
v -0.620505 3.788966 0.633212
v -1.037365 3.557755 0.246076
v -1.023453 3.545553 0.233932
v -1.039715 3.554168 0.226530
v -1.442663 3.778248 0.636971
v -1.456575 3.773833 0.620332
v -1.458924 3.788966 0.633212
v -1.477893 3.773833 0.620332
v -1.491805 3.778248 0.636971
v -1.475543 3.788966 0.633212
v 1.491805 3.523347 0.211726
v 1.477893 3.511204 0.199523
v 1.475544 3.530749 0.203111
v 1.058683 3.136947 -0.016554
v 1.072595 3.120308 -0.020969
v 1.056334 3.124068 -0.031687
v 0.653386 3.523347 0.211726
v 0.639474 3.511204 0.199523
v 0.637124 3.530749 0.203111
v 0.220264 3.136947 -0.016554
v 0.234176 3.120308 -0.020969
v 0.217915 3.124068 -0.031687
v -0.185034 3.523347 0.211726
v -0.198946 3.511204 0.199523
v -0.201295 3.530749 0.203111
v -0.618156 3.136947 -0.016554
v -0.604244 3.120308 -0.020969
v -0.620505 3.124068 -0.031687
v -1.023453 3.523347 0.211726
v -1.037365 3.511204 0.199523
v -1.039715 3.530749 0.203111
v -1.456575 3.136947 -0.016554
v -1.442663 3.120308 -0.020969
v -1.458924 3.124068 -0.031687
v -1.477893 3.136947 -0.016554
v -1.475544 3.124068 -0.031687
v -1.491805 3.120308 -0.020969
v -1.663196 2.868717 0.158975
v -1.676839 2.845843 0.158975
v -1.688679 2.857280 0.155910
v -1.676839 2.868717 0.158975
v 1.663196 2.845843 0.158975
v 1.676839 2.868717 0.158975
v 1.688679 2.857280 0.155910
v 1.676839 2.845843 0.158975
v -1.257629 2.868717 0.158975
v -1.257629 2.845843 0.158975
v -1.456575 3.073356 -0.033593
v -1.458924 3.092077 -0.040258
v -1.442663 3.089974 -0.029097
v -0.838419 2.868717 0.158975
v -0.838419 2.845843 0.158975
v -1.037366 2.641203 -0.033593
v -1.023453 2.624585 -0.029097
v -1.039715 2.622482 -0.040258
v -0.419210 2.868717 0.158975
v -0.419210 2.845843 0.158975
v -0.618156 3.073356 -0.033593
v -0.620505 3.092077 -0.040258
v -0.604243 3.089974 -0.029097
v 0.000000 2.868717 0.158975
v 0.000000 2.845843 0.158975
v -0.198946 2.641203 -0.033593
v -0.185034 2.624585 -0.029097
v -0.201295 2.622482 -0.040259
v 0.419210 2.868717 0.158975
v 0.419210 2.845843 0.158975
v 0.220264 3.073356 -0.033593
v 0.217914 3.092077 -0.040258
v 0.234176 3.089974 -0.029097
v 0.838419 2.868717 0.158975
v 0.838419 2.845843 0.158975
v 0.639473 2.641203 -0.033593
v 0.653386 2.624585 -0.029097
v 0.637124 2.622482 -0.040258
v 1.257629 2.868717 0.158975
v 1.257629 2.845843 0.158975
v 1.058683 3.073356 -0.033593
v 1.056334 3.092077 -0.040258
v 1.072595 3.089974 -0.029097
v 1.456575 2.577611 -0.016553
v 1.442663 2.594251 -0.020969
v 1.458924 2.590491 -0.031686
v 1.037365 2.203355 0.199524
v 1.039715 2.183809 0.203111
v 1.023453 2.191211 0.211726
v 0.618156 2.577611 -0.016553
v 0.604244 2.594251 -0.020969
v 0.620505 2.590491 -0.031686
v 0.198946 2.203355 0.199524
v 0.201295 2.183809 0.203112
v 0.185034 2.191211 0.211726
v -0.220264 2.577611 -0.016553
v -0.234176 2.594251 -0.020969
v -0.217915 2.590491 -0.031686
v -0.639473 2.203355 0.199524
v -0.637124 2.183809 0.203112
v -0.653386 2.191211 0.211726
v -1.058683 2.577611 -0.016553
v -1.072595 2.594251 -0.020969
v -1.056334 2.590491 -0.031686
v 1.456575 1.940726 0.620332
v 1.458924 1.925593 0.633212
v 1.442663 1.936310 0.636971
v 1.037365 2.156803 0.246076
v 1.023453 2.169005 0.233932
v 1.039715 2.160390 0.226530
v 0.618155 1.940726 0.620332
v 0.620505 1.925593 0.633212
v 0.604243 1.936310 0.636971
v 0.198946 2.156803 0.246076
v 0.185034 2.169005 0.233932
v 0.201295 2.160390 0.226530
v -0.220264 1.940726 0.620332
v -0.217915 1.925593 0.633212
v -0.234176 1.936310 0.636971
v -0.639473 2.156803 0.246076
v -0.653386 2.169005 0.233932
v -0.637124 2.160390 0.226531
v -1.058683 1.940726 0.620332
v -1.056334 1.925593 0.633212
v -1.072595 1.936310 0.636971
v 1.676839 2.116255 0.911437
v 1.676839 2.116255 0.888563
v -1.676839 2.116255 0.888563
v -1.676839 2.116255 0.911437
v 1.257629 2.116255 0.911437
v 1.257629 2.116255 0.888563
v 1.456575 1.923686 0.683923
v 1.442663 1.928182 0.667305
v 1.458924 1.917021 0.665202
v 0.838419 2.116255 0.911437
v 0.838419 2.116255 0.888563
v 1.037365 1.923686 1.116077
v 1.039714 1.917021 1.134798
v 1.023453 1.928182 1.132695
v 0.419210 2.116255 0.911437
v 0.419210 2.116255 0.888563
v 0.618155 1.923686 0.683923
v 0.604243 1.928182 0.667305
v 0.620505 1.917021 0.665202
v -0.000000 2.116255 0.911437
v -0.000000 2.116255 0.888563
v 0.198946 1.923686 1.116077
v 0.201295 1.917021 1.134798
v 0.185034 1.928182 1.132695
v -0.419210 2.116255 0.911437
v -0.419210 2.116255 0.888563
v -0.220264 1.923686 0.683923
v -0.234176 1.928182 0.667305
v -0.217915 1.917021 0.665202
v -0.838420 2.116255 0.911437
v -0.838420 2.116255 0.888563
v -0.639473 1.923686 1.116077
v -0.637124 1.917021 1.134798
v -0.653386 1.928182 1.132695
v -1.257629 2.116255 0.911437
v -1.257629 2.116255 0.888563
v -1.058683 1.923686 0.683923
v -1.072595 1.928182 0.667305
v -1.056334 1.917021 0.665202
v 1.663196 2.221252 1.280417
v 1.676839 2.209815 1.260608
v 1.688679 2.212879 1.272045
v 1.676839 2.221252 1.280417
v 1.257629 2.209815 1.260608
v 1.271271 2.221252 1.280417
v 1.257629 2.221252 1.280417
v 1.245789 2.212879 1.272045
v 1.248687 2.210871 1.264548
v 1.456575 2.156803 1.553924
v 1.458924 2.160391 1.573470
v 1.442663 2.169006 1.566068
v 0.824777 2.221252 1.280417
v 0.838419 2.209815 1.260608
v 0.847361 2.210871 1.264548
v 0.850259 2.212879 1.272045
v 0.838419 2.221252 1.280417
v 1.037365 1.940726 1.179668
v 1.023453 1.936310 1.163029
v 1.039714 1.925593 1.166788
v 0.419210 2.209815 1.260608
v 0.432852 2.221252 1.280417
v 0.419210 2.221252 1.280417
v 0.407369 2.212879 1.272045
v 0.410267 2.210871 1.264548
v 0.618156 2.156803 1.553924
v 0.620505 2.160391 1.573470
v 0.604243 2.169006 1.566068
v -0.013643 2.221252 1.280417
v -0.000000 2.209815 1.260608
v 0.008942 2.210871 1.264548
v 0.011840 2.212879 1.272045
v -0.000000 2.221252 1.280417
v 0.198946 1.940726 1.179668
v 0.185034 1.936310 1.163029
v 0.201295 1.925593 1.166788
v -0.419210 2.209815 1.260608
v -0.405567 2.221252 1.280417
v -0.419210 2.221252 1.280417
v -0.431050 2.212879 1.272045
v -0.428152 2.210871 1.264548
v -0.220264 2.156803 1.553924
v -0.217915 2.160391 1.573470
v -0.234176 2.169006 1.566068
v -0.852062 2.221252 1.280417
v -0.838420 2.209815 1.260608
v -0.829477 2.210871 1.264548
v -0.826579 2.212879 1.272045
v -0.838420 2.221252 1.280417
v -0.639474 1.940726 1.179668
v -0.653386 1.936310 1.163029
v -0.637124 1.925593 1.166788
v -1.257629 2.209815 1.260608
v -1.243987 2.221252 1.280417
v -1.257629 2.221252 1.280417
v -1.269469 2.212879 1.272045
v -1.266571 2.210871 1.264548
v -1.058683 2.156803 1.553924
v -1.056334 2.160391 1.573470
v -1.072595 2.169006 1.566068
v 1.676839 2.496672 1.547465
v 1.663196 2.476863 1.536028
v 1.676839 2.476863 1.536028
v 1.688679 2.485235 1.544401
v 1.271272 2.476863 1.536028
v 1.257629 2.496672 1.547465
v 1.248687 2.492732 1.546409
v 1.245789 2.485235 1.544401
v 1.257629 2.476863 1.536028
v 1.456575 2.203355 1.600477
v 1.442663 2.191212 1.588274
v 1.458924 2.183810 1.596889
v 0.838419 2.496672 1.547465
v 0.824777 2.476863 1.536028
v 0.838419 2.476863 1.536028
v 0.850260 2.485235 1.544401
v 0.847362 2.492732 1.546409
v 1.037366 2.577611 1.816553
v 1.039715 2.590491 1.831686
v 1.023453 2.594250 1.820969
v 0.432852 2.476863 1.536028
v 0.419210 2.496672 1.547465
v 0.410268 2.492732 1.546409
v 0.407369 2.485235 1.544401
v 0.419210 2.476863 1.536028
v 0.618156 2.203355 1.600477
v 0.604243 2.191212 1.588274
v 0.620505 2.183810 1.596889
v -0.000000 2.496672 1.547465
v -0.013643 2.476863 1.536028
v -0.000000 2.476863 1.536028
v 0.011840 2.485235 1.544401
v 0.008942 2.492732 1.546409
v 0.198946 2.577611 1.816553
v 0.201295 2.590491 1.831686
v 0.185034 2.594251 1.820969
v -0.405567 2.476863 1.536028
v -0.419210 2.496672 1.547465
v -0.428152 2.492732 1.546409
v -0.431050 2.485235 1.544401
v -0.419210 2.476863 1.536028
v -0.220264 2.203355 1.600477
v -0.234176 2.191212 1.588274
v -0.217915 2.183810 1.596889
v -0.838419 2.496672 1.547465
v -0.852062 2.476863 1.536028
v -0.838419 2.476863 1.536028
v -0.826579 2.485235 1.544401
v -0.829477 2.492732 1.546409
v -0.639473 2.577611 1.816553
v -0.637124 2.590491 1.831686
v -0.653386 2.594251 1.820969
v -1.243987 2.476863 1.536028
v -1.257629 2.496672 1.547465
v -1.266571 2.492732 1.546409
v -1.269469 2.485235 1.544401
v -1.257629 2.476863 1.536028
v -1.058683 2.203356 1.600477
v -1.072595 2.191212 1.588274
v -1.056334 2.183810 1.596889
v 1.663196 2.868717 1.641025
v 1.676839 2.845843 1.641025
v 1.688679 2.857280 1.644090
v 1.676839 2.868717 1.641025
v -1.663196 2.845843 1.641025
v -1.676839 2.868717 1.641025
v -1.688679 2.857280 1.644090
v -1.676839 2.845843 1.641025
v 1.257629 2.868717 1.641025
v 1.257629 2.845843 1.641025
v 1.456575 3.073356 1.833593
v 1.458925 3.092077 1.840258
v 1.442663 3.089974 1.829097
v 0.838419 2.868717 1.641025
v 0.838419 2.845843 1.641025
v 1.037366 2.641203 1.833593
v 1.023453 2.624585 1.829097
v 1.039715 2.622482 1.840258
v 0.419210 2.868717 1.641025
v 0.419210 2.845843 1.641025
v 0.618156 3.073355 1.833593
v 0.620505 3.092076 1.840258
v 0.604243 3.089973 1.829097
v -0.000000 2.868717 1.641025
v -0.000000 2.845843 1.641025
v 0.198946 2.641203 1.833593
v 0.185034 2.624585 1.829097
v 0.201295 2.622482 1.840258
v -0.419210 2.868717 1.641025
v -0.419210 2.845843 1.641025
v -0.220264 3.073356 1.833593
v -0.217914 3.092077 1.840258
v -0.234176 3.089974 1.829097
v -0.838419 2.868717 1.641025
v -0.838419 2.845843 1.641025
v -0.639473 2.641203 1.833593
v -0.653386 2.624585 1.829097
v -0.637124 2.622482 1.840258
v -1.257629 2.868717 1.641025
v -1.257629 2.845843 1.641025
v -1.058683 3.073356 1.833593
v -1.056334 3.092077 1.840258
v -1.072595 3.089974 1.829097
v 1.676839 3.237697 1.536028
v 1.676839 3.217888 1.547465
v -1.676839 3.217888 1.547465
v -1.676839 3.237697 1.536028
v 1.257629 3.237697 1.536028
v 1.257629 3.217888 1.547465
v 1.456575 3.136947 1.816553
v 1.442663 3.120308 1.820969
v 1.458924 3.124068 1.831687
v 0.838419 3.217888 1.547465
v 0.852062 3.237697 1.536028
v 0.838419 3.237697 1.536028
v 0.826579 3.229325 1.544401
v 0.829477 3.221829 1.546409
v 1.037366 3.511204 1.600477
v 1.039715 3.530749 1.596889
v 1.023453 3.523347 1.588274
v 0.405567 3.237697 1.536028
v 0.419210 3.217888 1.547465
v 0.428152 3.221829 1.546409
v 0.431050 3.229325 1.544401
v 0.419210 3.237697 1.536028
v 0.618155 3.136948 1.816554
v 0.604243 3.120308 1.820969
v 0.620505 3.124068 1.831687
v -0.000000 3.217888 1.547465
v 0.013643 3.237697 1.536028
v -0.000000 3.237697 1.536028
v -0.011840 3.229325 1.544401
v -0.008942 3.221829 1.546409
v 0.198946 3.511204 1.600477
v 0.201295 3.530749 1.596889
v 0.185034 3.523347 1.588274
v -0.432852 3.237697 1.536028
v -0.419210 3.217888 1.547465
v -0.410268 3.221829 1.546409
v -0.407370 3.229325 1.544401
v -0.419210 3.237697 1.536028
v -0.220264 3.136947 1.816553
v -0.234176 3.120308 1.820969
v -0.217915 3.124068 1.831686
v -0.838419 3.237697 1.536028
v -0.838419 3.217888 1.547465
v -0.639473 3.511203 1.600477
v -0.637124 3.530749 1.596890
v -0.653386 3.523346 1.588274
v -1.257629 3.237697 1.536028
v -1.257629 3.217888 1.547465
v -1.058683 3.136947 1.816553
v -1.072595 3.120308 1.820969
v -1.056334 3.124068 1.831687
v -1.663196 3.493308 1.280417
v -1.676839 3.504745 1.260608
v -1.688679 3.501681 1.272045
v -1.676839 3.493308 1.280417
v 1.456575 3.773833 1.179668
v 1.458924 3.788966 1.166788
v 1.442663 3.778248 1.163029
v 1.037366 3.557755 1.553924
v 1.023453 3.545553 1.566068
v 1.039715 3.554168 1.573470
v 0.618156 3.773833 1.179668
v 0.620505 3.788966 1.166788
v 0.604244 3.778248 1.163029
v 0.198946 3.557755 1.553925
v 0.185034 3.545553 1.566068
v 0.201295 3.554168 1.573470
v -0.220264 3.773833 1.179668
v -0.217914 3.788966 1.166788
v -0.234176 3.778248 1.163029
v -0.639473 3.557755 1.553924
v -0.653386 3.545553 1.566068
v -0.637124 3.554168 1.573470
v -1.257629 3.504745 1.260608
v -1.271272 3.493308 1.280417
v -1.257629 3.493308 1.280417
v -1.245789 3.501681 1.272045
v -1.248687 3.503689 1.264548
v -1.058683 3.773833 1.179668
v -1.056334 3.788966 1.166788
v -1.072595 3.778248 1.163029
v 1.243987 3.598305 0.888563
v 1.257629 3.598305 0.911437
v 1.266571 3.599361 0.907496
v 1.269469 3.601370 0.900000
v 1.257629 3.598305 0.888563
v 1.456575 3.790873 1.116077
v 1.442663 3.786376 1.132695
v 1.458925 3.797539 1.134797
v 0.838419 3.598305 0.911437
v 0.852062 3.598305 0.888563
v 0.838419 3.598305 0.888563
v 0.826579 3.601370 0.900000
v 0.829477 3.599361 0.907496
v 1.037366 3.790873 0.683923
v 1.039715 3.797539 0.665202
v 1.023453 3.786376 0.667305
v 0.618156 3.790873 1.116077
v 0.604244 3.786376 1.132695
v 0.620505 3.797539 1.134797
v 0.198946 3.790873 0.683923
v 0.201295 3.797538 0.665202
v 0.185034 3.786376 0.667305
v -0.220264 3.790873 1.116077
v -0.234176 3.786376 1.132695
v -0.217914 3.797539 1.134797
v -0.639473 3.790873 0.683923
v -0.637124 3.797539 0.665202
v -0.653386 3.786376 0.667305
v -1.058683 3.790873 1.116077
v -1.072595 3.786376 1.132695
v -1.056334 3.797539 1.134797
v 1.663196 3.493308 0.519583
v 1.676839 3.504745 0.539392
v 1.688679 3.501681 0.527955
v 1.676839 3.493308 0.519583
v 1.257629 3.504745 0.539392
v 1.271272 3.493308 0.519583
v 1.257629 3.493308 0.519583
v 1.245789 3.501681 0.527955
v 1.248687 3.503689 0.535451
v 1.456575 3.557756 0.246076
v 1.458924 3.554168 0.226530
v 1.442663 3.545553 0.233932
v 1.037366 3.773833 0.620332
v 1.023453 3.778248 0.636971
v 1.039715 3.788966 0.633212
v 0.618156 3.557756 0.246076
v 0.620505 3.554168 0.226530
v 0.604243 3.545553 0.233932
v 0.198946 3.773833 0.620332
v 0.185034 3.778248 0.636971
v 0.201295 3.788966 0.633212
v -0.220264 3.557756 0.246076
v -0.217915 3.554168 0.226530
v -0.234176 3.545553 0.233932
v -0.639473 3.773833 0.620332
v -0.653385 3.778248 0.636971
v -0.637124 3.788966 0.633212
v -1.058683 3.557756 0.246076
v -1.056334 3.554168 0.226530
v -1.072596 3.545553 0.233932
v 1.676839 3.217888 0.252535
v 1.676839 3.237697 0.263972
v -1.676839 3.237697 0.263972
v -1.676839 3.217888 0.252535
v 1.257629 3.217888 0.252535
v 1.257629 3.237697 0.263972
v 1.456575 3.511204 0.199523
v 1.442663 3.523347 0.211726
v 1.458924 3.530749 0.203111
v 0.838419 3.217888 0.252535
v 0.838419 3.237697 0.263972
v 1.037365 3.136947 -0.016554
v 1.039715 3.124068 -0.031687
v 1.023453 3.120308 -0.020969
v 0.419210 3.217888 0.252535
v 0.419210 3.237697 0.263972
v 0.618156 3.511204 0.199523
v 0.604243 3.523347 0.211726
v 0.620505 3.530749 0.203111
v -0.000000 3.217888 0.252535
v -0.000000 3.237697 0.263972
v 0.198946 3.136947 -0.016554
v 0.201295 3.124068 -0.031687
v 0.185034 3.120308 -0.020969
v -0.419210 3.217888 0.252535
v -0.419210 3.237697 0.263972
v -0.220264 3.511204 0.199523
v -0.234176 3.523347 0.211726
v -0.217914 3.530749 0.203111
v -0.838419 3.217888 0.252535
v -0.838419 3.237697 0.263972
v -0.639473 3.136947 -0.016554
v -0.637124 3.124068 -0.031687
v -0.653386 3.120308 -0.020969
v -1.257629 3.217888 0.252535
v -1.257629 3.237697 0.263972
v -1.058683 3.511204 0.199523
v -1.072595 3.523347 0.211726
v -1.056334 3.530750 0.203111
v -1.456782 3.073681 -0.033375
v -1.477686 3.073681 -0.033375
v -1.467234 3.087595 -0.041460
v -1.037572 2.640878 -0.033375
v -1.048024 2.626964 -0.041459
v -1.058476 2.640878 -0.033375
v -0.618363 3.073681 -0.033375
v -0.639267 3.073681 -0.033375
v -0.628815 3.087595 -0.041460
v -0.199153 2.640878 -0.033375
v -0.209605 2.626964 -0.041459
v -0.220057 2.640878 -0.033375
v 0.220057 3.073681 -0.033375
v 0.199153 3.073681 -0.033375
v 0.209605 3.087595 -0.041460
v 0.639267 2.640878 -0.033375
v 0.628815 2.626964 -0.041459
v 0.618363 2.640878 -0.033375
v 1.058476 3.073681 -0.033375
v 1.037572 3.073681 -0.033375
v 1.048024 3.087595 -0.041460
v 1.477686 2.640878 -0.033375
v 1.467234 2.626964 -0.041459
v 1.456782 2.640878 -0.033375
v 1.456782 2.578001 -0.016527
v 1.467234 2.586009 -0.030485
v 1.477686 2.578001 -0.016527
v 1.037572 2.203182 0.199874
v 1.058476 2.203182 0.199874
v 1.048024 2.187091 0.199830
v 0.618363 2.578001 -0.016527
v 0.628815 2.586009 -0.030485
v 0.639267 2.578001 -0.016527
v 0.199153 2.203182 0.199874
v 0.220057 2.203182 0.199874
v 0.209605 2.187091 0.199830
v -0.220057 2.578001 -0.016527
v -0.209605 2.586009 -0.030485
v -0.199153 2.578001 -0.016527
v -0.639267 2.203182 0.199874
v -0.618363 2.203182 0.199874
v -0.628815 2.187091 0.199830
v -1.058476 2.578001 -0.016527
v -1.048024 2.586009 -0.030485
v -1.037573 2.578001 -0.016527
v -1.477686 2.203182 0.199874
v -1.456782 2.203182 0.199874
v -1.467234 2.187091 0.199830
v 1.456782 1.940752 0.620721
v 1.477686 1.940752 0.620721
v 1.467234 1.926794 0.628729
v 1.037572 2.157153 0.245903
v 1.048024 2.157109 0.229812
v 1.058476 2.157153 0.245904
v 0.618362 1.940752 0.620721
v 0.639266 1.940752 0.620721
v 0.628814 1.926794 0.628729
v 0.199153 2.157153 0.245903
v 0.209605 2.157109 0.229812
v 0.220057 2.157153 0.245904
v -0.220057 1.940752 0.620721
v -0.199153 1.940752 0.620722
v -0.209605 1.926794 0.628729
v -0.639267 2.157153 0.245904
v -0.628815 2.157109 0.229812
v -0.618363 2.157153 0.245904
v -1.058476 1.940752 0.620721
v -1.037573 1.940752 0.620721
v -1.048024 1.926794 0.628729
v -1.477686 2.157153 0.245904
v -1.467234 2.157109 0.229812
v -1.456782 2.157153 0.245904
v 1.456782 1.923904 0.683599
v 1.467234 1.915820 0.669685
v 1.477686 1.923904 0.683599
v 1.037572 1.923904 1.116401
v 1.058476 1.923904 1.116401
v 1.048024 1.915820 1.130315
v 0.618362 1.923904 0.683599
v 0.628814 1.915820 0.669685
v 0.639266 1.923904 0.683599
v 0.199153 1.923904 1.116401
v 0.220057 1.923904 1.116401
v 0.209605 1.915820 1.130315
v -0.220057 1.923904 0.683599
v -0.209605 1.915820 0.669685
v -0.199153 1.923904 0.683599
v -0.639267 1.923904 1.116401
v -0.618363 1.923904 1.116401
v -0.628815 1.915820 1.130315
v -1.058476 1.923904 0.683599
v -1.048024 1.915820 0.669685
v -1.037573 1.923904 0.683599
v -1.477686 1.923904 1.116401
v -1.456782 1.923904 1.116401
v -1.467234 1.915820 1.130316
v 1.456782 2.157154 1.554097
v 1.477686 2.157154 1.554097
v 1.467234 2.157109 1.570189
v 1.037572 1.940752 1.179279
v 1.048024 1.926794 1.171271
v 1.058476 1.940752 1.179279
v 0.618362 2.157154 1.554097
v 0.639266 2.157154 1.554097
v 0.628814 2.157109 1.570189
v 0.199153 1.940752 1.179279
v 0.209605 1.926794 1.171271
v 0.220057 1.940752 1.179279
v -0.220057 2.157154 1.554097
v -0.199153 2.157154 1.554097
v -0.209605 2.157109 1.570189
v -0.639267 1.940752 1.179279
v -0.628815 1.926794 1.171271
v -0.618363 1.940752 1.179279
v -1.058476 2.157154 1.554097
v -1.037572 2.157154 1.554097
v -1.048024 2.157109 1.570189
v -1.477686 1.940752 1.179278
v -1.467234 1.926794 1.171271
v -1.456782 1.940752 1.179278
v 1.456782 2.203183 1.600126
v 1.467234 2.187091 1.600170
v 1.477686 2.203183 1.600126
v 1.037573 2.578001 1.816527
v 1.058476 2.578001 1.816527
v 1.048024 2.586009 1.830485
v 0.618362 2.203183 1.600126
v 0.628814 2.187091 1.600170
v 0.639266 2.203183 1.600126
v 0.199153 2.578001 1.816527
v 0.220057 2.578001 1.816527
v 0.209605 2.586009 1.830485
v -0.220057 2.203183 1.600126
v -0.209605 2.187091 1.600170
v -0.199153 2.203183 1.600126
v -0.639266 2.578001 1.816527
v -0.618363 2.578001 1.816527
v -0.628815 2.586009 1.830485
v -1.058476 2.203183 1.600126
v -1.048024 2.187091 1.600170
v -1.037572 2.203183 1.600126
v -1.477686 2.578001 1.816527
v -1.456782 2.578001 1.816527
v -1.467234 2.586009 1.830485
v 1.456782 3.073681 1.833375
v 1.477686 3.073681 1.833375
v 1.467234 3.087595 1.841460
v 1.037572 2.640878 1.833375
v 1.048024 2.626964 1.841459
v 1.058476 2.640878 1.833375
v 0.618362 3.073680 1.833375
v 0.639266 3.073680 1.833375
v 0.628814 3.087594 1.841460
v 0.199153 2.640878 1.833375
v 0.209605 2.626964 1.841460
v 0.220057 2.640878 1.833375
v -0.220057 3.073681 1.833375
v -0.199153 3.073681 1.833375
v -0.209605 3.087595 1.841460
v -0.639267 2.640878 1.833375
v -0.628815 2.626964 1.841460
v -0.618363 2.640878 1.833375
v -1.058476 3.073681 1.833375
v -1.037572 3.073681 1.833375
v -1.048024 3.087595 1.841460
v -1.477686 2.640878 1.833375
v -1.467234 2.626964 1.841460
v -1.456782 2.640878 1.833375
v 1.456782 3.136558 1.816528
v 1.467234 3.128550 1.830486
v 1.477686 3.136558 1.816528
v 1.037573 3.511376 1.600126
v 1.058476 3.511376 1.600126
v 1.048024 3.527468 1.600170
v 0.618363 3.136558 1.816527
v 0.628815 3.128550 1.830486
v 0.639267 3.136558 1.816528
v 0.199153 3.511376 1.600126
v 0.220057 3.511376 1.600126
v 0.209605 3.527468 1.600170
v -0.220057 3.136558 1.816528
v -0.209605 3.128550 1.830486
v -0.199153 3.136558 1.816528
v -0.639267 3.511376 1.600126
v -0.618363 3.511376 1.600126
v -0.628815 3.527468 1.600170
v -1.058476 3.136558 1.816528
v -1.048024 3.128550 1.830486
v -1.037573 3.136558 1.816528
v -1.477686 3.511376 1.600126
v -1.456782 3.511376 1.600126
v -1.467234 3.527468 1.600170
v 1.456782 3.773807 1.179278
v 1.477686 3.773807 1.179278
v 1.467234 3.787765 1.171270
v 1.037573 3.557405 1.554097
v 1.048024 3.557449 1.570189
v 1.058476 3.557405 1.554097
v 0.618363 3.773807 1.179278
v 0.639267 3.773807 1.179278
v 0.628815 3.787765 1.171270
v 0.199153 3.557405 1.554097
v 0.209605 3.557449 1.570189
v 0.220057 3.557405 1.554097
v -0.220057 3.773807 1.179278
v -0.199153 3.773807 1.179278
v -0.209605 3.787765 1.171270
v -0.639266 3.557405 1.554097
v -0.628815 3.557449 1.570189
v -0.618363 3.557405 1.554097
v -1.058476 3.773807 1.179278
v -1.037572 3.773807 1.179278
v -1.048024 3.787765 1.171270
v -1.477686 3.557405 1.554096
v -1.467234 3.557449 1.570189
v -1.456782 3.557405 1.554097
v 1.456782 3.790655 1.116401
v 1.467234 3.798739 1.130315
v 1.477686 3.790655 1.116401
v 1.037573 3.790655 0.683599
v 1.058476 3.790655 0.683599
v 1.048024 3.798739 0.669685
v 0.618363 3.790655 1.116401
v 0.628815 3.798739 1.130315
v 0.639266 3.790655 1.116401
v 0.199153 3.790655 0.683599
v 0.220057 3.790655 0.683599
v 0.209605 3.798739 0.669685
v -0.220057 3.790655 1.116401
v -0.209605 3.798739 1.130315
v -0.199153 3.790655 1.116401
v -0.639266 3.790655 0.683599
v -0.618363 3.790655 0.683599
v -0.628814 3.798739 0.669685
v -1.058476 3.790655 1.116401
v -1.048024 3.798739 1.130315
v -1.037572 3.790655 1.116401
v -1.477686 3.790655 0.683599
v -1.456782 3.790655 0.683599
v -1.467234 3.798739 0.669685
v 1.456782 3.557405 0.245903
v 1.477686 3.557405 0.245903
v 1.467234 3.557449 0.229811
v 1.037573 3.773807 0.620722
v 1.048024 3.787765 0.628729
v 1.058476 3.773807 0.620721
v 0.618363 3.557405 0.245903
v 0.639266 3.557405 0.245903
v 0.628815 3.557449 0.229811
v 0.199153 3.773807 0.620721
v 0.209605 3.787765 0.628729
v 0.220057 3.773807 0.620722
v -0.220057 3.557405 0.245903
v -0.199153 3.557405 0.245903
v -0.209605 3.557449 0.229811
v -0.639266 3.773807 0.620721
v -0.628814 3.787765 0.628729
v -0.618362 3.773807 0.620722
v -1.058476 3.557405 0.245903
v -1.037572 3.557405 0.245903
v -1.048024 3.557449 0.229811
v -1.477686 3.773807 0.620722
v -1.467234 3.787765 0.628729
v -1.456782 3.773807 0.620722
v 1.456782 3.511376 0.199874
v 1.467234 3.527468 0.199830
v 1.477686 3.511376 0.199874
v 1.037572 3.136558 -0.016528
v 1.058476 3.136558 -0.016528
v 1.048024 3.128550 -0.030486
v 0.618363 3.511376 0.199874
v 0.628815 3.527468 0.199830
v 0.639266 3.511376 0.199874
v 0.199153 3.136558 -0.016528
v 0.220057 3.136558 -0.016528
v 0.209605 3.128550 -0.030486
v -0.220057 3.511376 0.199874
v -0.209605 3.527468 0.199830
v -0.199153 3.511376 0.199874
v -0.639266 3.136558 -0.016528
v -0.618363 3.136558 -0.016528
v -0.628815 3.128550 -0.030486
v -1.058476 3.511376 0.199874
v -1.048024 3.527468 0.199830
v -1.037572 3.511376 0.199874
v -1.477686 3.136558 -0.016528
v -1.456782 3.136558 -0.016528
v -1.467234 3.128550 -0.030486
v -1.493488 3.094184 -0.028081
v -1.493488 3.116154 -0.022194
v -1.480631 3.108073 -0.035972
v -1.440980 3.094184 -0.028081
v -1.453837 3.108073 -0.035972
v -1.440980 3.116154 -0.022194
v -0.655069 3.094184 -0.028081
v -0.655069 3.116154 -0.022194
v -0.642212 3.108073 -0.035972
v -0.602561 3.094184 -0.028081
v -0.615417 3.108073 -0.035972
v -0.602561 3.116154 -0.022194
v 0.183351 3.094184 -0.028081
v 0.183351 3.116154 -0.022194
v 0.196207 3.108073 -0.035972
v 0.235859 3.094184 -0.028081
v 0.223002 3.108073 -0.035972
v 0.235859 3.116154 -0.022194
v 1.021770 3.094184 -0.028081
v 1.021770 3.116154 -0.022194
v 1.034627 3.108073 -0.035972
v 1.074278 3.094184 -0.028081
v 1.061422 3.108073 -0.035972
v 1.074278 3.116154 -0.022194
v -1.074278 3.526485 0.214711
v -1.074278 3.542568 0.230794
v -1.061422 3.542459 0.214821
v -1.021770 3.526485 0.214711
v -1.034627 3.542459 0.214821
v -1.021770 3.542568 0.230794
v -0.235859 3.526485 0.214711
v -0.235859 3.542568 0.230794
v -0.223002 3.542459 0.214821
v -0.183351 3.526485 0.214711
v -0.196207 3.542459 0.214821
v -0.183351 3.542568 0.230794
v 0.602560 3.526485 0.214711
v 0.602561 3.542568 0.230794
v 0.615417 3.542459 0.214821
v 0.655069 3.526485 0.214711
v 0.642212 3.542459 0.214821
v 0.655069 3.542568 0.230794
v 1.440980 3.526485 0.214711
v 1.440980 3.542568 0.230794
v 1.453837 3.542459 0.214821
v 1.493488 3.526485 0.214711
v 1.480631 3.542459 0.214821
v 1.493488 3.542568 0.230794
v -1.493488 3.779474 0.641125
v -1.493488 3.785360 0.663095
v -1.480631 3.793252 0.649207
v -1.440980 3.779474 0.641125
v -1.453837 3.793252 0.649207
v -1.440980 3.785360 0.663095
v -0.655068 3.779474 0.641125
v -0.655068 3.785360 0.663095
v -0.642212 3.793252 0.649207
v -0.602560 3.779474 0.641125
v -0.615417 3.793252 0.649207
v -0.602560 3.785360 0.663095
v 0.183351 3.779474 0.641125
v 0.183351 3.785360 0.663095
v 0.196208 3.793252 0.649207
v 0.235859 3.779474 0.641125
v 0.223002 3.793252 0.649207
v 0.235859 3.785360 0.663095
v 1.021770 3.779474 0.641125
v 1.021770 3.785360 0.663095
v 1.034627 3.793252 0.649207
v 1.074278 3.779474 0.641125
v 1.061422 3.793252 0.649207
v 1.074278 3.785360 0.663095
v -1.074278 3.785360 1.136904
v -1.074278 3.779474 1.158875
v -1.061422 3.793252 1.150793
v -1.021770 3.785360 1.136904
v -1.034627 3.793252 1.150793
v -1.021770 3.779474 1.158875
v -0.235859 3.785360 1.136905
v -0.235859 3.779474 1.158875
v -0.223002 3.793252 1.150793
v -0.183351 3.785360 1.136904
v -0.196207 3.793252 1.150793
v -0.183351 3.779474 1.158875
v 0.602561 3.785360 1.136904
v 0.602561 3.779474 1.158875
v 0.615417 3.793252 1.150793
v 0.655069 3.785360 1.136904
v 0.642212 3.793252 1.150793
v 0.655069 3.779474 1.158875
v 1.440980 3.785360 1.136904
v 1.440980 3.779474 1.158875
v 1.453837 3.793252 1.150793
v 1.493488 3.785360 1.136904
v 1.480631 3.793252 1.150793
v 1.493488 3.779474 1.158875
v -1.493488 3.542569 1.569206
v -1.493488 3.526485 1.585289
v -1.480631 3.542459 1.585179
v -1.440980 3.542568 1.569206
v -1.453837 3.542459 1.585179
v -1.440980 3.526485 1.585289
v -0.655069 3.542568 1.569206
v -0.655069 3.526485 1.585289
v -0.642212 3.542459 1.585179
v -0.602561 3.542568 1.569206
v -0.615417 3.542459 1.585179
v -0.602560 3.526485 1.585289
v 0.183351 3.542568 1.569206
v 0.183351 3.526485 1.585289
v 0.196207 3.542459 1.585179
v 0.235859 3.542568 1.569206
v 0.223002 3.542459 1.585179
v 0.235859 3.526485 1.585289
v 1.021770 3.542568 1.569206
v 1.021770 3.526485 1.585289
v 1.034627 3.542459 1.585179
v 1.074278 3.542568 1.569206
v 1.061422 3.542459 1.585179
v 1.074278 3.526485 1.585289
v -1.074278 3.116154 1.822194
v -1.074278 3.094184 1.828081
v -1.061422 3.108073 1.835973
v -1.021770 3.116154 1.822194
v -1.034627 3.108073 1.835973
v -1.021770 3.094184 1.828081
v -0.235859 3.116154 1.822194
v -0.235859 3.094184 1.828081
v -0.223002 3.108073 1.835973
v -0.183351 3.116154 1.822194
v -0.196207 3.108073 1.835973
v -0.183351 3.094184 1.828081
v 0.602560 3.116154 1.822194
v 0.602560 3.094184 1.828081
v 0.615417 3.108073 1.835973
v 0.655069 3.116154 1.822194
v 0.642212 3.108073 1.835973
v 0.655069 3.094184 1.828081
v 1.440980 3.116154 1.822194
v 1.440980 3.094184 1.828081
v 1.453837 3.108073 1.835973
v 1.493488 3.116154 1.822194
v 1.480631 3.108073 1.835973
v 1.493488 3.094184 1.828081
v -1.493488 2.620375 1.828081
v -1.493488 2.598405 1.822194
v -1.480631 2.606487 1.835972
v -1.440980 2.620375 1.828081
v -1.453837 2.606487 1.835972
v -1.440980 2.598405 1.822194
v -0.655069 2.620375 1.828081
v -0.655069 2.598405 1.822194
v -0.642212 2.606487 1.835972
v -0.602561 2.620375 1.828081
v -0.615417 2.606487 1.835972
v -0.602560 2.598405 1.822194
v 0.183351 2.620375 1.828081
v 0.183351 2.598405 1.822194
v 0.196207 2.606487 1.835972
v 0.235859 2.620375 1.828081
v 0.223002 2.606487 1.835972
v 0.235859 2.598405 1.822194
v 1.021770 2.620375 1.828081
v 1.021770 2.598405 1.822194
v 1.034627 2.606487 1.835972
v 1.074278 2.620375 1.828081
v 1.061422 2.606487 1.835972
v 1.074278 2.598405 1.822194
v -1.074278 2.188074 1.585289
v -1.074278 2.171991 1.569206
v -1.061422 2.172100 1.585179
v -1.021770 2.188074 1.585289
v -1.034627 2.172101 1.585179
v -1.021770 2.171991 1.569206
v -0.235859 2.188074 1.585289
v -0.235859 2.171991 1.569206
v -0.223002 2.172100 1.585179
v -0.183351 2.188074 1.585289
v -0.196208 2.172100 1.585179
v -0.183351 2.171991 1.569206
v 0.602560 2.188074 1.585289
v 0.602560 2.171991 1.569206
v 0.615417 2.172100 1.585179
v 0.655068 2.188074 1.585289
v 0.642212 2.172100 1.585179
v 0.655069 2.171991 1.569206
v 1.440980 2.188074 1.585289
v 1.440980 2.171991 1.569206
v 1.453837 2.172100 1.585179
v 1.493488 2.188074 1.585289
v 1.480631 2.172100 1.585179
v 1.493488 2.171991 1.569206
v -1.493488 1.935085 1.158875
v -1.493488 1.929198 1.136905
v -1.480631 1.921307 1.150793
v -1.440980 1.935085 1.158875
v -1.453837 1.921307 1.150793
v -1.440980 1.929198 1.136905
v -0.655069 1.935085 1.158875
v -0.655069 1.929198 1.136905
v -0.642212 1.921307 1.150793
v -0.602561 1.935085 1.158875
v -0.615417 1.921307 1.150793
v -0.602561 1.929198 1.136905
v 0.183351 1.935085 1.158875
v 0.183351 1.929198 1.136905
v 0.196207 1.921307 1.150793
v 0.235859 1.935085 1.158875
v 0.223002 1.921307 1.150793
v 0.235859 1.929198 1.136905
v 1.021770 1.935085 1.158875
v 1.021770 1.929198 1.136905
v 1.034627 1.921307 1.150793
v 1.074278 1.935085 1.158875
v 1.061421 1.921307 1.150793
v 1.074278 1.929198 1.136905
v -1.074278 1.929198 0.663095
v -1.074278 1.935085 0.641125
v -1.061422 1.921307 0.649207
v -1.021770 1.929198 0.663095
v -1.034627 1.921307 0.649207
v -1.021770 1.935085 0.641125
v -0.235859 1.929198 0.663095
v -0.235859 1.935085 0.641125
v -0.223002 1.921307 0.649207
v -0.183351 1.929198 0.663095
v -0.196208 1.921307 0.649207
v -0.183351 1.935085 0.641125
v 0.602560 1.929198 0.663095
v 0.602560 1.935085 0.641125
v 0.615417 1.921307 0.649207
v 0.655068 1.929198 0.663095
v 0.642212 1.921307 0.649207
v 0.655068 1.935085 0.641125
v 1.440980 1.929198 0.663095
v 1.440980 1.935085 0.641125
v 1.453837 1.921307 0.649207
v 1.493488 1.929198 0.663095
v 1.480631 1.921307 0.649207
v 1.493488 1.935085 0.641125
v -1.493488 2.171990 0.230794
v -1.493488 2.188073 0.214711
v -1.480631 2.172100 0.214821
v -1.440980 2.171990 0.230795
v -1.453837 2.172100 0.214821
v -1.440980 2.188073 0.214711
v -0.655069 2.171990 0.230794
v -0.655069 2.188073 0.214711
v -0.642212 2.172100 0.214821
v -0.602561 2.171990 0.230794
v -0.615417 2.172100 0.214821
v -0.602561 2.188073 0.214711
v 0.183351 2.171990 0.230794
v 0.183351 2.188073 0.214711
v 0.196207 2.172100 0.214821
v 0.235859 2.171990 0.230794
v 0.223002 2.172100 0.214821
v 0.235859 2.188073 0.214711
v 1.021770 2.171990 0.230794
v 1.021770 2.188073 0.214711
v 1.034627 2.172100 0.214821
v 1.074278 2.171990 0.230794
v 1.061422 2.172100 0.214821
v 1.074278 2.188073 0.214711
v -1.074278 2.598405 -0.022194
v -1.074278 2.620375 -0.028081
v -1.061422 2.606487 -0.035972
v -1.021770 2.598405 -0.022194
v -1.034627 2.606487 -0.035972
v -1.021770 2.620375 -0.028081
v -0.235859 2.598405 -0.022194
v -0.235859 2.620375 -0.028081
v -0.223002 2.606487 -0.035972
v -0.183351 2.598405 -0.022194
v -0.196207 2.606487 -0.035972
v -0.183351 2.620375 -0.028081
v 0.602560 2.598405 -0.022194
v 0.602561 2.620375 -0.028081
v 0.615417 2.606487 -0.035972
v 0.655069 2.598405 -0.022194
v 0.642212 2.606487 -0.035972
v 0.655069 2.620375 -0.028081
v 1.440980 2.598405 -0.022194
v 1.440980 2.620375 -0.028081
v 1.453837 2.606487 -0.035972
v 1.493488 2.598405 -0.022194
v 1.480631 2.606487 -0.035972
v 1.493488 2.620375 -0.028081
v -1.456221 2.943799 0.167331
v -1.467234 2.920947 0.172970
v -1.478247 2.943799 0.167331
v -1.400339 2.966256 0.173379
v -1.384727 2.981280 0.177450
v -1.376769 2.957157 0.182672
v -1.037011 2.770761 0.167331
v -1.059037 2.770761 0.167331
v -1.048024 2.793613 0.172970
v -0.981129 2.748304 0.173379
v -0.957559 2.757403 0.182672
v -0.965518 2.733281 0.177450
v -0.617802 2.943799 0.167331
v -0.628815 2.920947 0.172970
v -0.639828 2.943799 0.167331
v -0.561919 2.966256 0.173379
v -0.546308 2.981280 0.177450
v -0.538349 2.957157 0.182672
v -0.198592 2.770761 0.167331
v -0.220618 2.770761 0.167331
v -0.209605 2.793613 0.172970
v -0.142710 2.748304 0.173379
v -0.119140 2.757403 0.182672
v -0.127098 2.733281 0.177450
v 0.220618 2.943799 0.167331
v 0.209605 2.920947 0.172970
v 0.198592 2.943799 0.167331
v 0.276500 2.966256 0.173379
v 0.292111 2.981280 0.177450
v 0.300070 2.957157 0.182672
v 0.639828 2.770761 0.167331
v 0.617802 2.770761 0.167331
v 0.628815 2.793613 0.172970
v 0.695710 2.748304 0.173379
v 0.719280 2.757403 0.182672
v 0.711321 2.733281 0.177450
v 1.059037 2.943799 0.167331
v 1.048024 2.920947 0.172970
v 1.037011 2.943799 0.167331
v 1.114920 2.966256 0.173379
v 1.130531 2.981280 0.177450
v 1.138490 2.957157 0.182672
v 1.478247 2.770761 0.167331
v 1.456221 2.770761 0.167331
v 1.467234 2.793613 0.172970
v 1.534129 2.748304 0.173379
v 1.557699 2.757403 0.182672
v 1.549741 2.733281 0.177450
v 1.456221 2.565874 0.222230
v 1.478247 2.565874 0.222230
v 1.467234 2.548903 0.238540
v 1.400339 2.588346 0.216240
v 1.376769 2.585112 0.228837
v 1.384728 2.603392 0.212254
v 1.037011 2.416017 0.308749
v 1.048024 2.438627 0.302207
v 1.059037 2.416017 0.308750
v 0.981129 2.399594 0.325216
v 0.965518 2.388618 0.336253
v 0.957559 2.412120 0.328714
v 0.617802 2.565874 0.222230
v 0.639828 2.565874 0.222230
v 0.628815 2.548903 0.238540
v 0.561919 2.588346 0.216240
v 0.538349 2.585112 0.228837
v 0.546308 2.603392 0.212254
v 0.198592 2.416017 0.308750
v 0.209605 2.438627 0.302207
v 0.220618 2.416017 0.308750
v 0.142710 2.399594 0.325216
v 0.127098 2.388618 0.336253
v 0.119140 2.412120 0.328714
v -0.220618 2.565874 0.222230
v -0.198592 2.565874 0.222230
v -0.209605 2.548903 0.238540
v -0.276500 2.588346 0.216240
v -0.300070 2.585112 0.228837
v -0.292111 2.603392 0.212254
v -0.639828 2.416017 0.308750
v -0.628815 2.438627 0.302207
v -0.617802 2.416017 0.308750
v -0.695710 2.399594 0.325216
v -0.711321 2.388618 0.336253
v -0.719280 2.412120 0.328714
v -1.059037 2.565874 0.222230
v -1.037011 2.565874 0.222230
v -1.048024 2.548903 0.238540
v -1.114920 2.588346 0.216240
v -1.138490 2.585112 0.228837
v -1.130531 2.603392 0.212254
v -1.478247 2.416017 0.308750
v -1.467234 2.438627 0.302207
v -1.456221 2.416017 0.308750
v -1.534129 2.399594 0.325216
v -1.549740 2.388618 0.336253
v -1.557699 2.412120 0.328714
v 1.456221 2.179510 0.608593
v 1.467234 2.195819 0.591622
v 1.478247 2.179510 0.608593
v 1.400339 2.173520 0.631065
v 1.384727 2.169533 0.646112
v 1.376769 2.186117 0.627832
v 1.037011 2.266029 0.458737
v 1.059037 2.266029 0.458737
v 1.048024 2.259487 0.481347
v 0.981129 2.282495 0.442314
v 0.957559 2.285994 0.454840
v 0.965518 2.293533 0.431338
v 0.617801 2.179510 0.608593
v 0.628814 2.195819 0.591622
v 0.639827 2.179510 0.608593
v 0.561919 2.173520 0.631065
v 0.546308 2.169533 0.646112
v 0.538349 2.186117 0.627832
v 0.198592 2.266029 0.458737
v 0.220618 2.266029 0.458737
v 0.209605 2.259487 0.481347
v 0.142710 2.282495 0.442314
v 0.119139 2.285994 0.454840
v 0.127098 2.293533 0.431338
v -0.220618 2.179510 0.608593
v -0.209605 2.195819 0.591622
v -0.198592 2.179510 0.608593
v -0.276500 2.173520 0.631065
v -0.292112 2.169533 0.646112
v -0.300070 2.186117 0.627832
v -0.639828 2.266029 0.458738
v -0.617802 2.266029 0.458737
v -0.628815 2.259487 0.481347
v -0.695710 2.282495 0.442314
v -0.719280 2.285994 0.454840
v -0.711321 2.293533 0.431338
v -1.059037 2.179510 0.608593
v -1.048024 2.195819 0.591622
v -1.037011 2.179510 0.608593
v -1.114920 2.173520 0.631065
v -1.130531 2.169533 0.646112
v -1.138490 2.186117 0.627832
v -1.478247 2.266029 0.458738
v -1.456221 2.266029 0.458738
v -1.467234 2.259487 0.481347
v -1.534129 2.282496 0.442314
v -1.557699 2.285994 0.454840
v -1.549741 2.293533 0.431338
v 1.456221 2.124611 0.813480
v 1.478247 2.124611 0.813480
v 1.467234 2.130250 0.836333
v 1.400339 2.130659 0.791024
v 1.376769 2.139952 0.800123
v 1.384727 2.134730 0.776000
v 1.037011 2.124611 0.986519
v 1.048024 2.130250 0.963667
v 1.059037 2.124611 0.986519
v 0.981129 2.130659 1.008976
v 0.965518 2.134730 1.023999
v 0.957559 2.139952 0.999877
v 0.617801 2.124611 0.813481
v 0.639827 2.124611 0.813480
v 0.628814 2.130250 0.836333
v 0.561919 2.130659 0.791024
v 0.538349 2.139952 0.800123
v 0.546308 2.134730 0.776000
v 0.198592 2.124611 0.986519
v 0.209605 2.130250 0.963667
v 0.220618 2.124611 0.986519
v 0.142710 2.130659 1.008976
v 0.127098 2.134730 1.023999
v 0.119139 2.139952 0.999877
v -0.220618 2.124611 0.813481
v -0.198592 2.124611 0.813480
v -0.209605 2.130250 0.836333
v -0.276500 2.130659 0.791024
v -0.300070 2.139952 0.800123
v -0.292112 2.134730 0.776000
v -0.639828 2.124611 0.986519
v -0.628815 2.130250 0.963667
v -0.617802 2.124611 0.986519
v -0.695710 2.130659 1.008976
v -0.711321 2.134730 1.023999
v -0.719280 2.139952 0.999877
v -1.059037 2.124611 0.813480
v -1.037011 2.124611 0.813480
v -1.048024 2.130250 0.836333
v -1.114920 2.130659 0.791024
v -1.138490 2.139952 0.800123
v -1.130531 2.134730 0.776000
v -1.478247 2.124611 0.986519
v -1.467234 2.130250 0.963667
v -1.456221 2.124611 0.986519
v -1.534129 2.130659 1.008976
v -1.549741 2.134730 1.023999
v -1.557699 2.139952 0.999877
v 1.456221 2.266030 1.341262
v 1.467234 2.259488 1.318652
v 1.478247 2.266030 1.341262
v 1.400339 2.282496 1.357686
v 1.384727 2.293534 1.368661
v 1.376769 2.285995 1.345160
v 1.037011 2.179510 1.191406
v 1.059037 2.179510 1.191406
v 1.048024 2.195819 1.208377
v 0.981129 2.173520 1.168934
v 0.957559 2.186117 1.172168
v 0.965518 2.169533 1.153888
v 0.617801 2.266030 1.341262
v 0.628814 2.259488 1.318652
v 0.639827 2.266030 1.341262
v 0.561919 2.282496 1.357686
v 0.546308 2.293534 1.368661
v 0.538349 2.285995 1.345160
v 0.198592 2.179510 1.191406
v 0.220618 2.179510 1.191406
v 0.209605 2.195819 1.208377
v 0.142709 2.173520 1.168934
v 0.119139 2.186117 1.172168
v 0.127098 2.169533 1.153888
v -0.220618 2.266030 1.341262
v -0.209605 2.259488 1.318652
v -0.198592 2.266030 1.341262
v -0.276500 2.282496 1.357686
v -0.292112 2.293534 1.368661
v -0.300070 2.285995 1.345160
v -0.639828 2.179510 1.191406
v -0.617802 2.179510 1.191406
v -0.628815 2.195819 1.208377
v -0.695710 2.173520 1.168934
v -0.719280 2.186117 1.172168
v -0.711321 2.169533 1.153888
v -1.059037 2.266030 1.341262
v -1.048024 2.259488 1.318652
v -1.037011 2.266030 1.341262
v -1.114920 2.282496 1.357686
v -1.130531 2.293534 1.368661
v -1.138490 2.285995 1.345160
v -1.478247 2.179510 1.191406
v -1.456221 2.179510 1.191406
v -1.467234 2.195819 1.208377
v -1.534129 2.173520 1.168935
v -1.557699 2.186117 1.172168
v -1.549741 2.169533 1.153888
v 1.456221 2.416018 1.491250
v 1.478247 2.416018 1.491250
v 1.467234 2.438628 1.497793
v 1.400339 2.399594 1.474784
v 1.376769 2.412121 1.471286
v 1.384727 2.388619 1.463746
v 1.037011 2.565874 1.577770
v 1.048024 2.548903 1.561460
v 1.059037 2.565874 1.577770
v 0.981129 2.588346 1.583760
v 0.965518 2.603392 1.587746
v 0.957559 2.585112 1.571163
v 0.617801 2.416018 1.491250
v 0.639827 2.416018 1.491250
v 0.628814 2.438628 1.497793
v 0.561919 2.399594 1.474784
v 0.538349 2.412121 1.471286
v 0.546308 2.388619 1.463746
v 0.198592 2.565874 1.577770
v 0.209605 2.548903 1.561460
v 0.220618 2.565874 1.577770
v 0.142710 2.588346 1.583760
v 0.127098 2.603392 1.587746
v 0.119140 2.585112 1.571163
v -0.220618 2.416018 1.491250
v -0.198592 2.416018 1.491250
v -0.209605 2.438628 1.497793
v -0.276500 2.399594 1.474784
v -0.300070 2.412121 1.471286
v -0.292111 2.388619 1.463746
v -0.639828 2.565874 1.577770
v -0.628815 2.548903 1.561460
v -0.617802 2.565874 1.577770
v -0.695710 2.588346 1.583760
v -0.711321 2.603392 1.587746
v -0.719280 2.585112 1.571163
v -1.059037 2.416018 1.491250
v -1.037011 2.416018 1.491250
v -1.048024 2.438628 1.497793
v -1.114919 2.399594 1.474784
v -1.138489 2.412121 1.471286
v -1.130531 2.388619 1.463747
v -1.478247 2.565874 1.577770
v -1.467234 2.548903 1.561460
v -1.456221 2.565874 1.577770
v -1.534129 2.588346 1.583760
v -1.549740 2.603392 1.587746
v -1.557699 2.585112 1.571163
v 1.456221 2.943799 1.632669
v 1.467234 2.920947 1.627030
v 1.478247 2.943799 1.632669
v 1.400339 2.966256 1.626621
v 1.384727 2.981280 1.622550
v 1.376769 2.957157 1.617328
v 1.037011 2.770761 1.632669
v 1.059037 2.770761 1.632669
v 1.048024 2.793613 1.627030
v 0.981129 2.748304 1.626621
v 0.957559 2.757403 1.617328
v 0.965518 2.733281 1.622550
v 0.617802 2.943799 1.632669
v 0.628815 2.920947 1.627030
v 0.639828 2.943799 1.632669
v 0.561919 2.966255 1.626621
v 0.546308 2.981279 1.622550
v 0.538349 2.957156 1.617328
v 0.198592 2.770761 1.632669
v 0.220618 2.770761 1.632669
v 0.209605 2.793613 1.627030
v 0.142710 2.748304 1.626621
v 0.119140 2.757403 1.617328
v 0.127098 2.733281 1.622550
v -0.220618 2.943799 1.632669
v -0.209605 2.920947 1.627030
v -0.198592 2.943799 1.632669
v -0.276500 2.966256 1.626621
v -0.292111 2.981280 1.622550
v -0.300070 2.957157 1.617328
v -0.639828 2.770761 1.632669
v -0.617802 2.770761 1.632669
v -0.628815 2.793613 1.627030
v -0.695710 2.748304 1.626621
v -0.719280 2.757403 1.617328
v -0.711321 2.733281 1.622550
v -1.059037 2.943799 1.632669
v -1.048024 2.920947 1.627030
v -1.037011 2.943799 1.632669
v -1.114920 2.966256 1.626621
v -1.130531 2.981280 1.622550
v -1.138490 2.957157 1.617328
v -1.478247 2.770761 1.632669
v -1.456221 2.770761 1.632669
v -1.467234 2.793613 1.627030
v -1.534129 2.748304 1.626621
v -1.557699 2.757403 1.617328
v -1.549741 2.733281 1.622550
v 1.456221 3.148687 1.577770
v 1.478247 3.148687 1.577770
v 1.467234 3.165658 1.561460
v 1.400339 3.126214 1.583760
v 1.376769 3.129448 1.571163
v 1.384727 3.111168 1.587746
v 1.037011 3.298542 1.491250
v 1.048024 3.275933 1.497793
v 1.059037 3.298542 1.491250
v 0.981129 3.314966 1.474784
v 0.965518 3.325941 1.463747
v 0.957559 3.302439 1.471286
v 0.617801 3.148687 1.577770
v 0.639827 3.148687 1.577770
v 0.628814 3.165658 1.561460
v 0.561919 3.126214 1.583760
v 0.538349 3.129448 1.571163
v 0.546308 3.111168 1.587746
v 0.198592 3.298542 1.491250
v 0.209605 3.275933 1.497793
v 0.220618 3.298542 1.491250
v 0.142710 3.314966 1.474784
v 0.127098 3.325941 1.463747
v 0.119140 3.302439 1.471286
v -0.220618 3.148687 1.577770
v -0.198592 3.148687 1.577770
v -0.209605 3.165658 1.561460
v -0.276500 3.126214 1.583760
v -0.300070 3.129448 1.571163
v -0.292111 3.111168 1.587746
v -0.639828 3.298542 1.491250
v -0.628815 3.275933 1.497793
v -0.617802 3.298542 1.491250
v -0.695710 3.314966 1.474784
v -0.711321 3.325941 1.463747
v -0.719280 3.302439 1.471286
v -1.059037 3.148687 1.577770
v -1.037011 3.148687 1.577770
v -1.048024 3.165658 1.561460
v -1.114920 3.126214 1.583760
v -1.138490 3.129448 1.571163
v -1.130531 3.111168 1.587746
v -1.478247 3.298542 1.491250
v -1.467234 3.275933 1.497793
v -1.456221 3.298542 1.491250
v -1.534129 3.314966 1.474784
v -1.549740 3.325942 1.463747
v -1.557699 3.302440 1.471286
v 1.456221 3.535050 1.191406
v 1.467234 3.518741 1.208377
v 1.478247 3.535050 1.191406
v 1.400339 3.541040 1.168934
v 1.384728 3.545026 1.153888
v 1.376769 3.528443 1.172168
v 1.037011 3.448530 1.341263
v 1.059037 3.448530 1.341263
v 1.048024 3.455073 1.318653
v 0.981129 3.432064 1.357686
v 0.957559 3.428566 1.345160
v 0.965518 3.421027 1.368662
v 0.617802 3.535050 1.191406
v 0.628815 3.518741 1.208377
v 0.639828 3.535050 1.191406
v 0.561919 3.541040 1.168934
v 0.546308 3.545026 1.153888
v 0.538349 3.528443 1.172168
v 0.198592 3.448530 1.341263
v 0.220618 3.448530 1.341263
v 0.209605 3.455073 1.318653
v 0.142710 3.432064 1.357686
v 0.119140 3.428566 1.345160
v 0.127098 3.421027 1.368662
v -0.220618 3.535050 1.191406
v -0.209605 3.518741 1.208377
v -0.198592 3.535050 1.191406
v -0.276500 3.541040 1.168934
v -0.292111 3.545026 1.153888
v -0.300070 3.528443 1.172168
v -0.639828 3.448530 1.341263
v -0.617801 3.448530 1.341263
v -0.628815 3.455073 1.318653
v -0.695710 3.432064 1.357686
v -0.719280 3.428566 1.345160
v -0.711321 3.421027 1.368662
v -1.059037 3.535050 1.191406
v -1.048024 3.518741 1.208377
v -1.037011 3.535050 1.191406
v -1.114919 3.541040 1.168934
v -1.130531 3.545026 1.153888
v -1.138489 3.528443 1.172168
v -1.478247 3.448530 1.341262
v -1.456221 3.448530 1.341262
v -1.467234 3.455073 1.318653
v -1.534129 3.432064 1.357686
v -1.557699 3.428566 1.345160
v -1.549740 3.421027 1.368662
v 1.456221 3.589949 0.986519
v 1.478247 3.589949 0.986519
v 1.467234 3.584310 0.963667
v 1.400339 3.583900 1.008976
v 1.376769 3.574608 0.999877
v 1.384727 3.579829 1.023999
v 1.037011 3.589949 0.813481
v 1.048024 3.584310 0.836333
v 1.059037 3.589949 0.813481
v 0.981129 3.583900 0.791024
v 0.965518 3.579829 0.776000
v 0.957559 3.574608 0.800123
v 0.617802 3.589949 0.986519
v 0.639828 3.589949 0.986519
v 0.628815 3.584310 0.963667
v 0.561919 3.583900 1.008976
v 0.538349 3.574608 0.999877
v 0.546308 3.579829 1.023999
v 0.198592 3.589949 0.813481
v 0.209605 3.584310 0.836333
v 0.220618 3.589949 0.813481
v 0.142710 3.583901 0.791024
v 0.127098 3.579830 0.776001
v 0.119140 3.574608 0.800123
v -0.220618 3.589949 0.986519
v -0.198592 3.589949 0.986519
v -0.209605 3.584310 0.963667
v -0.276500 3.583900 1.008976
v -0.300070 3.574608 0.999877
v -0.292111 3.579829 1.023999
v -0.639827 3.589949 0.813481
v -0.628814 3.584310 0.836333
v -0.617801 3.589949 0.813481
v -0.695710 3.583901 0.791024
v -0.711321 3.579830 0.776001
v -0.719280 3.574608 0.800123
v -1.059037 3.589949 0.986519
v -1.037011 3.589949 0.986519
v -1.048024 3.584310 0.963667
v -1.114919 3.583900 1.008976
v -1.138489 3.574608 0.999877
v -1.130531 3.579829 1.023999
v -1.478247 3.589949 0.813481
v -1.467234 3.584310 0.836333
v -1.456221 3.589949 0.813481
v -1.534129 3.583900 0.791024
v -1.549740 3.579829 0.776000
v -1.557699 3.574608 0.800123
v 1.456221 3.448530 0.458737
v 1.467234 3.455073 0.481347
v 1.478247 3.448530 0.458737
v 1.400339 3.432064 0.442314
v 1.384728 3.421027 0.431338
v 1.376769 3.428566 0.454840
v 1.037011 3.535050 0.608593
v 1.059037 3.535050 0.608593
v 1.048024 3.518741 0.591623
v 0.981129 3.541040 0.631065
v 0.957559 3.528443 0.627832
v 0.965518 3.545027 0.646112
v 0.617802 3.448530 0.458737
v 0.628815 3.455073 0.481347
v 0.639828 3.448530 0.458737
v 0.561919 3.432064 0.442314
v 0.546308 3.421027 0.431338
v 0.538349 3.428566 0.454840
v 0.198592 3.535050 0.608593
v 0.220618 3.535050 0.608593
v 0.209605 3.518741 0.591622
v 0.142710 3.541040 0.631065
v 0.119140 3.528443 0.627832
v 0.127098 3.545027 0.646112
v -0.220618 3.448530 0.458737
v -0.209605 3.455073 0.481347
v -0.198592 3.448530 0.458737
v -0.276500 3.432064 0.442314
v -0.292111 3.421027 0.431338
v -0.300070 3.428566 0.454840
v -0.639827 3.535050 0.608593
v -0.617801 3.535050 0.608593
v -0.628814 3.518741 0.591622
v -0.695710 3.541040 0.631065
v -0.719280 3.528443 0.627832
v -0.711321 3.545027 0.646112
v -1.059037 3.448530 0.458737
v -1.048024 3.455073 0.481347
v -1.037011 3.448530 0.458737
v -1.114919 3.432064 0.442314
v -1.130531 3.421027 0.431338
v -1.138489 3.428566 0.454840
v -1.478247 3.535050 0.608594
v -1.456221 3.535050 0.608594
v -1.467234 3.518741 0.591623
v -1.534129 3.541040 0.631065
v -1.557699 3.528443 0.627832
v -1.549740 3.545027 0.646112
v 1.456221 3.298542 0.308750
v 1.478247 3.298542 0.308750
v 1.467234 3.275933 0.302207
v 1.400339 3.314966 0.325216
v 1.376769 3.302439 0.328714
v 1.384727 3.325941 0.336253
v 1.037011 3.148687 0.222230
v 1.048024 3.165658 0.238540
v 1.059037 3.148687 0.222230
v 0.981129 3.126214 0.216240
v 0.965518 3.111168 0.212254
v 0.957559 3.129448 0.228837
v 0.617802 3.298542 0.308750
v 0.639828 3.298542 0.308750
v 0.628815 3.275933 0.302207
v 0.561919 3.314966 0.325216
v 0.538349 3.302439 0.328714
v 0.546308 3.325941 0.336253
v 0.198592 3.148687 0.222230
v 0.209605 3.165658 0.238540
v 0.220618 3.148687 0.222230
v 0.142710 3.126214 0.216240
v 0.127098 3.111168 0.212254
v 0.119140 3.129448 0.228837
v -0.220618 3.298542 0.308750
v -0.198592 3.298542 0.308750
v -0.209605 3.275933 0.302207
v -0.276500 3.314966 0.325216
v -0.300070 3.302439 0.328714
v -0.292111 3.325941 0.336253
v -0.639828 3.148687 0.222230
v -0.628815 3.165658 0.238540
v -0.617802 3.148687 0.222230
v -0.695710 3.126214 0.216240
v -0.711321 3.111168 0.212254
v -0.719280 3.129448 0.228837
v -1.059037 3.298542 0.308750
v -1.037011 3.298542 0.308750
v -1.048024 3.275933 0.302207
v -1.114920 3.314966 0.325216
v -1.138490 3.302439 0.328714
v -1.130531 3.325941 0.336253
v -1.478247 3.148687 0.222230
v -1.467234 3.165658 0.238540
v -1.456221 3.148687 0.222230
v -1.534129 3.126214 0.216240
v -1.549741 3.111168 0.212254
v -1.557699 3.129448 0.228837
v -1.572915 3.035562 0.192028
v -1.594627 3.043302 0.205755
v -1.572915 3.056869 0.197737
v -1.549741 2.981279 0.177450
v -1.534129 2.966256 0.173379
v -1.557699 2.957157 0.182672
v -1.361553 3.035562 0.192028
v -1.361553 3.056869 0.197737
v -1.339841 3.043302 0.205755
v -0.734495 3.035562 0.192028
v -0.756207 3.043302 0.205755
v -0.734495 3.056869 0.197737
v -0.711321 2.981280 0.177450
v -0.695710 2.966256 0.173379
v -0.719280 2.957157 0.182672
v -0.523134 3.035562 0.192028
v -0.523134 3.056869 0.197737
v -0.501422 3.043302 0.205755
v 0.103924 3.035562 0.192028
v 0.082212 3.043302 0.205755
v 0.103924 3.056869 0.197737
v 0.127098 2.981280 0.177450
v 0.142710 2.966256 0.173379
v 0.119140 2.957157 0.182672
v 0.315286 3.035562 0.192028
v 0.315286 3.056869 0.197737
v 0.336998 3.043302 0.205755
v 0.942344 3.035562 0.192028
v 0.920632 3.043302 0.205755
v 0.942344 3.056869 0.197737
v 0.965518 2.981280 0.177450
v 0.981129 2.966256 0.173379
v 0.957559 2.957157 0.182672
v 1.153705 3.035562 0.192028
v 1.153705 3.056869 0.197737
v 1.175417 3.043302 0.205755
v -1.153705 3.365663 0.376020
v -1.175417 3.365503 0.391777
v -1.153705 3.381260 0.391617
v -0.942344 3.365663 0.376020
v -0.942344 3.381260 0.391617
v -0.920632 3.365503 0.391777
v -0.965518 3.325941 0.336253
v -0.957559 3.302439 0.328714
v -0.981129 3.314966 0.325216
v -0.315285 3.365663 0.376020
v -0.336998 3.365503 0.391777
v -0.315286 3.381260 0.391617
v -0.103924 3.365663 0.376020
v -0.103924 3.381260 0.391617
v -0.082212 3.365503 0.391777
v -0.127098 3.325941 0.336253
v -0.119140 3.302439 0.328714
v -0.142710 3.314966 0.325216
v 0.523134 3.365663 0.376020
v 0.501422 3.365503 0.391777
v 0.523134 3.381260 0.391617
v 0.734495 3.365663 0.376020
v 0.734495 3.381260 0.391617
v 0.756207 3.365503 0.391777
v 0.711321 3.325941 0.336253
v 0.719280 3.302439 0.328714
v 0.695710 3.314966 0.325216
v 1.361553 3.365663 0.376020
v 1.339841 3.365503 0.391777
v 1.361553 3.381260 0.391617
v 1.572915 3.365663 0.376020
v 1.572915 3.381260 0.391617
v 1.594627 3.365503 0.391777
v 1.549740 3.325941 0.336253
v 1.557699 3.302439 0.328714
v 1.534129 3.314966 0.325216
v -1.572914 3.559543 0.700411
v -1.594626 3.551525 0.713977
v -1.572914 3.565252 0.721718
v -1.361553 3.559543 0.700411
v -1.361553 3.565252 0.721718
v -1.339841 3.551525 0.713978
v -1.384727 3.545027 0.646112
v -1.376769 3.528443 0.627832
v -1.400339 3.541040 0.631066
v -0.734495 3.559543 0.700411
v -0.756207 3.551525 0.713978
v -0.734495 3.565252 0.721718
v -0.523134 3.559543 0.700411
v -0.523134 3.565252 0.721718
v -0.501422 3.551525 0.713977
v -0.546308 3.545026 0.646112
v -0.538349 3.528443 0.627832
v -0.561919 3.541040 0.631065
v 0.103924 3.559543 0.700411
v 0.082212 3.551525 0.713978
v 0.103924 3.565252 0.721718
v 0.315286 3.559543 0.700411
v 0.315286 3.565252 0.721718
v 0.336998 3.551525 0.713978
v 0.292111 3.545026 0.646112
v 0.300070 3.528443 0.627832
v 0.276500 3.541040 0.631065
v 0.942344 3.559543 0.700411
v 0.920632 3.551525 0.713978
v 0.942344 3.565252 0.721718
v 1.153705 3.559543 0.700411
v 1.153705 3.565252 0.721718
v 1.175417 3.551525 0.713978
v 1.130531 3.545027 0.646112
v 1.138490 3.528443 0.627832
v 1.114920 3.541040 0.631065
v -1.153705 3.565252 1.078282
v -1.175417 3.551525 1.086022
v -1.153705 3.559543 1.099589
v -0.942344 3.565252 1.078282
v -0.942344 3.559543 1.099589
v -0.920632 3.551525 1.086022
v -0.965518 3.579830 1.023999
v -0.957559 3.574608 0.999877
v -0.981129 3.583901 1.008976
v -0.315285 3.565252 1.078282
v -0.336997 3.551525 1.086022
v -0.315285 3.559543 1.099589
v -0.103924 3.565252 1.078282
v -0.103924 3.559543 1.099589
v -0.082212 3.551525 1.086022
v -0.127098 3.579830 1.023999
v -0.119140 3.574608 0.999877
v -0.142710 3.583901 1.008976
v 0.523134 3.565252 1.078282
v 0.501422 3.551525 1.086022
v 0.523134 3.559543 1.099589
v 0.734495 3.565252 1.078282
v 0.734495 3.559543 1.099589
v 0.756207 3.551525 1.086022
v 0.711321 3.579830 1.023999
v 0.719280 3.574608 0.999877
v 0.695710 3.583901 1.008976
v 1.361553 3.565252 1.078282
v 1.339841 3.551525 1.086022
v 1.361553 3.559543 1.099589
v 1.572914 3.565252 1.078282
v 1.572915 3.559543 1.099589
v 1.594627 3.551525 1.086022
v 1.549740 3.579830 1.023999
v 1.557699 3.574608 0.999877
v 1.534129 3.583901 1.008976
v -1.572915 3.381260 1.408383
v -1.594627 3.365503 1.408223
v -1.572914 3.365663 1.423980
v -1.361553 3.381260 1.408383
v -1.361553 3.365663 1.423980
v -1.339841 3.365503 1.408223
v -1.384727 3.421026 1.368662
v -1.376769 3.428565 1.345160
v -1.400339 3.432064 1.357686
v -0.734495 3.381260 1.408383
v -0.756207 3.365503 1.408223
v -0.734495 3.365663 1.423980
v -0.523134 3.381260 1.408383
v -0.523134 3.365663 1.423980
v -0.501422 3.365503 1.408223
v -0.546308 3.421027 1.368662
v -0.538349 3.428566 1.345160
v -0.561919 3.432064 1.357686
v 0.103924 3.381260 1.408383
v 0.082212 3.365503 1.408223
v 0.103924 3.365663 1.423980
v 0.315286 3.381260 1.408383
v 0.315285 3.365663 1.423980
v 0.336998 3.365503 1.408223
v 0.292111 3.421027 1.368662
v 0.300070 3.428566 1.345160
v 0.276500 3.432064 1.357686
v 0.942344 3.381260 1.408383
v 0.920632 3.365503 1.408223
v 0.942344 3.365663 1.423980
v 1.153705 3.381260 1.408383
v 1.153705 3.365663 1.423980
v 1.175417 3.365503 1.408223
v 1.130531 3.421027 1.368662
v 1.138490 3.428566 1.345160
v 1.114920 3.432064 1.357686
v -1.153705 3.056869 1.602263
v -1.175417 3.043302 1.594245
v -1.153705 3.035562 1.607972
v -0.942344 3.056869 1.602263
v -0.942344 3.035562 1.607972
v -0.920632 3.043302 1.594245
v -0.965518 3.111168 1.587746
v -0.957559 3.129448 1.571163
v -0.981129 3.126214 1.583760
v -0.315286 3.056869 1.602263
v -0.336998 3.043302 1.594245
v -0.315286 3.035562 1.607972
v -0.103924 3.056869 1.602263
v -0.103924 3.035562 1.607972
v -0.082212 3.043302 1.594245
v -0.127098 3.111168 1.587746
v -0.119140 3.129448 1.571163
v -0.142710 3.126214 1.583760
v 0.523134 3.056869 1.602263
v 0.501422 3.043302 1.594245
v 0.523134 3.035562 1.607972
v 0.734495 3.056869 1.602263
v 0.734495 3.035562 1.607972
v 0.756207 3.043302 1.594245
v 0.711321 3.111168 1.587746
v 0.719280 3.129448 1.571163
v 0.695710 3.126215 1.583760
v 1.361553 3.056869 1.602263
v 1.339841 3.043302 1.594245
v 1.361553 3.035562 1.607972
v 1.572915 3.056869 1.602263
v 1.572915 3.035562 1.607972
v 1.594627 3.043302 1.594245
v 1.549741 3.111168 1.587746
v 1.557699 3.129448 1.571163
v 1.534129 3.126214 1.583760
v -1.572915 2.678998 1.607972
v -1.594627 2.671258 1.594245
v -1.572915 2.657691 1.602263
v -1.361553 2.678998 1.607972
v -1.361553 2.657691 1.602263
v -1.339841 2.671258 1.594245
v -1.384728 2.733281 1.622550
v -1.376769 2.757403 1.617328
v -1.400339 2.748304 1.626621
v -0.734495 2.678998 1.607972
v -0.756207 2.671258 1.594245
v -0.734495 2.657691 1.602263
v -0.523134 2.678998 1.607972
v -0.523134 2.657691 1.602263
v -0.501422 2.671258 1.594245
v -0.546308 2.733281 1.622550
v -0.538349 2.757403 1.617328
v -0.561919 2.748304 1.626621
v 0.103924 2.678998 1.607972
v 0.082212 2.671258 1.594245
v 0.103924 2.657691 1.602263
v 0.315285 2.678998 1.607972
v 0.315285 2.657691 1.602263
v 0.336998 2.671258 1.594245
v 0.292111 2.733281 1.622550
v 0.300070 2.757403 1.617328
v 0.276500 2.748304 1.626621
v 0.942344 2.678998 1.607972
v 0.920632 2.671258 1.594245
v 0.942344 2.657691 1.602263
v 1.153705 2.678998 1.607972
v 1.153705 2.657691 1.602263
v 1.175417 2.671258 1.594245
v 1.130531 2.733281 1.622550
v 1.138490 2.757403 1.617328
v 1.114920 2.748304 1.626621
v -1.153705 2.348897 1.423980
v -1.175417 2.349058 1.408223
v -1.153705 2.333300 1.408383
v -0.942344 2.348897 1.423980
v -0.942344 2.333300 1.408383
v -0.920632 2.349058 1.408222
v -0.965518 2.388619 1.463746
v -0.957559 2.412120 1.471286
v -0.981129 2.399594 1.474784
v -0.315286 2.348897 1.423980
v -0.336998 2.349058 1.408223
v -0.315286 2.333300 1.408383
v -0.103924 2.348897 1.423980
v -0.103924 2.333300 1.408383
v -0.082212 2.349058 1.408223
v -0.127098 2.388619 1.463746
v -0.119140 2.412121 1.471286
v -0.142710 2.399594 1.474784
v 0.523134 2.348897 1.423980
v 0.501422 2.349058 1.408223
v 0.523134 2.333300 1.408383
v 0.734495 2.348897 1.423980
v 0.734495 2.333300 1.408383
v 0.756207 2.349058 1.408223
v 0.711321 2.388619 1.463746
v 0.719280 2.412121 1.471286
v 0.695710 2.399594 1.474784
v 1.361553 2.348897 1.423980
v 1.339841 2.349058 1.408223
v 1.361553 2.333300 1.408383
v 1.572914 2.348897 1.423980
v 1.572915 2.333300 1.408383
v 1.594627 2.349058 1.408223
v 1.549740 2.388619 1.463746
v 1.557699 2.412121 1.471286
v 1.534129 2.399594 1.474784
v -1.572915 2.155017 1.099589
v -1.594627 2.163035 1.086022
v -1.572915 2.149308 1.078282
v -1.361554 2.155017 1.099589
v -1.361554 2.149308 1.078282
v -1.339842 2.163035 1.086022
v -1.384728 2.169533 1.153888
v -1.376769 2.186117 1.172168
v -1.400339 2.173520 1.168934
v -0.734495 2.155017 1.099589
v -0.756207 2.163035 1.086022
v -0.734495 2.149308 1.078282
v -0.523134 2.155017 1.099589
v -0.523134 2.149308 1.078282
v -0.501422 2.163035 1.086022
v -0.546308 2.169533 1.153888
v -0.538350 2.186117 1.172168
v -0.561920 2.173520 1.168934
v 0.103924 2.155017 1.099589
v 0.082212 2.163035 1.086022
v 0.103924 2.149308 1.078282
v 0.315285 2.155017 1.099589
v 0.315285 2.149308 1.078282
v 0.336997 2.163035 1.086022
v 0.292111 2.169533 1.153888
v 0.300070 2.186117 1.172168
v 0.276500 2.173520 1.168934
v 0.942343 2.155017 1.099589
v 0.920631 2.163035 1.086022
v 0.942343 2.149308 1.078282
v 1.153705 2.155017 1.099589
v 1.153705 2.149308 1.078282
v 1.175417 2.163035 1.086022
v 1.130530 2.169533 1.153888
v 1.138489 2.186117 1.172168
v 1.114919 2.173520 1.168934
v -1.153705 2.149308 0.721718
v -1.175417 2.163035 0.713978
v -1.153705 2.155017 0.700411
v -0.942344 2.149308 0.721718
v -0.942344 2.155017 0.700411
v -0.920632 2.163035 0.713978
v -0.965518 2.134730 0.776000
v -0.957559 2.139952 0.800123
v -0.981129 2.130659 0.791024
v -0.315286 2.149308 0.721718
v -0.336998 2.163035 0.713978
v -0.315286 2.155017 0.700411
v -0.103924 2.149308 0.721718
v -0.103924 2.155017 0.700411
v -0.082212 2.163035 0.713978
v -0.127098 2.134730 0.776000
v -0.119140 2.139952 0.800123
v -0.142710 2.130659 0.791024
v 0.523134 2.149308 0.721718
v 0.501422 2.163035 0.713978
v 0.523134 2.155017 0.700411
v 0.734495 2.149308 0.721718
v 0.734495 2.155017 0.700411
v 0.756207 2.163035 0.713978
v 0.711321 2.134730 0.776000
v 0.719280 2.139952 0.800123
v 0.695710 2.130659 0.791024
v 1.361553 2.149308 0.721718
v 1.339841 2.163035 0.713978
v 1.361553 2.155017 0.700411
v 1.572914 2.149308 0.721718
v 1.572915 2.155017 0.700411
v 1.594627 2.163035 0.713978
v 1.549740 2.134730 0.776000
v 1.557699 2.139952 0.800123
v 1.534129 2.130659 0.791024
v -1.572915 2.333299 0.391617
v -1.594627 2.349057 0.391777
v -1.572914 2.348897 0.376020
v -1.361553 2.333299 0.391617
v -1.361554 2.348897 0.376020
v -1.339841 2.349057 0.391777
v -1.384728 2.293533 0.431339
v -1.376769 2.285994 0.454840
v -1.400339 2.282495 0.442314
v -0.734495 2.333299 0.391617
v -0.756207 2.349057 0.391777
v -0.734495 2.348897 0.376020
v -0.523134 2.333299 0.391617
v -0.523134 2.348897 0.376020
v -0.501422 2.349057 0.391777
v -0.546308 2.293533 0.431338
v -0.538349 2.285994 0.454840
v -0.561919 2.282495 0.442314
v 0.103924 2.333299 0.391617
v 0.082212 2.349057 0.391777
v 0.103924 2.348897 0.376020
v 0.315285 2.333299 0.391617
v 0.315285 2.348897 0.376020
v 0.336997 2.349057 0.391777
v 0.292111 2.293533 0.431338
v 0.300070 2.285994 0.454840
v 0.276500 2.282495 0.442314
v 0.942344 2.333299 0.391617
v 0.920632 2.349057 0.391777
v 0.942344 2.348897 0.376020
v 1.153705 2.333299 0.391617
v 1.153705 2.348897 0.376020
v 1.175417 2.349057 0.391777
v 1.130531 2.293533 0.431338
v 1.138489 2.285994 0.454840
v 1.114919 2.282495 0.442314
v -1.153705 2.657691 0.197737
v -1.175417 2.671258 0.205755
v -1.153705 2.678998 0.192028
v -0.942344 2.657691 0.197737
v -0.942344 2.678998 0.192028
v -0.920632 2.671258 0.205755
v -0.965518 2.603392 0.212254
v -0.957559 2.585112 0.228837
v -0.981129 2.588346 0.216240
v -0.315285 2.657691 0.197737
v -0.336998 2.671258 0.205755
v -0.315285 2.678998 0.192028
v -0.103924 2.657691 0.197737
v -0.103924 2.678998 0.192028
v -0.082212 2.671258 0.205755
v -0.127098 2.603392 0.212254
v -0.119140 2.585112 0.228837
v -0.142710 2.588346 0.216240
v 0.523134 2.657691 0.197737
v 0.501422 2.671258 0.205755
v 0.523134 2.678998 0.192028
v 0.734495 2.657691 0.197737
v 0.734495 2.678998 0.192028
v 0.756207 2.671258 0.205755
v 0.711321 2.603392 0.212254
v 0.719280 2.585112 0.228837
v 0.695710 2.588346 0.216240
v 1.361553 2.657691 0.197737
v 1.339841 2.671258 0.205755
v 1.361553 2.678998 0.192028
v 1.572915 2.657691 0.197737
v 1.572915 2.678998 0.192028
v 1.594627 2.671258 0.205755
v 1.549740 2.603392 0.212254
v 1.557699 2.585112 0.228837
v 1.534129 2.588346 0.216240
v -1.114920 2.748304 0.173379
v -1.130531 2.733281 0.177450
v -1.138490 2.757403 0.182672
v -0.276500 2.748304 0.173379
v -0.292111 2.733281 0.177450
v -0.300070 2.757403 0.182672
v 0.561919 2.748304 0.173379
v 0.546308 2.733281 0.177450
v 0.538349 2.757403 0.182672
v 1.400339 2.748304 0.173379
v 1.384728 2.733281 0.177450
v 1.376769 2.757403 0.182672
v 1.114920 2.399594 0.325216
v 1.138489 2.412120 0.328714
v 1.130531 2.388618 0.336253
v 0.276500 2.399594 0.325216
v 0.300070 2.412120 0.328714
v 0.292111 2.388618 0.336253
v -0.561919 2.399594 0.325216
v -0.538349 2.412120 0.328714
v -0.546308 2.388618 0.336253
v -1.400339 2.399593 0.325216
v -1.376769 2.412120 0.328714
v -1.384727 2.388618 0.336254
v 1.534129 2.173520 0.631065
v 1.557699 2.186117 0.627832
v 1.549740 2.169533 0.646112
v 0.695710 2.173520 0.631065
v 0.719280 2.186117 0.627832
v 0.711321 2.169533 0.646112
v -0.142710 2.173520 0.631065
v -0.119140 2.186117 0.627832
v -0.127099 2.169533 0.646112
v -0.981129 2.173520 0.631065
v -0.957559 2.186117 0.627832
v -0.965518 2.169533 0.646112
v 1.114919 2.130659 1.008976
v 1.138489 2.139952 0.999877
v 1.130531 2.134730 1.023999
v 0.276500 2.130659 1.008976
v 0.300070 2.139952 0.999877
v 0.292111 2.134730 1.023999
v -0.561920 2.130659 1.008976
v -0.538350 2.139952 0.999877
v -0.546308 2.134730 1.023999
v -1.400339 2.130659 1.008976
v -1.376769 2.139952 0.999877
v -1.384728 2.134730 1.023999
v 1.534129 2.282496 1.357686
v 1.557699 2.285995 1.345160
v 1.549740 2.293534 1.368661
v 0.695710 2.282496 1.357686
v 0.719280 2.285995 1.345160
v 0.711321 2.293534 1.368661
v -0.142710 2.282496 1.357686
v -0.119140 2.285995 1.345160
v -0.127098 2.293534 1.368661
v -0.981129 2.282496 1.357686
v -0.957559 2.285995 1.345160
v -0.965518 2.293534 1.368661
v 1.114920 2.588346 1.583760
v 1.138490 2.585112 1.571163
v 1.130531 2.603392 1.587746
v 0.276500 2.588346 1.583760
v 0.300070 2.585112 1.571163
v 0.292111 2.603392 1.587746
v -0.561919 2.588346 1.583760
v -0.538349 2.585112 1.571163
v -0.546308 2.603392 1.587746
v -1.400339 2.588346 1.583760
v -1.376769 2.585112 1.571163
v -1.384728 2.603392 1.587746
v 1.534129 2.966256 1.626621
v 1.557699 2.957157 1.617328
v 1.549741 2.981279 1.622550
v 0.695710 2.966256 1.626621
v 0.719280 2.957157 1.617328
v 0.711321 2.981280 1.622550
v -0.142710 2.966256 1.626621
v -0.119140 2.957157 1.617328
v -0.127098 2.981280 1.622550
v -0.981129 2.966256 1.626621
v -0.957559 2.957157 1.617328
v -0.965518 2.981280 1.622550
v 1.114920 3.314966 1.474784
v 1.138490 3.302439 1.471286
v 1.130531 3.325941 1.463747
v 0.276500 3.314966 1.474784
v 0.300070 3.302439 1.471286
v 0.292111 3.325941 1.463747
v -0.561919 3.314966 1.474784
v -0.538349 3.302439 1.471286
v -0.546308 3.325941 1.463747
v -1.400339 3.314966 1.474784
v -1.376769 3.302439 1.471286
v -1.384727 3.325941 1.463747
v 1.534129 3.541040 1.168934
v 1.557699 3.528443 1.172168
v 1.549741 3.545027 1.153888
v 0.695710 3.541040 1.168934
v 0.719280 3.528443 1.172168
v 0.711321 3.545027 1.153888
v -0.142710 3.541040 1.168934
v -0.119140 3.528443 1.172168
v -0.127098 3.545027 1.153888
v -0.981129 3.541040 1.168934
v -0.957559 3.528443 1.172168
v -0.965518 3.545027 1.153888
v 1.114920 3.583900 0.791024
v 1.138490 3.574608 0.800123
v 1.130531 3.579829 0.776000
v 0.276500 3.583900 0.791024
v 0.300070 3.574608 0.800123
v 0.292111 3.579829 0.776000
v -0.561919 3.583900 0.791024
v -0.538349 3.574608 0.800123
v -0.546308 3.579829 0.776000
v -1.400339 3.583900 0.791024
v -1.376769 3.574608 0.800123
v -1.384727 3.579829 0.776001
v 1.534129 3.432064 0.442314
v 1.557699 3.428566 0.454840
v 1.549741 3.421027 0.431338
v 0.695710 3.432064 0.442314
v 0.719280 3.428566 0.454840
v 0.711321 3.421027 0.431338
v -0.142710 3.432064 0.442314
v -0.119140 3.428566 0.454840
v -0.127098 3.421027 0.431338
v -0.981129 3.432064 0.442314
v -0.957559 3.428566 0.454840
v -0.965518 3.421027 0.431338
v 1.114920 3.126214 0.216240
v 1.138490 3.129448 0.228837
v 1.130531 3.111168 0.212254
v 0.276500 3.126214 0.216240
v 0.300070 3.129448 0.228837
v 0.292111 3.111168 0.212254
v -0.561919 3.126214 0.216240
v -0.538349 3.129448 0.228837
v -0.546308 3.111168 0.212254
v -1.400339 3.126214 0.216240
v -1.376769 3.129448 0.228837
v -1.384727 3.111168 0.212254
v -2.131990 2.857280 0.155910
v -2.120150 2.857280 0.143652
v -2.120150 2.479106 0.244984
v -2.131990 2.485235 0.255599
v 2.131990 2.485235 0.255599
v 2.120150 2.479106 0.244984
v 2.120150 2.857280 0.143652
v 2.131990 2.857280 0.155910
v -2.120150 2.202264 0.521826
v -2.131990 2.212879 0.527955
v 2.131989 2.212879 0.527955
v 2.120149 2.202264 0.521826
v -2.131990 2.116255 0.888563
v -2.120150 2.100932 0.900000
v -2.131990 2.116255 0.911437
v 2.131989 2.116255 0.888563
v 2.131989 2.116255 0.911437
v 2.120149 2.100932 0.900000
v -2.120150 2.202264 1.278174
v -2.131990 2.212879 1.272045
v 2.131989 2.212879 1.272045
v 2.120149 2.202264 1.278174
v -2.120150 2.479106 1.555016
v -2.131990 2.485235 1.544401
v 2.131990 2.485235 1.544401
v 2.120150 2.479106 1.555016
v -2.120150 2.857280 1.656348
v -2.131990 2.857280 1.644090
v 2.131990 2.857280 1.644090
v 2.120150 2.857280 1.656348
v -2.131990 3.217888 1.547465
v -2.120150 3.235454 1.555016
v -2.131990 3.237697 1.536028
v 2.131990 3.217888 1.547465
v 2.131990 3.237697 1.536028
v 2.120150 3.235454 1.555016
v -2.120149 3.512296 1.278174
v -2.131989 3.501681 1.272045
v 2.131990 3.501681 1.272045
v 2.120150 3.512296 1.278174
v -2.120149 3.613627 0.900000
v -2.131989 3.601370 0.900000
v 2.131990 3.601370 0.900000
v 2.120150 3.613627 0.900000
v -2.120149 3.512296 0.521826
v -2.131989 3.501681 0.527955
v 2.131990 3.501681 0.527955
v 2.120150 3.512296 0.521826
v -2.131990 3.237697 0.263972
v -2.120150 3.235454 0.244984
v -2.131990 3.217888 0.252535
v 2.131990 3.237697 0.263972
v 2.131990 3.217888 0.252535
v 2.120150 3.235454 0.244984
v -1.859780 2.857280 0.026933
v -1.847940 2.857280 0.039190
v -1.847940 2.426876 0.154517
v -1.859780 2.420747 0.143901
v 1.859780 2.420747 0.143901
v 1.847940 2.426876 0.154517
v 1.847940 2.857280 0.039190
v 1.859780 2.857280 0.026933
v -1.847940 2.111797 0.469595
v -1.859780 2.101182 0.463466
v 1.859780 2.109554 0.455094
v 1.859780 2.098117 0.474903
v 1.847940 2.111797 0.469595
v -1.859780 1.987277 0.888563
v -1.847940 1.996470 0.900000
v -1.859780 1.987277 0.911437
v 1.859780 1.987277 0.888563
v 1.859780 1.987277 0.911437
v 1.847940 1.996470 0.900000
v -1.859780 2.098117 1.325097
v -1.847940 2.111797 1.330405
v -1.859780 2.109554 1.344906
v 1.859780 2.098117 1.325097
v 1.859780 2.109554 1.344906
v 1.847940 2.111797 1.330405
v -1.847940 2.426876 1.645483
v -1.859780 2.420747 1.656098
v 1.859780 2.420747 1.656098
v 1.847940 2.426876 1.645483
v -1.847940 2.857280 1.760810
v -1.859780 2.857280 1.773067
v 1.859780 2.857280 1.773067
v 1.847940 2.857280 1.760810
v -1.847940 3.287685 1.645483
v -1.859780 3.293814 1.656098
v 1.859780 3.293814 1.656098
v 1.847940 3.287685 1.645483
v -1.859780 3.605006 1.344906
v -1.847940 3.602763 1.330405
v -1.859780 3.616443 1.325097
v 1.859780 3.605006 1.344906
v 1.859780 3.616443 1.325097
v 1.847940 3.602763 1.330405
v -1.847940 3.718090 0.900000
v -1.859780 3.730347 0.900000
v 1.859780 3.730347 0.900000
v 1.847940 3.718090 0.900000
v -1.847940 3.602763 0.469595
v -1.859780 3.605006 0.455094
v -1.859780 3.616443 0.474903
v 1.859780 3.616443 0.474903
v 1.859780 3.605006 0.455094
v 1.847940 3.602763 0.469595
v -1.847940 3.287685 0.154517
v -1.859780 3.293814 0.143901
v 1.859780 3.293814 0.143901
v 1.847940 3.287685 0.154517
v -2.120150 2.857280 0.039190
v -2.108310 2.857280 0.026933
v -2.108310 2.420747 0.143901
v -2.120150 2.426876 0.154517
v 2.120150 2.426876 0.154517
v 2.108310 2.420747 0.143901
v 2.108310 2.857280 0.026933
v 2.120150 2.857280 0.039190
v -2.108310 2.101182 0.463466
v -2.120150 2.111797 0.469595
v 2.120149 2.111797 0.469595
v 2.108309 2.098117 0.474903
v 2.108309 2.109554 0.455094
v -2.108310 1.987277 0.888563
v -2.108310 1.987277 0.911437
v -2.120150 1.996470 0.900000
v 2.108309 1.987277 0.888563
v 2.120149 1.996470 0.900000
v 2.108309 1.987277 0.911437
v -2.108310 2.098117 1.325097
v -2.108310 2.109554 1.344906
v -2.120150 2.111797 1.330405
v 2.108309 2.098117 1.325097
v 2.120149 2.111797 1.330405
v 2.108309 2.109554 1.344906
v -2.108310 2.420747 1.656098
v -2.120150 2.426876 1.645483
v 2.120150 2.426876 1.645483
v 2.108310 2.420747 1.656098
v -2.108310 2.857280 1.773067
v -2.120150 2.857280 1.760810
v 2.120150 2.857280 1.760810
v 2.108310 2.857280 1.773067
v -2.108310 3.293814 1.656098
v -2.120150 3.287685 1.645483
v 2.120150 3.287685 1.645483
v 2.108310 3.293814 1.656098
v -2.108309 3.605006 1.344906
v -2.108309 3.616443 1.325097
v -2.120149 3.602763 1.330405
v 2.120150 3.602763 1.330405
v 2.108310 3.616443 1.325097
v 2.108310 3.605006 1.344906
v -2.108309 3.730347 0.900000
v -2.120149 3.718090 0.900000
v 2.120150 3.718090 0.900000
v 2.108310 3.730347 0.900000
v -2.108309 3.616443 0.474903
v -2.108309 3.605006 0.455094
v -2.120149 3.602763 0.469595
v 2.108310 3.616443 0.474903
v 2.120150 3.602763 0.469595
v 2.108310 3.605006 0.455094
v -2.108310 3.293814 0.143901
v -2.120150 3.287685 0.154517
v 2.120150 3.287685 0.154517
v 2.108310 3.293814 0.143901
v -2.354830 2.857280 0.168168
v -2.342990 2.857280 0.155910
v -2.342990 2.485235 0.255599
v -2.354830 2.491364 0.266215
v 2.354830 2.491364 0.266215
v 2.342990 2.485235 0.255599
v 2.342990 2.857280 0.155910
v 2.354830 2.857280 0.168168
v -2.342990 2.212879 0.527955
v -2.354830 2.223495 0.534084
v 2.354829 2.223495 0.534084
v 2.342989 2.212879 0.527955
v -2.342990 2.116255 0.888563
v -2.342990 2.116255 0.911437
v -2.354830 2.125448 0.900000
v 2.342989 2.116255 0.888563
v 2.354829 2.125448 0.900000
v 2.342989 2.116255 0.911437
v -2.342990 2.212879 1.272045
v -2.354830 2.223495 1.265916
v 2.354829 2.223495 1.265916
v 2.342989 2.212879 1.272045
v -2.342990 2.485235 1.544401
v -2.354830 2.491364 1.533785
v 2.354830 2.491364 1.533785
v 2.342990 2.485235 1.544401
v -2.342990 2.857280 1.644090
v -2.354830 2.857280 1.631832
v 2.354830 2.857280 1.631832
v 2.342990 2.857280 1.644090
v -2.342990 3.217888 1.547465
v -2.342990 3.237697 1.536028
v -2.354830 3.223196 1.533785
v 2.342990 3.217888 1.547465
v 2.354830 3.223196 1.533785
v 2.342990 3.237697 1.536028
v -2.342989 3.501681 1.272045
v -2.354829 3.491065 1.265916
v 2.354830 3.491065 1.265916
v 2.342990 3.501681 1.272045
v -2.342989 3.601370 0.900000
v -2.354829 3.589112 0.900000
v 2.354830 3.589112 0.900000
v 2.342990 3.601370 0.900000
v -2.342989 3.501681 0.527955
v -2.354829 3.491065 0.534084
v 2.354830 3.491065 0.534084
v 2.342990 3.501681 0.527955
v -2.342990 3.237697 0.263972
v -2.342990 3.217888 0.252535
v -2.354830 3.223196 0.266215
v 2.342990 3.237697 0.263972
v 2.354830 3.223196 0.266215
v 2.342990 3.217888 0.252535
vn -0.0000 1.0000 -0.0000
vn -0.0000 0.8660 -0.5000
vn -0.0000 0.8660 0.5000
vn -0.0000 -0.5000 -0.8660
vn -0.0000 -0.8660 -0.5000
vn 0.7369 -0.6640 -0.1268
vn 0.7369 -0.6640 0.1268
vn 0.7486 -0.6630 -0.0000
vn -0.7486 -0.6630 -0.0000
vn -0.7369 -0.6640 0.1268
vn -0.7369 -0.6640 -0.1268
vn 0.7369 0.2222 0.6385
vn 0.7369 0.4418 0.5117
vn 0.7486 0.3315 0.5742
vn -0.7486 0.3315 0.5742
vn -0.7369 0.4418 0.5117
vn -0.7369 0.2222 0.6385
vn 0.7369 0.4418 -0.5117
vn 0.7369 0.2222 -0.6385
vn 0.7486 0.3315 -0.5742
vn -0.7486 0.3315 -0.5742
vn -0.7369 0.2222 -0.6385
vn -0.7369 0.4418 -0.5117
vn -0.7188 -0.2491 -0.6490
vn -0.4576 -0.1701 -0.8727
vn -0.5104 -0.5401 -0.6691
vn -0.5104 0.5401 -0.6691
vn -0.4576 0.1701 -0.8727
vn -0.7188 0.2491 -0.6490
vn 0.5104 0.5401 -0.6691
vn 0.7188 0.2491 -0.6490
vn 0.4576 0.1701 -0.8727
vn 0.7188 -0.5402 -0.4376
vn 0.5104 -0.8023 -0.3094
vn 0.4576 -0.5837 -0.6707
vn 0.5104 0.1333 -0.8495
vn 0.7188 -0.1088 -0.6866
vn 0.4576 -0.2890 -0.8409
vn -0.5104 0.1333 -0.8495
vn -0.4576 -0.2890 -0.8409
vn -0.7188 -0.1088 -0.6866
vn 0.5104 -0.3094 -0.8023
vn 0.7188 -0.4376 -0.5402
vn 0.4576 -0.6707 -0.5837
vn 0.7188 -0.6866 -0.1088
vn 0.5104 -0.8495 0.1332
vn 0.4576 -0.8409 -0.2890
vn 0.5104 -0.8496 0.1332
vn -0.5104 -0.8495 0.1332
vn -0.7188 -0.6866 -0.1088
vn -0.4576 -0.8409 -0.2890
vn 0.7188 -0.6490 0.2491
vn 0.5104 -0.6691 0.5401
vn 0.4576 -0.8727 0.1701
vn 0.5104 -0.6692 -0.5401
vn 0.7188 -0.6490 -0.2491
vn 0.4576 -0.8727 -0.1701
vn 0.5104 -0.6691 -0.5401
vn -0.5104 -0.6691 -0.5401
vn -0.4576 -0.8727 -0.1702
vn -0.7188 -0.6490 -0.2491
vn 0.5104 -0.8495 -0.1332
vn 0.7188 -0.6866 0.1088
vn 0.4576 -0.8409 0.2890
vn 0.7188 -0.4376 0.5402
vn 0.5104 -0.3094 0.8023
vn 0.4576 -0.6707 0.5837
vn 0.5104 -0.8496 -0.1332
vn -0.5104 -0.3094 0.8023
vn -0.7188 -0.4376 0.5402
vn -0.4576 -0.6707 0.5837
vn 0.7188 -0.1088 0.6866
vn 0.5104 0.1332 0.8496
vn 0.4576 -0.2890 0.8409
vn 0.5104 -0.8023 0.3094
vn 0.7188 -0.5402 0.4375
vn 0.4576 -0.5837 0.6707
vn 0.5104 0.1331 0.8496
vn 0.7188 -0.5402 0.4376
vn 0.5104 0.1332 0.8495
vn 0.5104 0.1333 0.8495
vn 0.4577 -0.2890 0.8408
vn -0.5104 -0.8023 0.3094
vn -0.4576 -0.5837 0.6707
vn -0.7188 -0.5402 0.4376
vn 0.5104 -0.5401 0.6691
vn 0.7188 -0.2491 0.6490
vn 0.4576 -0.1701 0.8727
vn 0.7188 0.2491 0.6490
vn 0.5104 0.5401 0.6691
vn 0.4576 0.1701 0.8727
vn 0.5104 -0.5401 0.6692
vn -0.5104 0.5401 0.6692
vn -0.7188 0.2491 0.6490
vn -0.4576 0.1701 0.8727
vn 0.7188 0.5402 0.4376
vn 0.5104 0.8023 0.3094
vn 0.4576 0.5837 0.6707
vn 0.5104 -0.1332 0.8495
vn 0.7188 0.1088 0.6866
vn 0.4576 0.2890 0.8409
vn 0.7188 0.5402 0.4375
vn -0.5104 -0.1332 0.8496
vn -0.4576 0.2890 0.8409
vn -0.7188 0.1088 0.6866
vn 0.5104 0.3094 0.8023
vn 0.7188 0.4376 0.5402
vn 0.4576 0.6707 0.5837
vn 0.7188 0.6866 0.1088
vn 0.5104 0.8496 -0.1332
vn 0.4576 0.8409 0.2890
vn -0.5104 0.8495 -0.1332
vn -0.7188 0.6866 0.1088
vn -0.4576 0.8409 0.2890
vn 0.7188 0.6490 -0.2491
vn 0.5104 0.6691 -0.5401
vn 0.4576 0.8727 -0.1701
vn 0.5104 0.6691 0.5401
vn 0.7188 0.6490 0.2491
vn 0.4577 0.8727 0.1701
vn 0.4576 0.8727 -0.1702
vn 0.4577 0.8727 0.1702
vn 0.4576 0.8727 0.1702
vn -0.5104 0.6691 0.5401
vn -0.4576 0.8727 0.1701
vn -0.7188 0.6490 0.2491
vn 0.5104 0.8496 0.1332
vn 0.7188 0.6866 -0.1088
vn 0.4576 0.8409 -0.2890
vn 0.7188 0.4375 -0.5402
vn 0.5104 0.3094 -0.8023
vn 0.4576 0.6707 -0.5837
vn 0.5104 0.8495 0.1332
vn 0.7188 0.4376 -0.5402
vn -0.5104 0.3094 -0.8023
vn -0.7188 0.4375 -0.5402
vn -0.4577 0.6707 -0.5837
vn 0.7188 0.1088 -0.6866
vn 0.5104 -0.1332 -0.8496
vn 0.4576 0.2890 -0.8409
vn 0.5104 0.8023 -0.3094
vn 0.7188 0.5402 -0.4376
vn 0.4576 0.5837 -0.6707
vn -0.5104 0.8023 -0.3094
vn -0.4577 0.5837 -0.6707
vn -0.7188 0.5402 -0.4375
vn 0.0198 0.1307 -0.9912
vn 0.0257 -0.1627 -0.9863
vn 0.0297 -0.0000 -0.9996
vn 0.0452 0.1633 -0.9855
vn -0.0198 -0.1307 -0.9912
vn -0.0257 0.1627 -0.9863
vn -0.0297 -0.0000 -0.9996
vn -0.0452 -0.1633 -0.9855
vn 0.5104 -0.5401 -0.6691
vn 0.4576 -0.1701 -0.8727
vn 0.7188 -0.2491 -0.6490
vn -0.5104 -0.8023 -0.3094
vn -0.7188 -0.5402 -0.4376
vn -0.4576 -0.5837 -0.6707
vn -0.4577 -0.5837 -0.6707
vn -0.5104 -0.3094 -0.8023
vn -0.4576 -0.6707 -0.5837
vn -0.7188 -0.4376 -0.5402
vn -0.5104 -0.6691 0.5401
vn -0.7188 -0.6490 0.2491
vn -0.4576 -0.8727 0.1702
vn -0.5104 -0.6692 -0.5401
vn -0.4576 -0.8727 -0.1701
vn -0.4576 -0.8727 0.1701
vn -0.0198 -0.7931 0.6088
vn -0.0257 -0.9356 0.3523
vn -0.0297 -0.8656 0.4998
vn -0.0452 -0.7718 0.6342
vn 0.0296 -0.9324 0.3601
vn 0.0181 -0.7955 0.6057
vn 0.0414 -0.7775 0.6276
vn 0.0344 -0.8599 0.5092
vn 0.0412 -0.9383 0.3433
vn -0.5104 -0.8495 -0.1332
vn -0.4576 -0.8409 0.2890
vn -0.7188 -0.6866 0.1088
vn -0.0181 -0.7955 0.6057
vn -0.0296 -0.9324 0.3601
vn -0.0412 -0.9383 0.3433
vn -0.0344 -0.8599 0.5092
vn -0.0414 -0.7775 0.6276
vn -0.5104 -0.8496 -0.1332
vn -0.0257 -0.3523 0.9356
vn -0.0198 -0.6088 0.7931
vn -0.0452 -0.6342 0.7718
vn -0.0297 -0.4998 0.8656
vn 0.0181 -0.6057 0.7955
vn 0.0296 -0.3601 0.9324
vn 0.0412 -0.3433 0.9383
vn 0.0344 -0.5092 0.8599
vn 0.0414 -0.6276 0.7775
vn -0.5104 0.1331 0.8496
vn -0.7188 -0.1088 0.6866
vn -0.4576 -0.2890 0.8409
vn -0.0296 -0.3601 0.9324
vn -0.0181 -0.6057 0.7955
vn -0.0414 -0.6276 0.7775
vn -0.0344 -0.5092 0.8599
vn -0.0412 -0.3433 0.9383
vn -0.5104 0.1332 0.8495
vn -0.0198 0.1307 0.9912
vn -0.0257 -0.1627 0.9863
vn -0.0297 -0.0000 0.9996
vn -0.0452 0.1633 0.9855
vn 0.0198 -0.1307 0.9912
vn 0.0257 0.1627 0.9863
vn 0.0297 -0.0000 0.9996
vn 0.0452 -0.1633 0.9855
vn -0.5104 -0.5401 0.6691
vn -0.4576 -0.1701 0.8727
vn -0.7188 -0.2491 0.6490
vn -0.5104 0.5401 0.6691
vn -0.5104 0.8023 0.3094
vn -0.7188 0.5402 0.4376
vn -0.4576 0.5837 0.6707
vn 0.0296 0.3601 0.9324
vn 0.0181 0.6057 0.7955
vn 0.0414 0.6276 0.7775
vn 0.0344 0.5092 0.8599
vn 0.0412 0.3433 0.9383
vn -0.5104 -0.1332 0.8495
vn -0.0181 0.6057 0.7955
vn -0.0296 0.3601 0.9324
vn -0.0412 0.3433 0.9383
vn -0.0344 0.5092 0.8599
vn -0.0414 0.6276 0.7775
vn -0.5104 -0.1331 0.8496
vn -0.7188 0.5402 0.4375
vn -0.4577 0.2890 0.8409
vn 0.0198 0.7931 0.6088
vn 0.0257 0.9356 0.3523
vn 0.0297 0.8656 0.4998
vn 0.0452 0.7718 0.6342
vn -0.5104 0.3094 0.8023
vn -0.4576 0.6707 0.5837
vn -0.7188 0.4376 0.5402
vn -0.7188 0.4375 0.5402
vn -0.0296 0.9324 0.3601
vn -0.0181 0.7955 0.6057
vn -0.0414 0.7775 0.6276
vn -0.0344 0.8599 0.5092
vn -0.0412 0.9383 0.3433
vn -0.0181 0.9918 -0.1269
vn -0.0296 0.9876 0.1543
vn -0.0412 0.9843 0.1718
vn -0.0344 0.9993 -0.0110
vn -0.0414 0.9871 -0.1547
vn -0.5104 0.6691 -0.5401
vn -0.7188 0.6490 -0.2491
vn -0.4577 0.8727 -0.1701
vn 0.0296 0.9876 0.1543
vn 0.0181 0.9918 -0.1269
vn 0.0414 0.9871 -0.1547
vn 0.0344 0.9993 -0.0110
vn 0.0412 0.9843 0.1718
vn -0.4577 0.8727 0.1702
vn -0.4577 0.8727 -0.1702
vn -0.4576 0.8727 0.1702
vn -0.0198 0.7931 -0.6088
vn -0.0257 0.9356 -0.3523
vn -0.0297 0.8656 -0.4998
vn -0.0452 0.7718 -0.6342
vn 0.0296 0.9324 -0.3601
vn 0.0181 0.7955 -0.6057
vn 0.0414 0.7775 -0.6276
vn 0.0344 0.8599 -0.5092
vn 0.0412 0.9383 -0.3433
vn -0.5104 0.8496 0.1332
vn -0.4576 0.8409 -0.2890
vn -0.7188 0.6866 -0.1088
vn -0.4576 0.6707 -0.5837
vn -0.5104 -0.1332 -0.8495
vn -0.7188 0.1088 -0.6866
vn -0.4576 0.2890 -0.8409
vn -0.4576 0.5837 -0.6707
vn -0.7188 0.5402 -0.4376
vn -0.5104 -0.1332 -0.8496
vn 0.1903 -0.6264 -0.7559
vn -0.1903 -0.6264 -0.7559
vn -0.0000 -0.3786 -0.9256
vn 0.1903 0.6265 -0.7559
vn -0.0000 0.3786 -0.9256
vn -0.1903 0.6265 -0.7559
vn -0.1903 -0.9205 -0.3414
vn -0.0000 -0.7907 -0.6123
vn 0.1903 -0.9205 -0.3414
vn -0.1903 0.1645 -0.9678
vn 0.1903 0.1645 -0.9678
vn -0.0000 -0.1349 -0.9909
vn -0.1903 -0.3414 -0.9205
vn 0.1903 -0.3414 -0.9205
vn -0.0000 -0.6123 -0.7907
vn -0.1903 -0.9678 0.1646
vn -0.0000 -0.9909 -0.1349
vn 0.1903 -0.9678 0.1646
vn -0.1903 -0.3414 -0.9204
vn 0.1903 -0.3414 -0.9204
vn -0.1903 -0.7559 0.6265
vn -0.0000 -0.9256 0.3786
vn 0.1903 -0.7559 0.6265
vn -0.1903 -0.7559 -0.6265
vn 0.1903 -0.7559 -0.6265
vn -0.0000 -0.9256 -0.3786
vn 0.1903 -0.7558 -0.6265
vn -0.1903 -0.9678 -0.1646
vn 0.1903 -0.9678 -0.1646
vn -0.0000 -0.9909 0.1349
vn -0.1903 -0.3414 0.9204
vn -0.0000 -0.6123 0.7907
vn 0.1903 -0.3414 0.9204
vn -0.1903 -0.3414 0.9205
vn 0.1903 -0.3414 0.9205
vn -0.0000 -0.6123 0.7906
vn -0.1903 0.1646 0.9678
vn -0.0000 -0.1349 0.9909
vn 0.1903 0.1646 0.9678
vn -0.1903 -0.9205 0.3414
vn 0.1903 -0.9205 0.3414
vn -0.0000 -0.7907 0.6123
vn 0.1903 0.1645 0.9678
vn -0.1903 -0.6265 0.7559
vn 0.1903 -0.6265 0.7559
vn -0.0000 -0.3786 0.9256
vn -0.1903 0.6264 0.7559
vn -0.0000 0.3786 0.9256
vn 0.1903 0.6265 0.7559
vn 0.1904 -0.6265 0.7559
vn -0.1903 0.6265 0.7558
vn -0.1903 -0.6264 0.7559
vn -0.1903 0.9204 0.3414
vn -0.0000 0.7907 0.6123
vn 0.1903 0.9204 0.3414
vn -0.1903 -0.1646 0.9678
vn 0.1903 -0.1646 0.9678
vn -0.0000 0.1349 0.9909
vn -0.1903 0.9205 0.3414
vn 0.1903 0.9205 0.3414
vn -0.1903 0.3414 0.9205
vn 0.1903 0.3414 0.9205
vn -0.0000 0.6123 0.7907
vn -0.1903 0.9678 -0.1646
vn -0.0000 0.9909 0.1349
vn 0.1903 0.9678 -0.1646
vn -0.0000 0.6122 0.7907
vn -0.1903 0.7559 -0.6265
vn -0.0000 0.9256 -0.3786
vn 0.1903 0.7559 -0.6265
vn -0.1903 0.7559 0.6265
vn 0.1903 0.7559 0.6265
vn -0.0000 0.9256 0.3786
vn -0.1903 0.9678 0.1646
vn 0.1903 0.9678 0.1646
vn -0.0000 0.9909 -0.1349
vn -0.1903 0.3414 -0.9205
vn -0.0000 0.6122 -0.7907
vn 0.1903 0.3414 -0.9205
vn -0.0000 0.6123 -0.7907
vn -0.1903 -0.1646 -0.9678
vn -0.0000 0.1349 -0.9909
vn 0.1903 -0.1646 -0.9678
vn -0.1903 0.9205 -0.3414
vn 0.1903 0.9205 -0.3414
vn -0.0000 0.7907 -0.6123
vn -0.8053 -0.0120 -0.5928
vn -0.8053 0.3068 -0.5074
vn -0.5988 0.2073 -0.7736
vn 0.8053 -0.0120 -0.5928
vn 0.5988 0.2073 -0.7736
vn 0.8053 0.3068 -0.5074
vn -0.8053 0.2860 -0.5194
vn -0.8053 0.5194 -0.2860
vn -0.5988 0.5663 -0.5663
vn 0.8053 0.2860 -0.5194
vn 0.5988 0.5663 -0.5663
vn 0.8053 0.5194 -0.2860
vn -0.8053 0.5074 -0.3068
vn -0.8053 0.5928 0.0120
vn -0.5988 0.7736 -0.2073
vn 0.8053 0.5074 -0.3068
vn 0.5988 0.7736 -0.2073
vn 0.8053 0.5928 0.0120
vn -0.8053 0.5928 -0.0120
vn -0.8053 0.5074 0.3068
vn -0.5988 0.7736 0.2073
vn 0.8053 0.5928 -0.0120
vn 0.5988 0.7736 0.2073
vn 0.8053 0.5074 0.3068
vn -0.8053 0.5194 0.2860
vn -0.8053 0.2860 0.5194
vn -0.5988 0.5663 0.5663
vn 0.8053 0.5194 0.2860
vn 0.5988 0.5663 0.5663
vn 0.8053 0.2860 0.5193
vn -0.8053 0.2860 0.5193
vn 0.8053 0.2860 0.5194
vn -0.8053 0.3068 0.5074
vn -0.8053 -0.0120 0.5928
vn -0.5988 0.2073 0.7736
vn 0.8053 0.3068 0.5074
vn 0.5988 0.2073 0.7736
vn 0.8053 -0.0120 0.5928
vn -0.8053 0.0120 0.5928
vn -0.8053 -0.3068 0.5074
vn -0.5988 -0.2073 0.7736
vn 0.8053 0.0120 0.5928
vn 0.5988 -0.2073 0.7736
vn 0.8053 -0.3068 0.5074
vn -0.8053 -0.2860 0.5194
vn -0.8053 -0.5194 0.2860
vn -0.5988 -0.5663 0.5663
vn 0.8053 -0.2860 0.5194
vn 0.5988 -0.5663 0.5663
vn 0.8053 -0.5194 0.2860
vn -0.8053 -0.5074 0.3068
vn -0.8053 -0.5928 -0.0120
vn -0.5988 -0.7736 0.2073
vn 0.8053 -0.5074 0.3068
vn 0.5988 -0.7736 0.2073
vn 0.8053 -0.5928 -0.0120
vn -0.8053 -0.5928 0.0120
vn -0.8053 -0.5074 -0.3068
vn -0.5988 -0.7736 -0.2073
vn 0.8053 -0.5928 0.0120
vn 0.5988 -0.7736 -0.2073
vn 0.8053 -0.5074 -0.3068
vn -0.8053 -0.5194 -0.2860
vn -0.8053 -0.2860 -0.5194
vn -0.5988 -0.5663 -0.5663
vn 0.8053 -0.5193 -0.2860
vn 0.5988 -0.5663 -0.5663
vn 0.8053 -0.2860 -0.5194
vn 0.8053 -0.5194 -0.2860
vn -0.8053 -0.3068 -0.5074
vn -0.8053 0.0120 -0.5928
vn -0.5988 -0.2073 -0.7736
vn 0.8053 -0.3068 -0.5074
vn 0.5988 -0.2073 -0.7736
vn 0.8053 0.0120 -0.5928
vn 0.1579 -0.3063 -0.9388
vn -0.0000 -0.3073 -0.9516
vn -0.1579 -0.3063 -0.9388
vn 0.2668 -0.2604 -0.9279
vn 0.4710 -0.0341 -0.8815
vn 0.3786 -0.1404 -0.9148
vn 0.1579 0.3063 -0.9388
vn -0.1579 0.3063 -0.9388
vn -0.0000 0.3073 -0.9516
vn 0.2668 0.2604 -0.9279
vn 0.3786 0.1404 -0.9148
vn 0.4710 0.0341 -0.8815
vn -0.1579 -0.7346 -0.6598
vn 0.1579 -0.7346 -0.6598
vn -0.0000 -0.7420 -0.6704
vn -0.2668 -0.6895 -0.6734
vn -0.3786 -0.5790 -0.7221
vn -0.4710 -0.4702 -0.7463
vn -0.1579 -0.2041 -0.9661
vn -0.0000 -0.2096 -0.9778
vn 0.1579 -0.2041 -0.9661
vn -0.2668 -0.2385 -0.9338
vn -0.4710 -0.4112 -0.7804
vn -0.3786 -0.3358 -0.8625
vn -0.1579 -0.6598 -0.7346
vn -0.0000 -0.6704 -0.7420
vn 0.1579 -0.6598 -0.7346
vn -0.2668 -0.6734 -0.6895
vn -0.4710 -0.7463 -0.4702
vn -0.3786 -0.7221 -0.5790
vn -0.1579 -0.9661 -0.2041
vn 0.1579 -0.9661 -0.2041
vn -0.0000 -0.9778 -0.2096
vn -0.2668 -0.9338 -0.2385
vn -0.3786 -0.8625 -0.3358
vn -0.4710 -0.7804 -0.4112
vn -0.1579 -0.9388 0.3063
vn 0.1579 -0.9388 0.3063
vn -0.0000 -0.9516 0.3073
vn -0.2668 -0.9279 0.2604
vn -0.3786 -0.9148 0.1404
vn -0.4710 -0.8814 0.0341
vn -0.1579 -0.9388 -0.3063
vn -0.0000 -0.9516 -0.3073
vn 0.1579 -0.9388 -0.3063
vn -0.2668 -0.9279 -0.2604
vn -0.4711 -0.8814 -0.0341
vn -0.3786 -0.9148 -0.1404
vn -0.4710 -0.8815 0.0341
vn -0.4710 -0.8815 -0.0341
vn -0.1579 -0.9661 0.2041
vn -0.0000 -0.9778 0.2096
vn 0.1579 -0.9661 0.2041
vn -0.2668 -0.9338 0.2385
vn -0.4710 -0.7804 0.4112
vn -0.3786 -0.8625 0.3358
vn -0.1579 -0.6598 0.7346
vn 0.1579 -0.6598 0.7346
vn -0.0000 -0.6704 0.7420
vn -0.2668 -0.6734 0.6895
vn -0.3786 -0.7221 0.5790
vn -0.4710 -0.7463 0.4702
vn -0.4711 -0.7804 0.4112
vn -0.1579 -0.2041 0.9661
vn 0.1579 -0.2041 0.9661
vn -0.0000 -0.2096 0.9778
vn -0.2668 -0.2385 0.9338
vn -0.3786 -0.3358 0.8625
vn -0.4710 -0.4112 0.7804
vn -0.1579 -0.7346 0.6598
vn -0.0000 -0.7420 0.6704
vn 0.1579 -0.7346 0.6598
vn -0.2668 -0.6895 0.6734
vn -0.4710 -0.4702 0.7463
vn -0.3786 -0.5790 0.7221
vn -0.1579 -0.3063 0.9388
vn -0.0000 -0.3073 0.9516
vn 0.1579 -0.3063 0.9388
vn -0.2668 -0.2604 0.9279
vn -0.4710 -0.0341 0.8815
vn -0.3786 -0.1404 0.9148
vn -0.1579 0.3063 0.9388
vn 0.1579 0.3063 0.9388
vn -0.0000 0.3073 0.9516
vn -0.2668 0.2604 0.9279
vn -0.3786 0.1404 0.9148
vn -0.4710 0.0341 0.8814
vn -0.1579 0.7346 0.6598
vn 0.1579 0.7346 0.6598
vn -0.0000 0.7420 0.6704
vn -0.2668 0.6895 0.6734
vn -0.3786 0.5790 0.7221
vn -0.4710 0.4702 0.7463
vn -0.1579 0.2041 0.9661
vn -0.0000 0.2096 0.9778
vn 0.1579 0.2041 0.9661
vn -0.2668 0.2385 0.9338
vn -0.4710 0.4112 0.7804
vn -0.3786 0.3358 0.8625
vn -0.4711 0.4112 0.7804
vn -0.1579 0.6599 0.7346
vn -0.0000 0.6704 0.7420
vn 0.1579 0.6598 0.7346
vn -0.2668 0.6734 0.6895
vn -0.4711 0.7463 0.4702
vn -0.3786 0.7221 0.5790
vn -0.1579 0.9661 0.2041
vn 0.1579 0.9661 0.2041
vn -0.0000 0.9778 0.2096
vn -0.2668 0.9338 0.2385
vn -0.3786 0.8625 0.3358
vn -0.4710 0.7804 0.4112
vn -0.1579 0.9388 -0.3063
vn 0.1579 0.9388 -0.3063
vn -0.0000 0.9516 -0.3073
vn -0.2668 0.9279 -0.2604
vn -0.3786 0.9148 -0.1404
vn -0.4710 0.8815 -0.0341
vn -0.1579 0.9388 0.3063
vn -0.0000 0.9516 0.3073
vn 0.1579 0.9388 0.3063
vn -0.2668 0.9279 0.2604
vn -0.4710 0.8815 0.0341
vn -0.3786 0.9149 0.1404
vn -0.3786 0.9148 0.1404
vn -0.4711 0.8814 0.0341
vn -0.1579 0.9661 -0.2041
vn -0.0000 0.9778 -0.2096
vn 0.1579 0.9661 -0.2041
vn -0.2668 0.9338 -0.2385
vn -0.4710 0.7804 -0.4112
vn -0.3786 0.8625 -0.3358
vn -0.1579 0.6598 -0.7346
vn 0.1579 0.6598 -0.7346
vn -0.0000 0.6704 -0.7420
vn -0.2668 0.6734 -0.6895
vn -0.3786 0.7221 -0.5790
vn -0.4710 0.7463 -0.4702
vn 0.1579 0.6599 -0.7346
vn -0.1579 0.2041 -0.9661
vn 0.1579 0.2041 -0.9661
vn -0.0000 0.2096 -0.9778
vn -0.2668 0.2385 -0.9338
vn -0.3786 0.3358 -0.8625
vn -0.4710 0.4112 -0.7804
vn -0.1579 0.7346 -0.6598
vn -0.0000 0.7420 -0.6704
vn 0.1579 0.7346 -0.6599
vn -0.2668 0.6895 -0.6734
vn -0.4710 0.4702 -0.7463
vn -0.3786 0.5790 -0.7221
vn -0.1579 0.7346 -0.6599
vn 0.1579 0.7346 -0.6598
vn -0.5150 0.0739 -0.8540
vn -0.5197 0.2211 -0.8253
vn -0.5150 0.3630 -0.7765
vn -0.4710 -0.0341 -0.8815
vn -0.2668 -0.2604 -0.9279
vn -0.3786 -0.1404 -0.9148
vn 0.5150 0.0739 -0.8540
vn 0.5150 0.3630 -0.7765
vn 0.5197 0.2211 -0.8253
vn -0.4711 -0.0341 -0.8814
vn -0.4710 -0.0341 -0.8814
vn -0.5150 0.4910 -0.7026
vn -0.5197 0.6041 -0.6041
vn -0.5150 0.7026 -0.4910
vn 0.5150 0.4910 -0.7026
vn 0.5150 0.7026 -0.4910
vn 0.5197 0.6041 -0.6041
vn 0.4710 0.4112 -0.7804
vn 0.3786 0.3358 -0.8625
vn 0.2668 0.2385 -0.9338
vn -0.5150 0.7765 -0.3629
vn -0.5197 0.8253 -0.2211
vn -0.5150 0.8540 -0.0739
vn 0.5150 0.7765 -0.3629
vn 0.5150 0.8540 -0.0739
vn 0.5197 0.8253 -0.2211
vn 0.4710 0.7463 -0.4702
vn 0.3786 0.7221 -0.5790
vn 0.2668 0.6734 -0.6895
vn -0.5150 0.7765 -0.3630
vn 0.5150 0.7765 -0.3630
vn 0.4711 0.7463 -0.4702
vn -0.5150 0.8540 0.0739
vn -0.5197 0.8253 0.2211
vn -0.5150 0.7765 0.3629
vn 0.5150 0.8540 0.0739
vn 0.5150 0.7765 0.3629
vn 0.5197 0.8253 0.2211
vn 0.4710 0.8815 -0.0341
vn 0.3786 0.9148 -0.1404
vn 0.2668 0.9279 -0.2604
vn 0.5150 0.7765 0.3630
vn -0.5150 0.7765 0.3630
vn -0.5150 0.7026 0.4910
vn -0.5197 0.6041 0.6041
vn -0.5150 0.4910 0.7026
vn 0.5150 0.7026 0.4910
vn 0.5150 0.4910 0.7026
vn 0.5197 0.6041 0.6041
vn 0.4710 0.7804 0.4112
vn 0.3786 0.8625 0.3358
vn 0.2668 0.9338 0.2385
vn -0.5150 0.3630 0.7765
vn -0.5197 0.2211 0.8252
vn -0.5150 0.0739 0.8540
vn 0.5150 0.3630 0.7765
vn 0.5150 0.0739 0.8540
vn 0.5197 0.2211 0.8253
vn 0.4710 0.4702 0.7463
vn 0.3786 0.5790 0.7221
vn 0.2668 0.6895 0.6734
vn -0.5197 0.2211 0.8253
vn 0.5150 0.3629 0.7765
vn -0.5150 -0.0739 0.8540
vn -0.5197 -0.2211 0.8252
vn -0.5150 -0.3630 0.7765
vn 0.5150 -0.0739 0.8540
vn 0.5150 -0.3630 0.7765
vn 0.5197 -0.2211 0.8253
vn 0.4710 0.0341 0.8815
vn 0.3786 0.1404 0.9148
vn 0.2668 0.2604 0.9279
vn -0.5197 -0.2211 0.8253
vn -0.5150 -0.4910 0.7026
vn -0.5197 -0.6041 0.6041
vn -0.5150 -0.7026 0.4910
vn 0.5150 -0.4910 0.7026
vn 0.5150 -0.7026 0.4910
vn 0.5197 -0.6041 0.6041
vn 0.4710 -0.4112 0.7804
vn 0.3786 -0.3358 0.8625
vn 0.2668 -0.2385 0.9338
vn -0.5150 -0.7765 0.3630
vn -0.5197 -0.8253 0.2211
vn -0.5150 -0.8540 0.0739
vn 0.5150 -0.7765 0.3630
vn 0.5150 -0.8540 0.0739
vn 0.5197 -0.8253 0.2211
vn 0.4710 -0.7463 0.4702
vn 0.3786 -0.7221 0.5790
vn 0.2668 -0.6734 0.6895
vn -0.5150 -0.8540 -0.0739
vn -0.5197 -0.8253 -0.2211
vn -0.5150 -0.7765 -0.3630
vn 0.5150 -0.8540 -0.0739
vn 0.5150 -0.7765 -0.3630
vn 0.5197 -0.8253 -0.2211
vn 0.4710 -0.8814 0.0341
vn 0.3786 -0.9148 0.1404
vn 0.2668 -0.9279 0.2604
vn -0.5150 -0.7026 -0.4910
vn -0.5197 -0.6041 -0.6041
vn -0.5150 -0.4910 -0.7026
vn 0.5150 -0.7026 -0.4910
vn 0.5150 -0.4910 -0.7026
vn 0.5197 -0.6041 -0.6041
vn 0.4710 -0.7804 -0.4112
vn 0.3786 -0.8625 -0.3358
vn 0.2668 -0.9338 -0.2385
vn -0.5150 -0.3630 -0.7765
vn -0.5197 -0.2211 -0.8253
vn -0.5150 -0.0739 -0.8540
vn 0.5150 -0.3630 -0.7765
vn 0.5150 -0.0739 -0.8540
vn 0.5197 -0.2211 -0.8253
vn 0.4710 -0.4702 -0.7463
vn 0.3786 -0.5790 -0.7221
vn 0.2668 -0.6895 -0.6734
vn 0.5197 -0.2211 -0.8252
vn -0.2668 0.2604 -0.9279
vn -0.4710 0.0341 -0.8815
vn -0.3786 0.1404 -0.9148
vn 0.2668 -0.2385 -0.9338
vn 0.3786 -0.3358 -0.8625
vn 0.4710 -0.4112 -0.7804
vn 0.4711 -0.4112 -0.7804
vn 0.2668 -0.6734 -0.6895
vn 0.3786 -0.7221 -0.5790
vn 0.4710 -0.7463 -0.4702
vn 0.2668 -0.9279 -0.2604
vn 0.3786 -0.9148 -0.1404
vn 0.4710 -0.8815 -0.0341
vn 0.4710 -0.8814 -0.0341
vn 0.2668 -0.9338 0.2385
vn 0.3786 -0.8625 0.3358
vn 0.4711 -0.7804 0.4112
vn 0.2668 -0.6895 0.6734
vn 0.3786 -0.5790 0.7221
vn 0.4710 -0.4702 0.7463
vn 0.2668 -0.2604 0.9279
vn 0.3786 -0.1404 0.9148
vn 0.4710 -0.0341 0.8815
vn 0.4710 -0.0341 0.8814
vn 0.2668 0.2385 0.9338
vn 0.3786 0.3358 0.8625
vn 0.4710 0.4112 0.7804
vn 0.2668 0.6734 0.6895
vn 0.3786 0.7221 0.5790
vn 0.4710 0.7463 0.4702
vn 0.2668 0.9279 0.2604
vn 0.3786 0.9149 0.1404
vn 0.4710 0.8815 0.0341
vn 0.2668 0.9338 -0.2385
vn 0.3786 0.8625 -0.3358
vn 0.4710 0.7804 -0.4112
vn 0.4711 0.7804 -0.4112
vn 0.2668 0.6895 -0.6734
vn 0.3786 0.5790 -0.7221
vn 0.4710 0.4702 -0.7463
vn -0.6820 -0.5602 -0.4702
vn -0.6820 -0.6873 -0.2501
vn -0.6809 -0.6343 -0.3662
vn 0.6820 -0.7203 -0.1271
vn 0.6809 -0.7324 -0.0000
vn 0.6820 -0.7203 0.1271
vn -0.6820 -0.7203 -0.1271
vn -0.6820 -0.7203 0.1271
vn -0.6809 -0.7324 -0.0000
vn 0.6820 -0.6873 0.2501
vn 0.6809 -0.6343 0.3662
vn 0.6820 -0.5602 0.4702
vn -0.6820 -0.6873 0.2501
vn -0.6820 -0.5602 0.4702
vn -0.6809 -0.6343 0.3662
vn 0.6820 0.5602 0.4702
vn 0.6809 0.6343 0.3662
vn 0.6820 0.6873 0.2501
vn -0.6820 0.5602 0.4702
vn -0.6820 0.6873 0.2501
vn -0.6809 0.6343 0.3662
vn 0.6809 0.6343 -0.3662
vn 0.6820 0.5602 -0.4702
vn 0.6820 0.6873 -0.2501
vn -0.6820 0.6873 -0.2501
vn -0.6820 0.5602 -0.4702
vn -0.6809 0.6343 -0.3662
vn 0.6809 -0.6343 -0.3662
vn 0.6820 -0.6873 -0.2501
vn 0.6820 -0.5602 -0.4702
vn -0.6820 -0.7202 -0.1271
vn -0.6820 -0.7202 0.1271
vn 0.6820 -0.7202 -0.1271
vn 0.6820 -0.7202 0.1271
vn -0.6820 0.2501 0.6873
vn -0.6820 0.4702 0.5602
vn -0.6809 0.3662 0.6343
vn 0.6820 0.2501 0.6873
vn 0.6809 0.3662 0.6343
vn 0.6820 0.4702 0.5602
vn -0.6820 0.4702 -0.5602
vn -0.6820 0.2501 -0.6873
vn -0.6809 0.3662 -0.6343
vn 0.6820 0.4702 -0.5602
vn 0.6809 0.3662 -0.6343
vn 0.6820 0.2501 -0.6873
vn 0.7193 -0.0000 -0.6948
vn 0.7193 -0.3474 -0.6017
vn -0.7193 -0.3474 -0.6017
vn -0.7193 -0.0000 -0.6948
vn 0.7193 -0.6017 -0.3474
vn -0.7193 -0.6017 -0.3474
vn -0.0000 -0.9914 0.1305
vn -0.0000 -0.9914 -0.1305
vn 0.7193 -0.6017 0.3474
vn -0.7193 -0.6017 0.3474
vn 0.7193 -0.3474 0.6017
vn -0.7193 -0.3474 0.6017
vn 0.7192 -0.0000 0.6948
vn -0.7192 -0.0000 0.6948
vn -0.0000 0.6088 0.7934
vn -0.0000 0.3827 0.9239
vn 0.7192 0.6017 0.3474
vn -0.7192 0.6017 0.3474
vn 0.7192 0.6948 -0.0000
vn -0.7192 0.6948 -0.0000
vn 0.7193 0.6017 -0.3474
vn -0.7193 0.6017 -0.3474
vn -0.0000 0.3827 -0.9239
vn -0.0000 0.6088 -0.7934
vn -0.0000 0.1305 -0.9914
vn -0.0000 -0.1305 -0.9914
vn -0.0000 0.1305 0.9914
vn -0.0000 -0.1305 0.9914
vn -0.1771 -0.8265 -0.5343
vn 0.1771 -0.8265 -0.5343
vn 0.8008 -0.4093 -0.4373
vn 0.5551 -0.6654 -0.4991
vn 0.8008 0.4093 -0.4373
vn 0.5551 0.6654 -0.4991
vn -0.1771 0.8265 -0.5343
vn 0.1771 0.8265 -0.5343
vn -0.8008 -0.5731 -0.1741
vn -0.5551 -0.8258 -0.0995
vn 0.1771 -0.9830 -0.0494
vn -0.1771 -0.9830 -0.0494
vn 0.1771 0.4487 -0.8760
vn -0.1771 0.4487 -0.8760
vn -0.8008 0.1358 -0.5834
vn -0.5551 0.3267 -0.7649
vn 0.1770 -0.9830 -0.0494
vn -0.8008 0.1358 -0.5833
vn 0.1771 -0.0494 -0.9830
vn -0.1771 -0.0494 -0.9830
vn -0.8008 -0.1741 -0.5731
vn -0.5551 -0.0995 -0.8258
vn -0.8008 -0.5833 0.1358
vn -0.5551 -0.7649 0.3267
vn 0.1770 -0.8760 0.4487
vn -0.1771 -0.8760 0.4487
vn 0.1771 -0.8760 0.4487
vn -0.8008 -0.5834 0.1358
vn -0.8008 -0.4373 0.4093
vn -0.5551 -0.4991 0.6654
vn 0.1771 -0.5343 0.8265
vn -0.1771 -0.5343 0.8265
vn 0.1771 -0.5343 -0.8265
vn -0.1771 -0.5343 -0.8265
vn -0.8008 -0.4373 -0.4093
vn -0.5551 -0.4991 -0.6654
vn 0.1771 -0.8760 -0.4487
vn -0.1771 -0.8760 -0.4487
vn -0.8008 -0.5833 -0.1358
vn -0.5551 -0.7649 -0.3267
vn -0.8008 -0.1741 0.5731
vn -0.5551 -0.0995 0.8258
vn 0.1771 -0.0494 0.9830
vn -0.1771 -0.0494 0.9830
vn -0.8008 0.1358 0.5834
vn -0.5551 0.3267 0.7649
vn 0.1771 0.4487 0.8760
vn -0.1771 0.4487 0.8760
vn 0.1771 -0.9830 0.0494
vn -0.1771 -0.9830 0.0494
vn -0.8008 -0.5731 0.1741
vn -0.5551 -0.8258 0.0995
vn 0.1770 0.4487 0.8760
vn 0.1771 -0.8265 0.5343
vn -0.1771 -0.8265 0.5343
vn -0.8008 -0.4093 0.4373
vn -0.5551 -0.6654 0.4991
vn -0.8008 0.4093 0.4373
vn -0.5551 0.6654 0.4991
vn 0.1771 0.8265 0.5343
vn -0.1771 0.8265 0.5343
vn -0.8008 0.5731 0.1741
vn -0.5551 0.8258 0.0995
vn 0.1771 0.9830 0.0495
vn -0.1771 0.9830 0.0495
vn 0.1771 -0.4487 0.8760
vn -0.1771 -0.4487 0.8760
vn -0.8008 -0.1358 0.5833
vn -0.5551 -0.3267 0.7649
vn 0.1770 0.9830 0.0494
vn -0.1771 0.9830 0.0494
vn 0.1771 0.0494 0.9830
vn -0.1771 0.0494 0.9830
vn -0.8008 0.1741 0.5731
vn -0.5551 0.0995 0.8258
vn -0.8008 0.5833 -0.1358
vn -0.5551 0.7649 -0.3267
vn 0.1771 0.8760 -0.4487
vn -0.1771 0.8760 -0.4487
vn -0.8008 0.5834 -0.1358
vn -0.1770 0.8760 -0.4487
vn -0.8008 0.4373 -0.4093
vn -0.5551 0.4991 -0.6654
vn 0.1771 0.5343 -0.8265
vn -0.1771 0.5343 -0.8265
vn 0.1771 0.5343 0.8265
vn -0.1771 0.5343 0.8265
vn -0.8008 0.4373 0.4093
vn -0.5551 0.4991 0.6654
vn -0.1770 0.5343 0.8265
vn 0.1771 0.8760 0.4487
vn -0.1771 0.8760 0.4487
vn -0.8008 0.5833 0.1358
vn -0.5551 0.7649 0.3267
vn -0.8008 0.1741 -0.5731
vn -0.5551 0.0995 -0.8258
vn 0.1771 0.0494 -0.9830
vn -0.1771 0.0494 -0.9830
vn -0.8008 0.5834 0.1358
vn -0.8008 -0.1358 -0.5834
vn -0.5551 -0.3267 -0.7649
vn 0.1771 -0.4487 -0.8760
vn -0.1771 -0.4487 -0.8760
vn 0.1771 0.9830 -0.0495
vn -0.1771 0.9830 -0.0495
vn -0.8008 0.5731 -0.1741
vn -0.5551 0.8258 -0.0995
vn -0.8008 -0.1358 -0.5833
vn -0.9296 0.2540 -0.2671
vn -0.9296 -0.0864 -0.3583
vn -0.5551 -0.6654 -0.4991
vn -0.8008 -0.4093 -0.4373
vn 0.9296 0.2540 -0.2671
vn 0.9296 -0.0864 -0.3583
vn -0.9296 0.3535 -0.1043
vn -0.9296 0.1043 -0.3535
vn 0.5551 -0.3267 -0.7649
vn 0.8008 -0.1358 -0.5834
vn 0.9296 0.3535 -0.1043
vn 0.9296 0.1043 -0.3535
vn 0.8008 -0.1358 -0.5833
vn -0.9296 0.3583 0.0864
vn -0.9296 0.2671 -0.2540
vn 0.5551 0.0995 -0.8258
vn 0.8008 0.1741 -0.5731
vn 0.9296 0.3583 0.0864
vn 0.9296 0.2671 -0.2540
vn -0.9296 0.2671 0.2540
vn -0.9296 0.3583 -0.0864
vn 0.5551 0.4991 -0.6654
vn 0.8008 0.4373 -0.4093
vn 0.9296 0.2671 0.2540
vn 0.9296 0.3583 -0.0864
vn -0.9296 0.1043 0.3535
vn -0.9296 0.3535 0.1043
vn 0.5551 0.7649 -0.3267
vn 0.8008 0.5833 -0.1358
vn 0.9296 0.1043 0.3535
vn 0.9296 0.3535 0.1043
vn -0.9296 -0.0864 0.3583
vn -0.9296 0.2540 0.2671
vn 0.5551 0.8258 0.0995
vn 0.8008 0.5731 0.1741
vn 0.9296 -0.0864 0.3583
vn 0.9296 0.2540 0.2671
vn -0.9296 -0.2540 0.2671
vn -0.9296 0.0864 0.3583
vn 0.5551 0.6654 0.4991
vn 0.8008 0.4093 0.4373
vn 0.9296 -0.2540 0.2671
vn 0.9296 0.0864 0.3583
vn -0.9296 -0.3535 0.1043
vn -0.9296 -0.1043 0.3535
vn 0.5551 0.3267 0.7649
vn 0.8008 0.1358 0.5833
vn 0.9296 -0.3535 0.1043
vn 0.9296 -0.1043 0.3535
vn 0.8008 0.1358 0.5834
vn -0.9296 -0.3583 -0.0864
vn -0.9296 -0.2671 0.2540
vn 0.5551 -0.0995 0.8258
vn 0.8008 -0.1741 0.5731
vn 0.9296 -0.3583 -0.0864
vn 0.9296 -0.2671 0.2540
vn -0.9296 -0.2671 -0.2540
vn -0.9296 -0.3583 0.0864
vn 0.5551 -0.4991 0.6654
vn 0.8008 -0.4373 0.4093
vn 0.9296 -0.2671 -0.2540
vn 0.9296 -0.3583 0.0864
vn -0.9296 -0.1043 -0.3535
vn -0.9296 -0.3535 -0.1043
vn 0.5551 -0.7649 0.3267
vn 0.8008 -0.5833 0.1358
vn 0.9296 -0.1043 -0.3535
vn 0.9296 -0.3535 -0.1043
vn -0.9296 0.0864 -0.3583
vn -0.9296 -0.2540 -0.2671
vn 0.5551 -0.8258 -0.0995
vn 0.8008 -0.5731 -0.1741
vn 0.9296 0.0864 -0.3583
vn 0.9296 -0.2540 -0.2671
vn -0.8008 0.4093 -0.4373
vn -0.5551 0.6654 -0.4991
vn 0.8008 0.1358 -0.5834
vn 0.5551 0.3267 -0.7649
vn 0.8008 -0.1741 -0.5731
vn 0.5551 -0.0995 -0.8258
vn 0.8008 -0.4373 -0.4093
vn 0.5551 -0.4991 -0.6654
vn 0.8008 -0.5833 -0.1358
vn 0.5551 -0.7649 -0.3267
vn 0.8008 -0.5731 0.1741
vn 0.5551 -0.8258 0.0995
vn 0.8008 -0.4093 0.4373
vn 0.5551 -0.6654 0.4991
vn 0.8008 -0.1358 0.5834
vn 0.5551 -0.3267 0.7649
vn 0.8008 -0.1358 0.5833
vn 0.8008 0.1741 0.5731
vn 0.5551 0.0995 0.8258
vn 0.8008 0.4373 0.4093
vn 0.5551 0.4991 0.6654
vn 0.8008 0.5834 0.1358
vn 0.5551 0.7649 0.3267
vn 0.8008 0.5833 0.1358
vn 0.8008 0.5731 -0.1741
vn 0.5551 0.8258 -0.0995
vn -0.7193 -0.0000 -0.6947
vn 0.7193 -0.0000 -0.6947
vn -0.7193 -0.0000 0.6947
vn 0.7193 -0.0000 0.6947
vn -0.7193 0.6017 0.3474
vn 0.7193 0.6017 0.3474
vn -0.7193 0.6948 -0.0000
vn 0.7193 0.6948 -0.0000
vn 0.7193 0.3474 0.6017
vn -0.7193 0.3474 0.6017
vn -0.7193 0.6947 -0.0000
vn 0.7192 0.3474 -0.6017
vn -0.7193 0.3474 -0.6017
vn 0.7193 0.6947 -0.0000
vn 0.7193 0.3474 -0.6017
vn -0.0000 -0.9239 0.3827
vn -0.0000 -0.7934 0.6088
vn -0.0000 0.7934 -0.6088
vn -0.0000 0.9239 -0.3827
vn -0.0000 0.9239 0.3827
vn -0.0000 0.7934 0.6088
vn -0.0000 -0.7934 -0.6088
vn -0.0000 -0.9239 -0.3827
vn 1.0000 -0.0000 -0.0000
vn -0.0000 0.2588 -0.9659
vn -0.0000 -0.2588 -0.9659
vn -1.0000 -0.0000 -0.0000
vn -0.0000 -0.8660 0.5000
vn -0.0000 -0.5000 0.8660
vn -0.0000 -0.7071 0.7071
vn -0.0000 -0.0000 1.0000
vn -0.0000 -0.2588 0.9659
vn -0.0000 -0.7071 -0.7071
vn -0.0000 -0.9659 -0.2588
vn -0.0000 -0.9659 0.2588
vn -0.0000 0.2588 0.9659
vn -0.0000 0.7071 0.7071
vn -0.0000 0.9659 0.2588
vn -0.0000 0.9659 -0.2588
vn -0.0000 0.7071 -0.7071
vn -0.0000 -0.0000 -1.0000
vt 0.100000 0.750000
vt 0.150000 0.750000
vt 0.150000 0.833333
vt 0.100000 0.833333
vt 0.200000 0.750000
vt 0.250000 0.750000
vt 0.250000 0.833333
vt 0.200000 0.833333
vt 0.150000 0.666667
vt 0.200000 0.666667
vt 0.250000 0.666667
vt 0.300000 0.666667
vt 0.300000 0.750000
vt 0.100000 0.083333
vt 0.150000 0.083333
vt 0.150000 0.166667
vt 0.100000 0.166667
vt 0.200000 0.083333
vt 0.250000 0.083333
vt 0.250000 0.166667
vt 0.200000 0.166667
vt 0.300000 0.083333
vt 0.350000 0.083333
vt 0.350000 0.166667
vt 0.300000 0.166667
vt 0.400000 0.083333
vt 0.450000 0.083333
vt 0.450000 0.166667
vt 0.400000 0.166667
vt 0.003460 0.247438
vt 0.003460 0.252562
vt -0.000000 0.250000
vt 0.500000 0.250000
vt 0.496540 0.252562
vt 0.496540 0.247438
vt 0.003460 0.580772
vt 0.003460 0.585895
vt -0.000000 0.583333
vt 0.500000 0.583333
vt 0.496540 0.585895
vt 0.496540 0.580772
vt 0.003460 0.914105
vt 0.003460 0.919228
vt -0.000000 0.916667
vt 0.500000 0.916667
vt 0.496540 0.919228
vt 0.496540 0.914105
vt 0.072139 0.960629
vt 0.074053 0.960414
vt 0.073682 0.962743
vt 0.123682 0.037257
vt 0.124053 0.039586
vt 0.122140 0.039371
vt 0.172140 0.960629
vt 0.174053 0.960414
vt 0.173682 0.962742
vt 0.223682 0.037257
vt 0.224053 0.039586
vt 0.222140 0.039371
vt 0.272139 0.960629
vt 0.274053 0.960414
vt 0.273682 0.962743
vt 0.323682 0.037257
vt 0.324053 0.039586
vt 0.322140 0.039371
vt 0.372140 0.960629
vt 0.374053 0.960414
vt 0.373682 0.962742
vt 0.423682 0.037257
vt 0.424053 0.039586
vt 0.422139 0.039371
vt 0.426318 0.037258
vt 0.427860 0.039371
vt 0.425947 0.039586
vt 0.427860 0.043963
vt 0.426318 0.046076
vt 0.425947 0.043747
vt 0.376318 0.120591
vt 0.377861 0.122704
vt 0.375947 0.122920
vt 0.327861 0.043962
vt 0.326318 0.046076
vt 0.325947 0.043747
vt 0.276318 0.120591
vt 0.277860 0.122704
vt 0.275947 0.122920
vt 0.227860 0.043962
vt 0.226318 0.046076
vt 0.225947 0.043747
vt 0.176318 0.120591
vt 0.177861 0.122704
vt 0.175947 0.122919
vt 0.127861 0.043962
vt 0.126318 0.046076
vt 0.125947 0.043747
vt 0.076318 0.120591
vt 0.077861 0.122704
vt 0.075947 0.122920
vt 0.073682 0.120591
vt 0.074053 0.122920
vt 0.072140 0.122704
vt 0.426318 0.203924
vt 0.427861 0.206038
vt 0.425947 0.206253
vt 0.377861 0.127296
vt 0.376318 0.129409
vt 0.375947 0.127081
vt 0.326318 0.203924
vt 0.327861 0.206037
vt 0.325947 0.206253
vt 0.277860 0.127296
vt 0.276318 0.129409
vt 0.275947 0.127081
vt 0.226318 0.203924
vt 0.227861 0.206037
vt 0.225947 0.206253
vt 0.177861 0.127296
vt 0.176318 0.129409
vt 0.175947 0.127081
vt 0.126318 0.203924
vt 0.127860 0.206037
vt 0.125947 0.206253
vt 0.077861 0.127296
vt 0.076318 0.129409
vt 0.075947 0.127081
vt 0.073682 0.129409
vt 0.072139 0.127296
vt 0.074053 0.127081
vt 0.427861 0.210629
vt 0.426318 0.212743
vt 0.425947 0.210414
vt 0.376318 0.287257
vt 0.377861 0.289371
vt 0.375947 0.289586
vt 0.327861 0.210629
vt 0.326318 0.212742
vt 0.325947 0.210414
vt 0.276318 0.287258
vt 0.277861 0.289371
vt 0.275947 0.289586
vt 0.227860 0.210629
vt 0.226318 0.212742
vt 0.225947 0.210414
vt 0.176318 0.287258
vt 0.177861 0.289371
vt 0.175947 0.289586
vt 0.127860 0.210629
vt 0.126318 0.212742
vt 0.125947 0.210414
vt 0.076318 0.287258
vt 0.077860 0.289371
vt 0.075947 0.289586
vt 0.073682 0.287258
vt 0.074053 0.289586
vt 0.072139 0.289371
vt 0.426318 0.370591
vt 0.427861 0.372704
vt 0.425947 0.372919
vt 0.377861 0.293962
vt 0.376318 0.296076
vt 0.375947 0.293747
vt 0.326318 0.370591
vt 0.327861 0.372704
vt 0.325947 0.372919
vt 0.277861 0.293962
vt 0.276318 0.296076
vt 0.275947 0.293747
vt 0.226318 0.370591
vt 0.227861 0.372704
vt 0.225947 0.372919
vt 0.177861 0.293962
vt 0.176318 0.296076
vt 0.175947 0.293747
vt 0.126318 0.370591
vt 0.127861 0.372704
vt 0.125947 0.372919
vt 0.077861 0.293962
vt 0.076318 0.296076
vt 0.075947 0.293747
vt 0.073682 0.296076
vt 0.072139 0.293962
vt 0.074053 0.293747
vt 0.427861 0.377296
vt 0.426318 0.379409
vt 0.425947 0.377080
vt 0.376318 0.453924
vt 0.377861 0.456037
vt 0.375947 0.456253
vt 0.327861 0.377296
vt 0.326318 0.379409
vt 0.325947 0.377080
vt 0.276318 0.453924
vt 0.277860 0.456037
vt 0.275947 0.456253
vt 0.227861 0.377296
vt 0.226318 0.379409
vt 0.225947 0.377080
vt 0.176318 0.453924
vt 0.177861 0.456037
vt 0.175947 0.456253
vt 0.127861 0.377296
vt 0.126318 0.379409
vt 0.125947 0.377080
vt 0.076318 0.453924
vt 0.077860 0.456037
vt 0.075947 0.456253
vt 0.073682 0.453924
vt 0.074053 0.456253
vt 0.072139 0.456037
vt 0.426318 0.537257
vt 0.427860 0.539371
vt 0.425947 0.539586
vt 0.377861 0.460629
vt 0.376318 0.462742
vt 0.375947 0.460414
vt 0.326318 0.537257
vt 0.327861 0.539371
vt 0.325947 0.539586
vt 0.277860 0.460629
vt 0.276318 0.462742
vt 0.275947 0.460414
vt 0.226318 0.537257
vt 0.227861 0.539371
vt 0.225947 0.539586
vt 0.177861 0.460629
vt 0.176318 0.462742
vt 0.175947 0.460414
vt 0.126318 0.537257
vt 0.127861 0.539371
vt 0.125947 0.539586
vt 0.077860 0.460629
vt 0.076318 0.462742
vt 0.075947 0.460414
vt 0.073682 0.462742
vt 0.072139 0.460629
vt 0.074053 0.460414
vt 0.427860 0.543962
vt 0.426318 0.546076
vt 0.425947 0.543747
vt 0.376318 0.620591
vt 0.377861 0.622704
vt 0.375947 0.622919
vt 0.327861 0.543962
vt 0.326318 0.546076
vt 0.325947 0.543747
vt 0.276318 0.620591
vt 0.277861 0.622704
vt 0.275947 0.622919
vt 0.227861 0.543962
vt 0.226318 0.546076
vt 0.225947 0.543747
vt 0.176318 0.620591
vt 0.177861 0.622704
vt 0.175947 0.622919
vt 0.127860 0.543962
vt 0.126318 0.546076
vt 0.125947 0.543747
vt 0.076318 0.620591
vt 0.077860 0.622704
vt 0.075947 0.622919
vt 0.073682 0.620591
vt 0.074053 0.622919
vt 0.072139 0.622704
vt 0.426318 0.703924
vt 0.427861 0.706038
vt 0.425947 0.706253
vt 0.377861 0.627296
vt 0.376318 0.629409
vt 0.375947 0.627080
vt 0.326318 0.703924
vt 0.327861 0.706037
vt 0.325947 0.706253
vt 0.277861 0.627296
vt 0.276318 0.629409
vt 0.275947 0.627081
vt 0.226318 0.703924
vt 0.227861 0.706037
vt 0.225947 0.706253
vt 0.177861 0.627296
vt 0.176318 0.629409
vt 0.175947 0.627081
vt 0.126318 0.703924
vt 0.127861 0.706037
vt 0.125947 0.706253
vt 0.077860 0.627296
vt 0.076318 0.629409
vt 0.075947 0.627080
vt 0.073682 0.629409
vt 0.072139 0.627296
vt 0.074053 0.627081
vt 0.427861 0.710629
vt 0.426318 0.712742
vt 0.425947 0.710414
vt 0.376318 0.787258
vt 0.377861 0.789371
vt 0.375947 0.789586
vt 0.327861 0.710629
vt 0.326318 0.712742
vt 0.325947 0.710414
vt 0.276318 0.787258
vt 0.277861 0.789371
vt 0.275947 0.789586
vt 0.227861 0.710629
vt 0.226318 0.712742
vt 0.225947 0.710414
vt 0.176318 0.787257
vt 0.177861 0.789371
vt 0.175947 0.789586
vt 0.127860 0.710629
vt 0.126318 0.712742
vt 0.125947 0.710414
vt 0.076318 0.787258
vt 0.077860 0.789371
vt 0.075947 0.789586
vt 0.073682 0.787257
vt 0.074053 0.789586
vt 0.072140 0.789371
vt 0.426318 0.870591
vt 0.427860 0.872704
vt 0.425947 0.872920
vt 0.377861 0.793962
vt 0.376318 0.796076
vt 0.375947 0.793747
vt 0.326318 0.870591
vt 0.327861 0.872704
vt 0.325947 0.872920
vt 0.277861 0.793962
vt 0.276318 0.796076
vt 0.275947 0.793747
vt 0.226318 0.870591
vt 0.227861 0.872704
vt 0.225947 0.872919
vt 0.177861 0.793962
vt 0.176318 0.796076
vt 0.175947 0.793747
vt 0.126318 0.870591
vt 0.127861 0.872704
vt 0.125947 0.872920
vt 0.077860 0.793962
vt 0.076318 0.796076
vt 0.075947 0.793747
vt 0.073682 0.796076
vt 0.072140 0.793962
vt 0.074053 0.793747
vt 0.427860 0.877296
vt 0.426318 0.879409
vt 0.425947 0.877081
vt 0.376318 0.953924
vt 0.377861 0.956038
vt 0.375947 0.956253
vt 0.327861 0.877296
vt 0.326318 0.879409
vt 0.325947 0.877081
vt 0.276318 0.953924
vt 0.277861 0.956038
vt 0.275947 0.956253
vt 0.227861 0.877296
vt 0.226318 0.879409
vt 0.225947 0.877081
vt 0.176318 0.953924
vt 0.177861 0.956038
vt 0.175947 0.956253
vt 0.127861 0.877296
vt 0.126318 0.879409
vt 0.125947 0.877081
vt 0.076318 0.953924
vt 0.077861 0.956038
vt 0.075947 0.956253
vt 0.073682 0.953924
vt 0.074053 0.956253
vt 0.072140 0.956038
vt 0.051627 -0.000000
vt 0.050000 0.002562
vt 0.048270 -0.000000
vt 0.050000 -0.000000
vt 0.448653 0.002444
vt 0.450000 -0.000000
vt 0.451730 -0.000000
vt 0.449807 0.002058
vt 0.076318 0.962743
vt 0.075947 0.960414
vt 0.077861 0.960629
vt 0.126318 0.037258
vt 0.127861 0.039371
vt 0.125947 0.039586
vt 0.176318 0.962742
vt 0.175947 0.960414
vt 0.177861 0.960629
vt 0.226318 0.037258
vt 0.227860 0.039371
vt 0.225947 0.039586
vt 0.276318 0.962743
vt 0.275947 0.960414
vt 0.277861 0.960629
vt 0.326318 0.037257
vt 0.327861 0.039371
vt 0.325947 0.039586
vt 0.376318 0.962743
vt 0.375947 0.960414
vt 0.377861 0.960629
vt 0.423682 0.046076
vt 0.422139 0.043962
vt 0.424053 0.043747
vt 0.373682 0.120591
vt 0.374053 0.122920
vt 0.372139 0.122704
vt 0.323682 0.046076
vt 0.322140 0.043962
vt 0.324053 0.043747
vt 0.273682 0.120591
vt 0.274053 0.122920
vt 0.272139 0.122704
vt 0.223682 0.046076
vt 0.222139 0.043962
vt 0.224053 0.043747
vt 0.173682 0.120591
vt 0.174053 0.122919
vt 0.172140 0.122704
vt 0.123682 0.046076
vt 0.122140 0.043962
vt 0.124053 0.043747
vt 0.423682 0.203924
vt 0.424053 0.206253
vt 0.422139 0.206038
vt 0.373682 0.129409
vt 0.372140 0.127296
vt 0.374053 0.127081
vt 0.323682 0.203924
vt 0.324053 0.206253
vt 0.322140 0.206037
vt 0.273682 0.129409
vt 0.272140 0.127296
vt 0.274053 0.127080
vt 0.223682 0.203924
vt 0.224053 0.206253
vt 0.222139 0.206037
vt 0.173682 0.129409
vt 0.172140 0.127296
vt 0.174053 0.127081
vt 0.123682 0.203924
vt 0.124053 0.206253
vt 0.122139 0.206037
vt 0.423682 0.212742
vt 0.422140 0.210629
vt 0.424053 0.210414
vt 0.373682 0.287257
vt 0.374053 0.289586
vt 0.372140 0.289371
vt 0.323682 0.212742
vt 0.322140 0.210629
vt 0.324053 0.210414
vt 0.273682 0.287258
vt 0.274053 0.289586
vt 0.272140 0.289371
vt 0.223682 0.212742
vt 0.222139 0.210629
vt 0.224053 0.210414
vt 0.173682 0.287258
vt 0.174053 0.289586
vt 0.172139 0.289371
vt 0.123682 0.212742
vt 0.122139 0.210629
vt 0.124053 0.210414
vt 0.448652 0.335778
vt 0.449963 0.330855
vt 0.453460 0.333333
vt 0.450000 0.335895
vt 0.400000 0.330772
vt 0.401417 0.335721
vt 0.400000 0.335895
vt 0.398588 0.333333
vt 0.399117 0.331731
vt 0.423682 0.370591
vt 0.424053 0.372919
vt 0.422139 0.372704
vt 0.348653 0.335778
vt 0.349963 0.330855
vt 0.350883 0.331731
vt 0.351412 0.333333
vt 0.350000 0.335895
vt 0.373682 0.296076
vt 0.372140 0.293962
vt 0.374053 0.293747
vt 0.300000 0.330772
vt 0.301418 0.335721
vt 0.300000 0.335895
vt 0.298588 0.333333
vt 0.299117 0.331731
vt 0.323682 0.370591
vt 0.324053 0.372919
vt 0.322140 0.372704
vt 0.248653 0.335778
vt 0.249963 0.330855
vt 0.250883 0.331731
vt 0.251412 0.333333
vt 0.250000 0.335895
vt 0.273682 0.296076
vt 0.272140 0.293962
vt 0.274053 0.293747
vt 0.200000 0.330772
vt 0.201418 0.335721
vt 0.200000 0.335895
vt 0.198588 0.333333
vt 0.199117 0.331731
vt 0.223682 0.370591
vt 0.224053 0.372919
vt 0.222139 0.372704
vt 0.148653 0.335778
vt 0.149963 0.330855
vt 0.150883 0.331731
vt 0.151412 0.333333
vt 0.150000 0.335895
vt 0.173682 0.296076
vt 0.172139 0.293962
vt 0.174053 0.293747
vt 0.100000 0.330772
vt 0.101417 0.335721
vt 0.100000 0.335895
vt 0.098588 0.333333
vt 0.099117 0.331731
vt 0.123682 0.370591
vt 0.124053 0.372919
vt 0.122140 0.372704
vt 0.450000 0.419228
vt 0.448583 0.414279
vt 0.450000 0.414105
vt 0.453460 0.416667
vt 0.401348 0.414222
vt 0.400037 0.419145
vt 0.399117 0.418269
vt 0.398588 0.416667
vt 0.400000 0.414105
vt 0.423682 0.379409
vt 0.422139 0.377296
vt 0.424053 0.377081
vt 0.350000 0.419228
vt 0.348583 0.414279
vt 0.350000 0.414105
vt 0.351412 0.416667
vt 0.350883 0.418269
vt 0.373682 0.453924
vt 0.374053 0.456253
vt 0.372139 0.456037
vt 0.301348 0.414222
vt 0.300037 0.419145
vt 0.299117 0.418269
vt 0.298588 0.416667
vt 0.300000 0.414105
vt 0.323682 0.379409
vt 0.322140 0.377296
vt 0.324053 0.377080
vt 0.250000 0.419228
vt 0.248583 0.414279
vt 0.250000 0.414105
vt 0.251412 0.416667
vt 0.250883 0.418269
vt 0.273682 0.453924
vt 0.274053 0.456253
vt 0.272139 0.456037
vt 0.201348 0.414222
vt 0.200037 0.419144
vt 0.199117 0.418269
vt 0.198588 0.416667
vt 0.200000 0.414105
vt 0.223682 0.379409
vt 0.222140 0.377296
vt 0.224053 0.377080
vt 0.150000 0.419228
vt 0.148583 0.414279
vt 0.150000 0.414105
vt 0.151412 0.416667
vt 0.150883 0.418269
vt 0.173682 0.453924
vt 0.174053 0.456253
vt 0.172140 0.456037
vt 0.101347 0.414222
vt 0.100037 0.419144
vt 0.099117 0.418269
vt 0.098588 0.416667
vt 0.100000 0.414105
vt 0.123682 0.379409
vt 0.122140 0.377296
vt 0.124053 0.377080
vt 0.448653 0.502444
vt 0.449963 0.497522
vt 0.453460 0.500000
vt 0.450000 0.502562
vt 0.051347 0.497556
vt 0.050037 0.502478
vt 0.046540 0.500000
vt 0.050000 0.497438
vt 0.423682 0.537257
vt 0.424053 0.539586
vt 0.422140 0.539371
vt 0.373682 0.462742
vt 0.372139 0.460629
vt 0.374053 0.460414
vt 0.323682 0.537257
vt 0.324053 0.539586
vt 0.322140 0.539371
vt 0.273682 0.462742
vt 0.272139 0.460629
vt 0.274053 0.460414
vt 0.223682 0.537257
vt 0.224053 0.539586
vt 0.222139 0.539371
vt 0.173682 0.462742
vt 0.172140 0.460629
vt 0.174053 0.460414
vt 0.123682 0.537257
vt 0.124053 0.539586
vt 0.122139 0.539371
vt 0.423682 0.546076
vt 0.422139 0.543962
vt 0.424053 0.543747
vt 0.350000 0.580772
vt 0.351417 0.585721
vt 0.350000 0.585895
vt 0.348588 0.583333
vt 0.349117 0.581731
vt 0.373682 0.620591
vt 0.374053 0.622919
vt 0.372140 0.622704
vt 0.298653 0.585778
vt 0.299963 0.580855
vt 0.300883 0.581731
vt 0.301412 0.583333
vt 0.300000 0.585895
vt 0.323682 0.546076
vt 0.322140 0.543962
vt 0.324053 0.543747
vt 0.250000 0.580772
vt 0.251417 0.585721
vt 0.250000 0.585895
vt 0.248588 0.583333
vt 0.249117 0.581731
vt 0.273682 0.620591
vt 0.274053 0.622919
vt 0.272140 0.622704
vt 0.198652 0.585778
vt 0.199963 0.580855
vt 0.200883 0.581731
vt 0.201412 0.583333
vt 0.200000 0.585895
vt 0.223682 0.546076
vt 0.222139 0.543962
vt 0.224053 0.543747
vt 0.173682 0.620591
vt 0.174053 0.622919
vt 0.172140 0.622704
vt 0.123682 0.546076
vt 0.122139 0.543962
vt 0.124053 0.543747
vt 0.051347 0.664222
vt 0.050037 0.669145
vt 0.046540 0.666667
vt 0.050000 0.664105
vt 0.423682 0.703924
vt 0.424053 0.706253
vt 0.422140 0.706038
vt 0.373682 0.629409
vt 0.372140 0.627296
vt 0.374053 0.627080
vt 0.323682 0.703924
vt 0.324053 0.706253
vt 0.322140 0.706038
vt 0.273682 0.629409
vt 0.272140 0.627296
vt 0.274053 0.627080
vt 0.223682 0.703924
vt 0.224053 0.706253
vt 0.222139 0.706038
vt 0.173682 0.629409
vt 0.172140 0.627296
vt 0.174053 0.627081
vt 0.100000 0.669228
vt 0.098583 0.664279
vt 0.100000 0.664105
vt 0.101412 0.666667
vt 0.100883 0.668269
vt 0.123682 0.703924
vt 0.124053 0.706253
vt 0.122139 0.706037
vt 0.398653 0.752444
vt 0.399963 0.747522
vt 0.400883 0.748398
vt 0.401412 0.750000
vt 0.400000 0.752562
vt 0.423682 0.712742
vt 0.422140 0.710629
vt 0.424053 0.710414
vt 0.350000 0.747438
vt 0.351417 0.752388
vt 0.350000 0.752562
vt 0.348588 0.750000
vt 0.349117 0.748398
vt 0.373682 0.787258
vt 0.374053 0.789586
vt 0.372140 0.789371
vt 0.323682 0.712742
vt 0.322140 0.710629
vt 0.324053 0.710414
vt 0.273682 0.787257
vt 0.274053 0.789586
vt 0.272140 0.789371
vt 0.223682 0.712742
vt 0.222140 0.710629
vt 0.224053 0.710414
vt 0.173682 0.787257
vt 0.174053 0.789586
vt 0.172140 0.789371
vt 0.123682 0.712742
vt 0.122139 0.710629
vt 0.124053 0.710414
vt 0.448653 0.835778
vt 0.449963 0.830855
vt 0.453460 0.833333
vt 0.450000 0.835895
vt 0.400000 0.830772
vt 0.401417 0.835721
vt 0.400000 0.835895
vt 0.398588 0.833333
vt 0.399117 0.831731
vt 0.423682 0.870591
vt 0.424053 0.872919
vt 0.422139 0.872704
vt 0.373682 0.796076
vt 0.372140 0.793963
vt 0.374053 0.793747
vt 0.323682 0.870591
vt 0.324053 0.872919
vt 0.322140 0.872704
vt 0.273682 0.796076
vt 0.272140 0.793962
vt 0.274053 0.793747
vt 0.223682 0.870591
vt 0.224053 0.872919
vt 0.222140 0.872704
vt 0.173682 0.796076
vt 0.172140 0.793962
vt 0.174053 0.793747
vt 0.123682 0.870591
vt 0.124053 0.872920
vt 0.122139 0.872704
vt 0.423682 0.879409
vt 0.422140 0.877296
vt 0.424053 0.877081
vt 0.373682 0.953924
vt 0.374053 0.956253
vt 0.372140 0.956038
vt 0.323682 0.879409
vt 0.322139 0.877296
vt 0.324053 0.877081
vt 0.273682 0.953924
vt 0.274053 0.956253
vt 0.272139 0.956038
vt 0.223682 0.879409
vt 0.222140 0.877296
vt 0.224053 0.877081
vt 0.173682 0.953924
vt 0.174053 0.956253
vt 0.172140 0.956038
vt 0.123682 0.879409
vt 0.122139 0.877296
vt 0.124053 0.877080
vt 0.076313 0.962744
vt 0.073687 0.962744
vt 0.075000 0.960892
vt 0.126313 0.037256
vt 0.125000 0.039108
vt 0.123687 0.037256
vt 0.176313 0.962744
vt 0.173687 0.962744
vt 0.175000 0.960892
vt 0.226313 0.037256
vt 0.225000 0.039108
vt 0.223687 0.037256
vt 0.276313 0.962744
vt 0.273687 0.962744
vt 0.275000 0.960892
vt 0.326313 0.037256
vt 0.325000 0.039108
vt 0.323687 0.037256
vt 0.376313 0.962744
vt 0.373687 0.962744
vt 0.375000 0.960892
vt 0.426313 0.037256
vt 0.425000 0.039108
vt 0.423687 0.037256
vt 0.423687 0.046077
vt 0.425000 0.044225
vt 0.426313 0.046077
vt 0.373687 0.120589
vt 0.376313 0.120589
vt 0.375000 0.122442
vt 0.323687 0.046077
vt 0.325000 0.044225
vt 0.326313 0.046077
vt 0.273687 0.120589
vt 0.276313 0.120589
vt 0.275000 0.122442
vt 0.223687 0.046077
vt 0.225000 0.044225
vt 0.226313 0.046077
vt 0.173687 0.120589
vt 0.176313 0.120589
vt 0.175000 0.122442
vt 0.123687 0.046077
vt 0.125000 0.044225
vt 0.126313 0.046077
vt 0.073687 0.120589
vt 0.076313 0.120589
vt 0.075000 0.122442
vt 0.423687 0.203923
vt 0.426313 0.203923
vt 0.425000 0.205775
vt 0.373687 0.129411
vt 0.375000 0.127558
vt 0.376313 0.129411
vt 0.323687 0.203923
vt 0.326313 0.203923
vt 0.325000 0.205775
vt 0.273687 0.129411
vt 0.275000 0.127558
vt 0.276313 0.129411
vt 0.223687 0.203923
vt 0.226313 0.203923
vt 0.225000 0.205775
vt 0.173687 0.129411
vt 0.175000 0.127558
vt 0.176313 0.129411
vt 0.123687 0.203923
vt 0.126313 0.203923
vt 0.125000 0.205775
vt 0.073687 0.129411
vt 0.075000 0.127558
vt 0.076313 0.129411
vt 0.423687 0.212744
vt 0.425000 0.210892
vt 0.426313 0.212744
vt 0.373687 0.287256
vt 0.376313 0.287256
vt 0.375000 0.289108
vt 0.323687 0.212744
vt 0.325000 0.210892
vt 0.326313 0.212744
vt 0.273687 0.287256
vt 0.276313 0.287256
vt 0.275000 0.289108
vt 0.223687 0.212744
vt 0.225000 0.210892
vt 0.226313 0.212744
vt 0.173687 0.287256
vt 0.176313 0.287256
vt 0.175000 0.289108
vt 0.123687 0.212744
vt 0.125000 0.210892
vt 0.126313 0.212744
vt 0.073687 0.287256
vt 0.076313 0.287256
vt 0.075000 0.289108
vt 0.423687 0.370589
vt 0.426313 0.370589
vt 0.425000 0.372442
vt 0.373687 0.296077
vt 0.375000 0.294225
vt 0.376313 0.296077
vt 0.323687 0.370589
vt 0.326313 0.370589
vt 0.325000 0.372442
vt 0.273687 0.296077
vt 0.275000 0.294225
vt 0.276313 0.296077
vt 0.223687 0.370589
vt 0.226313 0.370589
vt 0.225000 0.372442
vt 0.173687 0.296077
vt 0.175000 0.294225
vt 0.176313 0.296077
vt 0.123687 0.370589
vt 0.126313 0.370589
vt 0.125000 0.372442
vt 0.073687 0.296077
vt 0.075000 0.294225
vt 0.076313 0.296077
vt 0.423687 0.379411
vt 0.425000 0.377558
vt 0.426313 0.379411
vt 0.373687 0.453923
vt 0.376313 0.453923
vt 0.375000 0.455775
vt 0.323687 0.379411
vt 0.325000 0.377558
vt 0.326313 0.379410
vt 0.273687 0.453923
vt 0.276313 0.453923
vt 0.275000 0.455775
vt 0.223687 0.379411
vt 0.225000 0.377558
vt 0.226313 0.379411
vt 0.173687 0.453923
vt 0.176313 0.453923
vt 0.175000 0.455775
vt 0.123687 0.379410
vt 0.125000 0.377558
vt 0.126313 0.379411
vt 0.073687 0.453923
vt 0.076313 0.453923
vt 0.075000 0.455775
vt 0.423687 0.537256
vt 0.426313 0.537256
vt 0.425000 0.539108
vt 0.373687 0.462744
vt 0.375000 0.460891
vt 0.376313 0.462744
vt 0.323687 0.537256
vt 0.326313 0.537256
vt 0.325000 0.539108
vt 0.273687 0.462744
vt 0.275000 0.460891
vt 0.276313 0.462744
vt 0.223687 0.537256
vt 0.226313 0.537256
vt 0.225000 0.539108
vt 0.173687 0.462744
vt 0.175000 0.460891
vt 0.176313 0.462744
vt 0.123687 0.537256
vt 0.126313 0.537256
vt 0.125000 0.539108
vt 0.073687 0.462744
vt 0.075000 0.460892
vt 0.076313 0.462744
vt 0.423687 0.546077
vt 0.425000 0.544225
vt 0.426313 0.546077
vt 0.373687 0.620589
vt 0.376313 0.620589
vt 0.375000 0.622442
vt 0.323687 0.546077
vt 0.325000 0.544225
vt 0.326313 0.546077
vt 0.273687 0.620589
vt 0.276313 0.620589
vt 0.275000 0.622442
vt 0.223687 0.546077
vt 0.225000 0.544225
vt 0.226313 0.546077
vt 0.173687 0.620589
vt 0.176313 0.620589
vt 0.175000 0.622442
vt 0.123687 0.546077
vt 0.125000 0.544225
vt 0.126313 0.546077
vt 0.073687 0.620589
vt 0.076313 0.620589
vt 0.075000 0.622442
vt 0.423687 0.703923
vt 0.426313 0.703923
vt 0.425000 0.705775
vt 0.373687 0.629411
vt 0.375000 0.627558
vt 0.376313 0.629411
vt 0.323687 0.703923
vt 0.326313 0.703923
vt 0.325000 0.705775
vt 0.273687 0.629411
vt 0.275000 0.627558
vt 0.276313 0.629411
vt 0.223687 0.703923
vt 0.226313 0.703923
vt 0.225000 0.705775
vt 0.173687 0.629411
vt 0.175000 0.627558
vt 0.176313 0.629411
vt 0.123687 0.703923
vt 0.126313 0.703923
vt 0.125000 0.705775
vt 0.073687 0.629411
vt 0.075000 0.627558
vt 0.076313 0.629411
vt 0.423687 0.712744
vt 0.425000 0.710892
vt 0.426313 0.712744
vt 0.373687 0.787256
vt 0.376313 0.787256
vt 0.375000 0.789108
vt 0.323687 0.712744
vt 0.325000 0.710892
vt 0.326313 0.712744
vt 0.273687 0.787256
vt 0.276313 0.787256
vt 0.275000 0.789108
vt 0.223687 0.712744
vt 0.225000 0.710892
vt 0.226313 0.712744
vt 0.173687 0.787256
vt 0.176313 0.787256
vt 0.175000 0.789108
vt 0.123687 0.712744
vt 0.125000 0.710892
vt 0.126313 0.712744
vt 0.073687 0.787256
vt 0.076313 0.787256
vt 0.075000 0.789108
vt 0.423687 0.870589
vt 0.426313 0.870589
vt 0.425000 0.872442
vt 0.373687 0.796077
vt 0.375000 0.794225
vt 0.376313 0.796077
vt 0.323687 0.870589
vt 0.326313 0.870589
vt 0.325000 0.872442
vt 0.273687 0.796077
vt 0.275000 0.794225
vt 0.276313 0.796077
vt 0.223687 0.870589
vt 0.226313 0.870589
vt 0.225000 0.872442
vt 0.173687 0.796077
vt 0.175000 0.794225
vt 0.176313 0.796077
vt 0.123687 0.870589
vt 0.126313 0.870589
vt 0.125000 0.872442
vt 0.073687 0.796077
vt 0.075000 0.794225
vt 0.076313 0.796077
vt 0.423687 0.879411
vt 0.425000 0.877558
vt 0.426313 0.879411
vt 0.373687 0.953923
vt 0.376313 0.953923
vt 0.375000 0.955775
vt 0.323687 0.879411
vt 0.325000 0.877558
vt 0.326313 0.879411
vt 0.273687 0.953923
vt 0.276313 0.953923
vt 0.275000 0.955775
vt 0.223687 0.879411
vt 0.225000 0.877558
vt 0.226313 0.879411
vt 0.173687 0.953923
vt 0.176313 0.953923
vt 0.175000 0.955775
vt 0.123687 0.879411
vt 0.125000 0.877558
vt 0.126313 0.879411
vt 0.073687 0.953923
vt 0.076313 0.953923
vt 0.075000 0.955775
vt 0.072041 0.959998
vt 0.072041 0.956669
vt 0.073560 0.958333
vt 0.077959 0.959998
vt 0.076440 0.958333
vt 0.077959 0.956669
vt 0.172041 0.959998
vt 0.172041 0.956669
vt 0.173560 0.958333
vt 0.177959 0.959998
vt 0.176440 0.958333
vt 0.177959 0.956669
vt 0.272041 0.959998
vt 0.272041 0.956669
vt 0.273560 0.958333
vt 0.277959 0.959998
vt 0.276440 0.958333
vt 0.277959 0.956669
vt 0.372041 0.959998
vt 0.372041 0.956669
vt 0.373560 0.958333
vt 0.377959 0.959998
vt 0.376440 0.958333
vt 0.377959 0.956669
vt 0.122041 0.876665
vt 0.122041 0.873335
vt 0.123560 0.875000
vt 0.127959 0.876664
vt 0.126440 0.875000
vt 0.127959 0.873336
vt 0.222041 0.876665
vt 0.222041 0.873335
vt 0.223560 0.875000
vt 0.227959 0.876665
vt 0.226440 0.875000
vt 0.227959 0.873335
vt 0.322041 0.876665
vt 0.322041 0.873335
vt 0.323560 0.875000
vt 0.327959 0.876665
vt 0.326440 0.875000
vt 0.327959 0.873335
vt 0.422041 0.876665
vt 0.422041 0.873335
vt 0.423560 0.875000
vt 0.427959 0.876665
vt 0.426440 0.875000
vt 0.427959 0.873335
vt 0.072041 0.793331
vt 0.072041 0.790002
vt 0.073560 0.791667
vt 0.077959 0.793331
vt 0.076440 0.791667
vt 0.077959 0.790002
vt 0.172041 0.793331
vt 0.172041 0.790002
vt 0.173560 0.791667
vt 0.177959 0.793331
vt 0.176440 0.791667
vt 0.177959 0.790002
vt 0.272041 0.793331
vt 0.272041 0.790002
vt 0.273560 0.791667
vt 0.277959 0.793331
vt 0.276440 0.791667
vt 0.277959 0.790002
vt 0.372041 0.793331
vt 0.372041 0.790002
vt 0.373560 0.791667
vt 0.377959 0.793331
vt 0.376440 0.791667
vt 0.377959 0.790002
vt 0.122041 0.709998
vt 0.122041 0.706669
vt 0.123560 0.708333
vt 0.127959 0.709998
vt 0.126440 0.708333
vt 0.127959 0.706669
vt 0.222041 0.709998
vt 0.222041 0.706669
vt 0.223560 0.708333
vt 0.227959 0.709998
vt 0.226440 0.708333
vt 0.227959 0.706669
vt 0.322041 0.709998
vt 0.322041 0.706669
vt 0.323560 0.708333
vt 0.327959 0.709998
vt 0.326440 0.708333
vt 0.327959 0.706669
vt 0.422041 0.709998
vt 0.422041 0.706669
vt 0.423560 0.708333
vt 0.427959 0.709998
vt 0.426440 0.708333
vt 0.427960 0.706669
vt 0.072041 0.626665
vt 0.072041 0.623335
vt 0.073560 0.625000
vt 0.077959 0.626664
vt 0.076440 0.625000
vt 0.077959 0.623335
vt 0.172041 0.626665
vt 0.172041 0.623336
vt 0.173560 0.625000
vt 0.177959 0.626665
vt 0.176440 0.625000
vt 0.177959 0.623335
vt 0.272041 0.626665
vt 0.272041 0.623335
vt 0.273560 0.625000
vt 0.277959 0.626665
vt 0.276440 0.625000
vt 0.277959 0.623335
vt 0.372041 0.626664
vt 0.372041 0.623335
vt 0.373560 0.625000
vt 0.377959 0.626665
vt 0.376440 0.625000
vt 0.377959 0.623335
vt 0.122041 0.543331
vt 0.122041 0.540002
vt 0.123560 0.541667
vt 0.127959 0.543331
vt 0.126440 0.541667
vt 0.127959 0.540002
vt 0.222041 0.543331
vt 0.222041 0.540002
vt 0.223560 0.541667
vt 0.227959 0.543331
vt 0.226440 0.541667
vt 0.227959 0.540002
vt 0.322041 0.543331
vt 0.322041 0.540002
vt 0.323560 0.541667
vt 0.327959 0.543331
vt 0.326440 0.541667
vt 0.327959 0.540002
vt 0.422041 0.543331
vt 0.422041 0.540002
vt 0.423560 0.541667
vt 0.427959 0.543331
vt 0.426440 0.541667
vt 0.427959 0.540002
vt 0.072041 0.459998
vt 0.072041 0.456669
vt 0.073560 0.458333
vt 0.077959 0.459998
vt 0.076440 0.458333
vt 0.077959 0.456669
vt 0.172041 0.459998
vt 0.172041 0.456669
vt 0.173560 0.458333
vt 0.177959 0.459998
vt 0.176440 0.458333
vt 0.177959 0.456669
vt 0.272041 0.459998
vt 0.272041 0.456669
vt 0.273560 0.458333
vt 0.277959 0.459998
vt 0.276440 0.458333
vt 0.277959 0.456669
vt 0.372041 0.459998
vt 0.372041 0.456669
vt 0.373560 0.458333
vt 0.377959 0.459998
vt 0.376440 0.458333
vt 0.377959 0.456669
vt 0.122041 0.376664
vt 0.122041 0.373335
vt 0.123560 0.375000
vt 0.127959 0.376664
vt 0.126440 0.375000
vt 0.127959 0.373335
vt 0.222041 0.376665
vt 0.222041 0.373335
vt 0.223560 0.375000
vt 0.227959 0.376665
vt 0.226440 0.375000
vt 0.227959 0.373335
vt 0.322041 0.376664
vt 0.322041 0.373335
vt 0.323560 0.375000
vt 0.327960 0.376664
vt 0.326440 0.375000
vt 0.327960 0.373335
vt 0.422041 0.376665
vt 0.422041 0.373335
vt 0.423560 0.375000
vt 0.427959 0.376664
vt 0.426440 0.375000
vt 0.427959 0.373335
vt 0.072041 0.293331
vt 0.072041 0.290002
vt 0.073560 0.291667
vt 0.077959 0.293331
vt 0.076440 0.291667
vt 0.077959 0.290002
vt 0.172041 0.293331
vt 0.172041 0.290002
vt 0.173560 0.291667
vt 0.177959 0.293331
vt 0.176440 0.291667
vt 0.177959 0.290002
vt 0.272041 0.293331
vt 0.272041 0.290002
vt 0.273560 0.291667
vt 0.277959 0.293331
vt 0.276440 0.291667
vt 0.277959 0.290002
vt 0.372041 0.293331
vt 0.372041 0.290002
vt 0.373560 0.291667
vt 0.377959 0.293331
vt 0.376440 0.291667
vt 0.377959 0.290002
vt 0.122041 0.209998
vt 0.122041 0.206669
vt 0.123560 0.208333
vt 0.127959 0.209998
vt 0.126440 0.208333
vt 0.127959 0.206669
vt 0.222041 0.209998
vt 0.222041 0.206669
vt 0.223560 0.208333
vt 0.227959 0.209998
vt 0.226440 0.208333
vt 0.227959 0.206669
vt 0.322041 0.209998
vt 0.322041 0.206669
vt 0.323560 0.208333
vt 0.327959 0.209998
vt 0.326440 0.208333
vt 0.327959 0.206669
vt 0.422041 0.209998
vt 0.422041 0.206669
vt 0.423560 0.208333
vt 0.427959 0.209998
vt 0.426440 0.208333
vt 0.427959 0.206669
vt 0.072041 0.126665
vt 0.072041 0.123336
vt 0.073560 0.125000
vt 0.077959 0.126665
vt 0.076440 0.125000
vt 0.077959 0.123335
vt 0.172041 0.126665
vt 0.172041 0.123335
vt 0.173560 0.125000
vt 0.177959 0.126665
vt 0.176440 0.125000
vt 0.177959 0.123335
vt 0.272041 0.126665
vt 0.272041 0.123335
vt 0.273560 0.125000
vt 0.277959 0.126665
vt 0.276440 0.125000
vt 0.277959 0.123335
vt 0.372041 0.126665
vt 0.372041 0.123335
vt 0.373560 0.125000
vt 0.377959 0.126665
vt 0.376440 0.125000
vt 0.377959 0.123335
vt 0.122041 0.043331
vt 0.122041 0.040002
vt 0.123560 0.041667
vt 0.127959 0.043331
vt 0.126440 0.041667
vt 0.127959 0.040002
vt 0.222041 0.043331
vt 0.222041 0.040002
vt 0.223560 0.041667
vt 0.227959 0.043331
vt 0.226440 0.041667
vt 0.227959 0.040002
vt 0.322041 0.043331
vt 0.322041 0.040002
vt 0.323560 0.041667
vt 0.327959 0.043331
vt 0.326440 0.041667
vt 0.327959 0.040002
vt 0.422041 0.043331
vt 0.422041 0.040002
vt 0.423560 0.041667
vt 0.427959 0.043331
vt 0.426440 0.041667
vt 0.427959 0.040002
vt 0.076664 0.976252
vt 0.075000 0.982038
vt 0.073336 0.976252
vt 0.085148 0.976235
vt 0.086827 0.973725
vt 0.088232 0.978654
vt 0.126664 0.023748
vt 0.123336 0.023748
vt 0.125000 0.017962
vt 0.135148 0.023765
vt 0.138232 0.021346
vt 0.136827 0.026275
vt 0.176664 0.976252
vt 0.175000 0.982038
vt 0.173336 0.976252
vt 0.185148 0.976235
vt 0.186827 0.973725
vt 0.188232 0.978654
vt 0.226664 0.023748
vt 0.223336 0.023748
vt 0.225000 0.017962
vt 0.235148 0.023765
vt 0.238232 0.021346
vt 0.236827 0.026275
vt 0.276664 0.976252
vt 0.275000 0.982038
vt 0.273336 0.976252
vt 0.285148 0.976236
vt 0.286827 0.973725
vt 0.288232 0.978654
vt 0.326664 0.023748
vt 0.323336 0.023748
vt 0.325000 0.017962
vt 0.335148 0.023765
vt 0.338232 0.021346
vt 0.336827 0.026275
vt 0.376664 0.976252
vt 0.375000 0.982038
vt 0.373336 0.976252
vt 0.385148 0.976235
vt 0.386827 0.973725
vt 0.388232 0.978654
vt 0.426664 0.023748
vt 0.423336 0.023748
vt 0.425000 0.017962
vt 0.435148 0.023765
vt 0.438232 0.021346
vt 0.436827 0.026275
vt 0.423336 0.059585
vt 0.426664 0.059585
vt 0.425000 0.065372
vt 0.414852 0.059569
vt 0.411768 0.061987
vt 0.413173 0.057058
vt 0.373336 0.107081
vt 0.375000 0.101295
vt 0.376664 0.107081
vt 0.364852 0.107098
vt 0.363173 0.109609
vt 0.361768 0.104679
vt 0.323336 0.059585
vt 0.326664 0.059585
vt 0.325000 0.065371
vt 0.314852 0.059569
vt 0.311768 0.061987
vt 0.313173 0.057058
vt 0.273336 0.107081
vt 0.275000 0.101295
vt 0.276664 0.107081
vt 0.264852 0.107098
vt 0.263173 0.109609
vt 0.261768 0.104679
vt 0.223336 0.059585
vt 0.226664 0.059585
vt 0.225000 0.065372
vt 0.214852 0.059569
vt 0.211768 0.061987
vt 0.213173 0.057058
vt 0.173336 0.107081
vt 0.175000 0.101295
vt 0.176664 0.107081
vt 0.164852 0.107098
vt 0.163173 0.109609
vt 0.161768 0.104679
vt 0.123336 0.059585
vt 0.126664 0.059585
vt 0.125000 0.065372
vt 0.114852 0.059569
vt 0.111768 0.061987
vt 0.113173 0.057058
vt 0.073336 0.107081
vt 0.075000 0.101295
vt 0.076664 0.107081
vt 0.064852 0.107098
vt 0.063173 0.109609
vt 0.061768 0.104679
vt 0.423336 0.190415
vt 0.425000 0.184628
vt 0.426664 0.190415
vt 0.414852 0.190431
vt 0.413173 0.192942
vt 0.411768 0.188013
vt 0.373336 0.142919
vt 0.376664 0.142919
vt 0.375000 0.148705
vt 0.364852 0.142902
vt 0.361768 0.145321
vt 0.363173 0.140391
vt 0.323336 0.190415
vt 0.325000 0.184628
vt 0.326664 0.190415
vt 0.314852 0.190431
vt 0.313173 0.192942
vt 0.311768 0.188013
vt 0.273336 0.142919
vt 0.276664 0.142919
vt 0.275000 0.148705
vt 0.264852 0.142902
vt 0.261768 0.145321
vt 0.263173 0.140391
vt 0.223336 0.190415
vt 0.225000 0.184628
vt 0.226664 0.190415
vt 0.214852 0.190431
vt 0.213173 0.192942
vt 0.211768 0.188013
vt 0.173336 0.142919
vt 0.176664 0.142919
vt 0.175000 0.148705
vt 0.164852 0.142902
vt 0.161768 0.145321
vt 0.163173 0.140391
vt 0.123336 0.190415
vt 0.125000 0.184628
vt 0.126664 0.190415
vt 0.114852 0.190431
vt 0.113173 0.192942
vt 0.111768 0.188013
vt 0.073336 0.142919
vt 0.076664 0.142919
vt 0.075000 0.148705
vt 0.064852 0.142902
vt 0.061768 0.145321
vt 0.063173 0.140391
vt 0.423336 0.226252
vt 0.426664 0.226252
vt 0.425000 0.232038
vt 0.414852 0.226235
vt 0.411768 0.228654
vt 0.413173 0.223725
vt 0.373336 0.273748
vt 0.375000 0.267962
vt 0.376664 0.273748
vt 0.364852 0.273765
vt 0.363173 0.276275
vt 0.361768 0.271346
vt 0.323336 0.226252
vt 0.326664 0.226252
vt 0.325000 0.232038
vt 0.314852 0.226235
vt 0.311768 0.228654
vt 0.313173 0.223725
vt 0.273336 0.273748
vt 0.275000 0.267962
vt 0.276664 0.273748
vt 0.264852 0.273765
vt 0.263173 0.276275
vt 0.261768 0.271346
vt 0.223336 0.226252
vt 0.226664 0.226252
vt 0.225000 0.232038
vt 0.214852 0.226235
vt 0.211768 0.228654
vt 0.213173 0.223725
vt 0.173336 0.273748
vt 0.175000 0.267962
vt 0.176664 0.273748
vt 0.164852 0.273765
vt 0.163173 0.276275
vt 0.161768 0.271346
vt 0.123336 0.226252
vt 0.126664 0.226252
vt 0.125000 0.232038
vt 0.114852 0.226235
vt 0.111768 0.228654
vt 0.113173 0.223725
vt 0.073336 0.273748
vt 0.075000 0.267962
vt 0.076664 0.273748
vt 0.064852 0.273765
vt 0.063173 0.276275
vt 0.061768 0.271346
vt 0.423336 0.357081
vt 0.425000 0.351295
vt 0.426664 0.357081
vt 0.414852 0.357098
vt 0.413173 0.359609
vt 0.411768 0.354679
vt 0.373336 0.309585
vt 0.376664 0.309585
vt 0.375000 0.315371
vt 0.364852 0.309569
vt 0.361768 0.311987
vt 0.363173 0.307058
vt 0.323336 0.357081
vt 0.325000 0.351295
vt 0.326664 0.357081
vt 0.314852 0.357098
vt 0.313173 0.359608
vt 0.311768 0.354679
vt 0.273336 0.309585
vt 0.276664 0.309585
vt 0.275000 0.315372
vt 0.264852 0.309569
vt 0.261768 0.311987
vt 0.263173 0.307058
vt 0.223336 0.357081
vt 0.225000 0.351295
vt 0.226664 0.357081
vt 0.214852 0.357098
vt 0.213173 0.359608
vt 0.211768 0.354679
vt 0.173336 0.309585
vt 0.176664 0.309585
vt 0.175000 0.315372
vt 0.164852 0.309569
vt 0.161768 0.311987
vt 0.163173 0.307058
vt 0.123336 0.357081
vt 0.125000 0.351295
vt 0.126664 0.357081
vt 0.114852 0.357098
vt 0.113173 0.359608
vt 0.111768 0.354679
vt 0.073336 0.309585
vt 0.076664 0.309585
vt 0.075000 0.315371
vt 0.064852 0.309569
vt 0.061768 0.311987
vt 0.063173 0.307058
vt 0.423336 0.392919
vt 0.426664 0.392919
vt 0.425000 0.398705
vt 0.414852 0.392902
vt 0.411768 0.395321
vt 0.413173 0.390391
vt 0.373336 0.440414
vt 0.375000 0.434628
vt 0.376664 0.440414
vt 0.364852 0.440431
vt 0.363173 0.442942
vt 0.361768 0.438013
vt 0.323336 0.392918
vt 0.326664 0.392919
vt 0.325000 0.398705
vt 0.314852 0.392902
vt 0.311768 0.395320
vt 0.313173 0.390391
vt 0.273336 0.440414
vt 0.275000 0.434628
vt 0.276664 0.440414
vt 0.264852 0.440431
vt 0.263173 0.442942
vt 0.261768 0.438013
vt 0.223336 0.392919
vt 0.226664 0.392919
vt 0.225000 0.398705
vt 0.214852 0.392902
vt 0.211768 0.395321
vt 0.213173 0.390391
vt 0.173336 0.440414
vt 0.175000 0.434628
vt 0.176664 0.440414
vt 0.164852 0.440431
vt 0.163173 0.442942
vt 0.161768 0.438013
vt 0.123336 0.392919
vt 0.126664 0.392919
vt 0.125000 0.398705
vt 0.114852 0.392902
vt 0.111768 0.395320
vt 0.113173 0.390391
vt 0.073336 0.440414
vt 0.075000 0.434628
vt 0.076664 0.440415
vt 0.064852 0.440431
vt 0.063173 0.442942
vt 0.061768 0.438013
vt 0.423336 0.523748
vt 0.425000 0.517962
vt 0.426664 0.523748
vt 0.414852 0.523765
vt 0.413173 0.526275
vt 0.411768 0.521346
vt 0.373336 0.476252
vt 0.376664 0.476252
vt 0.375000 0.482038
vt 0.364852 0.476235
vt 0.361768 0.478654
vt 0.363173 0.473725
vt 0.323336 0.523748
vt 0.325000 0.517962
vt 0.326664 0.523748
vt 0.314852 0.523765
vt 0.313173 0.526275
vt 0.311768 0.521346
vt 0.273336 0.476252
vt 0.276664 0.476252
vt 0.275000 0.482038
vt 0.264852 0.476235
vt 0.261768 0.478654
vt 0.263173 0.473725
vt 0.223336 0.523748
vt 0.225000 0.517962
vt 0.226664 0.523748
vt 0.214852 0.523765
vt 0.213173 0.526275
vt 0.211768 0.521346
vt 0.173336 0.476252
vt 0.176664 0.476252
vt 0.175000 0.482038
vt 0.164852 0.476235
vt 0.161768 0.478654
vt 0.163173 0.473725
vt 0.123336 0.523748
vt 0.125000 0.517962
vt 0.126664 0.523748
vt 0.114852 0.523765
vt 0.113173 0.526275
vt 0.111768 0.521346
vt 0.073336 0.476252
vt 0.076664 0.476252
vt 0.075000 0.482038
vt 0.064852 0.476235
vt 0.061768 0.478654
vt 0.063173 0.473725
vt 0.423336 0.559585
vt 0.426664 0.559585
vt 0.425000 0.565371
vt 0.414852 0.559569
vt 0.411768 0.561987
vt 0.413173 0.557058
vt 0.373336 0.607081
vt 0.375000 0.601295
vt 0.376664 0.607081
vt 0.364852 0.607098
vt 0.363173 0.609609
vt 0.361768 0.604679
vt 0.323336 0.559585
vt 0.326664 0.559585
vt 0.325000 0.565372
vt 0.314852 0.559569
vt 0.311768 0.561987
vt 0.313173 0.557058
vt 0.273336 0.607081
vt 0.275000 0.601295
vt 0.276664 0.607081
vt 0.264852 0.607098
vt 0.263173 0.609609
vt 0.261768 0.604679
vt 0.223336 0.559585
vt 0.226664 0.559585
vt 0.225000 0.565372
vt 0.214852 0.559569
vt 0.211768 0.561987
vt 0.213173 0.557058
vt 0.173336 0.607081
vt 0.175000 0.601295
vt 0.176664 0.607081
vt 0.164852 0.607098
vt 0.163173 0.609609
vt 0.161768 0.604679
vt 0.123336 0.559585
vt 0.126664 0.559585
vt 0.125000 0.565371
vt 0.114852 0.559569
vt 0.111768 0.561987
vt 0.113173 0.557058
vt 0.073336 0.607081
vt 0.075000 0.601295
vt 0.076664 0.607081
vt 0.064852 0.607098
vt 0.063173 0.609609
vt 0.061768 0.604679
vt 0.423336 0.690415
vt 0.425000 0.684628
vt 0.426664 0.690415
vt 0.414852 0.690431
vt 0.413173 0.692942
vt 0.411768 0.688013
vt 0.373336 0.642919
vt 0.376664 0.642919
vt 0.375000 0.648705
vt 0.364852 0.642902
vt 0.361768 0.645321
vt 0.363173 0.640391
vt 0.323336 0.690415
vt 0.325000 0.684628
vt 0.326664 0.690415
vt 0.314852 0.690431
vt 0.313173 0.692942
vt 0.311768 0.688013
vt 0.273336 0.642919
vt 0.276664 0.642919
vt 0.275000 0.648705
vt 0.264852 0.642902
vt 0.261768 0.645321
vt 0.263173 0.640391
vt 0.223336 0.690415
vt 0.225000 0.684628
vt 0.226664 0.690415
vt 0.214852 0.690431
vt 0.213173 0.692942
vt 0.211768 0.688013
vt 0.173336 0.642919
vt 0.176664 0.642919
vt 0.175000 0.648705
vt 0.164852 0.642902
vt 0.161768 0.645321
vt 0.163173 0.640391
vt 0.123336 0.690415
vt 0.125000 0.684628
vt 0.126664 0.690415
vt 0.114852 0.690431
vt 0.113173 0.692942
vt 0.111768 0.688013
vt 0.073336 0.642919
vt 0.076664 0.642919
vt 0.075000 0.648705
vt 0.064852 0.642902
vt 0.061768 0.645321
vt 0.063173 0.640391
vt 0.423336 0.726252
vt 0.426664 0.726252
vt 0.425000 0.732038
vt 0.414852 0.726235
vt 0.411768 0.728654
vt 0.413173 0.723725
vt 0.373336 0.773748
vt 0.375000 0.767962
vt 0.376664 0.773748
vt 0.364852 0.773765
vt 0.363173 0.776275
vt 0.361768 0.771346
vt 0.323336 0.726252
vt 0.326664 0.726252
vt 0.325000 0.732038
vt 0.314852 0.726235
vt 0.311768 0.728654
vt 0.313173 0.723725
vt 0.273336 0.773748
vt 0.275000 0.767962
vt 0.276664 0.773748
vt 0.264852 0.773764
vt 0.263173 0.776275
vt 0.261768 0.771346
vt 0.223336 0.726252
vt 0.226664 0.726252
vt 0.225000 0.732038
vt 0.214852 0.726235
vt 0.211768 0.728654
vt 0.213173 0.723725
vt 0.173336 0.773748
vt 0.175000 0.767962
vt 0.176664 0.773748
vt 0.164852 0.773765
vt 0.163173 0.776275
vt 0.161768 0.771346
vt 0.123336 0.726252
vt 0.126664 0.726252
vt 0.125000 0.732038
vt 0.114852 0.726235
vt 0.111768 0.728654
vt 0.113173 0.723725
vt 0.073336 0.773748
vt 0.075000 0.767962
vt 0.076664 0.773748
vt 0.064852 0.773765
vt 0.063173 0.776275
vt 0.061768 0.771346
vt 0.423336 0.857081
vt 0.425000 0.851295
vt 0.426664 0.857081
vt 0.414852 0.857098
vt 0.413173 0.859609
vt 0.411768 0.854679
vt 0.373336 0.809585
vt 0.376664 0.809585
vt 0.375000 0.815371
vt 0.364852 0.809569
vt 0.361768 0.811987
vt 0.363173 0.807058
vt 0.323336 0.857081
vt 0.325000 0.851295
vt 0.326664 0.857081
vt 0.314852 0.857098
vt 0.313173 0.859609
vt 0.311768 0.854679
vt 0.273336 0.809585
vt 0.276664 0.809585
vt 0.275000 0.815372
vt 0.264852 0.809569
vt 0.261768 0.811987
vt 0.263173 0.807058
vt 0.223336 0.857081
vt 0.225000 0.851295
vt 0.226664 0.857081
vt 0.214852 0.857098
vt 0.213173 0.859609
vt 0.211768 0.854679
vt 0.173336 0.809585
vt 0.176664 0.809585
vt 0.175000 0.815372
vt 0.164852 0.809569
vt 0.161768 0.811987
vt 0.163173 0.807058
vt 0.123336 0.857081
vt 0.125000 0.851295
vt 0.126664 0.857081
vt 0.114852 0.857098
vt 0.113173 0.859609
vt 0.111768 0.854679
vt 0.073336 0.809585
vt 0.076664 0.809585
vt 0.075000 0.815372
vt 0.064852 0.809569
vt 0.061768 0.811987
vt 0.063173 0.807058
vt 0.423336 0.892919
vt 0.426664 0.892919
vt 0.425000 0.898705
vt 0.414852 0.892902
vt 0.411768 0.895321
vt 0.413173 0.890391
vt 0.373336 0.940415
vt 0.375000 0.934628
vt 0.376664 0.940415
vt 0.364852 0.940431
vt 0.363173 0.942942
vt 0.361768 0.938013
vt 0.323336 0.892919
vt 0.326664 0.892919
vt 0.325000 0.898705
vt 0.314852 0.892902
vt 0.311768 0.895321
vt 0.313173 0.890391
vt 0.273336 0.940415
vt 0.275000 0.934628
vt 0.276664 0.940415
vt 0.264852 0.940431
vt 0.263173 0.942942
vt 0.261768 0.938013
vt 0.223336 0.892919
vt 0.226664 0.892919
vt 0.225000 0.898705
vt 0.214852 0.892902
vt 0.211768 0.895321
vt 0.213173 0.890391
vt 0.173336 0.940415
vt 0.175000 0.934628
vt 0.176664 0.940415
vt 0.164852 0.940431
vt 0.163173 0.942942
vt 0.161768 0.938013
vt 0.123336 0.892919
vt 0.126664 0.892919
vt 0.125000 0.898705
vt 0.114852 0.892902
vt 0.111768 0.895321
vt 0.113173 0.890391
vt 0.073336 0.940415
vt 0.075000 0.934628
vt 0.076664 0.940415
vt 0.064852 0.940431
vt 0.063173 0.942942
vt 0.061768 0.938013
vt 0.063161 0.960842
vt 0.060221 0.958333
vt 0.063161 0.955824
vt 0.063173 0.973725
vt 0.064852 0.976235
vt 0.061768 0.978654
vt 0.086839 0.960842
vt 0.086839 0.955824
vt 0.089779 0.958333
vt 0.163161 0.960843
vt 0.160221 0.958333
vt 0.163161 0.955824
vt 0.163173 0.973725
vt 0.164852 0.976235
vt 0.161768 0.978654
vt 0.186839 0.960842
vt 0.186839 0.955824
vt 0.189779 0.958333
vt 0.263161 0.960843
vt 0.260221 0.958333
vt 0.263161 0.955824
vt 0.263173 0.973725
vt 0.264852 0.976235
vt 0.261768 0.978654
vt 0.286839 0.960843
vt 0.286839 0.955824
vt 0.289779 0.958333
vt 0.363161 0.960843
vt 0.360221 0.958333
vt 0.363161 0.955824
vt 0.363173 0.973725
vt 0.364852 0.976235
vt 0.361768 0.978654
vt 0.386839 0.960843
vt 0.386839 0.955824
vt 0.389779 0.958333
vt 0.113161 0.877509
vt 0.110221 0.875000
vt 0.113161 0.872491
vt 0.136839 0.877509
vt 0.136839 0.872491
vt 0.139779 0.875000
vt 0.136827 0.890391
vt 0.138232 0.895321
vt 0.135148 0.892902
vt 0.213161 0.877509
vt 0.210221 0.875000
vt 0.213161 0.872491
vt 0.236839 0.877509
vt 0.236839 0.872491
vt 0.239779 0.875000
vt 0.236827 0.890391
vt 0.238232 0.895321
vt 0.235148 0.892902
vt 0.313161 0.877509
vt 0.310221 0.875000
vt 0.313161 0.872491
vt 0.336839 0.877509
vt 0.336839 0.872491
vt 0.339779 0.875000
vt 0.336827 0.890392
vt 0.338232 0.895321
vt 0.335148 0.892902
vt 0.413161 0.877509
vt 0.410221 0.875000
vt 0.413161 0.872491
vt 0.436839 0.877509
vt 0.436839 0.872491
vt 0.439779 0.875000
vt 0.436827 0.890391
vt 0.438232 0.895321
vt 0.435148 0.892902
vt 0.063161 0.794176
vt 0.060221 0.791667
vt 0.063161 0.789158
vt 0.086839 0.794176
vt 0.086839 0.789158
vt 0.089779 0.791667
vt 0.086827 0.807058
vt 0.088232 0.811987
vt 0.085148 0.809569
vt 0.163161 0.794176
vt 0.160221 0.791667
vt 0.163161 0.789158
vt 0.186839 0.794176
vt 0.186839 0.789157
vt 0.189779 0.791667
vt 0.186827 0.807058
vt 0.188233 0.811987
vt 0.185149 0.809569
vt 0.263161 0.794176
vt 0.260221 0.791667
vt 0.263161 0.789158
vt 0.286839 0.794176
vt 0.286839 0.789157
vt 0.289779 0.791667
vt 0.286827 0.807058
vt 0.288233 0.811987
vt 0.285149 0.809569
vt 0.363161 0.794176
vt 0.360221 0.791667
vt 0.363161 0.789158
vt 0.386839 0.794176
vt 0.386839 0.789158
vt 0.389779 0.791667
vt 0.386827 0.807058
vt 0.388232 0.811987
vt 0.385148 0.809569
vt 0.113161 0.710842
vt 0.110221 0.708333
vt 0.113161 0.705824
vt 0.136839 0.710842
vt 0.136839 0.705824
vt 0.139779 0.708333
vt 0.136827 0.723725
vt 0.138232 0.728654
vt 0.135148 0.726235
vt 0.213161 0.710842
vt 0.210221 0.708333
vt 0.213161 0.705824
vt 0.236839 0.710842
vt 0.236839 0.705824
vt 0.239779 0.708333
vt 0.236827 0.723725
vt 0.238232 0.728654
vt 0.235148 0.726235
vt 0.313161 0.710842
vt 0.310221 0.708333
vt 0.313161 0.705824
vt 0.336839 0.710842
vt 0.336839 0.705824
vt 0.339779 0.708333
vt 0.336827 0.723725
vt 0.338233 0.728654
vt 0.335149 0.726235
vt 0.413161 0.710842
vt 0.410221 0.708333
vt 0.413161 0.705824
vt 0.436839 0.710842
vt 0.436839 0.705824
vt 0.439779 0.708333
vt 0.436827 0.723725
vt 0.438232 0.728654
vt 0.435149 0.726235
vt 0.063161 0.627509
vt 0.060221 0.625000
vt 0.063161 0.622491
vt 0.086839 0.627509
vt 0.086839 0.622491
vt 0.089779 0.625000
vt 0.086827 0.640391
vt 0.088232 0.645321
vt 0.085148 0.642902
vt 0.163161 0.627509
vt 0.160221 0.625000
vt 0.163161 0.622491
vt 0.186839 0.627509
vt 0.186839 0.622491
vt 0.189779 0.625000
vt 0.186827 0.640391
vt 0.188232 0.645321
vt 0.185148 0.642902
vt 0.263161 0.627509
vt 0.260221 0.625000
vt 0.263161 0.622491
vt 0.286839 0.627509
vt 0.286839 0.622491
vt 0.289779 0.625000
vt 0.286827 0.640391
vt 0.288232 0.645321
vt 0.285148 0.642902
vt 0.363161 0.627509
vt 0.360221 0.625000
vt 0.363161 0.622491
vt 0.386839 0.627509
vt 0.386839 0.622491
vt 0.389779 0.625000
vt 0.386827 0.640391
vt 0.388232 0.645321
vt 0.385148 0.642902
vt 0.113161 0.544176
vt 0.110221 0.541667
vt 0.113161 0.539157
vt 0.136839 0.544176
vt 0.136839 0.539157
vt 0.139779 0.541667
vt 0.136827 0.557058
vt 0.138232 0.561987
vt 0.135148 0.559569
vt 0.213161 0.544176
vt 0.210221 0.541667
vt 0.213161 0.539157
vt 0.236839 0.544176
vt 0.236839 0.539157
vt 0.239779 0.541667
vt 0.236827 0.557058
vt 0.238232 0.561987
vt 0.235148 0.559569
vt 0.313161 0.544176
vt 0.310221 0.541667
vt 0.313161 0.539158
vt 0.336839 0.544176
vt 0.336839 0.539157
vt 0.339779 0.541667
vt 0.336827 0.557058
vt 0.338232 0.561987
vt 0.335148 0.559569
vt 0.413161 0.544176
vt 0.410221 0.541667
vt 0.413161 0.539157
vt 0.436839 0.544176
vt 0.436839 0.539157
vt 0.439779 0.541667
vt 0.436827 0.557058
vt 0.438233 0.561987
vt 0.435149 0.559569
vt 0.063161 0.460842
vt 0.060221 0.458333
vt 0.063161 0.455824
vt 0.086839 0.460842
vt 0.086839 0.455824
vt 0.089779 0.458333
vt 0.086827 0.473725
vt 0.088232 0.478654
vt 0.085148 0.476235
vt 0.163161 0.460842
vt 0.160221 0.458333
vt 0.163161 0.455824
vt 0.186839 0.460842
vt 0.186839 0.455824
vt 0.189779 0.458333
vt 0.186827 0.473725
vt 0.188232 0.478654
vt 0.185148 0.476235
vt 0.263161 0.460842
vt 0.260221 0.458333
vt 0.263161 0.455824
vt 0.286839 0.460842
vt 0.286839 0.455824
vt 0.289779 0.458333
vt 0.286827 0.473725
vt 0.288232 0.478654
vt 0.285148 0.476235
vt 0.363161 0.460842
vt 0.360221 0.458333
vt 0.363161 0.455824
vt 0.386839 0.460842
vt 0.386839 0.455824
vt 0.389779 0.458333
vt 0.386827 0.473725
vt 0.388232 0.478654
vt 0.385148 0.476235
vt 0.113161 0.377509
vt 0.110221 0.375000
vt 0.113161 0.372491
vt 0.136839 0.377509
vt 0.136839 0.372491
vt 0.139779 0.375000
vt 0.136827 0.390391
vt 0.138232 0.395320
vt 0.135148 0.392902
vt 0.213161 0.377509
vt 0.210221 0.375000
vt 0.213161 0.372491
vt 0.236839 0.377509
vt 0.236839 0.372491
vt 0.239779 0.375000
vt 0.236827 0.390391
vt 0.238232 0.395321
vt 0.235148 0.392902
vt 0.313161 0.377509
vt 0.310221 0.375000
vt 0.313161 0.372491
vt 0.336839 0.377509
vt 0.336839 0.372491
vt 0.339779 0.375000
vt 0.336827 0.390391
vt 0.338232 0.395320
vt 0.335148 0.392902
vt 0.413161 0.377509
vt 0.410221 0.375000
vt 0.413161 0.372491
vt 0.436839 0.377509
vt 0.436839 0.372491
vt 0.439779 0.375000
vt 0.436827 0.390391
vt 0.438232 0.395321
vt 0.435148 0.392902
vt 0.063161 0.294176
vt 0.060221 0.291667
vt 0.063161 0.289157
vt 0.086839 0.294176
vt 0.086839 0.289158
vt 0.089779 0.291667
vt 0.086827 0.307058
vt 0.088232 0.311987
vt 0.085148 0.309569
vt 0.163161 0.294176
vt 0.160221 0.291667
vt 0.163161 0.289157
vt 0.186839 0.294176
vt 0.186839 0.289158
vt 0.189779 0.291667
vt 0.186827 0.307058
vt 0.188232 0.311987
vt 0.185148 0.309569
vt 0.263161 0.294176
vt 0.260221 0.291667
vt 0.263161 0.289157
vt 0.286839 0.294176
vt 0.286839 0.289157
vt 0.289779 0.291667
vt 0.286827 0.307058
vt 0.288232 0.311987
vt 0.285148 0.309569
vt 0.363161 0.294176
vt 0.360221 0.291667
vt 0.363161 0.289157
vt 0.386839 0.294176
vt 0.386839 0.289157
vt 0.389779 0.291667
vt 0.386827 0.307058
vt 0.388232 0.311987
vt 0.385149 0.309569
vt 0.113161 0.210842
vt 0.110221 0.208333
vt 0.113161 0.205824
vt 0.136839 0.210842
vt 0.136839 0.205824
vt 0.139779 0.208333
vt 0.136827 0.223725
vt 0.138232 0.228654
vt 0.135148 0.226235
vt 0.213161 0.210842
vt 0.210221 0.208333
vt 0.213161 0.205824
vt 0.236839 0.210842
vt 0.236839 0.205824
vt 0.239779 0.208333
vt 0.236827 0.223725
vt 0.238232 0.228654
vt 0.235148 0.226235
vt 0.313161 0.210842
vt 0.310221 0.208333
vt 0.313161 0.205824
vt 0.336839 0.210843
vt 0.336839 0.205824
vt 0.339779 0.208333
vt 0.336827 0.223725
vt 0.338232 0.228654
vt 0.335148 0.226235
vt 0.413161 0.210843
vt 0.410221 0.208333
vt 0.413161 0.205824
vt 0.436839 0.210843
vt 0.436839 0.205824
vt 0.439779 0.208333
vt 0.436827 0.223725
vt 0.438232 0.228654
vt 0.435148 0.226236
vt 0.063161 0.127509
vt 0.060221 0.125000
vt 0.063161 0.122491
vt 0.086839 0.127509
vt 0.086839 0.122491
vt 0.089779 0.125000
vt 0.086827 0.140391
vt 0.088232 0.145321
vt 0.085148 0.142902
vt 0.163161 0.127509
vt 0.160221 0.125000
vt 0.163161 0.122491
vt 0.186839 0.127509
vt 0.186839 0.122491
vt 0.189779 0.125000
vt 0.186827 0.140391
vt 0.188233 0.145321
vt 0.185149 0.142902
vt 0.263161 0.127509
vt 0.260221 0.125000
vt 0.263161 0.122491
vt 0.286839 0.127509
vt 0.286839 0.122491
vt 0.289779 0.125000
vt 0.286827 0.140391
vt 0.288233 0.145320
vt 0.285149 0.142902
vt 0.363161 0.127509
vt 0.360221 0.125000
vt 0.363161 0.122491
vt 0.386839 0.127509
vt 0.386839 0.122491
vt 0.389779 0.125000
vt 0.386827 0.140391
vt 0.388232 0.145321
vt 0.385148 0.142902
vt 0.113161 0.044176
vt 0.110221 0.041667
vt 0.113161 0.039157
vt 0.136839 0.044176
vt 0.136839 0.039157
vt 0.139779 0.041667
vt 0.136827 0.057058
vt 0.138232 0.061987
vt 0.135148 0.059569
vt 0.213161 0.044176
vt 0.210221 0.041667
vt 0.213161 0.039157
vt 0.236839 0.044176
vt 0.236839 0.039158
vt 0.239779 0.041667
vt 0.236827 0.057058
vt 0.238232 0.061987
vt 0.235148 0.059569
vt 0.313161 0.044176
vt 0.310221 0.041667
vt 0.313161 0.039157
vt 0.336839 0.044176
vt 0.336839 0.039157
vt 0.339779 0.041667
vt 0.336827 0.057058
vt 0.338232 0.061987
vt 0.335148 0.059569
vt 0.413161 0.044176
vt 0.410221 0.041667
vt 0.413161 0.039157
vt 0.436839 0.044176
vt 0.436839 0.039158
vt 0.439779 0.041667
vt 0.436827 0.057058
vt 0.438232 0.061987
vt 0.435148 0.059569
vt 0.114852 0.023765
vt 0.113173 0.026275
vt 0.111768 0.021346
vt 0.214852 0.023765
vt 0.213173 0.026275
vt 0.211768 0.021346
vt 0.314852 0.023765
vt 0.313173 0.026275
vt 0.311768 0.021346
vt 0.414852 0.023765
vt 0.413173 0.026275
vt 0.411768 0.021346
vt 0.385148 0.107098
vt 0.388232 0.104679
vt 0.386827 0.109609
vt 0.285148 0.107098
vt 0.288232 0.104679
vt 0.286827 0.109609
vt 0.185148 0.107098
vt 0.188232 0.104679
vt 0.186827 0.109609
vt 0.085148 0.107098
vt 0.088232 0.104679
vt 0.086827 0.109609
vt 0.435148 0.190431
vt 0.438232 0.188013
vt 0.436827 0.192942
vt 0.335148 0.190431
vt 0.338232 0.188013
vt 0.336827 0.192942
vt 0.235148 0.190431
vt 0.238232 0.188013
vt 0.236827 0.192942
vt 0.135148 0.190431
vt 0.138232 0.188013
vt 0.136827 0.192942
vt 0.385148 0.273764
vt 0.388232 0.271346
vt 0.386827 0.276275
vt 0.285148 0.273765
vt 0.288232 0.271346
vt 0.286827 0.276275
vt 0.185148 0.273765
vt 0.188232 0.271346
vt 0.186827 0.276275
vt 0.085148 0.273765
vt 0.088232 0.271346
vt 0.086827 0.276275
vt 0.435148 0.357098
vt 0.438232 0.354679
vt 0.436827 0.359609
vt 0.335149 0.357098
vt 0.338232 0.354679
vt 0.336827 0.359608
vt 0.235148 0.357098
vt 0.238232 0.354679
vt 0.236827 0.359609
vt 0.135148 0.357098
vt 0.138232 0.354679
vt 0.136827 0.359608
vt 0.385148 0.440431
vt 0.388232 0.438013
vt 0.386827 0.442942
vt 0.285148 0.440431
vt 0.288232 0.438013
vt 0.286827 0.442942
vt 0.185148 0.440431
vt 0.188232 0.438013
vt 0.186827 0.442942
vt 0.085148 0.440431
vt 0.088232 0.438013
vt 0.086827 0.442942
vt 0.435148 0.523765
vt 0.438232 0.521346
vt 0.436827 0.526275
vt 0.335148 0.523764
vt 0.338232 0.521346
vt 0.336827 0.526275
vt 0.235148 0.523765
vt 0.238232 0.521346
vt 0.236827 0.526275
vt 0.135148 0.523765
vt 0.138232 0.521346
vt 0.136827 0.526275
vt 0.385149 0.607098
vt 0.388232 0.604679
vt 0.386827 0.609609
vt 0.285148 0.607098
vt 0.288232 0.604679
vt 0.286827 0.609609
vt 0.185148 0.607098
vt 0.188232 0.604679
vt 0.186827 0.609609
vt 0.085148 0.607098
vt 0.088232 0.604679
vt 0.086827 0.609608
vt 0.435148 0.690431
vt 0.438232 0.688013
vt 0.436827 0.692942
vt 0.335149 0.690431
vt 0.338232 0.688013
vt 0.336827 0.692942
vt 0.235148 0.690431
vt 0.238232 0.688013
vt 0.236827 0.692942
vt 0.135148 0.690431
vt 0.138232 0.688013
vt 0.136827 0.692942
vt 0.385148 0.773765
vt 0.388232 0.771346
vt 0.386827 0.776275
vt 0.285149 0.773765
vt 0.288233 0.771346
vt 0.286827 0.776275
vt 0.185148 0.773765
vt 0.188232 0.771346
vt 0.186827 0.776275
vt 0.085148 0.773765
vt 0.088232 0.771346
vt 0.086827 0.776275
vt 0.435148 0.857098
vt 0.438232 0.854679
vt 0.436827 0.859609
vt 0.335148 0.857098
vt 0.338233 0.854679
vt 0.336827 0.859609
vt 0.235148 0.857098
vt 0.238232 0.854679
vt 0.236827 0.859609
vt 0.135148 0.857098
vt 0.138232 0.854679
vt 0.136827 0.859609
vt 0.385148 0.940431
vt 0.388232 0.938013
vt 0.386827 0.942942
vt 0.285148 0.940431
vt 0.288233 0.938013
vt 0.286827 0.942942
vt 0.185148 0.940431
vt 0.188232 0.938013
vt 0.186827 0.942942
vt 0.085148 0.940431
vt 0.088232 0.938013
vt 0.086827 0.942942
vt 0.903437 0.529068
vt 0.901528 0.525761
vt 0.898221 0.523852
vt 0.565424 0.060207
vt 0.560207 0.065424
vt 0.562117 0.062117
vt 0.501909 0.630043
vt 0.500000 0.633350
vt 0.500000 0.637169
vt 0.666398 0.461735
vt 0.673525 0.463644
vt 0.669706 0.463645
vt 0.790120 0.927289
vt 0.793939 0.927289
vt 0.797246 0.925380
vt 0.963645 0.173525
vt 0.961735 0.166398
vt 0.963645 0.169706
vt 0.500000 0.164483
vt 0.500000 0.168850
vt 0.500000 0.166667
vt -0.000000 0.247817
vt -0.000000 0.252183
vt 0.500000 0.247817
vt 0.500000 0.252183
vt -0.000000 0.331150
vt -0.000000 0.333333
vt -0.000000 0.335517
vt 0.500000 0.331150
vt 0.500000 0.335516
vt 0.500000 0.333333
vt -0.000000 0.664483
vt -0.000000 0.666667
vt -0.000000 0.668850
vt 0.500000 0.664483
vt 0.500000 0.668850
vt 0.500000 0.666667
vt -0.000000 0.833333
vt -0.000000 0.835517
vt -0.000000 0.831150
vt 0.500000 0.831150
vt 0.500000 0.835517
vt 0.500000 0.833333
vt 0.500000 0.166862
vt 0.500000 0.165029
vt -0.000000 0.248363
vt -0.000000 0.252183
vt -0.000000 0.250195
vt 0.500000 0.249805
vt 0.500000 0.251637
vt -0.000000 0.331150
vt -0.000000 0.334971
vt -0.000000 0.333138
vt 0.500000 0.331150
vt 0.500000 0.333138
vt 0.500000 0.334971
vt -0.000000 0.668304
vt -0.000000 0.666472
vt 0.500000 0.666862
vt 0.500000 0.665029
vt -0.000000 0.831696
vt -0.000000 0.835517
vt -0.000000 0.833528
vt 0.500000 0.833138
vt 0.500000 0.834971
vt 0.903437 0.529068
vt 0.898221 0.523852
vt 0.898732 0.528557
vt 0.564912 0.064912
vt 0.560207 0.065424
vt 0.501910 0.630043
vt 0.500000 0.637169
vt 0.503819 0.634374
vt 0.666398 0.461735
vt 0.670729 0.459826
vt 0.673525 0.463645
vt 0.790120 0.927289
vt 0.797246 0.925379
vt 0.792916 0.923470
vt 0.963645 0.173525
vt 0.959826 0.170729
vt 0.961735 0.166398
vt 0.003460 -0.000000
vt 0.003460 0.083333
vt -0.000000 0.083333
vt -0.000000 0.000000
vt 0.496540 0.083333
vt 0.496540 -0.000000
vt 0.500000 -0.000000
vt 0.500000 0.083333
vt 0.003460 0.166667
vt -0.000000 0.166667
vt 0.496540 0.166667
vt 0.500000 0.166667
vt 0.049870 0.252493
vt 0.050000 0.247438
vt 0.003460 0.333333
vt -0.000000 0.333333
vt 0.496540 0.333333
vt 0.003460 0.416667
vt -0.000000 0.416667
vt 0.496540 0.416667
vt 0.500000 0.416667
vt 0.003460 0.500000
vt -0.000000 0.500000
vt 0.496540 0.500000
vt 0.500000 0.500000
vt 0.049870 0.585827
vt 0.050000 0.580772
vt 0.003460 0.666667
vt 0.496540 0.666667
vt 0.003460 0.750000
vt -0.000000 0.750000
vt 0.496540 0.750000
vt 0.500000 0.750000
vt 0.003460 0.833333
vt -0.000000 0.833333
vt 0.496540 0.833333
vt 0.049871 0.919160
vt 0.050000 0.914105
vt 0.003460 1.000000
vt -0.000000 1.000000
vt 0.496540 1.000000
vt 0.500000 1.000000
vt 0.100000 -0.000000
vt 0.099870 0.002493
vt 0.150000 -0.000000
vt 0.150130 0.002493
vt 0.200000 -0.000000
vt 0.199870 0.002493
vt 0.250000 -0.000000
vt 0.250130 0.002493
vt 0.300000 -0.000000
vt 0.299871 0.002493
vt 0.350000 -0.000000
vt 0.350130 0.002493
vt 0.400000 -0.000000
vt 0.399870 0.002493
vt 0.450000 0.252562
vt 0.450130 0.247507
vt 0.400130 0.252493
vt 0.399871 0.247507
vt 0.349871 0.252493
vt 0.350130 0.247507
vt 0.300130 0.252493
vt 0.299871 0.247507
vt 0.249870 0.252493
vt 0.250130 0.247507
vt 0.200130 0.252493
vt 0.199870 0.247507
vt 0.149870 0.252493
vt 0.150130 0.247507
vt 0.100130 0.252493
vt 0.099870 0.247507
vt 0.399870 0.502493
vt 0.400130 0.497507
vt 0.350130 0.502493
vt 0.349871 0.497506
vt 0.299871 0.502493
vt 0.300130 0.497507
vt 0.250130 0.502493
vt 0.249870 0.497507
vt 0.199870 0.502493
vt 0.200130 0.497507
vt 0.150130 0.502493
vt 0.149870 0.497507
vt 0.099870 0.502493
vt 0.100130 0.497507
vt 0.450000 0.585895
vt 0.450130 0.580840
vt 0.400130 0.585827
vt 0.399870 0.580840
vt 0.149871 0.585827
vt 0.150130 0.580840
vt 0.100130 0.585827
vt 0.099870 0.580840
vt 0.450000 0.919228
vt 0.450130 0.914173
vt 0.400130 0.919160
vt 0.399871 0.914173
vt 0.349871 0.919160
vt 0.350130 0.914173
vt 0.300130 0.919160
vt 0.299871 0.914173
vt 0.249870 0.919160
vt 0.250130 0.914173
vt 0.200130 0.919160
vt 0.199870 0.914173
vt 0.149871 0.919160
vt 0.150130 0.914173
vt 0.100130 0.919160
vt 0.099870 0.914173
vt 0.901528 0.865172
vt 0.963645 0.757583
vt 0.793939 0.000000
vt 0.901528 0.062117
vt 0.901528 0.062117
vt 0.793939 0.000000
vt 0.963645 0.633350
vt 0.669706 0.000000
vt 0.669706 0.000000
vt 0.793939 0.463645
vt 0.793939 0.463645
vt 0.500000 0.169706
vt 0.669706 0.463645
vt 0.500000 0.293939
vt 0.500000 0.293939
vt 0.562117 0.525761
vt 0.562117 0.401528
vt 0.500000 0.757583
vt 0.793939 0.463645
vt 0.562117 0.865172
vt 0.562117 0.865172
vt 0.901528 0.401528
vt 0.901528 0.401528
vt 0.669706 0.927289
vt 0.669706 0.927289
vt 0.963645 0.293939
vt 0.963645 0.293939
vt -0.000000 0.083333
vt 0.500000 -0.000000
vt -0.000000 0.166667
vt -0.000000 0.416667
vt 0.500000 0.416667
vt -0.000000 0.500000
vt 0.500000 0.500000
vt -0.000000 0.083333
vt -0.000000 0.000585
vt 0.500000 0.000585
vt 0.500000 0.083333
vt -0.000000 0.166667
vt -0.000000 0.500000
vt 0.500000 0.500000
vt -0.000000 0.916667
vt 0.500000 0.916667
vt -0.000000 0.999415
vt 0.500000 0.999415
vt 0.959826 0.756560
vt 0.898732 0.862377
vt 0.898732 0.064912
vt 0.792916 0.003819
vt 0.959826 0.634374
vt 0.669706 0.000000
vt 0.670729 0.003819
vt 0.792916 0.467464
vt 0.503819 0.170729
vt 0.670729 0.467464
vt 0.503819 0.292916
vt 0.564912 0.528557
vt 0.564912 0.398732
vt 0.503819 0.756560
vt 0.792916 0.459826
vt 0.564912 0.862377
vt 0.898732 0.398732
vt 0.670729 0.923470
vt 0.959826 0.292916
vt 0.050000 0.997438
vt 0.046540 1.000000
vt 0.050000 0.083333
vt 0.453460 1.000000
vt 0.450000 0.997438
vt 0.050000 0.166667
vt 0.050000 0.333333
vt 0.050000 0.416667
vt 0.450000 0.666667
vt 0.050000 0.750000
vt 0.450000 0.750000
vt 0.050000 0.833333
vt 0.075000 0.958333
vt 0.125000 0.041667
vt 0.175000 0.958333
vt 0.225000 0.041667
vt 0.275000 0.958333
vt 0.325000 0.041667
vt 0.375000 0.958333
vt 0.425000 0.041667
vt 0.375000 0.125000
vt 0.275000 0.125000
vt 0.175000 0.125000
vt 0.075000 0.125000
vt 0.425000 0.208333
vt 0.325000 0.208333
vt 0.225000 0.208333
vt 0.125000 0.208333
vt 0.375000 0.291667
vt 0.275000 0.291667
vt 0.175000 0.291667
vt 0.075000 0.291667
vt 0.425000 0.375000
vt 0.325000 0.375000
vt 0.225000 0.375000
vt 0.125000 0.375000
vt 0.375000 0.458333
vt 0.275000 0.458333
vt 0.175000 0.458333
vt 0.075000 0.458333
vt 0.425000 0.541667
vt 0.325000 0.541667
vt 0.225000 0.541667
vt 0.125000 0.541667
vt 0.375000 0.625000
vt 0.275000 0.625000
vt 0.175000 0.625000
vt 0.075000 0.625000
vt 0.425000 0.708333
vt 0.325000 0.708333
vt 0.225000 0.708333
vt 0.125000 0.708333
vt 0.375000 0.791667
vt 0.275000 0.791667
vt 0.175000 0.791667
vt 0.075000 0.791667
vt 0.425000 0.875000
vt 0.325000 0.875000
vt 0.225000 0.875000
vt 0.125000 0.875000
vt 0.100108 0.997495
vt 0.051347 0.997556
vt 0.400108 0.997495
vt 0.149892 0.997495
vt 0.200108 0.997495
vt 0.249892 0.997495
vt 0.300108 0.997495
vt 0.349892 0.997495
vt 0.400000 0.666667
vt 0.350000 0.666667
vt 0.350000 0.833333
vt 0.300000 0.833333
vt 0.963645 0.633350
vt 0.963645 0.169706
vt 0.669706 0.463645
s 1
f 130/138/69 129/139/69 136/140/70 137/141/70
f 128/142/69 127/143/69 134/144/70 135/145/70
f 123/146/71 122/147/71 128/142/69 129/139/69
f 121/148/71 120/149/71 126/150/69 127/143/69
f 105/151/72 104/152/72 113/153/73 114/154/73
f 103/155/72 102/156/72 111/157/73 112/158/73
f 101/159/72 100/160/72 109/161/73 110/162/73
f 99/163/72 97/164/72 106/165/73 108/166/73
f 198/167/74 199/168/75 200/169/76
f 201/170/77 202/171/78 203/172/79
f 216/173/80 217/174/81 218/175/82
f 219/176/83 220/177/84 221/178/85
f 234/179/86 235/180/87 236/181/88
f 237/182/89 238/183/90 239/184/91
f 240/185/92 241/186/93 242/187/94
f 243/188/95 244/189/96 245/190/97
f 246/191/92 247/192/93 248/193/94
f 249/194/95 250/195/96 251/196/97
f 252/197/92 253/198/93 254/199/94
f 255/200/95 256/201/96 257/202/97
f 258/203/92 259/204/93 260/205/94
f 261/206/95 262/207/96 263/208/97
f 264/209/98 265/210/99 266/211/100
f 267/212/101 268/213/102 269/214/103
f 270/215/104 271/216/105 272/217/106
f 273/218/101 274/219/102 275/220/103
f 276/221/104 277/222/105 278/223/106
f 279/224/101 280/225/102 281/226/103
f 282/227/104 283/228/105 284/229/106
f 285/230/101 286/231/102 287/232/103
f 288/233/104 289/234/105 290/235/106
f 291/236/107 292/237/108 293/238/109
f 294/239/110 295/240/111 296/241/112
f 297/242/113 298/243/114 299/244/115
f 300/245/110 301/246/111 302/247/112
f 303/248/113 304/249/116 305/250/115
f 306/251/110 307/252/111 308/253/112
f 309/254/113 310/255/114 311/256/115
f 312/257/110 313/258/111 314/259/112
f 315/260/113 316/261/114 317/262/115
f 318/263/117 319/264/118 320/265/119
f 321/266/120 322/267/121 323/268/122
f 324/269/123 325/270/124 326/271/125
f 327/272/120 328/273/121 329/274/122
f 330/275/126 331/276/124 332/277/125
f 333/278/120 334/279/121 335/280/122
f 336/281/123 337/282/124 338/283/125
f 339/284/120 340/285/121 341/286/122
f 342/287/126 343/288/124 344/289/125
f 345/290/127 346/291/128 347/292/129
f 348/293/130 349/294/131 350/295/132
f 351/296/133 352/297/134 353/298/135
f 354/299/130 355/300/131 356/301/132
f 357/302/133 358/303/134 359/304/135
f 360/305/130 361/306/131 362/307/132
f 363/308/133 364/309/134 365/310/135
f 366/311/136 367/312/131 368/313/132
f 369/314/133 370/315/134 371/316/135
f 372/317/137 373/318/138 374/319/139
f 375/320/140 376/321/141 377/322/142
f 378/323/143 379/324/144 380/325/145
f 381/326/140 382/327/146 383/328/142
f 384/329/143 385/330/147 386/331/145
f 387/332/140 388/333/148 389/334/142
f 390/335/143 391/336/147 392/337/145
f 393/338/140 394/339/149 395/340/150
f 396/341/143 397/342/147 398/343/145
f 399/344/151 400/345/152 401/346/153
f 402/347/154 403/348/155 404/349/156
f 405/350/157 406/351/158 407/352/159
f 408/353/160 409/354/155 410/355/156
f 411/356/157 412/357/158 413/358/159
f 414/359/154 415/360/155 416/361/156
f 417/362/157 418/363/158 419/364/159
f 420/365/154 421/366/155 422/367/156
f 423/368/157 424/369/158 425/370/159
f 426/371/161 427/372/162 428/373/163
f 429/374/164 430/375/165 431/376/166
f 432/377/167 433/378/168 434/379/169
f 435/380/164 436/381/165 437/382/166
f 438/383/167 439/384/168 440/385/169
f 441/386/170 442/387/165 443/388/166
f 444/389/167 445/390/168 446/391/169
f 447/392/164 448/393/165 449/394/166
f 450/395/167 451/396/168 452/397/169
f 453/398/171 454/399/172 455/400/173
f 456/401/174 457/402/175 458/403/176
f 459/404/177 460/405/178 461/406/179
f 462/407/174 463/408/175 464/409/176
f 465/410/177 466/411/178 467/412/179
f 468/413/174 469/414/175 470/415/176
f 471/416/177 472/417/178 473/418/179
f 474/419/174 475/420/175 476/421/176
f 477/422/177 478/423/178 479/424/179
f 480/425/180 481/426/181 482/427/182
f 483/428/183 484/429/184 485/430/185
f 486/431/186 487/432/187 488/433/188
f 489/434/183 490/435/184 491/436/189
f 492/437/186 493/438/187 494/439/188
f 495/440/183 496/441/184 497/442/189
f 498/443/186 499/444/187 500/445/190
f 501/446/183 502/447/184 503/448/189
f 504/449/186 505/450/187 506/451/191
f 507/452/192 508/453/193 509/454/194
f 510/455/195 511/456/196 512/457/197
f 513/458/198 514/459/199 515/460/200
f 516/461/195 517/462/196 518/463/197
f 519/464/198 520/465/199 521/466/200
f 522/467/195 523/468/196 524/469/197
f 525/470/198 526/471/199 527/472/200
f 528/473/201 529/474/196 530/475/197
f 531/476/202 532/477/199 533/478/200
f 534/479/203 535/480/204 536/481/205
f 537/482/206 538/483/207 539/484/208
f 540/485/209 541/486/210 542/487/211
f 543/488/206 544/489/207 545/490/208
f 546/491/209 547/492/210 548/493/211
f 549/494/206 550/495/207 551/496/208
f 552/497/209 553/498/210 554/499/211
f 555/500/206 556/501/207 557/502/208
f 558/503/209 559/504/210 560/505/211
f 561/506/212 562/507/213 563/508/214
f 564/509/215 565/510/216 566/511/217 567/512/218
f 568/513/219 569/514/220 570/515/221 571/516/222
f 574/517/223 575/518/224 576/519/225
f 579/520/98 580/521/99 581/522/100
f 584/523/223 585/524/224 586/525/225
f 589/526/98 590/527/99 591/528/100
f 594/529/223 595/530/224 596/531/225
f 599/532/98 600/533/99 601/534/100
f 604/535/223 605/536/224 606/537/225
f 607/538/226 608/539/227 609/540/228
f 610/541/107 611/542/108 612/543/109
f 613/544/226 614/545/227 615/546/228
f 616/547/107 617/548/108 618/549/109
f 619/550/226 620/551/227 621/552/228
f 622/553/107 623/554/108 624/555/109
f 625/556/226 626/557/227 627/558/229
f 628/559/230 629/560/231 630/561/232
f 631/562/117 632/563/118 633/564/119
f 634/565/230 635/566/231 636/567/232
f 637/568/117 638/569/118 639/570/119
f 640/571/230 641/572/231 642/573/232
f 643/574/117 644/575/118 645/576/119
f 646/577/230 647/578/231 648/579/232
f 655/580/233 656/581/234 657/582/235
f 660/583/236 661/584/237 662/585/129
f 665/586/233 666/587/234 667/588/238
f 670/589/236 671/590/237 672/591/129
f 675/592/233 676/593/234 677/594/238
f 680/595/236 681/596/237 682/597/129
f 685/598/233 686/599/234 687/600/238
f 688/601/239 689/602/240 690/603/241 691/604/242
f 692/605/243 693/606/244 694/607/245 695/608/246 696/609/247
f 697/610/248 698/611/249 699/612/250
f 700/613/251 701/614/252 702/615/253 703/616/254 704/617/255
f 705/618/137 706/619/138 707/620/139
f 708/621/243 709/622/244 710/623/245 711/624/246 712/625/247
f 713/626/256 714/627/249 715/628/250
f 716/629/251 717/630/252 718/631/253 719/632/254 720/633/255
f 721/634/137 722/635/138 723/636/139
f 724/637/243 725/638/244 726/639/245 727/640/246 728/641/247
f 729/642/248 730/643/249 731/644/250
f 732/645/251 733/646/252 734/647/253 735/648/254 736/649/255
f 737/650/137 738/651/138 739/652/139
f 740/653/243 741/654/244 742/655/245 743/656/246 744/657/247
f 745/658/256 746/659/249 747/660/250
f 748/661/257 749/662/258 750/663/259 751/664/260
f 752/665/261 753/666/262 754/667/263 755/668/264 756/669/265
f 757/670/266 758/671/267 759/672/268
f 760/673/269 761/674/270 762/675/271 763/676/272 764/677/273
f 765/678/151 766/679/152 767/680/153
f 768/681/261 769/682/262 770/683/263 771/684/264 772/685/265
f 773/686/266 774/687/267 775/688/268
f 776/689/269 777/690/270 778/691/271 779/692/272 780/693/273
f 781/694/151 782/695/152 783/696/153
f 784/697/261 785/698/262 786/699/263 787/700/264 788/701/265
f 789/702/266 790/703/267 791/704/268
f 792/705/269 793/706/270 794/707/271 795/708/272 796/709/273
f 797/710/151 798/711/152 799/712/153
f 800/713/261 801/714/262 802/715/263 803/716/264 804/717/265
f 805/718/274 806/719/267 807/720/268
f 808/721/275 809/722/276 810/723/277 811/724/278
f 812/725/279 813/726/280 814/727/281 815/728/282
f 818/729/283 819/730/284 820/731/285
f 823/732/286 824/733/162 825/734/163
f 828/735/283 829/736/284 830/737/285
f 833/738/161 834/739/162 835/740/163
f 838/741/283 839/742/284 840/743/285
f 843/744/161 844/745/162 845/746/163
f 848/747/283 849/748/284 850/749/285
f 857/750/287 858/751/288 859/752/289
f 860/753/290 861/754/291 862/755/292 863/756/293 864/757/294
f 865/758/295 866/759/172 867/760/173
f 868/761/296 869/762/297 870/763/298 871/764/299 872/765/300
f 873/766/287 874/767/288 875/768/289
f 876/769/290 877/770/291 878/771/292 879/772/293 880/773/294
f 881/774/301 882/775/172 883/776/173
f 884/777/296 885/778/297 886/779/298 887/780/299 888/781/300
f 889/782/287 890/783/302 891/784/289
f 894/785/295 895/786/303 896/787/173
f 899/788/287 900/789/288 901/790/289
f 902/791/304 903/792/305 904/793/306 905/794/307
f 906/795/308 907/796/309 908/797/310
f 909/798/180 910/799/181 911/800/182
f 912/801/308 913/802/309 914/803/310
f 915/804/180 916/805/181 917/806/182
f 918/807/308 919/808/309 920/809/311
f 921/810/180 922/811/181 923/812/182
f 924/813/312 925/814/313 926/815/314 927/816/315 928/817/316
f 929/818/308 930/819/309 931/820/310
f 932/821/317 933/822/318 934/823/319 935/824/320 936/825/321
f 937/826/322 938/827/323 939/828/324
f 940/829/325 941/830/326 942/831/327 943/832/328 944/833/329
f 945/834/192 946/835/330 947/836/194
f 948/837/322 949/838/323 950/839/331
f 951/840/192 952/841/193 953/842/194
f 954/843/322 955/844/323 956/845/331
f 957/846/192 958/847/332 959/848/194
f 960/849/322 961/850/323 962/851/331
f 963/852/333 964/853/334 965/854/335 966/855/336
f 967/856/337 968/857/338 969/858/339 970/859/340 971/860/341
f 972/861/342 973/862/343 974/863/344
f 975/864/203 976/865/204 977/866/345
f 978/867/342 979/868/343 980/869/344
f 981/870/203 982/871/204 983/872/345
f 984/873/342 985/874/343 986/875/344
f 987/876/203 988/877/204 989/878/345
f 990/879/342 991/880/343 992/881/344
f 999/882/346 1000/883/347 1001/884/348
f 1004/885/212 1005/886/349 1006/887/350
f 1009/888/351 1010/889/347 1011/890/348
f 1014/891/212 1015/892/213 1016/893/350
f 1019/894/351 1020/895/347 1021/896/348
f 1024/897/212 1025/898/349 1026/899/214
f 1029/900/351 1030/901/347 1031/902/348
f 1032/903/352 1033/904/353 1034/905/354
f 1035/906/355 1036/907/356 1037/908/357
f 1038/909/352 1039/910/353 1040/911/354
f 1041/912/355 1042/913/356 1043/914/357
f 1044/915/352 1045/916/353 1046/917/354
f 1047/918/355 1048/919/356 1049/920/357
f 1050/921/352 1051/922/353 1052/923/354
f 1053/924/355 1054/925/356 1055/926/357
f 1056/927/358 1057/928/359 1058/929/360
f 1059/930/361 1060/931/362 1061/932/363
f 1062/933/358 1063/934/359 1064/935/360
f 1065/936/361 1066/937/362 1067/938/363
f 1068/939/358 1069/940/359 1070/941/360
f 1071/942/361 1072/943/362 1073/944/363
f 1074/945/358 1075/946/359 1076/947/360
f 1077/948/361 1078/949/362 1079/950/363
f 1080/951/364 1081/952/365 1082/953/366
f 1083/954/367 1084/955/368 1085/956/369
f 1086/957/370 1087/958/371 1088/959/366
f 1089/960/367 1090/961/368 1091/962/369
f 1092/963/364 1093/964/365 1094/965/366
f 1095/966/367 1096/967/368 1097/968/369
f 1098/969/364 1099/970/365 1100/971/366
f 1101/972/367 1102/973/368 1103/974/369
f 1104/975/372 1105/976/373 1106/977/374
f 1107/978/375 1108/979/376 1109/980/377
f 1110/981/372 1111/982/373 1112/983/374
f 1113/984/375 1114/985/376 1115/986/377
f 1116/987/372 1117/988/373 1118/989/374
f 1119/990/375 1120/991/378 1121/992/377
f 1122/993/372 1123/994/373 1124/995/374
f 1125/996/375 1126/997/376 1127/998/377
f 1128/999/379 1129/1000/380 1130/1001/381
f 1131/1002/382 1132/1003/383 1133/1004/384
f 1134/1005/379 1135/1006/380 1136/1007/381
f 1137/1008/385 1138/1009/383 1139/1010/386
f 1140/1011/379 1141/1012/380 1142/1013/381
f 1143/1014/385 1144/1015/383 1145/1016/386
f 1146/1017/379 1147/1018/380 1148/1019/381
f 1149/1020/385 1150/1021/387 1151/1022/386
f 1152/1023/388 1153/1024/389 1154/1025/390
f 1155/1026/391 1156/1027/392 1157/1028/393
f 1158/1029/388 1159/1030/389 1160/1031/390
f 1161/1032/391 1162/1033/392 1163/1034/393
f 1164/1035/388 1165/1036/389 1166/1037/390
f 1167/1038/391 1168/1039/392 1169/1040/393
f 1170/1041/388 1171/1042/389 1172/1043/394
f 1173/1044/391 1174/1045/392 1175/1046/393
f 1176/1047/395 1177/1048/396 1178/1049/397
f 1179/1050/398 1180/1051/399 1181/1052/400
f 1182/1053/395 1183/1054/401 1184/1055/397
f 1185/1056/402 1186/1057/399 1187/1058/400
f 1188/1059/403 1189/1060/396 1190/1061/397
f 1191/1062/402 1192/1063/399 1193/1064/400
f 1194/1065/395 1195/1066/396 1196/1067/397
f 1197/1068/402 1198/1069/399 1199/1070/400
f 1200/1071/404 1201/1072/405 1202/1073/406
f 1203/1074/407 1204/1075/408 1205/1076/409
f 1206/1077/410 1207/1078/405 1208/1079/411
f 1209/1080/407 1210/1081/408 1211/1082/409
f 1212/1083/404 1213/1084/405 1214/1085/411
f 1215/1086/407 1216/1087/408 1217/1088/409
f 1218/1089/404 1219/1090/405 1220/1091/406
f 1221/1092/407 1222/1093/408 1223/1094/409
f 1224/1095/412 1225/1096/413 1226/1097/414
f 1227/1098/415 1228/1099/416 1229/1100/417
f 1230/1101/412 1231/1102/413 1232/1103/418
f 1233/1104/415 1234/1105/416 1235/1106/417
f 1236/1107/412 1237/1108/413 1238/1109/418
f 1239/1110/415 1240/1111/416 1241/1112/417
f 1242/1113/412 1243/1114/413 1244/1115/418
f 1245/1116/415 1246/1117/416 1247/1118/417
f 1248/1119/419 1249/1120/420 1250/1121/421
f 1251/1122/422 1252/1123/423 1253/1124/424
f 1254/1125/419 1255/1126/420 1256/1127/421
f 1257/1128/422 1258/1129/423 1259/1130/424
f 1260/1131/419 1261/1132/420 1262/1133/421
f 1263/1134/422 1264/1135/423 1265/1136/424
f 1266/1137/419 1267/1138/420 1268/1139/421
f 1269/1140/422 1270/1141/423 1271/1142/424
f 1272/1143/425 1273/1144/426 1274/1145/427
f 1275/1146/428 1276/1147/429 1277/1148/430
f 1278/1149/425 1279/1150/426 1280/1151/427
f 1281/1152/428 1282/1153/431 1283/1154/430
f 1284/1155/425 1285/1156/426 1286/1157/427
f 1287/1158/428 1288/1159/431 1289/1160/430
f 1290/1161/425 1291/1162/426 1292/1163/427
f 1293/1164/428 1294/1165/429 1295/1166/430
f 1296/1167/432 1297/1168/433 1298/1169/434
f 1299/1170/435 1300/1171/436 1301/1172/437
f 1302/1173/432 1303/1174/433 1304/1175/434
f 1305/1176/435 1306/1177/436 1307/1178/437
f 1308/1179/432 1309/1180/433 1310/1181/434
f 1311/1182/435 1312/1183/436 1313/1184/437
f 1314/1185/432 1315/1186/433 1316/1187/434
f 1317/1188/435 1318/1189/436 1319/1190/437
f 1320/1191/438 1321/1192/439 1322/1193/440
f 1323/1194/441 1324/1195/442 1325/1196/443
f 1326/1197/438 1327/1198/439 1328/1199/440
f 1329/1200/441 1330/1201/442 1331/1202/443
f 1332/1203/438 1333/1204/439 1334/1205/440
f 1335/1206/441 1336/1207/442 1337/1208/443
f 1338/1209/438 1339/1210/439 1340/1211/440
f 1341/1212/441 1342/1213/442 1343/1214/443
f 1344/1215/444 1345/1216/445 1346/1217/446
f 1347/1218/447 1348/1219/448 1349/1220/449
f 1350/1221/444 1351/1222/445 1352/1223/446
f 1353/1224/447 1354/1225/448 1355/1226/449
f 1356/1227/444 1357/1228/445 1358/1229/446
f 1359/1230/447 1360/1231/448 1361/1232/449
f 1362/1233/444 1363/1234/445 1364/1235/446
f 1365/1236/447 1366/1237/448 1367/1238/449
f 1368/1239/450 1369/1240/451 1370/1241/452
f 1371/1242/453 1372/1243/454 1373/1244/455
f 1374/1245/450 1375/1246/451 1376/1247/452
f 1377/1248/453 1378/1249/454 1379/1250/455
f 1380/1251/450 1381/1252/451 1382/1253/452
f 1383/1254/453 1384/1255/454 1385/1256/455
f 1386/1257/450 1387/1258/451 1388/1259/452
f 1389/1260/453 1390/1261/454 1391/1262/455
f 1392/1263/456 1393/1264/457 1394/1265/458
f 1395/1266/459 1396/1267/460 1397/1268/461
f 1398/1269/456 1399/1270/457 1400/1271/458
f 1401/1272/459 1402/1273/460 1403/1274/461
f 1404/1275/456 1405/1276/457 1406/1277/458
f 1407/1278/459 1408/1279/460 1409/1280/461
f 1410/1281/456 1411/1282/457 1412/1283/458
f 1413/1284/459 1414/1285/460 1415/1286/461
f 1416/1287/462 1417/1288/463 1418/1289/464
f 1419/1290/465 1420/1291/466 1421/1292/467
f 1422/1293/462 1423/1294/468 1424/1295/464
f 1425/1296/465 1426/1297/466 1427/1298/467
f 1428/1299/462 1429/1300/463 1430/1301/464
f 1431/1302/465 1432/1303/466 1433/1304/469
f 1434/1305/462 1435/1306/463 1436/1307/464
f 1437/1308/465 1438/1309/466 1439/1310/469
f 1440/1311/470 1441/1312/471 1442/1313/472
f 1443/1314/473 1444/1315/474 1445/1316/475
f 1446/1317/470 1447/1318/471 1448/1319/472
f 1449/1320/473 1450/1321/474 1451/1322/475
f 1452/1323/470 1453/1324/471 1454/1325/472
f 1455/1326/473 1456/1327/474 1457/1328/475
f 1458/1329/470 1459/1330/471 1460/1331/472
f 1461/1332/473 1462/1333/474 1463/1334/475
f 1464/1335/476 1465/1336/477 1466/1337/478
f 1467/1338/479 1468/1339/480 1469/1340/481
f 1470/1341/476 1471/1342/477 1472/1343/478
f 1473/1344/479 1474/1345/480 1475/1346/481
f 1476/1347/476 1477/1348/477 1478/1349/478
f 1479/1350/479 1480/1351/480 1481/1352/481
f 1482/1353/476 1483/1354/477 1484/1355/478
f 1485/1356/479 1486/1357/480 1487/1358/481
f 1488/1359/482 1489/1360/483 1490/1361/484
f 1491/1362/485 1492/1363/486 1493/1364/487
f 1494/1365/482 1495/1366/483 1496/1367/484
f 1497/1368/485 1498/1369/486 1499/1370/487
f 1500/1371/482 1501/1372/483 1502/1373/484
f 1503/1374/485 1504/1375/486 1505/1376/487
f 1506/1377/482 1507/1378/483 1508/1379/484
f 1509/1380/485 1510/1381/486 1511/1382/487
f 1512/1383/488 1513/1384/489 1514/1385/490
f 1515/1386/491 1516/1387/492 1517/1388/493
f 1518/1389/488 1519/1390/489 1520/1391/490
f 1521/1392/491 1522/1393/492 1523/1394/493
f 1524/1395/488 1525/1396/489 1526/1397/490
f 1527/1398/491 1528/1399/492 1529/1400/493
f 1530/1401/488 1531/1402/489 1532/1403/490
f 1533/1404/491 1534/1405/492 1535/1406/493
f 1536/1407/494 1537/1408/495 1538/1409/496
f 1539/1410/497 1540/1411/498 1541/1412/499
f 1542/1413/494 1543/1414/495 1544/1415/496
f 1545/1416/497 1546/1417/498 1547/1418/499
f 1548/1419/494 1549/1420/495 1550/1421/496
f 1551/1422/497 1552/1423/498 1553/1424/499
f 1554/1425/494 1555/1426/495 1556/1427/496
f 1557/1428/497 1558/1429/498 1559/1430/499
f 1560/1431/500 1561/1432/501 1562/1433/502
f 1563/1434/503 1564/1435/504 1565/1436/505
f 1566/1437/500 1567/1438/501 1568/1439/502
f 1569/1440/506 1570/1441/504 1571/1442/505
f 1572/1443/500 1573/1444/501 1574/1445/502
f 1575/1446/506 1576/1447/504 1577/1448/505
f 1578/1449/500 1579/1450/501 1580/1451/502
f 1581/1452/506 1582/1453/504 1583/1454/505
f 1584/1455/507 1585/1456/508 1586/1457/509
f 1587/1458/510 1588/1459/511 1589/1460/512
f 1590/1461/507 1591/1462/508 1592/1463/509
f 1593/1464/510 1594/1465/511 1595/1466/512
f 1596/1467/507 1597/1468/508 1598/1469/509
f 1599/1470/510 1600/1471/511 1601/1472/512
f 1602/1473/507 1603/1474/508 1604/1475/509
f 1605/1476/510 1606/1477/511 1607/1478/512
f 1608/1479/513 1609/1480/514 1610/1481/515
f 1611/1482/516 1612/1483/517 1613/1484/518
f 1614/1485/519 1615/1486/520 1616/1487/521
f 1617/1488/522 1618/1489/523 1619/1490/524
f 1620/1491/513 1621/1492/514 1622/1493/515
f 1623/1494/516 1624/1495/517 1625/1496/518
f 1626/1497/519 1627/1498/520 1628/1499/521
f 1629/1500/522 1630/1501/523 1631/1502/524
f 1632/1503/513 1633/1504/514 1634/1505/515
f 1635/1506/516 1636/1507/517 1637/1508/518
f 1638/1509/519 1639/1510/520 1640/1511/521
f 1641/1512/522 1642/1513/523 1643/1514/524
f 1644/1515/513 1645/1516/514 1646/1517/515
f 1647/1518/516 1648/1519/517 1649/1520/518
f 1650/1521/519 1651/1522/520 1652/1523/521
f 1653/1524/522 1654/1525/523 1655/1526/524
f 1656/1527/525 1657/1528/526 1658/1529/527
f 1659/1530/528 1660/1531/529 1661/1532/530
f 1662/1533/531 1663/1534/532 1664/1535/533
f 1665/1536/534 1666/1537/535 1667/1538/536
f 1668/1539/525 1669/1540/526 1670/1541/527
f 1671/1542/528 1672/1543/529 1673/1544/530
f 1674/1545/531 1675/1546/532 1676/1547/533
f 1677/1548/534 1678/1549/535 1679/1550/536
f 1680/1551/525 1681/1552/526 1682/1553/527
f 1683/1554/528 1684/1555/529 1685/1556/530
f 1686/1557/531 1687/1558/532 1688/1559/533
f 1689/1560/534 1690/1561/535 1691/1562/536
f 1692/1563/525 1693/1564/526 1694/1565/527
f 1695/1566/528 1696/1567/529 1697/1568/530
f 1698/1569/531 1699/1570/532 1700/1571/533
f 1701/1572/534 1702/1573/535 1703/1574/536
f 1704/1575/537 1705/1576/538 1706/1577/539
f 1707/1578/540 1708/1579/541 1709/1580/542
f 1710/1581/543 1711/1582/544 1712/1583/545
f 1713/1584/546 1714/1585/547 1715/1586/548
f 1716/1587/537 1717/1588/538 1718/1589/539
f 1719/1590/540 1720/1591/541 1721/1592/542
f 1722/1593/543 1723/1594/544 1724/1595/545
f 1725/1596/546 1726/1597/547 1727/1598/548
f 1728/1599/537 1729/1600/538 1730/1601/539
f 1731/1602/540 1732/1603/541 1733/1604/542
f 1734/1605/543 1735/1606/544 1736/1607/545
f 1737/1608/546 1738/1609/547 1739/1610/548
f 1740/1611/537 1741/1612/538 1742/1613/539
f 1743/1614/540 1744/1615/541 1745/1616/542
f 1746/1617/543 1747/1618/544 1748/1619/545
f 1749/1620/546 1750/1621/547 1751/1622/548
f 1752/1623/549 1753/1624/550 1754/1625/551
f 1755/1626/552 1756/1627/553 1757/1628/554
f 1758/1629/555 1759/1630/556 1760/1631/557
f 1761/1632/558 1762/1633/559 1763/1634/560
f 1764/1635/549 1765/1636/550 1766/1637/551
f 1767/1638/552 1768/1639/553 1769/1640/561
f 1770/1641/555 1771/1642/556 1772/1643/557
f 1773/1644/558 1774/1645/559 1775/1646/560
f 1776/1647/549 1777/1648/550 1778/1649/551
f 1779/1650/552 1780/1651/553 1781/1652/561
f 1782/1653/555 1783/1654/556 1784/1655/557
f 1785/1656/558 1786/1657/559 1787/1658/560
f 1788/1659/549 1789/1660/550 1790/1661/551
f 1791/1662/552 1792/1663/553 1793/1664/554
f 1794/1665/555 1795/1666/556 1796/1667/557
f 1797/1668/558 1798/1669/562 1799/1670/560
f 1800/1671/563 1801/1672/564 1802/1673/565
f 1803/1674/566 1804/1675/567 1805/1676/568
f 1806/1677/569 1807/1678/570 1808/1679/571
f 1809/1680/572 1810/1681/573 1811/1682/574
f 1812/1683/563 1813/1684/564 1814/1685/565
f 1815/1686/566 1816/1687/567 1817/1688/568
f 1818/1689/569 1819/1690/570 1820/1691/571
f 1821/1692/572 1822/1693/573 1823/1694/574
f 1824/1695/563 1825/1696/564 1826/1697/565
f 1827/1698/566 1828/1699/575 1829/1700/568
f 1830/1701/569 1831/1702/570 1832/1703/571
f 1833/1704/572 1834/1705/573 1835/1706/574
f 1836/1707/563 1837/1708/564 1838/1709/565
f 1839/1710/566 1840/1711/567 1841/1712/568
f 1842/1713/569 1843/1714/570 1844/1715/571
f 1845/1716/572 1846/1717/573 1847/1718/574
f 1848/1719/576 1849/1720/577 1850/1721/578
f 1851/1722/579 1852/1723/580 1853/1724/581
f 1854/1725/582 1855/1726/583 1856/1727/584
f 1857/1728/585 1858/1729/586 1859/1730/587
f 1860/1731/576 1861/1732/577 1862/1733/578
f 1863/1734/579 1864/1735/580 1865/1736/581
f 1866/1737/582 1867/1738/583 1868/1739/584
f 1869/1740/585 1870/1741/586 1871/1742/587
f 1872/1743/576 1873/1744/577 1874/1745/578
f 1875/1746/579 1876/1747/580 1877/1748/581
f 1878/1749/582 1879/1750/583 1880/1751/584
f 1881/1752/585 1882/1753/586 1883/1754/587
f 1884/1755/576 1885/1756/577 1886/1757/578
f 1887/1758/579 1888/1759/580 1889/1760/581
f 1890/1761/582 1891/1762/583 1892/1763/584
f 1893/1764/585 1894/1765/586 1895/1766/587
f 1896/1767/588 1897/1768/589 1898/1769/590
f 1899/1770/591 1900/1771/592 1901/1772/593
f 1902/1773/594 1903/1774/595 1904/1775/596
f 1905/1776/597 1906/1777/598 1907/1778/599
f 1908/1779/588 1909/1780/589 1910/1781/590
f 1911/1782/591 1912/1783/592 1913/1784/593
f 1914/1785/594 1915/1786/595 1916/1787/596
f 1917/1788/597 1918/1789/598 1919/1790/599
f 1920/1791/588 1921/1792/589 1922/1793/590
f 1923/1794/591 1924/1795/592 1925/1796/593
f 1926/1797/594 1927/1798/595 1928/1799/596
f 1929/1800/597 1930/1801/598 1931/1802/599
f 1932/1803/588 1933/1804/589 1934/1805/590
f 1935/1806/591 1936/1807/592 1937/1808/593
f 1938/1809/594 1939/1810/595 1940/1811/596
f 1941/1812/597 1942/1813/598 1943/1814/599
f 1944/1815/600 1945/1816/601 1946/1817/602
f 1947/1818/603 1948/1819/604 1949/1820/605
f 1950/1821/606 1951/1822/607 1952/1823/608
f 1953/1824/609 1954/1825/610 1955/1826/611
f 1956/1827/600 1957/1828/601 1958/1829/602
f 1959/1830/603 1960/1831/604 1961/1832/605
f 1962/1833/606 1963/1834/607 1964/1835/608
f 1965/1836/609 1966/1837/610 1967/1838/611
f 1968/1839/600 1969/1840/601 1970/1841/602
f 1971/1842/603 1972/1843/604 1973/1844/605
f 1974/1845/606 1975/1846/607 1976/1847/608
f 1977/1848/609 1978/1849/610 1979/1850/611
f 1980/1851/600 1981/1852/601 1982/1853/602
f 1983/1854/603 1984/1855/604 1985/1856/605
f 1986/1857/606 1987/1858/607 1988/1859/608
f 1989/1860/609 1990/1861/612 1991/1862/611
f 1992/1863/613 1993/1864/614 1994/1865/615
f 1995/1866/616 1996/1867/617 1997/1868/618
f 1998/1869/619 1999/1870/620 2000/1871/621
f 2001/1872/622 2002/1873/623 2003/1874/624
f 2004/1875/613 2005/1876/614 2006/1877/615
f 2007/1878/616 2008/1879/617 2009/1880/618
f 2010/1881/619 2011/1882/620 2012/1883/621
f 2013/1884/622 2014/1885/623 2015/1886/624
f 2016/1887/613 2017/1888/614 2018/1889/615
f 2019/1890/616 2020/1891/617 2021/1892/618
f 2022/1893/619 2023/1894/620 2024/1895/621
f 2025/1896/622 2026/1897/623 2027/1898/624
f 2028/1899/613 2029/1900/614 2030/1901/615
f 2031/1902/616 2032/1903/617 2033/1904/618
f 2034/1905/619 2035/1906/620 2036/1907/621
f 2037/1908/622 2038/1909/623 2039/1910/624
f 2040/1911/625 2041/1912/626 2042/1913/627
f 2043/1914/628 2044/1915/629 2045/1916/630
f 2046/1917/631 2047/1918/632 2048/1919/633
f 2049/1920/634 2050/1921/635 2051/1922/636
f 2052/1923/625 2053/1924/626 2054/1925/627
f 2055/1926/628 2056/1927/629 2057/1928/630
f 2058/1929/631 2059/1930/632 2060/1931/633
f 2061/1932/634 2062/1933/635 2063/1934/637
f 2064/1935/625 2065/1936/626 2066/1937/627
f 2067/1938/628 2068/1939/629 2069/1940/630
f 2070/1941/631 2071/1942/632 2072/1943/633
f 2073/1944/634 2074/1945/638 2075/1946/637
f 2076/1947/625 2077/1948/626 2078/1949/627
f 2079/1950/628 2080/1951/629 2081/1952/630
f 2082/1953/631 2083/1954/632 2084/1955/633
f 2085/1956/634 2086/1957/635 2087/1958/636
f 2088/1959/639 2089/1960/640 2090/1961/641
f 2091/1962/642 2092/1963/643 2093/1964/644
f 2094/1965/645 2095/1966/646 2096/1967/647
f 2097/1968/648 2098/1969/649 2099/1970/650
f 2100/1971/639 2101/1972/640 2102/1973/641
f 2103/1974/642 2104/1975/643 2105/1976/644
f 2106/1977/645 2107/1978/651 2108/1979/647
f 2109/1980/648 2110/1981/649 2111/1982/650
f 2112/1983/639 2113/1984/640 2114/1985/641
f 2115/1986/642 2116/1987/643 2117/1988/644
f 2118/1989/645 2119/1990/651 2120/1991/647
f 2121/1992/648 2122/1993/649 2123/1994/650
f 2124/1995/639 2125/1996/640 2126/1997/641
f 2127/1998/642 2128/1999/643 2129/2000/644
f 2130/2001/645 2131/2002/646 2132/2003/647
f 2133/2004/648 2134/2005/649 2135/2006/650
f 2136/2007/652 2137/2008/653 2138/2009/654
f 2139/2010/655 2140/2011/656 2141/2012/657
f 2142/2013/658 2143/2014/659 2144/2015/660
f 2145/2016/661 2146/2017/662 2147/2018/663
f 2148/2019/652 2149/2020/653 2150/2021/654
f 2151/2022/655 2152/2023/656 2153/2024/657
f 2154/2025/664 2155/2026/659 2156/2027/665
f 2157/2028/661 2158/2029/662 2159/2030/663
f 2160/2031/652 2161/2032/653 2162/2033/654
f 2163/2034/655 2164/2035/656 2165/2036/657
f 2166/2037/658 2167/2038/659 2168/2039/660
f 2169/2040/661 2170/2041/662 2171/2042/663
f 2172/2043/652 2173/2044/653 2174/2045/654
f 2175/2046/655 2176/2047/656 2177/2048/657
f 2178/2049/664 2179/2050/659 2180/2051/660
f 2181/2052/661 2182/2053/662 2183/2054/663
f 2184/2055/666 2185/2056/667 2186/2057/668
f 2187/2058/669 2188/2059/670 2189/2060/671
f 2190/2061/672 2191/2062/673 2192/2063/674
f 2193/2064/666 2194/2065/667 2195/2066/668
f 2196/2067/675 2197/2068/670 2198/2069/671
f 2199/2070/672 2200/2071/673 2201/2072/674
f 2202/2073/666 2203/2074/667 2204/2075/668
f 2205/2076/669 2206/2077/670 2207/2078/671
f 2208/2079/672 2209/2080/673 2210/2081/674
f 2211/2082/666 2212/2083/667 2213/2084/668
f 2214/2085/676 2215/2086/670 2216/2087/671
f 2217/2088/672 2218/2089/673 2219/2090/674
f 2220/2091/677 2221/2092/678 2222/2093/679
f 2223/2094/680 2224/2095/681 2225/2096/682
f 2226/2097/683 2227/2098/684 2228/2099/685
f 2229/2100/677 2230/2101/678 2231/2102/679
f 2232/2103/680 2233/2104/681 2234/2105/682
f 2235/2106/683 2236/2107/684 2237/2108/685
f 2238/2109/677 2239/2110/678 2240/2111/679
f 2241/2112/680 2242/2113/681 2243/2114/682
f 2244/2115/683 2245/2116/684 2246/2117/685
f 2247/2118/677 2248/2119/678 2249/2120/679
f 2250/2121/680 2251/2122/681 2252/2123/682
f 2253/2124/683 2254/2125/684 2255/2126/685
f 2256/2127/686 2257/2128/687 2258/2129/688
f 2259/2130/689 2260/2131/690 2261/2132/691
f 2262/2133/692 2263/2134/693 2264/2135/694
f 2265/2136/695 2266/2137/687 2267/2138/688
f 2268/2139/696 2269/2140/690 2270/2141/691
f 2271/2142/692 2272/2143/693 2273/2144/694
f 2274/2145/695 2275/2146/687 2276/2147/688
f 2277/2148/689 2278/2149/690 2279/2150/691
f 2280/2151/697 2281/2152/693 2282/2153/694
f 2283/2154/686 2284/2155/687 2285/2156/688
f 2286/2157/696 2287/2158/690 2288/2159/691
f 2289/2160/692 2290/2161/693 2291/2162/694
f 2292/2163/698 2293/2164/699 2294/2165/700
f 2295/2166/701 2296/2167/702 2297/2168/703
f 2298/2169/704 2299/2170/705 2300/2171/706
f 2301/2172/698 2302/2173/699 2303/2174/700
f 2304/2175/701 2305/2176/707 2306/2177/703
f 2307/2178/704 2308/2179/705 2309/2180/706
f 2310/2181/698 2311/2182/699 2312/2183/700
f 2313/2184/701 2314/2185/702 2315/2186/703
f 2316/2187/704 2317/2188/705 2318/2189/706
f 2319/2190/698 2320/2191/699 2321/2192/708
f 2322/2193/701 2323/2194/702 2324/2195/703
f 2325/2196/704 2326/2197/705 2327/2198/706
f 2328/2199/709 2329/2200/710 2330/2201/711
f 2331/2202/712 2332/2203/713 2333/2204/714
f 2334/2205/715 2335/2206/716 2336/2207/717
f 2337/2208/709 2338/2209/710 2339/2210/711
f 2340/2211/712 2341/2212/713 2342/2213/714
f 2343/2214/715 2344/2215/716 2345/2216/717
f 2346/2217/709 2347/2218/710 2348/2219/711
f 2349/2220/712 2350/2221/713 2351/2222/714
f 2352/2223/715 2353/2224/716 2354/2225/717
f 2355/2226/709 2356/2227/710 2357/2228/711
f 2358/2229/712 2359/2230/713 2360/2231/714
f 2361/2232/715 2362/2233/716 2363/2234/717
f 2364/2235/718 2365/2236/719 2366/2237/720
f 2367/2238/721 2368/2239/722 2369/2240/723
f 2370/2241/724 2371/2242/725 2372/2243/726
f 2373/2244/718 2374/2245/727 2375/2246/720
f 2376/2247/721 2377/2248/722 2378/2249/723
f 2379/2250/724 2380/2251/725 2381/2252/726
f 2382/2253/718 2383/2254/727 2384/2255/720
f 2385/2256/728 2386/2257/722 2387/2258/723
f 2388/2259/724 2389/2260/725 2390/2261/726
f 2391/2262/718 2392/2263/727 2393/2264/720
f 2394/2265/721 2395/2266/722 2396/2267/723
f 2397/2268/724 2398/2269/725 2399/2270/726
f 2400/2271/729 2401/2272/730 2402/2273/731
f 2403/2274/732 2404/2275/733 2405/2276/734
f 2406/2277/735 2407/2278/736 2408/2279/737
f 2409/2280/729 2410/2281/738 2411/2282/731
f 2412/2283/732 2413/2284/733 2414/2285/734
f 2415/2286/735 2416/2287/736 2417/2288/737
f 2418/2289/729 2419/2290/738 2420/2291/731
f 2421/2292/732 2422/2293/733 2423/2294/734
f 2424/2295/735 2425/2296/736 2426/2297/737
f 2427/2298/729 2428/2299/738 2429/2300/731
f 2430/2301/732 2431/2302/733 2432/2303/734
f 2433/2304/735 2434/2305/736 2435/2306/737
f 2436/2307/739 2437/2308/740 2438/2309/741
f 2439/2310/742 2440/2311/743 2441/2312/744
f 2442/2313/745 2443/2314/746 2444/2315/747
f 2445/2316/739 2446/2317/740 2447/2318/741
f 2448/2319/742 2449/2320/743 2450/2321/744
f 2451/2322/745 2452/2323/746 2453/2324/747
f 2454/2325/739 2455/2326/740 2456/2327/741
f 2457/2328/742 2458/2329/743 2459/2330/744
f 2460/2331/745 2461/2332/746 2462/2333/747
f 2463/2334/739 2464/2335/740 2465/2336/741
f 2466/2337/742 2467/2338/743 2468/2339/744
f 2469/2340/745 2470/2341/746 2471/2342/747
f 2472/2343/748 2473/2344/749 2474/2345/750
f 2475/2346/751 2476/2347/752 2477/2348/753
f 2478/2349/754 2479/2350/755 2480/2351/756
f 2481/2352/748 2482/2353/749 2483/2354/750
f 2484/2355/751 2485/2356/752 2486/2357/753
f 2487/2358/754 2488/2359/755 2489/2360/756
f 2490/2361/748 2491/2362/749 2492/2363/750
f 2493/2364/751 2494/2365/752 2495/2366/753
f 2496/2367/754 2497/2368/755 2498/2369/756
f 2499/2370/748 2500/2371/749 2501/2372/750
f 2502/2373/751 2503/2374/752 2504/2375/753
f 2505/2376/754 2506/2377/755 2507/2378/756
f 2508/2379/757 2509/2380/758 2510/2381/759
f 2511/2382/760 2512/2383/761 2513/2384/762
f 2514/2385/763 2515/2386/764 2516/2387/765
f 2517/2388/757 2518/2389/758 2519/2390/759
f 2520/2391/760 2521/2392/761 2522/2393/762
f 2523/2394/763 2524/2395/764 2525/2396/765
f 2526/2397/757 2527/2398/758 2528/2399/759
f 2529/2400/760 2530/2401/761 2531/2402/762
f 2532/2403/763 2533/2404/764 2534/2405/765
f 2535/2406/757 2536/2407/758 2537/2408/759
f 2538/2409/760 2539/2410/761 2540/2411/762
f 2541/2412/763 2542/2413/764 2543/2414/765
f 2544/2415/766 2545/2416/767 2546/2417/768
f 2547/2418/769 2548/2419/770 2549/2420/771
f 2550/2421/772 2551/2422/773 2552/2423/774
f 2553/2424/766 2554/2425/767 2555/2426/768
f 2556/2427/769 2557/2428/770 2558/2429/771
f 2559/2430/772 2560/2431/773 2561/2432/774
f 2562/2433/766 2563/2434/767 2564/2435/768
f 2565/2436/769 2566/2437/770 2567/2438/771
f 2568/2439/772 2569/2440/773 2570/2441/774
f 2571/2442/766 2572/2443/767 2573/2444/768
f 2574/2445/769 2575/2446/770 2576/2447/771
f 2577/2448/772 2578/2449/773 2579/2450/774
f 2580/2451/775 2581/2452/776 2582/2453/777
f 2583/2454/778 2584/2455/779 2585/2456/780
f 2586/2457/781 2587/2458/782 2588/2459/783
f 2589/2460/775 2590/2461/776 2591/2462/777
f 2592/2463/778 2593/2464/779 2594/2465/780
f 2595/2466/781 2596/2467/782 2597/2468/783
f 2598/2469/775 2599/2470/776 2600/2471/777
f 2601/2472/778 2602/2473/779 2603/2474/780
f 2604/2475/781 2605/2476/782 2606/2477/783
f 2607/2478/775 2608/2479/776 2609/2480/777
f 2610/2481/778 2611/2482/779 2612/2483/784
f 2613/2484/781 2614/2485/782 2615/2486/783
f 2616/2487/785 2617/2488/786 2618/2489/787
f 2619/2490/785 2620/2491/786 2621/2492/787
f 2622/2493/785 2623/2494/786 2624/2495/787
f 2625/2496/785 2626/2497/786 2627/2498/787
f 2628/2499/788 2629/2500/789 2630/2501/790
f 2631/2502/788 2632/2503/789 2633/2504/791
f 2634/2505/788 2635/2506/789 2636/2507/790
f 2637/2508/788 2638/2509/789 2639/2510/791
f 2640/2511/792 2641/2512/793 2642/2513/794
f 2643/2514/792 2644/2515/793 2645/2516/794
f 2646/2517/792 2647/2518/793 2648/2519/794
f 2649/2520/792 2650/2521/793 2651/2522/794
f 2652/2523/795 2653/2524/796 2654/2525/797
f 2655/2526/795 2656/2527/796 2657/2528/797
f 2658/2529/795 2659/2530/796 2660/2531/798
f 2661/2532/795 2662/2533/796 2663/2534/797
f 2664/2535/799 2665/2536/800 2666/2537/801
f 2667/2538/799 2668/2539/800 2669/2540/801
f 2670/2541/799 2671/2542/800 2672/2543/801
f 2673/2544/799 2674/2545/800 2675/2546/801
f 2676/2547/802 2677/2548/803 2678/2549/804
f 2679/2550/802 2680/2551/803 2681/2552/804
f 2682/2553/802 2683/2554/803 2684/2555/804
f 2685/2556/802 2686/2557/803 2687/2558/804
f 2688/2559/805 2689/2560/806 2690/2561/807
f 2691/2562/805 2692/2563/806 2693/2564/808
f 2694/2565/805 2695/2566/806 2696/2567/807
f 2697/2568/805 2698/2569/806 2699/2570/808
f 2700/2571/809 2701/2572/810 2702/2573/811
f 2703/2574/809 2704/2575/810 2705/2576/811
f 2706/2577/809 2707/2578/810 2708/2579/811
f 2709/2580/809 2710/2581/810 2711/2582/811
f 2712/2583/812 2713/2584/813 2714/2585/814
f 2715/2586/812 2716/2587/813 2717/2588/814
f 2718/2589/812 2719/2590/813 2720/2591/814
f 2721/2592/812 2722/2593/813 2723/2594/814
f 2724/2595/815 2725/2596/816 2726/2597/817
f 2727/2598/815 2728/2599/816 2729/2600/817
f 2730/2601/815 2731/2602/816 2732/2603/817
f 2733/2604/815 2734/2605/816 2735/2606/817
f 2736/2607/818 2737/2608/819 2738/2609/820
f 2739/2610/818 2740/2611/819 2741/2612/820
f 2742/2613/818 2743/2614/819 2744/2615/820
f 2745/2616/818 2746/2617/819 2747/2618/821
f 2748/2619/822 2749/2620/823 2750/2621/824
f 2751/2622/822 2752/2623/823 2753/2624/824
f 2754/2625/822 2755/2626/823 2756/2627/824
f 2757/2628/822 2758/2629/823 2759/2630/824
f 2772/2631/79 2773/2632/77 2774/2633/78
f 2775/2634/74 2776/2635/75 2777/2636/76
f 2790/2637/85 2791/2638/83 2792/2639/84
f 2793/2640/80 2794/2641/81 2795/2642/82
f 2808/2643/91 2809/2644/89 2810/2645/90
f 2811/2646/86 2812/2647/87 2813/2648/88
f 2824/2649/825 2825/2650/826 2826/2651/827
f 2827/2652/828 2828/169/829 2829/2653/830
f 2830/2654/831 2831/2655/832 2832/170/833
f 2833/2656/834 2834/2657/835 2835/2658/836
f 2836/2659/837 2837/2660/838 2838/2661/839
f 2851/2662/840 2852/2663/841 2853/2664/842
f 2854/2665/843 2855/2666/844 2856/2667/845
f 2861/2668/846 2862/2669/847 2863/2670/848
f 2864/2671/849 2865/2672/850 2866/2673/851
f 2881/2674/852 2882/2650/853 2883/2675/854
f 2884/2676/855 2885/2677/856 2886/2678/833
f 2887/2654/857 2888/2679/829 2889/2680/858
f 2890/2681/837 2891/2682/838 2892/2683/839
f 2893/2684/834 2894/2685/835 2895/2686/836
f 2908/2662/843 2909/2687/844 2910/2688/845
f 2911/2689/841 2912/2666/842 2913/2690/840
f 2918/2691/849 2919/2692/850 2920/2693/851
f 2921/2671/848 2922/2694/846 2923/2695/847
f 2940/2696/855 2941/2697/856 2942/2698/833
f 2943/2634/857 2944/2699/829 2945/2700/858
f 2958/2701/859 2959/2702/860 2960/2703/861
f 2961/2704/862 2962/2705/863 2963/2706/864
f 2976/2707/865 2977/2708/866 2978/2709/867
f 2979/2710/868 2980/2711/869 2981/2712/870
f 187/2713/871 190/2714/872 191/2715/872 186/2716/871
f 193/2717/873 188/2718/874 189/2719/874 192/2720/873
f 190/2714/872 194/2721/875 195/2722/875 191/2715/872
f 197/2723/876 193/2717/873 192/2720/873 196/2724/876
f 194/2721/875 198/167/74 200/169/76 195/2722/875
f 203/172/79 197/2723/876 196/2724/876 201/170/77
f 652/2725/877 199/168/877 198/167/878 651/2726/878
f 199/168/75 204/2727/879 205/2728/879 200/169/76
f 207/2729/880 202/171/78 201/170/77 206/2661/880
f 204/2727/879 208/2730/881 209/2731/881 205/2728/879
f 211/2732/882 207/2729/880 206/2661/880 210/2733/882
f 208/2730/881 212/2734/883 213/2735/883 209/2731/881
f 215/2736/884 211/2732/882 210/2733/882 214/2737/884
f 212/2734/883 216/173/80 218/175/82 213/2735/883
f 221/178/85 215/2736/884 214/2737/884 219/176/83
f 854/2738/885 217/174/885 216/173/886 853/2739/886
f 217/174/81 222/2740/887 223/2663/887 218/175/82
f 225/2741/888 220/177/84 219/176/83 224/2667/888
f 222/2740/887 226/2742/889 227/2743/889 223/2663/887
f 229/2744/890 225/2741/888 224/2667/888 228/2745/890
f 226/2742/889 230/2746/891 231/2747/891 227/2743/889
f 233/2748/892 229/2744/890 228/2745/890 232/2673/892
f 230/2746/891 234/179/86 236/181/88 231/2747/891
f 239/184/91 233/2748/892 232/2673/892 237/182/89
f 996/2749/893 235/180/893 234/179/894 995/2750/894
f 235/180/87 187/2751/871 186/2752/871 236/181/88
f 188/2753/874 238/183/90 237/182/89 189/2754/874
f 564/509/215 572/2755/895 573/2756/896 565/510/216
f 572/2755/895 577/2757/895 578/2758/896 573/2756/896
f 577/2757/895 582/2759/895 583/2760/896 578/2758/896
f 582/2759/895 587/2761/895 588/2762/896 583/2760/896
f 587/2761/895 592/2763/895 593/2764/896 588/2762/896
f 592/2763/895 597/2765/895 598/2766/896 593/2764/896
f 597/2765/895 602/2767/895 603/2768/896 598/2766/896
f 602/2767/895 569/514/220 568/513/219 603/2768/896
f 202/171/877 649/2769/877 650/2770/878 203/172/878
f 649/2769/877 653/2771/877 654/2772/878 650/2770/878
f 653/2771/877 658/2773/877 659/2774/878 654/2772/878
f 658/2773/877 663/2775/877 664/2776/878 659/2774/878
f 663/2775/877 668/2777/877 669/2778/878 664/2776/878
f 668/2777/877 673/2779/877 674/2780/878 669/2778/878
f 673/2779/877 678/2781/877 679/2782/878 674/2780/878
f 678/2781/877 683/2783/877 684/2784/878 679/2782/878
f 683/2783/877 652/2725/877 651/2726/878 684/2784/878
f 688/601/239 693/606/244 692/605/243 689/602/240
f 700/613/251 709/622/244 708/621/243 701/614/252
f 716/629/251 725/638/244 724/637/243 717/630/252
f 732/645/251 741/654/244 740/653/243 733/646/252
f 748/661/257 753/666/262 752/665/261 749/662/258
f 760/673/269 769/682/262 768/681/261 761/674/270
f 776/689/269 785/698/262 784/697/261 777/690/270
f 792/705/269 801/714/262 800/713/261 793/706/270
f 808/721/275 816/2785/897 817/2786/898 809/722/276
f 816/2785/897 821/2787/897 822/2788/898 817/2786/898
f 821/2787/897 826/2789/897 827/2790/898 822/2788/898
f 826/2789/897 831/2791/897 832/2792/898 827/2790/898
f 831/2791/897 836/2793/897 837/2794/898 832/2792/898
f 836/2793/897 841/2795/897 842/2796/898 837/2794/898
f 841/2795/897 846/2797/897 847/2798/898 842/2796/898
f 846/2797/897 813/726/280 812/725/279 847/2798/898
f 220/177/885 851/2799/885 852/2800/886 221/178/886
f 851/2799/885 855/2801/885 856/2802/886 852/2800/886
f 855/2801/885 861/754/291 860/753/290 856/2802/886
f 868/761/296 877/770/291 876/769/290 869/762/297
f 884/777/296 892/2803/885 893/2804/886 885/778/297
f 892/2803/885 897/2805/885 898/2806/886 893/2804/886
f 897/2805/885 854/2738/885 853/2739/886 898/2806/886
f 924/813/312 903/792/305 902/791/304 925/814/313
f 932/821/317 941/830/326 940/829/325 933/822/318
f 963/852/333 968/857/338 967/856/337 964/853/334
f 238/183/893 993/2807/893 994/2808/894 239/184/894
f 993/2807/893 997/2809/893 998/2810/894 994/2808/894
f 997/2809/893 1002/2811/893 1003/2812/894 998/2810/894
f 1002/2811/893 1007/2813/893 1008/2814/894 1003/2812/894
f 1007/2813/893 1012/2815/893 1013/2816/894 1008/2814/894
f 1012/2815/893 1017/2817/893 1018/2818/894 1013/2816/894
f 1017/2817/893 1022/2819/893 1023/2820/894 1018/2818/894
f 1022/2819/893 1027/2821/893 1028/2822/894 1023/2820/894
f 1027/2821/893 996/2749/893 995/2750/894 1028/2822/894
f 1608/1479/513 1611/1482/516 1613/1484/518 1609/1480/514
f 1616/1487/521 1618/1489/523 1617/1488/522 1614/1485/519
f 1620/1491/513 1623/1494/516 1625/1496/518 1621/1492/514
f 1628/1499/521 1630/1501/523 1629/1500/522 1626/1497/519
f 1632/1503/513 1635/1506/516 1637/1508/518 1633/1504/514
f 1640/1511/521 1642/1513/523 1641/1512/522 1638/1509/519
f 1644/1515/513 1647/1518/516 1649/1520/518 1645/1516/514
f 1652/1523/521 1654/1525/523 1653/1524/522 1650/1521/519
f 1658/1529/527 1660/1531/529 1659/1530/528 1656/1527/525
f 1662/1533/531 1665/1536/534 1667/1538/536 1663/1534/532
f 1670/1541/527 1672/1543/529 1671/1542/528 1668/1539/525
f 1674/1545/531 1677/1548/534 1679/1550/536 1675/1546/532
f 1682/1553/527 1684/1555/529 1683/1554/528 1680/1551/525
f 1686/1557/531 1689/1560/534 1691/1562/536 1687/1558/532
f 1694/1565/527 1696/1567/529 1695/1566/528 1692/1563/525
f 1698/1569/531 1701/1572/534 1703/1574/536 1699/1570/532
f 1704/1575/537 1707/1578/540 1709/1580/542 1705/1576/538
f 1712/1583/545 1714/1585/547 1713/1584/546 1710/1581/543
f 1716/1587/537 1719/1590/540 1721/1592/542 1717/1588/538
f 1724/1595/545 1726/1597/547 1725/1596/546 1722/1593/543
f 1728/1599/537 1731/1602/540 1733/1604/542 1729/1600/538
f 1736/1607/545 1738/1609/547 1737/1608/546 1734/1605/543
f 1740/1611/537 1743/1614/540 1745/1616/542 1741/1612/538
f 1748/1619/545 1750/1621/547 1749/1620/546 1746/1617/543
f 1754/1625/551 1756/1627/553 1755/1626/552 1752/1623/549
f 1758/1629/555 1761/1632/558 1763/1634/560 1759/1630/556
f 1766/1637/551 1768/1639/553 1767/1638/552 1764/1635/549
f 1770/1641/555 1773/1644/558 1775/1646/560 1771/1642/556
f 1778/1649/551 1780/1651/553 1779/1650/552 1776/1647/549
f 1782/1653/555 1785/1656/558 1787/1658/560 1783/1654/556
f 1790/1661/551 1792/1663/553 1791/1662/552 1788/1659/549
f 1794/1665/555 1797/1668/558 1799/1670/560 1795/1666/556
f 1800/1671/563 1803/1674/566 1805/1676/568 1801/1672/564
f 1808/1679/571 1810/1681/573 1809/1680/572 1806/1677/569
f 1812/1683/563 1815/1686/566 1817/1688/568 1813/1684/564
f 1820/1691/571 1822/1693/573 1821/1692/572 1818/1689/569
f 1824/1695/563 1827/1698/566 1829/1700/568 1825/1696/564
f 1832/1703/571 1834/1705/573 1833/1704/572 1830/1701/569
f 1836/1707/563 1839/1710/566 1841/1712/568 1837/1708/564
f 1844/1715/571 1846/1717/573 1845/1716/572 1842/1713/569
f 1850/1721/578 1852/1723/580 1851/1722/579 1848/1719/576
f 1854/1725/582 1857/1728/585 1859/1730/587 1855/1726/583
f 1862/1733/578 1864/1735/580 1863/1734/579 1860/1731/576
f 1866/1737/582 1869/1740/585 1871/1742/587 1867/1738/583
f 1874/1745/578 1876/1747/580 1875/1746/579 1872/1743/576
f 1878/1749/582 1881/1752/585 1883/1754/587 1879/1750/583
f 1886/1757/578 1888/1759/580 1887/1758/579 1884/1755/576
f 1890/1761/582 1893/1764/585 1895/1766/587 1891/1762/583
f 1896/1767/588 1899/1770/591 1901/1772/593 1897/1768/589
f 1904/1775/596 1906/1777/598 1905/1776/597 1902/1773/594
f 1908/1779/588 1911/1782/591 1913/1784/593 1909/1780/589
f 1916/1787/596 1918/1789/598 1917/1788/597 1914/1785/594
f 1920/1791/588 1923/1794/591 1925/1796/593 1921/1792/589
f 1928/1799/596 1930/1801/598 1929/1800/597 1926/1797/594
f 1932/1803/588 1935/1806/591 1937/1808/593 1933/1804/589
f 1940/1811/596 1942/1813/598 1941/1812/597 1938/1809/594
f 1946/1817/602 1948/1819/604 1947/1818/603 1944/1815/600
f 1950/1821/606 1953/1824/609 1955/1826/611 1951/1822/607
f 1958/1829/602 1960/1831/604 1959/1830/603 1956/1827/600
f 1962/1833/606 1965/1836/609 1967/1838/611 1963/1834/607
f 1970/1841/602 1972/1843/604 1971/1842/603 1968/1839/600
f 1974/1845/606 1977/1848/609 1979/1850/611 1975/1846/607
f 1982/1853/602 1984/1855/604 1983/1854/603 1980/1851/600
f 1986/1857/606 1989/1860/609 1991/1862/611 1987/1858/607
f 1992/1863/613 1995/1866/616 1997/1868/618 1993/1864/614
f 2000/1871/621 2002/1873/623 2001/1872/622 1998/1869/619
f 2004/1875/613 2007/1878/616 2009/1880/618 2005/1876/614
f 2012/1883/621 2014/1885/623 2013/1884/622 2010/1881/619
f 2016/1887/613 2019/1890/616 2021/1892/618 2017/1888/614
f 2024/1895/621 2026/1897/623 2025/1896/622 2022/1893/619
f 2028/1899/613 2031/1902/616 2033/1904/618 2029/1900/614
f 2036/1907/621 2038/1909/623 2037/1908/622 2034/1905/619
f 2042/1913/627 2044/1915/629 2043/1914/628 2040/1911/625
f 2046/1917/631 2049/1920/634 2051/1922/636 2047/1918/632
f 2054/1925/627 2056/1927/629 2055/1926/628 2052/1923/625
f 2058/1929/631 2061/1932/634 2063/1934/637 2059/1930/632
f 2066/1937/627 2068/1939/629 2067/1938/628 2064/1935/625
f 2070/1941/631 2073/1944/634 2075/1946/637 2071/1942/632
f 2078/1949/627 2080/1951/629 2079/1950/628 2076/1947/625
f 2082/1953/631 2085/1956/634 2087/1958/636 2083/1954/632
f 2088/1959/639 2091/1962/642 2093/1964/644 2089/1960/640
f 2096/1967/647 2098/1969/649 2097/1968/648 2094/1965/645
f 2100/1971/639 2103/1974/642 2105/1976/644 2101/1972/640
f 2108/1979/647 2110/1981/649 2109/1980/648 2106/1977/645
f 2112/1983/639 2115/1986/642 2117/1988/644 2113/1984/640
f 2120/1991/647 2122/1993/649 2121/1992/648 2118/1989/645
f 2124/1995/639 2127/1998/642 2129/2000/644 2125/1996/640
f 2132/2003/647 2134/2005/649 2133/2004/648 2130/2001/645
f 2138/2009/654 2140/2011/656 2139/2010/655 2136/2007/652
f 2142/2013/658 2145/2016/661 2147/2018/663 2143/2014/659
f 2150/2021/654 2152/2023/656 2151/2022/655 2148/2019/652
f 2154/2025/664 2157/2028/661 2159/2030/663 2155/2026/659
f 2162/2033/654 2164/2035/656 2163/2034/655 2160/2031/652
f 2166/2037/658 2169/2040/661 2171/2042/663 2167/2038/659
f 2174/2045/654 2176/2047/656 2175/2046/655 2172/2043/652
f 2178/2049/664 2181/2052/661 2183/2054/663 2179/2050/659
f 2184/2055/666 2187/2058/669 2189/2060/671 2185/2056/667
f 2192/2063/674 1613/1484/518 1612/1483/517 2190/2061/672
f 2193/2064/666 2196/2067/675 2198/2069/671 2194/2065/667
f 2201/2072/674 1625/1496/518 1624/1495/517 2199/2070/672
f 2202/2073/666 2205/2076/669 2207/2078/671 2203/2074/667
f 2210/2081/674 1637/1508/518 1636/1507/517 2208/2079/672
f 2211/2082/666 2214/2085/676 2216/2087/671 2212/2083/667
f 2219/2090/674 1649/1520/518 1648/1519/517 2217/2088/672
f 2220/2091/677 2177/2048/657 2176/2047/656 2221/2092/678
f 2225/2096/682 2227/2098/684 2226/2097/683 2223/2094/680
f 2229/2100/677 2165/2036/657 2164/2035/656 2230/2101/678
f 2234/2105/682 2236/2107/684 2235/2106/683 2232/2103/680
f 2238/2109/677 2153/2024/657 2152/2023/656 2239/2110/678
f 2243/2114/682 2245/2116/684 2244/2115/683 2241/2112/680
f 2247/2118/677 2141/2012/657 2140/2011/656 2248/2119/678
f 2252/2123/682 2254/2125/684 2253/2124/683 2250/2121/680
f 2256/2127/686 2135/2006/650 2134/2005/649 2257/2128/687
f 2261/2132/691 2263/2134/693 2262/2133/692 2259/2130/689
f 2265/2136/695 2123/1994/650 2122/1993/649 2266/2137/687
f 2270/2141/691 2272/2143/693 2271/2142/692 2268/2139/696
f 2274/2145/695 2111/1982/650 2110/1981/649 2275/2146/687
f 2279/2150/691 2281/2152/693 2280/2151/697 2277/2148/689
f 2283/2154/686 2099/1970/650 2098/1969/649 2284/2155/687
f 2288/2159/691 2290/2161/693 2289/2160/692 2286/2157/696
f 2292/2163/698 2081/1952/630 2080/1951/629 2293/2164/699
f 2297/2168/703 2299/2170/705 2298/2169/704 2295/2166/701
f 2301/2172/698 2069/1940/630 2068/1939/629 2302/2173/699
f 2306/2177/703 2308/2179/705 2307/2178/704 2304/2175/701
f 2310/2181/698 2057/1928/630 2056/1927/629 2311/2182/699
f 2315/2186/703 2317/2188/705 2316/2187/704 2313/2184/701
f 2319/2190/698 2045/1916/630 2044/1915/629 2320/2191/699
f 2324/2195/703 2326/2197/705 2325/2196/704 2322/2193/701
f 2328/2199/709 2039/1910/624 2038/1909/623 2329/2200/710
f 2333/2204/714 2335/2206/716 2334/2205/715 2331/2202/712
f 2337/2208/709 2027/1898/624 2026/1897/623 2338/2209/710
f 2342/2213/714 2344/2215/716 2343/2214/715 2340/2211/712
f 2346/2217/709 2015/1886/624 2014/1885/623 2347/2218/710
f 2351/2222/714 2353/2224/716 2352/2223/715 2349/2220/712
f 2355/2226/709 2003/1874/624 2002/1873/623 2356/2227/710
f 2360/2231/714 2362/2233/716 2361/2232/715 2358/2229/712
f 2364/2235/718 1985/1856/605 1984/1855/604 2365/2236/719
f 2369/2240/723 2371/2242/725 2370/2241/724 2367/2238/721
f 2373/2244/718 1973/1844/605 1972/1843/604 2374/2245/727
f 2378/2249/723 2380/2251/725 2379/2250/724 2376/2247/721
f 2382/2253/718 1961/1832/605 1960/1831/604 2383/2254/727
f 2387/2258/723 2389/2260/725 2388/2259/724 2385/2256/728
f 2391/2262/718 1949/1820/605 1948/1819/604 2392/2263/727
f 2396/2267/723 2398/2269/725 2397/2268/724 2394/2265/721
f 2400/2271/729 1943/1814/599 1942/1813/598 2401/2272/730
f 2405/2276/734 2407/2278/736 2406/2277/735 2403/2274/732
f 2409/2280/729 1931/1802/599 1930/1801/598 2410/2281/738
f 2414/2285/734 2416/2287/736 2415/2286/735 2412/2283/732
f 2418/2289/729 1919/1790/599 1918/1789/598 2419/2290/738
f 2423/2294/734 2425/2296/736 2424/2295/735 2421/2292/732
f 2427/2298/729 1907/1778/599 1906/1777/598 2428/2299/738
f 2432/2303/734 2434/2305/736 2433/2304/735 2430/2301/732
f 2436/2307/739 1889/1760/581 1888/1759/580 2437/2308/740
f 2441/2312/744 2443/2314/746 2442/2313/745 2439/2310/742
f 2445/2316/739 1877/1748/581 1876/1747/580 2446/2317/740
f 2450/2321/744 2452/2323/746 2451/2322/745 2448/2319/742
f 2454/2325/739 1865/1736/581 1864/1735/580 2455/2326/740
f 2459/2330/744 2461/2332/746 2460/2331/745 2457/2328/742
f 2463/2334/739 1853/1724/581 1852/1723/580 2464/2335/740
f 2468/2339/744 2470/2341/746 2469/2340/745 2466/2337/742
f 2472/2343/748 1847/1718/574 1846/1717/573 2473/2344/749
f 2477/2348/753 2479/2350/755 2478/2349/754 2475/2346/751
f 2481/2352/748 1835/1706/574 1834/1705/573 2482/2353/749
f 2486/2357/753 2488/2359/755 2487/2358/754 2484/2355/751
f 2490/2361/748 1823/1694/574 1822/1693/573 2491/2362/749
f 2495/2366/753 2497/2368/755 2496/2367/754 2493/2364/751
f 2499/2370/748 1811/1682/574 1810/1681/573 2500/2371/749
f 2504/2375/753 2506/2377/755 2505/2376/754 2502/2373/751
f 2508/2379/757 1793/1664/554 1792/1663/553 2509/2380/758
f 2513/2384/762 2515/2386/764 2514/2385/763 2511/2382/760
f 2517/2388/757 1781/1652/561 1780/1651/553 2518/2389/758
f 2522/2393/762 2524/2395/764 2523/2394/763 2520/2391/760
f 2526/2397/757 1769/1640/561 1768/1639/553 2527/2398/758
f 2531/2402/762 2533/2404/764 2532/2403/763 2529/2400/760
f 2535/2406/757 1757/1628/554 1756/1627/553 2536/2407/758
f 2540/2411/762 2542/2413/764 2541/2412/763 2538/2409/760
f 2544/2415/766 1751/1622/548 1750/1621/547 2545/2416/767
f 2549/2420/771 2551/2422/773 2550/2421/772 2547/2418/769
f 2553/2424/766 1739/1610/548 1738/1609/547 2554/2425/767
f 2558/2429/771 2560/2431/773 2559/2430/772 2556/2427/769
f 2562/2433/766 1727/1598/548 1726/1597/547 2563/2434/767
f 2567/2438/771 2569/2440/773 2568/2439/772 2565/2436/769
f 2571/2442/766 1715/1586/548 1714/1585/547 2572/2443/767
f 2576/2447/771 2578/2449/773 2577/2448/772 2574/2445/769
f 2580/2451/775 1697/1568/530 1696/1567/529 2581/2452/776
f 2585/2456/780 2587/2458/782 2586/2457/781 2583/2454/778
f 2589/2460/775 1685/1556/530 1684/1555/529 2590/2461/776
f 2594/2465/780 2596/2467/782 2595/2466/781 2592/2463/778
f 2598/2469/775 1673/1544/530 1672/1543/529 2599/2470/776
f 2603/2474/780 2605/2476/782 2604/2475/781 2601/2472/778
f 2607/2478/775 1661/1532/530 1660/1531/529 2608/2479/776
f 2612/2483/784 2614/2485/782 2613/2484/781 2610/2481/778
f 2188/2059/670 1610/1481/515 1609/1480/514 2189/2060/671
f 2618/2489/787 1616/1487/521 1615/1486/520 2616/2487/785
f 2197/2068/670 1622/1493/515 1621/1492/514 2198/2069/671
f 2621/2492/787 1628/1499/521 1627/1498/520 2619/2490/785
f 2206/2077/670 1634/1505/515 1633/1504/514 2207/2078/671
f 2624/2495/787 1640/1511/521 1639/1510/520 2622/2493/785
f 2215/2086/670 1646/1517/515 1645/1516/514 2216/2087/671
f 2627/2498/787 1652/1523/521 1651/1522/520 2625/2496/785
f 2614/2485/782 1658/1529/527 1657/1528/526 2615/2486/783
f 2628/2499/788 1664/1535/533 1663/1534/532 2629/2500/789
f 2605/2476/782 1670/1541/527 1669/1540/526 2606/2477/783
f 2631/2502/788 1676/1547/533 1675/1546/532 2632/2503/789
f 2596/2467/782 1682/1553/527 1681/1552/526 2597/2468/783
f 2634/2505/788 1688/1559/533 1687/1558/532 2635/2506/789
f 2587/2458/782 1694/1565/527 1693/1564/526 2588/2459/783
f 2637/2508/788 1700/1571/533 1699/1570/532 2638/2509/789
f 2640/2511/792 1706/1577/539 1705/1576/538 2641/2512/793
f 2578/2449/773 1712/1583/545 1711/1582/544 2579/2450/774
f 2643/2514/792 1718/1589/539 1717/1588/538 2644/2515/793
f 2569/2440/773 1724/1595/545 1723/1594/544 2570/2441/774
f 2646/2517/792 1730/1601/539 1729/1600/538 2647/2518/793
f 2560/2431/773 1736/1607/545 1735/1606/544 2561/2432/774
f 2649/2520/792 1742/1613/539 1741/1612/538 2650/2521/793
f 2551/2422/773 1748/1619/545 1747/1618/544 2552/2423/774
f 2542/2413/764 1754/1625/551 1753/1624/550 2543/2414/765
f 2652/2523/795 1760/1631/557 1759/1630/556 2653/2524/796
f 2533/2404/764 1766/1637/551 1765/1636/550 2534/2405/765
f 2655/2526/795 1772/1643/557 1771/1642/556 2656/2527/796
f 2524/2395/764 1778/1649/551 1777/1648/550 2525/2396/765
f 2658/2529/795 1784/1655/557 1783/1654/556 2659/2530/796
f 2515/2386/764 1790/1661/551 1789/1660/550 2516/2387/765
f 2661/2532/795 1796/1667/557 1795/1666/556 2662/2533/796
f 2664/2535/799 1802/1673/565 1801/1672/564 2665/2536/800
f 2506/2377/755 1808/1679/571 1807/1678/570 2507/2378/756
f 2667/2538/799 1814/1685/565 1813/1684/564 2668/2539/800
f 2497/2368/755 1820/1691/571 1819/1690/570 2498/2369/756
f 2670/2541/799 1826/1697/565 1825/1696/564 2671/2542/800
f 2488/2359/755 1832/1703/571 1831/1702/570 2489/2360/756
f 2673/2544/799 1838/1709/565 1837/1708/564 2674/2545/800
f 2479/2350/755 1844/1715/571 1843/1714/570 2480/2351/756
f 2470/2341/746 1850/1721/578 1849/1720/577 2471/2342/747
f 2676/2547/802 1856/1727/584 1855/1726/583 2677/2548/803
f 2461/2332/746 1862/1733/578 1861/1732/577 2462/2333/747
f 2679/2550/802 1868/1739/584 1867/1738/583 2680/2551/803
f 2452/2323/746 1874/1745/578 1873/1744/577 2453/2324/747
f 2682/2553/802 1880/1751/584 1879/1750/583 2683/2554/803
f 2443/2314/746 1886/1757/578 1885/1756/577 2444/2315/747
f 2685/2556/802 1892/1763/584 1891/1762/583 2686/2557/803
f 2688/2559/805 1898/1769/590 1897/1768/589 2689/2560/806
f 2434/2305/736 1904/1775/596 1903/1774/595 2435/2306/737
f 2691/2562/805 1910/1781/590 1909/1780/589 2692/2563/806
f 2425/2296/736 1916/1787/596 1915/1786/595 2426/2297/737
f 2694/2565/805 1922/1793/590 1921/1792/589 2695/2566/806
f 2416/2287/736 1928/1799/596 1927/1798/595 2417/2288/737
f 2697/2568/805 1934/1805/590 1933/1804/589 2698/2569/806
f 2407/2278/736 1940/1811/596 1939/1810/595 2408/2279/737
f 2398/2269/725 1946/1817/602 1945/1816/601 2399/2270/726
f 2700/2571/809 1952/1823/608 1951/1822/607 2701/2572/810
f 2389/2260/725 1958/1829/602 1957/1828/601 2390/2261/726
f 2703/2574/809 1964/1835/608 1963/1834/607 2704/2575/810
f 2380/2251/725 1970/1841/602 1969/1840/601 2381/2252/726
f 2706/2577/809 1976/1847/608 1975/1846/607 2707/2578/810
f 2371/2242/725 1982/1853/602 1981/1852/601 2372/2243/726
f 2709/2580/809 1988/1859/608 1987/1858/607 2710/2581/810
f 2712/2583/812 1994/1865/615 1993/1864/614 2713/2584/813
f 2362/2233/716 2000/1871/621 1999/1870/620 2363/2234/717
f 2715/2586/812 2006/1877/615 2005/1876/614 2716/2587/813
f 2353/2224/716 2012/1883/621 2011/1882/620 2354/2225/717
f 2718/2589/812 2018/1889/615 2017/1888/614 2719/2590/813
f 2344/2215/716 2024/1895/621 2023/1894/620 2345/2216/717
f 2721/2592/812 2030/1901/615 2029/1900/614 2722/2593/813
f 2335/2206/716 2036/1907/621 2035/1906/620 2336/2207/717
f 2326/2197/705 2042/1913/627 2041/1912/626 2327/2198/706
f 2724/2595/815 2048/1919/633 2047/1918/632 2725/2596/816
f 2317/2188/705 2054/1925/627 2053/1924/626 2318/2189/706
f 2727/2598/815 2060/1931/633 2059/1930/632 2728/2599/816
f 2308/2179/705 2066/1937/627 2065/1936/626 2309/2180/706
f 2730/2601/815 2072/1943/633 2071/1942/632 2731/2602/816
f 2299/2170/705 2078/1949/627 2077/1948/626 2300/2171/706
f 2733/2604/815 2084/1955/633 2083/1954/632 2734/2605/816
f 2736/2607/818 2090/1961/641 2089/1960/640 2737/2608/819
f 2290/2161/693 2096/1967/647 2095/1966/646 2291/2162/694
f 2739/2610/818 2102/1973/641 2101/1972/640 2740/2611/819
f 2281/2152/693 2108/1979/647 2107/1978/651 2282/2153/694
f 2742/2613/818 2114/1985/641 2113/1984/640 2743/2614/819
f 2272/2143/693 2120/1991/647 2119/1990/651 2273/2144/694
f 2745/2616/818 2126/1997/641 2125/1996/640 2746/2617/819
f 2263/2134/693 2132/2003/647 2131/2002/646 2264/2135/694
f 2254/2125/684 2138/2009/654 2137/2008/653 2255/2126/685
f 2748/2619/822 2144/2015/660 2143/2014/659 2749/2620/823
f 2245/2116/684 2150/2021/654 2149/2020/653 2246/2117/685
f 2751/2622/822 2156/2027/665 2155/2026/659 2752/2623/823
f 2236/2107/684 2162/2033/654 2161/2032/653 2237/2108/685
f 2754/2625/822 2168/2039/660 2167/2038/659 2755/2626/823
f 2227/2098/684 2174/2045/654 2173/2044/653 2228/2099/685
f 2757/2628/822 2180/2051/660 2179/2050/659 2758/2629/823
f 2182/2053/662 2186/2057/668 2185/2056/667 2183/2054/663
f 2758/2629/823 2192/2063/674 2191/2062/673 2759/2630/824
f 2170/2041/662 2195/2066/668 2194/2065/667 2171/2042/663
f 2755/2626/823 2201/2072/674 2200/2071/673 2756/2627/824
f 2158/2029/662 2204/2075/668 2203/2074/667 2159/2030/663
f 2752/2623/823 2210/2081/674 2209/2080/673 2753/2624/824
f 2146/2017/662 2213/2084/668 2212/2083/667 2147/2018/663
f 2749/2620/823 2219/2090/674 2218/2089/673 2750/2621/824
f 2128/1999/643 2222/2093/679 2221/2092/678 2129/2000/644
f 2746/2617/819 2225/2096/682 2224/2095/681 2747/2618/821
f 2116/1987/643 2231/2102/679 2230/2101/678 2117/1988/644
f 2743/2614/819 2234/2105/682 2233/2104/681 2744/2615/820
f 2104/1975/643 2240/2111/679 2239/2110/678 2105/1976/644
f 2740/2611/819 2243/2114/682 2242/2113/681 2741/2612/820
f 2092/1963/643 2249/2120/679 2248/2119/678 2093/1964/644
f 2737/2608/819 2252/2123/682 2251/2122/681 2738/2609/820
f 2086/1957/635 2258/2129/688 2257/2128/687 2087/1958/636
f 2734/2605/816 2261/2132/691 2260/2131/690 2735/2606/817
f 2074/1945/638 2267/2138/688 2266/2137/687 2075/1946/637
f 2731/2602/816 2270/2141/691 2269/2140/690 2732/2603/817
f 2062/1933/635 2276/2147/688 2275/2146/687 2063/1934/637
f 2728/2599/816 2279/2150/691 2278/2149/690 2729/2600/817
f 2050/1921/635 2285/2156/688 2284/2155/687 2051/1922/636
f 2725/2596/816 2288/2159/691 2287/2158/690 2726/2597/817
f 2032/1903/617 2294/2165/700 2293/2164/699 2033/1904/618
f 2722/2593/813 2297/2168/703 2296/2167/702 2723/2594/814
f 2020/1891/617 2303/2174/700 2302/2173/699 2021/1892/618
f 2719/2590/813 2306/2177/703 2305/2176/707 2720/2591/814
f 2008/1879/617 2312/2183/700 2311/2182/699 2009/1880/618
f 2716/2587/813 2315/2186/703 2314/2185/702 2717/2588/814
f 1996/1867/617 2321/2192/708 2320/2191/699 1997/1868/618
f 2713/2584/813 2324/2195/703 2323/2194/702 2714/2585/814
f 1990/1861/612 2330/2201/711 2329/2200/710 1991/1862/611
f 2710/2581/810 2333/2204/714 2332/2203/713 2711/2582/811
f 1978/1849/610 2339/2210/711 2338/2209/710 1979/1850/611
f 2707/2578/810 2342/2213/714 2341/2212/713 2708/2579/811
f 1966/1837/610 2348/2219/711 2347/2218/710 1967/1838/611
f 2704/2575/810 2351/2222/714 2350/2221/713 2705/2576/811
f 1954/1825/610 2357/2228/711 2356/2227/710 1955/1826/611
f 2701/2572/810 2360/2231/714 2359/2230/713 2702/2573/811
f 1936/1807/592 2366/2237/720 2365/2236/719 1937/1808/593
f 2698/2569/806 2369/2240/723 2368/2239/722 2699/2570/808
f 1924/1795/592 2375/2246/720 2374/2245/727 1925/1796/593
f 2695/2566/806 2378/2249/723 2377/2248/722 2696/2567/807
f 1912/1783/592 2384/2255/720 2383/2254/727 1913/1784/593
f 2692/2563/806 2387/2258/723 2386/2257/722 2693/2564/808
f 1900/1771/592 2393/2264/720 2392/2263/727 1901/1772/593
f 2689/2560/806 2396/2267/723 2395/2266/722 2690/2561/807
f 1894/1765/586 2402/2273/731 2401/2272/730 1895/1766/587
f 2686/2557/803 2405/2276/734 2404/2275/733 2687/2558/804
f 1882/1753/586 2411/2282/731 2410/2281/738 1883/1754/587
f 2683/2554/803 2414/2285/734 2413/2284/733 2684/2555/804
f 1870/1741/586 2420/2291/731 2419/2290/738 1871/1742/587
f 2680/2551/803 2423/2294/734 2422/2293/733 2681/2552/804
f 1858/1729/586 2429/2300/731 2428/2299/738 1859/1730/587
f 2677/2548/803 2432/2303/734 2431/2302/733 2678/2549/804
f 1840/1711/567 2438/2309/741 2437/2308/740 1841/1712/568
f 2674/2545/800 2441/2312/744 2440/2311/743 2675/2546/801
f 1828/1699/575 2447/2318/741 2446/2317/740 1829/1700/568
f 2671/2542/800 2450/2321/744 2449/2320/743 2672/2543/801
f 1816/1687/567 2456/2327/741 2455/2326/740 1817/1688/568
f 2668/2539/800 2459/2330/744 2458/2329/743 2669/2540/801
f 1804/1675/567 2465/2336/741 2464/2335/740 1805/1676/568
f 2665/2536/800 2468/2339/744 2467/2338/743 2666/2537/801
f 1798/1669/562 2474/2345/750 2473/2344/749 1799/1670/560
f 2662/2533/796 2477/2348/753 2476/2347/752 2663/2534/797
f 1786/1657/559 2483/2354/750 2482/2353/749 1787/1658/560
f 2659/2530/796 2486/2357/753 2485/2356/752 2660/2531/798
f 1774/1645/559 2492/2363/750 2491/2362/749 1775/1646/560
f 2656/2527/796 2495/2366/753 2494/2365/752 2657/2528/797
f 1762/1633/559 2501/2372/750 2500/2371/749 1763/1634/560
f 2653/2524/796 2504/2375/753 2503/2374/752 2654/2525/797
f 1744/1615/541 2510/2381/759 2509/2380/758 1745/1616/542
f 2650/2521/793 2513/2384/762 2512/2383/761 2651/2522/794
f 1732/1603/541 2519/2390/759 2518/2389/758 1733/1604/542
f 2647/2518/793 2522/2393/762 2521/2392/761 2648/2519/794
f 1720/1591/541 2528/2399/759 2527/2398/758 1721/1592/542
f 2644/2515/793 2531/2402/762 2530/2401/761 2645/2516/794
f 1708/1579/541 2537/2408/759 2536/2407/758 1709/1580/542
f 2641/2512/793 2540/2411/762 2539/2410/761 2642/2513/794
f 1702/1573/535 2546/2417/768 2545/2416/767 1703/1574/536
f 2638/2509/789 2549/2420/771 2548/2419/770 2639/2510/791
f 1690/1561/535 2555/2426/768 2554/2425/767 1691/1562/536
f 2635/2506/789 2558/2429/771 2557/2428/770 2636/2507/790
f 1678/1549/535 2564/2435/768 2563/2434/767 1679/1550/536
f 2632/2503/789 2567/2438/771 2566/2437/770 2633/2504/791
f 1666/1537/535 2573/2444/768 2572/2443/767 1667/1538/536
f 2629/2500/789 2576/2447/771 2575/2446/770 2630/2501/790
f 2617/2488/786 2582/2453/777 2581/2452/776 2618/2489/787
f 1618/1489/523 2585/2456/780 2584/2455/779 1619/1490/524
f 2620/2491/786 2591/2462/777 2590/2461/776 2621/2492/787
f 1630/1501/523 2594/2465/780 2593/2464/779 1631/1502/524
f 2623/2494/786 2600/2471/777 2599/2470/776 2624/2495/787
f 1642/1513/523 2603/2474/780 2602/2473/779 1643/1514/524
f 2626/2497/786 2609/2480/777 2608/2479/776 2627/2498/787
f 1654/1525/523 2612/2483/784 2611/2482/779 1655/1526/524
f 1034/905/354 575/518/224 574/517/223 1032/903/352
f 1035/906/355 579/520/98 581/522/100 1036/907/356
f 1040/911/354 585/524/224 584/523/223 1038/909/352
f 1041/912/355 589/526/98 591/528/100 1042/913/356
f 1046/917/354 595/530/224 594/529/223 1044/915/352
f 1047/918/355 599/532/98 601/534/100 1048/919/356
f 1052/923/354 605/536/224 604/535/223 1050/921/352
f 1053/924/355 264/209/98 266/211/100 1054/925/356
f 1056/927/358 607/538/226 609/540/228 1057/928/359
f 1061/932/363 611/542/108 610/541/107 1059/930/361
f 1062/933/358 613/544/226 615/546/228 1063/934/359
f 1067/938/363 617/548/108 616/547/107 1065/936/361
f 1068/939/358 619/550/226 621/552/228 1069/940/359
f 1073/944/363 623/554/108 622/553/107 1071/942/361
f 1074/945/358 625/556/226 627/558/229 1075/946/359
f 1079/950/363 292/237/108 291/236/107 1077/948/361
f 1082/953/366 629/560/231 628/559/230 1080/951/364
f 1083/954/367 631/562/117 633/564/119 1084/955/368
f 1088/959/366 635/566/231 634/565/230 1086/957/370
f 1089/960/367 637/568/117 639/570/119 1090/961/368
f 1094/965/366 641/572/231 640/571/230 1092/963/364
f 1095/966/367 643/574/117 645/576/119 1096/967/368
f 1100/971/366 647/578/231 646/577/230 1098/969/364
f 1101/972/367 318/263/117 320/265/119 1102/973/368
f 1104/975/372 655/580/233 657/582/235 1105/976/373
f 1109/980/377 661/584/237 660/583/236 1107/978/375
f 1110/981/372 665/586/233 667/588/238 1111/982/373
f 1115/986/377 671/590/237 670/589/236 1113/984/375
f 1116/987/372 675/592/233 677/594/238 1117/988/373
f 1121/992/377 681/596/237 680/595/236 1119/990/375
f 1122/993/372 685/598/233 687/600/238 1123/994/373
f 1127/998/377 346/291/128 345/290/127 1125/996/375
f 1130/1001/381 698/611/249 697/610/248 1128/999/379
f 1131/1002/382 705/618/137 707/620/139 1132/1003/383
f 1136/1007/381 714/627/249 713/626/256 1134/1005/379
f 1137/1008/385 721/634/137 723/636/139 1138/1009/383
f 1142/1013/381 730/643/249 729/642/248 1140/1011/379
f 1143/1014/385 737/650/137 739/652/139 1144/1015/383
f 1148/1019/381 746/659/249 745/658/256 1146/1017/379
f 1149/1020/385 372/317/137 374/319/139 1150/1021/387
f 1152/1023/388 757/670/266 759/672/268 1153/1024/389
f 1157/1028/393 766/679/152 765/678/151 1155/1026/391
f 1158/1029/388 773/686/266 775/688/268 1159/1030/389
f 1163/1034/393 782/695/152 781/694/151 1161/1032/391
f 1164/1035/388 789/702/266 791/704/268 1165/1036/389
f 1169/1040/393 798/711/152 797/710/151 1167/1038/391
f 1170/1041/388 805/718/274 807/720/268 1171/1042/389
f 1175/1046/393 400/345/152 399/344/151 1173/1044/391
f 1178/1049/397 819/730/284 818/729/283 1176/1047/395
f 1179/1050/398 823/732/286 825/734/163 1180/1051/399
f 1184/1055/397 829/736/284 828/735/283 1182/1053/395
f 1185/1056/402 833/738/161 835/740/163 1186/1057/399
f 1190/1061/397 839/742/284 838/741/283 1188/1059/403
f 1191/1062/402 843/744/161 845/746/163 1192/1063/399
f 1196/1067/397 849/748/284 848/747/283 1194/1065/395
f 1197/1068/402 426/371/161 428/373/163 1198/1069/399
f 1200/1071/404 857/750/287 859/752/289 1201/1072/405
f 1205/1076/409 866/759/172 865/758/295 1203/1074/407
f 1206/1077/410 873/766/287 875/768/289 1207/1078/405
f 1211/1082/409 882/775/172 881/774/301 1209/1080/407
f 1212/1083/404 889/782/287 891/784/289 1213/1084/405
f 1217/1088/409 895/786/303 894/785/295 1215/1086/407
f 1218/1089/404 899/788/287 901/790/289 1219/1090/405
f 1223/1094/409 454/399/172 453/398/171 1221/1092/407
f 1226/1097/414 907/796/309 906/795/308 1224/1095/412
f 1227/1098/415 909/798/180 911/800/182 1228/1099/416
f 1232/1103/418 913/802/309 912/801/308 1230/1101/412
f 1233/1104/415 915/804/180 917/806/182 1234/1105/416
f 1238/1109/418 919/808/309 918/807/308 1236/1107/412
f 1239/1110/415 921/810/180 923/812/182 1240/1111/416
f 1244/1115/418 930/819/309 929/818/308 1242/1113/412
f 1245/1116/415 480/425/180 482/427/182 1246/1117/416
f 1248/1119/419 937/826/322 939/828/324 1249/1120/420
f 1253/1124/424 946/835/330 945/834/192 1251/1122/422
f 1254/1125/419 948/837/322 950/839/331 1255/1126/420
f 1259/1130/424 952/841/193 951/840/192 1257/1128/422
f 1260/1131/419 954/843/322 956/845/331 1261/1132/420
f 1265/1136/424 958/847/332 957/846/192 1263/1134/422
f 1266/1137/419 960/849/322 962/851/331 1267/1138/420
f 1271/1142/424 508/453/193 507/452/192 1269/1140/422
f 1274/1145/427 973/862/343 972/861/342 1272/1143/425
f 1275/1146/428 975/864/203 977/866/345 1276/1147/429
f 1280/1151/427 979/868/343 978/867/342 1278/1149/425
f 1281/1152/428 981/870/203 983/872/345 1282/1153/431
f 1286/1157/427 985/874/343 984/873/342 1284/1155/425
f 1287/1158/428 987/876/203 989/878/345 1288/1159/431
f 1292/1163/427 991/880/343 990/879/342 1290/1161/425
f 1293/1164/428 534/479/203 536/481/205 1294/1165/429
f 1296/1167/432 999/882/346 1001/884/348 1297/1168/433
f 1301/1172/437 1005/886/349 1004/885/212 1299/1170/435
f 1302/1173/432 1009/888/351 1011/890/348 1303/1174/433
f 1307/1178/437 1015/892/213 1014/891/212 1305/1176/435
f 1308/1179/432 1019/894/351 1021/896/348 1309/1180/433
f 1313/1184/437 1025/898/349 1024/897/212 1311/1182/435
f 1314/1185/432 1029/900/351 1031/902/348 1315/1186/433
f 1319/1190/437 562/507/213 561/506/212 1317/1188/435
f 1322/1193/440 241/186/93 240/185/92 1320/1191/438
f 1323/1194/441 576/519/225 575/518/224 1324/1195/442
f 1328/1199/440 247/192/93 246/191/92 1326/1197/438
f 1329/1200/441 586/525/225 585/524/224 1330/1201/442
f 1334/1205/440 253/198/93 252/197/92 1332/1203/438
f 1335/1206/441 596/531/225 595/530/224 1336/1207/442
f 1340/1211/440 259/204/93 258/203/92 1338/1209/438
f 1341/1212/441 606/537/225 605/536/224 1342/1213/442
f 1346/1217/446 1031/902/348 1030/901/347 1344/1215/444
f 1347/1218/447 555/500/206 557/502/208 1348/1219/448
f 1352/1223/446 1021/896/348 1020/895/347 1350/1221/444
f 1353/1224/447 549/494/206 551/496/208 1354/1225/448
f 1358/1229/446 1011/890/348 1010/889/347 1356/1227/444
f 1359/1230/447 543/488/206 545/490/208 1360/1231/448
f 1364/1235/446 1001/884/348 1000/883/347 1362/1233/444
f 1365/1236/447 537/482/206 539/484/208 1366/1237/448
f 1370/1241/452 536/481/205 535/480/204 1368/1239/450
f 1371/1242/453 531/476/202 533/478/200 1372/1243/454
f 1376/1247/452 989/878/345 988/877/204 1374/1245/450
f 1377/1248/453 525/470/198 527/472/200 1378/1249/454
f 1382/1253/452 983/872/345 982/871/204 1380/1251/450
f 1383/1254/453 519/464/198 521/466/200 1384/1255/454
f 1388/1259/452 977/866/345 976/865/204 1386/1257/450
f 1389/1260/453 513/458/198 515/460/200 1390/1261/454
f 1394/1265/458 962/851/331 961/850/323 1392/1263/456
f 1395/1266/459 501/446/183 503/448/189 1396/1267/460
f 1400/1271/458 956/845/331 955/844/323 1398/1269/456
f 1401/1272/459 495/440/183 497/442/189 1402/1273/460
f 1406/1277/458 950/839/331 949/838/323 1404/1275/456
f 1407/1278/459 489/434/183 491/436/189 1408/1279/460
f 1412/1283/458 939/828/324 938/827/323 1410/1281/456
f 1413/1284/459 483/428/183 485/430/185 1414/1285/460
f 1418/1289/464 482/427/182 481/426/181 1416/1287/462
f 1419/1290/465 477/422/177 479/424/179 1420/1291/466
f 1424/1295/464 923/812/182 922/811/181 1422/1293/462
f 1425/1296/465 471/416/177 473/418/179 1426/1297/466
f 1430/1301/464 917/806/182 916/805/181 1428/1299/462
f 1431/1302/465 465/410/177 467/412/179 1432/1303/466
f 1436/1307/464 911/800/182 910/799/181 1434/1305/462
f 1437/1308/465 459/404/177 461/406/179 1438/1309/466
f 1442/1313/472 901/790/289 900/789/288 1440/1311/470
f 1443/1314/473 447/392/164 449/394/166 1444/1315/474
f 1448/1319/472 891/784/289 890/783/302 1446/1317/470
f 1449/1320/473 441/386/170 443/388/166 1450/1321/474
f 1454/1325/472 875/768/289 874/767/288 1452/1323/470
f 1455/1326/473 435/380/164 437/382/166 1456/1327/474
f 1460/1331/472 859/752/289 858/751/288 1458/1329/470
f 1461/1332/473 429/374/164 431/376/166 1462/1333/474
f 1466/1337/478 428/373/163 427/372/162 1464/1335/476
f 1467/1338/479 423/368/157 425/370/159 1468/1339/480
f 1472/1343/478 845/746/163 844/745/162 1470/1341/476
f 1473/1344/479 417/362/157 419/364/159 1474/1345/480
f 1478/1349/478 835/740/163 834/739/162 1476/1347/476
f 1479/1350/479 411/356/157 413/358/159 1480/1351/480
f 1484/1355/478 825/734/163 824/733/162 1482/1353/476
f 1485/1356/479 405/350/157 407/352/159 1486/1357/480
f 1490/1361/484 807/720/268 806/719/267 1488/1359/482
f 1491/1362/485 393/338/140 395/340/150 1492/1363/486
f 1496/1367/484 791/704/268 790/703/267 1494/1365/482
f 1497/1368/485 387/332/140 389/334/142 1498/1369/486
f 1502/1373/484 775/688/268 774/687/267 1500/1371/482
f 1503/1374/485 381/326/140 383/328/142 1504/1375/486
f 1508/1379/484 759/672/268 758/671/267 1506/1377/482
f 1509/1380/485 375/320/140 377/322/142 1510/1381/486
f 1514/1385/490 374/319/139 373/318/138 1512/1383/488
f 1515/1386/491 369/314/133 371/316/135 1516/1387/492
f 1520/1391/490 739/652/139 738/651/138 1518/1389/488
f 1521/1392/491 363/308/133 365/310/135 1522/1393/492
f 1526/1397/490 723/636/139 722/635/138 1524/1395/488
f 1527/1398/491 357/302/133 359/304/135 1528/1399/492
f 1532/1403/490 707/620/139 706/619/138 1530/1401/488
f 1533/1404/491 351/296/133 353/298/135 1534/1405/492
f 1538/1409/496 687/600/238 686/599/234 1536/1407/494
f 1539/1410/497 339/284/120 341/286/122 1540/1411/498
f 1544/1415/496 677/594/238 676/593/234 1542/1413/494
f 1545/1416/497 333/278/120 335/280/122 1546/1417/498
f 1550/1421/496 667/588/238 666/587/234 1548/1419/494
f 1551/1422/497 327/272/120 329/274/122 1552/1423/498
f 1556/1427/496 657/582/235 656/581/234 1554/1425/494
f 1557/1428/497 321/266/120 323/268/122 1558/1429/498
f 1562/1433/502 320/265/119 319/264/118 1560/1431/500
f 1563/1434/503 315/260/113 317/262/115 1564/1435/504
f 1568/1439/502 645/576/119 644/575/118 1566/1437/500
f 1569/1440/506 309/254/113 311/256/115 1570/1441/504
f 1574/1445/502 639/570/119 638/569/118 1572/1443/500
f 1575/1446/506 303/248/113 305/250/115 1576/1447/504
f 1580/1451/502 633/564/119 632/563/118 1578/1449/500
f 1581/1452/506 297/242/113 299/244/115 1582/1453/504
f 1586/1457/509 627/558/229 626/557/227 1584/1455/507
f 1587/1458/510 285/230/101 287/232/103 1588/1459/511
f 1592/1463/509 621/552/228 620/551/227 1590/1461/507
f 1593/1464/510 279/224/101 281/226/103 1594/1465/511
f 1598/1469/509 615/546/228 614/545/227 1596/1467/507
f 1599/1470/510 273/218/101 275/220/103 1600/1471/511
f 1604/1475/509 609/540/228 608/539/227 1602/1473/507
f 1605/1476/510 267/212/101 269/214/103 1606/1477/511
f 241/186/93 1034/905/354 1033/904/353 242/187/94
f 243/188/95 1037/908/357 1036/907/356 244/189/96
f 247/192/93 1040/911/354 1039/910/353 248/193/94
f 249/194/95 1043/914/357 1042/913/356 250/195/96
f 253/198/93 1046/917/354 1045/916/353 254/199/94
f 255/200/95 1049/920/357 1048/919/356 256/201/96
f 259/204/93 1052/923/354 1051/922/353 260/205/94
f 261/206/95 1055/926/357 1054/925/356 262/207/96
f 268/213/102 1058/929/360 1057/928/359 269/214/103
f 272/217/106 1061/932/363 1060/931/362 270/215/104
f 274/219/102 1064/935/360 1063/934/359 275/220/103
f 278/223/106 1067/938/363 1066/937/362 276/221/104
f 280/225/102 1070/941/360 1069/940/359 281/226/103
f 284/229/106 1073/944/363 1072/943/362 282/227/104
f 286/231/102 1076/947/360 1075/946/359 287/232/103
f 290/235/106 1079/950/363 1078/949/362 288/233/104
f 296/241/112 1082/953/366 1081/952/365 294/239/110
f 298/243/114 1085/956/369 1084/955/368 299/244/115
f 302/247/112 1088/959/366 1087/958/371 300/245/110
f 304/249/116 1091/962/369 1090/961/368 305/250/115
f 308/253/112 1094/965/366 1093/964/365 306/251/110
f 310/255/114 1097/968/369 1096/967/368 311/256/115
f 314/259/112 1100/971/366 1099/970/365 312/257/110
f 316/261/114 1103/974/369 1102/973/368 317/262/115
f 322/267/121 1106/977/374 1105/976/373 323/268/122
f 326/271/125 1109/980/377 1108/979/376 324/269/123
f 328/273/121 1112/983/374 1111/982/373 329/274/122
f 332/277/125 1115/986/377 1114/985/376 330/275/126
f 334/279/121 1118/989/374 1117/988/373 335/280/122
f 338/283/125 1121/992/377 1120/991/378 336/281/123
f 340/285/121 1124/995/374 1123/994/373 341/286/122
f 344/289/125 1127/998/377 1126/997/376 342/287/126
f 350/295/132 1130/1001/381 1129/1000/380 348/293/130
f 352/297/134 1133/1004/384 1132/1003/383 353/298/135
f 356/301/132 1136/1007/381 1135/1006/380 354/299/130
f 358/303/134 1139/1010/386 1138/1009/383 359/304/135
f 362/307/132 1142/1013/381 1141/1012/380 360/305/130
f 364/309/134 1145/1016/386 1144/1015/383 365/310/135
f 368/313/132 1148/1019/381 1147/1018/380 366/311/136
f 370/315/134 1151/1022/386 1150/1021/387 371/316/135
f 376/321/141 1154/1025/390 1153/1024/389 377/322/142
f 380/325/145 1157/1028/393 1156/1027/392 378/323/143
f 382/327/146 1160/1031/390 1159/1030/389 383/328/142
f 386/331/145 1163/1034/393 1162/1033/392 384/329/143
f 388/333/148 1166/1037/390 1165/1036/389 389/334/142
f 392/337/145 1169/1040/393 1168/1039/392 390/335/143
f 394/339/149 1172/1043/394 1171/1042/389 395/340/150
f 398/343/145 1175/1046/393 1174/1045/392 396/341/143
f 404/349/156 1178/1049/397 1177/1048/396 402/347/154
f 406/351/158 1181/1052/400 1180/1051/399 407/352/159
f 410/355/156 1184/1055/397 1183/1054/401 408/353/160
f 412/357/158 1187/1058/400 1186/1057/399 413/358/159
f 416/361/156 1190/1061/397 1189/1060/396 414/359/154
f 418/363/158 1193/1064/400 1192/1063/399 419/364/159
f 422/367/156 1196/1067/397 1195/1066/396 420/365/154
f 424/369/158 1199/1070/400 1198/1069/399 425/370/159
f 430/375/165 1202/1073/406 1201/1072/405 431/376/166
f 434/379/169 1205/1076/409 1204/1075/408 432/377/167
f 436/381/165 1208/1079/411 1207/1078/405 437/382/166
f 440/385/169 1211/1082/409 1210/1081/408 438/383/167
f 442/387/165 1214/1085/411 1213/1084/405 443/388/166
f 446/391/169 1217/1088/409 1216/1087/408 444/389/167
f 448/393/165 1220/1091/406 1219/1090/405 449/394/166
f 452/397/169 1223/1094/409 1222/1093/408 450/395/167
f 458/403/176 1226/1097/414 1225/1096/413 456/401/174
f 460/405/178 1229/1100/417 1228/1099/416 461/406/179
f 464/409/176 1232/1103/418 1231/1102/413 462/407/174
f 466/411/178 1235/1106/417 1234/1105/416 467/412/179
f 470/415/176 1238/1109/418 1237/1108/413 468/413/174
f 472/417/178 1241/1112/417 1240/1111/416 473/418/179
f 476/421/176 1244/1115/418 1243/1114/413 474/419/174
f 478/423/178 1247/1118/417 1246/1117/416 479/424/179
f 484/429/184 1250/1121/421 1249/1120/420 485/430/185
f 488/433/188 1253/1124/424 1252/1123/423 486/431/186
f 490/435/184 1256/1127/421 1255/1126/420 491/436/189
f 494/439/188 1259/1130/424 1258/1129/423 492/437/186
f 496/441/184 1262/1133/421 1261/1132/420 497/442/189
f 500/445/190 1265/1136/424 1264/1135/423 498/443/186
f 502/447/184 1268/1139/421 1267/1138/420 503/448/189
f 506/451/191 1271/1142/424 1270/1141/423 504/449/186
f 512/457/197 1274/1145/427 1273/1144/426 510/455/195
f 514/459/199 1277/1148/430 1276/1147/429 515/460/200
f 518/463/197 1280/1151/427 1279/1150/426 516/461/195
f 520/465/199 1283/1154/430 1282/1153/431 521/466/200
f 524/469/197 1286/1157/427 1285/1156/426 522/467/195
f 526/471/199 1289/1160/430 1288/1159/431 527/472/200
f 530/475/197 1292/1163/427 1291/1162/426 528/473/201
f 532/477/199 1295/1166/430 1294/1165/429 533/478/200
f 538/483/207 1298/1169/434 1297/1168/433 539/484/208
f 542/487/211 1301/1172/437 1300/1171/436 540/485/209
f 544/489/207 1304/1175/434 1303/1174/433 545/490/208
f 548/493/211 1307/1178/437 1306/1177/436 546/491/209
f 550/495/207 1310/1181/434 1309/1180/433 551/496/208
f 554/499/211 1313/1184/437 1312/1183/436 552/497/209
f 556/501/207 1316/1187/434 1315/1186/433 557/502/208
f 560/505/211 1319/1190/437 1318/1189/436 558/503/209
f 562/507/213 1322/1193/440 1321/1192/439 563/508/214
f 559/504/210 1325/1196/443 1324/1195/442 560/505/211
f 1025/898/349 1328/1199/440 1327/1198/439 1026/899/214
f 553/498/210 1331/1202/443 1330/1201/442 554/499/211
f 1015/892/213 1334/1205/440 1333/1204/439 1016/893/350
f 547/492/210 1337/1208/443 1336/1207/442 548/493/211
f 1005/886/349 1340/1211/440 1339/1210/439 1006/887/350
f 541/486/210 1343/1214/443 1342/1213/442 542/487/211
f 991/880/343 1346/1217/446 1345/1216/445 992/881/344
f 529/474/196 1349/1220/449 1348/1219/448 530/475/197
f 985/874/343 1352/1223/446 1351/1222/445 986/875/344
f 523/468/196 1355/1226/449 1354/1225/448 524/469/197
f 979/868/343 1358/1229/446 1357/1228/445 980/869/344
f 517/462/196 1361/1232/449 1360/1231/448 518/463/197
f 973/862/343 1364/1235/446 1363/1234/445 974/863/344
f 511/456/196 1367/1238/449 1366/1237/448 512/457/197
f 508/453/193 1370/1241/452 1369/1240/451 509/454/194
f 505/450/187 1373/1244/455 1372/1243/454 506/451/191
f 958/847/332 1376/1247/452 1375/1246/451 959/848/194
f 499/444/187 1379/1250/455 1378/1249/454 500/445/190
f 952/841/193 1382/1253/452 1381/1252/451 953/842/194
f 493/438/187 1385/1256/455 1384/1255/454 494/439/188
f 946/835/330 1388/1259/452 1387/1258/451 947/836/194
f 487/432/187 1391/1262/455 1390/1261/454 488/433/188
f 930/819/309 1394/1265/458 1393/1264/457 931/820/310
f 475/420/175 1397/1268/461 1396/1267/460 476/421/176
f 919/808/309 1400/1271/458 1399/1270/457 920/809/311
f 469/414/175 1403/1274/461 1402/1273/460 470/415/176
f 913/802/309 1406/1277/458 1405/1276/457 914/803/310
f 463/408/175 1409/1280/461 1408/1279/460 464/409/176
f 907/796/309 1412/1283/458 1411/1282/457 908/797/310
f 457/402/175 1415/1286/461 1414/1285/460 458/403/176
f 454/399/172 1418/1289/464 1417/1288/463 455/400/173
f 451/396/168 1421/1292/467 1420/1291/466 452/397/169
f 895/786/303 1424/1295/464 1423/1294/468 896/787/173
f 445/390/168 1427/1298/467 1426/1297/466 446/391/169
f 882/775/172 1430/1301/464 1429/1300/463 883/776/173
f 439/384/168 1433/1304/469 1432/1303/466 440/385/169
f 866/759/172 1436/1307/464 1435/1306/463 867/760/173
f 433/378/168 1439/1310/469 1438/1309/466 434/379/169
f 849/748/284 1442/1313/472 1441/1312/471 850/749/285
f 421/366/155 1445/1316/475 1444/1315/474 422/367/156
f 839/742/284 1448/1319/472 1447/1318/471 840/743/285
f 415/360/155 1451/1322/475 1450/1321/474 416/361/156
f 829/736/284 1454/1325/472 1453/1324/471 830/737/285
f 409/354/155 1457/1328/475 1456/1327/474 410/355/156
f 819/730/284 1460/1331/472 1459/1330/471 820/731/285
f 403/348/155 1463/1334/475 1462/1333/474 404/349/156
f 400/345/152 1466/1337/478 1465/1336/477 401/346/153
f 397/342/147 1469/1340/481 1468/1339/480 398/343/145
f 798/711/152 1472/1343/478 1471/1342/477 799/712/153
f 391/336/147 1475/1346/481 1474/1345/480 392/337/145
f 782/695/152 1478/1349/478 1477/1348/477 783/696/153
f 385/330/147 1481/1352/481 1480/1351/480 386/331/145
f 766/679/152 1484/1355/478 1483/1354/477 767/680/153
f 379/324/144 1487/1358/481 1486/1357/480 380/325/145
f 746/659/249 1490/1361/484 1489/1360/483 747/660/250
f 367/312/131 1493/1364/487 1492/1363/486 368/313/132
f 730/643/249 1496/1367/484 1495/1366/483 731/644/250
f 361/306/131 1499/1370/487 1498/1369/486 362/307/132
f 714/627/249 1502/1373/484 1501/1372/483 715/628/250
f 355/300/131 1505/1376/487 1504/1375/486 356/301/132
f 698/611/249 1508/1379/484 1507/1378/483 699/612/250
f 349/294/131 1511/1382/487 1510/1381/486 350/295/132
f 346/291/128 1514/1385/490 1513/1384/489 347/292/129
f 343/288/124 1517/1388/493 1516/1387/492 344/289/125
f 681/596/237 1520/1391/490 1519/1390/489 682/597/129
f 337/282/124 1523/1394/493 1522/1393/492 338/283/125
f 671/590/237 1526/1397/490 1525/1396/489 672/591/129
f 331/276/124 1529/1400/493 1528/1399/492 332/277/125
f 661/584/237 1532/1403/490 1531/1402/489 662/585/129
f 325/270/124 1535/1406/493 1534/1405/492 326/271/125
f 647/578/231 1538/1409/496 1537/1408/495 648/579/232
f 313/258/111 1541/1412/499 1540/1411/498 314/259/112
f 641/572/231 1544/1415/496 1543/1414/495 642/573/232
f 307/252/111 1547/1418/499 1546/1417/498 308/253/112
f 635/566/231 1550/1421/496 1549/1420/495 636/567/232
f 301/246/111 1553/1424/499 1552/1423/498 302/247/112
f 629/560/231 1556/1427/496 1555/1426/495 630/561/232
f 295/240/111 1559/1430/499 1558/1429/498 296/241/112
f 292/237/108 1562/1433/502 1561/1432/501 293/238/109
f 289/234/105 1565/1436/505 1564/1435/504 290/235/106
f 623/554/108 1568/1439/502 1567/1438/501 624/555/109
f 283/228/105 1571/1442/505 1570/1441/504 284/229/106
f 617/548/108 1574/1445/502 1573/1444/501 618/549/109
f 277/222/105 1577/1448/505 1576/1447/504 278/223/106
f 611/542/108 1580/1451/502 1579/1450/501 612/543/109
f 271/216/105 1583/1454/505 1582/1453/504 272/217/106
f 244/189/96 1586/1457/509 1585/1456/508 245/190/97
f 580/521/99 1589/1460/512 1588/1459/511 581/522/100
f 250/195/96 1592/1463/509 1591/1462/508 251/196/97
f 590/527/99 1595/1466/512 1594/1465/511 591/528/100
f 256/201/96 1598/1469/509 1597/1468/508 257/202/97
f 600/533/99 1601/1472/512 1600/1471/511 601/534/100
f 262/207/96 1604/1475/509 1603/1474/508 263/208/97
f 265/210/99 1607/1478/512 1606/1477/511 266/211/100
f 1610/1481/899 1033/904/353 1032/903/352 1608/1479/900
f 576/519/225 1612/1483/901 1611/1482/902 574/517/223
f 1619/1490/903 580/521/99 579/520/98 1617/1488/904
f 1037/908/357 1615/1486/905 1614/1485/906 1035/906/355
f 1622/1493/899 1039/910/353 1038/909/352 1620/1491/900
f 586/525/225 1624/1495/901 1623/1494/902 584/523/223
f 1631/1502/903 590/527/99 589/526/98 1629/1500/904
f 1043/914/357 1627/1498/905 1626/1497/906 1041/912/355
f 1634/1505/899 1045/916/353 1044/915/352 1632/1503/900
f 596/531/225 1636/1507/901 1635/1506/902 594/529/223
f 1643/1514/903 600/533/99 599/532/98 1641/1512/904
f 1049/920/357 1639/1510/905 1638/1509/906 1047/918/355
f 1646/1517/899 1051/922/353 1050/921/352 1644/1515/900
f 606/537/225 1648/1519/901 1647/1518/902 604/535/223
f 1655/1526/903 265/210/99 264/209/98 1653/1524/904
f 1055/926/357 1651/1522/905 1650/1521/906 1053/924/355
f 1661/1532/907 608/539/227 607/538/226 1659/1530/908
f 1058/929/360 1657/1528/909 1656/1527/910 1056/927/358
f 1664/1535/911 1060/931/362 1059/930/361 1662/1533/912
f 612/543/109 1666/1537/913 1665/1536/914 610/541/107
f 1673/1544/907 614/545/227 613/544/226 1671/1542/908
f 1064/935/360 1669/1540/909 1668/1539/910 1062/933/358
f 1676/1547/911 1066/937/362 1065/936/361 1674/1545/912
f 618/549/109 1678/1549/913 1677/1548/914 616/547/107
f 1685/1556/907 620/551/227 619/550/226 1683/1554/908
f 1070/941/360 1681/1552/915 1680/1551/910 1068/939/358
f 1688/1559/911 1072/943/362 1071/942/361 1686/1557/912
f 624/555/109 1690/1561/913 1689/1560/914 622/553/107
f 1697/1568/907 626/557/227 625/556/226 1695/1566/908
f 1076/947/360 1693/1564/909 1692/1563/910 1074/945/358
f 1700/1571/911 1078/949/362 1077/948/361 1698/1569/912
f 293/238/109 1702/1573/916 1701/1572/914 291/236/107
f 1706/1577/917 1081/952/365 1080/951/364 1704/1575/918
f 630/561/232 1708/1579/919 1707/1578/920 628/559/230
f 1715/1586/921 632/563/118 631/562/117 1713/1584/922
f 1085/956/369 1711/1582/923 1710/1581/924 1083/954/367
f 1718/1589/917 1087/958/371 1086/957/370 1716/1587/918
f 636/567/232 1720/1591/919 1719/1590/920 634/565/230
f 1727/1598/921 638/569/118 637/568/117 1725/1596/922
f 1091/962/369 1723/1594/923 1722/1593/924 1089/960/367
f 1730/1601/917 1093/964/365 1092/963/364 1728/1599/918
f 642/573/232 1732/1603/919 1731/1602/920 640/571/230
f 1739/1610/921 644/575/118 643/574/117 1737/1608/922
f 1097/968/369 1735/1606/925 1734/1605/924 1095/966/367
f 1742/1613/917 1099/970/365 1098/969/364 1740/1611/918
f 648/579/232 1744/1615/919 1743/1614/920 646/577/230
f 1751/1622/926 319/264/118 318/263/117 1749/1620/922
f 1103/974/369 1747/1618/923 1746/1617/924 1101/972/367
f 1757/1628/927 656/581/234 655/580/233 1755/1626/928
f 1106/977/374 1753/1624/929 1752/1623/930 1104/975/372
f 1760/1631/931 1108/979/376 1107/978/375 1758/1629/932
f 662/585/129 1762/1633/933 1761/1632/934 660/583/236
f 1769/1640/927 666/587/234 665/586/233 1767/1638/928
f 1112/983/374 1765/1636/929 1764/1635/930 1110/981/372
f 1772/1643/931 1114/985/376 1113/984/375 1770/1641/932
f 672/591/129 1774/1645/933 1773/1644/934 670/589/236
f 1781/1652/927 676/593/234 675/592/233 1779/1650/928
f 1118/989/374 1777/1648/929 1776/1647/930 1116/987/372
f 1784/1655/931 1120/991/378 1119/990/375 1782/1653/932
f 682/597/129 1786/1657/933 1785/1656/934 680/595/236
f 1793/1664/927 686/599/234 685/598/233 1791/1662/928
f 1124/995/374 1789/1660/929 1788/1659/930 1122/993/372
f 1796/1667/931 1126/997/376 1125/996/375 1794/1665/932
f 347/292/129 1798/1669/933 1797/1668/934 345/290/127
f 1802/1673/935 1129/1000/380 1128/999/379 1800/1671/936
f 699/612/250 1804/1675/937 1803/1674/938 697/610/248
f 1811/1682/939 706/619/138 705/618/137 1809/1680/940
f 1133/1004/384 1807/1678/941 1806/1677/942 1131/1002/382
f 1814/1685/935 1135/1006/380 1134/1005/379 1812/1683/936
f 715/628/250 1816/1687/937 1815/1686/938 713/626/256
f 1823/1694/939 722/635/138 721/634/137 1821/1692/940
f 1139/1010/386 1819/1690/941 1818/1689/942 1137/1008/385
f 1826/1697/935 1141/1012/380 1140/1011/379 1824/1695/936
f 731/644/250 1828/1699/937 1827/1698/938 729/642/248
f 1835/1706/939 738/651/138 737/650/137 1833/1704/940
f 1145/1016/386 1831/1702/941 1830/1701/942 1143/1014/385
f 1838/1709/935 1147/1018/380 1146/1017/379 1836/1707/936
f 747/660/250 1840/1711/937 1839/1710/938 745/658/256
f 1847/1718/939 373/318/138 372/317/137 1845/1716/940
f 1151/1022/386 1843/1714/941 1842/1713/942 1149/1020/385
f 1853/1724/943 758/671/267 757/670/266 1851/1722/944
f 1154/1025/390 1849/1720/945 1848/1719/946 1152/1023/388
f 1856/1727/947 1156/1027/392 1155/1026/391 1854/1725/948
f 767/680/153 1858/1729/949 1857/1728/950 765/678/151
f 1865/1736/943 774/687/267 773/686/266 1863/1734/944
f 1160/1031/390 1861/1732/945 1860/1731/946 1158/1029/388
f 1868/1739/947 1162/1033/392 1161/1032/391 1866/1737/948
f 783/696/153 1870/1741/949 1869/1740/950 781/694/151
f 1877/1748/943 790/703/267 789/702/266 1875/1746/944
f 1166/1037/390 1873/1744/951 1872/1743/946 1164/1035/388
f 1880/1751/947 1168/1039/392 1167/1038/391 1878/1749/948
f 799/712/153 1882/1753/949 1881/1752/950 797/710/151
f 1889/1760/943 806/719/267 805/718/274 1887/1758/944
f 1172/1043/394 1885/1756/945 1884/1755/946 1170/1041/388
f 1892/1763/947 1174/1045/392 1173/1044/391 1890/1761/948
f 401/346/153 1894/1765/949 1893/1764/950 399/344/151
f 1898/1769/952 1177/1048/396 1176/1047/395 1896/1767/953
f 820/731/285 1900/1771/954 1899/1770/955 818/729/283
f 1907/1778/956 824/733/162 823/732/286 1905/1776/957
f 1181/1052/400 1903/1774/958 1902/1773/959 1179/1050/398
f 1910/1781/952 1183/1054/401 1182/1053/395 1908/1779/953
f 830/737/285 1912/1783/954 1911/1782/955 828/735/283
f 1919/1790/956 834/739/162 833/738/161 1917/1788/957
f 1187/1058/400 1915/1786/958 1914/1785/959 1185/1056/402
f 1922/1793/952 1189/1060/396 1188/1059/403 1920/1791/953
f 840/743/285 1924/1795/954 1923/1794/955 838/741/283
f 1931/1802/956 844/745/162 843/744/161 1929/1800/957
f 1193/1064/400 1927/1798/958 1926/1797/959 1191/1062/402
f 1934/1805/952 1195/1066/396 1194/1065/395 1932/1803/953
f 850/749/285 1936/1807/954 1935/1806/955 848/747/283
f 1943/1814/956 427/372/162 426/371/161 1941/1812/957
f 1199/1070/400 1939/1810/958 1938/1809/959 1197/1068/402
f 1949/1820/960 858/751/288 857/750/287 1947/1818/961
f 1202/1073/406 1945/1816/962 1944/1815/963 1200/1071/404
f 1952/1823/964 1204/1075/408 1203/1074/407 1950/1821/965
f 867/760/173 1954/1825/966 1953/1824/967 865/758/295
f 1961/1832/960 874/767/288 873/766/287 1959/1830/961
f 1208/1079/411 1957/1828/968 1956/1827/969 1206/1077/410
f 1964/1835/964 1210/1081/408 1209/1080/407 1962/1833/965
f 883/776/173 1966/1837/966 1965/1836/967 881/774/301
f 1973/1844/960 890/783/302 889/782/287 1971/1842/961
f 1214/1085/411 1969/1840/962 1968/1839/963 1212/1083/404
f 1976/1847/964 1216/1087/408 1215/1086/407 1974/1845/965
f 896/787/173 1978/1849/966 1977/1848/967 894/785/295
f 1985/1856/960 900/789/288 899/788/287 1983/1854/961
f 1220/1091/406 1981/1852/962 1980/1851/963 1218/1089/404
f 1988/1859/964 1222/1093/408 1221/1092/407 1986/1857/965
f 455/400/173 1990/1861/966 1989/1860/967 453/398/171
f 1994/1865/970 1225/1096/413 1224/1095/412 1992/1863/971
f 908/797/310 1996/1867/972 1995/1866/973 906/795/308
f 2003/1874/974 910/799/181 909/798/180 2001/1872/975
f 1229/1100/417 1999/1870/976 1998/1869/977 1227/1098/415
f 2006/1877/970 1231/1102/413 1230/1101/412 2004/1875/971
f 914/803/310 2008/1879/972 2007/1878/973 912/801/308
f 2015/1886/978 916/805/181 915/804/180 2013/1884/975
f 1235/1106/417 2011/1882/976 2010/1881/979 1233/1104/415
f 2018/1889/970 1237/1108/413 1236/1107/412 2016/1887/971
f 920/809/311 2020/1891/972 2019/1890/973 918/807/308
f 2027/1898/974 922/811/181 921/810/180 2025/1896/975
f 1241/1112/417 2023/1894/976 2022/1893/977 1239/1110/415
f 2030/1901/970 1243/1114/413 1242/1113/412 2028/1899/971
f 931/820/310 2032/1903/972 2031/1902/973 929/818/308
f 2039/1910/978 481/426/181 480/425/180 2037/1908/975
f 1247/1118/417 2035/1906/976 2034/1905/977 1245/1116/415
f 2045/1916/980 938/827/323 937/826/322 2043/1914/981
f 1250/1121/421 2041/1912/982 2040/1911/983 1248/1119/419
f 2048/1919/984 1252/1123/423 1251/1122/422 2046/1917/985
f 947/836/194 2050/1921/986 2049/1920/987 945/834/192
f 2057/1928/980 949/838/323 948/837/322 2055/1926/981
f 1256/1127/421 2053/1924/982 2052/1923/983 1254/1125/419
f 2060/1931/984 1258/1129/423 1257/1128/422 2058/1929/988
f 953/842/194 2062/1933/986 2061/1932/987 951/840/192
f 2069/1940/980 955/844/323 954/843/322 2067/1938/981
f 1262/1133/421 2065/1936/982 2064/1935/983 1260/1131/419
f 2072/1943/984 1264/1135/423 1263/1134/422 2070/1941/988
f 959/848/194 2074/1945/986 2073/1944/987 957/846/192
f 2081/1952/980 961/850/323 960/849/322 2079/1950/981
f 1268/1139/421 2077/1948/982 2076/1947/983 1266/1137/419
f 2084/1955/984 1270/1141/423 1269/1140/422 2082/1953/985
f 509/454/194 2086/1957/986 2085/1956/987 507/452/192
f 2090/1961/989 1273/1144/426 1272/1143/425 2088/1959/990
f 974/863/344 2092/1963/991 2091/1962/992 972/861/342
f 2099/1970/993 976/865/204 975/864/203 2097/1968/994
f 1277/1148/430 2095/1966/995 2094/1965/996 1275/1146/428
f 2102/1973/989 1279/1150/426 1278/1149/425 2100/1971/990
f 980/869/344 2104/1975/991 2103/1974/992 978/867/342
f 2111/1982/993 982/871/204 981/870/203 2109/1980/994
f 1283/1154/430 2107/1978/995 2106/1977/996 1281/1152/428
f 2114/1985/989 1285/1156/426 1284/1155/425 2112/1983/990
f 986/875/344 2116/1987/991 2115/1986/992 984/873/342
f 2123/1994/993 988/877/204 987/876/203 2121/1992/994
f 1289/1160/430 2119/1990/995 2118/1989/996 1287/1158/428
f 2126/1997/989 1291/1162/426 1290/1161/425 2124/1995/990
f 992/881/344 2128/1999/997 2127/1998/992 990/879/342
f 2135/2006/993 535/480/204 534/479/203 2133/2004/994
f 1295/1166/430 2131/2002/995 2130/2001/996 1293/1164/428
f 2141/2012/998 1000/883/347 999/882/346 2139/2010/999
f 1298/1169/434 2137/2008/1000 2136/2007/1001 1296/1167/432
f 2144/2015/1002 1300/1171/436 1299/1170/435 2142/2013/1003
f 1006/887/350 2146/2017/1004 2145/2016/1005 1004/885/212
f 2153/2024/1006 1010/889/347 1009/888/351 2151/2022/999
f 1304/1175/434 2149/2020/1000 2148/2019/1001 1302/1173/432
f 2156/2027/1002 1306/1177/436 1305/1176/435 2154/2025/1003
f 1016/893/350 2158/2029/1004 2157/2028/1005 1014/891/212
f 2165/2036/998 1020/895/347 1019/894/351 2163/2034/999
f 1310/1181/434 2161/2032/1000 2160/2031/1001 1308/1179/432
f 2168/2039/1002 1312/1183/436 1311/1182/435 2166/2037/1003
f 1026/899/214 2170/2041/1004 2169/2040/1005 1024/897/212
f 2177/2048/998 1030/901/347 1029/900/351 2175/2046/999
f 1316/1187/434 2173/2044/1000 2172/2043/1001 1314/1185/432
f 2180/2051/1002 1318/1189/436 1317/1188/435 2178/2049/1003
f 563/508/214 2182/2053/1004 2181/2052/1005 561/506/212
f 2186/2057/1007 1321/1192/439 1320/1191/438 2184/2055/1008
f 242/187/94 2188/2059/1009 2187/2058/1010 240/185/92
f 1325/1196/443 2191/2062/1011 2190/2061/1012 1323/1194/441
f 2195/2066/1007 1327/1198/439 1326/1197/438 2193/2064/1008
f 248/193/94 2197/2068/1009 2196/2067/1010 246/191/92
f 1331/1202/443 2200/2071/1011 2199/2070/1012 1329/1200/441
f 2204/2075/1007 1333/1204/439 1332/1203/438 2202/2073/1008
f 254/199/94 2206/2077/1009 2205/2076/1010 252/197/92
f 1337/1208/443 2209/2080/1011 2208/2079/1012 1335/1206/441
f 2213/2084/1007 1339/1210/439 1338/1209/438 2211/2082/1008
f 260/205/94 2215/2086/1009 2214/2085/1010 258/203/92
f 1343/1214/443 2218/2089/1011 2217/2088/1012 1341/1212/441
f 2222/2093/1013 1345/1216/445 1344/1215/444 2220/2091/1014
f 2228/2099/1015 556/501/207 555/500/206 2226/2097/1016
f 1349/1220/449 2224/2095/1017 2223/2094/1018 1347/1218/447
f 2231/2102/1013 1351/1222/445 1350/1221/444 2229/2100/1014
f 2237/2108/1015 550/495/207 549/494/206 2235/2106/1019
f 1355/1226/449 2233/2104/1017 2232/2103/1018 1353/1224/447
f 2240/2111/1013 1357/1228/445 1356/1227/444 2238/2109/1014
f 2246/2117/1015 544/489/207 543/488/206 2244/2115/1019
f 1361/1232/449 2242/2113/1017 2241/2112/1018 1359/1230/447
f 2249/2120/1013 1363/1234/445 1362/1233/444 2247/2118/1014
f 2255/2126/1015 538/483/207 537/482/206 2253/2124/1019
f 1367/1238/449 2251/2122/1017 2250/2121/1018 1365/1236/447
f 2258/2129/1020 1369/1240/451 1368/1239/450 2256/2127/1021
f 2264/2135/1022 532/477/199 531/476/202 2262/2133/1023
f 1373/1244/455 2260/2131/1024 2259/2130/1025 1371/1242/453
f 2267/2138/1020 1375/1246/451 1374/1245/450 2265/2136/1021
f 2273/2144/1022 526/471/199 525/470/198 2271/2142/1023
f 1379/1250/455 2269/2140/1024 2268/2139/1025 1377/1248/453
f 2276/2147/1020 1381/1252/451 1380/1251/450 2274/2145/1021
f 2282/2153/1022 520/465/199 519/464/198 2280/2151/1023
f 1385/1256/455 2278/2149/1024 2277/2148/1025 1383/1254/453
f 2285/2156/1020 1387/1258/451 1386/1257/450 2283/2154/1021
f 2291/2162/1022 514/459/199 513/458/198 2289/2160/1023
f 1391/1262/455 2287/2158/1024 2286/2157/1025 1389/1260/453
f 2294/2165/1026 1393/1264/457 1392/1263/456 2292/2163/1027
f 2300/2171/1028 502/447/184 501/446/183 2298/2169/1029
f 1397/1268/461 2296/2167/1030 2295/2166/1031 1395/1266/459
f 2303/2174/1026 1399/1270/457 1398/1269/456 2301/2172/1027
f 2309/2180/1028 496/441/184 495/440/183 2307/2178/1029
f 1403/1274/461 2305/2176/1030 2304/2175/1031 1401/1272/459
f 2312/2183/1026 1405/1276/457 1404/1275/456 2310/2181/1027
f 2318/2189/1028 490/435/184 489/434/183 2316/2187/1029
f 1409/1280/461 2314/2185/1030 2313/2184/1031 1407/1278/459
f 2321/2192/1026 1411/1282/457 1410/1281/456 2319/2190/1027
f 2327/2198/1028 484/429/184 483/428/183 2325/2196/1029
f 1415/1286/461 2323/2194/1030 2322/2193/1031 1413/1284/459
f 2330/2201/1032 1417/1288/463 1416/1287/462 2328/2199/1033
f 2336/2207/1034 478/423/178 477/422/177 2334/2205/1035
f 1421/1292/467 2332/2203/1036 2331/2202/1037 1419/1290/465
f 2339/2210/1032 1423/1294/468 1422/1293/462 2337/2208/1033
f 2345/2216/1034 472/417/178 471/416/177 2343/2214/1035
f 1427/1298/467 2341/2212/1036 2340/2211/1037 1425/1296/465
f 2348/2219/1032 1429/1300/463 1428/1299/462 2346/2217/1033
f 2354/2225/1034 466/411/178 465/410/177 2352/2223/1035
f 1433/1304/469 2350/2221/1036 2349/2220/1037 1431/1302/465
f 2357/2228/1032 1435/1306/463 1434/1305/462 2355/2226/1033
f 2363/2234/1034 460/405/178 459/404/177 2361/2232/1035
f 1439/1310/469 2359/2230/1036 2358/2229/1037 1437/1308/465
f 2366/2237/1038 1441/1312/471 1440/1311/470 2364/2235/1039
f 2372/2243/1040 448/393/165 447/392/164 2370/2241/1041
f 1445/1316/475 2368/2239/1042 2367/2238/1043 1443/1314/473
f 2375/2246/1038 1447/1318/471 1446/1317/470 2373/2244/1039
f 2381/2252/1040 442/387/165 441/386/170 2379/2250/1041
f 1451/1322/475 2377/2248/1042 2376/2247/1043 1449/1320/473
f 2384/2255/1038 1453/1324/471 1452/1323/470 2382/2253/1039
f 2390/2261/1040 436/381/165 435/380/164 2388/2259/1041
f 1457/1328/475 2386/2257/1042 2385/2256/1043 1455/1326/473
f 2393/2264/1038 1459/1330/471 1458/1329/470 2391/2262/1039
f 2399/2270/1040 430/375/165 429/374/164 2397/2268/1041
f 1463/1334/475 2395/2266/1042 2394/2265/1043 1461/1332/473
f 2402/2273/1044 1465/1336/477 1464/1335/476 2400/2271/1045
f 2408/2279/1046 424/369/158 423/368/157 2406/2277/1047
f 1469/1340/481 2404/2275/1048 2403/2274/1049 1467/1338/479
f 2411/2282/1044 1471/1342/477 1470/1341/476 2409/2280/1045
f 2417/2288/1046 418/363/158 417/362/157 2415/2286/1047
f 1475/1346/481 2413/2284/1048 2412/2283/1049 1473/1344/479
f 2420/2291/1044 1477/1348/477 1476/1347/476 2418/2289/1045
f 2426/2297/1046 412/357/158 411/356/157 2424/2295/1047
f 1481/1352/481 2422/2293/1048 2421/2292/1049 1479/1350/479
f 2429/2300/1044 1483/1354/477 1482/1353/476 2427/2298/1045
f 2435/2306/1046 406/351/158 405/350/157 2433/2304/1047
f 1487/1358/481 2431/2302/1048 2430/2301/1049 1485/1356/479
f 2438/2309/1050 1489/1360/483 1488/1359/482 2436/2307/1051
f 2444/2315/1052 394/339/149 393/338/140 2442/2313/1053
f 1493/1364/487 2440/2311/1054 2439/2310/1055 1491/1362/485
f 2447/2318/1050 1495/1366/483 1494/1365/482 2445/2316/1051
f 2453/2324/1052 388/333/148 387/332/140 2451/2322/1053
f 1499/1370/487 2449/2320/1054 2448/2319/1055 1497/1368/485
f 2456/2327/1050 1501/1372/483 1500/1371/482 2454/2325/1051
f 2462/2333/1052 382/327/146 381/326/140 2460/2331/1056
f 1505/1376/487 2458/2329/1054 2457/2328/1055 1503/1374/485
f 2465/2336/1050 1507/1378/483 1506/1377/482 2463/2334/1051
f 2471/2342/1052 376/321/141 375/320/140 2469/2340/1053
f 1511/1382/487 2467/2338/1054 2466/2337/1055 1509/1380/485
f 2474/2345/1057 1513/1384/489 1512/1383/488 2472/2343/1058
f 2480/2351/1059 370/315/134 369/314/133 2478/2349/1060
f 1517/1388/493 2476/2347/1061 2475/2346/1062 1515/1386/491
f 2483/2354/1057 1519/1390/489 1518/1389/488 2481/2352/1058
f 2489/2360/1059 364/309/134 363/308/133 2487/2358/1060
f 1523/1394/493 2485/2356/1061 2484/2355/1062 1521/1392/491
f 2492/2363/1057 1525/1396/489 1524/1395/488 2490/2361/1058
f 2498/2369/1059 358/303/134 357/302/133 2496/2367/1060
f 1529/1400/493 2494/2365/1061 2493/2364/1062 1527/1398/491
f 2501/2372/1057 1531/1402/489 1530/1401/488 2499/2370/1058
f 2507/2378/1059 352/297/134 351/296/133 2505/2376/1060
f 1535/1406/493 2503/2374/1061 2502/2373/1062 1533/1404/491
f 2510/2381/1063 1537/1408/495 1536/1407/494 2508/2379/1064
f 2516/2387/1065 340/285/121 339/284/120 2514/2385/1066
f 1541/1412/499 2512/2383/1067 2511/2382/1068 1539/1410/497
f 2519/2390/1063 1543/1414/495 1542/1413/494 2517/2388/1064
f 2525/2396/1065 334/279/121 333/278/120 2523/2394/1066
f 1547/1418/499 2521/2392/1067 2520/2391/1068 1545/1416/497
f 2528/2399/1063 1549/1420/495 1548/1419/494 2526/2397/1064
f 2534/2405/1065 328/273/121 327/272/120 2532/2403/1066
f 1553/1424/499 2530/2401/1067 2529/2400/1068 1551/1422/497
f 2537/2408/1063 1555/1426/495 1554/1425/494 2535/2406/1064
f 2543/2414/1065 322/267/121 321/266/120 2541/2412/1066
f 1559/1430/499 2539/2410/1067 2538/2409/1068 1557/1428/497
f 2546/2417/1069 1561/1432/501 1560/1431/500 2544/2415/1070
f 2552/2423/1071 316/261/114 315/260/113 2550/2421/1072
f 1565/1436/505 2548/2419/1073 2547/2418/1074 1563/1434/503
f 2555/2426/1069 1567/1438/501 1566/1437/500 2553/2424/1070
f 2561/2432/1071 310/255/114 309/254/113 2559/2430/1072
f 1571/1442/505 2557/2428/1073 2556/2427/1074 1569/1440/506
f 2564/2435/1069 1573/1444/501 1572/1443/500 2562/2433/1070
f 2570/2441/1071 304/249/116 303/248/113 2568/2439/1072
f 1577/1448/505 2566/2437/1073 2565/2436/1074 1575/1446/506
f 2573/2444/1069 1579/1450/501 1578/1449/500 2571/2442/1070
f 2579/2450/1071 298/243/114 297/242/113 2577/2448/1072
f 1583/1454/505 2575/2446/1073 2574/2445/1074 1581/1452/506
f 2582/2453/1075 1585/1456/508 1584/1455/507 2580/2451/1076
f 2588/2459/1077 286/231/102 285/230/101 2586/2457/1078
f 1589/1460/512 2584/2455/1079 2583/2454/1080 1587/1458/510
f 2591/2462/1075 1591/1462/508 1590/1461/507 2589/2460/1076
f 2597/2468/1077 280/225/102 279/224/101 2595/2466/1078
f 1595/1466/512 2593/2464/1079 2592/2463/1080 1593/1464/510
f 2600/2471/1075 1597/1468/508 1596/1467/507 2598/2469/1076
f 2606/2477/1077 274/219/102 273/218/101 2604/2475/1078
f 1601/1472/512 2602/2473/1079 2601/2472/1080 1599/1470/510
f 2609/2480/1075 1603/1474/508 1602/1473/507 2607/2478/1076
f 2615/2486/1077 268/213/102 267/212/101 2613/2484/1078
f 1607/1478/512 2611/2482/1079 2610/2481/1080 1605/1476/510
f 245/190/97 2617/2488/1081 2616/2487/1082 243/188/95
f 251/196/97 2620/2491/1081 2619/2490/1082 249/194/95
f 257/202/97 2623/2494/1081 2622/2493/1082 255/200/95
f 263/208/97 2626/2497/1081 2625/2496/1082 261/206/95
f 2630/2501/1083 271/216/105 270/215/104 2628/2499/1084
f 2633/2504/1083 277/222/105 276/221/104 2631/2502/1084
f 2636/2507/1083 283/228/105 282/227/104 2634/2505/1084
f 2639/2510/1083 289/234/105 288/233/104 2637/2508/1084
f 2642/2513/1085 295/240/111 294/239/110 2640/2511/1086
f 2645/2516/1085 301/246/111 300/245/110 2643/2514/1086
f 2648/2519/1085 307/252/111 306/251/110 2646/2517/1086
f 2651/2522/1085 313/258/111 312/257/110 2649/2520/1086
f 2654/2525/1087 325/270/124 324/269/123 2652/2523/1088
f 2657/2528/1087 331/276/124 330/275/126 2655/2526/1088
f 2660/2531/1087 337/282/124 336/281/123 2658/2529/1088
f 2663/2534/1087 343/288/124 342/287/126 2661/2532/1088
f 2666/2537/1089 349/294/131 348/293/130 2664/2535/1090
f 2669/2540/1089 355/300/131 354/299/130 2667/2538/1090
f 2672/2543/1089 361/306/131 360/305/130 2670/2541/1090
f 2675/2546/1089 367/312/131 366/311/136 2673/2544/1090
f 2678/2549/1091 379/324/144 378/323/143 2676/2547/1092
f 2681/2552/1091 385/330/147 384/329/143 2679/2550/1092
f 2684/2555/1091 391/336/147 390/335/143 2682/2553/1092
f 2687/2558/1091 397/342/147 396/341/143 2685/2556/1092
f 2690/2561/1093 403/348/155 402/347/154 2688/2559/1094
f 2693/2564/1093 409/354/155 408/353/160 2691/2562/1094
f 2696/2567/1093 415/360/155 414/359/154 2694/2565/1094
f 2699/2570/1093 421/366/155 420/365/154 2697/2568/1094
f 2702/2573/1095 433/378/168 432/377/167 2700/2571/1096
f 2705/2576/1097 439/384/168 438/383/167 2703/2574/1096
f 2708/2579/1097 445/390/168 444/389/167 2706/2577/1096
f 2711/2582/1095 451/396/168 450/395/167 2709/2580/1096
f 2714/2585/1098 457/402/175 456/401/174 2712/2583/1099
f 2717/2588/1098 463/408/175 462/407/174 2715/2586/1099
f 2720/2591/1098 469/414/175 468/413/174 2718/2589/1099
f 2723/2594/1098 475/420/175 474/419/174 2721/2592/1099
f 2726/2597/1100 487/432/187 486/431/186 2724/2595/1101
f 2729/2600/1100 493/438/187 492/437/186 2727/2598/1101
f 2732/2603/1100 499/444/187 498/443/186 2730/2601/1101
f 2735/2606/1100 505/450/187 504/449/186 2733/2604/1101
f 2738/2609/1102 511/456/196 510/455/195 2736/2607/1103
f 2741/2612/1104 517/462/196 516/461/195 2739/2610/1103
f 2744/2615/1104 523/468/196 522/467/195 2742/2613/1103
f 2747/2618/1102 529/474/196 528/473/201 2745/2616/1103
f 2750/2621/1105 541/486/210 540/485/209 2748/2619/1106
f 2753/2624/1105 547/492/210 546/491/209 2751/2622/1106
f 2756/2627/1105 553/498/210 552/497/209 2754/2625/1106
f 2759/2630/1105 559/504/210 558/503/209 2757/2628/1106
f 2761/2823/1107 2762/2824/873 2763/2824/873 2760/2823/1107
f 2765/2825/872 2766/2826/1108 2767/2827/1108 2764/2828/872
f 2762/2824/873 2768/2829/876 2769/2829/876 2763/2824/873
f 2771/2830/875 2765/2825/872 2764/2828/872 2770/2831/875
f 2768/2829/876 2773/2632/77 2772/2631/79 2769/2829/876
f 2777/2636/76 2771/2830/875 2770/2831/875 2775/2634/74
f 2773/2632/77 2778/2832/880 2779/2833/880 2774/2633/78
f 2781/2834/879 2777/2636/76 2776/2635/75 2780/2834/879
f 2778/2832/880 2782/2835/882 2783/2835/882 2779/2833/880
f 2785/2836/881 2781/2834/879 2780/2834/879 2784/2837/881
f 2782/2835/882 2786/2838/1109 2787/2838/1109 2783/2835/882
f 2789/2839/1110 2785/2836/881 2784/2837/881 2788/2839/1110
f 2786/2838/1109 2791/2638/83 2790/2637/85 2787/2838/1109
f 2795/2642/82 2789/2839/1110 2788/2839/1110 2793/2640/80
f 2791/2638/83 2796/2840/1111 2797/2840/1111 2792/2639/84
f 2799/2841/1112 2795/2642/82 2794/2641/81 2798/2841/1112
f 2796/2840/1111 2800/2842/1113 2801/2843/1113 2797/2840/1111
f 2803/2844/1114 2799/2841/1112 2798/2841/1112 2802/2845/1114
f 2800/2842/1113 2804/2846/892 2805/2847/892 2801/2843/1113
f 2807/2848/891 2803/2844/1114 2802/2845/1114 2806/2849/891
f 2804/2846/892 2809/2644/89 2808/2643/91 2805/2847/892
f 2813/2648/88 2807/2848/891 2806/2849/891 2811/2646/86
f 2809/2644/89 2761/2823/1107 2760/2823/1107 2810/2645/90
f 2766/2826/1108 2813/2648/88 2812/2647/87 2767/2827/1108
f 2815/2716/1108 2816/2715/872 2817/2850/872 2814/2716/1108
f 2819/2720/873 2820/2851/1107 2821/2851/1107 2818/2720/873
f 2816/2715/872 2822/2852/875 2823/2722/875 2817/2850/872
f 2826/2651/827 2819/2720/873 2818/2720/873 2824/2649/825
f 2822/2852/875 2828/169/829 2827/2652/828 2823/2722/875
f 2832/170/833 2826/2651/827 2825/2650/826 2830/2654/831
f 2828/169/829 2834/2657/835 2833/2656/834 2829/2653/830
f 2838/2661/839 2832/170/833 2831/2655/832 2836/2659/837
f 2834/2657/835 2839/2731/881 2840/2853/881 2835/2658/836
f 2842/2733/882 2838/2661/839 2837/2660/838 2841/2854/882
f 2839/2731/881 2843/2735/1110 2844/2855/1110 2840/2853/881
f 2846/2737/1109 2842/2733/882 2841/2854/882 2845/2856/1109
f 2843/2735/1110 2847/175/1115 2848/175/1115 2844/2855/1110
f 2850/176/1116 2846/2737/1109 2845/2856/1109 2849/176/1116
f 2847/175/1115 2852/2663/841 2851/2662/840 2848/175/1115
f 2856/2667/845 2850/176/1116 2849/176/1116 2854/2665/843
f 2852/2663/841 2857/2743/889 2858/2743/889 2853/2664/842
f 2860/2745/1117 2856/2667/845 2855/2666/844 2859/2745/1117
f 2857/2743/889 2861/2668/846 2863/2670/848 2858/2743/889
f 2866/2673/851 2860/2745/1117 2859/2745/1117 2864/2671/849
f 2861/2668/846 2867/181/1118 2868/181/1118 2862/2669/847
f 2870/182/1119 2866/2673/851 2865/2672/850 2869/182/1119
f 2867/181/1118 2815/2752/1108 2814/2752/1108 2868/181/1118
f 2820/2754/1107 2870/182/1119 2869/182/1119 2821/2754/1107
f 2872/2716/1107 2873/2850/873 2874/2857/873 2871/2858/1107
f 2876/2720/872 2877/2851/1108 2878/2859/1108 2875/2860/872
f 2873/2850/873 2879/2722/876 2880/2861/876 2874/2857/873
f 2883/2675/854 2876/2720/872 2875/2860/872 2881/2674/852
f 2879/2722/876 2884/2676/855 2886/2678/833 2880/2861/876
f 2887/2654/857 2882/2650/853 2881/2674/852 2888/2679/829
f 2885/2677/856 2890/2681/837 2892/2683/839 2886/2678/833
f 2893/2684/834 2889/2680/858 2888/2679/829 2894/2685/835
f 2891/2682/838 2896/2731/882 2897/2853/882 2892/2683/839
f 2899/2854/881 2895/2686/836 2894/2685/835 2898/2854/881
f 2896/2731/882 2900/2855/1109 2901/2862/1109 2897/2853/882
f 2903/2856/1110 2899/2854/881 2898/2854/881 2902/2863/1110
f 2900/2855/1109 2904/175/1116 2905/175/1116 2901/2862/1109
f 2907/176/1115 2903/2856/1110 2902/2863/1110 2906/176/1115
f 2904/175/1116 2908/2662/843 2910/2688/845 2905/175/1116
f 2913/2690/840 2907/176/1115 2906/176/1115 2911/2689/841
f 2909/2687/844 2914/2743/1117 2915/2743/1117 2910/2688/845
f 2917/2745/1120 2912/2666/842 2911/2689/841 2916/2745/1120
f 2914/2743/1117 2918/2691/849 2920/2693/851 2915/2743/1117
f 2921/2671/848 2917/2745/1120 2916/2745/1120 2922/2694/846
f 2919/2692/850 2924/2864/1119 2925/181/1119 2920/2693/851
f 2927/182/1121 2923/2695/847 2922/2694/846 2926/2865/1121
f 2924/2864/1119 2872/2752/1107 2871/2866/1107 2925/181/1119
f 2877/2754/1108 2927/182/1121 2926/2865/1121 2878/2867/1108
f 2890/2681/1122 2833/2656/1122 2835/2658/1123 2891/2682/1123
f 2862/2669/1124 2919/2692/1124 2918/2691/1125 2863/2670/1125
f 2836/2659/1122 2893/2684/1122 2895/2686/1123 2837/2660/1123
f 2923/2695/1124 2865/2672/1124 2864/2671/1125 2921/2671/1125
f 2829/2653/877 2885/2677/877 2884/2676/878 2827/2652/878
f 2853/2664/1126 2909/2687/1126 2908/2662/1127 2851/2662/1127
f 2824/2649/1128 2883/2675/1128 2882/2650/1129 2825/2650/1129
f 2889/2680/877 2831/2655/877 2830/2654/878 2887/2654/878
f 2912/2666/1126 2855/2666/1126 2854/2665/1127 2913/2690/1127
f 2929/2823/1107 2930/2824/873 2931/2868/873 2928/2869/1107
f 2933/2828/872 2934/2827/1108 2935/2870/1108 2932/2871/872
f 2930/2824/873 2936/2829/876 2937/2872/876 2931/2868/873
f 2939/2873/875 2933/2828/872 2932/2871/872 2938/2874/875
f 2936/2829/876 2940/2696/855 2942/2698/833 2937/2872/876
f 2943/2634/857 2939/2873/875 2938/2874/875 2944/2699/829
f 2941/2697/856 2946/2833/880 2947/2875/880 2942/2698/833
f 2949/2834/879 2945/2700/858 2944/2699/829 2948/2876/879
f 2946/2833/880 2950/2835/882 2951/2877/882 2947/2875/880
f 2953/2837/881 2949/2834/879 2948/2876/879 2952/2878/881
f 2950/2835/882 2954/2838/1109 2955/2879/1109 2951/2877/882
f 2957/2839/1110 2953/2837/881 2952/2878/881 2956/2880/1110
f 2954/2838/1109 2958/2701/859 2960/2703/861 2955/2879/1109
f 2961/2704/862 2957/2839/1110 2956/2880/1110 2962/2705/863
f 2959/2702/860 2964/2840/1111 2965/2881/1111 2960/2703/861
f 2967/2841/1112 2963/2706/864 2962/2705/863 2966/2882/1112
f 2964/2840/1111 2968/2843/1117 2969/2883/1117 2965/2881/1111
f 2971/2845/1120 2967/2841/1112 2966/2882/1112 2970/2884/1120
f 2968/2843/1117 2972/2847/892 2973/2885/892 2969/2883/1117
f 2975/2848/891 2971/2845/1120 2970/2884/1120 2974/2886/891
f 2972/2847/892 2976/2707/865 2978/2709/867 2973/2885/892
f 2979/2710/868 2975/2848/891 2974/2886/891 2980/2711/869
f 2977/2708/866 2929/2823/1107 2928/2869/1107 2978/2709/867
f 2934/2827/1108 2981/2712/870 2980/2711/869 2935/2870/1108
f 2774/2633/877 2941/2697/877 2940/2696/878 2772/2631/878
f 2792/2639/885 2959/2702/885 2958/2701/886 2790/2637/886
f 2945/2700/877 2776/2635/877 2775/2634/878 2943/2634/878
f 2810/2645/893 2977/2708/893 2976/2707/894 2808/2643/894
f 2963/2706/885 2794/2641/885 2793/2640/886 2961/2704/886
f 2981/2712/893 2812/2647/893 2811/2646/894 2979/2710/894
f 186/2716/1130 191/2715/1130 2816/2715/1130 2815/2716/1130
f 235/180/893 996/2749/893 567/2887/218 566/2888/217 187/2751/1131
f 187/2713/1132 566/511/217 565/510/216 98/2889/72 190/2714/72
f 236/181/1130 186/2752/1130 2815/2752/1130 2867/181/1130
f 192/2720/1133 189/2719/1133 2820/2851/1133 2819/2720/1133
f 571/516/222 570/515/221 188/2718/1132 193/2717/72 97/164/72
f 993/2807/893 238/183/893 188/2753/1131 570/2890/221 569/2891/220
f 189/2754/1133 237/182/1133 2870/182/1133 2820/2754/1133
f 190/2714/72 98/2889/72 107/2892/73 194/2721/73
f 191/2715/1130 195/2722/1130 2822/2852/1130 2816/2715/1130
f 97/164/72 193/2717/72 197/2723/73 106/165/73
f 196/2724/1133 192/2720/1133 2819/2720/1133 2826/2651/1133
f 194/2721/73 107/2892/73 651/2726/878 198/167/878
f 195/2722/1130 200/169/1130 2828/169/1130 2822/2852/1130
f 106/165/73 197/2723/73 203/172/878 650/2770/878
f 201/170/1133 196/2724/1133 2826/2651/1133 2832/170/1133
f 199/168/877 652/2725/877 115/2893/1134 204/2727/1134
f 200/169/1130 205/2728/1130 2834/2657/1130 2828/169/1130
f 649/2769/877 202/171/877 207/2729/1134 690/603/241 689/602/240
f 206/2661/1133 201/170/1133 2832/170/1133 2838/2661/1133
f 204/2727/1134 115/2893/1134 116/2894/1135 208/2730/1135
f 205/2728/1130 209/2731/1130 2839/2731/1130 2834/2657/1130
f 691/604/242 690/603/241 207/2729/1134 211/2732/1136 751/664/260 750/663/259
f 210/2733/1133 206/2661/1133 2838/2661/1133 2842/2733/1133
f 208/2730/1135 116/2894/1135 815/728/282 814/727/281 212/2734/1137
f 209/2731/1130 213/2735/1130 2843/2735/1130 2839/2731/1130
f 748/661/257 751/664/260 211/2732/1138 215/2736/1137 810/723/277 809/722/276
f 214/2737/1133 210/2733/1133 2842/2733/1133 2846/2737/1133
f 212/2734/1137 814/727/281 813/726/280 853/2739/886 216/173/886
f 213/2735/1130 218/175/1130 2847/175/1130 2843/2735/1130
f 811/724/278 810/723/277 215/2736/1137 221/178/886 852/2800/886
f 219/176/1133 214/2737/1133 2846/2737/1133 2850/176/1133
f 217/174/885 854/2738/885 905/794/307 904/793/306 222/2740/71
f 218/175/1130 223/2663/1130 2852/2663/1130 2847/175/1130
f 851/2799/885 220/177/885 225/2741/71 117/2895/71
f 224/2667/1133 219/176/1133 2850/176/1133 2856/2667/1133
f 222/2740/71 904/793/306 903/792/305 125/2896/69 226/2742/69
f 223/2663/1130 227/2743/1130 2857/2743/1130 2852/2663/1130
f 117/2895/71 225/2741/71 229/2744/69 124/2897/69
f 228/2745/1133 224/2667/1133 2856/2667/1133 2860/2745/1133
f 226/2742/69 125/2896/69 131/2898/70 230/2746/70
f 227/2743/1130 231/2747/1130 2861/2668/1130 2857/2743/1130
f 124/2897/69 229/2744/69 233/2748/70 965/854/335 964/853/334
f 232/2673/1133 228/2745/1133 2860/2745/1133 2866/2673/1133
f 230/2746/70 131/2898/70 995/2750/894 234/179/894
f 231/2747/1130 236/181/1130 2867/181/1130 2861/2668/1130
f 966/855/336 965/854/335 233/2748/70 239/184/894 994/2808/894
f 237/182/1133 232/2673/1133 2866/2673/1133 2870/182/1133
f 1320/1191/438 240/185/92 2187/2058/1010 2184/2055/1008
f 1322/1193/1131 185/2899/1131 1034/905/1131 241/186/1131
f 242/187/94 1033/904/353 1610/1481/899 2188/2059/1009
f 1037/908/357 243/188/95 2616/2487/1082 1615/1486/905
f 244/189/1132 1036/907/1132 141/2900/1132 1586/1457/1132
f 245/190/97 1585/1456/508 2582/2453/1075 2617/2488/1081
f 1326/1197/438 246/191/92 2196/2067/1010 2193/2064/1008
f 1328/1199/1131 184/2901/1131 1040/911/1131 247/192/1131
f 248/193/94 1039/910/353 1622/1493/899 2197/2068/1009
f 1043/914/357 249/194/95 2619/2490/1082 1627/1498/905
f 250/195/1132 1042/913/1132 140/2902/1132 1592/1463/1132
f 251/196/97 1591/1462/508 2591/2462/1075 2620/2491/1081
f 1332/1203/438 252/197/92 2205/2076/1010 2202/2073/1008
f 1334/1205/1131 183/2903/1131 1046/917/1131 253/198/1131
f 254/199/94 1045/916/353 1634/1505/899 2206/2077/1009
f 1049/920/357 255/200/95 2622/2493/1082 1639/1510/905
f 256/201/1132 1048/919/1132 139/2904/1132 1598/1469/1132
f 257/202/97 1597/1468/508 2600/2471/1075 2623/2494/1081
f 1338/1209/438 258/203/92 2214/2085/1010 2211/2082/1008
f 1340/1211/1131 182/2905/1131 1052/923/1131 259/204/1131
f 260/205/94 1051/922/353 1646/1517/899 2215/2086/1009
f 1055/926/357 261/206/95 2625/2496/1082 1651/1522/905
f 262/207/1132 1054/925/1132 138/2906/1132 1604/1475/1132
f 263/208/97 1603/1474/508 2609/2480/1075 2626/2497/1081
f 264/209/98 1053/924/355 1650/1521/906 1653/1524/904
f 1054/925/1132 266/211/1132 1606/1477/1132 138/2906/1132
f 1607/1478/512 265/210/99 1655/1526/903 2611/2482/1079
f 267/212/101 1605/1476/510 2610/2481/1080 2613/2484/1078
f 138/2906/1132 1606/1477/1132 269/214/1132 1057/928/1132
f 1058/929/360 268/213/102 2615/2486/1077 1657/1528/909
f 270/215/104 1060/931/362 1664/1535/911 2628/2499/1084
f 1061/932/1139 272/217/1139 1582/1453/1139 142/2907/1139
f 1583/1454/505 271/216/105 2630/2501/1083 2575/2446/1073
f 273/218/101 1599/1470/510 2601/2472/1080 2604/2475/1078
f 139/2904/1132 1600/1471/1132 275/220/1132 1063/934/1132
f 1064/935/360 274/219/102 2606/2477/1077 1669/1540/909
f 276/221/104 1066/937/362 1676/1547/911 2631/2502/1084
f 1067/938/1139 278/223/1139 1576/1447/1139 143/2908/1139
f 1577/1448/505 277/222/105 2633/2504/1083 2566/2437/1073
f 279/224/101 1593/1464/510 2592/2463/1080 2595/2466/1078
f 140/2902/1132 1594/1465/1132 281/226/1132 1069/940/1132
f 1070/941/360 280/225/102 2597/2468/1077 1681/1552/915
f 282/227/104 1072/943/362 1688/1559/911 2634/2505/1084
f 1073/944/1139 284/229/1139 1570/1441/1139 144/2909/1139
f 1571/1442/505 283/228/105 2636/2507/1083 2557/2428/1073
f 285/230/101 1587/1458/510 2583/2454/1080 2586/2457/1078
f 141/2900/1132 1588/1459/1132 287/232/1132 1075/946/1132
f 1076/947/360 286/231/102 2588/2459/1077 1693/1564/909
f 288/233/104 1078/949/362 1700/1571/911 2637/2508/1084
f 1079/950/1139 290/235/1139 1564/1435/1139 145/2910/1139
f 1565/1436/505 289/234/105 2639/2510/1083 2548/2419/1073
f 1077/948/361 291/236/107 1701/1572/914 1698/1569/912
f 292/237/1139 1079/950/1139 145/2910/1139 1562/1433/1139
f 293/238/109 1561/1432/501 2546/2417/1069 1702/1573/916
f 294/239/110 1081/952/365 1706/1577/917 2640/2511/1086
f 1082/953/1140 296/241/1140 1558/1429/1140 146/2911/1140
f 1559/1430/499 295/240/111 2642/2513/1085 2539/2410/1067
f 297/242/113 1581/1452/506 2574/2445/1074 2577/2448/1072
f 142/2907/1139 1582/1453/1139 299/244/1139 1084/955/1139
f 1085/956/369 298/243/114 2579/2450/1071 1711/1582/923
f 300/245/110 1087/958/371 1718/1589/917 2643/2514/1086
f 1088/959/1140 302/247/1140 1552/1423/1140 147/2912/1140
f 1553/1424/499 301/246/111 2645/2516/1085 2530/2401/1067
f 303/248/113 1575/1446/506 2565/2436/1074 2568/2439/1072
f 143/2908/1139 1576/1447/1139 305/250/1139 1090/961/1139
f 1091/962/369 304/249/116 2570/2441/1071 1723/1594/923
f 306/251/110 1093/964/365 1730/1601/917 2646/2517/1086
f 1094/965/1140 308/253/1140 1546/1417/1140 148/2913/1140
f 1547/1418/499 307/252/111 2648/2519/1085 2521/2392/1067
f 309/254/113 1569/1440/506 2556/2427/1074 2559/2430/1072
f 144/2909/1139 1570/1441/1139 311/256/1139 1096/967/1139
f 1097/968/369 310/255/114 2561/2432/1071 1735/1606/925
f 312/257/110 1099/970/365 1742/1613/917 2649/2520/1086
f 1100/971/1140 314/259/1140 1540/1411/1140 149/2914/1140
f 1541/1412/499 313/258/111 2651/2522/1085 2512/2383/1067
f 315/260/113 1563/1434/503 2547/2418/1074 2550/2421/1072
f 145/2910/1139 1564/1435/1139 317/262/1139 1102/973/1139
f 1103/974/369 316/261/114 2552/2423/1071 1747/1618/923
f 318/263/117 1101/972/367 1746/1617/924 1749/1620/922
f 1562/1433/1139 145/2910/1139 1102/973/1139 320/265/1139
f 1560/1431/500 319/264/118 1751/1622/926 2544/2415/1070
f 321/266/120 1557/1428/497 2538/2409/1068 2541/2412/1066
f 146/2911/1140 1558/1429/1140 323/268/1140 1105/976/1140
f 1106/977/374 322/267/121 2543/2414/1065 1753/1624/929
f 324/269/123 1108/979/376 1760/1631/931 2652/2523/1088
f 1109/980/1141 326/271/1141 1534/1405/1141 150/2915/1141
f 1535/1406/493 325/270/124 2654/2525/1087 2503/2374/1061
f 327/272/120 1551/1422/497 2529/2400/1068 2532/2403/1066
f 147/2912/1140 1552/1423/1140 329/274/1140 1111/982/1140
f 1112/983/374 328/273/121 2534/2405/1065 1765/1636/929
f 330/275/126 1114/985/376 1772/1643/931 2655/2526/1088
f 1115/986/1141 332/277/1141 1528/1399/1141 151/2916/1141
f 1529/1400/493 331/276/124 2657/2528/1087 2494/2365/1061
f 333/278/120 1545/1416/497 2520/2391/1068 2523/2394/1066
f 148/2913/1140 1546/1417/1140 335/280/1140 1117/988/1140
f 1118/989/374 334/279/121 2525/2396/1065 1777/1648/929
f 336/281/123 1120/991/378 1784/1655/931 2658/2529/1088
f 1121/992/1141 338/283/1141 1522/1393/1141 152/2917/1141
f 1523/1394/493 337/282/124 2660/2531/1087 2485/2356/1061
f 339/284/120 1539/1410/497 2511/2382/1068 2514/2385/1066
f 149/2914/1140 1540/1411/1140 341/286/1140 1123/994/1140
f 1124/995/374 340/285/121 2516/2387/1065 1789/1660/929
f 342/287/126 1126/997/376 1796/1667/931 2661/2532/1088
f 1127/998/1141 344/289/1141 1516/1387/1141 153/2918/1141
f 1517/1388/493 343/288/124 2663/2534/1087 2476/2347/1061
f 1125/996/375 345/290/127 1797/1668/934 1794/1665/932
f 346/291/1141 1127/998/1141 153/2918/1141 1514/1385/1141
f 347/292/129 1513/1384/489 2474/2345/1057 1798/1669/933
f 348/293/130 1129/1000/380 1802/1673/935 2664/2535/1090
f 1130/1001/1136 350/295/1136 1510/1381/1136 154/2919/1136
f 1511/1382/487 349/294/131 2666/2537/1089 2467/2338/1054
f 351/296/133 1533/1404/491 2502/2373/1062 2505/2376/1060
f 150/2915/1141 1534/1405/1141 353/298/1141 1132/1003/1141
f 1133/1004/384 352/297/134 2507/2378/1059 1807/1678/941
f 354/299/130 1135/1006/380 1814/1685/935 2667/2538/1090
f 1136/1007/1136 356/301/1136 1504/1375/1136 155/2920/1136
f 1505/1376/487 355/300/131 2669/2540/1089 2458/2329/1054
f 357/302/133 1527/1398/491 2493/2364/1062 2496/2367/1060
f 151/2916/1141 1528/1399/1141 359/304/1141 1138/1009/1141
f 1139/1010/386 358/303/134 2498/2369/1059 1819/1690/941
f 360/305/130 1141/1012/380 1826/1697/935 2670/2541/1090
f 1142/1013/1136 362/307/1136 1498/1369/1136 156/2921/1136
f 1499/1370/487 361/306/131 2672/2543/1089 2449/2320/1054
f 363/308/133 1521/1392/491 2484/2355/1062 2487/2358/1060
f 152/2917/1141 1522/1393/1141 365/310/1141 1144/1015/1141
f 1145/1016/386 364/309/134 2489/2360/1059 1831/1702/941
f 366/311/136 1147/1018/380 1838/1709/935 2673/2544/1090
f 1148/1019/1136 368/313/1136 1492/1363/1136 157/2922/1136
f 1493/1364/487 367/312/131 2675/2546/1089 2440/2311/1054
f 369/314/133 1515/1386/491 2475/2346/1062 2478/2349/1060
f 153/2918/1141 1516/1387/1141 371/316/1141 1150/1021/1141
f 1151/1022/386 370/315/134 2480/2351/1059 1843/1714/941
f 372/317/137 1149/1020/385 1842/1713/942 1845/1716/940
f 1514/1385/1141 153/2918/1141 1150/1021/1141 374/319/1141
f 1512/1383/488 373/318/138 1847/1718/939 2472/2343/1058
f 375/320/140 1509/1380/485 2466/2337/1055 2469/2340/1053
f 154/2919/1136 1510/1381/1136 377/322/1136 1153/1024/1136
f 1154/1025/390 376/321/141 2471/2342/1052 1849/1720/945
f 378/323/143 1156/1027/392 1856/1727/947 2676/2547/1092
f 1157/1028/1138 380/325/1138 1486/1357/1138 158/2923/1138
f 1487/1358/481 379/324/144 2678/2549/1091 2431/2302/1048
f 381/326/140 1503/1374/485 2457/2328/1055 2460/2331/1056
f 155/2920/1136 1504/1375/1136 383/328/1136 1159/1030/1136
f 1160/1031/390 382/327/146 2462/2333/1052 1861/1732/945
f 384/329/143 1162/1033/392 1868/1739/947 2679/2550/1092
f 1163/1034/1138 386/331/1138 1480/1351/1138 159/2924/1138
f 1481/1352/481 385/330/147 2681/2552/1091 2422/2293/1048
f 387/332/140 1497/1368/485 2448/2319/1055 2451/2322/1053
f 156/2921/1136 1498/1369/1136 389/334/1136 1165/1036/1136
f 1166/1037/390 388/333/148 2453/2324/1052 1873/1744/951
f 390/335/143 1168/1039/392 1880/1751/947 2682/2553/1092
f 1169/1040/1138 392/337/1138 1474/1345/1138 160/2925/1138
f 1475/1346/481 391/336/147 2684/2555/1091 2413/2284/1048
f 393/338/140 1491/1362/485 2439/2310/1055 2442/2313/1053
f 157/2922/1136 1492/1363/1136 395/340/1136 1171/1042/1136
f 1172/1043/394 394/339/149 2444/2315/1052 1885/1756/945
f 396/341/143 1174/1045/392 1892/1763/947 2685/2556/1092
f 1175/1046/1138 398/343/1138 1468/1339/1138 161/2926/1138
f 1469/1340/481 397/342/147 2687/2558/1091 2404/2275/1048
f 1173/1044/391 399/344/151 1893/1764/950 1890/1761/948
f 400/345/1138 1175/1046/1138 161/2926/1138 1466/1337/1138
f 401/346/153 1465/1336/477 2402/2273/1044 1894/1765/949
f 402/347/154 1177/1048/396 1898/1769/952 2688/2559/1094
f 1178/1049/1142 404/349/1142 1462/1333/1142 162/2927/1142
f 1463/1334/475 403/348/155 2690/2561/1093 2395/2266/1042
f 405/350/157 1485/1356/479 2430/2301/1049 2433/2304/1047
f 158/2923/1138 1486/1357/1138 407/352/1138 1180/1051/1138
f 1181/1052/400 406/351/158 2435/2306/1046 1903/1774/958
f 408/353/160 1183/1054/401 1910/1781/952 2691/2562/1094
f 1184/1055/1142 410/355/1142 1456/1327/1142 163/2928/1142
f 1457/1328/475 409/354/155 2693/2564/1093 2386/2257/1042
f 411/356/157 1479/1350/479 2421/2292/1049 2424/2295/1047
f 159/2924/1138 1480/1351/1138 413/358/1138 1186/1057/1138
f 1187/1058/400 412/357/158 2426/2297/1046 1915/1786/958
f 414/359/154 1189/1060/396 1922/1793/952 2694/2565/1094
f 1190/1061/1142 416/361/1142 1450/1321/1142 164/2929/1142
f 1451/1322/475 415/360/155 2696/2567/1093 2377/2248/1042
f 417/362/157 1473/1344/479 2412/2283/1049 2415/2286/1047
f 160/2925/1138 1474/1345/1138 419/364/1138 1192/1063/1138
f 1193/1064/400 418/363/158 2417/2288/1046 1927/1798/958
f 420/365/154 1195/1066/396 1934/1805/952 2697/2568/1094
f 1196/1067/1142 422/367/1142 1444/1315/1142 165/2930/1142
f 1445/1316/475 421/366/155 2699/2570/1093 2368/2239/1042
f 423/368/157 1467/1338/479 2403/2274/1049 2406/2277/1047
f 161/2926/1138 1468/1339/1138 425/370/1138 1198/1069/1138
f 1199/1070/400 424/369/158 2408/2279/1046 1939/1810/958
f 426/371/161 1197/1068/402 1938/1809/959 1941/1812/957
f 1466/1337/1138 161/2926/1138 1198/1069/1138 428/373/1138
f 1464/1335/476 427/372/162 1943/1814/956 2400/2271/1045
f 429/374/164 1461/1332/473 2394/2265/1043 2397/2268/1041
f 162/2927/1142 1462/1333/1142 431/376/1142 1201/1072/1142
f 1202/1073/406 430/375/165 2399/2270/1040 1945/1816/962
f 432/377/167 1204/1075/408 1952/1823/964 2700/2571/1096
f 1205/1076/1143 434/379/1143 1438/1309/1143 166/2931/1143
f 1439/1310/469 433/378/168 2702/2573/1095 2359/2230/1036
f 435/380/164 1455/1326/473 2385/2256/1043 2388/2259/1041
f 163/2928/1142 1456/1327/1142 437/382/1142 1207/1078/1142
f 1208/1079/411 436/381/165 2390/2261/1040 1957/1828/968
f 438/383/167 1210/1081/408 1964/1835/964 2703/2574/1096
f 1211/1082/1143 440/385/1143 1432/1303/1143 167/2932/1143
f 1433/1304/469 439/384/168 2705/2576/1097 2350/2221/1036
f 441/386/170 1449/1320/473 2376/2247/1043 2379/2250/1041
f 164/2929/1142 1450/1321/1142 443/388/1142 1213/1084/1142
f 1214/1085/411 442/387/165 2381/2252/1040 1969/1840/962
f 444/389/167 1216/1087/408 1976/1847/964 2706/2577/1096
f 1217/1088/1143 446/391/1143 1426/1297/1143 168/2933/1143
f 1427/1298/467 445/390/168 2708/2579/1097 2341/2212/1036
f 447/392/164 1443/1314/473 2367/2238/1043 2370/2241/1041
f 165/2930/1142 1444/1315/1142 449/394/1142 1219/1090/1142
f 1220/1091/406 448/393/165 2372/2243/1040 1981/1852/962
f 450/395/167 1222/1093/408 1988/1859/964 2709/2580/1096
f 1223/1094/1143 452/397/1143 1420/1291/1143 169/2934/1143
f 1421/1292/467 451/396/168 2711/2582/1095 2332/2203/1036
f 1221/1092/407 453/398/171 1989/1860/967 1986/1857/965
f 454/399/1143 1223/1094/1143 169/2934/1143 1418/1289/1143
f 455/400/173 1417/1288/463 2330/2201/1032 1990/1861/966
f 456/401/174 1225/1096/413 1994/1865/970 2712/2583/1099
f 1226/1097/1144 458/403/1144 1414/1285/1144 170/2935/1144
f 1415/1286/461 457/402/175 2714/2585/1098 2323/2194/1030
f 459/404/177 1437/1308/465 2358/2229/1037 2361/2232/1035
f 166/2931/1143 1438/1309/1143 461/406/1143 1228/1099/1143
f 1229/1100/417 460/405/178 2363/2234/1034 1999/1870/976
f 462/407/174 1231/1102/413 2006/1877/970 2715/2586/1099
f 1232/1103/1144 464/409/1144 1408/1279/1144 171/2936/1144
f 1409/1280/461 463/408/175 2717/2588/1098 2314/2185/1030
f 465/410/177 1431/1302/465 2349/2220/1037 2352/2223/1035
f 167/2932/1143 1432/1303/1143 467/412/1143 1234/1105/1143
f 1235/1106/417 466/411/178 2354/2225/1034 2011/1882/976
f 468/413/174 1237/1108/413 2018/1889/970 2718/2589/1099
f 1238/1109/1144 470/415/1144 1402/1273/1144 172/2937/1144
f 1403/1274/461 469/414/175 2720/2591/1098 2305/2176/1030
f 471/416/177 1425/1296/465 2340/2211/1037 2343/2214/1035
f 168/2933/1143 1426/1297/1143 473/418/1143 1240/1111/1143
f 1241/1112/417 472/417/178 2345/2216/1034 2023/1894/976
f 474/419/174 1243/1114/413 2030/1901/970 2721/2592/1099
f 1244/1115/1144 476/421/1144 1396/1267/1144 173/2938/1144
f 1397/1268/461 475/420/175 2723/2594/1098 2296/2167/1030
f 477/422/177 1419/1290/465 2331/2202/1037 2334/2205/1035
f 169/2934/1143 1420/1291/1143 479/424/1143 1246/1117/1143
f 1247/1118/417 478/423/178 2336/2207/1034 2035/1906/976
f 480/425/180 1245/1116/415 2034/1905/977 2037/1908/975
f 1418/1289/1143 169/2934/1143 1246/1117/1143 482/427/1143
f 1416/1287/462 481/426/181 2039/1910/978 2328/2199/1033
f 483/428/183 1413/1284/459 2322/2193/1031 2325/2196/1029
f 170/2935/1144 1414/1285/1144 485/430/1144 1249/1120/1144
f 1250/1121/421 484/429/184 2327/2198/1028 2041/1912/982
f 486/431/186 1252/1123/423 2048/1919/984 2724/2595/1101
f 1253/1124/1145 488/433/1145 1390/1261/1145 174/2939/1145
f 1391/1262/455 487/432/187 2726/2597/1100 2287/2158/1024
f 489/434/183 1407/1278/459 2313/2184/1031 2316/2187/1029
f 171/2936/1144 1408/1279/1144 491/436/1144 1255/1126/1144
f 1256/1127/421 490/435/184 2318/2189/1028 2053/1924/982
f 492/437/186 1258/1129/423 2060/1931/984 2727/2598/1101
f 1259/1130/1145 494/439/1145 1384/1255/1145 175/2940/1145
f 1385/1256/455 493/438/187 2729/2600/1100 2278/2149/1024
f 495/440/183 1401/1272/459 2304/2175/1031 2307/2178/1029
f 172/2937/1144 1402/1273/1144 497/442/1144 1261/1132/1144
f 1262/1133/421 496/441/184 2309/2180/1028 2065/1936/982
f 498/443/186 1264/1135/423 2072/1943/984 2730/2601/1101
f 1265/1136/1145 500/445/1145 1378/1249/1145 176/2941/1145
f 1379/1250/455 499/444/187 2732/2603/1100 2269/2140/1024
f 501/446/183 1395/1266/459 2295/2166/1031 2298/2169/1029
f 173/2938/1144 1396/1267/1144 503/448/1144 1267/1138/1144
f 1268/1139/421 502/447/184 2300/2171/1028 2077/1948/982
f 504/449/186 1270/1141/423 2084/1955/984 2733/2604/1101
f 1271/1142/1145 506/451/1145 1372/1243/1145 177/2942/1145
f 1373/1244/455 505/450/187 2735/2606/1100 2260/2131/1024
f 1269/1140/422 507/452/192 2085/1956/987 2082/1953/985
f 508/453/1145 1271/1142/1145 177/2942/1145 1370/1241/1145
f 509/454/194 1369/1240/451 2258/2129/1020 2086/1957/986
f 510/455/195 1273/1144/426 2090/1961/989 2736/2607/1103
f 1274/1145/1146 512/457/1146 1366/1237/1146 178/2943/1146
f 1367/1238/449 511/456/196 2738/2609/1102 2251/2122/1017
f 513/458/198 1389/1260/453 2286/2157/1025 2289/2160/1023
f 174/2939/1145 1390/1261/1145 515/460/1145 1276/1147/1145
f 1277/1148/430 514/459/199 2291/2162/1022 2095/1966/995
f 516/461/195 1279/1150/426 2102/1973/989 2739/2610/1103
f 1280/1151/1146 518/463/1146 1360/1231/1146 179/2944/1146
f 1361/1232/449 517/462/196 2741/2612/1104 2242/2113/1017
f 519/464/198 1383/1254/453 2277/2148/1025 2280/2151/1023
f 175/2940/1145 1384/1255/1145 521/466/1145 1282/1153/1145
f 1283/1154/430 520/465/199 2282/2153/1022 2107/1978/995
f 522/467/195 1285/1156/426 2114/1985/989 2742/2613/1103
f 1286/1157/1146 524/469/1146 1354/1225/1146 180/2945/1146
f 1355/1226/449 523/468/196 2744/2615/1104 2233/2104/1017
f 525/470/198 1377/1248/453 2268/2139/1025 2271/2142/1023
f 176/2941/1145 1378/1249/1145 527/472/1145 1288/1159/1145
f 1289/1160/430 526/471/199 2273/2144/1022 2119/1990/995
f 528/473/201 1291/1162/426 2126/1997/989 2745/2616/1103
f 1292/1163/1146 530/475/1146 1348/1219/1146 181/2946/1146
f 1349/1220/449 529/474/196 2747/2618/1102 2224/2095/1017
f 531/476/202 1371/1242/453 2259/2130/1025 2262/2133/1023
f 177/2942/1145 1372/1243/1145 533/478/1145 1294/1165/1145
f 1295/1166/430 532/477/199 2264/2135/1022 2131/2002/995
f 534/479/203 1293/1164/428 2130/2001/996 2133/2004/994
f 1370/1241/1145 177/2942/1145 1294/1165/1145 536/481/1145
f 1368/1239/450 535/480/204 2135/2006/993 2256/2127/1021
f 537/482/206 1365/1236/447 2250/2121/1018 2253/2124/1019
f 178/2943/1146 1366/1237/1146 539/484/1146 1297/1168/1146
f 1298/1169/434 538/483/207 2255/2126/1015 2137/2008/1000
f 540/485/209 1300/1171/436 2144/2015/1002 2748/2619/1106
f 1301/1172/1131 542/487/1131 1342/1213/1131 182/2905/1131
f 1343/1214/443 541/486/210 2750/2621/1105 2218/2089/1011
f 543/488/206 1359/1230/447 2241/2112/1018 2244/2115/1019
f 179/2944/1146 1360/1231/1146 545/490/1146 1303/1174/1146
f 1304/1175/434 544/489/207 2246/2117/1015 2149/2020/1000
f 546/491/209 1306/1177/436 2156/2027/1002 2751/2622/1106
f 1307/1178/1131 548/493/1131 1336/1207/1131 183/2903/1131
f 1337/1208/443 547/492/210 2753/2624/1105 2209/2080/1011
f 549/494/206 1353/1224/447 2232/2103/1018 2235/2106/1019
f 180/2945/1146 1354/1225/1146 551/496/1146 1309/1180/1146
f 1310/1181/434 550/495/207 2237/2108/1015 2161/2032/1000
f 552/497/209 1312/1183/436 2168/2039/1002 2754/2625/1106
f 1313/1184/1131 554/499/1131 1330/1201/1131 184/2901/1131
f 1331/1202/443 553/498/210 2756/2627/1105 2200/2071/1011
f 555/500/206 1347/1218/447 2223/2094/1018 2226/2097/1016
f 181/2946/1146 1348/1219/1146 557/502/1146 1315/1186/1146
f 1316/1187/434 556/501/207 2228/2099/1015 2173/2044/1000
f 558/503/209 1318/1189/436 2180/2051/1002 2757/2628/1106
f 1319/1190/1131 560/505/1131 1324/1195/1131 185/2899/1131
f 1325/1196/443 559/504/210 2759/2630/1105 2191/2062/1011
f 1317/1188/435 561/506/212 2181/2052/1005 2178/2049/1003
f 562/507/1131 1319/1190/1131 185/2899/1131 1322/1193/1131
f 563/508/214 1321/1192/439 2186/2057/1007 2182/2053/1004
f 2189/2060/1131 1609/1480/1131 1613/1484/1131 572/2947/895 564/2948/215
f 565/510/216 573/2756/896 105/151/72 98/2889/72
f 2183/2054/1131 2185/2056/1131 2189/2060/1131 564/2948/215 567/2887/218 996/2749/893
f 2614/2485/1132 2612/2483/1132 1654/1525/1132 568/513/219 571/516/222 97/164/72
f 1654/1525/1132 1652/1523/1132 2627/2498/1132 603/2768/896 568/513/219
f 997/2809/893 993/2807/893 569/2891/220 602/2949/895
f 1618/1489/1132 1616/1487/1132 2618/2489/1132 573/2756/896 578/2758/896
f 1027/2821/893 1022/2819/893 577/2950/895 572/2947/895
f 1613/1484/1131 2192/2063/1131 2758/2629/1131 1027/2821/893 572/2947/895
f 2618/2489/1132 2581/2452/1132 1696/1567/1132 105/151/72 573/2756/896
f 1032/903/352 574/517/223 1611/1482/902 1608/1479/900
f 185/2899/1131 1324/1195/1131 575/518/1131 1034/905/1131
f 576/519/225 1323/1194/441 2190/2061/1012 1612/1483/901
f 2198/2069/1131 1621/1492/1131 1625/1496/1131 582/2951/895 577/2950/895
f 578/2758/896 583/2760/896 103/155/72 104/152/72
f 2171/2042/1131 2194/2065/1131 2198/2069/1131 577/2950/895 1022/2819/893
f 2587/2458/1132 2585/2456/1132 1618/1489/1132 578/2758/896 104/152/72
f 579/520/98 1035/906/355 1614/1485/906 1617/1488/904
f 1036/907/1132 581/522/1132 1588/1459/1132 141/2900/1132
f 1589/1460/512 580/521/99 1619/1490/903 2584/2455/1079
f 1630/1501/1132 1628/1499/1132 2621/2492/1132 583/2760/896 588/2762/896
f 1017/2817/893 1012/2815/893 587/2952/895 582/2951/895
f 1625/1496/1131 2201/2072/1131 2755/2626/1131 1017/2817/893 582/2951/895
f 2621/2492/1132 2590/2461/1132 1684/1555/1132 103/155/72 583/2760/896
f 1038/909/352 584/523/223 1623/1494/902 1620/1491/900
f 184/2901/1131 1330/1201/1131 585/524/1131 1040/911/1131
f 586/525/225 1329/1200/441 2199/2070/1012 1624/1495/901
f 2207/2078/1131 1633/1504/1131 1637/1508/1131 592/2953/895 587/2952/895
f 588/2762/896 593/2764/896 101/159/72 102/156/72
f 2159/2030/1131 2203/2074/1131 2207/2078/1131 587/2952/895 1012/2815/893
f 2596/2467/1132 2594/2465/1132 1630/1501/1132 588/2762/896 102/156/72
f 589/526/98 1041/912/355 1626/1497/906 1629/1500/904
f 1042/913/1132 591/528/1132 1594/1465/1132 140/2902/1132
f 1595/1466/512 590/527/99 1631/1502/903 2593/2464/1079
f 1642/1513/1132 1640/1511/1132 2624/2495/1132 593/2764/896 598/2766/896
f 1007/2813/893 1002/2811/893 597/2954/895 592/2953/895
f 1637/1508/1131 2210/2081/1131 2752/2623/1131 1007/2813/893 592/2953/895
f 2624/2495/1132 2599/2470/1132 1672/1543/1132 101/159/72 593/2764/896
f 1044/915/352 594/529/223 1635/1506/902 1632/1503/900
f 183/2903/1131 1336/1207/1131 595/530/1131 1046/917/1131
f 596/531/225 1335/1206/441 2208/2079/1012 1636/1507/901
f 2216/2087/1131 1645/1516/1131 1649/1520/1131 602/2949/895 597/2954/895
f 598/2766/896 603/2768/896 99/163/72 100/160/72
f 2147/2018/1131 2212/2083/1131 2216/2087/1131 597/2954/895 1002/2811/893
f 2605/2476/1132 2603/2474/1132 1642/1513/1132 598/2766/896 100/160/72
f 599/532/98 1047/918/355 1638/1509/906 1641/1512/904
f 1048/919/1132 601/534/1132 1600/1471/1132 139/2904/1132
f 1601/1472/512 600/533/99 1643/1514/903 2602/2473/1079
f 1649/1520/1131 2219/2090/1131 2749/2620/1131 997/2809/893 602/2949/895
f 2627/2498/1132 2608/2479/1132 1660/1531/1132 99/163/72 603/2768/896
f 1050/921/352 604/535/223 1647/1518/902 1644/1515/900
f 182/2905/1131 1342/1213/1131 605/536/1131 1052/923/1131
f 606/537/225 1341/1212/441 2217/2088/1012 1648/1519/901
f 607/538/226 1056/927/358 1656/1527/910 1659/1530/908
f 1604/1475/1132 138/2906/1132 1057/928/1132 609/540/1132
f 1602/1473/507 608/539/227 1661/1532/907 2607/2478/1076
f 1059/930/361 610/541/107 1665/1536/914 1662/1533/912
f 611/542/1139 1061/932/1139 142/2907/1139 1580/1451/1139
f 612/543/109 1579/1450/501 2573/2444/1069 1666/1537/913
f 613/544/226 1062/933/358 1668/1539/910 1671/1542/908
f 1598/1469/1132 139/2904/1132 1063/934/1132 615/546/1132
f 1596/1467/507 614/545/227 1673/1544/907 2598/2469/1076
f 1065/936/361 616/547/107 1677/1548/914 1674/1545/912
f 617/548/1139 1067/938/1139 143/2908/1139 1574/1445/1139
f 618/549/109 1573/1444/501 2564/2435/1069 1678/1549/913
f 619/550/226 1068/939/358 1680/1551/910 1683/1554/908
f 1592/1463/1132 140/2902/1132 1069/940/1132 621/552/1132
f 1590/1461/507 620/551/227 1685/1556/907 2589/2460/1076
f 1071/942/361 622/553/107 1689/1560/914 1686/1557/912
f 623/554/1139 1073/944/1139 144/2909/1139 1568/1439/1139
f 624/555/109 1567/1438/501 2555/2426/1069 1690/1561/913
f 625/556/226 1074/945/358 1692/1563/910 1695/1566/908
f 1586/1457/1132 141/2900/1132 1075/946/1132 627/558/1132
f 1584/1455/507 626/557/227 1697/1568/907 2580/2451/1076
f 1080/951/364 628/559/230 1707/1578/920 1704/1575/918
f 629/560/1140 1082/953/1140 146/2911/1140 1556/1427/1140
f 630/561/232 1555/1426/495 2537/2408/1063 1708/1579/919
f 631/562/117 1083/954/367 1710/1581/924 1713/1584/922
f 1580/1451/1139 142/2907/1139 1084/955/1139 633/564/1139
f 1578/1449/500 632/563/118 1715/1586/921 2571/2442/1070
f 1086/957/370 634/565/230 1719/1590/920 1716/1587/918
f 635/566/1140 1088/959/1140 147/2912/1140 1550/1421/1140
f 636/567/232 1549/1420/495 2528/2399/1063 1720/1591/919
f 637/568/117 1089/960/367 1722/1593/924 1725/1596/922
f 1574/1445/1139 143/2908/1139 1090/961/1139 639/570/1139
f 1572/1443/500 638/569/118 1727/1598/921 2562/2433/1070
f 1092/963/364 640/571/230 1731/1602/920 1728/1599/918
f 641/572/1140 1094/965/1140 148/2913/1140 1544/1415/1140
f 642/573/232 1543/1414/495 2519/2390/1063 1732/1603/919
f 643/574/117 1095/966/367 1734/1605/924 1737/1608/922
f 1568/1439/1139 144/2909/1139 1096/967/1139 645/576/1139
f 1566/1437/500 644/575/118 1739/1610/921 2553/2424/1070
f 1098/969/364 646/577/230 1743/1614/920 1740/1611/918
f 647/578/1140 1100/971/1140 149/2914/1140 1538/1409/1140
f 648/579/232 1537/1408/495 2510/2381/1063 1744/1615/919
f 1756/1627/1140 1754/1625/1140 2542/2413/1140 650/2770/878 654/2772/878
f 653/2771/877 649/2769/877 689/602/240 692/605/243
f 2542/2413/1140 2540/2411/1140 2641/2512/1140 106/165/73 650/2770/878
f 2662/2533/1141 1795/1666/1141 1799/1670/1141 652/2725/877 683/2783/877
f 107/2892/73 114/154/73 684/2784/878 651/2726/878
f 1799/1670/1141 2473/2344/1141 1846/1717/1141 115/2893/1134 652/2725/877
f 2653/2524/1141 1759/1630/1141 1763/1634/1141 658/2773/877 653/2771/877
f 109/161/73 108/166/73 654/2772/878 659/2774/878
f 2506/2377/1141 2504/2375/1141 2653/2524/1141 653/2771/877 692/605/243 696/609/247
f 1709/1580/1140 2536/2407/1140 1756/1627/1140 654/2772/878 108/166/73
f 655/580/233 1104/975/372 1752/1623/930 1755/1626/928
f 1556/1427/1140 146/2911/1140 1105/976/1140 657/582/1140
f 1554/1425/494 656/581/234 1757/1628/927 2535/2406/1064
f 1768/1639/1140 1766/1637/1140 2533/2404/1140 659/2774/878 664/2776/878
f 663/2775/877 658/2773/877 701/614/252 708/621/243
f 1763/1634/1141 2500/2371/1141 1810/1681/1141 702/615/253 701/614/252 658/2773/877
f 2533/2404/1140 2531/2402/1140 2644/2515/1140 109/161/73 659/2774/878
f 1107/978/375 660/583/236 1761/1632/934 1758/1629/932
f 661/584/1141 1109/980/1141 150/2915/1141 1532/1403/1141
f 662/585/129 1531/1402/489 2501/2372/1057 1762/1633/933
f 2656/2527/1141 1771/1642/1141 1775/1646/1141 668/2777/877 663/2775/877
f 111/157/73 110/162/73 664/2776/878 669/2778/878
f 2497/2368/1141 2495/2366/1141 2656/2527/1141 663/2775/877 708/621/243 712/625/247
f 1721/1592/1140 2527/2398/1140 1768/1639/1140 664/2776/878 110/162/73
f 665/586/233 1110/981/372 1764/1635/930 1767/1638/928
f 1550/1421/1140 147/2912/1140 1111/982/1140 667/588/1140
f 1548/1419/494 666/587/234 1769/1640/927 2526/2397/1064
f 1780/1651/1140 1778/1649/1140 2524/2395/1140 669/2778/878 674/2780/878
f 673/2779/877 668/2777/877 717/630/252 724/637/243
f 1775/1646/1141 2491/2362/1141 1822/1693/1141 718/631/253 717/630/252 668/2777/877
f 2524/2395/1140 2522/2393/1140 2647/2518/1140 111/157/73 669/2778/878
f 1113/984/375 670/589/236 1773/1644/934 1770/1641/932
f 671/590/1141 1115/986/1141 151/2916/1141 1526/1397/1141
f 672/591/129 1525/1396/489 2492/2363/1057 1774/1645/933
f 2659/2530/1141 1783/1654/1141 1787/1658/1141 678/2781/877 673/2779/877
f 113/153/73 112/158/73 674/2780/878 679/2782/878
f 2488/2359/1141 2486/2357/1141 2659/2530/1141 673/2779/877 724/637/243 728/641/247
f 1733/1604/1140 2518/2389/1140 1780/1651/1140 674/2780/878 112/158/73
f 675/592/233 1116/987/372 1776/1647/930 1779/1650/928
f 1544/1415/1140 148/2913/1140 1117/988/1140 677/594/1140
f 1542/1413/494 676/593/234 1781/1652/927 2517/2388/1064
f 1792/1663/1140 1790/1661/1140 2515/2386/1140 679/2782/878 684/2784/878
f 683/2783/877 678/2781/877 733/646/252 740/653/243
f 1787/1658/1141 2482/2353/1141 1834/1705/1141 734/647/253 733/646/252 678/2781/877
f 2515/2386/1140 2513/2384/1140 2650/2521/1140 113/153/73 679/2782/878
f 1119/990/375 680/595/236 1785/1656/934 1782/1653/932
f 681/596/1141 1121/992/1141 152/2917/1141 1520/1391/1141
f 682/597/129 1519/1390/489 2483/2354/1057 1786/1657/933
f 2479/2350/1141 2477/2348/1141 2662/2533/1141 683/2783/877 740/653/243 744/657/247
f 1745/1616/1140 2509/2380/1140 1792/1663/1140 684/2784/878 114/154/73
f 685/598/233 1122/993/372 1788/1659/930 1791/1662/928
f 1538/1409/1140 149/2914/1140 1123/994/1140 687/600/1140
f 1536/1407/494 686/599/234 1793/1664/927 2508/2379/1064
f 2470/2341/1136 2468/2339/1136 2665/2536/1136 688/601/239 691/604/242 750/663/259 749/662/258
f 2665/2536/1136 1801/1672/1136 1805/1676/1136 693/606/244 688/601/239
f 1810/1681/1141 1808/1679/1141 2506/2377/1141 696/609/247 695/608/246 703/616/254 702/615/253
f 704/617/255 703/616/254 695/608/246 694/607/245 756/669/265 755/668/264 763/676/272 762/675/271
f 1805/1676/1136 2464/2335/1136 1852/1723/1136 752/665/261 756/669/265 694/607/245 693/606/244
f 1128/999/379 697/610/248 1803/1674/938 1800/1671/936
f 698/611/1136 1130/1001/1136 154/2919/1136 1508/1379/1136
f 699/612/250 1507/1378/483 2465/2336/1050 1804/1675/937
f 2668/2539/1136 1813/1684/1136 1817/1688/1136 709/622/244 700/613/251
f 2461/2332/1136 2459/2330/1136 2668/2539/1136 700/613/251 704/617/255 762/675/271 761/674/270
f 705/618/137 1131/1002/382 1806/1677/942 1809/1680/940
f 1532/1403/1141 150/2915/1141 1132/1003/1141 707/620/1141
f 1530/1401/488 706/619/138 1811/1682/939 2499/2370/1058
f 1822/1693/1141 1820/1691/1141 2497/2368/1141 712/625/247 711/624/246 719/632/254 718/631/253
f 720/633/255 719/632/254 711/624/246 710/623/245 772/685/265 771/684/264 779/692/272 778/691/271
f 1817/1688/1136 2455/2326/1136 1864/1735/1136 768/681/261 772/685/265 710/623/245 709/622/244
f 1134/1005/379 713/626/256 1815/1686/938 1812/1683/936
f 714/627/1136 1136/1007/1136 155/2920/1136 1502/1373/1136
f 715/628/250 1501/1372/483 2456/2327/1050 1816/1687/937
f 2671/2542/1136 1825/1696/1136 1829/1700/1136 725/638/244 716/629/251
f 2452/2323/1136 2450/2321/1136 2671/2542/1136 716/629/251 720/633/255 778/691/271 777/690/270
f 721/634/137 1137/1008/385 1818/1689/942 1821/1692/940
f 1526/1397/1141 151/2916/1141 1138/1009/1141 723/636/1141
f 1524/1395/488 722/635/138 1823/1694/939 2490/2361/1058
f 1834/1705/1141 1832/1703/1141 2488/2359/1141 728/641/247 727/640/246 735/648/254 734/647/253
f 736/649/255 735/648/254 727/640/246 726/639/245 788/701/265 787/700/264 795/708/272 794/707/271
f 1829/1700/1136 2446/2317/1136 1876/1747/1136 784/697/261 788/701/265 726/639/245 725/638/244
f 1140/1011/379 729/642/248 1827/1698/938 1824/1695/936
f 730/643/1136 1142/1013/1136 156/2921/1136 1496/1367/1136
f 731/644/250 1495/1366/483 2447/2318/1050 1828/1699/937
f 2674/2545/1136 1837/1708/1136 1841/1712/1136 741/654/244 732/645/251
f 2443/2314/1136 2441/2312/1136 2674/2545/1136 732/645/251 736/649/255 794/707/271 793/706/270
f 737/650/137 1143/1014/385 1830/1701/942 1833/1704/940
f 1520/1391/1141 152/2917/1141 1144/1015/1141 739/652/1141
f 1518/1389/488 738/651/138 1835/1706/939 2481/2352/1058
f 1846/1717/1141 1844/1715/1141 2479/2350/1141 744/657/247 743/656/246 115/2893/1134
f 115/2893/1134 743/656/246 742/655/245 804/717/265 803/716/264 116/2894/1135
f 1841/1712/1136 2437/2308/1136 1888/1759/1136 800/713/261 804/717/265 742/655/245 741/654/244
f 1146/1017/379 745/658/256 1839/1710/938 1836/1707/936
f 746/659/1136 1148/1019/1136 157/2922/1136 1490/1361/1136
f 747/660/250 1489/1360/483 2438/2309/1050 1840/1711/937
f 1852/1723/1136 1850/1721/1136 2470/2341/1136 749/662/258 752/665/261
f 753/666/262 748/661/257 809/722/276 817/2786/898
f 2677/2548/1138 1855/1726/1138 1859/1730/1138 764/677/273 763/676/272 755/668/264 754/667/263
f 2434/2305/1138 2432/2303/1138 2677/2548/1138 754/667/263 753/666/262 817/2786/898
f 757/670/266 1152/1023/388 1848/1719/946 1851/1722/944
f 1508/1379/1136 154/2919/1136 1153/1024/1136 759/672/1136
f 1506/1377/482 758/671/267 1853/1724/943 2463/2334/1051
f 1864/1735/1136 1862/1733/1136 2461/2332/1136 761/674/270 768/681/261
f 769/682/262 760/673/269 822/2788/898 827/2790/898
f 1859/1730/1138 2428/2299/1138 1906/1777/1138 822/2788/898 760/673/269 764/677/273
f 1155/1026/391 765/678/151 1857/1728/950 1854/1725/948
f 766/679/1138 1157/1028/1138 158/2923/1138 1484/1355/1138
f 767/680/153 1483/1354/477 2429/2300/1044 1858/1729/949
f 2680/2551/1138 1867/1738/1138 1871/1742/1138 780/693/273 779/692/272 771/684/264 770/683/263
f 2425/2296/1138 2423/2294/1138 2680/2551/1138 770/683/263 769/682/262 827/2790/898
f 773/686/266 1158/1029/388 1860/1731/946 1863/1734/944
f 1502/1373/1136 155/2920/1136 1159/1030/1136 775/688/1136
f 1500/1371/482 774/687/267 1865/1736/943 2454/2325/1051
f 1876/1747/1136 1874/1745/1136 2452/2323/1136 777/690/270 784/697/261
f 785/698/262 776/689/269 832/2792/898 837/2794/898
f 1871/1742/1138 2419/2290/1138 1918/1789/1138 832/2792/898 776/689/269 780/693/273
f 1161/1032/391 781/694/151 1869/1740/950 1866/1737/948
f 782/695/1138 1163/1034/1138 159/2924/1138 1478/1349/1138
f 783/696/153 1477/1348/477 2420/2291/1044 1870/1741/949
f 2683/2554/1138 1879/1750/1138 1883/1754/1138 796/709/273 795/708/272 787/700/264 786/699/263
f 2416/2287/1138 2414/2285/1138 2683/2554/1138 786/699/263 785/698/262 837/2794/898
f 789/702/266 1164/1035/388 1872/1743/946 1875/1746/944
f 1496/1367/1136 156/2921/1136 1165/1036/1136 791/704/1136
f 1494/1365/482 790/703/267 1877/1748/943 2445/2316/1051
f 1888/1759/1136 1886/1757/1136 2443/2314/1136 793/706/270 800/713/261
f 801/714/262 792/705/269 842/2796/898 847/2798/898
f 1883/1754/1138 2410/2281/1138 1930/1801/1138 842/2796/898 792/705/269 796/709/273
f 1167/1038/391 797/710/151 1881/1752/950 1878/1749/948
f 798/711/1138 1169/1040/1138 160/2925/1138 1472/1343/1138
f 799/712/153 1471/1342/477 2411/2282/1044 1882/1753/949
f 2686/2557/1138 1891/1762/1138 1895/1766/1138 116/2894/1135 803/716/264 802/715/263
f 2407/2278/1138 2405/2276/1138 2686/2557/1138 802/715/263 801/714/262 847/2798/898
f 805/718/274 1170/1041/388 1884/1755/946 1887/1758/944
f 1490/1361/1136 157/2922/1136 1171/1042/1136 807/720/1136
f 1488/1359/482 806/719/267 1889/1760/943 2436/2307/1051
f 2398/2269/1142 2396/2267/1142 2689/2560/1142 808/721/275 811/724/278 852/2800/886
f 2689/2560/1142 1897/1768/1142 1901/1772/1142 816/2785/897 808/721/275
f 813/726/280 846/2797/897 898/2806/886 853/2739/886
f 1895/1766/1138 2401/2272/1138 1942/1813/1138 812/725/279 815/728/282 116/2894/1135
f 1942/1813/1138 1940/1811/1138 2407/2278/1138 847/2798/898 812/725/279
f 1906/1777/1138 1904/1775/1138 2434/2305/1138 817/2786/898 822/2788/898
f 821/2787/897 816/2785/897 856/2802/886 860/753/290
f 1901/1772/1142 2392/2263/1142 1948/1819/1142 856/2802/886 816/2785/897
f 1176/1047/395 818/729/283 1899/1770/955 1896/1767/953
f 819/730/1142 1178/1049/1142 162/2927/1142 1460/1331/1142
f 820/731/285 1459/1330/471 2393/2264/1038 1900/1771/954
f 2692/2563/1142 1909/1780/1142 1913/1784/1142 826/2789/897 821/2787/897
f 2389/2260/1142 2387/2258/1142 2692/2563/1142 821/2787/897 860/753/290 864/757/294
f 823/732/286 1179/1050/398 1902/1773/959 1905/1776/957
f 1484/1355/1138 158/2923/1138 1180/1051/1138 825/734/1138
f 1482/1353/476 824/733/162 1907/1778/956 2427/2298/1045
f 1918/1789/1138 1916/1787/1138 2425/2296/1138 827/2790/898 832/2792/898
f 831/2791/897 826/2789/897 869/762/297 876/769/290
f 1913/1784/1142 2383/2254/1142 1960/1831/1142 870/763/298 869/762/297 826/2789/897
f 1182/1053/395 828/735/283 1911/1782/955 1908/1779/953
f 829/736/1142 1184/1055/1142 163/2928/1142 1454/1325/1142
f 830/737/285 1453/1324/471 2384/2255/1038 1912/1783/954
f 2695/2566/1142 1921/1792/1142 1925/1796/1142 836/2793/897 831/2791/897
f 2380/2251/1142 2378/2249/1142 2695/2566/1142 831/2791/897 876/769/290 880/773/294
f 833/738/161 1185/1056/402 1914/1785/959 1917/1788/957
f 1478/1349/1138 159/2924/1138 1186/1057/1138 835/740/1138
f 1476/1347/476 834/739/162 1919/1790/956 2418/2289/1045
f 1930/1801/1138 1928/1799/1138 2416/2287/1138 837/2794/898 842/2796/898
f 841/2795/897 836/2793/897 885/778/297 893/2804/886
f 1925/1796/1142 2374/2245/1142 1972/1843/1142 886/779/298 885/778/297 836/2793/897
f 1188/1059/403 838/741/283 1923/1794/955 1920/1791/953
f 839/742/1142 1190/1061/1142 164/2929/1142 1448/1319/1142
f 840/743/285 1447/1318/471 2375/2246/1038 1924/1795/954
f 2698/2569/1142 1933/1804/1142 1937/1808/1142 846/2797/897 841/2795/897
f 2371/2242/1142 2369/2240/1142 2698/2569/1142 841/2795/897 893/2804/886
f 843/744/161 1191/1062/402 1926/1797/959 1929/1800/957
f 1472/1343/1138 160/2925/1138 1192/1063/1138 845/746/1138
f 1470/1341/476 844/745/162 1931/1802/956 2409/2280/1045
f 1937/1808/1142 2365/2236/1142 1984/1855/1142 898/2806/886 846/2797/897
f 1194/1065/395 848/747/283 1935/1806/955 1932/1803/953
f 849/748/1142 1196/1067/1142 165/2930/1142 1442/1313/1142
f 850/749/285 1441/1312/471 2366/2237/1038 1936/1807/954
f 1948/1819/1142 1946/1817/1142 2398/2269/1142 852/2800/886 856/2802/886
f 855/2801/885 851/2799/885 117/2895/71 118/2955/71
f 2710/2581/1143 1987/1858/1143 1991/1862/1143 854/2738/885 897/2805/885
f 1991/1862/1143 2329/2200/1143 2038/1909/1143 902/791/304 905/794/307 854/2738/885
f 2701/2572/1143 1951/1822/1143 1955/1826/1143 861/754/291 855/2801/885
f 2362/2233/1143 2360/2231/1143 2701/2572/1143 855/2801/885 118/2955/71
f 857/750/287 1200/1071/404 1944/1815/963 1947/1818/961
f 1460/1331/1142 162/2927/1142 1201/1072/1142 859/752/1142
f 1458/1329/470 858/751/288 1949/1820/960 2391/2262/1039
f 1960/1831/1142 1958/1829/1142 2389/2260/1142 864/757/294 863/756/293 871/764/299 870/763/298
f 872/765/300 871/764/299 863/756/293 862/755/292 119/2956/71 120/149/71
f 1955/1826/1143 2356/2227/1143 2002/1873/1143 119/2956/71 862/755/292 861/754/291
f 1203/1074/407 865/758/295 1953/1824/967 1950/1821/965
f 866/759/1143 1205/1076/1143 166/2931/1143 1436/1307/1143
f 867/760/173 1435/1306/463 2357/2228/1032 1954/1825/966
f 2704/2575/1143 1963/1834/1143 1967/1838/1143 877/770/291 868/761/296
f 2353/2224/1143 2351/2222/1143 2704/2575/1143 868/761/296 872/765/300 120/149/71
f 873/766/287 1206/1077/410 1956/1827/969 1959/1830/961
f 1454/1325/1142 163/2928/1142 1207/1078/1142 875/768/1142
f 1452/1323/470 874/767/288 1961/1832/960 2382/2253/1039
f 1972/1843/1142 1970/1841/1142 2380/2251/1142 880/773/294 879/772/293 887/780/299 886/779/298
f 888/781/300 887/780/299 879/772/293 878/771/292 121/148/71 122/147/71
f 1967/1838/1143 2347/2218/1143 2014/1885/1143 121/148/71 878/771/292 877/770/291
f 1209/1080/407 881/774/301 1965/1836/967 1962/1833/965
f 882/775/1143 1211/1082/1143 167/2932/1143 1430/1301/1143
f 883/776/173 1429/1300/463 2348/2219/1032 1966/1837/966
f 2707/2578/1143 1975/1846/1143 1979/1850/1143 892/2803/885 884/777/296
f 2344/2215/1143 2342/2213/1143 2707/2578/1143 884/777/296 888/781/300 122/147/71
f 889/782/287 1212/1083/404 1968/1839/963 1971/1842/961
f 1448/1319/1142 164/2929/1142 1213/1084/1142 891/784/1142
f 1446/1317/470 890/783/302 1973/1844/960 2373/2244/1039
f 1984/1855/1142 1982/1853/1142 2371/2242/1142 893/2804/886 898/2806/886
f 897/2805/885 892/2803/885 123/146/71 927/816/315 926/815/314
f 1979/1850/1143 2338/2209/1143 2026/1897/1143 123/146/71 892/2803/885
f 1215/1086/407 894/785/295 1977/1848/967 1974/1845/965
f 895/786/1143 1217/1088/1143 168/2933/1143 1424/1295/1143
f 896/787/173 1423/1294/468 2339/2210/1032 1978/1849/966
f 2335/2206/1143 2333/2204/1143 2710/2581/1143 897/2805/885 926/815/314 925/814/313
f 899/788/287 1218/1089/404 1980/1851/963 1983/1854/961
f 1442/1313/1142 165/2930/1142 1219/1090/1142 901/790/1142
f 1440/1311/470 900/789/288 1985/1856/960 2364/2235/1039
f 903/792/305 924/813/312 130/138/69 125/2896/69
f 2038/1909/1143 2036/1907/1143 2335/2206/1143 925/814/313 902/791/304
f 1224/1095/412 906/795/308 1995/1866/973 1992/1863/971
f 907/796/1144 1226/1097/1144 170/2935/1144 1412/1283/1144
f 908/797/310 1411/1282/457 2321/2192/1026 1996/1867/972
f 909/798/180 1227/1098/415 1998/1869/977 2001/1872/975
f 1436/1307/1143 166/2931/1143 1228/1099/1143 911/800/1143
f 1434/1305/462 910/799/181 2003/1874/974 2355/2226/1033
f 1230/1101/412 912/801/308 2007/1878/973 2004/1875/971
f 913/802/1144 1232/1103/1144 171/2936/1144 1406/1277/1144
f 914/803/310 1405/1276/457 2312/2183/1026 2008/1879/972
f 915/804/180 1233/1104/415 2010/1881/979 2013/1884/975
f 1430/1301/1143 167/2932/1143 1234/1105/1143 917/806/1143
f 1428/1299/462 916/805/181 2015/1886/978 2346/2217/1033
f 1236/1107/412 918/807/308 2019/1890/973 2016/1887/971
f 919/808/1144 1238/1109/1144 172/2937/1144 1400/1271/1144
f 920/809/311 1399/1270/457 2303/2174/1026 2020/1891/972
f 921/810/180 1239/1110/415 2022/1893/977 2025/1896/975
f 1424/1295/1143 168/2933/1143 1240/1111/1143 923/812/1143
f 1422/1293/462 922/811/181 2027/1898/974 2337/2208/1033
f 2722/2593/1144 2029/1900/1144 2033/1904/1144 928/817/316 927/816/315 123/146/71
f 2033/1904/1144 2293/2164/1144 2080/1951/1144 130/138/69 924/813/312 928/817/316
f 1242/1113/412 929/818/308 2031/1902/973 2028/1899/971
f 930/819/1144 1244/1115/1144 173/2938/1144 1394/1265/1144
f 931/820/310 1393/1264/457 2294/2165/1026 2032/1903/972
f 2044/1915/1144 2042/1913/1144 2326/2197/1144 124/2897/69 935/824/320 934/823/319
f 2725/2596/1145 2047/1918/1145 2051/1922/1145 941/830/326 932/821/317
f 936/825/321 935/824/320 124/2897/69 964/853/334 967/856/337
f 119/2956/71 118/2955/71 933/822/318 940/829/325
f 2290/2161/1145 2288/2159/1145 2725/2596/1145 932/821/317 936/825/321 967/856/337 971/860/341
f 1997/1868/1144 2320/2191/1144 2044/1915/1144 934/823/319 933/822/318 118/2955/71
f 937/826/322 1248/1119/419 2040/1911/983 2043/1914/981
f 1412/1283/1144 170/2935/1144 1249/1120/1144 939/828/1144
f 1410/1281/456 938/827/323 2045/1916/980 2319/2190/1027
f 2056/1927/1144 2054/1925/1144 2317/2188/1144 944/833/329 943/832/328 126/150/69
f 126/150/69 943/832/328 942/831/327 132/2957/70 133/2958/70
f 2051/1922/1145 2284/2155/1145 2098/1969/1145 132/2957/70 942/831/327 941/830/326
f 2317/2188/1144 2315/2186/1144 2716/2587/1144 119/2956/71 940/829/325 944/833/329
f 1251/1122/422 945/834/192 2049/1920/987 2046/1917/985
f 946/835/1145 1253/1124/1145 174/2939/1145 1388/1259/1145
f 947/836/194 1387/1258/451 2285/2156/1020 2050/1921/986
f 948/837/322 1254/1125/419 2052/1923/983 2055/1926/981
f 1406/1277/1144 171/2936/1144 1255/1126/1144 950/839/1144
f 1404/1275/456 949/838/323 2057/1928/980 2310/2181/1027
f 1257/1128/422 951/840/192 2061/1932/987 2058/1929/988
f 952/841/1145 1259/1130/1145 175/2940/1145 1382/1253/1145
f 953/842/194 1381/1252/451 2276/2147/1020 2062/1933/986
f 954/843/322 1260/1131/419 2064/1935/983 2067/1938/981
f 1400/1271/1144 172/2937/1144 1261/1132/1144 956/845/1144
f 1398/1269/456 955/844/323 2069/1940/980 2301/2172/1027
f 1263/1134/422 957/846/192 2073/1944/987 2070/1941/988
f 958/847/1145 1265/1136/1145 176/2941/1145 1376/1247/1145
f 959/848/194 1375/1246/451 2267/2138/1020 2074/1945/986
f 960/849/322 1266/1137/419 2076/1947/983 2079/1950/981
f 1394/1265/1144 173/2938/1144 1267/1138/1144 962/851/1144
f 1392/1263/456 961/850/323 2081/1952/980 2292/2163/1027
f 2254/2125/1146 2252/2123/1146 2737/2608/1146 963/852/333 966/855/336 994/2808/894
f 2737/2608/1146 2089/1960/1146 2093/1964/1146 968/857/338 963/852/333
f 2098/1969/1145 2096/1967/1145 2290/2161/1145 971/860/341 970/859/340 132/2957/70
f 132/2957/70 970/859/340 969/858/339 998/2810/894 1003/2812/894
f 2093/1964/1146 2248/2119/1146 2140/2011/1146 998/2810/894 969/858/339 968/857/338
f 1272/1143/425 972/861/342 2091/1962/992 2088/1959/990
f 973/862/1146 1274/1145/1146 178/2943/1146 1364/1235/1146
f 974/863/344 1363/1234/445 2249/2120/1013 2092/1963/991
f 975/864/203 1275/1146/428 2094/1965/996 2097/1968/994
f 1388/1259/1145 174/2939/1145 1276/1147/1145 977/866/1145
f 1386/1257/450 976/865/204 2099/1970/993 2283/2154/1021
f 1278/1149/425 978/867/342 2103/1974/992 2100/1971/990
f 979/868/1146 1280/1151/1146 179/2944/1146 1358/1229/1146
f 980/869/344 1357/1228/445 2240/2111/1013 2104/1975/991
f 981/870/203 1281/1152/428 2106/1977/996 2109/1980/994
f 1382/1253/1145 175/2940/1145 1282/1153/1145 983/872/1145
f 1380/1251/450 982/871/204 2111/1982/993 2274/2145/1021
f 1284/1155/425 984/873/342 2115/1986/992 2112/1983/990
f 985/874/1146 1286/1157/1146 180/2945/1146 1352/1223/1146
f 986/875/344 1351/1222/445 2231/2102/1013 2116/1987/991
f 987/876/203 1287/1158/428 2118/1989/996 2121/1992/994
f 1376/1247/1145 176/2941/1145 1288/1159/1145 989/878/1145
f 1374/1245/450 988/877/204 2123/1994/993 2265/2136/1021
f 1290/1161/425 990/879/342 2127/1998/992 2124/1995/990
f 991/880/1146 1292/1163/1146 181/2946/1146 1346/1217/1146
f 992/881/344 1345/1216/445 2222/2093/1013 2128/1999/997
f 2140/2011/1146 2138/2009/1146 2254/2125/1146 994/2808/894 998/2810/894
f 2758/2629/1131 2179/2050/1131 2183/2054/1131 996/2749/893 1027/2821/893
f 131/2898/70 137/141/70 1028/2822/894 995/2750/894
f 2749/2620/1131 2143/2014/1131 2147/2018/1131 1002/2811/893 997/2809/893
f 999/882/346 1296/1167/432 2136/2007/1001 2139/2010/999
f 1364/1235/1146 178/2943/1146 1297/1168/1146 1001/884/1146
f 1362/1233/444 1000/883/347 2141/2012/998 2247/2118/1014
f 2152/2023/1146 2150/2021/1146 2245/2116/1146 1003/2812/894 1008/2814/894
f 2245/2116/1146 2243/2114/1146 2740/2611/1146 132/2957/70 1003/2812/894
f 1299/1170/435 1004/885/212 2145/2016/1005 2142/2013/1003
f 1005/886/1131 1301/1172/1131 182/2905/1131 1340/1211/1131
f 1006/887/350 1339/1210/439 2213/2084/1007 2146/2017/1004
f 2752/2623/1131 2155/2026/1131 2159/2030/1131 1012/2815/893 1007/2813/893
f 134/144/70 133/2958/70 1008/2814/894 1013/2816/894
f 2105/1976/1146 2239/2110/1146 2152/2023/1146 1008/2814/894 133/2958/70
f 1009/888/351 1302/1173/432 2148/2019/1001 2151/2022/999
f 1358/1229/1146 179/2944/1146 1303/1174/1146 1011/890/1146
f 1356/1227/444 1010/889/347 2153/2024/1006 2238/2109/1014
f 2164/2035/1146 2162/2033/1146 2236/2107/1146 1013/2816/894 1018/2818/894
f 2236/2107/1146 2234/2105/1146 2743/2614/1146 134/144/70 1013/2816/894
f 1305/1176/435 1014/891/212 2157/2028/1005 2154/2025/1003
f 1015/892/1131 1307/1178/1131 183/2903/1131 1334/1205/1131
f 1016/893/350 1333/1204/439 2204/2075/1007 2158/2029/1004
f 2755/2626/1131 2167/2038/1131 2171/2042/1131 1022/2819/893 1017/2817/893
f 136/140/70 135/145/70 1018/2818/894 1023/2820/894
f 2117/1988/1146 2230/2101/1146 2164/2035/1146 1018/2818/894 135/145/70
f 1019/894/351 1308/1179/432 2160/2031/1001 2163/2034/999
f 1352/1223/1146 180/2945/1146 1309/1180/1146 1021/896/1146
f 1350/1221/444 1020/895/347 2165/2036/998 2229/2100/1014
f 2176/2047/1146 2174/2045/1146 2227/2098/1146 1023/2820/894 1028/2822/894
f 2227/2098/1146 2225/2096/1146 2746/2617/1146 136/140/70 1023/2820/894
f 1311/1182/435 1024/897/212 2169/2040/1005 2166/2037/1003
f 1025/898/1131 1313/1184/1131 184/2901/1131 1328/1199/1131
f 1026/899/214 1327/1198/439 2195/2066/1007 2170/2041/1004
f 2129/2000/1146 2221/2092/1146 2176/2047/1146 1028/2822/894 137/141/70
f 1029/900/351 1314/1185/432 2172/2043/1001 2175/2046/999
f 1346/1217/1146 181/2946/1146 1315/1186/1146 1031/902/1146
f 1344/1215/444 1030/901/347 2177/2048/998 2220/2091/1014
f 1660/1531/1132 1658/1529/1132 2614/2485/1132 97/164/72 99/163/72
f 2629/2500/1139 1663/1534/1139 1667/1538/1139 100/160/72 99/163/72
f 1667/1538/1139 2572/2443/1139 1714/1585/1139 109/161/73 100/160/72
f 1672/1543/1132 1670/1541/1132 2605/2476/1132 100/160/72 101/159/72
f 2632/2503/1139 1675/1546/1139 1679/1550/1139 102/156/72 101/159/72
f 1679/1550/1139 2563/2434/1139 1726/1597/1139 111/157/73 102/156/72
f 1684/1555/1132 1682/1553/1132 2596/2467/1132 102/156/72 103/155/72
f 2635/2506/1139 1687/1558/1139 1691/1562/1139 104/152/72 103/155/72
f 1691/1562/1139 2554/2425/1139 1738/1609/1139 113/153/73 104/152/72
f 1696/1567/1132 1694/1565/1132 2587/2458/1132 104/152/72 105/151/72
f 2638/2509/1139 1699/1570/1139 1703/1574/1139 98/2889/72 105/151/72
f 1703/1574/1139 2545/2416/1139 1750/1621/1139 107/2892/73 98/2889/72
f 2641/2512/1140 1705/1576/1140 1709/1580/1140 108/166/73 106/165/73
f 1714/1585/1139 1712/1583/1139 2578/2449/1139 108/166/73 109/161/73
f 2644/2515/1140 1717/1588/1140 1721/1592/1140 110/162/73 109/161/73
f 1726/1597/1139 1724/1595/1139 2569/2440/1139 110/162/73 111/157/73
f 2647/2518/1140 1729/1600/1140 1733/1604/1140 112/158/73 111/157/73
f 1738/1609/1139 1736/1607/1139 2560/2431/1139 112/158/73 113/153/73
f 2650/2521/1140 1741/1612/1140 1745/1616/1140 114/154/73 113/153/73
f 1750/1621/1139 1748/1619/1139 2551/2422/1139 114/154/73 107/2892/73
f 2713/2584/1144 1993/1864/1144 1997/1868/1144 118/2955/71 117/2895/71
f 2002/1873/1143 2000/1871/1143 2362/2233/1143 118/2955/71 119/2956/71
f 2716/2587/1144 2005/1876/1144 2009/1880/1144 120/149/71 119/2956/71
f 2009/1880/1144 2311/2182/1144 2056/1927/1144 126/150/69 120/149/71
f 2014/1885/1143 2012/1883/1143 2353/2224/1143 120/149/71 121/148/71
f 2719/2590/1144 2017/1888/1144 2021/1892/1144 122/147/71 121/148/71
f 2021/1892/1144 2302/2173/1144 2068/1939/1144 128/142/69 122/147/71
f 2026/1897/1143 2024/1895/1143 2344/2215/1143 122/147/71 123/146/71
f 2728/2599/1145 2059/1930/1145 2063/1934/1145 127/143/69 126/150/69
f 2063/1934/1145 2275/2146/1145 2110/1981/1145 134/144/70 127/143/69
f 2068/1939/1144 2066/1937/1144 2308/2179/1144 127/143/69 128/142/69
f 2731/2602/1145 2071/1942/1145 2075/1946/1145 129/139/69 128/142/69
f 2075/1946/1145 2266/2137/1145 2122/1993/1145 136/140/70 129/139/69
f 2080/1951/1144 2078/1949/1144 2299/2170/1144 129/139/69 130/138/69
f 2734/2605/1145 2083/1954/1145 2087/1958/1145 125/2896/69 130/138/69
f 2087/1958/1145 2257/2128/1145 2134/2005/1145 131/2898/70 125/2896/69
f 2740/2611/1146 2101/1972/1146 2105/1976/1146 133/2958/70 132/2957/70
f 2110/1981/1145 2108/1979/1145 2281/2152/1145 133/2958/70 134/144/70
f 2743/2614/1146 2113/1984/1146 2117/1988/1146 135/145/70 134/144/70
f 2122/1993/1145 2120/1991/1145 2272/2143/1145 135/145/70 136/140/70
f 2746/2617/1146 2125/1996/1146 2129/2000/1146 137/141/70 136/140/70
f 2134/2005/1145 2132/2003/1145 2263/2134/1145 137/141/70 131/2898/70
f 2263/2134/1145 2261/2132/1145 2734/2605/1145 130/138/69 137/141/70
f 2272/2143/1145 2270/2141/1145 2731/2602/1145 128/142/69 135/145/70
f 2281/2152/1145 2279/2150/1145 2728/2599/1145 126/150/69 133/2958/70
f 2299/2170/1144 2297/2168/1144 2722/2593/1144 123/146/71 129/139/69
f 2308/2179/1144 2306/2177/1144 2719/2590/1144 121/148/71 127/143/69
f 2326/2197/1144 2324/2195/1144 2713/2584/1144 117/2895/71 124/2897/69
f 2551/2422/1139 2549/2420/1139 2638/2509/1139 105/151/72 114/154/73
f 2560/2431/1139 2558/2429/1139 2635/2506/1139 103/155/72 112/158/73
f 2569/2440/1139 2567/2438/1139 2632/2503/1139 101/159/72 110/162/73
f 2578/2449/1139 2576/2447/1139 2629/2500/1139 99/163/72 108/166/73
f 2760/2823/1147 2763/2824/72 2930/2824/72 2929/2823/1147
f 2761/2823/1133 2809/2644/1133 2925/2644/1133 2871/2823/1133
f 2762/2824/1133 2761/2823/1133 2871/2823/1133 2874/2824/1133
f 2810/2645/893 2760/2823/1147 2929/2823/1147 2977/2708/893
f 2763/2824/72 2769/2829/73 2936/2829/73 2930/2824/72
f 2768/2829/1133 2762/2824/1133 2874/2824/1133 2880/2959/1133
f 2764/2828/72 2767/2827/1147 2934/2827/1147 2933/2828/72
f 2765/2825/1130 2771/2830/1130 2881/2830/1130 2875/2825/1130
f 2766/2826/1130 2765/2825/1130 2875/2825/1130 2878/2826/1130
f 2770/2831/73 2764/2828/72 2933/2828/72 2939/2873/73
f 2767/2827/1147 2812/2647/893 2981/2712/893 2934/2827/1147
f 2813/2648/1130 2766/2826/1130 2878/2826/1130 2926/2960/1130
f 2769/2829/73 2772/2631/878 2940/2696/878 2936/2829/73
f 2773/2632/1133 2768/2829/1133 2880/2959/1133 2886/2632/1133
f 2771/2830/1130 2777/2636/1130 2888/2636/1130 2881/2830/1130
f 2775/2634/878 2770/2831/73 2939/2873/73 2943/2634/878
f 2774/2633/877 2779/2833/1134 2946/2833/1134 2941/2697/877
f 2778/2832/1133 2773/2632/1133 2886/2632/1133 2892/2832/1133
f 2777/2636/1130 2781/2834/1130 2894/2834/1130 2888/2636/1130
f 2780/2834/1134 2776/2635/877 2945/2700/877 2949/2834/1134
f 2779/2833/1134 2783/2835/1135 2950/2835/1135 2946/2833/1134
f 2782/2835/1133 2778/2832/1133 2892/2832/1133 2897/2835/1133
f 2781/2834/1130 2785/2836/1130 2898/2836/1130 2894/2834/1130
f 2784/2837/1135 2780/2834/1134 2949/2834/1134 2953/2837/1135
f 2783/2835/1135 2787/2838/1137 2954/2838/1137 2950/2835/1135
f 2786/2838/1133 2782/2835/1133 2897/2835/1133 2901/2838/1133
f 2785/2836/1130 2789/2839/1130 2902/2839/1130 2898/2836/1130
f 2788/2839/1137 2784/2837/1135 2953/2837/1135 2957/2839/1137
f 2787/2838/1137 2790/2637/886 2958/2701/886 2954/2838/1137
f 2791/2638/1133 2786/2838/1133 2901/2838/1133 2905/2638/1133
f 2789/2839/1130 2795/2642/1130 2906/2961/1130 2902/2839/1130
f 2793/2640/886 2788/2839/1137 2957/2839/1137 2961/2704/886
f 2792/2639/885 2797/2840/71 2964/2840/71 2959/2702/885
f 2796/2840/1133 2791/2638/1133 2905/2638/1133 2910/2840/1133
f 2795/2642/1130 2799/2841/1130 2911/2841/1130 2906/2961/1130
f 2798/2841/71 2794/2641/885 2963/2706/885 2967/2841/71
f 2797/2840/71 2801/2843/69 2968/2843/69 2964/2840/71
f 2800/2842/1133 2796/2840/1133 2910/2840/1133 2915/2842/1133
f 2799/2841/1130 2803/2844/1130 2916/2844/1130 2911/2841/1130
f 2802/2845/69 2798/2841/71 2967/2841/71 2971/2845/69
f 2801/2843/69 2805/2847/1145 2972/2847/1145 2968/2843/69
f 2804/2846/1133 2800/2842/1133 2915/2842/1133 2920/2846/1133
f 2803/2844/1130 2807/2848/1130 2922/2848/1130 2916/2844/1130
f 2806/2849/70 2802/2845/69 2971/2845/69 2975/2848/70
f 2805/2847/1146 2808/2643/894 2976/2707/894 2972/2847/1146
f 2809/2644/1133 2804/2846/1133 2920/2846/1133 2925/2644/1133
f 2811/2646/894 2806/2849/70 2975/2848/70 2979/2710/894
f 2807/2848/1130 2813/2648/1130 2926/2960/1130 2922/2848/1130
f 2814/2716/1132 2817/2850/72 2873/2850/72 2872/2716/1132
f 2868/181/1131 2814/2752/1131 2872/2752/1131 2924/2864/1131
f 2817/2850/72 2823/2722/1139 2879/2722/1139 2873/2850/72
f 2818/2720/72 2821/2851/1132 2877/2851/1132 2876/2720/72
f 2824/2649/1128 2818/2720/72 2876/2720/72 2883/2675/1128
f 2821/2754/1131 2869/182/1131 2927/182/1131 2877/2754/1131
f 2823/2722/1140 2827/2652/878 2884/2676/878 2879/2722/1140
f 2830/2654/878 2825/2650/1129 2882/2650/1129 2887/2654/878
f 2829/2653/877 2833/2656/1122 2890/2681/1122 2885/2677/877
f 2836/2659/1122 2831/2655/877 2889/2680/877 2893/2684/1122
f 2835/2658/1123 2840/2853/1135 2896/2731/1135 2891/2682/1123
f 2841/2854/1135 2837/2660/1123 2895/2686/1123 2899/2854/1135
f 2840/2853/1135 2844/2855/1138 2900/2855/1138 2896/2731/1135
f 2845/2856/1138 2841/2854/1135 2899/2854/1135 2903/2856/1138
f 2844/2855/1142 2848/175/1142 2904/175/1142 2900/2855/1142
f 2849/176/1142 2845/2856/1142 2903/2856/1142 2907/176/1142
f 2848/175/1143 2851/2662/1127 2908/2662/1127 2904/175/1143
f 2854/2665/1127 2849/176/1143 2907/176/1143 2913/2690/1127
f 2853/2664/1126 2858/2743/69 2914/2743/69 2909/2687/1126
f 2859/2745/69 2855/2666/1126 2912/2666/1126 2917/2745/69
f 2858/2743/69 2863/2670/1125 2918/2691/1125 2914/2743/69
f 2864/2671/1125 2859/2745/69 2917/2745/69 2921/2671/1125
f 2862/2669/1124 2868/181/1146 2924/2864/1146 2919/2692/1124
f 2869/182/1146 2865/2672/1124 2923/2695/1124 2927/182/1146
f 2928/2869/1133 2931/2868/1133 2937/2872/1133 2942/2698/1133 2947/2875/1133 2951/2877/1133 2955/2879/1133 2960/2703/1133 2965/2881/1133 2969/2883/1133 2973/2885/1133 2978/2709/1133
f 2932/2871/1130 2935/2870/1130 2980/2711/1130 2974/2886/1130 2970/2884/1130 2966/2882/1130 2962/2705/1130 2956/2880/1130 2952/2878/1130 2948/2876/1130 2944/2699/1130 2938/2874/1130
o Cylinder.003
v -1.676839 2.485235 -0.255599
v 1.676839 2.485235 -0.255600
v -1.257629 2.485235 -0.255599
v -0.838420 2.485235 -0.255599
v -0.419210 2.485235 -0.255599
v -0.000000 2.485235 -0.255599
v 0.419210 2.485235 -0.255600
v 0.838419 2.485235 -0.255600
v 1.257629 2.485235 -0.255600
v -1.676839 2.212879 -0.527955
v 1.676839 2.212879 -0.527956
v -1.257629 2.212879 -0.527955
v -0.838419 2.212879 -0.527955
v -0.419210 2.212879 -0.527955
v -0.000000 2.212879 -0.527955
v 0.419210 2.212879 -0.527955
v 0.838419 2.212879 -0.527955
v 1.257629 2.212879 -0.527956
v 1.676839 2.212879 -1.272045
v 1.676838 2.485235 -1.544401
v -1.676839 3.501681 -1.272044
v -1.257630 3.501681 -1.272044
v -0.838420 3.501681 -1.272045
v -0.419210 3.501681 -1.272045
v -0.000001 3.501681 -1.272045
v 0.419209 3.501681 -1.272045
v 0.838419 3.501681 -1.272045
v -1.676839 3.601370 -0.899999
v 1.676838 3.601370 -0.900001
v -0.419210 3.601370 -0.900000
v -0.000000 3.601370 -0.900000
v 0.419209 3.601370 -0.900000
v 0.838419 3.601370 -0.900000
v 1.257629 3.601370 -0.900000
v 1.676839 3.501681 -0.527956
v -0.838420 3.501681 -0.527955
v -0.419210 3.501681 -0.527955
v -0.000000 3.501681 -0.527955
v 0.419209 3.501681 -0.527955
v 0.838419 3.501681 -0.527955
v 1.257629 3.501681 -0.527956
v -1.467234 2.606487 0.035973
v -0.628815 2.606487 0.035973
v 0.209605 2.606487 0.035972
v 1.048024 2.606487 0.035972
v -1.048024 2.172100 -0.214820
v -0.209605 2.172100 -0.214821
v 0.628815 2.172100 -0.214821
v 1.467234 2.172100 -0.214821
v -1.467234 1.921307 -0.649207
v -0.628815 1.921307 -0.649207
v 0.209605 1.921307 -0.649207
v 1.048024 1.921307 -0.649207
v -1.048024 1.921307 -1.150793
v -0.209605 1.921307 -1.150793
v 0.628814 1.921307 -1.150793
v 1.467234 1.921307 -1.150794
v -1.467234 2.172100 -1.585179
v -0.628815 2.172100 -1.585179
v 0.209604 2.172100 -1.585180
v 1.048024 2.172100 -1.585180
v -1.048025 2.606487 -1.835972
v -0.209605 2.606487 -1.835972
v 0.628814 2.606487 -1.835973
v 1.467233 2.606487 -1.835973
v -1.467235 3.108073 -1.835972
v -0.628815 3.108073 -1.835972
v 0.209604 3.108073 -1.835973
v 1.048024 3.108073 -1.835973
v -1.048025 3.542459 -1.585179
v -0.209605 3.542459 -1.585179
v 0.628814 3.542459 -1.585180
v 1.467233 3.542459 -1.585180
v -1.467234 3.793252 -1.150793
v -0.628815 3.793252 -1.150793
v 0.209604 3.793252 -1.150793
v 1.048024 3.793252 -1.150793
v -1.048025 3.793252 -0.649207
v -0.209605 3.793252 -0.649207
v 0.628814 3.793252 -0.649207
v 1.467234 3.793252 -0.649207
v -1.467234 3.542459 -0.214820
v -0.628815 3.542459 -0.214821
v 0.209605 3.542459 -0.214821
v 1.048024 3.542459 -0.214821
v -1.048024 3.108073 0.035973
v -0.209605 3.108073 0.035972
v 0.628815 3.108073 0.035972
v 1.467234 3.108073 0.035972
v 1.847940 2.857280 -0.143653
v 1.836100 2.857280 -0.155911
v -1.836100 2.857280 -0.155910
v -1.847940 2.857280 -0.143652
v 1.836100 2.485235 -0.255600
v 1.847940 2.479106 -0.244984
v -1.847940 2.479106 -0.244983
v -1.836100 2.485235 -0.255599
v 1.836100 2.212879 -0.527956
v 1.847940 2.202264 -0.521827
v -1.847940 2.202264 -0.521826
v -1.836100 2.212879 -0.527955
v 1.836100 2.116255 -0.888564
v 1.836100 2.116255 -0.911437
v 1.847940 2.100932 -0.900001
v -1.847940 2.100932 -0.899999
v -1.836100 2.116255 -0.911436
v -1.836100 2.116255 -0.888563
v 1.836100 2.212879 -1.272045
v 1.847940 2.202264 -1.278174
v -1.847940 2.202264 -1.278173
v -1.836100 2.212879 -1.272044
v 1.836100 2.485235 -1.544401
v 1.847940 2.479106 -1.555017
v -1.847941 2.479106 -1.555016
v -1.836100 2.485235 -1.544400
v 1.836100 2.857280 -1.644090
v 1.847940 2.857280 -1.656348
v -1.847941 2.857280 -1.656347
v -1.836100 2.857280 -1.644089
v 1.836100 3.217888 -1.547466
v 1.836100 3.237697 -1.536029
v 1.847940 3.235454 -1.555017
v -1.847941 3.235454 -1.555016
v -1.836100 3.237697 -1.536028
v -1.836100 3.217888 -1.547464
v 1.836099 3.501681 -1.272045
v 1.847940 3.512296 -1.278174
v -1.847941 3.512296 -1.278173
v -1.836100 3.501681 -1.272044
v 1.836100 3.601370 -0.900001
v 1.847940 3.613627 -0.900001
v -1.847940 3.613627 -0.899999
v -1.836100 3.601370 -0.899999
v 1.836100 3.501681 -0.527956
v 1.847940 3.512296 -0.521827
v -1.847940 3.512296 -0.521826
v -1.836100 3.501681 -0.527955
v 1.836100 3.237697 -0.263972
v 1.836100 3.217888 -0.252536
v 1.847940 3.235454 -0.244984
v -1.847940 3.235454 -0.244983
v -1.836100 3.217888 -0.252534
v -1.836100 3.237697 -0.263971
v 1.491805 3.089974 0.029096
v 1.475544 3.092077 0.040258
v 1.477893 3.073356 0.033592
v 1.058683 2.641203 0.033592
v 1.056334 2.622482 0.040258
v 1.072595 2.624585 0.029096
v 0.653386 3.089974 0.029096
v 0.637124 3.092077 0.040258
v 0.639473 3.073356 0.033593
v 0.220264 2.641203 0.033593
v 0.217914 2.622482 0.040258
v 0.234176 2.624585 0.029097
v -0.185034 3.089974 0.029097
v -0.201295 3.092077 0.040259
v -0.198946 3.073356 0.033593
v -0.618156 2.641203 0.033593
v -0.620505 2.622482 0.040259
v -0.604244 2.624585 0.029097
v -1.023453 3.089974 0.029097
v -1.039715 3.092077 0.040259
v -1.037365 3.073356 0.033593
v -1.456575 2.641203 0.033593
v -1.458924 2.622482 0.040259
v -1.442663 2.624585 0.029097
v -1.477893 2.641203 0.033593
v -1.491805 2.624585 0.029097
v -1.475544 2.622482 0.040259
v -1.491805 2.594250 0.020969
v -1.477893 2.577611 0.016554
v -1.475544 2.590491 0.031687
v -1.058683 2.203355 -0.199523
v -1.072595 2.191211 -0.211726
v -1.056334 2.183809 -0.203111
v -0.653386 2.594251 0.020969
v -0.639473 2.577611 0.016554
v -0.637124 2.590491 0.031687
v -0.220264 2.203355 -0.199524
v -0.234176 2.191211 -0.211726
v -0.217915 2.183809 -0.203112
v 0.185034 2.594251 0.020969
v 0.198946 2.577611 0.016553
v 0.201295 2.590491 0.031686
v 0.618156 2.203355 -0.199524
v 0.604243 2.191211 -0.211726
v 0.620505 2.183809 -0.203112
v 1.023453 2.594250 0.020968
v 1.037366 2.577611 0.016553
v 1.039715 2.590491 0.031686
v 1.456575 2.203355 -0.199524
v 1.442663 2.191211 -0.211727
v 1.458924 2.183809 -0.203112
v 1.477893 2.203355 -0.199524
v 1.475543 2.183809 -0.203112
v 1.491805 2.191211 -0.211727
v -1.477893 1.940726 -0.620331
v -1.491805 1.936310 -0.636971
v -1.475544 1.925593 -0.633211
v -1.072595 2.169005 -0.233932
v -1.058683 2.156802 -0.246076
v -1.056334 2.160390 -0.226530
v -0.639473 1.940726 -0.620332
v -0.653386 1.936310 -0.636971
v -0.637124 1.925593 -0.633211
v -0.234176 2.169005 -0.233932
v -0.220264 2.156802 -0.246076
v -0.217914 2.160390 -0.226530
v 0.198946 1.940726 -0.620332
v 0.185034 1.936310 -0.636971
v 0.201295 1.925593 -0.633212
v 0.604243 2.169005 -0.233933
v 0.618156 2.156803 -0.246076
v 0.620505 2.160390 -0.226531
v 1.037365 1.940726 -0.620332
v 1.023453 1.936310 -0.636972
v 1.039715 1.925593 -0.633212
v 1.442663 2.169005 -0.233933
v 1.456575 2.156802 -0.246076
v 1.458924 2.160390 -0.226531
v 1.477893 2.156803 -0.246076
v 1.491805 2.169005 -0.233933
v 1.475543 2.160390 -0.226531
v -1.491805 1.928182 -0.667305
v -1.477893 1.923686 -0.683923
v -1.475544 1.917021 -0.665202
v -1.058683 1.923686 -1.116076
v -1.072595 1.928182 -1.132694
v -1.056334 1.917021 -1.134797
v -0.653386 1.928182 -0.667305
v -0.639473 1.923686 -0.683923
v -0.637124 1.917021 -0.665202
v -0.220264 1.923686 -1.116077
v -0.234176 1.928182 -1.132695
v -0.217915 1.917021 -1.134797
v 0.185034 1.928182 -0.667305
v 0.198946 1.923686 -0.683923
v 0.201295 1.917021 -0.665202
v 0.618155 1.923686 -1.116077
v 0.604243 1.928182 -1.132695
v 0.620505 1.917021 -1.134798
v 1.023453 1.928182 -0.667306
v 1.037365 1.923686 -0.683923
v 1.039715 1.917021 -0.665203
v 1.456575 1.923686 -1.116077
v 1.442663 1.928182 -1.132695
v 1.458924 1.917021 -1.134798
v 1.477893 1.923686 -1.116077
v 1.475543 1.917021 -1.134798
v 1.491805 1.928182 -1.132695
v -1.477893 2.156803 -1.553924
v -1.491805 2.169006 -1.566067
v -1.475544 2.160391 -1.573469
v -1.072595 1.936310 -1.163028
v -1.058683 1.940726 -1.179668
v -1.056334 1.925593 -1.166788
v -0.639474 2.156803 -1.553924
v -0.653386 2.169006 -1.566068
v -0.637125 2.160391 -1.573470
v -0.234176 1.936310 -1.163029
v -0.220264 1.940726 -1.179668
v -0.217915 1.925593 -1.166788
v 0.198946 2.156803 -1.553925
v 0.185033 2.169006 -1.566068
v 0.201295 2.160391 -1.573470
v 0.604243 1.936310 -1.163029
v 0.618155 1.940726 -1.179669
v 0.620505 1.925593 -1.166789
v 1.037365 2.156803 -1.553925
v 1.023453 2.169006 -1.566068
v 1.039714 2.160391 -1.573470
v 1.442663 1.936310 -1.163029
v 1.456575 1.940726 -1.179669
v 1.458924 1.925593 -1.166789
v 1.477893 1.940726 -1.179669
v 1.491805 1.936310 -1.163029
v 1.475543 1.925593 -1.166789
v -1.491805 2.191212 -1.588274
v -1.477893 2.203355 -1.600476
v -1.475544 2.183810 -1.596889
v -1.058684 2.577611 -1.816553
v -1.072596 2.594251 -1.820968
v -1.056335 2.590491 -1.831686
v -0.653386 2.191212 -1.588274
v -0.639474 2.203355 -1.600476
v -0.637125 2.183810 -1.596889
v -0.220264 2.577611 -1.816553
v -0.234177 2.594251 -1.820968
v -0.217915 2.590491 -1.831686
v 0.185033 2.191212 -1.588274
v 0.198946 2.203355 -1.600477
v 0.201295 2.183810 -1.596889
v 0.618155 2.577611 -1.816554
v 0.604243 2.594251 -1.820969
v 0.620504 2.590491 -1.831687
v 1.023453 2.191212 -1.588274
v 1.037365 2.203356 -1.600477
v 1.039714 2.183810 -1.596889
v 1.456575 2.577611 -1.816554
v 1.442662 2.594251 -1.820969
v 1.458924 2.590491 -1.831687
v 1.477892 2.577611 -1.816554
v 1.475543 2.590491 -1.831687
v 1.491804 2.594250 -1.820969
v -1.477893 3.073356 -1.833592
v -1.491806 3.089974 -1.829096
v -1.475544 3.092077 -1.840258
v -1.072596 2.624585 -1.829096
v -1.058684 2.641203 -1.833592
v -1.056335 2.622482 -1.840258
v -0.639474 3.073356 -1.833593
v -0.653386 3.089974 -1.829097
v -0.637125 3.092076 -1.840258
v -0.234177 2.624585 -1.829097
v -0.220264 2.641203 -1.833593
v -0.217915 2.622482 -1.840258
v 0.198945 3.073356 -1.833593
v 0.185033 3.089974 -1.829097
v 0.201295 3.092077 -1.840259
v 0.604243 2.624585 -1.829097
v 0.618155 2.641203 -1.833593
v 0.620504 2.622482 -1.840259
v 1.037365 3.073356 -1.833593
v 1.023453 3.089974 -1.829097
v 1.039714 3.092077 -1.840259
v 1.442662 2.624585 -1.829097
v 1.456575 2.641203 -1.833593
v 1.458924 2.622482 -1.840259
v 1.477892 2.641203 -1.833593
v 1.491804 2.624585 -1.829097
v 1.475543 2.622482 -1.840259
v -1.491806 3.120308 -1.820968
v -1.477893 3.136947 -1.816553
v -1.475544 3.124068 -1.831686
v -1.058684 3.511204 -1.600476
v -1.072596 3.523347 -1.588274
v -1.056334 3.530749 -1.596888
v -0.653386 3.120309 -1.820968
v -0.639474 3.136948 -1.816553
v -0.637125 3.124068 -1.831686
v -0.220264 3.511204 -1.600477
v -0.234177 3.523347 -1.588274
v -0.217915 3.530749 -1.596889
v 0.185033 3.120308 -1.820969
v 0.198945 3.136947 -1.816554
v 0.201295 3.124068 -1.831687
v 0.618155 3.511203 -1.600477
v 0.604243 3.523346 -1.588274
v 0.620504 3.530749 -1.596890
v 1.023453 3.120308 -1.820969
v 1.037365 3.136947 -1.816554
v 1.039714 3.124068 -1.831687
v 1.456575 3.511203 -1.600477
v 1.442662 3.523346 -1.588275
v 1.458924 3.530749 -1.596890
v 1.477892 3.511204 -1.600477
v 1.475543 3.530749 -1.596889
v 1.491805 3.523347 -1.588274
v -1.477893 3.773833 -1.179668
v -1.491805 3.778248 -1.163028
v -1.475544 3.788966 -1.166788
v -1.072596 3.545553 -1.566068
v -1.058684 3.557756 -1.553924
v -1.056334 3.554168 -1.573470
v -0.639474 3.773833 -1.179668
v -0.653386 3.778248 -1.163028
v -0.637125 3.788966 -1.166788
v -0.234177 3.545553 -1.566068
v -0.220264 3.557756 -1.553924
v -0.217915 3.554168 -1.573470
v 0.198946 3.773833 -1.179668
v 0.185033 3.778248 -1.163029
v 0.201295 3.788966 -1.166788
v 0.604243 3.545553 -1.566068
v 0.618155 3.557756 -1.553925
v 0.620504 3.554168 -1.573470
v 1.037365 3.773833 -1.179669
v 1.023453 3.778248 -1.163029
v 1.039714 3.788966 -1.166789
v 1.442662 3.545553 -1.566069
v 1.456574 3.557756 -1.553925
v 1.458924 3.554168 -1.573470
v 1.477892 3.557756 -1.553925
v 1.491804 3.545553 -1.566068
v 1.475543 3.554168 -1.573470
v -1.491806 3.786376 -1.132694
v -1.477893 3.790873 -1.116076
v -1.475544 3.797539 -1.134797
v -1.058684 3.790873 -0.683923
v -1.072596 3.786376 -0.667305
v -1.056334 3.797538 -0.665202
v -0.653386 3.786376 -1.132694
v -0.639474 3.790873 -1.116076
v -0.637125 3.797539 -1.134797
v -0.220264 3.790873 -0.683923
v -0.234176 3.786376 -0.667305
v -0.217915 3.797539 -0.665202
v 0.185033 3.786376 -1.132695
v 0.198946 3.790873 -1.116077
v 0.201295 3.797539 -1.134798
v 0.618155 3.790873 -0.683923
v 0.604243 3.786376 -0.667305
v 0.620504 3.797539 -0.665202
v 1.023453 3.786376 -1.132695
v 1.037365 3.790873 -1.116077
v 1.039714 3.797539 -1.134798
v 1.456575 3.790873 -0.683924
v 1.442663 3.786376 -0.667306
v 1.458924 3.797539 -0.665203
v 1.477892 3.790873 -0.683924
v 1.475543 3.797538 -0.665203
v 1.491805 3.786376 -0.667306
v -1.477893 3.557755 -0.246075
v -1.491805 3.545553 -0.233932
v -1.475544 3.554168 -0.226530
v -1.072596 3.778248 -0.636971
v -1.058684 3.773833 -0.620331
v -1.056334 3.788966 -0.633211
v -0.639474 3.557755 -0.246076
v -0.653386 3.545553 -0.233932
v -0.637124 3.554168 -0.226530
v -0.234176 3.778248 -0.636971
v -0.220264 3.773833 -0.620332
v -0.217915 3.788966 -0.633211
v 0.198946 3.557755 -0.246076
v 0.185034 3.545553 -0.233932
v 0.201295 3.554168 -0.226530
v 0.604243 3.778248 -0.636971
v 0.618155 3.773833 -0.620332
v 0.620505 3.788966 -0.633212
v 1.037365 3.557755 -0.246076
v 1.023453 3.545553 -0.233932
v 1.039715 3.554168 -0.226530
v 1.442663 3.778248 -0.636972
v 1.456575 3.773833 -0.620332
v 1.458924 3.788966 -0.633212
v 1.477892 3.773833 -0.620332
v 1.491805 3.778248 -0.636972
v 1.475543 3.788966 -0.633212
v -1.491805 3.523347 -0.211726
v -1.477893 3.511204 -0.199523
v -1.475544 3.530749 -0.203111
v -1.058683 3.136947 0.016554
v -1.072595 3.120308 0.020969
v -1.056334 3.124068 0.031687
v -0.653386 3.523347 -0.211726
v -0.639474 3.511204 -0.199523
v -0.637124 3.530749 -0.203111
v -0.220264 3.136947 0.016554
v -0.234176 3.120308 0.020969
v -0.217915 3.124068 0.031687
v 0.185034 3.523347 -0.211726
v 0.198946 3.511204 -0.199523
v 0.201295 3.530749 -0.203111
v 0.618156 3.136947 0.016553
v 0.604243 3.120308 0.020968
v 0.620505 3.124068 0.031686
v 1.023453 3.523347 -0.211726
v 1.037365 3.511204 -0.199524
v 1.039715 3.530749 -0.203111
v 1.456575 3.136947 0.016553
v 1.442663 3.120308 0.020968
v 1.458924 3.124068 0.031686
v 1.477893 3.136947 0.016553
v 1.475544 3.124068 0.031686
v 1.491805 3.120308 0.020968
v 1.663196 2.868717 -0.158975
v 1.676839 2.845843 -0.158975
v 1.688679 2.857280 -0.155911
v 1.676839 2.868717 -0.158975
v -1.663196 2.845843 -0.158974
v -1.676839 2.868717 -0.158974
v -1.688679 2.857280 -0.155910
v -1.676839 2.845843 -0.158974
v 1.257629 2.868717 -0.158975
v 1.257629 2.845843 -0.158975
v 1.456575 3.073356 0.033592
v 1.458924 3.092077 0.040258
v 1.442663 3.089974 0.029096
v 0.838419 2.868717 -0.158975
v 0.838419 2.845843 -0.158975
v 1.037366 2.641203 0.033592
v 1.023453 2.624585 0.029096
v 1.039715 2.622482 0.040258
v 0.419210 2.868717 -0.158975
v 0.419210 2.845843 -0.158975
v 0.618156 3.073356 0.033593
v 0.620505 3.092077 0.040258
v 0.604243 3.089974 0.029096
v -0.000000 2.868717 -0.158975
v -0.000000 2.845843 -0.158975
v 0.198946 2.641203 0.033593
v 0.185034 2.624585 0.029097
v 0.201295 2.622482 0.040258
v -0.419210 2.868717 -0.158975
v -0.419210 2.845843 -0.158975
v -0.220264 3.073356 0.033593
v -0.217914 3.092077 0.040259
v -0.234176 3.089974 0.029097
v -0.838420 2.868717 -0.158974
v -0.838420 2.845843 -0.158974
v -0.639473 2.641203 0.033593
v -0.653386 2.624585 0.029097
v -0.637124 2.622482 0.040259
v -1.257629 2.868717 -0.158974
v -1.257629 2.845843 -0.158974
v -1.058683 3.073356 0.033593
v -1.056334 3.092077 0.040259
v -1.072595 3.089974 0.029097
v -1.456575 2.577611 0.016554
v -1.442663 2.594251 0.020969
v -1.458924 2.590491 0.031687
v -1.037365 2.203355 -0.199523
v -1.039715 2.183809 -0.203111
v -1.023453 2.191211 -0.211726
v -0.618156 2.577611 0.016554
v -0.604244 2.594251 0.020969
v -0.620505 2.590491 0.031687
v -0.198946 2.203355 -0.199524
v -0.201295 2.183809 -0.203112
v -0.185034 2.191211 -0.211726
v 0.220264 2.577611 0.016553
v 0.234176 2.594251 0.020968
v 0.217914 2.590491 0.031686
v 0.639473 2.203355 -0.199524
v 0.637124 2.183809 -0.203112
v 0.653386 2.191211 -0.211726
v 1.058683 2.577611 0.016553
v 1.072595 2.594251 0.020968
v 1.056334 2.590491 0.031686
v -1.456575 1.940726 -0.620331
v -1.458925 1.925593 -0.633211
v -1.442663 1.936310 -0.636971
v -1.037366 2.156803 -0.246075
v -1.023453 2.169005 -0.233932
v -1.039715 2.160390 -0.226530
v -0.618156 1.940726 -0.620332
v -0.620505 1.925593 -0.633211
v -0.604244 1.936310 -0.636971
v -0.198946 2.156803 -0.246076
v -0.185034 2.169005 -0.233932
v -0.201295 2.160390 -0.226530
v 0.220264 1.940726 -0.620332
v 0.217914 1.925593 -0.633212
v 0.234176 1.936310 -0.636971
v 0.639473 2.156803 -0.246076
v 0.653386 2.169005 -0.233933
v 0.637124 2.160390 -0.226531
v 1.058683 1.940726 -0.620332
v 1.056334 1.925593 -0.633212
v 1.072595 1.936310 -0.636972
v -1.676839 2.116255 -0.911436
v -1.676839 2.116255 -0.888563
v 1.676839 2.116255 -0.888564
v 1.676839 2.116255 -0.911437
v -1.257629 2.116255 -0.911436
v -1.257629 2.116255 -0.888563
v -1.456575 1.923686 -0.683923
v -1.442663 1.928182 -0.667305
v -1.458925 1.917021 -0.665202
v -0.838420 2.116255 -0.911436
v -0.838420 2.116255 -0.888563
v -1.037366 1.923686 -1.116077
v -1.039715 1.917021 -1.134797
v -1.023453 1.928182 -1.132694
v -0.419210 2.116255 -0.911437
v -0.419210 2.116255 -0.888563
v -0.618156 1.923686 -0.683923
v -0.604244 1.928182 -0.667305
v -0.620505 1.917021 -0.665202
v -0.000000 2.116255 -0.911437
v -0.000000 2.116255 -0.888563
v -0.198946 1.923686 -1.116077
v -0.201295 1.917021 -1.134797
v -0.185034 1.928182 -1.132694
v 0.419210 2.116255 -0.911437
v 0.419210 2.116255 -0.888563
v 0.220264 1.923686 -0.683923
v 0.234176 1.928182 -0.667305
v 0.217914 1.917021 -0.665202
v 0.838419 2.116255 -0.911437
v 0.838419 2.116255 -0.888564
v 0.639473 1.923686 -1.116077
v 0.637124 1.917021 -1.134798
v 0.653385 1.928182 -1.132695
v 1.257629 2.116255 -0.911437
v 1.257629 2.116255 -0.888564
v 1.058683 1.923686 -0.683923
v 1.072595 1.928182 -0.667306
v 1.056334 1.917021 -0.665203
v -1.663196 2.221252 -1.280416
v -1.676839 2.209815 -1.260607
v -1.688679 2.212879 -1.272044
v -1.676839 2.221252 -1.280416
v -1.257629 2.209815 -1.260608
v -1.271272 2.221252 -1.280417
v -1.257629 2.221252 -1.280417
v -1.245789 2.212879 -1.272044
v -1.248687 2.210871 -1.264548
v -1.456576 2.156803 -1.553924
v -1.458925 2.160391 -1.573469
v -1.442663 2.169006 -1.566067
v -0.824777 2.221252 -1.280417
v -0.838420 2.209815 -1.260608
v -0.847362 2.210871 -1.264548
v -0.850260 2.212879 -1.272045
v -0.838420 2.221252 -1.280417
v -1.037366 1.940726 -1.179668
v -1.023453 1.936310 -1.163028
v -1.039715 1.925593 -1.166788
v -0.419210 2.209815 -1.260608
v -0.432853 2.221252 -1.280417
v -0.419210 2.221252 -1.280417
v -0.407370 2.212879 -1.272045
v -0.410268 2.210871 -1.264548
v -0.618156 2.156803 -1.553924
v -0.620506 2.160391 -1.573470
v -0.604244 2.169006 -1.566068
v 0.013642 2.221252 -1.280417
v -0.000000 2.209815 -1.260608
v -0.008942 2.210871 -1.264548
v -0.011840 2.212879 -1.272045
v -0.000000 2.221252 -1.280417
v -0.198946 1.940726 -1.179668
v -0.185034 1.936310 -1.163029
v -0.201295 1.925593 -1.166788
v 0.419209 2.209815 -1.260608
v 0.405567 2.221252 -1.280417
v 0.419209 2.221252 -1.280417
v 0.431050 2.212879 -1.272045
v 0.428152 2.210871 -1.264549
v 0.220263 2.156803 -1.553924
v 0.217914 2.160391 -1.573470
v 0.234176 2.169006 -1.566068
v 0.852062 2.221252 -1.280417
v 0.838419 2.209815 -1.260608
v 0.829477 2.210871 -1.264549
v 0.826579 2.212879 -1.272045
v 0.838419 2.221252 -1.280417
v 0.639473 1.940726 -1.179669
v 0.653385 1.936310 -1.163029
v 0.637124 1.925593 -1.166789
v 1.257629 2.209815 -1.260608
v 1.243986 2.221252 -1.280417
v 1.257629 2.221252 -1.280417
v 1.269469 2.212879 -1.272045
v 1.266571 2.210871 -1.264549
v 1.058683 2.156803 -1.553925
v 1.056333 2.160391 -1.573470
v 1.072595 2.169006 -1.566068
v -1.676839 2.496672 -1.547464
v -1.663197 2.476863 -1.536028
v -1.676839 2.476863 -1.536028
v -1.688680 2.485235 -1.544400
v -1.271272 2.476863 -1.536028
v -1.257630 2.496672 -1.547465
v -1.248688 2.492732 -1.546409
v -1.245789 2.485235 -1.544400
v -1.257630 2.476863 -1.536028
v -1.456576 2.203355 -1.600476
v -1.442663 2.191212 -1.588274
v -1.458925 2.183810 -1.596889
v -0.838420 2.496672 -1.547465
v -0.824777 2.476863 -1.536028
v -0.838420 2.476863 -1.536028
v -0.850260 2.485235 -1.544400
v -0.847362 2.492732 -1.546409
v -1.037366 2.577611 -1.816553
v -1.039716 2.590491 -1.831686
v -1.023454 2.594250 -1.820968
v -0.432853 2.476863 -1.536028
v -0.419210 2.496672 -1.547465
v -0.410268 2.492732 -1.546409
v -0.407370 2.485235 -1.544400
v -0.419210 2.476863 -1.536028
v -0.618156 2.203355 -1.600476
v -0.604244 2.191212 -1.588274
v -0.620505 2.183810 -1.596889
v -0.000001 2.496672 -1.547465
v 0.013642 2.476863 -1.536028
v -0.000000 2.476863 -1.536028
v -0.011841 2.485235 -1.544401
v -0.008943 2.492732 -1.546409
v -0.198947 2.577611 -1.816553
v -0.201296 2.590491 -1.831686
v -0.185034 2.594251 -1.820968
v 0.405567 2.476863 -1.536028
v 0.419209 2.496672 -1.547465
v 0.428151 2.492732 -1.546409
v 0.431049 2.485235 -1.544401
v 0.419209 2.476863 -1.536028
v 0.220263 2.203355 -1.600477
v 0.234175 2.191212 -1.588274
v 0.217914 2.183810 -1.596889
v 0.838419 2.496672 -1.547465
v 0.852061 2.476863 -1.536029
v 0.838419 2.476863 -1.536029
v 0.826579 2.485235 -1.544401
v 0.829477 2.492732 -1.546409
v 0.639473 2.577611 -1.816554
v 0.637123 2.590491 -1.831687
v 0.653385 2.594251 -1.820969
v 1.243986 2.476863 -1.536029
v 1.257629 2.496672 -1.547465
v 1.266571 2.492732 -1.546410
v 1.269469 2.485235 -1.544401
v 1.257629 2.476863 -1.536029
v 1.058683 2.203356 -1.600477
v 1.072595 2.191212 -1.588274
v 1.056333 2.183810 -1.596889
v -1.663197 2.868717 -1.641025
v -1.676839 2.845843 -1.641025
v -1.688680 2.857280 -1.644089
v -1.676839 2.868717 -1.641025
v 1.663196 2.845843 -1.641026
v 1.676838 2.868717 -1.641026
v 1.688679 2.857280 -1.644090
v 1.676838 2.845843 -1.641026
v -1.257630 2.868717 -1.641025
v -1.257630 2.845843 -1.641025
v -1.456576 3.073356 -1.833592
v -1.458925 3.092077 -1.840258
v -1.442663 3.089974 -1.829096
v -0.838420 2.868717 -1.641025
v -0.838420 2.845843 -1.641025
v -1.037366 2.641203 -1.833592
v -1.023454 2.624585 -1.829096
v -1.039715 2.622482 -1.840258
v -0.419210 2.868717 -1.641025
v -0.419210 2.845843 -1.641025
v -0.618156 3.073355 -1.833593
v -0.620506 3.092076 -1.840258
v -0.604244 3.089973 -1.829097
v -0.000001 2.868717 -1.641025
v -0.000001 2.845843 -1.641025
v -0.198947 2.641203 -1.833593
v -0.185034 2.624585 -1.829097
v -0.201296 2.622482 -1.840258
v 0.419209 2.868717 -1.641025
v 0.419209 2.845843 -1.641025
v 0.220263 3.073356 -1.833593
v 0.217914 3.092077 -1.840259
v 0.234175 3.089974 -1.829097
v 0.838419 2.868717 -1.641025
v 0.838419 2.845843 -1.641025
v 0.639473 2.641203 -1.833593
v 0.653385 2.624585 -1.829097
v 0.637124 2.622482 -1.840259
v 1.257629 2.868717 -1.641026
v 1.257629 2.845843 -1.641026
v 1.058683 3.073356 -1.833593
v 1.056333 3.092077 -1.840259
v 1.072595 3.089974 -1.829097
v -1.676839 3.237697 -1.536028
v -1.676839 3.217888 -1.547464
v 1.676838 3.217888 -1.547466
v 1.676838 3.237697 -1.536029
v -1.257630 3.237697 -1.536028
v -1.257630 3.217888 -1.547465
v -1.456576 3.136947 -1.816553
v -1.442664 3.120308 -1.820968
v -1.458925 3.124068 -1.831686
v -0.838420 3.217888 -1.547465
v -0.852063 3.237697 -1.536028
v -0.838420 3.237697 -1.536028
v -0.826580 3.229325 -1.544400
v -0.829478 3.221829 -1.546409
v -1.037366 3.511204 -1.600476
v -1.039715 3.530749 -1.596889
v -1.023454 3.523347 -1.588274
v -0.405568 3.237697 -1.536028
v -0.419210 3.217888 -1.547465
v -0.428152 3.221829 -1.546409
v -0.431050 3.229325 -1.544400
v -0.419210 3.237697 -1.536028
v -0.618156 3.136948 -1.816553
v -0.604244 3.120308 -1.820969
v -0.620505 3.124068 -1.831687
v -0.000001 3.217888 -1.547465
v -0.013643 3.237697 -1.536028
v -0.000001 3.237697 -1.536028
v 0.011840 3.229325 -1.544401
v 0.008942 3.221829 -1.546409
v -0.198946 3.511204 -1.600477
v -0.201296 3.530749 -1.596889
v -0.185034 3.523347 -1.588274
v 0.432852 3.237697 -1.536028
v 0.419209 3.217888 -1.547465
v 0.410267 3.221829 -1.546409
v 0.407369 3.229325 -1.544401
v 0.419209 3.237697 -1.536028
v 0.220263 3.136947 -1.816554
v 0.234175 3.120308 -1.820969
v 0.217914 3.124068 -1.831687
v 0.838419 3.217888 -1.547465
v 0.824776 3.237697 -1.536029
v 0.838419 3.237697 -1.536029
v 0.850259 3.229325 -1.544401
v 0.847361 3.221829 -1.546409
v 0.639473 3.511203 -1.600477
v 0.637124 3.530749 -1.596890
v 0.653385 3.523346 -1.588274
v 1.271271 3.237697 -1.536029
v 1.257629 3.217888 -1.547465
v 1.248687 3.221829 -1.546410
v 1.245788 3.229325 -1.544401
v 1.257629 3.237697 -1.536029
v 1.058683 3.136947 -1.816554
v 1.072595 3.120308 -1.820969
v 1.056333 3.124068 -1.831687
v 1.663196 3.493308 -1.280418
v 1.676838 3.504745 -1.260609
v 1.688679 3.501681 -1.272045
v 1.676838 3.493308 -1.280418
v -1.456576 3.773833 -1.179668
v -1.458925 3.788966 -1.166788
v -1.442663 3.778248 -1.163028
v -1.037366 3.557755 -1.553924
v -1.023454 3.545553 -1.566068
v -1.039715 3.554168 -1.573470
v -0.618156 3.773833 -1.179668
v -0.620505 3.788966 -1.166788
v -0.604244 3.778248 -1.163028
v -0.198947 3.557755 -1.553924
v -0.185034 3.545553 -1.566068
v -0.201296 3.554168 -1.573470
v 0.220263 3.773833 -1.179668
v 0.217914 3.788966 -1.166788
v 0.234175 3.778248 -1.163029
v 0.639473 3.557755 -1.553925
v 0.653385 3.545553 -1.566068
v 0.637124 3.554168 -1.573470
v 1.257629 3.504745 -1.260608
v 1.271271 3.493308 -1.280417
v 1.257629 3.493308 -1.280417
v 1.245788 3.501681 -1.272045
v 1.248687 3.503689 -1.264549
v 1.058683 3.773833 -1.179669
v 1.056333 3.788966 -1.166789
v 1.072595 3.778248 -1.163029
v -1.243987 3.598305 -0.888563
v -1.257629 3.598305 -0.911436
v -1.266572 3.599361 -0.907496
v -1.269470 3.601370 -0.900000
v -1.257629 3.598305 -0.888563
v -1.456576 3.790873 -1.116076
v -1.442663 3.786376 -1.132694
v -1.458925 3.797539 -1.134797
v -0.838420 3.598305 -0.911436
v -0.852062 3.598305 -0.888563
v -0.838420 3.598305 -0.888563
v -0.826580 3.601370 -0.900000
v -0.829478 3.599361 -0.907496
v -1.037366 3.790873 -0.683923
v -1.039715 3.797539 -0.665202
v -1.023453 3.786376 -0.667305
v -0.618156 3.790873 -1.116076
v -0.604244 3.786376 -1.132694
v -0.620505 3.797539 -1.134797
v -0.198946 3.790873 -0.683923
v -0.201296 3.797538 -0.665202
v -0.185034 3.786376 -0.667305
v 0.220263 3.790873 -1.116077
v 0.234175 3.786376 -1.132695
v 0.217914 3.797539 -1.134798
v 0.639473 3.790873 -0.683923
v 0.637124 3.797539 -0.665202
v 0.653385 3.786376 -0.667306
v 1.058683 3.790873 -1.116077
v 1.072595 3.786376 -1.132695
v 1.056333 3.797539 -1.134798
v -1.663196 3.493308 -0.519582
v -1.676839 3.504745 -0.539391
v -1.688679 3.501681 -0.527955
v -1.676839 3.493308 -0.519582
v -1.257629 3.504745 -0.539391
v -1.271272 3.493308 -0.519582
v -1.257629 3.493308 -0.519582
v -1.245789 3.501681 -0.527955
v -1.248687 3.503689 -0.535451
v -1.456575 3.557756 -0.246075
v -1.458925 3.554168 -0.226530
v -1.442663 3.545553 -0.233932
v -1.037366 3.773833 -0.620331
v -1.023454 3.778248 -0.636971
v -1.039715 3.788966 -0.633211
v -0.618156 3.557756 -0.246076
v -0.620505 3.554168 -0.226530
v -0.604243 3.545553 -0.233932
v -0.198946 3.773833 -0.620332
v -0.185034 3.778248 -0.636971
v -0.201296 3.788966 -0.633211
v 0.220264 3.557756 -0.246076
v 0.217914 3.554168 -0.226530
v 0.234176 3.545553 -0.233932
v 0.639473 3.773833 -0.620332
v 0.653385 3.778248 -0.636971
v 0.637124 3.788966 -0.633212
v 1.058683 3.557756 -0.246076
v 1.056334 3.554168 -0.226530
v 1.072595 3.545553 -0.233932
v -1.676839 3.217888 -0.252534
v -1.676839 3.237697 -0.263971
v 1.676839 3.237697 -0.263972
v 1.676839 3.217888 -0.252535
v -1.257629 3.217888 -0.252535
v -1.257629 3.237697 -0.263971
v -1.456575 3.511204 -0.199523
v -1.442663 3.523347 -0.211726
v -1.458925 3.530749 -0.203111
v -0.838420 3.217888 -0.252535
v -0.838420 3.237697 -0.263971
v -1.037365 3.136947 0.016554
v -1.039715 3.124068 0.031687
v -1.023453 3.120308 0.020969
v -0.419210 3.217888 -0.252535
v -0.419210 3.237697 -0.263972
v -0.618156 3.511204 -0.199523
v -0.604244 3.523347 -0.211726
v -0.620505 3.530749 -0.203111
v -0.000000 3.217888 -0.252535
v -0.000000 3.237697 -0.263972
v -0.198946 3.136947 0.016554
v -0.201295 3.124068 0.031687
v -0.185034 3.120308 0.020969
v 0.419210 3.217888 -0.252535
v 0.419210 3.237697 -0.263972
v 0.220264 3.511204 -0.199523
v 0.234176 3.523347 -0.211726
v 0.217914 3.530749 -0.203111
v 0.838419 3.217888 -0.252535
v 0.838419 3.237697 -0.263972
v 0.639473 3.136947 0.016553
v 0.637124 3.124068 0.031686
v 0.653386 3.120308 0.020968
v 1.257629 3.217888 -0.252535
v 1.257629 3.237697 -0.263972
v 1.058683 3.511204 -0.199524
v 1.072595 3.523347 -0.211726
v 1.056334 3.530750 -0.203111
v 1.456782 3.073681 0.033375
v 1.477686 3.073681 0.033375
v 1.467234 3.087595 0.041459
v 1.037572 2.640878 0.033375
v 1.048024 2.626964 0.041459
v 1.058476 2.640878 0.033375
v 0.618363 3.073681 0.033375
v 0.639266 3.073681 0.033375
v 0.628815 3.087595 0.041459
v 0.199153 2.640878 0.033375
v 0.209605 2.626964 0.041459
v 0.220057 2.640878 0.033375
v -0.220057 3.073681 0.033376
v -0.199153 3.073681 0.033376
v -0.209605 3.087595 0.041460
v -0.639267 2.640878 0.033376
v -0.628815 2.626964 0.041460
v -0.618363 2.640878 0.033376
v -1.058476 3.073681 0.033376
v -1.037572 3.073681 0.033376
v -1.048024 3.087595 0.041460
v -1.477686 2.640878 0.033376
v -1.467234 2.626964 0.041460
v -1.456782 2.640878 0.033376
v -1.456782 2.578001 0.016528
v -1.467234 2.586009 0.030486
v -1.477686 2.578001 0.016528
v -1.037572 2.203182 -0.199874
v -1.058476 2.203182 -0.199874
v -1.048024 2.187091 -0.199830
v -0.618363 2.578001 0.016528
v -0.628815 2.586009 0.030486
v -0.639267 2.578001 0.016528
v -0.199153 2.203182 -0.199874
v -0.220057 2.203182 -0.199874
v -0.209605 2.187091 -0.199830
v 0.220057 2.578001 0.016527
v 0.209605 2.586009 0.030485
v 0.199153 2.578001 0.016527
v 0.639266 2.203182 -0.199874
v 0.618363 2.203182 -0.199874
v 0.628815 2.187091 -0.199830
v 1.058476 2.578001 0.016527
v 1.048024 2.586009 0.030485
v 1.037573 2.578001 0.016527
v 1.477686 2.203182 -0.199875
v 1.456782 2.203182 -0.199875
v 1.467234 2.187091 -0.199831
v -1.456782 1.940752 -0.620721
v -1.477686 1.940752 -0.620721
v -1.467234 1.926794 -0.628729
v -1.037572 2.157153 -0.245903
v -1.048024 2.157109 -0.229811
v -1.058476 2.157153 -0.245903
v -0.618363 1.940752 -0.620721
v -0.639266 1.940752 -0.620721
v -0.628815 1.926794 -0.628729
v -0.199153 2.157153 -0.245903
v -0.209605 2.157109 -0.229812
v -0.220057 2.157153 -0.245904
v 0.220057 1.940752 -0.620722
v 0.199153 1.940752 -0.620722
v 0.209605 1.926794 -0.628729
v 0.639266 2.157153 -0.245904
v 0.628815 2.157109 -0.229812
v 0.618363 2.157153 -0.245904
v 1.058476 1.940752 -0.620722
v 1.037572 1.940752 -0.620722
v 1.048024 1.926794 -0.628730
v 1.477686 2.157153 -0.245904
v 1.467234 2.157109 -0.229812
v 1.456782 2.157153 -0.245904
v -1.456782 1.923904 -0.683598
v -1.467234 1.915820 -0.669684
v -1.477686 1.923904 -0.683598
v -1.037573 1.923904 -1.116401
v -1.058476 1.923904 -1.116401
v -1.048024 1.915820 -1.130315
v -0.618363 1.923904 -0.683598
v -0.628815 1.915820 -0.669684
v -0.639267 1.923904 -0.683598
v -0.199153 1.923904 -1.116401
v -0.220057 1.923904 -1.116401
v -0.209605 1.915820 -1.130315
v 0.220057 1.923904 -0.683599
v 0.209605 1.915820 -0.669685
v 0.199153 1.923904 -0.683599
v 0.639266 1.923904 -1.116402
v 0.618362 1.923904 -1.116401
v 0.628814 1.915820 -1.130316
v 1.058476 1.923904 -0.683599
v 1.048024 1.915820 -0.669685
v 1.037572 1.923904 -0.683599
v 1.477686 1.923904 -1.116402
v 1.456782 1.923904 -1.116402
v 1.467234 1.915820 -1.130316
v -1.456782 2.157154 -1.554096
v -1.477686 2.157154 -1.554096
v -1.467234 2.157109 -1.570188
v -1.037573 1.940752 -1.179278
v -1.048024 1.926794 -1.171270
v -1.058476 1.940752 -1.179278
v -0.618363 2.157154 -1.554096
v -0.639267 2.157154 -1.554096
v -0.628815 2.157109 -1.570188
v -0.199153 1.940752 -1.179278
v -0.209605 1.926794 -1.171271
v -0.220057 1.940752 -1.179278
v 0.220056 2.157154 -1.554097
v 0.199153 2.157154 -1.554097
v 0.209604 2.157109 -1.570189
v 0.639266 1.940752 -1.179279
v 0.628814 1.926794 -1.171271
v 0.618362 1.940752 -1.179279
v 1.058476 2.157154 -1.554097
v 1.037572 2.157154 -1.554097
v 1.048024 2.157109 -1.570189
v 1.477686 1.940752 -1.179279
v 1.467234 1.926794 -1.171271
v 1.456782 1.940752 -1.179279
v -1.456782 2.203183 -1.600126
v -1.467234 2.187091 -1.600170
v -1.477686 2.203183 -1.600126
v -1.037573 2.578001 -1.816527
v -1.058477 2.578001 -1.816527
v -1.048025 2.586009 -1.830485
v -0.618363 2.203183 -1.600126
v -0.628815 2.187091 -1.600170
v -0.639267 2.203183 -1.600126
v -0.199154 2.578001 -1.816527
v -0.220057 2.578001 -1.816527
v -0.209605 2.586009 -1.830485
v 0.220056 2.203183 -1.600126
v 0.209604 2.187091 -1.600170
v 0.199152 2.203183 -1.600126
v 0.639266 2.578001 -1.816528
v 0.618362 2.578001 -1.816528
v 0.628814 2.586009 -1.830486
v 1.058476 2.203183 -1.600127
v 1.048024 2.187091 -1.600170
v 1.037572 2.203183 -1.600127
v 1.477685 2.578001 -1.816528
v 1.456782 2.578001 -1.816528
v 1.467233 2.586009 -1.830486
v -1.456783 3.073681 -1.833375
v -1.477687 3.073681 -1.833375
v -1.467235 3.087595 -1.841459
v -1.037573 2.640878 -1.833375
v -1.048025 2.626964 -1.841459
v -1.058477 2.640878 -1.833375
v -0.618363 3.073680 -1.833375
v -0.639267 3.073680 -1.833375
v -0.628815 3.087594 -1.841459
v -0.199153 2.640878 -1.833375
v -0.209605 2.626964 -1.841459
v -0.220058 2.640878 -1.833375
v 0.220056 3.073681 -1.833376
v 0.199152 3.073681 -1.833376
v 0.209604 3.087595 -1.841460
v 0.639266 2.640878 -1.833376
v 0.628814 2.626964 -1.841460
v 0.618362 2.640878 -1.833376
v 1.058476 3.073681 -1.833376
v 1.037572 3.073681 -1.833376
v 1.048024 3.087595 -1.841460
v 1.477685 2.640878 -1.833376
v 1.467233 2.626964 -1.841460
v 1.456781 2.640878 -1.833376
v -1.456783 3.136558 -1.816527
v -1.467235 3.128550 -1.830485
v -1.477686 3.136558 -1.816527
v -1.037573 3.511376 -1.600126
v -1.058477 3.511376 -1.600126
v -1.048025 3.527468 -1.600170
v -0.618363 3.136558 -1.816527
v -0.628815 3.128550 -1.830485
v -0.639267 3.136558 -1.816527
v -0.199153 3.511376 -1.600126
v -0.220057 3.511376 -1.600126
v -0.209605 3.527468 -1.600170
v 0.220056 3.136558 -1.816528
v 0.209604 3.128550 -1.830486
v 0.199152 3.136558 -1.816528
v 0.639266 3.511376 -1.600127
v 0.618362 3.511376 -1.600127
v 0.628814 3.527468 -1.600171
v 1.058476 3.136558 -1.816528
v 1.048024 3.128550 -1.830486
v 1.037572 3.136558 -1.816528
v 1.477685 3.511376 -1.600127
v 1.456781 3.511376 -1.600127
v 1.467233 3.527468 -1.600171
v -1.456782 3.773807 -1.179278
v -1.477686 3.773807 -1.179278
v -1.467234 3.787765 -1.171270
v -1.037573 3.557405 -1.554096
v -1.048025 3.557449 -1.570188
v -1.058477 3.557405 -1.554096
v -0.618363 3.773807 -1.179278
v -0.639267 3.773807 -1.179278
v -0.628815 3.787765 -1.171270
v -0.199153 3.557405 -1.554097
v -0.209605 3.557449 -1.570189
v -0.220057 3.557405 -1.554097
v 0.220056 3.773807 -1.179278
v 0.199152 3.773807 -1.179278
v 0.209604 3.787765 -1.171271
v 0.639266 3.557405 -1.554097
v 0.628814 3.557449 -1.570189
v 0.618362 3.557405 -1.554097
v 1.058476 3.773807 -1.179279
v 1.037572 3.773807 -1.179279
v 1.048024 3.787765 -1.171271
v 1.477686 3.557405 -1.554097
v 1.467234 3.557449 -1.570189
v 1.456782 3.557405 -1.554097
v -1.456782 3.790655 -1.116401
v -1.467234 3.798739 -1.130315
v -1.477686 3.790655 -1.116401
v -1.037573 3.790655 -0.683598
v -1.058477 3.790655 -0.683598
v -1.048025 3.798739 -0.669684
v -0.618363 3.790655 -1.116401
v -0.628815 3.798739 -1.130315
v -0.639267 3.790655 -1.116401
v -0.199153 3.790655 -0.683599
v -0.220057 3.790655 -0.683599
v -0.209605 3.798739 -0.669685
v 0.220056 3.790655 -1.116401
v 0.209604 3.798739 -1.130315
v 0.199152 3.790655 -1.116401
v 0.639266 3.790655 -0.683599
v 0.618362 3.790655 -0.683599
v 0.628814 3.798739 -0.669685
v 1.058476 3.790655 -1.116402
v 1.048024 3.798739 -1.130316
v 1.037572 3.790655 -1.116402
v 1.477686 3.790655 -0.683599
v 1.456782 3.790655 -0.683599
v 1.467234 3.798739 -0.669685
v -1.456782 3.557405 -0.245903
v -1.477686 3.557405 -0.245903
v -1.467234 3.557449 -0.229811
v -1.037573 3.773807 -0.620721
v -1.048025 3.787765 -0.628729
v -1.058477 3.773807 -0.620721
v -0.618363 3.557405 -0.245903
v -0.639267 3.557405 -0.245903
v -0.628815 3.557449 -0.229811
v -0.199153 3.773807 -0.620721
v -0.209605 3.787765 -0.628729
v -0.220057 3.773807 -0.620721
v 0.220057 3.557405 -0.245903
v 0.199153 3.557405 -0.245903
v 0.209605 3.557449 -0.229811
v 0.639266 3.773807 -0.620722
v 0.628814 3.787765 -0.628730
v 0.618362 3.773807 -0.620722
v 1.058476 3.557405 -0.245904
v 1.037572 3.557405 -0.245904
v 1.048024 3.557449 -0.229812
v 1.477686 3.773807 -0.620722
v 1.467234 3.787765 -0.628730
v 1.456782 3.773807 -0.620722
v -1.456782 3.511376 -0.199873
v -1.467234 3.527468 -0.199829
v -1.477686 3.511376 -0.199873
v -1.037572 3.136558 0.016528
v -1.058476 3.136558 0.016528
v -1.048024 3.128550 0.030486
v -0.618363 3.511376 -0.199874
v -0.628815 3.527468 -0.199830
v -0.639267 3.511376 -0.199874
v -0.199153 3.136558 0.016528
v -0.220057 3.136558 0.016528
v -0.209605 3.128550 0.030486
v 0.220057 3.511376 -0.199874
v 0.209605 3.527468 -0.199830
v 0.199153 3.511376 -0.199874
v 0.639266 3.136558 0.016527
v 0.618363 3.136558 0.016527
v 0.628815 3.128550 0.030485
v 1.058476 3.511376 -0.199874
v 1.048024 3.527468 -0.199830
v 1.037572 3.511376 -0.199874
v 1.477686 3.136558 0.016527
v 1.456782 3.136558 0.016527
v 1.467234 3.128550 0.030485
v 1.493488 3.094184 0.028080
v 1.493488 3.116154 0.022193
v 1.480631 3.108073 0.035972
v 1.440980 3.094184 0.028080
v 1.453837 3.108073 0.035972
v 1.440980 3.116154 0.022193
v 0.655068 3.094184 0.028081
v 0.655069 3.116154 0.022194
v 0.642212 3.108073 0.035972
v 0.602561 3.094184 0.028081
v 0.615417 3.108073 0.035972
v 0.602560 3.116154 0.022194
v -0.183351 3.094184 0.028081
v -0.183351 3.116154 0.022194
v -0.196207 3.108073 0.035973
v -0.235859 3.094184 0.028081
v -0.223002 3.108073 0.035973
v -0.235859 3.116154 0.022194
v -1.021770 3.094184 0.028081
v -1.021770 3.116154 0.022194
v -1.034627 3.108073 0.035973
v -1.074278 3.094184 0.028081
v -1.061422 3.108073 0.035973
v -1.074278 3.116154 0.022194
v 1.074278 3.526485 -0.214711
v 1.074278 3.542568 -0.230795
v 1.061422 3.542459 -0.214821
v 1.021770 3.526485 -0.214711
v 1.034627 3.542459 -0.214821
v 1.021770 3.542568 -0.230795
v 0.235859 3.526485 -0.214711
v 0.235859 3.542568 -0.230794
v 0.223002 3.542459 -0.214821
v 0.183351 3.526485 -0.214711
v 0.196207 3.542459 -0.214821
v 0.183351 3.542568 -0.230794
v -0.602561 3.526485 -0.214711
v -0.602561 3.542568 -0.230794
v -0.615417 3.542459 -0.214821
v -0.655069 3.526485 -0.214711
v -0.642212 3.542459 -0.214821
v -0.655069 3.542568 -0.230794
v -1.440980 3.526485 -0.214710
v -1.440980 3.542568 -0.230794
v -1.453837 3.542459 -0.214820
v -1.493488 3.526485 -0.214710
v -1.480631 3.542459 -0.214820
v -1.493488 3.542568 -0.230794
v 1.493488 3.779474 -0.641126
v 1.493488 3.785360 -0.663096
v 1.480631 3.793252 -0.649207
v 1.440980 3.779474 -0.641126
v 1.453836 3.793252 -0.649207
v 1.440980 3.785360 -0.663096
v 0.655068 3.779474 -0.641126
v 0.655068 3.785360 -0.663096
v 0.642211 3.793252 -0.649207
v 0.602560 3.779474 -0.641125
v 0.615417 3.793252 -0.649207
v 0.602560 3.785360 -0.663095
v -0.183351 3.779474 -0.641125
v -0.183351 3.785360 -0.663095
v -0.196208 3.793252 -0.649207
v -0.235859 3.779474 -0.641125
v -0.223003 3.793252 -0.649207
v -0.235859 3.785360 -0.663095
v -1.021771 3.779474 -0.641125
v -1.021771 3.785360 -0.663095
v -1.034627 3.793252 -0.649207
v -1.074279 3.779474 -0.641125
v -1.061422 3.793252 -0.649207
v -1.074279 3.785360 -0.663095
v 1.074278 3.785360 -1.136905
v 1.074278 3.779474 -1.158875
v 1.061421 3.793252 -1.150793
v 1.021770 3.785360 -1.136905
v 1.034626 3.793252 -1.150793
v 1.021770 3.779474 -1.158875
v 0.235858 3.785360 -1.136905
v 0.235858 3.779474 -1.158875
v 0.223002 3.793252 -1.150793
v 0.183350 3.785360 -1.136905
v 0.196207 3.793252 -1.150793
v 0.183350 3.779474 -1.158875
v -0.602561 3.785360 -1.136904
v -0.602561 3.779474 -1.158875
v -0.615418 3.793252 -1.150793
v -0.655069 3.785360 -1.136904
v -0.642212 3.793252 -1.150793
v -0.655069 3.779474 -1.158875
v -1.440980 3.785360 -1.136904
v -1.440980 3.779474 -1.158874
v -1.453837 3.793252 -1.150792
v -1.493488 3.785360 -1.136904
v -1.480632 3.793252 -1.150792
v -1.493488 3.779474 -1.158874
v 1.493487 3.542569 -1.569206
v 1.493487 3.526485 -1.585289
v 1.480631 3.542459 -1.585180
v 1.440979 3.542568 -1.569206
v 1.453836 3.542459 -1.585180
v 1.440979 3.526485 -1.585289
v 0.655068 3.542568 -1.569206
v 0.655068 3.526485 -1.585289
v 0.642211 3.542459 -1.585180
v 0.602560 3.542568 -1.569206
v 0.615417 3.542459 -1.585180
v 0.602560 3.526485 -1.585289
v -0.183351 3.542568 -1.569206
v -0.183351 3.526485 -1.585289
v -0.196208 3.542459 -1.585179
v -0.235859 3.542568 -1.569206
v -0.223003 3.542459 -1.585179
v -0.235860 3.526485 -1.585289
v -1.021771 3.542568 -1.569206
v -1.021771 3.526485 -1.585289
v -1.034628 3.542459 -1.585179
v -1.074279 3.542568 -1.569206
v -1.061422 3.542459 -1.585179
v -1.074279 3.526485 -1.585289
v 1.074278 3.116154 -1.822194
v 1.074278 3.094184 -1.828081
v 1.061421 3.108073 -1.835973
v 1.021770 3.116154 -1.822194
v 1.034626 3.108073 -1.835973
v 1.021770 3.094184 -1.828081
v 0.235858 3.116154 -1.822194
v 0.235858 3.094184 -1.828081
v 0.223002 3.108073 -1.835973
v 0.183350 3.116154 -1.822194
v 0.196207 3.108073 -1.835973
v 0.183350 3.094184 -1.828081
v -0.602561 3.116154 -1.822194
v -0.602561 3.094184 -1.828081
v -0.615418 3.108073 -1.835972
v -0.655069 3.116154 -1.822194
v -0.642213 3.108073 -1.835972
v -0.655069 3.094184 -1.828081
v -1.440981 3.116154 -1.822194
v -1.440981 3.094184 -1.828081
v -1.453837 3.108073 -1.835972
v -1.493489 3.116154 -1.822194
v -1.480632 3.108073 -1.835972
v -1.493489 3.094184 -1.828081
v 1.493487 2.620375 -1.828081
v 1.493487 2.598405 -1.822194
v 1.480631 2.606487 -1.835973
v 1.440979 2.620375 -1.828081
v 1.453836 2.606487 -1.835973
v 1.440979 2.598405 -1.822194
v 0.655068 2.620375 -1.828081
v 0.655068 2.598405 -1.822194
v 0.642211 2.606487 -1.835973
v 0.602560 2.620375 -1.828081
v 0.615417 2.606487 -1.835973
v 0.602560 2.598405 -1.822194
v -0.183351 2.620375 -1.828081
v -0.183351 2.598405 -1.822194
v -0.196208 2.606487 -1.835972
v -0.235860 2.620375 -1.828081
v -0.223003 2.606487 -1.835972
v -0.235860 2.598405 -1.822194
v -1.021771 2.620375 -1.828080
v -1.021771 2.598405 -1.822194
v -1.034628 2.606487 -1.835972
v -1.074279 2.620375 -1.828080
v -1.061422 2.606487 -1.835972
v -1.074279 2.598405 -1.822194
v 1.074278 2.188074 -1.585290
v 1.074278 2.171991 -1.569206
v 1.061421 2.172100 -1.585180
v 1.021770 2.188074 -1.585289
v 1.034626 2.172101 -1.585180
v 1.021770 2.171991 -1.569206
v 0.235858 2.188074 -1.585289
v 0.235858 2.171991 -1.569206
v 0.223002 2.172100 -1.585180
v 0.183350 2.188074 -1.585289
v 0.196207 2.172100 -1.585180
v 0.183350 2.171991 -1.569206
v -0.602561 2.188074 -1.585289
v -0.602561 2.171991 -1.569206
v -0.615418 2.172100 -1.585179
v -0.655069 2.188074 -1.585289
v -0.642212 2.172100 -1.585179
v -0.655069 2.171991 -1.569206
v -1.440980 2.188074 -1.585289
v -1.440980 2.171991 -1.569206
v -1.453837 2.172100 -1.585179
v -1.493488 2.188074 -1.585289
v -1.480632 2.172100 -1.585179
v -1.493488 2.171991 -1.569206
v 1.493488 1.935085 -1.158875
v 1.493488 1.929198 -1.136905
v 1.480631 1.921307 -1.150794
v 1.440980 1.935085 -1.158875
v 1.453837 1.921307 -1.150794
v 1.440980 1.929198 -1.136905
v 0.655068 1.935085 -1.158875
v 0.655068 1.929198 -1.136905
v 0.642212 1.921307 -1.150793
v 0.602560 1.935085 -1.158875
v 0.615417 1.921307 -1.150793
v 0.602560 1.929198 -1.136905
v -0.183351 1.935085 -1.158875
v -0.183351 1.929198 -1.136905
v -0.196208 1.921307 -1.150793
v -0.235859 1.935085 -1.158875
v -0.223002 1.921307 -1.150793
v -0.235859 1.929198 -1.136905
v -1.021770 1.935085 -1.158875
v -1.021770 1.929198 -1.136904
v -1.034627 1.921307 -1.150793
v -1.074278 1.935085 -1.158875
v -1.061422 1.921307 -1.150793
v -1.074278 1.929198 -1.136904
v 1.074278 1.929198 -0.663096
v 1.074278 1.935085 -0.641125
v 1.061422 1.921307 -0.649207
v 1.021770 1.929198 -0.663096
v 1.034627 1.921307 -0.649207
v 1.021770 1.935085 -0.641125
v 0.235859 1.929198 -0.663095
v 0.235859 1.935085 -0.641125
v 0.223002 1.921307 -0.649207
v 0.183351 1.929198 -0.663095
v 0.196207 1.921307 -0.649207
v 0.183351 1.935085 -0.641125
v -0.602561 1.929198 -0.663095
v -0.602561 1.935085 -0.641125
v -0.615417 1.921307 -0.649207
v -0.655069 1.929198 -0.663095
v -0.642212 1.921307 -0.649207
v -0.655069 1.935085 -0.641125
v -1.440980 1.929198 -0.663095
v -1.440980 1.935085 -0.641125
v -1.453837 1.921307 -0.649206
v -1.493488 1.929198 -0.663095
v -1.480631 1.921307 -0.649206
v -1.493488 1.935085 -0.641125
v 1.493488 2.171990 -0.230795
v 1.493488 2.188073 -0.214712
v 1.480631 2.172100 -0.214821
v 1.440980 2.171990 -0.230795
v 1.453837 2.172100 -0.214821
v 1.440980 2.188073 -0.214712
v 0.655069 2.171990 -0.230795
v 0.655069 2.188073 -0.214711
v 0.642212 2.172100 -0.214821
v 0.602560 2.171990 -0.230795
v 0.615417 2.172100 -0.214821
v 0.602560 2.188073 -0.214711
v -0.183351 2.171990 -0.230794
v -0.183351 2.188073 -0.214711
v -0.196207 2.172100 -0.214821
v -0.235859 2.171990 -0.230794
v -0.223002 2.172100 -0.214821
v -0.235859 2.188073 -0.214711
v -1.021770 2.171990 -0.230794
v -1.021770 2.188073 -0.214711
v -1.034627 2.172100 -0.214820
v -1.074278 2.171990 -0.230794
v -1.061422 2.172100 -0.214820
v -1.074278 2.188073 -0.214711
v 1.074278 2.598405 0.022193
v 1.074278 2.620375 0.028080
v 1.061422 2.606487 0.035972
v 1.021770 2.598405 0.022193
v 1.034627 2.606487 0.035972
v 1.021770 2.620375 0.028080
v 0.235859 2.598405 0.022194
v 0.235859 2.620375 0.028081
v 0.223002 2.606487 0.035972
v 0.183351 2.598405 0.022194
v 0.196207 2.606487 0.035972
v 0.183351 2.620375 0.028081
v -0.602561 2.598405 0.022194
v -0.602561 2.620375 0.028081
v -0.615417 2.606487 0.035973
v -0.655069 2.598405 0.022194
v -0.642212 2.606487 0.035973
v -0.655069 2.620375 0.028081
v -1.440980 2.598405 0.022194
v -1.440980 2.620375 0.028081
v -1.453837 2.606487 0.035973
v -1.493488 2.598405 0.022194
v -1.480631 2.606487 0.035973
v -1.493488 2.620375 0.028081
v 1.456221 2.943799 -0.167331
v 1.467234 2.920947 -0.172970
v 1.478247 2.943799 -0.167331
v 1.400339 2.966256 -0.173380
v 1.384727 2.981280 -0.177451
v 1.376769 2.957157 -0.182673
v 1.037011 2.770761 -0.167331
v 1.059037 2.770761 -0.167331
v 1.048024 2.793613 -0.172970
v 0.981129 2.748304 -0.173380
v 0.957559 2.757403 -0.182673
v 0.965518 2.733281 -0.177451
v 0.617801 2.943799 -0.167331
v 0.628814 2.920947 -0.172970
v 0.639827 2.943799 -0.167331
v 0.561919 2.966256 -0.173379
v 0.546308 2.981280 -0.177451
v 0.538349 2.957157 -0.182672
v 0.198592 2.770761 -0.167331
v 0.220618 2.770761 -0.167331
v 0.209605 2.793613 -0.172970
v 0.142710 2.748304 -0.173379
v 0.119140 2.757403 -0.182672
v 0.127098 2.733281 -0.177450
v -0.220618 2.943799 -0.167331
v -0.209605 2.920947 -0.172970
v -0.198592 2.943799 -0.167331
v -0.276500 2.966256 -0.173379
v -0.292112 2.981280 -0.177450
v -0.300070 2.957157 -0.182672
v -0.639828 2.770761 -0.167331
v -0.617802 2.770761 -0.167331
v -0.628815 2.793613 -0.172970
v -0.695710 2.748304 -0.173379
v -0.719280 2.757403 -0.182672
v -0.711321 2.733281 -0.177450
v -1.059037 2.943799 -0.167331
v -1.048024 2.920947 -0.172970
v -1.037011 2.943799 -0.167331
v -1.114920 2.966256 -0.173379
v -1.130531 2.981280 -0.177450
v -1.138490 2.957157 -0.182672
v -1.478247 2.770761 -0.167330
v -1.456221 2.770761 -0.167331
v -1.467234 2.793613 -0.172969
v -1.534129 2.748304 -0.173379
v -1.557699 2.757403 -0.182672
v -1.549741 2.733281 -0.177450
v -1.456221 2.565874 -0.222230
v -1.478247 2.565874 -0.222230
v -1.467234 2.548903 -0.238539
v -1.400339 2.588346 -0.216240
v -1.376769 2.585112 -0.228837
v -1.384728 2.603392 -0.212253
v -1.037011 2.416017 -0.308749
v -1.048024 2.438627 -0.302207
v -1.059037 2.416017 -0.308749
v -0.981129 2.399594 -0.325216
v -0.965518 2.388618 -0.336253
v -0.957559 2.412120 -0.328714
v -0.617802 2.565874 -0.222230
v -0.639828 2.565874 -0.222230
v -0.628815 2.548903 -0.238540
v -0.561920 2.588346 -0.216240
v -0.538350 2.585112 -0.228837
v -0.546308 2.603392 -0.212254
v -0.198592 2.416017 -0.308749
v -0.209605 2.438627 -0.302207
v -0.220618 2.416017 -0.308750
v -0.142710 2.399594 -0.325216
v -0.127098 2.388618 -0.336253
v -0.119140 2.412120 -0.328714
v 0.220618 2.565874 -0.222230
v 0.198592 2.565874 -0.222230
v 0.209605 2.548903 -0.238540
v 0.276500 2.588346 -0.216240
v 0.300070 2.585112 -0.228838
v 0.292111 2.603392 -0.212254
v 0.639827 2.416017 -0.308750
v 0.628814 2.438627 -0.302207
v 0.617801 2.416017 -0.308750
v 0.695710 2.399594 -0.325216
v 0.711321 2.388618 -0.336254
v 0.719280 2.412120 -0.328715
v 1.059037 2.565874 -0.222231
v 1.037011 2.565874 -0.222231
v 1.048024 2.548903 -0.238540
v 1.114919 2.588346 -0.216240
v 1.138489 2.585112 -0.228838
v 1.130531 2.603392 -0.212254
v 1.478247 2.416017 -0.308750
v 1.467234 2.438627 -0.302208
v 1.456221 2.416017 -0.308750
v 1.534129 2.399594 -0.325216
v 1.549740 2.388618 -0.336254
v 1.557699 2.412120 -0.328715
v -1.456221 2.179510 -0.608593
v -1.467234 2.195819 -0.591622
v -1.478247 2.179510 -0.608593
v -1.400339 2.173520 -0.631065
v -1.384728 2.169533 -0.646111
v -1.376769 2.186117 -0.627831
v -1.037011 2.266029 -0.458737
v -1.059037 2.266029 -0.458737
v -1.048024 2.259487 -0.481347
v -0.981129 2.282495 -0.442313
v -0.957559 2.285994 -0.454840
v -0.965518 2.293533 -0.431338
v -0.617802 2.179510 -0.608593
v -0.628815 2.195819 -0.591622
v -0.639828 2.179510 -0.608593
v -0.561919 2.173520 -0.631065
v -0.546308 2.169533 -0.646112
v -0.538349 2.186117 -0.627832
v -0.198592 2.266029 -0.458737
v -0.220618 2.266029 -0.458737
v -0.209605 2.259487 -0.481347
v -0.142710 2.282495 -0.442314
v -0.119140 2.285994 -0.454840
v -0.127098 2.293533 -0.431338
v 0.220618 2.179510 -0.608594
v 0.209605 2.195819 -0.591623
v 0.198592 2.179510 -0.608593
v 0.276500 2.173520 -0.631066
v 0.292111 2.169533 -0.646112
v 0.300070 2.186117 -0.627832
v 0.639827 2.266029 -0.458738
v 0.617801 2.266029 -0.458738
v 0.628814 2.259487 -0.481348
v 0.695710 2.282495 -0.442314
v 0.719280 2.285994 -0.454841
v 0.711321 2.293533 -0.431339
v 1.059037 2.179510 -0.608594
v 1.048024 2.195819 -0.591623
v 1.037011 2.179510 -0.608594
v 1.114919 2.173520 -0.631066
v 1.130531 2.169533 -0.646112
v 1.138489 2.186117 -0.627832
v 1.478247 2.266029 -0.458738
v 1.456221 2.266029 -0.458738
v 1.467234 2.259487 -0.481348
v 1.534129 2.282496 -0.442314
v 1.557699 2.285994 -0.454841
v 1.549741 2.293533 -0.431339
v -1.456221 2.124611 -0.813480
v -1.478247 2.124611 -0.813480
v -1.467234 2.130250 -0.836332
v -1.400339 2.130659 -0.791024
v -1.376769 2.139952 -0.800123
v -1.384728 2.134730 -0.776000
v -1.037011 2.124611 -0.986519
v -1.048024 2.130250 -0.963667
v -1.059037 2.124611 -0.986519
v -0.981129 2.130659 -1.008975
v -0.965518 2.134730 -1.023999
v -0.957559 2.139952 -0.999877
v -0.617802 2.124611 -0.813480
v -0.639828 2.124611 -0.813480
v -0.628815 2.130250 -0.836332
v -0.561920 2.130659 -0.791024
v -0.538349 2.139952 -0.800123
v -0.546308 2.134730 -0.776000
v -0.198592 2.124611 -0.986519
v -0.209605 2.130250 -0.963667
v -0.220618 2.124611 -0.986519
v -0.142710 2.130659 -1.008976
v -0.127099 2.134730 -1.023999
v -0.119140 2.139952 -0.999877
v 0.220618 2.124611 -0.813481
v 0.198592 2.124611 -0.813481
v 0.209605 2.130250 -0.836333
v 0.276500 2.130659 -0.791024
v 0.300070 2.139952 -0.800123
v 0.292111 2.134730 -0.776001
v 0.639827 2.124611 -0.986520
v 0.628814 2.130250 -0.963667
v 0.617801 2.124611 -0.986520
v 0.695709 2.130659 -1.008976
v 0.711321 2.134730 -1.024000
v 0.719280 2.139952 -0.999877
v 1.059037 2.124611 -0.813481
v 1.037011 2.124611 -0.813481
v 1.048024 2.130250 -0.836333
v 1.114919 2.130659 -0.791024
v 1.138489 2.139952 -0.800123
v 1.130531 2.134730 -0.776001
v 1.478247 2.124611 -0.986520
v 1.467234 2.130250 -0.963668
v 1.456221 2.124611 -0.986520
v 1.534129 2.130659 -1.008976
v 1.549740 2.134730 -1.024000
v 1.557699 2.139952 -0.999877
v -1.456221 2.266030 -1.341262
v -1.467234 2.259488 -1.318652
v -1.478247 2.266030 -1.341262
v -1.400339 2.282496 -1.357685
v -1.384728 2.293534 -1.368661
v -1.376769 2.285995 -1.345159
v -1.037011 2.179510 -1.191406
v -1.059037 2.179510 -1.191406
v -1.048024 2.195819 -1.208377
v -0.981129 2.173520 -1.168934
v -0.957559 2.186117 -1.172168
v -0.965518 2.169533 -1.153888
v -0.617802 2.266030 -1.341262
v -0.628815 2.259488 -1.318652
v -0.639828 2.266030 -1.341262
v -0.561920 2.282496 -1.357686
v -0.546308 2.293534 -1.368661
v -0.538350 2.285995 -1.345160
v -0.198592 2.179510 -1.191406
v -0.220618 2.179510 -1.191406
v -0.209605 2.195819 -1.208377
v -0.142710 2.173520 -1.168934
v -0.119140 2.186117 -1.172168
v -0.127099 2.169533 -1.153888
v 0.220618 2.266030 -1.341262
v 0.209605 2.259488 -1.318653
v 0.198591 2.266030 -1.341262
v 0.276500 2.282496 -1.357686
v 0.292111 2.293534 -1.368662
v 0.300070 2.285995 -1.345160
v 0.639827 2.179510 -1.191407
v 0.617801 2.179510 -1.191407
v 0.628814 2.195819 -1.208378
v 0.695709 2.173520 -1.168935
v 0.719279 2.186117 -1.172168
v 0.711321 2.169533 -1.153888
v 1.059037 2.266030 -1.341263
v 1.048024 2.259488 -1.318653
v 1.037011 2.266030 -1.341263
v 1.114919 2.282496 -1.357686
v 1.130530 2.293534 -1.368662
v 1.138489 2.285995 -1.345160
v 1.478247 2.179510 -1.191407
v 1.456221 2.179510 -1.191407
v 1.467234 2.195819 -1.208378
v 1.534129 2.173520 -1.168935
v 1.557699 2.186117 -1.172168
v 1.549740 2.169533 -1.153889
v -1.456221 2.416018 -1.491250
v -1.478247 2.416018 -1.491250
v -1.467234 2.438628 -1.497792
v -1.400339 2.399594 -1.474783
v -1.376769 2.412121 -1.471285
v -1.384728 2.388619 -1.463746
v -1.037012 2.565874 -1.577769
v -1.048025 2.548903 -1.561460
v -1.059038 2.565874 -1.577769
v -0.981130 2.588346 -1.583760
v -0.965518 2.603392 -1.587746
v -0.957560 2.585112 -1.571162
v -0.617802 2.416018 -1.491250
v -0.639828 2.416018 -1.491250
v -0.628815 2.438628 -1.497792
v -0.561920 2.399594 -1.474784
v -0.538350 2.412121 -1.471285
v -0.546308 2.388619 -1.463746
v -0.198592 2.565874 -1.577770
v -0.209605 2.548903 -1.561460
v -0.220618 2.565874 -1.577770
v -0.142710 2.588346 -1.583760
v -0.127099 2.603392 -1.587746
v -0.119140 2.585112 -1.571163
v 0.220617 2.416018 -1.491250
v 0.198591 2.416018 -1.491250
v 0.209604 2.438628 -1.497793
v 0.276500 2.399594 -1.474784
v 0.300070 2.412121 -1.471286
v 0.292111 2.388619 -1.463747
v 0.639827 2.565874 -1.577770
v 0.628814 2.548903 -1.561460
v 0.617801 2.565874 -1.577770
v 0.695709 2.588346 -1.583760
v 0.711320 2.603392 -1.587746
v 0.719279 2.585112 -1.571163
v 1.059037 2.416018 -1.491251
v 1.037011 2.416018 -1.491251
v 1.048024 2.438628 -1.497793
v 1.114919 2.399594 -1.474784
v 1.138489 2.412121 -1.471286
v 1.130530 2.388619 -1.463747
v 1.478247 2.565874 -1.577770
v 1.467234 2.548903 -1.561461
v 1.456221 2.565874 -1.577770
v 1.534129 2.588346 -1.583760
v 1.549740 2.603392 -1.587747
v 1.557699 2.585112 -1.571163
v -1.456221 2.943799 -1.632669
v -1.467234 2.920947 -1.627030
v -1.478248 2.943799 -1.632669
v -1.400339 2.966256 -1.626620
v -1.384728 2.981280 -1.622549
v -1.376769 2.957157 -1.617327
v -1.037012 2.770761 -1.632669
v -1.059038 2.770761 -1.632669
v -1.048025 2.793613 -1.627030
v -0.981130 2.748304 -1.626620
v -0.957560 2.757403 -1.617327
v -0.965518 2.733281 -1.622549
v -0.617802 2.943799 -1.632669
v -0.628815 2.920947 -1.627030
v -0.639828 2.943799 -1.632669
v -0.561920 2.966255 -1.626620
v -0.546309 2.981279 -1.622550
v -0.538350 2.957156 -1.617328
v -0.198592 2.770761 -1.632669
v -0.220618 2.770761 -1.632669
v -0.209605 2.793613 -1.627030
v -0.142710 2.748304 -1.626621
v -0.119140 2.757403 -1.617328
v -0.127099 2.733281 -1.622550
v 0.220617 2.943799 -1.632669
v 0.209604 2.920947 -1.627030
v 0.198591 2.943799 -1.632669
v 0.276500 2.966256 -1.626621
v 0.292111 2.981280 -1.622550
v 0.300070 2.957157 -1.617328
v 0.639827 2.770761 -1.632669
v 0.617801 2.770761 -1.632669
v 0.628814 2.793613 -1.627030
v 0.695709 2.748304 -1.626621
v 0.719279 2.757403 -1.617328
v 0.711321 2.733281 -1.622550
v 1.059037 2.943799 -1.632669
v 1.048024 2.920947 -1.627030
v 1.037011 2.943799 -1.632669
v 1.114919 2.966256 -1.626621
v 1.130530 2.981280 -1.622550
v 1.138489 2.957157 -1.617328
v 1.478247 2.770761 -1.632670
v 1.456221 2.770761 -1.632670
v 1.467234 2.793613 -1.627031
v 1.534129 2.748304 -1.626621
v 1.557699 2.757403 -1.617328
v 1.549740 2.733281 -1.622550
v -1.456221 3.148687 -1.577769
v -1.478248 3.148687 -1.577769
v -1.467234 3.165658 -1.561460
v -1.400339 3.126214 -1.583760
v -1.376769 3.129448 -1.571162
v -1.384728 3.111168 -1.587746
v -1.037012 3.298542 -1.491250
v -1.048025 3.275933 -1.497792
v -1.059038 3.298542 -1.491250
v -0.981130 3.314966 -1.474784
v -0.965518 3.325941 -1.463746
v -0.957560 3.302439 -1.471285
v -0.617802 3.148687 -1.577770
v -0.639828 3.148687 -1.577770
v -0.628815 3.165658 -1.561460
v -0.561920 3.126214 -1.583760
v -0.538350 3.129448 -1.571162
v -0.546309 3.111168 -1.587746
v -0.198592 3.298542 -1.491250
v -0.209605 3.275933 -1.497793
v -0.220618 3.298542 -1.491250
v -0.142710 3.314966 -1.474784
v -0.127099 3.325941 -1.463747
v -0.119140 3.302439 -1.471286
v 0.220617 3.148687 -1.577770
v 0.198591 3.148687 -1.577770
v 0.209604 3.165658 -1.561460
v 0.276500 3.126214 -1.583760
v 0.300070 3.129448 -1.571163
v 0.292111 3.111168 -1.587746
v 0.639827 3.298542 -1.491251
v 0.628814 3.275933 -1.497793
v 0.617801 3.298542 -1.491251
v 0.695709 3.314966 -1.474784
v 0.711321 3.325941 -1.463747
v 0.719279 3.302439 -1.471286
v 1.059037 3.148687 -1.577770
v 1.037011 3.148687 -1.577770
v 1.048024 3.165658 -1.561461
v 1.114919 3.126214 -1.583760
v 1.138489 3.129448 -1.571163
v 1.130530 3.111168 -1.587747
v 1.478246 3.298542 -1.491251
v 1.467233 3.275933 -1.497793
v 1.456220 3.298542 -1.491251
v 1.534129 3.314966 -1.474784
v 1.549740 3.325942 -1.463747
v 1.557699 3.302440 -1.471286
v -1.456221 3.535050 -1.191406
v -1.467234 3.518741 -1.208377
v -1.478247 3.535050 -1.191406
v -1.400339 3.541040 -1.168934
v -1.384728 3.545026 -1.153888
v -1.376769 3.528443 -1.172167
v -1.037012 3.448530 -1.341262
v -1.059038 3.448530 -1.341262
v -1.048025 3.455073 -1.318652
v -0.981130 3.432064 -1.357686
v -0.957560 3.428566 -1.345159
v -0.965518 3.421027 -1.368661
v -0.617802 3.535050 -1.191406
v -0.628815 3.518741 -1.208377
v -0.639828 3.535050 -1.191406
v -0.561920 3.541040 -1.168934
v -0.546308 3.545026 -1.153888
v -0.538350 3.528443 -1.172168
v -0.198592 3.448530 -1.341263
v -0.220618 3.448530 -1.341263
v -0.209605 3.455073 -1.318653
v -0.142710 3.432064 -1.357686
v -0.119140 3.428566 -1.345160
v -0.127099 3.421027 -1.368662
v 0.220617 3.535050 -1.191406
v 0.209604 3.518741 -1.208377
v 0.198591 3.535050 -1.191406
v 0.276500 3.541040 -1.168934
v 0.292111 3.545026 -1.153888
v 0.300070 3.528443 -1.172168
v 0.639827 3.448530 -1.341263
v 0.617801 3.448530 -1.341263
v 0.628814 3.455073 -1.318653
v 0.695709 3.432064 -1.357686
v 0.719279 3.428566 -1.345160
v 0.711321 3.421027 -1.368662
v 1.059037 3.535050 -1.191407
v 1.048024 3.518741 -1.208378
v 1.037011 3.535050 -1.191407
v 1.114919 3.541040 -1.168935
v 1.130530 3.545026 -1.153888
v 1.138489 3.528443 -1.172168
v 1.478246 3.448530 -1.341263
v 1.456220 3.448530 -1.341263
v 1.467233 3.455073 -1.318653
v 1.534129 3.432064 -1.357687
v 1.557699 3.428566 -1.345160
v 1.549740 3.421027 -1.368662
v -1.456221 3.589949 -0.986519
v -1.478247 3.589949 -0.986519
v -1.467234 3.584310 -0.963667
v -1.400339 3.583900 -1.008975
v -1.376769 3.574608 -0.999876
v -1.384728 3.579829 -1.023999
v -1.037012 3.589949 -0.813480
v -1.048025 3.584310 -0.836332
v -1.059038 3.589949 -0.813480
v -0.981130 3.583900 -0.791024
v -0.965518 3.579829 -0.776000
v -0.957560 3.574608 -0.800123
v -0.617802 3.589949 -0.986519
v -0.639828 3.589949 -0.986519
v -0.628815 3.584310 -0.963667
v -0.561920 3.583900 -1.008975
v -0.538350 3.574608 -0.999876
v -0.546309 3.579829 -1.023999
v -0.198592 3.589949 -0.813481
v -0.209605 3.584310 -0.836333
v -0.220618 3.589949 -0.813481
v -0.142710 3.583901 -0.791024
v -0.127099 3.579830 -0.776000
v -0.119140 3.574608 -0.800123
v 0.220617 3.589949 -0.986519
v 0.198591 3.589949 -0.986519
v 0.209604 3.584310 -0.963667
v 0.276500 3.583900 -1.008976
v 0.300070 3.574608 -0.999877
v 0.292111 3.579829 -1.023999
v 0.639827 3.589949 -0.813481
v 0.628814 3.584310 -0.836333
v 0.617801 3.589949 -0.813481
v 0.695709 3.583901 -0.791024
v 0.711321 3.579830 -0.776001
v 0.719279 3.574608 -0.800123
v 1.059037 3.589949 -0.986520
v 1.037011 3.589949 -0.986520
v 1.048024 3.584310 -0.963668
v 1.114919 3.583900 -1.008976
v 1.138489 3.574608 -0.999877
v 1.130530 3.579829 -1.024000
v 1.478247 3.589949 -0.813481
v 1.467234 3.584310 -0.836333
v 1.456221 3.589949 -0.813481
v 1.534129 3.583900 -0.791025
v 1.549740 3.579829 -0.776001
v 1.557699 3.574608 -0.800124
v -1.456221 3.448530 -0.458737
v -1.467234 3.455073 -0.481347
v -1.478247 3.448530 -0.458737
v -1.400339 3.432064 -0.442313
v -1.384728 3.421027 -0.431338
v -1.376769 3.428566 -0.454840
v -1.037012 3.535050 -0.608593
v -1.059038 3.535050 -0.608593
v -1.048025 3.518741 -0.591622
v -0.981129 3.541040 -0.631065
v -0.957559 3.528443 -0.627832
v -0.965518 3.545027 -0.646112
v -0.617802 3.448530 -0.458737
v -0.628815 3.455073 -0.481347
v -0.639828 3.448530 -0.458737
v -0.561920 3.432064 -0.442314
v -0.546308 3.421027 -0.431338
v -0.538350 3.428566 -0.454840
v -0.198592 3.535050 -0.608593
v -0.220618 3.535050 -0.608593
v -0.209605 3.518741 -0.591622
v -0.142710 3.541040 -0.631065
v -0.119140 3.528443 -0.627832
v -0.127099 3.545027 -0.646112
v 0.220618 3.448530 -0.458737
v 0.209605 3.455073 -0.481347
v 0.198592 3.448530 -0.458737
v 0.276500 3.432064 -0.442314
v 0.292111 3.421027 -0.431338
v 0.300070 3.428566 -0.454840
v 0.639827 3.535050 -0.608594
v 0.617801 3.535050 -0.608594
v 0.628814 3.518741 -0.591623
v 0.695709 3.541040 -0.631066
v 0.719279 3.528443 -0.627832
v 0.711321 3.545027 -0.646112
v 1.059037 3.448530 -0.458738
v 1.048024 3.455073 -0.481348
v 1.037011 3.448530 -0.458738
v 1.114919 3.432064 -0.442314
v 1.130531 3.421027 -0.431339
v 1.138489 3.428566 -0.454841
v 1.478247 3.535050 -0.608594
v 1.456221 3.535050 -0.608594
v 1.467234 3.518741 -0.591623
v 1.534129 3.541040 -0.631066
v 1.557699 3.528443 -0.627832
v 1.549740 3.545027 -0.646112
v -1.456221 3.298542 -0.308749
v -1.478247 3.298542 -0.308749
v -1.467234 3.275933 -0.302207
v -1.400339 3.314966 -0.325216
v -1.376769 3.302439 -0.328714
v -1.384728 3.325941 -0.336253
v -1.037011 3.148687 -0.222230
v -1.048024 3.165658 -0.238539
v -1.059037 3.148687 -0.222230
v -0.981129 3.126214 -0.216240
v -0.965518 3.111168 -0.212254
v -0.957559 3.129448 -0.228837
v -0.617802 3.298542 -0.308750
v -0.639828 3.298542 -0.308750
v -0.628815 3.275933 -0.302207
v -0.561920 3.314966 -0.325216
v -0.538349 3.302439 -0.328714
v -0.546308 3.325941 -0.336253
v -0.198592 3.148687 -0.222230
v -0.209605 3.165658 -0.238540
v -0.220618 3.148687 -0.222230
v -0.142710 3.126214 -0.216240
v -0.127098 3.111168 -0.212254
v -0.119140 3.129448 -0.228837
v 0.220618 3.298542 -0.308750
v 0.198592 3.298542 -0.308750
v 0.209605 3.275933 -0.302207
v 0.276500 3.314966 -0.325216
v 0.300070 3.302439 -0.328714
v 0.292111 3.325941 -0.336254
v 0.639827 3.148687 -0.222230
v 0.628814 3.165658 -0.238540
v 0.617801 3.148687 -0.222230
v 0.695710 3.126214 -0.216240
v 0.711321 3.111168 -0.212254
v 0.719280 3.129448 -0.228838
v 1.059037 3.298542 -0.308750
v 1.037011 3.298542 -0.308750
v 1.048024 3.275933 -0.302208
v 1.114920 3.314966 -0.325216
v 1.138489 3.302439 -0.328715
v 1.130531 3.325941 -0.336254
v 1.478247 3.148687 -0.222231
v 1.467234 3.165658 -0.238540
v 1.456221 3.148687 -0.222231
v 1.534129 3.126214 -0.216241
v 1.549740 3.111168 -0.212254
v 1.557699 3.129448 -0.228838
v 1.572915 3.035562 -0.192029
v 1.594627 3.043302 -0.205755
v 1.572914 3.056869 -0.197738
v 1.549741 2.981279 -0.177451
v 1.534129 2.966256 -0.173380
v 1.557699 2.957157 -0.182673
v 1.361553 3.035562 -0.192029
v 1.361553 3.056869 -0.197738
v 1.339841 3.043302 -0.205755
v 0.734495 3.035562 -0.192029
v 0.756207 3.043302 -0.205755
v 0.734495 3.056869 -0.197738
v 0.711321 2.981280 -0.177451
v 0.695710 2.966256 -0.173379
v 0.719280 2.957157 -0.182672
v 0.523134 3.035562 -0.192029
v 0.523134 3.056869 -0.197738
v 0.501422 3.043302 -0.205755
v -0.103924 3.035562 -0.192028
v -0.082212 3.043302 -0.205755
v -0.103924 3.056869 -0.197737
v -0.127098 2.981280 -0.177450
v -0.142710 2.966256 -0.173379
v -0.119140 2.957157 -0.182672
v -0.315286 3.035562 -0.192028
v -0.315286 3.056869 -0.197737
v -0.336998 3.043302 -0.205755
v -0.942344 3.035562 -0.192028
v -0.920632 3.043302 -0.205755
v -0.942344 3.056869 -0.197737
v -0.965518 2.981280 -0.177450
v -0.981129 2.966256 -0.173379
v -0.957559 2.957157 -0.182672
v -1.153705 3.035562 -0.192028
v -1.153705 3.056869 -0.197737
v -1.175417 3.043302 -0.205754
v 1.153705 3.365663 -0.376020
v 1.175417 3.365503 -0.391778
v 1.153705 3.381260 -0.391618
v 0.942344 3.365663 -0.376020
v 0.942343 3.381260 -0.391617
v 0.920632 3.365503 -0.391778
v 0.965518 3.325941 -0.336254
v 0.957559 3.302439 -0.328715
v 0.981129 3.314966 -0.325216
v 0.315285 3.365663 -0.376020
v 0.336997 3.365503 -0.391777
v 0.315285 3.381260 -0.391617
v 0.103924 3.365663 -0.376020
v 0.103924 3.381260 -0.391617
v 0.082212 3.365503 -0.391777
v 0.127098 3.325941 -0.336253
v 0.119139 3.302439 -0.328714
v 0.142710 3.314966 -0.325216
v -0.523134 3.365663 -0.376020
v -0.501422 3.365503 -0.391777
v -0.523134 3.381260 -0.391617
v -0.734495 3.365663 -0.376020
v -0.734495 3.381260 -0.391617
v -0.756207 3.365503 -0.391777
v -0.711321 3.325941 -0.336253
v -0.719280 3.302439 -0.328714
v -0.695710 3.314966 -0.325216
v -1.361554 3.365663 -0.376019
v -1.339841 3.365503 -0.391777
v -1.361554 3.381260 -0.391617
v -1.572915 3.365663 -0.376019
v -1.572915 3.381260 -0.391617
v -1.594627 3.365503 -0.391777
v -1.549741 3.325941 -0.336253
v -1.557699 3.302439 -0.328714
v -1.534129 3.314966 -0.325215
v 1.572914 3.559543 -0.700412
v 1.594626 3.551525 -0.713978
v 1.572914 3.565252 -0.721718
v 1.361553 3.559543 -0.700412
v 1.361553 3.565252 -0.721718
v 1.339841 3.551525 -0.713978
v 1.384727 3.545027 -0.646112
v 1.376768 3.528443 -0.627833
v 1.400339 3.541040 -0.631066
v 0.734495 3.559543 -0.700412
v 0.756207 3.551525 -0.713978
v 0.734495 3.565252 -0.721718
v 0.523133 3.559543 -0.700411
v 0.523133 3.565252 -0.721718
v 0.501421 3.551525 -0.713978
v 0.546308 3.545026 -0.646112
v 0.538349 3.528443 -0.627832
v 0.561919 3.541040 -0.631066
v -0.103925 3.559543 -0.700411
v -0.082213 3.551525 -0.713978
v -0.103925 3.565252 -0.721718
v -0.315286 3.559543 -0.700411
v -0.315286 3.565252 -0.721717
v -0.336998 3.551525 -0.713977
v -0.292112 3.545026 -0.646112
v -0.300070 3.528443 -0.627832
v -0.276500 3.541040 -0.631065
v -0.942344 3.559543 -0.700411
v -0.920632 3.551525 -0.713977
v -0.942344 3.565252 -0.721717
v -1.153705 3.559543 -0.700411
v -1.153705 3.565252 -0.721717
v -1.175417 3.551525 -0.713977
v -1.130531 3.545027 -0.646112
v -1.138490 3.528443 -0.627832
v -1.114920 3.541040 -0.631065
v 1.153704 3.565252 -1.078283
v 1.175416 3.551525 -1.086023
v 1.153704 3.559543 -1.099589
v 0.942343 3.565252 -1.078283
v 0.942343 3.559543 -1.099589
v 0.920631 3.551525 -1.086022
v 0.965517 3.579830 -1.024000
v 0.957559 3.574608 -0.999877
v 0.981129 3.583901 -1.008976
v 0.315285 3.565252 -1.078282
v 0.336997 3.551525 -1.086022
v 0.315285 3.559543 -1.099589
v 0.103924 3.565252 -1.078282
v 0.103924 3.559543 -1.099589
v 0.082212 3.551525 -1.086022
v 0.127098 3.579830 -1.023999
v 0.119139 3.574608 -0.999877
v 0.142709 3.583901 -1.008976
v -0.523134 3.565252 -1.078282
v -0.501422 3.551525 -1.086022
v -0.523134 3.559543 -1.099588
v -0.734496 3.565252 -1.078282
v -0.734496 3.559543 -1.099588
v -0.756208 3.551525 -1.086022
v -0.711322 3.579830 -1.023999
v -0.719280 3.574608 -0.999876
v -0.695710 3.583901 -1.008975
v -1.361554 3.565252 -1.078282
v -1.339842 3.551525 -1.086022
v -1.361554 3.559543 -1.099588
v -1.572915 3.565252 -1.078282
v -1.572915 3.559543 -1.099588
v -1.594627 3.551525 -1.086022
v -1.549741 3.579830 -1.023999
v -1.557700 3.574608 -0.999876
v -1.534130 3.583901 -1.008975
v 1.572914 3.381260 -1.408383
v 1.594626 3.365503 -1.408223
v 1.572914 3.365663 -1.423981
v 1.361553 3.381260 -1.408383
v 1.361553 3.365663 -1.423981
v 1.339841 3.365503 -1.408223
v 1.384727 3.421026 -1.368662
v 1.376768 3.428565 -1.345160
v 1.400338 3.432064 -1.357687
v 0.734495 3.381260 -1.408383
v 0.756207 3.365503 -1.408223
v 0.734495 3.365663 -1.423980
v 0.523133 3.381260 -1.408383
v 0.523133 3.365663 -1.423980
v 0.501421 3.365503 -1.408223
v 0.546308 3.421027 -1.368662
v 0.538349 3.428566 -1.345160
v 0.561919 3.432064 -1.357687
v -0.103925 3.381260 -1.408383
v -0.082213 3.365503 -1.408223
v -0.103925 3.365663 -1.423980
v -0.315286 3.381260 -1.408383
v -0.315286 3.365663 -1.423980
v -0.336998 3.365503 -1.408223
v -0.292112 3.421027 -1.368662
v -0.300071 3.428566 -1.345160
v -0.276500 3.432064 -1.357686
v -0.942344 3.381260 -1.408382
v -0.920632 3.365503 -1.408222
v -0.942344 3.365663 -1.423980
v -1.153705 3.381260 -1.408382
v -1.153705 3.365663 -1.423980
v -1.175418 3.365503 -1.408222
v -1.130531 3.421027 -1.368661
v -1.138490 3.428566 -1.345159
v -1.114920 3.432064 -1.357686
v 1.153705 3.056869 -1.602263
v 1.175416 3.043302 -1.594246
v 1.153705 3.035562 -1.607972
v 0.942343 3.056869 -1.602263
v 0.942343 3.035562 -1.607972
v 0.920631 3.043302 -1.594246
v 0.965517 3.111168 -1.587747
v 0.957558 3.129448 -1.571163
v 0.981129 3.126214 -1.583760
v 0.315285 3.056869 -1.602263
v 0.336997 3.043302 -1.594245
v 0.315285 3.035562 -1.607972
v 0.103924 3.056869 -1.602263
v 0.103924 3.035562 -1.607972
v 0.082212 3.043302 -1.594245
v 0.127098 3.111168 -1.587746
v 0.119139 3.129448 -1.571163
v 0.142709 3.126214 -1.583760
v -0.523134 3.056869 -1.602262
v -0.501422 3.043302 -1.594245
v -0.523134 3.035562 -1.607972
v -0.734496 3.056869 -1.602262
v -0.734496 3.035562 -1.607971
v -0.756208 3.043302 -1.594245
v -0.711322 3.111168 -1.587746
v -0.719280 3.129448 -1.571162
v -0.695710 3.126215 -1.583760
v -1.361554 3.056869 -1.602262
v -1.339842 3.043302 -1.594245
v -1.361554 3.035562 -1.607971
v -1.572915 3.056869 -1.602262
v -1.572915 3.035562 -1.607971
v -1.594627 3.043302 -1.594245
v -1.549741 3.111168 -1.587746
v -1.557700 3.129448 -1.571162
v -1.534130 3.126214 -1.583760
v 1.572914 2.678998 -1.607972
v 1.594626 2.671258 -1.594246
v 1.572914 2.657691 -1.602263
v 1.361553 2.678998 -1.607972
v 1.361553 2.657691 -1.602263
v 1.339841 2.671258 -1.594246
v 1.384727 2.733281 -1.622550
v 1.376768 2.757403 -1.617328
v 1.400338 2.748304 -1.626621
v 0.734495 2.678998 -1.607972
v 0.756207 2.671258 -1.594245
v 0.734495 2.657691 -1.602263
v 0.523133 2.678998 -1.607972
v 0.523133 2.657691 -1.602263
v 0.501421 2.671258 -1.594245
v 0.546308 2.733281 -1.622550
v 0.538349 2.757403 -1.617328
v 0.561919 2.748304 -1.626621
v -0.103925 2.678998 -1.607972
v -0.082213 2.671258 -1.594245
v -0.103925 2.657691 -1.602263
v -0.315286 2.678998 -1.607972
v -0.315286 2.657691 -1.602262
v -0.336998 2.671258 -1.594245
v -0.292112 2.733281 -1.622550
v -0.300071 2.757403 -1.617328
v -0.276501 2.748304 -1.626621
v -0.942344 2.678998 -1.607971
v -0.920632 2.671258 -1.594245
v -0.942344 2.657691 -1.602262
v -1.153705 2.678998 -1.607971
v -1.153706 2.657691 -1.602262
v -1.175418 2.671258 -1.594245
v -1.130531 2.733281 -1.622549
v -1.138490 2.757403 -1.617327
v -1.114920 2.748304 -1.626620
v 1.153704 2.348897 -1.423980
v 1.175416 2.349058 -1.408223
v 1.153704 2.333300 -1.408383
v 0.942343 2.348897 -1.423980
v 0.942343 2.333300 -1.408383
v 0.920631 2.349058 -1.408223
v 0.965517 2.388619 -1.463747
v 0.957558 2.412120 -1.471286
v 0.981128 2.399594 -1.474784
v 0.315285 2.348897 -1.423980
v 0.336997 2.349058 -1.408223
v 0.315285 2.333300 -1.408383
v 0.103924 2.348897 -1.423980
v 0.103924 2.333300 -1.408383
v 0.082212 2.349058 -1.408223
v 0.127098 2.388619 -1.463746
v 0.119139 2.412121 -1.471286
v 0.142709 2.399594 -1.474784
v -0.523134 2.348897 -1.423980
v -0.501422 2.349058 -1.408223
v -0.523134 2.333300 -1.408383
v -0.734496 2.348897 -1.423980
v -0.734496 2.333300 -1.408383
v -0.756208 2.349058 -1.408222
v -0.711322 2.388619 -1.463746
v -0.719280 2.412121 -1.471285
v -0.695710 2.399594 -1.474784
v -1.361554 2.348897 -1.423980
v -1.339842 2.349058 -1.408222
v -1.361554 2.333300 -1.408382
v -1.572915 2.348897 -1.423980
v -1.572915 2.333300 -1.408382
v -1.594627 2.349058 -1.408222
v -1.549741 2.388619 -1.463746
v -1.557700 2.412121 -1.471285
v -1.534130 2.399594 -1.474783
v 1.572914 2.155017 -1.099589
v 1.594626 2.163035 -1.086023
v 1.572914 2.149308 -1.078283
v 1.361553 2.155017 -1.099589
v 1.361553 2.149308 -1.078283
v 1.339841 2.163035 -1.086023
v 1.384727 2.169533 -1.153888
v 1.376769 2.186117 -1.172168
v 1.400339 2.173520 -1.168935
v 0.734495 2.155017 -1.099589
v 0.756207 2.163035 -1.086023
v 0.734495 2.149308 -1.078283
v 0.523134 2.155017 -1.099589
v 0.523134 2.149308 -1.078282
v 0.501422 2.163035 -1.086022
v 0.546308 2.169533 -1.153888
v 0.538349 2.186117 -1.172168
v 0.561919 2.173520 -1.168935
v -0.103924 2.155017 -1.099589
v -0.082212 2.163035 -1.086022
v -0.103924 2.149308 -1.078282
v -0.315286 2.155017 -1.099589
v -0.315286 2.149308 -1.078282
v -0.336998 2.163035 -1.086022
v -0.292112 2.169533 -1.153888
v -0.300070 2.186117 -1.172168
v -0.276500 2.173520 -1.168934
v -0.942344 2.155017 -1.099588
v -0.920632 2.163035 -1.086022
v -0.942344 2.149308 -1.078282
v -1.153705 2.155017 -1.099588
v -1.153705 2.149308 -1.078282
v -1.175417 2.163035 -1.086022
v -1.130531 2.169533 -1.153888
v -1.138490 2.186117 -1.172168
v -1.114920 2.173520 -1.168934
v 1.153705 2.149308 -0.721718
v 1.175417 2.163035 -0.713978
v 1.153705 2.155017 -0.700412
v 0.942343 2.149308 -0.721718
v 0.942343 2.155017 -0.700412
v 0.920631 2.163035 -0.713978
v 0.965518 2.134730 -0.776001
v 0.957559 2.139952 -0.800123
v 0.981129 2.130659 -0.791024
v 0.315285 2.149308 -0.721718
v 0.336997 2.163035 -0.713978
v 0.315285 2.155017 -0.700411
v 0.103924 2.149308 -0.721718
v 0.103924 2.155017 -0.700411
v 0.082212 2.163035 -0.713978
v 0.127098 2.134730 -0.776000
v 0.119139 2.139952 -0.800123
v 0.142710 2.130659 -0.791024
v -0.523134 2.149308 -0.721717
v -0.501422 2.163035 -0.713977
v -0.523134 2.155017 -0.700411
v -0.734495 2.149308 -0.721717
v -0.734495 2.155017 -0.700411
v -0.756207 2.163035 -0.713977
v -0.711321 2.134730 -0.776000
v -0.719280 2.139952 -0.800123
v -0.695710 2.130659 -0.791024
v -1.361553 2.149308 -0.721717
v -1.339841 2.163035 -0.713977
v -1.361553 2.155017 -0.700411
v -1.572915 2.149308 -0.721717
v -1.572915 2.155017 -0.700411
v -1.594627 2.163035 -0.713977
v -1.549741 2.134730 -0.776000
v -1.557699 2.139952 -0.800123
v -1.534129 2.130659 -0.791024
v 1.572914 2.333299 -0.391618
v 1.594626 2.349057 -0.391778
v 1.572914 2.348897 -0.376020
v 1.361553 2.333299 -0.391618
v 1.361553 2.348897 -0.376020
v 1.339841 2.349057 -0.391778
v 1.384728 2.293533 -0.431339
v 1.376769 2.285994 -0.454841
v 1.400339 2.282495 -0.442314
v 0.734495 2.333299 -0.391617
v 0.756207 2.349057 -0.391778
v 0.734495 2.348897 -0.376020
v 0.523134 2.333299 -0.391617
v 0.523134 2.348897 -0.376020
v 0.501422 2.349057 -0.391777
v 0.546308 2.293533 -0.431339
v 0.538349 2.285994 -0.454840
v 0.561919 2.282495 -0.442314
v -0.103924 2.333299 -0.391617
v -0.082212 2.349057 -0.391777
v -0.103924 2.348897 -0.376020
v -0.315286 2.333299 -0.391617
v -0.315285 2.348897 -0.376020
v -0.336997 2.349057 -0.391777
v -0.292111 2.293533 -0.431338
v -0.300070 2.285994 -0.454840
v -0.276500 2.282495 -0.442314
v -0.942344 2.333299 -0.391617
v -0.920632 2.349057 -0.391777
v -0.942344 2.348897 -0.376019
v -1.153705 2.333299 -0.391617
v -1.153705 2.348897 -0.376019
v -1.175417 2.349057 -0.391777
v -1.130531 2.293533 -0.431338
v -1.138489 2.285994 -0.454840
v -1.114920 2.282495 -0.442313
v 1.153705 2.657691 -0.197738
v 1.175417 2.671258 -0.205755
v 1.153705 2.678998 -0.192029
v 0.942344 2.657691 -0.197738
v 0.942344 2.678998 -0.192029
v 0.920632 2.671258 -0.205755
v 0.965518 2.603392 -0.212254
v 0.957559 2.585112 -0.228838
v 0.981129 2.588346 -0.216240
v 0.315285 2.657691 -0.197738
v 0.336997 2.671258 -0.205755
v 0.315285 2.678998 -0.192029
v 0.103924 2.657691 -0.197737
v 0.103924 2.678998 -0.192028
v 0.082212 2.671258 -0.205755
v 0.127098 2.603392 -0.212254
v 0.119140 2.585112 -0.228838
v 0.142710 2.588346 -0.216240
v -0.523134 2.657691 -0.197737
v -0.501422 2.671258 -0.205755
v -0.523134 2.678998 -0.192028
v -0.734495 2.657691 -0.197737
v -0.734495 2.678998 -0.192028
v -0.756207 2.671258 -0.205755
v -0.711321 2.603392 -0.212254
v -0.719280 2.585112 -0.228837
v -0.695710 2.588346 -0.216240
v -1.361553 2.657691 -0.197737
v -1.339841 2.671258 -0.205754
v -1.361554 2.678998 -0.192028
v -1.572915 2.657691 -0.197737
v -1.572915 2.678998 -0.192028
v -1.594627 2.671258 -0.205754
v -1.549741 2.603392 -0.212253
v -1.557699 2.585112 -0.228837
v -1.534129 2.588346 -0.216240
v 1.114920 2.748304 -0.173380
v 1.130531 2.733281 -0.177451
v 1.138490 2.757403 -0.182673
v 0.276500 2.748304 -0.173379
v 0.292111 2.733281 -0.177451
v 0.300070 2.757403 -0.182672
v -0.561919 2.748304 -0.173379
v -0.546308 2.733281 -0.177450
v -0.538349 2.757403 -0.182672
v -1.400339 2.748304 -0.173379
v -1.384728 2.733281 -0.177450
v -1.376769 2.757403 -0.182672
v -1.114920 2.399594 -0.325216
v -1.138490 2.412120 -0.328714
v -1.130531 2.388618 -0.336253
v -0.276500 2.399594 -0.325216
v -0.300070 2.412120 -0.328714
v -0.292111 2.388618 -0.336253
v 0.561919 2.399594 -0.325216
v 0.538349 2.412120 -0.328715
v 0.546308 2.388618 -0.336254
v 1.400339 2.399593 -0.325217
v 1.376769 2.412120 -0.328715
v 1.384727 2.388618 -0.336254
v -1.534129 2.173520 -0.631065
v -1.557699 2.186117 -0.627831
v -1.549741 2.169533 -0.646111
v -0.695710 2.173520 -0.631065
v -0.719280 2.186117 -0.627832
v -0.711321 2.169533 -0.646112
v 0.142710 2.173520 -0.631065
v 0.119140 2.186117 -0.627832
v 0.127098 2.169533 -0.646112
v 0.981129 2.173520 -0.631066
v 0.957559 2.186117 -0.627832
v 0.965518 2.169533 -0.646112
v -1.114920 2.130659 -1.008975
v -1.138490 2.139952 -0.999876
v -1.130531 2.134730 -1.023999
v -0.276500 2.130659 -1.008976
v -0.300070 2.139952 -0.999877
v -0.292112 2.134730 -1.023999
v 0.561919 2.130659 -1.008976
v 0.538349 2.139952 -0.999877
v 0.546308 2.134730 -1.024000
v 1.400339 2.130659 -1.008976
v 1.376769 2.139952 -0.999877
v 1.384727 2.134730 -1.024000
v -1.534130 2.282496 -1.357685
v -1.557700 2.285995 -1.345159
v -1.549741 2.293534 -1.368661
v -0.695710 2.282496 -1.357686
v -0.719280 2.285995 -1.345159
v -0.711322 2.293534 -1.368661
v 0.142709 2.282496 -1.357686
v 0.119139 2.285995 -1.345160
v 0.127098 2.293534 -1.368661
v 0.981129 2.282496 -1.357686
v 0.957559 2.285995 -1.345160
v 0.965517 2.293534 -1.368662
v -1.114920 2.588346 -1.583760
v -1.138490 2.585112 -1.571162
v -1.130531 2.603392 -1.587746
v -0.276501 2.588346 -1.583760
v -0.300071 2.585112 -1.571162
v -0.292112 2.603392 -1.587746
v 0.561919 2.588346 -1.583760
v 0.538349 2.585112 -1.571163
v 0.546307 2.603392 -1.587746
v 1.400338 2.588346 -1.583760
v 1.376768 2.585112 -1.571163
v 1.384727 2.603392 -1.587747
v -1.534130 2.966256 -1.626620
v -1.557700 2.957157 -1.617327
v -1.549741 2.981279 -1.622549
v -0.695710 2.966256 -1.626621
v -0.719280 2.957157 -1.617328
v -0.711322 2.981280 -1.622549
v 0.142709 2.966256 -1.626621
v 0.119139 2.957157 -1.617328
v 0.127098 2.981280 -1.622550
v 0.981128 2.966256 -1.626621
v 0.957558 2.957157 -1.617328
v 0.965517 2.981280 -1.622550
v -1.114920 3.314966 -1.474784
v -1.138490 3.302439 -1.471285
v -1.130531 3.325941 -1.463746
v -0.276501 3.314966 -1.474784
v -0.300071 3.302439 -1.471286
v -0.292112 3.325941 -1.463747
v 0.561919 3.314966 -1.474784
v 0.538349 3.302439 -1.471286
v 0.546308 3.325941 -1.463747
v 1.400338 3.314966 -1.474785
v 1.376768 3.302439 -1.471286
v 1.384727 3.325941 -1.463747
v -1.534130 3.541040 -1.168934
v -1.557700 3.528443 -1.172167
v -1.549741 3.545027 -1.153888
v -0.695710 3.541040 -1.168934
v -0.719280 3.528443 -1.172168
v -0.711322 3.545027 -1.153888
v 0.142709 3.541040 -1.168934
v 0.119139 3.528443 -1.172168
v 0.127098 3.545027 -1.153888
v 0.981129 3.541040 -1.168935
v 0.957559 3.528443 -1.172168
v 0.965517 3.545027 -1.153888
v -1.114920 3.583900 -0.791024
v -1.138490 3.574608 -0.800123
v -1.130531 3.579829 -0.776000
v -0.276500 3.583900 -0.791024
v -0.300070 3.574608 -0.800123
v -0.292112 3.579829 -0.776000
v 0.561919 3.583900 -0.791024
v 0.538349 3.574608 -0.800123
v 0.546308 3.579829 -0.776001
v 1.400339 3.583900 -0.791025
v 1.376769 3.574608 -0.800124
v 1.384727 3.579829 -0.776001
v -1.534129 3.432064 -0.442313
v -1.557699 3.428566 -0.454840
v -1.549741 3.421027 -0.431338
v -0.695710 3.432064 -0.442314
v -0.719280 3.428566 -0.454840
v -0.711321 3.421027 -0.431338
v 0.142709 3.432064 -0.442314
v 0.119139 3.428566 -0.454840
v 0.127098 3.421027 -0.431338
v 0.981129 3.432064 -0.442314
v 0.957559 3.428566 -0.454840
v 0.965518 3.421027 -0.431339
v -1.114920 3.126214 -0.216240
v -1.138490 3.129448 -0.228837
v -1.130531 3.111168 -0.212254
v -0.276500 3.126214 -0.216240
v -0.300070 3.129448 -0.228837
v -0.292111 3.111168 -0.212254
v 0.561919 3.126214 -0.216240
v 0.538349 3.129448 -0.228838
v 0.546308 3.111168 -0.212254
v 1.400339 3.126214 -0.216241
v 1.376769 3.129448 -0.228838
v 1.384727 3.111168 -0.212254
v 2.131990 2.857280 -0.155911
v 2.120150 2.857280 -0.143653
v 2.120150 2.479106 -0.244984
v 2.131990 2.485235 -0.255600
v -2.131990 2.485235 -0.255599
v -2.120150 2.479106 -0.244983
v -2.120150 2.857280 -0.143652
v -2.131990 2.857280 -0.155910
v 2.120149 2.202264 -0.521827
v 2.131989 2.212879 -0.527956
v -2.131989 2.212879 -0.527954
v -2.120149 2.202264 -0.521825
v 2.131989 2.116255 -0.888564
v 2.120149 2.100932 -0.900001
v 2.131989 2.116255 -0.911437
v -2.131989 2.116255 -0.888563
v -2.131989 2.116255 -0.911436
v -2.120149 2.100932 -0.899999
v 2.120149 2.202264 -1.278174
v 2.131989 2.212879 -1.272045
v -2.131990 2.212879 -1.272044
v -2.120150 2.202264 -1.278173
v 2.120149 2.479106 -1.555017
v 2.131989 2.485235 -1.544401
v -2.131990 2.485235 -1.544400
v -2.120150 2.479106 -1.555015
v 2.120149 2.857280 -1.656348
v 2.131989 2.857280 -1.644090
v -2.131990 2.857280 -1.644089
v -2.120150 2.857280 -1.656347
v 2.131989 3.217888 -1.547466
v 2.120149 3.235454 -1.555017
v 2.131989 3.237697 -1.536029
v -2.131990 3.217888 -1.547464
v -2.131990 3.237697 -1.536028
v -2.120150 3.235454 -1.555015
v 2.120149 3.512296 -1.278174
v 2.131989 3.501681 -1.272045
v -2.131990 3.501681 -1.272044
v -2.120150 3.512296 -1.278173
v 2.120149 3.613627 -0.900001
v 2.131989 3.601370 -0.900001
v -2.131990 3.601370 -0.899999
v -2.120150 3.613627 -0.899999
v 2.120149 3.512296 -0.521827
v 2.131989 3.501681 -0.527956
v -2.131990 3.501681 -0.527954
v -2.120150 3.512296 -0.521825
v 2.131990 3.237697 -0.263972
v 2.120150 3.235454 -0.244984
v 2.131990 3.217888 -0.252536
v -2.131990 3.237697 -0.263971
v -2.131990 3.217888 -0.252534
v -2.120150 3.235454 -0.244983
v 1.859780 2.857280 -0.026933
v 1.847940 2.857280 -0.039191
v 1.847940 2.426876 -0.154518
v 1.859780 2.420747 -0.143902
v -1.859780 2.420747 -0.143901
v -1.847940 2.426876 -0.154516
v -1.847940 2.857280 -0.039190
v -1.859780 2.857280 -0.026932
v 1.847940 2.111797 -0.469596
v 1.859780 2.101182 -0.463467
v -1.859780 2.109554 -0.455093
v -1.859780 2.098117 -0.474902
v -1.847940 2.111797 -0.469595
v 1.859780 1.987277 -0.888564
v 1.847940 1.996470 -0.900001
v 1.859780 1.987277 -0.911437
v -1.859780 1.987277 -0.888563
v -1.859780 1.987277 -0.911436
v -1.847940 1.996470 -0.899999
v 1.859780 2.098117 -1.325098
v 1.847940 2.111797 -1.330405
v 1.859780 2.109554 -1.344907
v -1.859781 2.098117 -1.325096
v -1.859781 2.109554 -1.344905
v -1.847940 2.111797 -1.330404
v 1.847940 2.426876 -1.645483
v 1.859780 2.420747 -1.656099
v -1.859781 2.420747 -1.656098
v -1.847941 2.426876 -1.645482
v 1.847940 2.857280 -1.760810
v 1.859780 2.857280 -1.773068
v -1.859781 2.857280 -1.773067
v -1.847941 2.857280 -1.760809
v 1.847940 3.287685 -1.645483
v 1.859780 3.293814 -1.656099
v -1.859781 3.293814 -1.656098
v -1.847941 3.287685 -1.645482
v 1.859780 3.605006 -1.344907
v 1.847939 3.602763 -1.330405
v 1.859780 3.616443 -1.325098
v -1.859781 3.605006 -1.344905
v -1.859781 3.616443 -1.325096
v -1.847941 3.602763 -1.330404
v 1.847940 3.718090 -0.900001
v 1.859780 3.730347 -0.900001
v -1.859781 3.730347 -0.899999
v -1.847940 3.718090 -0.899999
v 1.847940 3.602763 -0.469596
v 1.859780 3.605006 -0.455095
v 1.859780 3.616443 -0.474904
v -1.859781 3.616443 -0.474902
v -1.859781 3.605006 -0.455093
v -1.847940 3.602763 -0.469595
v 1.847940 3.287685 -0.154518
v 1.859780 3.293814 -0.143902
v -1.859780 3.293814 -0.143901
v -1.847940 3.287685 -0.154516
v 2.120150 2.857280 -0.039191
v 2.108310 2.857280 -0.026933
v 2.108310 2.420747 -0.143902
v 2.120150 2.426876 -0.154518
v -2.120150 2.426876 -0.154516
v -2.108310 2.420747 -0.143901
v -2.108310 2.857280 -0.026932
v -2.120150 2.857280 -0.039190
v 2.108309 2.101182 -0.463467
v 2.120149 2.111797 -0.469596
v -2.120149 2.111797 -0.469595
v -2.108309 2.098117 -0.474902
v -2.108309 2.109554 -0.455093
v 2.108309 1.987277 -0.888564
v 2.108309 1.987277 -0.911437
v 2.120149 1.996470 -0.900001
v -2.108309 1.987277 -0.888563
v -2.120149 1.996470 -0.899999
v -2.108309 1.987277 -0.911436
v 2.108309 2.098117 -1.325098
v 2.108309 2.109554 -1.344907
v 2.120149 2.111797 -1.330405
v -2.108310 2.098117 -1.325096
v -2.120150 2.111797 -1.330404
v -2.108310 2.109554 -1.344905
v 2.108309 2.420747 -1.656099
v 2.120149 2.426876 -1.645484
v -2.120150 2.426876 -1.645482
v -2.108310 2.420747 -1.656098
v 2.108309 2.857280 -1.773068
v 2.120149 2.857280 -1.760810
v -2.120150 2.857280 -1.760809
v -2.108310 2.857280 -1.773067
v 2.108309 3.293814 -1.656099
v 2.120149 3.287685 -1.645484
v -2.120150 3.287685 -1.645482
v -2.108310 3.293814 -1.656098
v 2.108309 3.605006 -1.344907
v 2.108309 3.616443 -1.325098
v 2.120149 3.602763 -1.330405
v -2.120150 3.602763 -1.330404
v -2.108310 3.616443 -1.325096
v -2.108310 3.605006 -1.344905
v 2.108309 3.730347 -0.900001
v 2.120149 3.718090 -0.900001
v -2.120150 3.718090 -0.899999
v -2.108310 3.730347 -0.899999
v 2.108309 3.616443 -0.474904
v 2.108309 3.605006 -0.455095
v 2.120149 3.602763 -0.469596
v -2.108310 3.616443 -0.474902
v -2.120150 3.602763 -0.469595
v -2.108310 3.605006 -0.455093
v 2.108310 3.293814 -0.143902
v 2.120150 3.287685 -0.154518
v -2.120150 3.287685 -0.154516
v -2.108310 3.293814 -0.143901
v 2.354830 2.857280 -0.168169
v 2.342990 2.857280 -0.155911
v 2.342990 2.485235 -0.255600
v 2.354830 2.491364 -0.266216
v -2.354830 2.491364 -0.266214
v -2.342990 2.485235 -0.255599
v -2.342990 2.857280 -0.155910
v -2.354830 2.857280 -0.168167
v 2.342989 2.212879 -0.527956
v 2.354830 2.223495 -0.534085
v -2.354830 2.223495 -0.534083
v -2.342989 2.212879 -0.527954
v 2.342989 2.116255 -0.888564
v 2.342989 2.116255 -0.911438
v 2.354830 2.125448 -0.900001
v -2.342989 2.116255 -0.888562
v -2.354830 2.125448 -0.899999
v -2.342989 2.116255 -0.911436
v 2.342989 2.212879 -1.272045
v 2.354829 2.223495 -1.265916
v -2.354830 2.223495 -1.265915
v -2.342990 2.212879 -1.272044
v 2.342989 2.485235 -1.544401
v 2.354829 2.491364 -1.533786
v -2.354830 2.491364 -1.533784
v -2.342990 2.485235 -1.544400
v 2.342989 2.857280 -1.644090
v 2.354829 2.857280 -1.631833
v -2.354830 2.857280 -1.631831
v -2.342990 2.857280 -1.644089
v 2.342989 3.217888 -1.547466
v 2.342989 3.237697 -1.536029
v 2.354829 3.223196 -1.533786
v -2.342990 3.217888 -1.547464
v -2.354830 3.223196 -1.533784
v -2.342990 3.237697 -1.536028
v 2.342989 3.501681 -1.272045
v 2.354829 3.491065 -1.265916
v -2.354830 3.491065 -1.265915
v -2.342990 3.501681 -1.272044
v 2.342989 3.601370 -0.900001
v 2.354829 3.589112 -0.900001
v -2.354830 3.589112 -0.899999
v -2.342990 3.601370 -0.899999
v 2.342989 3.501681 -0.527956
v 2.354829 3.491065 -0.534085
v -2.354830 3.491065 -0.534083
v -2.342990 3.501681 -0.527954
v 2.342990 3.237697 -0.263972
v 2.342990 3.217888 -0.252536
v 2.354830 3.223196 -0.266216
v -2.342990 3.237697 -0.263971
v -2.354830 3.223196 -0.266214
v -2.342990 3.217888 -0.252534
vn -0.0000 1.0000 -0.0000
vn -0.0000 0.8660 0.5000
vn -0.0000 0.8660 -0.5000
vn -0.0000 -0.5000 0.8660
vn -0.0000 -0.8660 0.5000
vn -0.7369 -0.6640 0.1268
vn -0.7369 -0.6640 -0.1268
vn -0.7486 -0.6630 -0.0000
vn 0.7486 -0.6630 -0.0000
vn 0.7369 -0.6640 -0.1268
vn 0.7369 -0.6640 0.1268
vn -0.7369 0.2222 -0.6385
vn -0.7369 0.4418 -0.5117
vn -0.7486 0.3315 -0.5742
vn 0.7486 0.3315 -0.5742
vn 0.7369 0.4418 -0.5117
vn 0.7369 0.2222 -0.6385
vn -0.7369 0.4418 0.5117
vn -0.7369 0.2222 0.6385
vn -0.7486 0.3315 0.5742
vn 0.7486 0.3315 0.5742
vn 0.7369 0.2222 0.6385
vn 0.7369 0.4418 0.5117
vn 0.7188 -0.2491 0.6490
vn 0.4576 -0.1701 0.8727
vn 0.5104 -0.5401 0.6691
vn 0.5104 0.5401 0.6691
vn 0.4576 0.1701 0.8727
vn 0.7188 0.2491 0.6490
vn -0.5104 0.5401 0.6691
vn -0.7188 0.2491 0.6490
vn -0.4576 0.1701 0.8727
vn -0.7188 -0.5402 0.4376
vn -0.5104 -0.8023 0.3094
vn -0.4576 -0.5837 0.6707
vn -0.5104 0.1333 0.8495
vn -0.7188 -0.1088 0.6866
vn -0.4576 -0.2890 0.8409
vn 0.5104 0.1333 0.8495
vn 0.4576 -0.2890 0.8409
vn 0.7188 -0.1088 0.6866
vn -0.5104 -0.3094 0.8023
vn -0.7188 -0.4376 0.5402
vn -0.4576 -0.6707 0.5837
vn -0.7188 -0.6866 0.1088
vn -0.5104 -0.8495 -0.1332
vn -0.4576 -0.8409 0.2890
vn -0.5104 -0.8496 -0.1332
vn 0.5104 -0.8495 -0.1332
vn 0.7188 -0.6866 0.1088
vn 0.4576 -0.8409 0.2890
vn -0.7188 -0.6490 -0.2491
vn -0.5104 -0.6691 -0.5401
vn -0.4576 -0.8727 -0.1701
vn -0.5104 -0.6692 0.5401
vn -0.7188 -0.6490 0.2491
vn -0.4576 -0.8727 0.1701
vn -0.5104 -0.6691 0.5401
vn 0.5104 -0.6691 0.5401
vn 0.4576 -0.8727 0.1702
vn 0.7188 -0.6490 0.2491
vn -0.5104 -0.8495 0.1332
vn -0.7188 -0.6866 -0.1088
vn -0.4576 -0.8409 -0.2890
vn -0.7188 -0.4376 -0.5402
vn -0.5104 -0.3094 -0.8023
vn -0.4576 -0.6707 -0.5837
vn -0.5104 -0.8496 0.1332
vn 0.5104 -0.3094 -0.8023
vn 0.7188 -0.4376 -0.5402
vn 0.4576 -0.6707 -0.5837
vn -0.7188 -0.1088 -0.6866
vn -0.5104 0.1332 -0.8496
vn -0.4576 -0.2890 -0.8409
vn -0.5104 -0.8023 -0.3094
vn -0.7188 -0.5402 -0.4375
vn -0.4576 -0.5837 -0.6707
vn -0.5104 0.1331 -0.8496
vn -0.7188 -0.5402 -0.4376
vn -0.5104 0.1332 -0.8495
vn -0.5104 0.1333 -0.8495
vn -0.4577 -0.2890 -0.8408
vn 0.5104 -0.8023 -0.3094
vn 0.4576 -0.5837 -0.6707
vn 0.7188 -0.5402 -0.4376
vn -0.5104 -0.5401 -0.6691
vn -0.7188 -0.2491 -0.6490
vn -0.4576 -0.1701 -0.8727
vn -0.7188 0.2491 -0.6490
vn -0.5104 0.5401 -0.6691
vn -0.4576 0.1701 -0.8727
vn -0.5104 -0.5401 -0.6692
vn 0.5104 0.5401 -0.6692
vn 0.7188 0.2491 -0.6490
vn 0.4576 0.1701 -0.8727
vn -0.7188 0.5402 -0.4376
vn -0.5104 0.8023 -0.3094
vn -0.4576 0.5837 -0.6707
vn -0.5104 -0.1332 -0.8495
vn -0.7188 0.1088 -0.6866
vn -0.4576 0.2890 -0.8409
vn -0.7188 0.5402 -0.4375
vn 0.5104 -0.1332 -0.8496
vn 0.4576 0.2890 -0.8409
vn 0.7188 0.1088 -0.6866
vn -0.5104 0.3094 -0.8023
vn -0.7188 0.4376 -0.5402
vn -0.4576 0.6707 -0.5837
vn -0.7188 0.6866 -0.1088
vn -0.5104 0.8496 0.1332
vn -0.4576 0.8409 -0.2890
vn 0.5104 0.8495 0.1332
vn 0.7188 0.6866 -0.1088
vn 0.4576 0.8409 -0.2890
vn -0.7188 0.6490 0.2491
vn -0.5104 0.6691 0.5401
vn -0.4576 0.8727 0.1701
vn -0.5104 0.6691 -0.5401
vn -0.7188 0.6490 -0.2491
vn -0.4577 0.8727 -0.1701
vn -0.4576 0.8727 0.1702
vn -0.4577 0.8727 -0.1702
vn -0.4576 0.8727 -0.1702
vn 0.5104 0.6691 -0.5401
vn 0.4576 0.8727 -0.1701
vn 0.7188 0.6490 -0.2491
vn -0.5104 0.8496 -0.1332
vn -0.7188 0.6866 0.1088
vn -0.4576 0.8409 0.2890
vn -0.7188 0.4375 0.5402
vn -0.5104 0.3094 0.8023
vn -0.4576 0.6707 0.5837
vn -0.5104 0.8495 -0.1332
vn -0.7188 0.4376 0.5402
vn 0.5104 0.3094 0.8023
vn 0.7188 0.4375 0.5402
vn 0.4577 0.6707 0.5837
vn -0.7188 0.1088 0.6866
vn -0.5104 -0.1332 0.8496
vn -0.4576 0.2890 0.8409
vn -0.5104 0.8023 0.3094
vn -0.7188 0.5402 0.4376
vn -0.4576 0.5837 0.6707
vn 0.5104 0.8023 0.3094
vn 0.4577 0.5837 0.6707
vn 0.7188 0.5402 0.4375
vn -0.0198 0.1307 0.9912
vn -0.0257 -0.1627 0.9863
vn -0.0297 -0.0000 0.9996
vn -0.0452 0.1633 0.9855
vn 0.0198 -0.1307 0.9912
vn 0.0257 0.1627 0.9863
vn 0.0297 -0.0000 0.9996
vn 0.0452 -0.1633 0.9855
vn -0.5104 -0.5401 0.6691
vn -0.4576 -0.1701 0.8727
vn -0.7188 -0.2491 0.6490
vn 0.5104 -0.8023 0.3094
vn 0.7188 -0.5402 0.4376
vn 0.4576 -0.5837 0.6707
vn 0.4577 -0.5837 0.6707
vn 0.5104 -0.3094 0.8023
vn 0.4576 -0.6707 0.5837
vn 0.7188 -0.4376 0.5402
vn 0.5104 -0.6691 -0.5401
vn 0.7188 -0.6490 -0.2491
vn 0.4576 -0.8727 -0.1702
vn 0.5104 -0.6692 0.5401
vn 0.4576 -0.8727 0.1701
vn 0.4576 -0.8727 -0.1701
vn 0.0198 -0.7931 -0.6088
vn 0.0257 -0.9356 -0.3523
vn 0.0297 -0.8656 -0.4998
vn 0.0452 -0.7718 -0.6342
vn -0.0296 -0.9324 -0.3601
vn -0.0181 -0.7955 -0.6057
vn -0.0414 -0.7775 -0.6276
vn -0.0344 -0.8599 -0.5092
vn -0.0412 -0.9383 -0.3433
vn 0.5104 -0.8495 0.1332
vn 0.4576 -0.8409 -0.2890
vn 0.7188 -0.6866 -0.1088
vn 0.0181 -0.7955 -0.6057
vn 0.0296 -0.9324 -0.3601
vn 0.0412 -0.9383 -0.3433
vn 0.0344 -0.8599 -0.5092
vn 0.0414 -0.7775 -0.6276
vn 0.5104 -0.8496 0.1332
vn 0.0257 -0.3523 -0.9356
vn 0.0198 -0.6088 -0.7931
vn 0.0452 -0.6342 -0.7718
vn 0.0297 -0.4998 -0.8656
vn -0.0181 -0.6057 -0.7955
vn -0.0296 -0.3601 -0.9324
vn -0.0412 -0.3433 -0.9383
vn -0.0344 -0.5092 -0.8599
vn -0.0414 -0.6276 -0.7775
vn 0.5104 0.1331 -0.8496
vn 0.7188 -0.1088 -0.6866
vn 0.4576 -0.2890 -0.8409
vn 0.0296 -0.3601 -0.9324
vn 0.0181 -0.6057 -0.7955
vn 0.0414 -0.6276 -0.7775
vn 0.0344 -0.5092 -0.8599
vn 0.0412 -0.3433 -0.9383
vn 0.5104 0.1332 -0.8495
vn 0.0198 0.1307 -0.9912
vn 0.0257 -0.1627 -0.9863
vn 0.0297 -0.0000 -0.9996
vn 0.0452 0.1633 -0.9855
vn -0.0198 -0.1307 -0.9912
vn -0.0257 0.1627 -0.9863
vn -0.0297 -0.0000 -0.9996
vn -0.0452 -0.1633 -0.9855
vn 0.5104 -0.5401 -0.6691
vn 0.4576 -0.1701 -0.8727
vn 0.7188 -0.2491 -0.6490
vn 0.5104 0.5401 -0.6691
vn 0.5104 0.8023 -0.3094
vn 0.7188 0.5402 -0.4376
vn 0.4576 0.5837 -0.6707
vn -0.0296 0.3601 -0.9324
vn -0.0181 0.6057 -0.7955
vn -0.0414 0.6276 -0.7775
vn -0.0344 0.5092 -0.8599
vn -0.0412 0.3433 -0.9383
vn 0.5104 -0.1332 -0.8495
vn 0.0181 0.6057 -0.7955
vn 0.0296 0.3601 -0.9324
vn 0.0412 0.3433 -0.9383
vn 0.0344 0.5092 -0.8599
vn 0.0414 0.6276 -0.7775
vn 0.7188 0.5402 -0.4375
vn 0.5104 -0.1331 -0.8496
vn 0.4577 0.2890 -0.8409
vn -0.0198 0.7931 -0.6088
vn -0.0257 0.9356 -0.3523
vn -0.0297 0.8656 -0.4998
vn -0.0452 0.7718 -0.6342
vn 0.5104 0.3094 -0.8023
vn 0.4576 0.6707 -0.5837
vn 0.7188 0.4376 -0.5402
vn 0.7188 0.4375 -0.5402
vn 0.0296 0.9324 -0.3601
vn 0.0181 0.7955 -0.6057
vn 0.0414 0.7775 -0.6276
vn 0.0344 0.8599 -0.5092
vn 0.0412 0.9383 -0.3433
vn 0.0181 0.9918 0.1269
vn 0.0296 0.9876 -0.1543
vn 0.0412 0.9843 -0.1718
vn 0.0344 0.9993 0.0110
vn 0.0414 0.9871 0.1547
vn 0.5104 0.6691 0.5401
vn 0.7188 0.6490 0.2491
vn 0.4577 0.8727 0.1701
vn -0.0296 0.9876 -0.1543
vn -0.0181 0.9918 0.1269
vn -0.0414 0.9871 0.1547
vn -0.0344 0.9993 0.0110
vn -0.0412 0.9843 -0.1718
vn 0.4576 0.8727 -0.1702
vn 0.4577 0.8727 0.1702
vn 0.0198 0.7931 0.6088
vn 0.0257 0.9356 0.3523
vn 0.0297 0.8656 0.4998
vn 0.0452 0.7718 0.6342
vn -0.0296 0.9324 0.3601
vn -0.0181 0.7955 0.6057
vn -0.0414 0.7775 0.6276
vn -0.0344 0.8599 0.5092
vn -0.0412 0.9383 0.3433
vn 0.5104 0.8496 -0.1332
vn 0.4576 0.8409 0.2890
vn 0.7188 0.6866 0.1088
vn 0.4576 0.6707 0.5837
vn 0.5104 -0.1332 0.8495
vn 0.7188 0.1088 0.6866
vn 0.4576 0.2890 0.8409
vn 0.7188 0.5402 0.4376
vn 0.5104 -0.1332 0.8496
vn 0.4576 0.5837 0.6707
vn -0.1903 -0.6264 0.7559
vn 0.1903 -0.6264 0.7559
vn -0.0000 -0.3786 0.9256
vn -0.1903 0.6265 0.7559
vn -0.0000 0.3786 0.9256
vn 0.1903 0.6265 0.7559
vn 0.1903 -0.9205 0.3414
vn -0.0000 -0.7907 0.6123
vn -0.1903 -0.9205 0.3414
vn 0.1903 0.1645 0.9678
vn -0.1903 0.1645 0.9678
vn -0.0000 -0.1349 0.9909
vn 0.1903 -0.3414 0.9204
vn -0.1903 -0.3414 0.9205
vn -0.0000 -0.6123 0.7907
vn 0.1903 -0.9678 -0.1646
vn -0.0000 -0.9909 0.1349
vn -0.1903 -0.9678 -0.1646
vn 0.1903 -0.3414 0.9205
vn -0.1903 -0.3414 0.9204
vn 0.1903 -0.7559 -0.6265
vn -0.0000 -0.9256 -0.3786
vn -0.1903 -0.7559 -0.6265
vn 0.1903 -0.7559 0.6265
vn -0.1903 -0.7559 0.6265
vn -0.0000 -0.9256 0.3786
vn -0.1903 -0.7558 0.6265
vn 0.1903 -0.9678 0.1646
vn -0.1903 -0.9678 0.1646
vn -0.0000 -0.9909 -0.1349
vn 0.1903 -0.3414 -0.9204
vn -0.0000 -0.6123 -0.7907
vn -0.1903 -0.3414 -0.9204
vn 0.1903 -0.3414 -0.9205
vn -0.1903 -0.3414 -0.9205
vn -0.0000 -0.6123 -0.7906
vn 0.1903 0.1646 -0.9678
vn -0.0000 -0.1349 -0.9909
vn -0.1903 0.1646 -0.9678
vn 0.1903 -0.9205 -0.3414
vn -0.1903 -0.9205 -0.3414
vn -0.0000 -0.7907 -0.6123
vn -0.1903 0.1645 -0.9678
vn 0.1903 -0.6265 -0.7559
vn -0.1903 -0.6265 -0.7559
vn -0.0000 -0.3786 -0.9256
vn 0.1903 0.6264 -0.7559
vn -0.0000 0.3786 -0.9256
vn -0.1903 0.6265 -0.7559
vn -0.1904 -0.6265 -0.7559
vn 0.1903 0.6265 -0.7558
vn 0.1903 -0.6264 -0.7559
vn 0.1903 0.9204 -0.3414
vn -0.0000 0.7907 -0.6123
vn -0.1903 0.9204 -0.3414
vn 0.1903 -0.1646 -0.9678
vn -0.1903 -0.1646 -0.9678
vn -0.0000 0.1349 -0.9909
vn 0.1903 0.9205 -0.3414
vn -0.1903 0.9205 -0.3414
vn 0.1903 0.3414 -0.9205
vn -0.1903 0.3414 -0.9205
vn -0.0000 0.6123 -0.7907
vn 0.1903 0.9678 0.1646
vn -0.0000 0.9909 -0.1349
vn -0.1903 0.9678 0.1646
vn -0.0000 0.6122 -0.7907
vn 0.1903 0.7559 0.6264
vn -0.0000 0.9256 0.3786
vn -0.1903 0.7559 0.6265
vn 0.1903 0.7559 -0.6265
vn -0.1903 0.7559 -0.6265
vn -0.0000 0.9256 -0.3786
vn 0.1903 0.7559 0.6265
vn 0.1903 0.9678 -0.1646
vn -0.1903 0.9678 -0.1646
vn -0.0000 0.9909 0.1349
vn 0.1903 0.3414 0.9205
vn -0.0000 0.6122 0.7907
vn -0.1903 0.3414 0.9205
vn -0.0000 0.6123 0.7907
vn 0.1903 -0.1646 0.9678
vn -0.0000 0.1349 0.9909
vn -0.1903 -0.1646 0.9678
vn 0.1903 0.9205 0.3414
vn -0.1903 0.9205 0.3414
vn -0.0000 0.7907 0.6123
vn 0.8053 -0.0120 0.5928
vn 0.8053 0.3068 0.5074
vn 0.5988 0.2073 0.7736
vn -0.8053 -0.0120 0.5928
vn -0.5988 0.2073 0.7736
vn -0.8053 0.3068 0.5074
vn 0.8053 0.2860 0.5194
vn 0.8053 0.5194 0.2860
vn 0.5988 0.5663 0.5663
vn -0.8053 0.2860 0.5194
vn -0.5988 0.5663 0.5663
vn -0.8053 0.5194 0.2860
vn 0.8053 0.5074 0.3068
vn 0.8053 0.5928 -0.0120
vn 0.5988 0.7736 0.2073
vn -0.8053 0.5074 0.3068
vn -0.5988 0.7736 0.2073
vn -0.8053 0.5928 -0.0120
vn 0.8053 0.5928 0.0120
vn 0.8053 0.5074 -0.3068
vn 0.5988 0.7736 -0.2073
vn -0.8053 0.5928 0.0120
vn -0.5988 0.7736 -0.2073
vn -0.8053 0.5074 -0.3068
vn 0.8053 0.5194 -0.2860
vn 0.8053 0.2860 -0.5194
vn 0.5988 0.5663 -0.5663
vn -0.8053 0.5194 -0.2860
vn -0.5988 0.5663 -0.5663
vn -0.8053 0.2860 -0.5193
vn 0.8053 0.2860 -0.5193
vn -0.8053 0.2860 -0.5194
vn 0.8053 0.3068 -0.5074
vn 0.8053 -0.0120 -0.5928
vn 0.5988 0.2073 -0.7736
vn -0.8053 0.3068 -0.5074
vn -0.5988 0.2073 -0.7736
vn -0.8053 -0.0120 -0.5928
vn 0.8053 0.0120 -0.5928
vn 0.8053 -0.3068 -0.5074
vn 0.5988 -0.2073 -0.7736
vn -0.8053 0.0120 -0.5928
vn -0.5988 -0.2073 -0.7736
vn -0.8053 -0.3068 -0.5074
vn 0.8053 -0.2860 -0.5194
vn 0.8053 -0.5194 -0.2860
vn 0.5988 -0.5663 -0.5663
vn -0.8053 -0.2860 -0.5194
vn -0.5988 -0.5663 -0.5663
vn -0.8053 -0.5194 -0.2860
vn 0.8053 -0.5074 -0.3068
vn 0.8053 -0.5928 0.0120
vn 0.5988 -0.7736 -0.2073
vn -0.8053 -0.5074 -0.3068
vn -0.5988 -0.7736 -0.2073
vn -0.8053 -0.5928 0.0120
vn 0.8053 -0.5928 -0.0120
vn 0.8053 -0.5074 0.3068
vn 0.5988 -0.7736 0.2073
vn -0.8053 -0.5928 -0.0120
vn -0.5988 -0.7736 0.2073
vn -0.8053 -0.5074 0.3068
vn 0.8053 -0.5194 0.2860
vn 0.8053 -0.2860 0.5194
vn 0.5988 -0.5663 0.5663
vn -0.8053 -0.5193 0.2860
vn -0.5988 -0.5663 0.5663
vn -0.8053 -0.2860 0.5194
vn 0.8053 -0.5193 0.2860
vn -0.8053 -0.5194 0.2860
vn 0.8053 -0.3068 0.5074
vn 0.8053 0.0120 0.5928
vn 0.5988 -0.2073 0.7736
vn -0.8053 -0.3068 0.5074
vn -0.5988 -0.2073 0.7736
vn -0.8053 0.0120 0.5928
vn -0.1579 -0.3063 0.9388
vn -0.0000 -0.3073 0.9516
vn 0.1579 -0.3063 0.9388
vn -0.2668 -0.2604 0.9279
vn -0.4710 -0.0341 0.8815
vn -0.3786 -0.1404 0.9148
vn -0.1579 0.3063 0.9388
vn 0.1579 0.3063 0.9388
vn -0.0000 0.3073 0.9516
vn -0.2668 0.2604 0.9279
vn -0.3786 0.1404 0.9148
vn -0.4710 0.0341 0.8815
vn 0.1579 -0.7346 0.6598
vn -0.1579 -0.7346 0.6598
vn -0.0000 -0.7420 0.6704
vn 0.2668 -0.6895 0.6734
vn 0.3786 -0.5790 0.7221
vn 0.4710 -0.4702 0.7463
vn 0.1579 -0.2041 0.9661
vn -0.0000 -0.2096 0.9778
vn -0.1579 -0.2041 0.9661
vn 0.2668 -0.2385 0.9338
vn 0.4710 -0.4112 0.7804
vn 0.3786 -0.3358 0.8625
vn 0.1579 -0.6598 0.7346
vn -0.0000 -0.6704 0.7420
vn -0.1579 -0.6598 0.7346
vn 0.2668 -0.6734 0.6895
vn 0.4710 -0.7463 0.4702
vn 0.3786 -0.7221 0.5790
vn 0.1579 -0.9661 0.2041
vn -0.1579 -0.9661 0.2041
vn -0.0000 -0.9778 0.2096
vn 0.2668 -0.9338 0.2385
vn 0.3786 -0.8625 0.3358
vn 0.4710 -0.7804 0.4112
vn 0.1579 -0.9388 -0.3063
vn -0.1579 -0.9388 -0.3063
vn -0.0000 -0.9516 -0.3073
vn 0.2668 -0.9279 -0.2604
vn 0.3786 -0.9148 -0.1404
vn 0.4710 -0.8814 -0.0341
vn 0.1579 -0.9388 0.3063
vn -0.0000 -0.9516 0.3073
vn -0.1579 -0.9388 0.3063
vn 0.2668 -0.9279 0.2604
vn 0.4711 -0.8814 0.0341
vn 0.3786 -0.9148 0.1404
vn 0.4710 -0.8815 -0.0341
vn 0.4710 -0.8815 0.0341
vn 0.1579 -0.9661 -0.2041
vn -0.0000 -0.9778 -0.2096
vn -0.1579 -0.9661 -0.2041
vn 0.2668 -0.9338 -0.2385
vn 0.4710 -0.7804 -0.4112
vn 0.3786 -0.8625 -0.3358
vn 0.1579 -0.6598 -0.7346
vn -0.1579 -0.6598 -0.7346
vn -0.0000 -0.6704 -0.7420
vn 0.2668 -0.6734 -0.6895
vn 0.3786 -0.7221 -0.5790
vn 0.4710 -0.7463 -0.4702
vn 0.4711 -0.7804 -0.4112
vn 0.1579 -0.2041 -0.9661
vn -0.1579 -0.2041 -0.9661
vn -0.0000 -0.2096 -0.9778
vn 0.2668 -0.2385 -0.9338
vn 0.3786 -0.3358 -0.8625
vn 0.4710 -0.4112 -0.7804
vn 0.1579 -0.7346 -0.6598
vn -0.0000 -0.7420 -0.6704
vn -0.1579 -0.7346 -0.6598
vn 0.2668 -0.6895 -0.6734
vn 0.4710 -0.4702 -0.7463
vn 0.3786 -0.5790 -0.7221
vn 0.1579 -0.3063 -0.9388
vn -0.0000 -0.3073 -0.9516
vn -0.1579 -0.3063 -0.9388
vn 0.2668 -0.2604 -0.9279
vn 0.4710 -0.0341 -0.8815
vn 0.3786 -0.1404 -0.9148
vn 0.1579 0.3063 -0.9388
vn -0.1579 0.3063 -0.9388
vn -0.0000 0.3073 -0.9516
vn 0.2668 0.2604 -0.9279
vn 0.3786 0.1404 -0.9148
vn 0.4710 0.0341 -0.8814
vn 0.4710 0.0341 -0.8815
vn 0.1579 0.7346 -0.6598
vn -0.1579 0.7346 -0.6598
vn -0.0000 0.7420 -0.6704
vn 0.2668 0.6895 -0.6734
vn 0.3786 0.5790 -0.7221
vn 0.4710 0.4702 -0.7463
vn 0.1579 0.2041 -0.9661
vn -0.0000 0.2096 -0.9778
vn -0.1579 0.2041 -0.9661
vn 0.2668 0.2385 -0.9338
vn 0.4710 0.4112 -0.7804
vn 0.3786 0.3358 -0.8625
vn 0.4711 0.4112 -0.7804
vn 0.1579 0.6599 -0.7346
vn -0.0000 0.6704 -0.7420
vn -0.1579 0.6598 -0.7346
vn 0.2668 0.6734 -0.6895
vn 0.4711 0.7463 -0.4702
vn 0.3786 0.7221 -0.5790
vn 0.1579 0.9661 -0.2041
vn -0.1579 0.9661 -0.2041
vn -0.0000 0.9778 -0.2096
vn 0.2668 0.9338 -0.2385
vn 0.3786 0.8625 -0.3358
vn 0.4710 0.7804 -0.4112
vn 0.1579 0.9388 0.3063
vn -0.1579 0.9388 0.3063
vn -0.0000 0.9516 0.3073
vn 0.2668 0.9279 0.2604
vn 0.3786 0.9148 0.1404
vn 0.4710 0.8815 0.0341
vn 0.1579 0.9388 -0.3063
vn -0.0000 0.9516 -0.3073
vn -0.1579 0.9388 -0.3063
vn 0.2668 0.9279 -0.2604
vn 0.4710 0.8815 -0.0341
vn 0.3786 0.9149 -0.1404
vn 0.3786 0.9148 -0.1404
vn 0.4711 0.8814 -0.0341
vn 0.1579 0.9661 0.2041
vn -0.0000 0.9778 0.2096
vn -0.1579 0.9661 0.2041
vn 0.2668 0.9338 0.2385
vn 0.4710 0.7804 0.4112
vn 0.3786 0.8625 0.3358
vn 0.1579 0.6598 0.7346
vn -0.1579 0.6598 0.7346
vn -0.0000 0.6704 0.7420
vn 0.2668 0.6734 0.6895
vn 0.3786 0.7221 0.5790
vn 0.4710 0.7463 0.4702
vn -0.1579 0.6599 0.7346
vn 0.1579 0.2041 0.9661
vn -0.1579 0.2041 0.9661
vn -0.0000 0.2096 0.9778
vn 0.2668 0.2385 0.9338
vn 0.3786 0.3358 0.8625
vn 0.4710 0.4112 0.7804
vn 0.1579 0.7346 0.6598
vn -0.0000 0.7420 0.6704
vn -0.1579 0.7346 0.6599
vn 0.2668 0.6895 0.6734
vn 0.4710 0.4702 0.7463
vn 0.3786 0.5790 0.7221
vn 0.1579 0.7346 0.6599
vn 0.5150 0.0739 0.8540
vn 0.5197 0.2211 0.8253
vn 0.5150 0.3630 0.7765
vn 0.4710 -0.0341 0.8815
vn 0.2668 -0.2604 0.9279
vn 0.3786 -0.1404 0.9148
vn -0.5150 0.0739 0.8540
vn -0.5150 0.3630 0.7765
vn -0.5197 0.2211 0.8253
vn 0.4711 -0.0341 0.8814
vn 0.4710 -0.0341 0.8814
vn 0.5150 0.4910 0.7026
vn 0.5197 0.6041 0.6041
vn 0.5150 0.7026 0.4910
vn -0.5150 0.4910 0.7026
vn -0.5150 0.7026 0.4910
vn -0.5197 0.6041 0.6041
vn -0.4710 0.4112 0.7804
vn -0.3786 0.3358 0.8625
vn -0.2668 0.2385 0.9338
vn 0.5150 0.7765 0.3629
vn 0.5197 0.8253 0.2211
vn 0.5150 0.8540 0.0739
vn -0.5150 0.7765 0.3629
vn -0.5150 0.8540 0.0739
vn -0.5197 0.8253 0.2211
vn -0.4710 0.7463 0.4702
vn -0.3786 0.7221 0.5790
vn -0.2668 0.6734 0.6895
vn 0.5150 0.7765 0.3630
vn -0.5150 0.7765 0.3630
vn -0.4711 0.7463 0.4702
vn 0.5150 0.8540 -0.0739
vn 0.5197 0.8253 -0.2211
vn 0.5150 0.7765 -0.3629
vn -0.5150 0.8540 -0.0739
vn -0.5150 0.7765 -0.3629
vn -0.5197 0.8253 -0.2211
vn -0.4710 0.8815 0.0341
vn -0.3786 0.9148 0.1404
vn -0.2668 0.9279 0.2604
vn 0.5150 0.7765 -0.3630
vn -0.5150 0.7765 -0.3630
vn 0.5150 0.7026 -0.4910
vn 0.5197 0.6041 -0.6041
vn 0.5150 0.4910 -0.7026
vn -0.5150 0.7026 -0.4910
vn -0.5150 0.4910 -0.7026
vn -0.5197 0.6041 -0.6041
vn -0.4710 0.7804 -0.4112
vn -0.3786 0.8625 -0.3358
vn -0.2668 0.9338 -0.2385
vn 0.5150 0.3630 -0.7765
vn 0.5197 0.2211 -0.8253
vn 0.5150 0.0739 -0.8540
vn -0.5150 0.3630 -0.7765
vn -0.5150 0.0739 -0.8540
vn -0.5197 0.2211 -0.8252
vn -0.4710 0.4702 -0.7463
vn -0.3786 0.5790 -0.7221
vn -0.2668 0.6895 -0.6734
vn -0.5197 0.2211 -0.8253
vn -0.5150 0.3629 -0.7765
vn 0.5150 -0.0739 -0.8540
vn 0.5197 -0.2211 -0.8253
vn 0.5150 -0.3630 -0.7765
vn -0.5150 -0.0739 -0.8540
vn -0.5150 -0.3630 -0.7765
vn -0.5197 -0.2211 -0.8253
vn -0.4710 0.0341 -0.8815
vn -0.3786 0.1404 -0.9148
vn -0.2668 0.2604 -0.9279
vn 0.5150 -0.4910 -0.7026
vn 0.5197 -0.6041 -0.6041
vn 0.5150 -0.7026 -0.4910
vn -0.5150 -0.4910 -0.7026
vn -0.5150 -0.7026 -0.4910
vn -0.5197 -0.6041 -0.6041
vn -0.4710 -0.4112 -0.7804
vn -0.3786 -0.3358 -0.8625
vn -0.2668 -0.2385 -0.9338
vn 0.5150 -0.7765 -0.3630
vn 0.5197 -0.8253 -0.2211
vn 0.5150 -0.8540 -0.0739
vn -0.5150 -0.7765 -0.3630
vn -0.5150 -0.8540 -0.0739
vn -0.5197 -0.8253 -0.2211
vn -0.4710 -0.7463 -0.4702
vn -0.3786 -0.7221 -0.5790
vn -0.2668 -0.6734 -0.6895
vn 0.5150 -0.8540 0.0739
vn 0.5197 -0.8253 0.2211
vn 0.5150 -0.7765 0.3630
vn -0.5150 -0.8540 0.0739
vn -0.5150 -0.7765 0.3630
vn -0.5197 -0.8253 0.2211
vn -0.4710 -0.8815 -0.0341
vn -0.3786 -0.9148 -0.1404
vn -0.2668 -0.9279 -0.2604
vn -0.4710 -0.8814 -0.0341
vn 0.5150 -0.7026 0.4910
vn 0.5197 -0.6041 0.6041
vn 0.5150 -0.4910 0.7026
vn -0.5150 -0.7026 0.4910
vn -0.5150 -0.4910 0.7026
vn -0.5197 -0.6041 0.6041
vn -0.4710 -0.7804 0.4112
vn -0.3786 -0.8625 0.3358
vn -0.2668 -0.9338 0.2385
vn 0.5150 -0.3630 0.7765
vn 0.5197 -0.2211 0.8253
vn 0.5150 -0.0739 0.8540
vn -0.5150 -0.3630 0.7765
vn -0.5150 -0.0739 0.8540
vn -0.5197 -0.2211 0.8253
vn -0.4710 -0.4702 0.7463
vn -0.3786 -0.5790 0.7221
vn -0.2668 -0.6895 0.6734
vn 0.2668 0.2604 0.9279
vn 0.4710 0.0341 0.8815
vn 0.3786 0.1404 0.9148
vn -0.2668 -0.2385 0.9338
vn -0.3786 -0.3358 0.8625
vn -0.4710 -0.4112 0.7804
vn -0.4711 -0.4112 0.7804
vn -0.2668 -0.6734 0.6895
vn -0.3786 -0.7221 0.5790
vn -0.4710 -0.7463 0.4702
vn -0.2668 -0.9279 0.2604
vn -0.3786 -0.9148 0.1404
vn -0.4710 -0.8815 0.0341
vn -0.4710 -0.8814 0.0341
vn -0.2668 -0.9338 -0.2385
vn -0.3786 -0.8625 -0.3358
vn -0.4711 -0.7804 -0.4112
vn -0.2668 -0.6895 -0.6734
vn -0.3786 -0.5790 -0.7221
vn -0.4710 -0.4702 -0.7463
vn -0.2668 -0.2604 -0.9279
vn -0.3786 -0.1404 -0.9148
vn -0.4710 -0.0341 -0.8815
vn -0.4710 -0.0341 -0.8814
vn -0.2668 0.2385 -0.9338
vn -0.3786 0.3358 -0.8625
vn -0.4710 0.4112 -0.7804
vn -0.2668 0.6734 -0.6895
vn -0.3786 0.7221 -0.5790
vn -0.4710 0.7463 -0.4702
vn -0.2668 0.9279 -0.2604
vn -0.3786 0.9149 -0.1404
vn -0.4710 0.8815 -0.0341
vn -0.2668 0.9338 0.2385
vn -0.3786 0.8625 0.3358
vn -0.4710 0.7804 0.4112
vn -0.2668 0.6895 0.6734
vn -0.3786 0.5790 0.7221
vn -0.4710 0.4702 0.7463
vn 0.6820 -0.5602 0.4702
vn 0.6820 -0.6873 0.2501
vn 0.6809 -0.6343 0.3662
vn -0.6820 -0.7203 0.1271
vn -0.6809 -0.7324 -0.0000
vn -0.6820 -0.7203 -0.1271
vn 0.6820 -0.7203 0.1271
vn 0.6820 -0.7203 -0.1271
vn 0.6809 -0.7324 -0.0000
vn -0.6820 -0.6873 -0.2501
vn -0.6809 -0.6343 -0.3662
vn -0.6820 -0.5602 -0.4702
vn 0.6820 -0.6873 -0.2501
vn 0.6820 -0.5602 -0.4702
vn 0.6809 -0.6343 -0.3662
vn -0.6820 0.5602 -0.4702
vn -0.6809 0.6343 -0.3662
vn -0.6820 0.6873 -0.2501
vn 0.6820 0.5602 -0.4702
vn 0.6820 0.6873 -0.2501
vn 0.6809 0.6343 -0.3662
vn -0.6809 0.6343 0.3662
vn -0.6820 0.5602 0.4702
vn -0.6820 0.6873 0.2501
vn 0.6820 0.6873 0.2501
vn 0.6820 0.5602 0.4702
vn 0.6809 0.6343 0.3662
vn -0.6809 -0.6343 0.3662
vn -0.6820 -0.6873 0.2501
vn -0.6820 -0.5602 0.4702
vn 0.6820 -0.7202 0.1271
vn 0.6820 -0.7202 -0.1271
vn -0.6820 -0.7202 0.1271
vn -0.6820 -0.7202 -0.1271
vn 0.6820 0.2501 -0.6873
vn 0.6820 0.4702 -0.5602
vn 0.6809 0.3662 -0.6343
vn -0.6820 0.2501 -0.6873
vn -0.6809 0.3662 -0.6343
vn -0.6820 0.4702 -0.5602
vn 0.6820 0.4702 0.5602
vn 0.6820 0.2501 0.6873
vn 0.6809 0.3662 0.6343
vn -0.6820 0.4702 0.5602
vn -0.6809 0.3662 0.6343
vn -0.6820 0.2501 0.6873
vn -0.7193 -0.0000 0.6948
vn -0.7193 -0.3474 0.6017
vn 0.7193 -0.3474 0.6017
vn 0.7193 -0.0000 0.6948
vn -0.7193 -0.6017 0.3474
vn 0.7193 -0.6017 0.3474
vn -0.0000 -0.9914 -0.1305
vn -0.0000 -0.9914 0.1305
vn -0.7193 -0.6017 -0.3474
vn 0.7193 -0.6017 -0.3474
vn -0.7193 -0.3474 -0.6017
vn 0.7192 -0.3474 -0.6017
vn -0.7193 -0.0000 -0.6948
vn 0.7192 -0.0000 -0.6948
vn -0.0000 0.6088 -0.7934
vn -0.0000 0.3827 -0.9239
vn -0.7192 0.6017 -0.3474
vn 0.7192 0.6017 -0.3474
vn -0.7192 0.6948 -0.0000
vn 0.7192 0.6948 -0.0000
vn -0.7193 0.6017 0.3474
vn 0.7193 0.6017 0.3474
vn -0.0000 0.3827 0.9239
vn -0.0000 0.6088 0.7934
vn -0.0000 0.1305 0.9914
vn -0.0000 -0.1305 0.9914
vn -0.0000 0.1305 -0.9914
vn -0.0000 -0.1305 -0.9914
vn 0.1771 -0.8265 0.5343
vn -0.1771 -0.8265 0.5343
vn -0.8008 -0.4093 0.4373
vn -0.5551 -0.6654 0.4991
vn -0.8008 0.4093 0.4373
vn -0.5551 0.6654 0.4991
vn 0.1771 0.8265 0.5343
vn -0.1771 0.8265 0.5343
vn -0.1770 -0.8265 0.5343
vn 0.8008 -0.5731 0.1741
vn 0.5551 -0.8258 0.0995
vn -0.1771 -0.9830 0.0494
vn 0.1771 -0.9830 0.0494
vn -0.1771 0.4487 0.8760
vn 0.1771 0.4487 0.8760
vn 0.8008 0.1358 0.5834
vn 0.5551 0.3267 0.7649
vn -0.1770 -0.9830 0.0494
vn 0.8008 0.1358 0.5833
vn -0.1771 -0.0494 0.9830
vn 0.1771 -0.0494 0.9830
vn 0.8008 -0.1741 0.5731
vn 0.5551 -0.0995 0.8258
vn 0.8008 -0.5833 -0.1358
vn 0.5551 -0.7649 -0.3267
vn -0.1770 -0.8760 -0.4487
vn 0.1771 -0.8760 -0.4487
vn -0.1771 -0.8760 -0.4487
vn 0.8008 -0.5834 -0.1358
vn 0.8008 -0.4373 -0.4093
vn 0.5551 -0.4991 -0.6654
vn -0.1771 -0.5343 -0.8265
vn 0.1771 -0.5343 -0.8265
vn -0.1771 -0.5343 0.8265
vn 0.1771 -0.5343 0.8265
vn 0.8008 -0.4373 0.4093
vn 0.5551 -0.4991 0.6654
vn -0.1771 -0.8760 0.4487
vn 0.1771 -0.8760 0.4487
vn 0.8008 -0.5833 0.1358
vn 0.5551 -0.7649 0.3267
vn 0.8008 -0.1741 -0.5731
vn 0.5551 -0.0995 -0.8258
vn -0.1771 -0.0494 -0.9830
vn 0.1771 -0.0494 -0.9830
vn 0.8008 0.1358 -0.5834
vn 0.5551 0.3267 -0.7649
vn -0.1771 0.4487 -0.8760
vn 0.1771 0.4487 -0.8760
vn -0.1771 -0.9830 -0.0494
vn 0.1771 -0.9830 -0.0494
vn 0.8008 -0.5731 -0.1741
vn 0.5551 -0.8258 -0.0995
vn -0.1770 0.4487 -0.8760
vn -0.1771 -0.8265 -0.5343
vn 0.1771 -0.8265 -0.5343
vn 0.8008 -0.4093 -0.4373
vn 0.5551 -0.6654 -0.4991
vn 0.8008 0.4093 -0.4373
vn 0.5551 0.6654 -0.4991
vn -0.1771 0.8265 -0.5343
vn 0.1771 0.8265 -0.5343
vn 0.8008 0.5731 -0.1741
vn 0.5551 0.8258 -0.0995
vn -0.1771 0.9830 -0.0495
vn 0.1771 0.9830 -0.0495
vn -0.1771 -0.4487 -0.8760
vn 0.1771 -0.4487 -0.8760
vn 0.8008 -0.1358 -0.5834
vn 0.5551 -0.3267 -0.7649
vn -0.1770 0.9830 -0.0494
vn 0.1771 0.9830 -0.0494
vn 0.8008 -0.1358 -0.5833
vn -0.1771 0.0494 -0.9830
vn 0.1771 0.0494 -0.9830
vn 0.8008 0.1741 -0.5731
vn 0.5551 0.0995 -0.8258
vn 0.8008 0.5833 0.1358
vn 0.5551 0.7649 0.3267
vn -0.1771 0.8760 0.4487
vn 0.1771 0.8760 0.4487
vn 0.8008 0.5834 0.1358
vn 0.1770 0.8760 0.4487
vn 0.8008 0.4373 0.4093
vn 0.5551 0.4991 0.6654
vn -0.1771 0.5343 0.8265
vn 0.1771 0.5343 0.8265
vn -0.1771 0.5343 -0.8265
vn 0.1771 0.5343 -0.8265
vn 0.8008 0.4373 -0.4093
vn 0.5551 0.4991 -0.6654
vn 0.1770 0.5343 -0.8265
vn -0.1770 0.5343 0.8265
vn -0.1771 0.8760 -0.4487
vn 0.1771 0.8760 -0.4487
vn 0.8008 0.5834 -0.1358
vn 0.5551 0.7649 -0.3267
vn 0.8008 0.1741 0.5731
vn 0.5551 0.0995 0.8258
vn -0.1771 0.0494 0.9830
vn 0.1771 0.0494 0.9830
vn 0.8008 0.5833 -0.1358
vn 0.8008 -0.1358 0.5834
vn 0.5551 -0.3267 0.7649
vn -0.1771 -0.4487 0.8760
vn 0.1771 -0.4487 0.8760
vn -0.1771 0.9830 0.0495
vn 0.1771 0.9830 0.0495
vn 0.8008 0.5731 0.1741
vn 0.5551 0.8258 0.0995
vn 0.8008 -0.1358 0.5833
vn -0.1770 -0.4487 0.8760
vn 0.9296 0.2540 0.2671
vn 0.9296 -0.0864 0.3583
vn 0.5551 -0.6654 0.4991
vn 0.8008 -0.4093 0.4373
vn -0.9296 0.2540 0.2671
vn -0.9296 -0.0864 0.3583
vn 0.9296 0.3535 0.1043
vn 0.9296 0.1043 0.3535
vn -0.5551 -0.3267 0.7649
vn -0.8008 -0.1358 0.5834
vn -0.9296 0.3535 0.1043
vn -0.9296 0.1043 0.3535
vn -0.8008 -0.1358 0.5833
vn 0.9296 0.3583 -0.0864
vn 0.9296 0.2671 0.2540
vn -0.5551 0.0995 0.8258
vn -0.8008 0.1741 0.5731
vn -0.9296 0.3583 -0.0864
vn -0.9296 0.2671 0.2540
vn 0.9296 0.2671 -0.2540
vn 0.9296 0.3583 0.0864
vn -0.5551 0.4991 0.6654
vn -0.8008 0.4373 0.4093
vn -0.9296 0.2671 -0.2540
vn -0.9296 0.3583 0.0864
vn 0.9296 0.1043 -0.3535
vn 0.9296 0.3535 -0.1043
vn -0.5551 0.7649 0.3267
vn -0.8008 0.5833 0.1358
vn -0.9296 0.1043 -0.3535
vn -0.9296 0.3535 -0.1043
vn -0.8008 0.5834 0.1358
vn 0.9296 -0.0864 -0.3583
vn 0.9296 0.2540 -0.2671
vn -0.5551 0.8258 -0.0995
vn -0.8008 0.5731 -0.1741
vn -0.9296 -0.0864 -0.3583
vn -0.9296 0.2540 -0.2671
vn 0.9296 -0.2540 -0.2671
vn 0.9296 0.0864 -0.3583
vn -0.5551 0.6654 -0.4991
vn -0.8008 0.4093 -0.4373
vn -0.9296 -0.2540 -0.2671
vn -0.9296 0.0864 -0.3583
vn 0.9296 -0.3535 -0.1043
vn 0.9296 -0.1043 -0.3535
vn -0.5551 0.3267 -0.7649
vn -0.8008 0.1358 -0.5833
vn -0.9296 -0.3535 -0.1043
vn -0.9296 -0.1043 -0.3535
vn 0.9296 -0.3583 0.0864
vn 0.9296 -0.2671 -0.2540
vn -0.5551 -0.0995 -0.8258
vn -0.8008 -0.1741 -0.5731
vn -0.9296 -0.3583 0.0864
vn -0.9296 -0.2671 -0.2540
vn 0.9296 -0.2671 0.2540
vn 0.9296 -0.3583 -0.0864
vn -0.5551 -0.4991 -0.6654
vn -0.8008 -0.4373 -0.4093
vn -0.9296 -0.2671 0.2540
vn -0.9296 -0.3583 -0.0864
vn 0.9296 -0.1043 0.3535
vn 0.9296 -0.3535 0.1043
vn -0.5551 -0.7649 -0.3267
vn -0.8008 -0.5833 -0.1358
vn -0.9296 -0.1043 0.3535
vn -0.9296 -0.3535 0.1043
vn 0.9296 0.0864 0.3583
vn 0.9296 -0.2540 0.2671
vn -0.5551 -0.8258 0.0995
vn -0.8008 -0.5731 0.1741
vn -0.9296 0.0864 0.3583
vn -0.9296 -0.2540 0.2671
vn 0.8008 0.4093 0.4373
vn 0.5551 0.6654 0.4991
vn -0.8008 0.1358 0.5834
vn -0.5551 0.3267 0.7649
vn -0.8008 -0.1741 0.5731
vn -0.5551 -0.0995 0.8258
vn -0.8008 -0.4373 0.4093
vn -0.5551 -0.4991 0.6654
vn -0.8008 -0.5833 0.1358
vn -0.5551 -0.7649 0.3267
vn -0.8008 -0.5731 -0.1741
vn -0.5551 -0.8258 -0.0995
vn -0.8008 -0.4093 -0.4373
vn -0.5551 -0.6654 -0.4991
vn -0.8008 -0.1358 -0.5834
vn -0.5551 -0.3267 -0.7649
vn -0.8008 -0.1358 -0.5833
vn -0.8008 0.1741 -0.5731
vn -0.5551 0.0995 -0.8258
vn -0.8008 0.4373 -0.4093
vn -0.5551 0.4991 -0.6654
vn -0.8008 0.5834 -0.1358
vn -0.5551 0.7649 -0.3267
vn -0.8008 0.5833 -0.1358
vn -0.8008 0.5731 0.1741
vn -0.5551 0.8258 0.0995
vn 0.7193 -0.0000 0.6947
vn -0.7193 -0.0000 0.6947
vn 0.7193 -0.3474 -0.6017
vn 0.7193 -0.0000 -0.6947
vn -0.7193 -0.0000 -0.6947
vn 0.7193 0.6017 -0.3474
vn -0.7193 0.6017 -0.3474
vn 0.7193 0.6948 -0.0000
vn -0.7193 0.6948 -0.0000
vn -0.7193 0.3474 -0.6017
vn 0.7193 0.3474 -0.6017
vn 0.7193 0.6947 -0.0000
vn -0.7192 0.3474 0.6017
vn 0.7193 0.3474 0.6017
vn -0.7193 0.6947 -0.0000
vn -0.7193 0.3474 0.6017
vn -0.0000 -0.9239 -0.3827
vn -0.0000 -0.7934 -0.6088
vn -0.0000 0.7934 0.6088
vn -0.0000 0.9239 0.3827
vn -0.0000 0.9239 -0.3827
vn -0.0000 0.7934 -0.6088
vn -0.0000 -0.7934 0.6088
vn -0.0000 -0.9239 0.3827
vn -1.0000 -0.0000 -0.0000
vn -0.0000 0.2588 0.9659
vn -0.0000 -0.2588 0.9659
vn 1.0000 -0.0000 -0.0000
vn -0.0000 -0.8660 -0.5000
vn -0.0000 -0.5000 -0.8660
vn -0.0000 -0.7071 -0.7071
vn -0.0000 -0.0000 -1.0000
vn -0.0000 -0.2588 -0.9659
vn -0.0000 -0.7071 0.7071
vn -0.0000 -0.9659 0.2588
vn -0.0000 -0.9659 -0.2588
vn -0.0000 0.2588 -0.9659
vn -0.0000 0.7071 -0.7071
vn -0.0000 0.9659 -0.2588
vn -0.0000 0.9659 0.2588
vn -0.0000 0.7071 0.7071
vn -0.0000 -0.0000 1.0000
vt 0.100000 0.750000
vt 0.150000 0.750000
vt 0.150000 0.833333
vt 0.100000 0.833333
vt 0.200000 0.750000
vt 0.250000 0.750000
vt 0.250000 0.833333
vt 0.200000 0.833333
vt 0.150000 0.666667
vt 0.200000 0.666667
vt 0.250000 0.666667
vt 0.300000 0.666667
vt 0.300000 0.750000
vt 0.100000 0.083333
vt 0.150000 0.083333
vt 0.150000 0.166667
vt 0.100000 0.166667
vt 0.200000 0.083333
vt 0.250000 0.083333
vt 0.250000 0.166667
vt 0.200000 0.166667
vt 0.300000 0.083333
vt 0.350000 0.083333
vt 0.350000 0.166667
vt 0.300000 0.166667
vt 0.400000 0.083333
vt 0.450000 0.083333
vt 0.450000 0.166667
vt 0.400000 0.166667
vt 0.003460 0.247438
vt 0.003460 0.252562
vt -0.000000 0.250000
vt 0.500000 0.250000
vt 0.496540 0.252562
vt 0.496540 0.247438
vt 0.003460 0.580772
vt 0.003460 0.585895
vt -0.000000 0.583333
vt 0.500000 0.583333
vt 0.496540 0.585895
vt 0.496540 0.580772
vt 0.003460 0.914105
vt 0.003460 0.919228
vt -0.000000 0.916667
vt 0.500000 0.916667
vt 0.496540 0.919228
vt 0.496540 0.914105
vt 0.072139 0.960629
vt 0.074053 0.960414
vt 0.073682 0.962743
vt 0.123682 0.037257
vt 0.124053 0.039586
vt 0.122140 0.039371
vt 0.172140 0.960629
vt 0.174053 0.960414
vt 0.173682 0.962742
vt 0.223682 0.037257
vt 0.224053 0.039586
vt 0.222139 0.039371
vt 0.272139 0.960629
vt 0.274053 0.960414
vt 0.273682 0.962743
vt 0.323682 0.037257
vt 0.324053 0.039586
vt 0.322140 0.039371
vt 0.372140 0.960629
vt 0.374053 0.960414
vt 0.373682 0.962742
vt 0.423682 0.037257
vt 0.424053 0.039586
vt 0.422139 0.039371
vt 0.426318 0.037258
vt 0.427860 0.039371
vt 0.425947 0.039586
vt 0.427860 0.043963
vt 0.426318 0.046076
vt 0.425947 0.043747
vt 0.376318 0.120591
vt 0.377861 0.122704
vt 0.375947 0.122920
vt 0.327861 0.043962
vt 0.326318 0.046076
vt 0.325947 0.043747
vt 0.276318 0.120591
vt 0.277860 0.122704
vt 0.275947 0.122920
vt 0.227860 0.043962
vt 0.226318 0.046076
vt 0.225947 0.043747
vt 0.176318 0.120591
vt 0.177861 0.122704
vt 0.175947 0.122919
vt 0.127861 0.043962
vt 0.126318 0.046076
vt 0.125947 0.043747
vt 0.076318 0.120591
vt 0.077861 0.122704
vt 0.075947 0.122920
vt 0.073682 0.120591
vt 0.074053 0.122920
vt 0.072140 0.122704
vt 0.426318 0.203924
vt 0.427861 0.206038
vt 0.425947 0.206253
vt 0.377861 0.127296
vt 0.376318 0.129409
vt 0.375947 0.127081
vt 0.326318 0.203924
vt 0.327861 0.206037
vt 0.325947 0.206253
vt 0.277860 0.127296
vt 0.276318 0.129409
vt 0.275947 0.127081
vt 0.226318 0.203924
vt 0.227861 0.206037
vt 0.225947 0.206253
vt 0.177861 0.127296
vt 0.176318 0.129409
vt 0.175947 0.127081
vt 0.126318 0.203924
vt 0.127860 0.206037
vt 0.125947 0.206253
vt 0.077861 0.127296
vt 0.076318 0.129409
vt 0.075947 0.127081
vt 0.073682 0.129409
vt 0.072139 0.127296
vt 0.074053 0.127081
vt 0.427861 0.210629
vt 0.426318 0.212743
vt 0.425947 0.210414
vt 0.376318 0.287257
vt 0.377861 0.289371
vt 0.375947 0.289586
vt 0.327860 0.210629
vt 0.326318 0.212742
vt 0.325947 0.210414
vt 0.276318 0.287258
vt 0.277861 0.289371
vt 0.275947 0.289586
vt 0.227860 0.210629
vt 0.226318 0.212742
vt 0.225947 0.210414
vt 0.176318 0.287258
vt 0.177861 0.289371
vt 0.175947 0.289586
vt 0.127860 0.210629
vt 0.126318 0.212742
vt 0.125947 0.210414
vt 0.076318 0.287258
vt 0.077860 0.289371
vt 0.075947 0.289586
vt 0.073682 0.287258
vt 0.074053 0.289586
vt 0.072139 0.289371
vt 0.426318 0.370591
vt 0.427861 0.372704
vt 0.425947 0.372919
vt 0.377861 0.293962
vt 0.376318 0.296076
vt 0.375947 0.293747
vt 0.326318 0.370591
vt 0.327861 0.372704
vt 0.325947 0.372919
vt 0.277861 0.293962
vt 0.276318 0.296076
vt 0.275947 0.293747
vt 0.226318 0.370591
vt 0.227861 0.372704
vt 0.225947 0.372919
vt 0.177861 0.293962
vt 0.176318 0.296076
vt 0.175947 0.293747
vt 0.126318 0.370591
vt 0.127861 0.372704
vt 0.125947 0.372919
vt 0.077861 0.293962
vt 0.076318 0.296076
vt 0.075947 0.293747
vt 0.073682 0.296076
vt 0.072139 0.293962
vt 0.074053 0.293747
vt 0.427861 0.377296
vt 0.426318 0.379409
vt 0.425947 0.377080
vt 0.376318 0.453924
vt 0.377861 0.456037
vt 0.375947 0.456253
vt 0.327861 0.377296
vt 0.326318 0.379409
vt 0.325947 0.377080
vt 0.276318 0.453924
vt 0.277860 0.456037
vt 0.275947 0.456253
vt 0.227861 0.377296
vt 0.226318 0.379409
vt 0.225947 0.377080
vt 0.176318 0.453924
vt 0.177861 0.456037
vt 0.175947 0.456253
vt 0.127861 0.377296
vt 0.126318 0.379409
vt 0.125947 0.377080
vt 0.076318 0.453924
vt 0.077860 0.456037
vt 0.075947 0.456253
vt 0.073682 0.453924
vt 0.074053 0.456253
vt 0.072139 0.456037
vt 0.426318 0.537257
vt 0.427860 0.539371
vt 0.425947 0.539586
vt 0.377861 0.460629
vt 0.376318 0.462742
vt 0.375947 0.460414
vt 0.326318 0.537257
vt 0.327861 0.539371
vt 0.325947 0.539586
vt 0.277860 0.460629
vt 0.276318 0.462742
vt 0.275947 0.460414
vt 0.226318 0.537257
vt 0.227861 0.539371
vt 0.225947 0.539586
vt 0.177861 0.460629
vt 0.176318 0.462742
vt 0.175947 0.460414
vt 0.126318 0.537257
vt 0.127861 0.539371
vt 0.125947 0.539586
vt 0.077860 0.460629
vt 0.076318 0.462742
vt 0.075947 0.460414
vt 0.073682 0.462742
vt 0.072139 0.460629
vt 0.074053 0.460414
vt 0.427860 0.543962
vt 0.426318 0.546076
vt 0.425947 0.543747
vt 0.376318 0.620591
vt 0.377861 0.622704
vt 0.375947 0.622919
vt 0.327861 0.543962
vt 0.326318 0.546076
vt 0.325947 0.543747
vt 0.276318 0.620591
vt 0.277861 0.622704
vt 0.275947 0.622919
vt 0.227861 0.543962
vt 0.226318 0.546076
vt 0.225947 0.543747
vt 0.176318 0.620591
vt 0.177860 0.622704
vt 0.175947 0.622919
vt 0.127860 0.543962
vt 0.126318 0.546076
vt 0.125947 0.543747
vt 0.076318 0.620591
vt 0.077860 0.622704
vt 0.075947 0.622919
vt 0.073682 0.620591
vt 0.074053 0.622919
vt 0.072139 0.622704
vt 0.426318 0.703924
vt 0.427861 0.706038
vt 0.425947 0.706253
vt 0.377861 0.627296
vt 0.376318 0.629409
vt 0.375947 0.627080
vt 0.326318 0.703924
vt 0.327861 0.706038
vt 0.325947 0.706253
vt 0.277861 0.627296
vt 0.276318 0.629409
vt 0.275947 0.627081
vt 0.226318 0.703924
vt 0.227861 0.706037
vt 0.225947 0.706253
vt 0.177861 0.627296
vt 0.176318 0.629409
vt 0.175947 0.627081
vt 0.126318 0.703924
vt 0.127861 0.706038
vt 0.125947 0.706253
vt 0.077860 0.627296
vt 0.076318 0.629409
vt 0.075947 0.627080
vt 0.073682 0.629409
vt 0.072139 0.627296
vt 0.074053 0.627081
vt 0.427861 0.710629
vt 0.426318 0.712742
vt 0.425947 0.710414
vt 0.376318 0.787258
vt 0.377861 0.789371
vt 0.375947 0.789586
vt 0.327861 0.710629
vt 0.326318 0.712742
vt 0.325947 0.710414
vt 0.276318 0.787257
vt 0.277861 0.789371
vt 0.275947 0.789586
vt 0.227861 0.710629
vt 0.226318 0.712742
vt 0.225947 0.710414
vt 0.176318 0.787258
vt 0.177861 0.789371
vt 0.175947 0.789586
vt 0.127860 0.710629
vt 0.126318 0.712742
vt 0.125947 0.710414
vt 0.076318 0.787258
vt 0.077860 0.789371
vt 0.075947 0.789586
vt 0.073682 0.787257
vt 0.074053 0.789586
vt 0.072140 0.789371
vt 0.426318 0.870591
vt 0.427860 0.872704
vt 0.425947 0.872920
vt 0.377861 0.793962
vt 0.376318 0.796076
vt 0.375947 0.793747
vt 0.326318 0.870591
vt 0.327861 0.872704
vt 0.325947 0.872920
vt 0.277861 0.793962
vt 0.276318 0.796076
vt 0.275947 0.793747
vt 0.226318 0.870591
vt 0.227861 0.872704
vt 0.225947 0.872919
vt 0.177861 0.793962
vt 0.176318 0.796076
vt 0.175947 0.793747
vt 0.126318 0.870591
vt 0.127861 0.872704
vt 0.125947 0.872920
vt 0.077860 0.793962
vt 0.076318 0.796076
vt 0.075947 0.793747
vt 0.073682 0.796076
vt 0.072140 0.793962
vt 0.074053 0.793747
vt 0.427860 0.877296
vt 0.426318 0.879409
vt 0.425947 0.877081
vt 0.376318 0.953924
vt 0.377861 0.956038
vt 0.375947 0.956253
vt 0.327861 0.877296
vt 0.326318 0.879409
vt 0.325947 0.877081
vt 0.276318 0.953924
vt 0.277861 0.956038
vt 0.275947 0.956253
vt 0.227861 0.877296
vt 0.226318 0.879409
vt 0.225947 0.877081
vt 0.176318 0.953924
vt 0.177861 0.956037
vt 0.175947 0.956253
vt 0.127861 0.877296
vt 0.126318 0.879409
vt 0.125947 0.877081
vt 0.076318 0.953924
vt 0.077861 0.956038
vt 0.075947 0.956253
vt 0.073682 0.953924
vt 0.074053 0.956253
vt 0.072140 0.956038
vt 0.051627 -0.000000
vt 0.050000 0.002562
vt 0.048270 -0.000000
vt 0.050000 -0.000000
vt 0.448653 0.002444
vt 0.450000 -0.000000
vt 0.451730 -0.000000
vt 0.449807 0.002058
vt 0.076318 0.962743
vt 0.075947 0.960414
vt 0.077861 0.960629
vt 0.126318 0.037258
vt 0.127861 0.039371
vt 0.125947 0.039586
vt 0.176318 0.962742
vt 0.175947 0.960414
vt 0.177861 0.960629
vt 0.226318 0.037258
vt 0.227860 0.039371
vt 0.225947 0.039586
vt 0.276318 0.962743
vt 0.275947 0.960414
vt 0.277861 0.960629
vt 0.326318 0.037257
vt 0.327861 0.039371
vt 0.325947 0.039586
vt 0.376318 0.962743
vt 0.375947 0.960414
vt 0.377861 0.960629
vt 0.423682 0.046076
vt 0.422139 0.043962
vt 0.424053 0.043747
vt 0.373682 0.120591
vt 0.374053 0.122920
vt 0.372140 0.122704
vt 0.323682 0.046076
vt 0.322140 0.043962
vt 0.324053 0.043747
vt 0.273682 0.120591
vt 0.274053 0.122920
vt 0.272139 0.122704
vt 0.223682 0.046076
vt 0.222139 0.043962
vt 0.224053 0.043747
vt 0.173682 0.120591
vt 0.174053 0.122919
vt 0.172140 0.122704
vt 0.123682 0.046076
vt 0.122140 0.043962
vt 0.124053 0.043747
vt 0.423682 0.203924
vt 0.424053 0.206253
vt 0.422139 0.206038
vt 0.373682 0.129409
vt 0.372140 0.127296
vt 0.374053 0.127081
vt 0.323682 0.203924
vt 0.324053 0.206253
vt 0.322140 0.206038
vt 0.273682 0.129409
vt 0.272140 0.127296
vt 0.274053 0.127080
vt 0.223682 0.203924
vt 0.224053 0.206253
vt 0.222139 0.206037
vt 0.173682 0.129409
vt 0.172140 0.127296
vt 0.174053 0.127081
vt 0.123682 0.203924
vt 0.124053 0.206253
vt 0.122139 0.206037
vt 0.423682 0.212742
vt 0.422140 0.210629
vt 0.424053 0.210414
vt 0.373682 0.287257
vt 0.374053 0.289586
vt 0.372140 0.289371
vt 0.323682 0.212742
vt 0.322140 0.210629
vt 0.324053 0.210414
vt 0.273682 0.287258
vt 0.274053 0.289586
vt 0.272140 0.289371
vt 0.223682 0.212742
vt 0.222139 0.210629
vt 0.224053 0.210414
vt 0.173682 0.287258
vt 0.174053 0.289586
vt 0.172139 0.289371
vt 0.123682 0.212742
vt 0.122139 0.210629
vt 0.124053 0.210414
vt 0.448652 0.335778
vt 0.449963 0.330855
vt 0.453460 0.333333
vt 0.450000 0.335895
vt 0.400000 0.330772
vt 0.401417 0.335721
vt 0.400000 0.335895
vt 0.398588 0.333333
vt 0.399117 0.331731
vt 0.423682 0.370591
vt 0.424053 0.372919
vt 0.422139 0.372704
vt 0.348653 0.335778
vt 0.349963 0.330855
vt 0.350883 0.331731
vt 0.351412 0.333333
vt 0.350000 0.335895
vt 0.373682 0.296076
vt 0.372140 0.293962
vt 0.374053 0.293747
vt 0.300000 0.330772
vt 0.301418 0.335721
vt 0.300000 0.335895
vt 0.298588 0.333333
vt 0.299117 0.331731
vt 0.323682 0.370591
vt 0.324053 0.372919
vt 0.322140 0.372704
vt 0.248653 0.335778
vt 0.249963 0.330855
vt 0.250883 0.331731
vt 0.251412 0.333333
vt 0.250000 0.335895
vt 0.273682 0.296076
vt 0.272140 0.293962
vt 0.274053 0.293747
vt 0.200000 0.330772
vt 0.201418 0.335721
vt 0.200000 0.335895
vt 0.198588 0.333333
vt 0.199117 0.331731
vt 0.223682 0.370591
vt 0.224053 0.372919
vt 0.222139 0.372704
vt 0.148653 0.335778
vt 0.149963 0.330855
vt 0.150883 0.331731
vt 0.151412 0.333333
vt 0.150000 0.335895
vt 0.173682 0.296076
vt 0.172139 0.293962
vt 0.174053 0.293747
vt 0.100000 0.330772
vt 0.101417 0.335721
vt 0.100000 0.335895
vt 0.098588 0.333333
vt 0.099117 0.331731
vt 0.123682 0.370591
vt 0.124053 0.372919
vt 0.122140 0.372704
vt 0.450000 0.419228
vt 0.448583 0.414279
vt 0.450000 0.414105
vt 0.453460 0.416667
vt 0.401348 0.414222
vt 0.400037 0.419145
vt 0.399117 0.418269
vt 0.398588 0.416667
vt 0.400000 0.414105
vt 0.423682 0.379409
vt 0.422139 0.377296
vt 0.424053 0.377081
vt 0.350000 0.419228
vt 0.348583 0.414279
vt 0.350000 0.414105
vt 0.351412 0.416667
vt 0.350883 0.418269
vt 0.373682 0.453924
vt 0.374053 0.456253
vt 0.372139 0.456037
vt 0.301348 0.414222
vt 0.300037 0.419145
vt 0.299117 0.418269
vt 0.298588 0.416667
vt 0.300000 0.414105
vt 0.323682 0.379409
vt 0.322140 0.377296
vt 0.324053 0.377080
vt 0.250000 0.419228
vt 0.248583 0.414279
vt 0.250000 0.414105
vt 0.251412 0.416667
vt 0.250883 0.418269
vt 0.273682 0.453924
vt 0.274053 0.456253
vt 0.272139 0.456037
vt 0.201348 0.414222
vt 0.200037 0.419144
vt 0.199117 0.418269
vt 0.198588 0.416667
vt 0.200000 0.414105
vt 0.223682 0.379409
vt 0.222140 0.377296
vt 0.224053 0.377080
vt 0.150000 0.419228
vt 0.148583 0.414279
vt 0.150000 0.414105
vt 0.151412 0.416667
vt 0.150883 0.418269
vt 0.173682 0.453924
vt 0.174053 0.456253
vt 0.172140 0.456037
vt 0.101347 0.414222
vt 0.100037 0.419144
vt 0.099117 0.418269
vt 0.098588 0.416667
vt 0.100000 0.414105
vt 0.123682 0.379409
vt 0.122140 0.377296
vt 0.124053 0.377080
vt 0.448653 0.502444
vt 0.449963 0.497522
vt 0.453460 0.500000
vt 0.450000 0.502562
vt 0.051347 0.497556
vt 0.050037 0.502478
vt 0.046540 0.500000
vt 0.050000 0.497438
vt 0.423682 0.537257
vt 0.424053 0.539586
vt 0.422140 0.539371
vt 0.373682 0.462742
vt 0.372139 0.460629
vt 0.374053 0.460414
vt 0.323682 0.537257
vt 0.324053 0.539586
vt 0.322140 0.539371
vt 0.273682 0.462742
vt 0.272139 0.460629
vt 0.274053 0.460414
vt 0.223682 0.537257
vt 0.224053 0.539586
vt 0.222139 0.539371
vt 0.173682 0.462742
vt 0.172140 0.460629
vt 0.174053 0.460414
vt 0.123682 0.537257
vt 0.124053 0.539586
vt 0.122139 0.539371
vt 0.423682 0.546076
vt 0.422139 0.543962
vt 0.424053 0.543747
vt 0.350000 0.580772
vt 0.351417 0.585721
vt 0.350000 0.585895
vt 0.348588 0.583333
vt 0.349117 0.581731
vt 0.373682 0.620591
vt 0.374053 0.622919
vt 0.372139 0.622704
vt 0.298653 0.585778
vt 0.299963 0.580855
vt 0.300883 0.581731
vt 0.301412 0.583333
vt 0.300000 0.585895
vt 0.323682 0.546076
vt 0.322140 0.543962
vt 0.324053 0.543747
vt 0.250000 0.580772
vt 0.251417 0.585721
vt 0.250000 0.585895
vt 0.248588 0.583333
vt 0.249117 0.581731
vt 0.273682 0.620591
vt 0.274053 0.622919
vt 0.272140 0.622704
vt 0.198652 0.585778
vt 0.199963 0.580855
vt 0.200883 0.581731
vt 0.201412 0.583333
vt 0.200000 0.585895
vt 0.223682 0.546076
vt 0.222139 0.543962
vt 0.224053 0.543747
vt 0.150000 0.580772
vt 0.151417 0.585721
vt 0.150000 0.585895
vt 0.148588 0.583333
vt 0.149117 0.581731
vt 0.173682 0.620591
vt 0.174053 0.622919
vt 0.172140 0.622704
vt 0.098652 0.585778
vt 0.099963 0.580855
vt 0.100883 0.581731
vt 0.101412 0.583333
vt 0.100000 0.585895
vt 0.123682 0.546076
vt 0.122139 0.543962
vt 0.124053 0.543747
vt 0.051347 0.664222
vt 0.050037 0.669145
vt 0.046540 0.666667
vt 0.050000 0.664105
vt 0.423682 0.703924
vt 0.424053 0.706253
vt 0.422140 0.706038
vt 0.373682 0.629409
vt 0.372140 0.627296
vt 0.374053 0.627080
vt 0.323682 0.703924
vt 0.324053 0.706253
vt 0.322140 0.706038
vt 0.273682 0.629409
vt 0.272140 0.627296
vt 0.274053 0.627080
vt 0.223682 0.703924
vt 0.224053 0.706253
vt 0.222140 0.706038
vt 0.173682 0.629409
vt 0.172140 0.627296
vt 0.174053 0.627081
vt 0.100000 0.669228
vt 0.098583 0.664279
vt 0.100000 0.664105
vt 0.101412 0.666667
vt 0.100883 0.668269
vt 0.123682 0.703924
vt 0.124053 0.706253
vt 0.122139 0.706037
vt 0.398653 0.752444
vt 0.399963 0.747522
vt 0.400883 0.748398
vt 0.401412 0.750000
vt 0.400000 0.752562
vt 0.423682 0.712742
vt 0.422140 0.710629
vt 0.424053 0.710414
vt 0.350000 0.747438
vt 0.351417 0.752388
vt 0.350000 0.752562
vt 0.348588 0.750000
vt 0.349117 0.748398
vt 0.373682 0.787258
vt 0.374053 0.789586
vt 0.372140 0.789371
vt 0.323682 0.712742
vt 0.322140 0.710629
vt 0.324053 0.710414
vt 0.273682 0.787258
vt 0.274053 0.789586
vt 0.272140 0.789371
vt 0.223682 0.712742
vt 0.222140 0.710629
vt 0.224053 0.710414
vt 0.173682 0.787258
vt 0.174053 0.789586
vt 0.172140 0.789371
vt 0.123682 0.712742
vt 0.122139 0.710629
vt 0.124053 0.710414
vt 0.448653 0.835778
vt 0.449963 0.830855
vt 0.453460 0.833333
vt 0.450000 0.835895
vt 0.400000 0.830772
vt 0.401417 0.835721
vt 0.400000 0.835895
vt 0.398588 0.833333
vt 0.399117 0.831731
vt 0.423682 0.870591
vt 0.424053 0.872919
vt 0.422139 0.872704
vt 0.373682 0.796076
vt 0.372140 0.793962
vt 0.374053 0.793747
vt 0.323682 0.870591
vt 0.324053 0.872919
vt 0.322140 0.872704
vt 0.273682 0.796076
vt 0.272140 0.793962
vt 0.274053 0.793747
vt 0.223682 0.870591
vt 0.224053 0.872919
vt 0.222140 0.872704
vt 0.173682 0.796076
vt 0.172140 0.793962
vt 0.174053 0.793747
vt 0.123682 0.870591
vt 0.124053 0.872920
vt 0.122139 0.872704
vt 0.423682 0.879409
vt 0.422140 0.877296
vt 0.424053 0.877081
vt 0.373682 0.953924
vt 0.374053 0.956253
vt 0.372140 0.956038
vt 0.323682 0.879409
vt 0.322139 0.877296
vt 0.324053 0.877081
vt 0.273682 0.953924
vt 0.274053 0.956253
vt 0.272139 0.956038
vt 0.223682 0.879409
vt 0.222140 0.877296
vt 0.224053 0.877081
vt 0.173682 0.953924
vt 0.174053 0.956253
vt 0.172140 0.956038
vt 0.123682 0.879409
vt 0.122139 0.877296
vt 0.124053 0.877080
vt 0.076313 0.962744
vt 0.073687 0.962744
vt 0.075000 0.960892
vt 0.126313 0.037256
vt 0.125000 0.039108
vt 0.123687 0.037256
vt 0.176313 0.962744
vt 0.173687 0.962744
vt 0.175000 0.960892
vt 0.226313 0.037256
vt 0.225000 0.039108
vt 0.223687 0.037256
vt 0.276313 0.962744
vt 0.273687 0.962744
vt 0.275000 0.960892
vt 0.326313 0.037256
vt 0.325000 0.039108
vt 0.323687 0.037256
vt 0.376313 0.962744
vt 0.373687 0.962744
vt 0.375000 0.960892
vt 0.426313 0.037256
vt 0.425000 0.039108
vt 0.423687 0.037256
vt 0.423687 0.046077
vt 0.425000 0.044225
vt 0.426313 0.046077
vt 0.373687 0.120589
vt 0.376313 0.120589
vt 0.375000 0.122442
vt 0.323687 0.046077
vt 0.325000 0.044225
vt 0.326313 0.046077
vt 0.273687 0.120589
vt 0.276313 0.120589
vt 0.275000 0.122442
vt 0.223687 0.046077
vt 0.225000 0.044225
vt 0.226313 0.046077
vt 0.173687 0.120589
vt 0.176313 0.120589
vt 0.175000 0.122442
vt 0.123687 0.046077
vt 0.125000 0.044225
vt 0.126313 0.046077
vt 0.073687 0.120589
vt 0.076313 0.120589
vt 0.075000 0.122442
vt 0.423687 0.203923
vt 0.426313 0.203923
vt 0.425000 0.205775
vt 0.373687 0.129411
vt 0.375000 0.127558
vt 0.376313 0.129411
vt 0.323687 0.203923
vt 0.326313 0.203923
vt 0.325000 0.205775
vt 0.273687 0.129411
vt 0.275000 0.127558
vt 0.276313 0.129411
vt 0.223687 0.203923
vt 0.226313 0.203923
vt 0.225000 0.205775
vt 0.173687 0.129411
vt 0.175000 0.127558
vt 0.176313 0.129411
vt 0.123687 0.203923
vt 0.126313 0.203923
vt 0.125000 0.205775
vt 0.073687 0.129411
vt 0.075000 0.127558
vt 0.076313 0.129411
vt 0.423687 0.212744
vt 0.425000 0.210892
vt 0.426313 0.212744
vt 0.373687 0.287256
vt 0.376313 0.287256
vt 0.375000 0.289108
vt 0.323687 0.212744
vt 0.325000 0.210892
vt 0.326313 0.212744
vt 0.273687 0.287256
vt 0.276313 0.287256
vt 0.275000 0.289108
vt 0.223687 0.212744
vt 0.225000 0.210892
vt 0.226313 0.212744
vt 0.173687 0.287256
vt 0.176313 0.287256
vt 0.175000 0.289108
vt 0.123687 0.212744
vt 0.125000 0.210892
vt 0.126313 0.212744
vt 0.073687 0.287256
vt 0.076313 0.287256
vt 0.075000 0.289108
vt 0.423687 0.370589
vt 0.426313 0.370589
vt 0.425000 0.372442
vt 0.373687 0.296077
vt 0.375000 0.294225
vt 0.376313 0.296077
vt 0.323687 0.370589
vt 0.326313 0.370589
vt 0.325000 0.372442
vt 0.273687 0.296077
vt 0.275000 0.294225
vt 0.276313 0.296077
vt 0.223687 0.370589
vt 0.226313 0.370589
vt 0.225000 0.372442
vt 0.173687 0.296077
vt 0.175000 0.294225
vt 0.176313 0.296077
vt 0.123687 0.370589
vt 0.126313 0.370589
vt 0.125000 0.372442
vt 0.073687 0.296077
vt 0.075000 0.294225
vt 0.076313 0.296077
vt 0.423687 0.379411
vt 0.425000 0.377558
vt 0.426313 0.379411
vt 0.373687 0.453923
vt 0.376313 0.453923
vt 0.375000 0.455775
vt 0.323687 0.379410
vt 0.325000 0.377558
vt 0.326313 0.379411
vt 0.273687 0.453923
vt 0.276313 0.453923
vt 0.275000 0.455775
vt 0.223687 0.379411
vt 0.225000 0.377558
vt 0.226313 0.379411
vt 0.173687 0.453923
vt 0.176313 0.453923
vt 0.175000 0.455775
vt 0.123687 0.379410
vt 0.125000 0.377558
vt 0.126313 0.379410
vt 0.073687 0.453923
vt 0.076313 0.453923
vt 0.075000 0.455775
vt 0.423687 0.537256
vt 0.426313 0.537256
vt 0.425000 0.539108
vt 0.373687 0.462744
vt 0.375000 0.460891
vt 0.376313 0.462744
vt 0.323687 0.537256
vt 0.326313 0.537256
vt 0.325000 0.539108
vt 0.273687 0.462744
vt 0.275000 0.460891
vt 0.276313 0.462744
vt 0.223687 0.537256
vt 0.226313 0.537256
vt 0.225000 0.539108
vt 0.173687 0.462744
vt 0.175000 0.460891
vt 0.176313 0.462744
vt 0.123687 0.537256
vt 0.126313 0.537256
vt 0.125000 0.539108
vt 0.073687 0.462744
vt 0.075000 0.460892
vt 0.076313 0.462744
vt 0.423687 0.546077
vt 0.425000 0.544225
vt 0.426313 0.546077
vt 0.373687 0.620589
vt 0.376313 0.620589
vt 0.375000 0.622442
vt 0.323687 0.546077
vt 0.325000 0.544225
vt 0.326313 0.546077
vt 0.273687 0.620589
vt 0.276313 0.620589
vt 0.275000 0.622442
vt 0.223687 0.546077
vt 0.225000 0.544225
vt 0.226313 0.546077
vt 0.173687 0.620589
vt 0.176313 0.620589
vt 0.175000 0.622442
vt 0.123687 0.546077
vt 0.125000 0.544225
vt 0.126313 0.546077
vt 0.073687 0.620589
vt 0.076313 0.620589
vt 0.075000 0.622442
vt 0.423687 0.703923
vt 0.426313 0.703923
vt 0.425000 0.705775
vt 0.373687 0.629411
vt 0.375000 0.627558
vt 0.376313 0.629411
vt 0.323687 0.703923
vt 0.326313 0.703923
vt 0.325000 0.705775
vt 0.273687 0.629411
vt 0.275000 0.627558
vt 0.276313 0.629411
vt 0.223687 0.703923
vt 0.226313 0.703923
vt 0.225000 0.705775
vt 0.173687 0.629411
vt 0.175000 0.627558
vt 0.176313 0.629411
vt 0.123687 0.703923
vt 0.126313 0.703923
vt 0.125000 0.705775
vt 0.073687 0.629411
vt 0.075000 0.627558
vt 0.076313 0.629411
vt 0.423687 0.712744
vt 0.425000 0.710892
vt 0.426313 0.712744
vt 0.373687 0.787256
vt 0.376313 0.787256
vt 0.375000 0.789108
vt 0.323687 0.712744
vt 0.325000 0.710892
vt 0.326314 0.712744
vt 0.273687 0.787256
vt 0.276313 0.787256
vt 0.275000 0.789108
vt 0.223687 0.712744
vt 0.225000 0.710892
vt 0.226313 0.712744
vt 0.173687 0.787256
vt 0.176313 0.787256
vt 0.175000 0.789108
vt 0.123687 0.712744
vt 0.125000 0.710892
vt 0.126313 0.712744
vt 0.073687 0.787256
vt 0.076313 0.787256
vt 0.075000 0.789108
vt 0.423687 0.870589
vt 0.426313 0.870589
vt 0.425000 0.872442
vt 0.373687 0.796077
vt 0.375000 0.794225
vt 0.376313 0.796077
vt 0.323687 0.870589
vt 0.326313 0.870589
vt 0.325000 0.872442
vt 0.273687 0.796077
vt 0.275000 0.794225
vt 0.276313 0.796077
vt 0.223687 0.870589
vt 0.226313 0.870589
vt 0.225000 0.872442
vt 0.173687 0.796077
vt 0.175000 0.794225
vt 0.176313 0.796077
vt 0.123687 0.870589
vt 0.126313 0.870589
vt 0.125000 0.872442
vt 0.073687 0.796077
vt 0.075000 0.794225
vt 0.076313 0.796077
vt 0.423687 0.879411
vt 0.425000 0.877558
vt 0.426313 0.879411
vt 0.373687 0.953923
vt 0.376313 0.953923
vt 0.375000 0.955775
vt 0.323687 0.879411
vt 0.325000 0.877558
vt 0.326313 0.879411
vt 0.273687 0.953923
vt 0.276313 0.953923
vt 0.275000 0.955775
vt 0.223687 0.879411
vt 0.225000 0.877558
vt 0.226313 0.879411
vt 0.173687 0.953923
vt 0.176313 0.953923
vt 0.175000 0.955775
vt 0.123687 0.879411
vt 0.125000 0.877558
vt 0.126313 0.879411
vt 0.073687 0.953923
vt 0.076313 0.953923
vt 0.075000 0.955775
vt 0.072041 0.959998
vt 0.072041 0.956669
vt 0.073560 0.958333
vt 0.077959 0.959998
vt 0.076440 0.958333
vt 0.077959 0.956669
vt 0.172041 0.959998
vt 0.172041 0.956669
vt 0.173560 0.958333
vt 0.177959 0.959998
vt 0.176440 0.958333
vt 0.177959 0.956669
vt 0.272041 0.959998
vt 0.272041 0.956669
vt 0.273560 0.958333
vt 0.277959 0.959998
vt 0.276440 0.958333
vt 0.277959 0.956669
vt 0.372041 0.959998
vt 0.372041 0.956669
vt 0.373560 0.958333
vt 0.377959 0.959998
vt 0.376440 0.958333
vt 0.377959 0.956669
vt 0.122041 0.876665
vt 0.122041 0.873335
vt 0.123560 0.875000
vt 0.127959 0.876665
vt 0.126440 0.875000
vt 0.127959 0.873335
vt 0.222041 0.876665
vt 0.222041 0.873335
vt 0.223560 0.875000
vt 0.227959 0.876664
vt 0.226440 0.875000
vt 0.227959 0.873335
vt 0.322041 0.876665
vt 0.322041 0.873335
vt 0.323560 0.875000
vt 0.327959 0.876665
vt 0.326440 0.875000
vt 0.327959 0.873335
vt 0.422041 0.876665
vt 0.422041 0.873335
vt 0.423560 0.875000
vt 0.427959 0.876665
vt 0.426440 0.875000
vt 0.427959 0.873335
vt 0.072041 0.793331
vt 0.072041 0.790002
vt 0.073560 0.791667
vt 0.077959 0.793331
vt 0.076440 0.791667
vt 0.077959 0.790002
vt 0.172041 0.793331
vt 0.172041 0.790002
vt 0.173560 0.791667
vt 0.177959 0.793331
vt 0.176440 0.791667
vt 0.177959 0.790002
vt 0.272041 0.793331
vt 0.272041 0.790002
vt 0.273560 0.791667
vt 0.277959 0.793331
vt 0.276440 0.791667
vt 0.277959 0.790002
vt 0.372041 0.793331
vt 0.372041 0.790002
vt 0.373560 0.791667
vt 0.377959 0.793331
vt 0.376440 0.791667
vt 0.377959 0.790002
vt 0.122041 0.709998
vt 0.122041 0.706669
vt 0.123560 0.708333
vt 0.127959 0.709998
vt 0.126440 0.708333
vt 0.127959 0.706669
vt 0.222041 0.709998
vt 0.222041 0.706669
vt 0.223560 0.708333
vt 0.227959 0.709998
vt 0.226440 0.708333
vt 0.227959 0.706669
vt 0.322041 0.709998
vt 0.322041 0.706669
vt 0.323560 0.708333
vt 0.327959 0.709998
vt 0.326440 0.708333
vt 0.327959 0.706669
vt 0.422041 0.709998
vt 0.422041 0.706669
vt 0.423560 0.708333
vt 0.427959 0.709998
vt 0.426440 0.708333
vt 0.427960 0.706669
vt 0.072041 0.626665
vt 0.072041 0.623335
vt 0.073560 0.625000
vt 0.077959 0.626664
vt 0.076440 0.625000
vt 0.077959 0.623335
vt 0.172041 0.626665
vt 0.172041 0.623335
vt 0.173560 0.625000
vt 0.177959 0.626665
vt 0.176440 0.625000
vt 0.177959 0.623335
vt 0.272041 0.626665
vt 0.272041 0.623335
vt 0.273560 0.625000
vt 0.277959 0.626665
vt 0.276440 0.625000
vt 0.277959 0.623335
vt 0.372041 0.626665
vt 0.372041 0.623335
vt 0.373560 0.625000
vt 0.377959 0.626665
vt 0.376440 0.625000
vt 0.377959 0.623335
vt 0.122041 0.543331
vt 0.122041 0.540002
vt 0.123560 0.541667
vt 0.127959 0.543331
vt 0.126440 0.541667
vt 0.127959 0.540002
vt 0.222041 0.543331
vt 0.222041 0.540002
vt 0.223560 0.541667
vt 0.227959 0.543331
vt 0.226440 0.541667
vt 0.227959 0.540002
vt 0.322041 0.543331
vt 0.322041 0.540002
vt 0.323560 0.541667
vt 0.327959 0.543331
vt 0.326440 0.541667
vt 0.327959 0.540002
vt 0.422041 0.543331
vt 0.422041 0.540002
vt 0.423560 0.541667
vt 0.427959 0.543331
vt 0.426440 0.541667
vt 0.427959 0.540002
vt 0.072041 0.459998
vt 0.072041 0.456669
vt 0.073560 0.458333
vt 0.077959 0.459998
vt 0.076440 0.458333
vt 0.077959 0.456669
vt 0.172041 0.459998
vt 0.172041 0.456669
vt 0.173560 0.458333
vt 0.177959 0.459998
vt 0.176440 0.458333
vt 0.177959 0.456669
vt 0.272041 0.459998
vt 0.272041 0.456669
vt 0.273560 0.458333
vt 0.277959 0.459998
vt 0.276440 0.458333
vt 0.277959 0.456669
vt 0.372041 0.459998
vt 0.372041 0.456669
vt 0.373560 0.458333
vt 0.377959 0.459998
vt 0.376440 0.458333
vt 0.377959 0.456669
vt 0.122041 0.376664
vt 0.122041 0.373335
vt 0.123560 0.375000
vt 0.127959 0.376664
vt 0.126440 0.375000
vt 0.127959 0.373335
vt 0.222041 0.376665
vt 0.222041 0.373335
vt 0.223560 0.375000
vt 0.227959 0.376664
vt 0.226440 0.375000
vt 0.227959 0.373335
vt 0.322041 0.376664
vt 0.322041 0.373335
vt 0.323560 0.375000
vt 0.327960 0.376664
vt 0.326440 0.375000
vt 0.327960 0.373335
vt 0.422041 0.376665
vt 0.422041 0.373335
vt 0.423560 0.375000
vt 0.427959 0.376664
vt 0.426440 0.375000
vt 0.427959 0.373335
vt 0.072041 0.293331
vt 0.072041 0.290002
vt 0.073560 0.291667
vt 0.077959 0.293331
vt 0.076440 0.291667
vt 0.077959 0.290002
vt 0.172041 0.293331
vt 0.172041 0.290002
vt 0.173560 0.291667
vt 0.177959 0.293331
vt 0.176440 0.291667
vt 0.177959 0.290002
vt 0.272041 0.293331
vt 0.272041 0.290002
vt 0.273560 0.291667
vt 0.277959 0.293331
vt 0.276440 0.291667
vt 0.277959 0.290002
vt 0.372041 0.293331
vt 0.372041 0.290002
vt 0.373560 0.291667
vt 0.377959 0.293331
vt 0.376440 0.291667
vt 0.377959 0.290002
vt 0.122041 0.209998
vt 0.122041 0.206669
vt 0.123560 0.208333
vt 0.127959 0.209998
vt 0.126440 0.208333
vt 0.127959 0.206669
vt 0.222041 0.209998
vt 0.222041 0.206669
vt 0.223560 0.208333
vt 0.227959 0.209998
vt 0.226440 0.208333
vt 0.227959 0.206669
vt 0.322041 0.209998
vt 0.322041 0.206669
vt 0.323560 0.208333
vt 0.327959 0.209998
vt 0.326440 0.208333
vt 0.327959 0.206669
vt 0.422041 0.209998
vt 0.422041 0.206669
vt 0.423560 0.208333
vt 0.427959 0.209998
vt 0.426440 0.208333
vt 0.427959 0.206669
vt 0.072041 0.126665
vt 0.072041 0.123336
vt 0.073560 0.125000
vt 0.077959 0.126665
vt 0.076440 0.125000
vt 0.077959 0.123335
vt 0.172041 0.126665
vt 0.172041 0.123335
vt 0.173560 0.125000
vt 0.177959 0.126665
vt 0.176440 0.125000
vt 0.177959 0.123335
vt 0.272041 0.126665
vt 0.272041 0.123335
vt 0.273560 0.125000
vt 0.277959 0.126665
vt 0.276440 0.125000
vt 0.277959 0.123335
vt 0.372041 0.126665
vt 0.372041 0.123335
vt 0.373560 0.125000
vt 0.377959 0.126665
vt 0.376440 0.125000
vt 0.377959 0.123335
vt 0.122041 0.043331
vt 0.122041 0.040002
vt 0.123560 0.041667
vt 0.127959 0.043331
vt 0.126440 0.041667
vt 0.127959 0.040002
vt 0.222041 0.043331
vt 0.222041 0.040002
vt 0.223560 0.041667
vt 0.227959 0.043331
vt 0.226440 0.041667
vt 0.227959 0.040002
vt 0.322041 0.043331
vt 0.322041 0.040002
vt 0.323560 0.041667
vt 0.327959 0.043331
vt 0.326440 0.041667
vt 0.327959 0.040002
vt 0.422041 0.043331
vt 0.422041 0.040002
vt 0.423560 0.041667
vt 0.427959 0.043331
vt 0.426440 0.041667
vt 0.427959 0.040002
vt 0.076664 0.976252
vt 0.075000 0.982038
vt 0.073336 0.976252
vt 0.085148 0.976235
vt 0.086827 0.973725
vt 0.088232 0.978654
vt 0.126664 0.023748
vt 0.123336 0.023748
vt 0.125000 0.017962
vt 0.135148 0.023765
vt 0.138232 0.021346
vt 0.136827 0.026275
vt 0.176664 0.976252
vt 0.175000 0.982038
vt 0.173336 0.976252
vt 0.185148 0.976235
vt 0.186827 0.973725
vt 0.188232 0.978654
vt 0.226664 0.023748
vt 0.223336 0.023748
vt 0.225000 0.017962
vt 0.235148 0.023765
vt 0.238232 0.021346
vt 0.236827 0.026275
vt 0.276664 0.976252
vt 0.275000 0.982038
vt 0.273336 0.976252
vt 0.285148 0.976235
vt 0.286827 0.973725
vt 0.288232 0.978654
vt 0.326664 0.023748
vt 0.323336 0.023748
vt 0.325000 0.017962
vt 0.335148 0.023765
vt 0.338232 0.021346
vt 0.336827 0.026275
vt 0.376664 0.976252
vt 0.375000 0.982038
vt 0.373336 0.976252
vt 0.385148 0.976235
vt 0.386827 0.973725
vt 0.388232 0.978654
vt 0.426664 0.023748
vt 0.423336 0.023748
vt 0.425000 0.017962
vt 0.435148 0.023765
vt 0.438232 0.021346
vt 0.436827 0.026275
vt 0.423336 0.059585
vt 0.426664 0.059585
vt 0.425000 0.065372
vt 0.414852 0.059569
vt 0.411768 0.061987
vt 0.413173 0.057058
vt 0.373336 0.107081
vt 0.375000 0.101295
vt 0.376664 0.107081
vt 0.364852 0.107098
vt 0.363173 0.109609
vt 0.361768 0.104679
vt 0.323336 0.059585
vt 0.326664 0.059585
vt 0.325000 0.065371
vt 0.314852 0.059569
vt 0.311768 0.061987
vt 0.313173 0.057058
vt 0.273336 0.107081
vt 0.275000 0.101295
vt 0.276664 0.107081
vt 0.264852 0.107098
vt 0.263173 0.109609
vt 0.261768 0.104679
vt 0.223336 0.059585
vt 0.226664 0.059585
vt 0.225000 0.065371
vt 0.214852 0.059569
vt 0.211768 0.061987
vt 0.213173 0.057058
vt 0.173336 0.107081
vt 0.175000 0.101295
vt 0.176664 0.107081
vt 0.164852 0.107098
vt 0.163173 0.109609
vt 0.161768 0.104679
vt 0.123336 0.059585
vt 0.126664 0.059585
vt 0.125000 0.065372
vt 0.114852 0.059569
vt 0.111768 0.061987
vt 0.113173 0.057058
vt 0.073336 0.107081
vt 0.075000 0.101295
vt 0.076664 0.107081
vt 0.064852 0.107098
vt 0.063173 0.109609
vt 0.061768 0.104679
vt 0.423336 0.190415
vt 0.425000 0.184628
vt 0.426664 0.190415
vt 0.414852 0.190431
vt 0.413173 0.192942
vt 0.411768 0.188013
vt 0.373336 0.142919
vt 0.376664 0.142919
vt 0.375000 0.148705
vt 0.364852 0.142902
vt 0.361768 0.145321
vt 0.363173 0.140391
vt 0.323336 0.190415
vt 0.325000 0.184628
vt 0.326664 0.190415
vt 0.314852 0.190431
vt 0.313173 0.192942
vt 0.311768 0.188013
vt 0.273336 0.142919
vt 0.276664 0.142919
vt 0.275000 0.148705
vt 0.264852 0.142902
vt 0.261768 0.145321
vt 0.263173 0.140391
vt 0.223336 0.190415
vt 0.225000 0.184628
vt 0.226664 0.190415
vt 0.214852 0.190431
vt 0.213173 0.192942
vt 0.211768 0.188013
vt 0.173336 0.142919
vt 0.176664 0.142919
vt 0.175000 0.148705
vt 0.164852 0.142902
vt 0.161768 0.145321
vt 0.163173 0.140391
vt 0.123336 0.190415
vt 0.125000 0.184628
vt 0.126664 0.190415
vt 0.114852 0.190431
vt 0.113173 0.192942
vt 0.111768 0.188013
vt 0.073336 0.142919
vt 0.076664 0.142919
vt 0.075000 0.148705
vt 0.064852 0.142902
vt 0.061768 0.145321
vt 0.063173 0.140391
vt 0.423336 0.226252
vt 0.426664 0.226252
vt 0.425000 0.232038
vt 0.414852 0.226235
vt 0.411768 0.228654
vt 0.413173 0.223725
vt 0.373336 0.273748
vt 0.375000 0.267962
vt 0.376664 0.273748
vt 0.364852 0.273765
vt 0.363173 0.276275
vt 0.361768 0.271346
vt 0.323336 0.226252
vt 0.326664 0.226252
vt 0.325000 0.232038
vt 0.314852 0.226235
vt 0.311768 0.228654
vt 0.313173 0.223725
vt 0.273336 0.273748
vt 0.275000 0.267962
vt 0.276664 0.273748
vt 0.264852 0.273765
vt 0.263173 0.276275
vt 0.261768 0.271346
vt 0.223336 0.226252
vt 0.226664 0.226252
vt 0.225000 0.232038
vt 0.214852 0.226235
vt 0.211768 0.228654
vt 0.213173 0.223725
vt 0.173336 0.273748
vt 0.175000 0.267962
vt 0.176664 0.273748
vt 0.164852 0.273765
vt 0.163173 0.276275
vt 0.161768 0.271346
vt 0.123336 0.226252
vt 0.126664 0.226252
vt 0.125000 0.232038
vt 0.114852 0.226235
vt 0.111768 0.228654
vt 0.113173 0.223725
vt 0.073336 0.273748
vt 0.075000 0.267962
vt 0.076664 0.273748
vt 0.064852 0.273765
vt 0.063173 0.276275
vt 0.061768 0.271346
vt 0.423336 0.357081
vt 0.425000 0.351295
vt 0.426664 0.357081
vt 0.414852 0.357098
vt 0.413173 0.359609
vt 0.411768 0.354679
vt 0.373336 0.309585
vt 0.376664 0.309585
vt 0.375000 0.315371
vt 0.364852 0.309569
vt 0.361768 0.311987
vt 0.363173 0.307058
vt 0.323336 0.357081
vt 0.325000 0.351295
vt 0.326664 0.357081
vt 0.314852 0.357098
vt 0.313173 0.359608
vt 0.311768 0.354679
vt 0.273336 0.309585
vt 0.276664 0.309585
vt 0.275000 0.315372
vt 0.264852 0.309569
vt 0.261768 0.311987
vt 0.263173 0.307058
vt 0.223336 0.357081
vt 0.225000 0.351295
vt 0.226664 0.357081
vt 0.214852 0.357098
vt 0.213173 0.359608
vt 0.211768 0.354679
vt 0.173336 0.309585
vt 0.176664 0.309585
vt 0.175000 0.315371
vt 0.164852 0.309569
vt 0.161768 0.311987
vt 0.163173 0.307058
vt 0.123336 0.357081
vt 0.125000 0.351295
vt 0.126664 0.357081
vt 0.114852 0.357098
vt 0.113173 0.359608
vt 0.111768 0.354679
vt 0.073336 0.309585
vt 0.076664 0.309585
vt 0.075000 0.315371
vt 0.064852 0.309569
vt 0.061768 0.311987
vt 0.063173 0.307058
vt 0.423336 0.392919
vt 0.426664 0.392919
vt 0.425000 0.398705
vt 0.414852 0.392902
vt 0.411768 0.395321
vt 0.413173 0.390391
vt 0.373336 0.440414
vt 0.375000 0.434628
vt 0.376664 0.440414
vt 0.364852 0.440431
vt 0.363173 0.442942
vt 0.361768 0.438013
vt 0.323336 0.392918
vt 0.326664 0.392918
vt 0.325000 0.398705
vt 0.314852 0.392902
vt 0.311768 0.395320
vt 0.313173 0.390391
vt 0.273336 0.440414
vt 0.275000 0.434628
vt 0.276664 0.440414
vt 0.264852 0.440431
vt 0.263173 0.442942
vt 0.261768 0.438013
vt 0.223336 0.392919
vt 0.226664 0.392919
vt 0.225000 0.398705
vt 0.214852 0.392902
vt 0.211768 0.395321
vt 0.213173 0.390391
vt 0.173336 0.440414
vt 0.175000 0.434628
vt 0.176664 0.440414
vt 0.164852 0.440431
vt 0.163173 0.442942
vt 0.161768 0.438013
vt 0.123336 0.392919
vt 0.126664 0.392919
vt 0.125000 0.398705
vt 0.114852 0.392902
vt 0.111768 0.395320
vt 0.113173 0.390391
vt 0.073336 0.440414
vt 0.075000 0.434628
vt 0.076664 0.440415
vt 0.064852 0.440431
vt 0.063173 0.442942
vt 0.061768 0.438013
vt 0.423336 0.523748
vt 0.425000 0.517962
vt 0.426664 0.523748
vt 0.414852 0.523765
vt 0.413173 0.526275
vt 0.411768 0.521346
vt 0.373336 0.476252
vt 0.376664 0.476252
vt 0.375000 0.482038
vt 0.364852 0.476235
vt 0.361768 0.478654
vt 0.363173 0.473725
vt 0.323336 0.523748
vt 0.325000 0.517962
vt 0.326664 0.523748
vt 0.314852 0.523765
vt 0.313173 0.526275
vt 0.311768 0.521346
vt 0.273336 0.476252
vt 0.276664 0.476252
vt 0.275000 0.482038
vt 0.264852 0.476235
vt 0.261768 0.478654
vt 0.263173 0.473725
vt 0.223336 0.523748
vt 0.225000 0.517962
vt 0.226664 0.523748
vt 0.214852 0.523765
vt 0.213173 0.526275
vt 0.211768 0.521346
vt 0.173336 0.476252
vt 0.176664 0.476252
vt 0.175000 0.482038
vt 0.164852 0.476235
vt 0.161768 0.478654
vt 0.163173 0.473725
vt 0.123336 0.523748
vt 0.125000 0.517962
vt 0.126664 0.523748
vt 0.114852 0.523765
vt 0.113173 0.526275
vt 0.111768 0.521346
vt 0.073336 0.476252
vt 0.076664 0.476252
vt 0.075000 0.482038
vt 0.064852 0.476235
vt 0.061768 0.478654
vt 0.063173 0.473725
vt 0.423336 0.559585
vt 0.426664 0.559585
vt 0.425000 0.565371
vt 0.414852 0.559569
vt 0.411768 0.561987
vt 0.413173 0.557058
vt 0.373336 0.607081
vt 0.375000 0.601295
vt 0.376664 0.607081
vt 0.364852 0.607098
vt 0.363173 0.609609
vt 0.361768 0.604679
vt 0.323336 0.559585
vt 0.326664 0.559585
vt 0.325000 0.565371
vt 0.314852 0.559569
vt 0.311768 0.561987
vt 0.313173 0.557058
vt 0.273336 0.607081
vt 0.275000 0.601295
vt 0.276664 0.607081
vt 0.264852 0.607098
vt 0.263173 0.609609
vt 0.261768 0.604679
vt 0.223336 0.559585
vt 0.226664 0.559585
vt 0.225000 0.565372
vt 0.214852 0.559569
vt 0.211768 0.561987
vt 0.213173 0.557058
vt 0.173336 0.607081
vt 0.175000 0.601295
vt 0.176664 0.607081
vt 0.164852 0.607098
vt 0.163173 0.609609
vt 0.161768 0.604679
vt 0.123336 0.559585
vt 0.126664 0.559585
vt 0.125000 0.565372
vt 0.114852 0.559569
vt 0.111768 0.561987
vt 0.113173 0.557058
vt 0.073336 0.607081
vt 0.075000 0.601295
vt 0.076664 0.607081
vt 0.064852 0.607098
vt 0.063173 0.609609
vt 0.061768 0.604679
vt 0.423336 0.690415
vt 0.425000 0.684628
vt 0.426664 0.690415
vt 0.414852 0.690431
vt 0.413173 0.692942
vt 0.411768 0.688013
vt 0.373336 0.642919
vt 0.376664 0.642919
vt 0.375000 0.648705
vt 0.364852 0.642902
vt 0.361768 0.645321
vt 0.363173 0.640391
vt 0.323336 0.690415
vt 0.325000 0.684628
vt 0.326664 0.690415
vt 0.314852 0.690431
vt 0.313173 0.692942
vt 0.311768 0.688013
vt 0.273336 0.642919
vt 0.276664 0.642919
vt 0.275000 0.648705
vt 0.264852 0.642902
vt 0.261768 0.645321
vt 0.263173 0.640391
vt 0.223336 0.690415
vt 0.225000 0.684628
vt 0.226664 0.690415
vt 0.214852 0.690431
vt 0.213173 0.692942
vt 0.211768 0.688013
vt 0.173336 0.642919
vt 0.176664 0.642919
vt 0.175000 0.648705
vt 0.164852 0.642902
vt 0.161768 0.645321
vt 0.163173 0.640391
vt 0.123336 0.690415
vt 0.125000 0.684628
vt 0.126664 0.690415
vt 0.114852 0.690431
vt 0.113173 0.692942
vt 0.111768 0.688013
vt 0.073336 0.642919
vt 0.076664 0.642919
vt 0.075000 0.648705
vt 0.064852 0.642902
vt 0.061768 0.645321
vt 0.063173 0.640391
vt 0.423336 0.726252
vt 0.426664 0.726252
vt 0.425000 0.732038
vt 0.414852 0.726235
vt 0.411768 0.728654
vt 0.413173 0.723725
vt 0.373336 0.773748
vt 0.375000 0.767962
vt 0.376664 0.773748
vt 0.364852 0.773765
vt 0.363173 0.776275
vt 0.361768 0.771346
vt 0.323336 0.726252
vt 0.326664 0.726252
vt 0.325000 0.732038
vt 0.314852 0.726235
vt 0.311768 0.728654
vt 0.313173 0.723725
vt 0.273336 0.773748
vt 0.275000 0.767962
vt 0.276664 0.773748
vt 0.264852 0.773765
vt 0.263173 0.776275
vt 0.261768 0.771346
vt 0.223336 0.726252
vt 0.226664 0.726252
vt 0.225000 0.732038
vt 0.214852 0.726235
vt 0.211768 0.728654
vt 0.213173 0.723725
vt 0.173336 0.773748
vt 0.175000 0.767962
vt 0.176664 0.773748
vt 0.164852 0.773765
vt 0.163173 0.776275
vt 0.161768 0.771346
vt 0.123336 0.726252
vt 0.126664 0.726252
vt 0.125000 0.732038
vt 0.114852 0.726235
vt 0.111768 0.728654
vt 0.113173 0.723725
vt 0.073336 0.773748
vt 0.075000 0.767962
vt 0.076664 0.773748
vt 0.064852 0.773765
vt 0.063173 0.776275
vt 0.061768 0.771346
vt 0.423336 0.857081
vt 0.425000 0.851295
vt 0.426664 0.857081
vt 0.414852 0.857098
vt 0.413173 0.859609
vt 0.411768 0.854679
vt 0.373336 0.809585
vt 0.376664 0.809585
vt 0.375000 0.815372
vt 0.364852 0.809569
vt 0.361768 0.811987
vt 0.363173 0.807058
vt 0.323336 0.857081
vt 0.325000 0.851295
vt 0.326664 0.857081
vt 0.314852 0.857098
vt 0.313173 0.859609
vt 0.311768 0.854679
vt 0.273336 0.809585
vt 0.276664 0.809585
vt 0.275000 0.815372
vt 0.264852 0.809569
vt 0.261768 0.811987
vt 0.263173 0.807058
vt 0.223336 0.857081
vt 0.225000 0.851295
vt 0.226664 0.857081
vt 0.214852 0.857098
vt 0.213173 0.859609
vt 0.211768 0.854679
vt 0.173336 0.809585
vt 0.176664 0.809585
vt 0.175000 0.815372
vt 0.164852 0.809569
vt 0.161768 0.811987
vt 0.163173 0.807058
vt 0.123336 0.857081
vt 0.125000 0.851295
vt 0.126664 0.857081
vt 0.114852 0.857098
vt 0.113173 0.859609
vt 0.111768 0.854679
vt 0.073336 0.809585
vt 0.076664 0.809585
vt 0.075000 0.815372
vt 0.064852 0.809569
vt 0.061768 0.811987
vt 0.063173 0.807058
vt 0.423336 0.892919
vt 0.426664 0.892919
vt 0.425000 0.898705
vt 0.414852 0.892902
vt 0.411768 0.895321
vt 0.413173 0.890391
vt 0.373336 0.940415
vt 0.375000 0.934628
vt 0.376664 0.940415
vt 0.364852 0.940431
vt 0.363173 0.942942
vt 0.361768 0.938013
vt 0.323336 0.892919
vt 0.326664 0.892919
vt 0.325000 0.898705
vt 0.314852 0.892902
vt 0.311768 0.895321
vt 0.313173 0.890391
vt 0.273336 0.940415
vt 0.275000 0.934628
vt 0.276664 0.940415
vt 0.264852 0.940431
vt 0.263173 0.942942
vt 0.261768 0.938013
vt 0.223336 0.892919
vt 0.226664 0.892919
vt 0.225000 0.898705
vt 0.214852 0.892902
vt 0.211768 0.895321
vt 0.213173 0.890391
vt 0.173336 0.940415
vt 0.175000 0.934628
vt 0.176664 0.940415
vt 0.164852 0.940431
vt 0.163173 0.942942
vt 0.161768 0.938013
vt 0.123336 0.892919
vt 0.126664 0.892919
vt 0.125000 0.898705
vt 0.114852 0.892902
vt 0.111768 0.895321
vt 0.113173 0.890391
vt 0.073336 0.940415
vt 0.075000 0.934628
vt 0.076664 0.940415
vt 0.064852 0.940431
vt 0.063173 0.942942
vt 0.061768 0.938013
vt 0.063161 0.960842
vt 0.060221 0.958333
vt 0.063161 0.955824
vt 0.063173 0.973725
vt 0.064852 0.976235
vt 0.061768 0.978654
vt 0.086839 0.960842
vt 0.086839 0.955824
vt 0.089779 0.958333
vt 0.163161 0.960842
vt 0.160221 0.958333
vt 0.163161 0.955824
vt 0.163173 0.973725
vt 0.164852 0.976235
vt 0.161768 0.978654
vt 0.186839 0.960842
vt 0.186839 0.955824
vt 0.189779 0.958333
vt 0.263161 0.960843
vt 0.260221 0.958333
vt 0.263161 0.955824
vt 0.263173 0.973725
vt 0.264852 0.976235
vt 0.261768 0.978654
vt 0.286839 0.960843
vt 0.286839 0.955824
vt 0.289779 0.958333
vt 0.363161 0.960842
vt 0.360221 0.958333
vt 0.363161 0.955824
vt 0.363173 0.973725
vt 0.364852 0.976235
vt 0.361768 0.978654
vt 0.386839 0.960843
vt 0.386839 0.955824
vt 0.389779 0.958333
vt 0.113161 0.877509
vt 0.110221 0.875000
vt 0.113161 0.872491
vt 0.136839 0.877509
vt 0.136839 0.872491
vt 0.139779 0.875000
vt 0.136827 0.890391
vt 0.138232 0.895321
vt 0.135148 0.892902
vt 0.213161 0.877509
vt 0.210221 0.875000
vt 0.213161 0.872491
vt 0.236839 0.877509
vt 0.236839 0.872491
vt 0.239779 0.875000
vt 0.236827 0.890391
vt 0.238232 0.895321
vt 0.235149 0.892902
vt 0.313161 0.877509
vt 0.310221 0.875000
vt 0.313161 0.872491
vt 0.336839 0.877509
vt 0.336839 0.872491
vt 0.339779 0.875000
vt 0.336827 0.890391
vt 0.338232 0.895321
vt 0.335148 0.892902
vt 0.413161 0.877509
vt 0.410221 0.875000
vt 0.413161 0.872491
vt 0.436839 0.877509
vt 0.436839 0.872491
vt 0.439779 0.875000
vt 0.436827 0.890391
vt 0.438232 0.895321
vt 0.435148 0.892902
vt 0.063161 0.794176
vt 0.060221 0.791667
vt 0.063161 0.789158
vt 0.086839 0.794176
vt 0.086839 0.789158
vt 0.089779 0.791667
vt 0.086827 0.807058
vt 0.088232 0.811987
vt 0.085148 0.809569
vt 0.163161 0.794176
vt 0.160221 0.791667
vt 0.163161 0.789157
vt 0.186839 0.794176
vt 0.186839 0.789157
vt 0.189779 0.791667
vt 0.186827 0.807058
vt 0.188232 0.811987
vt 0.185149 0.809569
vt 0.263161 0.794176
vt 0.260221 0.791667
vt 0.263161 0.789158
vt 0.286839 0.794176
vt 0.286839 0.789157
vt 0.289779 0.791667
vt 0.286827 0.807058
vt 0.288233 0.811987
vt 0.285149 0.809569
vt 0.363161 0.794176
vt 0.360221 0.791667
vt 0.363161 0.789158
vt 0.386839 0.794176
vt 0.386839 0.789158
vt 0.389779 0.791667
vt 0.386827 0.807058
vt 0.388232 0.811987
vt 0.385148 0.809569
vt 0.113161 0.710842
vt 0.110221 0.708333
vt 0.113161 0.705824
vt 0.136839 0.710842
vt 0.136839 0.705824
vt 0.139779 0.708333
vt 0.136827 0.723725
vt 0.138232 0.728654
vt 0.135148 0.726235
vt 0.213161 0.710842
vt 0.210221 0.708333
vt 0.213161 0.705824
vt 0.236839 0.710842
vt 0.236839 0.705824
vt 0.239779 0.708333
vt 0.236827 0.723725
vt 0.238232 0.728654
vt 0.235148 0.726235
vt 0.313161 0.710842
vt 0.310221 0.708333
vt 0.313161 0.705824
vt 0.336839 0.710842
vt 0.336839 0.705824
vt 0.339779 0.708333
vt 0.336827 0.723725
vt 0.338233 0.728654
vt 0.335149 0.726235
vt 0.413161 0.710842
vt 0.410221 0.708333
vt 0.413161 0.705824
vt 0.436839 0.710842
vt 0.436839 0.705824
vt 0.439779 0.708333
vt 0.436827 0.723725
vt 0.438232 0.728654
vt 0.435149 0.726235
vt 0.063161 0.627509
vt 0.060221 0.625000
vt 0.063161 0.622491
vt 0.086839 0.627509
vt 0.086839 0.622491
vt 0.089779 0.625000
vt 0.086827 0.640391
vt 0.088232 0.645321
vt 0.085148 0.642902
vt 0.163161 0.627509
vt 0.160221 0.625000
vt 0.163161 0.622491
vt 0.186839 0.627509
vt 0.186839 0.622491
vt 0.189779 0.625000
vt 0.186827 0.640391
vt 0.188232 0.645321
vt 0.185148 0.642902
vt 0.263161 0.627509
vt 0.260221 0.625000
vt 0.263161 0.622491
vt 0.286839 0.627509
vt 0.286839 0.622491
vt 0.289779 0.625000
vt 0.286827 0.640391
vt 0.288232 0.645321
vt 0.285148 0.642902
vt 0.363161 0.627509
vt 0.360221 0.625000
vt 0.363161 0.622491
vt 0.386839 0.627509
vt 0.386839 0.622491
vt 0.389779 0.625000
vt 0.386827 0.640391
vt 0.388232 0.645321
vt 0.385148 0.642902
vt 0.113161 0.544176
vt 0.110221 0.541667
vt 0.113161 0.539157
vt 0.136839 0.544176
vt 0.136839 0.539157
vt 0.139779 0.541667
vt 0.136827 0.557058
vt 0.138232 0.561987
vt 0.135148 0.559569
vt 0.213161 0.544176
vt 0.210221 0.541667
vt 0.213161 0.539157
vt 0.236839 0.544176
vt 0.236839 0.539157
vt 0.239779 0.541667
vt 0.236827 0.557058
vt 0.238232 0.561987
vt 0.235148 0.559569
vt 0.313161 0.544176
vt 0.310221 0.541667
vt 0.313161 0.539158
vt 0.336839 0.544176
vt 0.336839 0.539157
vt 0.339779 0.541667
vt 0.336827 0.557058
vt 0.338232 0.561987
vt 0.335148 0.559569
vt 0.413161 0.544176
vt 0.410221 0.541667
vt 0.413161 0.539157
vt 0.436839 0.544176
vt 0.436839 0.539157
vt 0.439779 0.541667
vt 0.436827 0.557058
vt 0.438233 0.561987
vt 0.435149 0.559569
vt 0.063161 0.460842
vt 0.060221 0.458333
vt 0.063161 0.455824
vt 0.086839 0.460842
vt 0.086839 0.455824
vt 0.089779 0.458333
vt 0.086827 0.473725
vt 0.088232 0.478654
vt 0.085148 0.476235
vt 0.163161 0.460842
vt 0.160221 0.458333
vt 0.163161 0.455824
vt 0.186839 0.460842
vt 0.186839 0.455824
vt 0.189779 0.458333
vt 0.186827 0.473725
vt 0.188232 0.478654
vt 0.185148 0.476235
vt 0.263161 0.460842
vt 0.260221 0.458333
vt 0.263161 0.455824
vt 0.286839 0.460842
vt 0.286839 0.455824
vt 0.289779 0.458333
vt 0.286827 0.473725
vt 0.288232 0.478654
vt 0.285148 0.476235
vt 0.363161 0.460842
vt 0.360221 0.458333
vt 0.363161 0.455824
vt 0.386839 0.460842
vt 0.386839 0.455824
vt 0.389779 0.458333
vt 0.386827 0.473725
vt 0.388232 0.478654
vt 0.385148 0.476235
vt 0.113161 0.377509
vt 0.110221 0.375000
vt 0.113161 0.372491
vt 0.136839 0.377509
vt 0.136839 0.372491
vt 0.139779 0.375000
vt 0.136827 0.390391
vt 0.138232 0.395320
vt 0.135148 0.392902
vt 0.213161 0.377509
vt 0.210221 0.375000
vt 0.213161 0.372491
vt 0.236839 0.377509
vt 0.236839 0.372491
vt 0.239779 0.375000
vt 0.236827 0.390391
vt 0.238232 0.395321
vt 0.235148 0.392902
vt 0.313161 0.377509
vt 0.310221 0.375000
vt 0.313161 0.372491
vt 0.336839 0.377509
vt 0.336839 0.372491
vt 0.339779 0.375000
vt 0.336827 0.390391
vt 0.338232 0.395320
vt 0.335149 0.392902
vt 0.413161 0.377509
vt 0.410221 0.375000
vt 0.413161 0.372491
vt 0.436839 0.377509
vt 0.436839 0.372491
vt 0.439779 0.375000
vt 0.436827 0.390391
vt 0.438232 0.395321
vt 0.435148 0.392902
vt 0.063161 0.294176
vt 0.060221 0.291667
vt 0.063161 0.289157
vt 0.086839 0.294176
vt 0.086839 0.289158
vt 0.089779 0.291667
vt 0.086827 0.307058
vt 0.088232 0.311987
vt 0.085148 0.309569
vt 0.163161 0.294176
vt 0.160221 0.291667
vt 0.163161 0.289158
vt 0.186839 0.294176
vt 0.186839 0.289158
vt 0.189779 0.291667
vt 0.186827 0.307058
vt 0.188232 0.311987
vt 0.185148 0.309569
vt 0.263161 0.294176
vt 0.260221 0.291667
vt 0.263161 0.289157
vt 0.286839 0.294176
vt 0.286839 0.289157
vt 0.289779 0.291667
vt 0.286827 0.307058
vt 0.288232 0.311987
vt 0.285148 0.309569
vt 0.363161 0.294176
vt 0.360221 0.291667
vt 0.363161 0.289157
vt 0.386839 0.294176
vt 0.386839 0.289157
vt 0.389779 0.291667
vt 0.386827 0.307058
vt 0.388232 0.311987
vt 0.385149 0.309569
vt 0.113161 0.210842
vt 0.110221 0.208333
vt 0.113161 0.205824
vt 0.136839 0.210842
vt 0.136839 0.205824
vt 0.139779 0.208333
vt 0.136827 0.223725
vt 0.138232 0.228654
vt 0.135148 0.226235
vt 0.213161 0.210842
vt 0.210221 0.208333
vt 0.213161 0.205824
vt 0.236839 0.210842
vt 0.236839 0.205824
vt 0.239779 0.208333
vt 0.236827 0.223725
vt 0.238232 0.228654
vt 0.235148 0.226235
vt 0.313161 0.210842
vt 0.310221 0.208333
vt 0.313161 0.205824
vt 0.336839 0.210843
vt 0.336839 0.205824
vt 0.339779 0.208333
vt 0.336827 0.223725
vt 0.338232 0.228654
vt 0.335148 0.226235
vt 0.413161 0.210843
vt 0.410221 0.208333
vt 0.413161 0.205824
vt 0.436839 0.210843
vt 0.436839 0.205824
vt 0.439779 0.208333
vt 0.436827 0.223725
vt 0.438232 0.228654
vt 0.435148 0.226236
vt 0.063161 0.127509
vt 0.060221 0.125000
vt 0.063161 0.122491
vt 0.086839 0.127509
vt 0.086839 0.122491
vt 0.089779 0.125000
vt 0.086827 0.140391
vt 0.088232 0.145321
vt 0.085148 0.142902
vt 0.163161 0.127509
vt 0.160221 0.125000
vt 0.163161 0.122491
vt 0.186839 0.127509
vt 0.186839 0.122491
vt 0.189779 0.125000
vt 0.186827 0.140391
vt 0.188233 0.145320
vt 0.185149 0.142902
vt 0.263161 0.127509
vt 0.260221 0.125000
vt 0.263161 0.122491
vt 0.286839 0.127509
vt 0.286839 0.122491
vt 0.289779 0.125000
vt 0.286827 0.140391
vt 0.288232 0.145320
vt 0.285149 0.142902
vt 0.363161 0.127509
vt 0.360221 0.125000
vt 0.363161 0.122491
vt 0.386839 0.127509
vt 0.386839 0.122491
vt 0.389779 0.125000
vt 0.386827 0.140391
vt 0.388232 0.145321
vt 0.385148 0.142902
vt 0.113161 0.044176
vt 0.110221 0.041667
vt 0.113161 0.039157
vt 0.136839 0.044176
vt 0.136839 0.039157
vt 0.139779 0.041667
vt 0.136827 0.057058
vt 0.138232 0.061987
vt 0.135148 0.059569
vt 0.213161 0.044176
vt 0.210221 0.041667
vt 0.213161 0.039157
vt 0.236839 0.044176
vt 0.236839 0.039158
vt 0.239779 0.041667
vt 0.236827 0.057058
vt 0.238232 0.061987
vt 0.235148 0.059569
vt 0.313161 0.044176
vt 0.310221 0.041667
vt 0.313161 0.039157
vt 0.336839 0.044176
vt 0.336839 0.039157
vt 0.339779 0.041667
vt 0.336827 0.057058
vt 0.338232 0.061987
vt 0.335148 0.059569
vt 0.413161 0.044176
vt 0.410221 0.041667
vt 0.413161 0.039157
vt 0.436839 0.044176
vt 0.436839 0.039158
vt 0.439779 0.041667
vt 0.436827 0.057058
vt 0.438232 0.061987
vt 0.435148 0.059569
vt 0.114852 0.023765
vt 0.113173 0.026275
vt 0.111768 0.021346
vt 0.214852 0.023765
vt 0.213173 0.026275
vt 0.211768 0.021346
vt 0.314852 0.023765
vt 0.313173 0.026275
vt 0.311768 0.021346
vt 0.414852 0.023765
vt 0.413173 0.026275
vt 0.411768 0.021346
vt 0.385148 0.107098
vt 0.388232 0.104679
vt 0.386827 0.109609
vt 0.285148 0.107098
vt 0.288232 0.104679
vt 0.286827 0.109609
vt 0.185148 0.107098
vt 0.188232 0.104679
vt 0.186827 0.109609
vt 0.085148 0.107098
vt 0.088232 0.104679
vt 0.086827 0.109609
vt 0.435148 0.190431
vt 0.438232 0.188013
vt 0.436827 0.192942
vt 0.335148 0.190431
vt 0.338232 0.188013
vt 0.336827 0.192942
vt 0.235148 0.190431
vt 0.238232 0.188013
vt 0.236827 0.192942
vt 0.135148 0.190431
vt 0.138232 0.188013
vt 0.136827 0.192942
vt 0.385148 0.273764
vt 0.388232 0.271346
vt 0.386827 0.276275
vt 0.285148 0.273765
vt 0.288232 0.271346
vt 0.286827 0.276275
vt 0.185148 0.273765
vt 0.188232 0.271346
vt 0.186827 0.276275
vt 0.085148 0.273765
vt 0.088232 0.271346
vt 0.086827 0.276275
vt 0.435148 0.357098
vt 0.438232 0.354679
vt 0.436827 0.359609
vt 0.335149 0.357098
vt 0.338232 0.354679
vt 0.336827 0.359608
vt 0.235148 0.357098
vt 0.238232 0.354679
vt 0.236827 0.359609
vt 0.135148 0.357098
vt 0.138232 0.354679
vt 0.136827 0.359608
vt 0.385148 0.440431
vt 0.388232 0.438013
vt 0.386827 0.442942
vt 0.285148 0.440431
vt 0.288232 0.438013
vt 0.286827 0.442942
vt 0.185148 0.440431
vt 0.188232 0.438013
vt 0.186827 0.442942
vt 0.085148 0.440431
vt 0.088232 0.438013
vt 0.086827 0.442942
vt 0.435148 0.523765
vt 0.438232 0.521346
vt 0.436827 0.526275
vt 0.335148 0.523765
vt 0.338232 0.521346
vt 0.336827 0.526275
vt 0.235148 0.523765
vt 0.238232 0.521346
vt 0.236827 0.526275
vt 0.135148 0.523765
vt 0.138232 0.521346
vt 0.136827 0.526275
vt 0.385149 0.607098
vt 0.388232 0.604679
vt 0.386827 0.609609
vt 0.285148 0.607098
vt 0.288232 0.604679
vt 0.286827 0.609609
vt 0.185148 0.607098
vt 0.188232 0.604679
vt 0.186827 0.609609
vt 0.085148 0.607098
vt 0.088232 0.604679
vt 0.086827 0.609608
vt 0.435148 0.690431
vt 0.438232 0.688013
vt 0.436827 0.692942
vt 0.335149 0.690431
vt 0.338232 0.688013
vt 0.336827 0.692942
vt 0.235148 0.690431
vt 0.238232 0.688013
vt 0.236827 0.692942
vt 0.135148 0.690431
vt 0.138232 0.688013
vt 0.136827 0.692942
vt 0.385148 0.773765
vt 0.388232 0.771346
vt 0.386827 0.776275
vt 0.285149 0.773765
vt 0.288233 0.771346
vt 0.286827 0.776275
vt 0.185148 0.773765
vt 0.188232 0.771346
vt 0.186827 0.776275
vt 0.085148 0.773765
vt 0.088232 0.771346
vt 0.086827 0.776275
vt 0.435148 0.857098
vt 0.438232 0.854679
vt 0.436827 0.859609
vt 0.335149 0.857098
vt 0.338233 0.854679
vt 0.336827 0.859609
vt 0.235148 0.857098
vt 0.238232 0.854679
vt 0.236827 0.859609
vt 0.135148 0.857098
vt 0.138232 0.854679
vt 0.136827 0.859609
vt 0.385148 0.940431
vt 0.388232 0.938013
vt 0.386827 0.942942
vt 0.285149 0.940431
vt 0.288232 0.938013
vt 0.286827 0.942942
vt 0.185148 0.940431
vt 0.188232 0.938013
vt 0.186827 0.942942
vt 0.085148 0.940431
vt 0.088232 0.938013
vt 0.086827 0.942942
vt 0.903437 0.529068
vt 0.901528 0.525761
vt 0.898221 0.523852
vt 0.565424 0.060207
vt 0.560207 0.065424
vt 0.562117 0.062117
vt 0.501909 0.630043
vt 0.500000 0.633350
vt 0.500000 0.637169
vt 0.666398 0.461735
vt 0.673525 0.463644
vt 0.669706 0.463645
vt 0.790120 0.927289
vt 0.793939 0.927289
vt 0.797246 0.925380
vt 0.963645 0.173525
vt 0.961735 0.166398
vt 0.963645 0.169706
vt 0.500000 0.164483
vt 0.500000 0.168850
vt 0.500000 0.166667
vt -0.000000 0.247817
vt -0.000000 0.252183
vt 0.500000 0.247817
vt 0.500000 0.252183
vt -0.000000 0.331150
vt -0.000000 0.333333
vt -0.000000 0.335517
vt 0.500000 0.331150
vt 0.500000 0.335516
vt 0.500000 0.333333
vt -0.000000 0.664483
vt -0.000000 0.666667
vt -0.000000 0.668850
vt 0.500000 0.664483
vt 0.500000 0.668850
vt 0.500000 0.666667
vt -0.000000 0.833333
vt -0.000000 0.835517
vt -0.000000 0.831150
vt 0.500000 0.831150
vt 0.500000 0.835517
vt 0.500000 0.833333
vt 0.500000 0.166862
vt 0.500000 0.165029
vt -0.000000 0.248363
vt -0.000000 0.252183
vt -0.000000 0.250195
vt 0.500000 0.249805
vt 0.500000 0.251637
vt -0.000000 0.331150
vt -0.000000 0.334971
vt -0.000000 0.333138
vt 0.500000 0.331150
vt 0.500000 0.333138
vt 0.500000 0.334971
vt -0.000000 0.668304
vt -0.000000 0.666472
vt 0.500000 0.666862
vt 0.500000 0.665029
vt -0.000000 0.831696
vt -0.000000 0.835517
vt -0.000000 0.833528
vt 0.500000 0.833138
vt 0.500000 0.834971
vt 0.903437 0.529068
vt 0.898221 0.523852
vt 0.898732 0.528557
vt 0.564912 0.064912
vt 0.560207 0.065424
vt 0.501910 0.630043
vt 0.500000 0.637169
vt 0.503819 0.634374
vt 0.666398 0.461735
vt 0.670729 0.459826
vt 0.673525 0.463645
vt 0.790120 0.927289
vt 0.797246 0.925379
vt 0.792916 0.923470
vt 0.963645 0.173525
vt 0.959826 0.170729
vt 0.961735 0.166398
vt 0.003460 -0.000000
vt 0.003460 0.083333
vt -0.000000 0.083333
vt -0.000000 0.000000
vt 0.496540 0.083333
vt 0.496540 -0.000000
vt 0.500000 -0.000000
vt 0.500000 0.083333
vt 0.003460 0.166667
vt -0.000000 0.166667
vt 0.496540 0.166667
vt 0.500000 0.166667
vt 0.049870 0.252493
vt 0.050000 0.247438
vt 0.003460 0.333333
vt 0.496540 0.333333
vt 0.003460 0.416667
vt -0.000000 0.416667
vt 0.496540 0.416667
vt 0.500000 0.416667
vt 0.003460 0.500000
vt -0.000000 0.500000
vt 0.496540 0.500000
vt 0.500000 0.500000
vt 0.049870 0.585827
vt 0.050000 0.580772
vt 0.003460 0.666667
vt 0.496540 0.666667
vt 0.003460 0.750000
vt -0.000000 0.750000
vt 0.496540 0.750000
vt 0.500000 0.750000
vt 0.003460 0.833333
vt -0.000000 0.833333
vt 0.496540 0.833333
vt 0.049871 0.919160
vt 0.050000 0.914105
vt 0.003460 1.000000
vt -0.000000 1.000000
vt 0.496540 1.000000
vt 0.500000 1.000000
vt 0.100000 -0.000000
vt 0.099870 0.002493
vt 0.150000 -0.000000
vt 0.150130 0.002493
vt 0.200000 -0.000000
vt 0.199870 0.002493
vt 0.250000 -0.000000
vt 0.250130 0.002493
vt 0.300000 -0.000000
vt 0.299870 0.002493
vt 0.350000 -0.000000
vt 0.350130 0.002493
vt 0.400000 -0.000000
vt 0.399870 0.002493
vt 0.450000 0.252562
vt 0.450130 0.247507
vt 0.400130 0.252493
vt 0.399871 0.247507
vt 0.349871 0.252493
vt 0.350130 0.247507
vt 0.300130 0.252493
vt 0.299871 0.247507
vt 0.249870 0.252493
vt 0.250130 0.247507
vt 0.200130 0.252493
vt 0.199870 0.247507
vt 0.149870 0.252493
vt 0.150130 0.247507
vt 0.100130 0.252493
vt 0.099870 0.247507
vt 0.399870 0.502493
vt 0.400130 0.497507
vt 0.350130 0.502493
vt 0.349870 0.497506
vt 0.299871 0.502493
vt 0.300130 0.497507
vt 0.250130 0.502493
vt 0.249870 0.497507
vt 0.199870 0.502493
vt 0.200130 0.497507
vt 0.150130 0.502493
vt 0.149870 0.497507
vt 0.099870 0.502493
vt 0.100130 0.497507
vt 0.450000 0.585895
vt 0.450130 0.580840
vt 0.400130 0.585827
vt 0.399871 0.580840
vt 0.450000 0.919228
vt 0.450130 0.914173
vt 0.400130 0.919160
vt 0.399871 0.914173
vt 0.349871 0.919160
vt 0.350130 0.914173
vt 0.300130 0.919160
vt 0.299871 0.914173
vt 0.249870 0.919160
vt 0.250130 0.914173
vt 0.200130 0.919160
vt 0.199870 0.914173
vt 0.149871 0.919160
vt 0.150130 0.914173
vt 0.100130 0.919160
vt 0.099870 0.914173
vt 0.901528 0.865172
vt 0.963645 0.757583
vt 0.793939 0.000000
vt 0.901528 0.062117
vt 0.901528 0.062117
vt 0.793939 0.000000
vt 0.963645 0.633350
vt 0.669706 0.000000
vt 0.669706 0.000000
vt 0.793939 0.463645
vt 0.793939 0.463645
vt 0.500000 0.169706
vt 0.669706 0.463645
vt 0.500000 0.293939
vt 0.562117 0.525761
vt 0.562117 0.401528
vt 0.500000 0.757583
vt 0.793939 0.463645
vt 0.562117 0.865172
vt 0.562117 0.865172
vt 0.901528 0.401528
vt 0.901528 0.401528
vt 0.669706 0.927289
vt 0.669706 0.927289
vt 0.963645 0.293939
vt 0.963645 0.293939
vt -0.000000 0.083333
vt 0.500000 -0.000000
vt -0.000000 0.166667
vt -0.000000 0.416667
vt 0.500000 0.416667
vt -0.000000 0.500000
vt 0.500000 0.500000
vt -0.000000 0.083333
vt -0.000000 0.000585
vt 0.500000 0.000585
vt 0.500000 0.083333
vt -0.000000 0.166667
vt -0.000000 0.500000
vt 0.500000 0.500000
vt -0.000000 0.916667
vt 0.500000 0.916667
vt -0.000000 0.999415
vt 0.500000 0.999415
vt 0.959826 0.756560
vt 0.898732 0.862377
vt 0.898732 0.064912
vt 0.792916 0.003819
vt 0.959826 0.634374
vt 0.669706 0.000000
vt 0.670729 0.003819
vt 0.792916 0.467464
vt 0.503819 0.170729
vt 0.670729 0.467464
vt 0.500000 0.293939
vt 0.503819 0.292916
vt 0.564912 0.528557
vt 0.564912 0.398732
vt 0.503819 0.756560
vt 0.792916 0.459826
vt 0.564912 0.862377
vt 0.898732 0.398732
vt 0.670729 0.923470
vt 0.959826 0.292916
vt 0.050000 0.997438
vt 0.046540 1.000000
vt 0.050000 0.083333
vt 0.453460 1.000000
vt 0.450000 0.997438
vt 0.050000 0.166667
vt 0.050000 0.333333
vt 0.050000 0.416667
vt 0.450000 0.666667
vt 0.050000 0.750000
vt 0.450000 0.750000
vt 0.050000 0.833333
vt 0.075000 0.958333
vt 0.125000 0.041667
vt 0.175000 0.958333
vt 0.225000 0.041667
vt 0.275000 0.958333
vt 0.325000 0.041667
vt 0.375000 0.958333
vt 0.425000 0.041667
vt 0.375000 0.125000
vt 0.275000 0.125000
vt 0.175000 0.125000
vt 0.075000 0.125000
vt 0.425000 0.208333
vt 0.325000 0.208333
vt 0.225000 0.208333
vt 0.125000 0.208333
vt 0.375000 0.291667
vt 0.275000 0.291667
vt 0.175000 0.291667
vt 0.075000 0.291667
vt 0.425000 0.375000
vt 0.325000 0.375000
vt 0.225000 0.375000
vt 0.125000 0.375000
vt 0.375000 0.458333
vt 0.275000 0.458333
vt 0.175000 0.458333
vt 0.075000 0.458333
vt 0.425000 0.541667
vt 0.325000 0.541667
vt 0.225000 0.541667
vt 0.125000 0.541667
vt 0.375000 0.625000
vt 0.275000 0.625000
vt 0.175000 0.625000
vt 0.075000 0.625000
vt 0.425000 0.708333
vt 0.325000 0.708333
vt 0.225000 0.708333
vt 0.125000 0.708333
vt 0.375000 0.791667
vt 0.275000 0.791667
vt 0.175000 0.791667
vt 0.075000 0.791667
vt 0.425000 0.875000
vt 0.325000 0.875000
vt 0.225000 0.875000
vt 0.125000 0.875000
vt 0.100108 0.997495
vt 0.051347 0.997556
vt 0.400108 0.997495
vt 0.149892 0.997495
vt 0.200108 0.997495
vt 0.249892 0.997495
vt 0.300108 0.997495
vt 0.349892 0.997495
vt 0.400000 0.666667
vt 0.350000 0.666667
vt 0.350000 0.833333
vt 0.300000 0.833333
vt 0.963645 0.633350
vt 0.963645 0.169706
vt 0.669706 0.463645
s 1
f 3015/2962/1148 3014/2963/1148 3021/2964/1149 3022/2965/1149
f 3013/2966/1148 3012/2967/1148 3019/2968/1149 3020/2969/1149
f 3008/2970/1150 3007/2971/1150 3013/2966/1148 3014/2963/1148
f 3006/2972/1150 3005/2973/1150 3011/2974/1148 3012/2967/1148
f 2990/2975/1151 2989/2976/1151 2998/2977/1152 2999/2978/1152
f 2988/2979/1151 2987/2980/1151 2996/2981/1152 2997/2982/1152
f 2986/2983/1151 2985/2984/1151 2994/2985/1152 2995/2986/1152
f 2984/2987/1151 2982/2988/1151 2991/2989/1152 2993/2990/1152
f 3083/2991/1153 3084/2992/1154 3085/2993/1155
f 3086/2994/1156 3087/2995/1157 3088/2996/1158
f 3101/2997/1159 3102/2998/1160 3103/2999/1161
f 3104/3000/1162 3105/3001/1163 3106/3002/1164
f 3119/3003/1165 3120/3004/1166 3121/3005/1167
f 3122/3006/1168 3123/3007/1169 3124/3008/1170
f 3125/3009/1171 3126/3010/1172 3127/3011/1173
f 3128/3012/1174 3129/3013/1175 3130/3014/1176
f 3131/3015/1171 3132/3016/1172 3133/3017/1173
f 3134/3018/1174 3135/3019/1175 3136/3020/1176
f 3137/3021/1171 3138/3022/1172 3139/3023/1173
f 3140/3024/1174 3141/3025/1175 3142/3026/1176
f 3143/3027/1171 3144/3028/1172 3145/3029/1173
f 3146/3030/1174 3147/3031/1175 3148/3032/1176
f 3149/3033/1177 3150/3034/1178 3151/3035/1179
f 3152/3036/1180 3153/3037/1181 3154/3038/1182
f 3155/3039/1183 3156/3040/1184 3157/3041/1185
f 3158/3042/1180 3159/3043/1181 3160/3044/1182
f 3161/3045/1183 3162/3046/1184 3163/3047/1185
f 3164/3048/1180 3165/3049/1181 3166/3050/1182
f 3167/3051/1183 3168/3052/1184 3169/3053/1185
f 3170/3054/1180 3171/3055/1181 3172/3056/1182
f 3173/3057/1183 3174/3058/1184 3175/3059/1185
f 3176/3060/1186 3177/3061/1187 3178/3062/1188
f 3179/3063/1189 3180/3064/1190 3181/3065/1191
f 3182/3066/1192 3183/3067/1193 3184/3068/1194
f 3185/3069/1189 3186/3070/1190 3187/3071/1191
f 3188/3072/1192 3189/3073/1195 3190/3074/1194
f 3191/3075/1189 3192/3076/1190 3193/3077/1191
f 3194/3078/1192 3195/3079/1193 3196/3080/1194
f 3197/3081/1189 3198/3082/1190 3199/3083/1191
f 3200/3084/1192 3201/3085/1193 3202/3086/1194
f 3203/3087/1196 3204/3088/1197 3205/3089/1198
f 3206/3090/1199 3207/3091/1200 3208/3092/1201
f 3209/3093/1202 3210/3094/1203 3211/3095/1204
f 3212/3096/1199 3213/3097/1200 3214/3098/1201
f 3215/3099/1205 3216/3100/1203 3217/3101/1204
f 3218/3102/1199 3219/3103/1200 3220/3104/1201
f 3221/3105/1202 3222/3106/1203 3223/3107/1204
f 3224/3108/1199 3225/3109/1200 3226/3110/1201
f 3227/3111/1205 3228/3112/1203 3229/3113/1204
f 3230/3114/1206 3231/3115/1207 3232/3116/1208
f 3233/3117/1209 3234/3118/1210 3235/3119/1211
f 3236/3120/1212 3237/3121/1213 3238/3122/1214
f 3239/3123/1209 3240/3124/1210 3241/3125/1211
f 3242/3126/1212 3243/3127/1213 3244/3128/1214
f 3245/3129/1209 3246/3130/1210 3247/3131/1211
f 3248/3132/1212 3249/3133/1213 3250/3134/1214
f 3251/3135/1215 3252/3136/1210 3253/3137/1211
f 3254/3138/1212 3255/3139/1213 3256/3140/1214
f 3257/3141/1216 3258/3142/1217 3259/3143/1218
f 3260/3144/1219 3261/3145/1220 3262/3146/1221
f 3263/3147/1222 3264/3148/1223 3265/3149/1224
f 3266/3150/1219 3267/3151/1225 3268/3152/1221
f 3269/3153/1222 3270/3154/1226 3271/3155/1224
f 3272/3156/1219 3273/3157/1227 3274/3158/1221
f 3275/3159/1222 3276/3160/1226 3277/3161/1224
f 3278/3162/1219 3279/3163/1228 3280/3164/1229
f 3281/3165/1222 3282/3166/1226 3283/3167/1224
f 3284/3168/1230 3285/3169/1231 3286/3170/1232
f 3287/3171/1233 3288/3172/1234 3289/3173/1235
f 3290/3174/1236 3291/3175/1237 3292/3176/1238
f 3293/3177/1239 3294/3178/1234 3295/3179/1235
f 3296/3180/1236 3297/3181/1237 3298/3182/1238
f 3299/3183/1233 3300/3184/1234 3301/3185/1235
f 3302/3186/1236 3303/3187/1237 3304/3188/1238
f 3305/3189/1233 3306/3190/1234 3307/3191/1235
f 3308/3192/1236 3309/3193/1237 3310/3194/1238
f 3311/3195/1240 3312/3196/1241 3313/3197/1242
f 3314/3198/1243 3315/3199/1244 3316/3200/1245
f 3317/3201/1246 3318/3202/1247 3319/3203/1248
f 3320/3204/1243 3321/3205/1244 3322/3206/1245
f 3323/3207/1246 3324/3208/1247 3325/3209/1248
f 3326/3210/1249 3327/3211/1244 3328/3212/1245
f 3329/3213/1246 3330/3214/1247 3331/3215/1248
f 3332/3216/1243 3333/3217/1244 3334/3218/1245
f 3335/3219/1246 3336/3220/1247 3337/3221/1248
f 3338/3222/1250 3339/3223/1251 3340/3224/1252
f 3341/3225/1253 3342/3226/1254 3343/3227/1255
f 3344/3228/1256 3345/3229/1257 3346/3230/1258
f 3347/3231/1253 3348/3232/1254 3349/3233/1255
f 3350/3234/1256 3351/3235/1257 3352/3236/1258
f 3353/3237/1253 3354/3238/1254 3355/3239/1255
f 3356/3240/1256 3357/3241/1257 3358/3242/1258
f 3359/3243/1253 3360/3244/1254 3361/3245/1255
f 3362/3246/1256 3363/3247/1257 3364/3248/1258
f 3365/3249/1259 3366/3250/1260 3367/3251/1261
f 3368/3252/1262 3369/3253/1263 3370/3254/1264
f 3371/3255/1265 3372/3256/1266 3373/3257/1267
f 3374/3258/1262 3375/3259/1263 3376/3260/1268
f 3377/3261/1265 3378/3262/1266 3379/3263/1267
f 3380/3264/1262 3381/3265/1263 3382/3266/1268
f 3383/3267/1265 3384/3268/1266 3385/3269/1269
f 3386/3270/1262 3387/3271/1263 3388/3272/1268
f 3389/3273/1265 3390/3274/1266 3391/3275/1270
f 3392/3276/1271 3393/3277/1272 3394/3278/1273
f 3395/3279/1274 3396/3280/1275 3397/3281/1276
f 3398/3282/1277 3399/3283/1278 3400/3284/1279
f 3401/3285/1274 3402/3286/1275 3403/3287/1276
f 3404/3288/1277 3405/3289/1278 3406/3290/1279
f 3407/3291/1274 3408/3292/1275 3409/3293/1276
f 3410/3294/1277 3411/3295/1278 3412/3296/1279
f 3413/3297/1280 3414/3298/1275 3415/3299/1276
f 3416/3300/1281 3417/3301/1278 3418/3302/1279
f 3419/3303/1282 3420/3304/1283 3421/3305/1284
f 3422/3306/1285 3423/3307/1286 3424/3308/1287
f 3425/3309/1288 3426/3310/1289 3427/3311/1290
f 3428/3312/1285 3429/3313/1286 3430/3314/1287
f 3431/3315/1288 3432/3316/1289 3433/3317/1290
f 3434/3318/1285 3435/3319/1286 3436/3320/1287
f 3437/3321/1288 3438/3322/1289 3439/3323/1290
f 3440/3324/1285 3441/3325/1286 3442/3326/1287
f 3443/3327/1288 3444/3328/1289 3445/3329/1290
f 3446/3330/1291 3447/3331/1292 3448/3332/1293
f 3449/3333/1294 3450/3334/1295 3451/3335/1296 3452/3336/1297
f 3453/3337/1298 3454/3338/1299 3455/3339/1300 3456/3340/1301
f 3459/3341/1302 3460/3342/1303 3461/3343/1304
f 3464/3344/1177 3465/3345/1178 3466/3346/1179
f 3469/3347/1302 3470/3348/1303 3471/3349/1304
f 3474/3350/1177 3475/3351/1178 3476/3352/1179
f 3479/3353/1302 3480/3354/1303 3481/3355/1304
f 3484/3356/1177 3485/3357/1178 3486/3358/1179
f 3489/3359/1302 3490/3360/1303 3491/3361/1304
f 3492/3362/1305 3493/3363/1306 3494/3364/1307
f 3495/3365/1186 3496/3366/1187 3497/3367/1188
f 3498/3368/1305 3499/3369/1306 3500/3370/1307
f 3501/3371/1186 3502/3372/1187 3503/3373/1188
f 3504/3374/1305 3505/3375/1306 3506/3376/1307
f 3507/3377/1186 3508/3378/1187 3509/3379/1188
f 3510/3380/1305 3511/3381/1306 3512/3382/1308
f 3513/3383/1309 3514/3384/1310 3515/3385/1311
f 3516/3386/1196 3517/3387/1197 3518/3388/1198
f 3519/3389/1309 3520/3390/1310 3521/3391/1311
f 3522/3392/1196 3523/3393/1197 3524/3394/1198
f 3525/3395/1309 3526/3396/1310 3527/3397/1311
f 3528/3398/1196 3529/3399/1197 3530/3400/1198
f 3531/3401/1309 3532/3402/1310 3533/3403/1311
f 3540/3404/1312 3541/3405/1313 3542/3406/1314
f 3545/3407/1315 3546/3408/1316 3547/3409/1208
f 3550/3410/1312 3551/3411/1313 3552/3412/1317
f 3555/3413/1315 3556/3414/1316 3557/3415/1208
f 3560/3416/1312 3561/3417/1313 3562/3418/1317
f 3565/3419/1315 3566/3420/1316 3567/3421/1208
f 3570/3422/1312 3571/3423/1313 3572/3424/1317
f 3573/3425/1318 3574/3426/1319 3575/3427/1320 3576/3428/1321
f 3577/3429/1322 3578/3430/1323 3579/3431/1324 3580/3432/1325 3581/3433/1326
f 3582/3434/1327 3583/3435/1328 3584/3436/1329
f 3585/3437/1330 3586/3438/1331 3587/3439/1332 3588/3440/1333 3589/3441/1334
f 3590/3442/1216 3591/3443/1217 3592/3444/1218
f 3593/3445/1322 3594/3446/1323 3595/3447/1324 3596/3448/1325 3597/3449/1326
f 3598/3450/1335 3599/3451/1328 3600/3452/1329
f 3601/3453/1330 3602/3454/1331 3603/3455/1332 3604/3456/1333 3605/3457/1334
f 3606/3458/1216 3607/3459/1217 3608/3460/1218
f 3609/3461/1322 3610/3462/1323 3611/3463/1324 3612/3464/1325 3613/3465/1326
f 3614/3466/1327 3615/3467/1328 3616/3468/1329
f 3617/3469/1330 3618/3470/1331 3619/3471/1332 3620/3472/1333 3621/3473/1334
f 3622/3474/1216 3623/3475/1217 3624/3476/1218
f 3625/3477/1322 3626/3478/1323 3627/3479/1324 3628/3480/1325 3629/3481/1326
f 3630/3482/1335 3631/3483/1328 3632/3484/1329
f 3633/3485/1336 3634/3486/1337 3635/3487/1338 3636/3488/1339
f 3637/3489/1340 3638/3490/1341 3639/3491/1342 3640/3492/1343 3641/3493/1344
f 3642/3494/1345 3643/3495/1346 3644/3496/1347
f 3645/3497/1348 3646/3498/1349 3647/3499/1350 3648/3500/1351 3649/3501/1352
f 3650/3502/1230 3651/3503/1231 3652/3504/1232
f 3653/3505/1340 3654/3506/1341 3655/3507/1342 3656/3508/1343 3657/3509/1344
f 3658/3510/1345 3659/3511/1346 3660/3512/1347
f 3661/3513/1348 3662/3514/1349 3663/3515/1350 3664/3516/1351 3665/3517/1352
f 3666/3518/1230 3667/3519/1231 3668/3520/1232
f 3669/3521/1340 3670/3522/1341 3671/3523/1342 3672/3524/1343 3673/3525/1344
f 3674/3526/1345 3675/3527/1346 3676/3528/1347
f 3677/3529/1348 3678/3530/1349 3679/3531/1350 3680/3532/1351 3681/3533/1352
f 3682/3534/1230 3683/3535/1231 3684/3536/1232
f 3685/3537/1340 3686/3538/1341 3687/3539/1342 3688/3540/1343 3689/3541/1344
f 3690/3542/1353 3691/3543/1346 3692/3544/1347
f 3693/3545/1354 3694/3546/1355 3695/3547/1356 3696/3548/1357
f 3697/3549/1358 3698/3550/1359 3699/3551/1360 3700/3552/1361
f 3703/3553/1362 3704/3554/1363 3705/3555/1364
f 3708/3556/1365 3709/3557/1241 3710/3558/1242
f 3713/3559/1362 3714/3560/1363 3715/3561/1364
f 3718/3562/1240 3719/3563/1241 3720/3564/1242
f 3723/3565/1362 3724/3566/1363 3725/3567/1364
f 3728/3568/1240 3729/3569/1241 3730/3570/1242
f 3733/3571/1362 3734/3572/1363 3735/3573/1364
f 3742/3574/1366 3743/3575/1367 3744/3576/1368
f 3745/3577/1369 3746/3578/1370 3747/3579/1371 3748/3580/1372 3749/3581/1373
f 3750/3582/1374 3751/3583/1251 3752/3584/1252
f 3753/3585/1375 3754/3586/1376 3755/3587/1377 3756/3588/1378 3757/3589/1379
f 3758/3590/1366 3759/3591/1380 3760/3592/1368
f 3761/3593/1369 3762/3594/1370 3763/3595/1371 3764/3596/1372 3765/3597/1373
f 3766/3598/1381 3767/3599/1251 3768/3600/1252
f 3769/3601/1375 3770/3602/1376 3771/3603/1377 3772/3604/1378 3773/3605/1379
f 3774/3606/1366 3775/3607/1380 3776/3608/1368
f 3777/3609/1369 3778/3610/1370 3779/3611/1371 3780/3612/1372 3781/3613/1373
f 3782/3614/1374 3783/3615/1382 3784/3616/1252
f 3785/3617/1375 3786/3618/1376 3787/3619/1377 3788/3620/1378 3789/3621/1379
f 3790/3622/1366 3791/3623/1367 3792/3624/1368
f 3793/3625/1383 3794/3626/1384 3795/3627/1385 3796/3628/1386
f 3797/3629/1387 3798/3630/1388 3799/3631/1389
f 3800/3632/1259 3801/3633/1260 3802/3634/1261
f 3803/3635/1387 3804/3636/1388 3805/3637/1389
f 3806/3638/1259 3807/3639/1260 3808/3640/1261
f 3809/3641/1387 3810/3642/1388 3811/3643/1390
f 3812/3644/1259 3813/3645/1260 3814/3646/1261
f 3815/3647/1391 3816/3648/1392 3817/3649/1393 3818/3650/1394 3819/3651/1395
f 3820/3652/1387 3821/3653/1388 3822/3654/1389
f 3823/3655/1396 3824/3656/1397 3825/3657/1398 3826/3658/1399 3827/3659/1400
f 3828/3660/1401 3829/3661/1402 3830/3662/1403
f 3831/3663/1404 3832/3664/1405 3833/3665/1406 3834/3666/1407 3835/3667/1408
f 3836/3668/1271 3837/3669/1409 3838/3670/1273
f 3839/3671/1401 3840/3672/1402 3841/3673/1410
f 3842/3674/1271 3843/3675/1272 3844/3676/1273
f 3845/3677/1401 3846/3678/1402 3847/3679/1410
f 3848/3680/1271 3849/3681/1272 3850/3682/1273
f 3851/3683/1401 3852/3684/1402 3853/3685/1410
f 3854/3686/1411 3855/3687/1412 3856/3688/1413 3857/3689/1414
f 3858/3690/1415 3859/3691/1416 3860/3692/1417 3861/3693/1418 3862/3694/1419
f 3863/3695/1420 3864/3696/1421 3865/3697/1422
f 3866/3698/1282 3867/3699/1283 3868/3700/1423
f 3869/3701/1420 3870/3702/1421 3871/3703/1422
f 3872/3704/1282 3873/3705/1283 3874/3706/1423
f 3875/3707/1420 3876/3708/1421 3877/3709/1422
f 3878/3710/1282 3879/3711/1283 3880/3712/1423
f 3881/3713/1420 3882/3714/1421 3883/3715/1422
f 3890/3716/1424 3891/3717/1425 3892/3718/1426
f 3895/3719/1291 3896/3720/1292 3897/3721/1427
f 3900/3722/1428 3901/3723/1425 3902/3724/1426
f 3905/3725/1291 3906/3726/1292 3907/3727/1293
f 3910/3728/1428 3911/3729/1425 3912/3730/1426
f 3915/3731/1291 3916/3732/1429 3917/3733/1293
f 3920/3734/1428 3921/3735/1425 3922/3736/1426
f 3923/3737/1430 3924/3738/1431 3925/3739/1432
f 3926/3740/1433 3927/3741/1434 3928/3742/1435
f 3929/3743/1430 3930/3744/1431 3931/3745/1432
f 3932/3746/1433 3933/3747/1434 3934/3748/1435
f 3935/3749/1430 3936/3750/1431 3937/3751/1432
f 3938/3752/1433 3939/3753/1434 3940/3754/1435
f 3941/3755/1430 3942/3756/1431 3943/3757/1432
f 3944/3758/1433 3945/3759/1434 3946/3760/1435
f 3947/3761/1436 3948/3762/1437 3949/3763/1438
f 3950/3764/1439 3951/3765/1440 3952/3766/1441
f 3953/3767/1436 3954/3768/1437 3955/3769/1438
f 3956/3770/1439 3957/3771/1440 3958/3772/1441
f 3959/3773/1436 3960/3774/1437 3961/3775/1438
f 3962/3776/1439 3963/3777/1440 3964/3778/1441
f 3965/3779/1436 3966/3780/1437 3967/3781/1438
f 3968/3782/1439 3969/3783/1440 3970/3784/1441
f 3971/3785/1442 3972/3786/1443 3973/3787/1444
f 3974/3788/1445 3975/3789/1446 3976/3790/1447
f 3977/3791/1448 3978/3792/1449 3979/3793/1444
f 3980/3794/1445 3981/3795/1446 3982/3796/1447
f 3983/3797/1448 3984/3798/1443 3985/3799/1444
f 3986/3800/1445 3987/3801/1446 3988/3802/1447
f 3989/3803/1448 3990/3804/1443 3991/3805/1444
f 3992/3806/1445 3993/3807/1446 3994/3808/1447
f 3995/3809/1450 3996/3810/1451 3997/3811/1452
f 3998/3812/1453 3999/3813/1454 4000/3814/1455
f 4001/3815/1450 4002/3816/1451 4003/3817/1452
f 4004/3818/1453 4005/3819/1454 4006/3820/1455
f 4007/3821/1450 4008/3822/1451 4009/3823/1452
f 4010/3824/1453 4011/3825/1456 4012/3826/1455
f 4013/3827/1450 4014/3828/1451 4015/3829/1452
f 4016/3830/1453 4017/3831/1454 4018/3832/1455
f 4019/3833/1457 4020/3834/1458 4021/3835/1459
f 4022/3836/1460 4023/3837/1461 4024/3838/1462
f 4025/3839/1457 4026/3840/1458 4027/3841/1459
f 4028/3842/1463 4029/3843/1461 4030/3844/1464
f 4031/3845/1457 4032/3846/1458 4033/3847/1459
f 4034/3848/1463 4035/3849/1461 4036/3850/1462
f 4037/3851/1457 4038/3852/1458 4039/3853/1459
f 4040/3854/1463 4041/3855/1465 4042/3856/1464
f 4043/3857/1466 4044/3858/1467 4045/3859/1468
f 4046/3860/1469 4047/3861/1470 4048/3862/1471
f 4049/3863/1466 4050/3864/1467 4051/3865/1468
f 4052/3866/1469 4053/3867/1470 4054/3868/1471
f 4055/3869/1466 4056/3870/1467 4057/3871/1468
f 4058/3872/1469 4059/3873/1470 4060/3874/1471
f 4061/3875/1466 4062/3876/1467 4063/3877/1472
f 4064/3878/1469 4065/3879/1470 4066/3880/1471
f 4067/3881/1473 4068/3882/1474 4069/3883/1475
f 4070/3884/1476 4071/3885/1477 4072/3886/1478
f 4073/3887/1473 4074/3888/1479 4075/3889/1475
f 4076/3890/1480 4077/3891/1477 4078/3892/1478
f 4079/3893/1481 4080/3894/1474 4081/3895/1475
f 4082/3896/1480 4083/3897/1477 4084/3898/1478
f 4085/3899/1473 4086/3900/1474 4087/3901/1475
f 4088/3902/1480 4089/3903/1477 4090/3904/1478
f 4091/3905/1482 4092/3906/1483 4093/3907/1484
f 4094/3908/1485 4095/3909/1486 4096/3910/1487
f 4097/3911/1488 4098/3912/1483 4099/3913/1489
f 4100/3914/1485 4101/3915/1486 4102/3916/1487
f 4103/3917/1482 4104/3918/1483 4105/3919/1489
f 4106/3920/1485 4107/3921/1486 4108/3922/1487
f 4109/3923/1482 4110/3924/1483 4111/3925/1484
f 4112/3926/1485 4113/3927/1486 4114/3928/1487
f 4115/3929/1490 4116/3930/1491 4117/3931/1492
f 4118/3932/1493 4119/3933/1494 4120/3934/1495
f 4121/3935/1490 4122/3936/1491 4123/3937/1496
f 4124/3938/1493 4125/3939/1494 4126/3940/1495
f 4127/3941/1490 4128/3942/1491 4129/3943/1496
f 4130/3944/1493 4131/3945/1494 4132/3946/1495
f 4133/3947/1490 4134/3948/1491 4135/3949/1496
f 4136/3950/1493 4137/3951/1494 4138/3952/1495
f 4139/3953/1497 4140/3954/1498 4141/3955/1499
f 4142/3956/1500 4143/3957/1501 4144/3958/1502
f 4145/3959/1503 4146/3960/1498 4147/3961/1499
f 4148/3962/1500 4149/3963/1501 4150/3964/1502
f 4151/3965/1503 4152/3966/1498 4153/3967/1499
f 4154/3968/1500 4155/3969/1501 4156/3970/1502
f 4157/3971/1503 4158/3972/1498 4159/3973/1499
f 4160/3974/1500 4161/3975/1501 4162/3976/1502
f 4163/3977/1504 4164/3978/1505 4165/3979/1506
f 4166/3980/1507 4167/3981/1508 4168/3982/1509
f 4169/3983/1504 4170/3984/1505 4171/3985/1506
f 4172/3986/1507 4173/3987/1510 4174/3988/1509
f 4175/3989/1504 4176/3990/1505 4177/3991/1506
f 4178/3992/1507 4179/3993/1510 4180/3994/1509
f 4181/3995/1504 4182/3996/1505 4183/3997/1506
f 4184/3998/1507 4185/3999/1508 4186/4000/1509
f 4187/4001/1511 4188/4002/1512 4189/4003/1513
f 4190/4004/1514 4191/4005/1515 4192/4006/1516
f 4193/4007/1511 4194/4008/1512 4195/4009/1513
f 4196/4010/1514 4197/4011/1515 4198/4012/1516
f 4199/4013/1511 4200/4014/1512 4201/4015/1513
f 4202/4016/1514 4203/4017/1515 4204/4018/1516
f 4205/4019/1511 4206/4020/1512 4207/4021/1513
f 4208/4022/1514 4209/4023/1515 4210/4024/1516
f 4211/4025/1517 4212/4026/1518 4213/4027/1519
f 4214/4028/1520 4215/4029/1521 4216/4030/1522
f 4217/4031/1517 4218/4032/1518 4219/4033/1519
f 4220/4034/1520 4221/4035/1521 4222/4036/1522
f 4223/4037/1517 4224/4038/1518 4225/4039/1519
f 4226/4040/1520 4227/4041/1521 4228/4042/1522
f 4229/4043/1517 4230/4044/1518 4231/4045/1519
f 4232/4046/1520 4233/4047/1521 4234/4048/1522
f 4235/4049/1523 4236/4050/1524 4237/4051/1525
f 4238/4052/1526 4239/4053/1527 4240/4054/1528
f 4241/4055/1523 4242/4056/1524 4243/4057/1525
f 4244/4058/1526 4245/4059/1527 4246/4060/1528
f 4247/4061/1523 4248/4062/1524 4249/4063/1525
f 4250/4064/1526 4251/4065/1527 4252/4066/1528
f 4253/4067/1523 4254/4068/1524 4255/4069/1525
f 4256/4070/1526 4257/4071/1527 4258/4072/1528
f 4259/4073/1529 4260/4074/1530 4261/4075/1531
f 4262/4076/1532 4263/4077/1533 4264/4078/1534
f 4265/4079/1529 4266/4080/1530 4267/4081/1531
f 4268/4082/1532 4269/4083/1533 4270/4084/1534
f 4271/4085/1529 4272/4086/1530 4273/4087/1531
f 4274/4088/1532 4275/4089/1533 4276/4090/1534
f 4277/4091/1529 4278/4092/1530 4279/4093/1531
f 4280/4094/1532 4281/4095/1533 4282/4096/1534
f 4283/4097/1535 4284/4098/1536 4285/4099/1537
f 4286/4100/1538 4287/4101/1539 4288/4102/1540
f 4289/4103/1535 4290/4104/1536 4291/4105/1537
f 4292/4106/1538 4293/4107/1539 4294/4108/1540
f 4295/4109/1535 4296/4110/1536 4297/4111/1537
f 4298/4112/1538 4299/4113/1539 4300/4114/1540
f 4301/4115/1535 4302/4116/1536 4303/4117/1537
f 4304/4118/1538 4305/4119/1539 4306/4120/1540
f 4307/4121/1541 4308/4122/1542 4309/4123/1543
f 4310/4124/1544 4311/4125/1545 4312/4126/1546
f 4313/4127/1541 4314/4128/1547 4315/4129/1543
f 4316/4130/1544 4317/4131/1545 4318/4132/1546
f 4319/4133/1541 4320/4134/1542 4321/4135/1543
f 4322/4136/1544 4323/4137/1545 4324/4138/1548
f 4325/4139/1541 4326/4140/1542 4327/4141/1543
f 4328/4142/1544 4329/4143/1545 4330/4144/1548
f 4331/4145/1549 4332/4146/1550 4333/4147/1551
f 4334/4148/1552 4335/4149/1553 4336/4150/1554
f 4337/4151/1549 4338/4152/1550 4339/4153/1551
f 4340/4154/1552 4341/4155/1553 4342/4156/1554
f 4343/4157/1549 4344/4158/1550 4345/4159/1551
f 4346/4160/1552 4347/4161/1553 4348/4162/1554
f 4349/4163/1549 4350/4164/1550 4351/4165/1551
f 4352/4166/1552 4353/4167/1553 4354/4168/1554
f 4355/4169/1555 4356/4170/1556 4357/4171/1557
f 4358/4172/1558 4359/4173/1559 4360/4174/1560
f 4361/4175/1555 4362/4176/1556 4363/4177/1557
f 4364/4178/1558 4365/4179/1559 4366/4180/1560
f 4367/4181/1555 4368/4182/1556 4369/4183/1557
f 4370/4184/1558 4371/4185/1559 4372/4186/1560
f 4373/4187/1555 4374/4188/1556 4375/4189/1557
f 4376/4190/1558 4377/4191/1559 4378/4192/1560
f 4379/4193/1561 4380/4194/1562 4381/4195/1563
f 4382/4196/1564 4383/4197/1565 4384/4198/1566
f 4385/4199/1561 4386/4200/1562 4387/4201/1563
f 4388/4202/1564 4389/4203/1565 4390/4204/1566
f 4391/4205/1561 4392/4206/1562 4393/4207/1563
f 4394/4208/1564 4395/4209/1565 4396/4210/1566
f 4397/4211/1561 4398/4212/1562 4399/4213/1563
f 4400/4214/1564 4401/4215/1565 4402/4216/1566
f 4403/4217/1567 4404/4218/1568 4405/4219/1569
f 4406/4220/1570 4407/4221/1571 4408/4222/1572
f 4409/4223/1567 4410/4224/1568 4411/4225/1569
f 4412/4226/1570 4413/4227/1571 4414/4228/1572
f 4415/4229/1567 4416/4230/1568 4417/4231/1569
f 4418/4232/1570 4419/4233/1571 4420/4234/1572
f 4421/4235/1567 4422/4236/1568 4423/4237/1569
f 4424/4238/1570 4425/4239/1571 4426/4240/1572
f 4427/4241/1573 4428/4242/1574 4429/4243/1575
f 4430/4244/1576 4431/4245/1577 4432/4246/1578
f 4433/4247/1573 4434/4248/1574 4435/4249/1575
f 4436/4250/1576 4437/4251/1577 4438/4252/1578
f 4439/4253/1573 4440/4254/1574 4441/4255/1575
f 4442/4256/1576 4443/4257/1577 4444/4258/1578
f 4445/4259/1573 4446/4260/1574 4447/4261/1575
f 4448/4262/1576 4449/4263/1577 4450/4264/1578
f 4451/4265/1579 4452/4266/1580 4453/4267/1581
f 4454/4268/1582 4455/4269/1583 4456/4270/1584
f 4457/4271/1585 4458/4272/1580 4459/4273/1581
f 4460/4274/1586 4461/4275/1583 4462/4276/1584
f 4463/4277/1579 4464/4278/1580 4465/4279/1581
f 4466/4280/1586 4467/4281/1583 4468/4282/1584
f 4469/4283/1579 4470/4284/1580 4471/4285/1581
f 4472/4286/1586 4473/4287/1583 4474/4288/1584
f 4475/4289/1587 4476/4290/1588 4477/4291/1589
f 4478/4292/1590 4479/4293/1591 4480/4294/1592
f 4481/4295/1587 4482/4296/1588 4483/4297/1589
f 4484/4298/1590 4485/4299/1591 4486/4300/1592
f 4487/4301/1587 4488/4302/1588 4489/4303/1589
f 4490/4304/1590 4491/4305/1591 4492/4306/1592
f 4493/4307/1587 4494/4308/1588 4495/4309/1589
f 4496/4310/1590 4497/4311/1591 4498/4312/1592
f 4499/4313/1593 4500/4314/1594 4501/4315/1595
f 4502/4316/1596 4503/4317/1597 4504/4318/1598
f 4505/4319/1599 4506/4320/1600 4507/4321/1601
f 4508/4322/1602 4509/4323/1603 4510/4324/1604
f 4511/4325/1593 4512/4326/1594 4513/4327/1595
f 4514/4328/1596 4515/4329/1597 4516/4330/1598
f 4517/4331/1599 4518/4332/1600 4519/4333/1601
f 4520/4334/1602 4521/4335/1603 4522/4336/1604
f 4523/4337/1593 4524/4338/1594 4525/4339/1595
f 4526/4340/1596 4527/4341/1597 4528/4342/1598
f 4529/4343/1599 4530/4344/1600 4531/4345/1601
f 4532/4346/1602 4533/4347/1603 4534/4348/1604
f 4535/4349/1593 4536/4350/1594 4537/4351/1595
f 4538/4352/1596 4539/4353/1597 4540/4354/1598
f 4541/4355/1599 4542/4356/1600 4543/4357/1601
f 4544/4358/1602 4545/4359/1603 4546/4360/1604
f 4547/4361/1605 4548/4362/1606 4549/4363/1607
f 4550/4364/1608 4551/4365/1609 4552/4366/1610
f 4553/4367/1611 4554/4368/1612 4555/4369/1613
f 4556/4370/1614 4557/4371/1615 4558/4372/1616
f 4559/4373/1605 4560/4374/1606 4561/4375/1607
f 4562/4376/1608 4563/4377/1609 4564/4378/1610
f 4565/4379/1611 4566/4380/1612 4567/4381/1613
f 4568/4382/1614 4569/4383/1615 4570/4384/1616
f 4571/4385/1605 4572/4386/1606 4573/4387/1607
f 4574/4388/1608 4575/4389/1609 4576/4390/1610
f 4577/4391/1611 4578/4392/1612 4579/4393/1613
f 4580/4394/1614 4581/4395/1615 4582/4396/1616
f 4583/4397/1605 4584/4398/1606 4585/4399/1607
f 4586/4400/1608 4587/4401/1609 4588/4402/1610
f 4589/4403/1611 4590/4404/1612 4591/4405/1613
f 4592/4406/1614 4593/4407/1615 4594/4408/1616
f 4595/4409/1617 4596/4410/1618 4597/4411/1619
f 4598/4412/1620 4599/4413/1621 4600/4414/1622
f 4601/4415/1623 4602/4416/1624 4603/4417/1625
f 4604/4418/1626 4605/4419/1627 4606/4420/1628
f 4607/4421/1617 4608/4422/1618 4609/4423/1619
f 4610/4424/1620 4611/4425/1621 4612/4426/1622
f 4613/4427/1623 4614/4428/1624 4615/4429/1625
f 4616/4430/1626 4617/4431/1627 4618/4432/1628
f 4619/4433/1617 4620/4434/1618 4621/4435/1619
f 4622/4436/1620 4623/4437/1621 4624/4438/1622
f 4625/4439/1623 4626/4440/1624 4627/4441/1625
f 4628/4442/1626 4629/4443/1627 4630/4444/1628
f 4631/4445/1617 4632/4446/1618 4633/4447/1619
f 4634/4448/1620 4635/4449/1621 4636/4450/1622
f 4637/4451/1623 4638/4452/1624 4639/4453/1625
f 4640/4454/1626 4641/4455/1627 4642/4456/1628
f 4643/4457/1629 4644/4458/1630 4645/4459/1631
f 4646/4460/1632 4647/4461/1633 4648/4462/1634
f 4649/4463/1635 4650/4464/1636 4651/4465/1637
f 4652/4466/1638 4653/4467/1639 4654/4468/1640
f 4655/4469/1629 4656/4470/1630 4657/4471/1631
f 4658/4472/1632 4659/4473/1633 4660/4474/1641
f 4661/4475/1635 4662/4476/1636 4663/4477/1637
f 4664/4478/1638 4665/4479/1639 4666/4480/1640
f 4667/4481/1629 4668/4482/1630 4669/4483/1631
f 4670/4484/1632 4671/4485/1633 4672/4486/1641
f 4673/4487/1635 4674/4488/1636 4675/4489/1637
f 4676/4490/1638 4677/4491/1639 4678/4492/1640
f 4679/4493/1629 4680/4494/1630 4681/4495/1631
f 4682/4496/1632 4683/4497/1633 4684/4498/1634
f 4685/4499/1635 4686/4500/1636 4687/4501/1637
f 4688/4502/1638 4689/4503/1642 4690/4504/1640
f 4691/4505/1643 4692/4506/1644 4693/4507/1645
f 4694/4508/1646 4695/4509/1647 4696/4510/1648
f 4697/4511/1649 4698/4512/1650 4699/4513/1651
f 4700/4514/1652 4701/4515/1653 4702/4516/1654
f 4703/4517/1643 4704/4518/1644 4705/4519/1645
f 4706/4520/1646 4707/4521/1647 4708/4522/1648
f 4709/4523/1649 4710/4524/1650 4711/4525/1651
f 4712/4526/1652 4713/4527/1653 4714/4528/1654
f 4715/4529/1643 4716/4530/1644 4717/4531/1645
f 4718/4532/1646 4719/4533/1655 4720/4534/1648
f 4721/4535/1649 4722/4536/1650 4723/4537/1651
f 4724/4538/1652 4725/4539/1653 4726/4540/1654
f 4727/4541/1643 4728/4542/1644 4729/4543/1645
f 4730/4544/1646 4731/4545/1647 4732/4546/1648
f 4733/4547/1649 4734/4548/1650 4735/4549/1651
f 4736/4550/1652 4737/4551/1653 4738/4552/1654
f 4739/4553/1656 4740/4554/1657 4741/4555/1658
f 4742/4556/1659 4743/4557/1660 4744/4558/1661
f 4745/4559/1662 4746/4560/1663 4747/4561/1664
f 4748/4562/1665 4749/4563/1666 4750/4564/1667
f 4751/4565/1656 4752/4566/1657 4753/4567/1658
f 4754/4568/1659 4755/4569/1660 4756/4570/1661
f 4757/4571/1662 4758/4572/1663 4759/4573/1664
f 4760/4574/1665 4761/4575/1666 4762/4576/1667
f 4763/4577/1656 4764/4578/1657 4765/4579/1658
f 4766/4580/1659 4767/4581/1660 4768/4582/1661
f 4769/4583/1662 4770/4584/1663 4771/4585/1664
f 4772/4586/1665 4773/4587/1666 4774/4588/1667
f 4775/4589/1656 4776/4590/1657 4777/4591/1658
f 4778/4592/1659 4779/4593/1660 4780/4594/1661
f 4781/4595/1662 4782/4596/1663 4783/4597/1664
f 4784/4598/1665 4785/4599/1666 4786/4600/1667
f 4787/4601/1668 4788/4602/1669 4789/4603/1670
f 4790/4604/1671 4791/4605/1672 4792/4606/1673
f 4793/4607/1674 4794/4608/1675 4795/4609/1676
f 4796/4610/1677 4797/4611/1678 4798/4612/1679
f 4799/4613/1668 4800/4614/1669 4801/4615/1670
f 4802/4616/1671 4803/4617/1672 4804/4618/1673
f 4805/4619/1674 4806/4620/1675 4807/4621/1676
f 4808/4622/1677 4809/4623/1678 4810/4624/1679
f 4811/4625/1668 4812/4626/1669 4813/4627/1670
f 4814/4628/1671 4815/4629/1672 4816/4630/1673
f 4817/4631/1674 4818/4632/1675 4819/4633/1676
f 4820/4634/1677 4821/4635/1678 4822/4636/1680
f 4823/4637/1668 4824/4638/1669 4825/4639/1670
f 4826/4640/1671 4827/4641/1672 4828/4642/1673
f 4829/4643/1674 4830/4644/1675 4831/4645/1676
f 4832/4646/1677 4833/4647/1678 4834/4648/1679
f 4835/4649/1681 4836/4650/1682 4837/4651/1683
f 4838/4652/1684 4839/4653/1685 4840/4654/1686
f 4841/4655/1687 4842/4656/1688 4843/4657/1689
f 4844/4658/1690 4845/4659/1691 4846/4660/1692
f 4847/4661/1681 4848/4662/1682 4849/4663/1683
f 4850/4664/1684 4851/4665/1685 4852/4666/1686
f 4853/4667/1687 4854/4668/1688 4855/4669/1689
f 4856/4670/1690 4857/4671/1691 4858/4672/1692
f 4859/4673/1681 4860/4674/1682 4861/4675/1683
f 4862/4676/1684 4863/4677/1685 4864/4678/1686
f 4865/4679/1687 4866/4680/1688 4867/4681/1689
f 4868/4682/1690 4869/4683/1691 4870/4684/1692
f 4871/4685/1681 4872/4686/1682 4873/4687/1683
f 4874/4688/1684 4875/4689/1685 4876/4690/1686
f 4877/4691/1687 4878/4692/1688 4879/4693/1689
f 4880/4694/1690 4881/4695/1693 4882/4696/1692
f 4883/4697/1694 4884/4698/1695 4885/4699/1696
f 4886/4700/1697 4887/4701/1698 4888/4702/1699
f 4889/4703/1700 4890/4704/1701 4891/4705/1702
f 4892/4706/1703 4893/4707/1704 4894/4708/1705
f 4895/4709/1694 4896/4710/1695 4897/4711/1696
f 4898/4712/1697 4899/4713/1698 4900/4714/1699
f 4901/4715/1700 4902/4716/1701 4903/4717/1702
f 4904/4718/1703 4905/4719/1704 4906/4720/1705
f 4907/4721/1694 4908/4722/1695 4909/4723/1696
f 4910/4724/1697 4911/4725/1698 4912/4726/1699
f 4913/4727/1700 4914/4728/1701 4915/4729/1702
f 4916/4730/1703 4917/4731/1704 4918/4732/1705
f 4919/4733/1694 4920/4734/1695 4921/4735/1696
f 4922/4736/1697 4923/4737/1698 4924/4738/1699
f 4925/4739/1700 4926/4740/1701 4927/4741/1702
f 4928/4742/1703 4929/4743/1704 4930/4744/1705
f 4931/4745/1706 4932/4746/1707 4933/4747/1708
f 4934/4748/1709 4935/4749/1710 4936/4750/1711
f 4937/4751/1712 4938/4752/1713 4939/4753/1714
f 4940/4754/1715 4941/4755/1716 4942/4756/1717
f 4943/4757/1706 4944/4758/1707 4945/4759/1708
f 4946/4760/1709 4947/4761/1710 4948/4762/1711
f 4949/4763/1712 4950/4764/1713 4951/4765/1714
f 4952/4766/1715 4953/4767/1716 4954/4768/1718
f 4955/4769/1706 4956/4770/1707 4957/4771/1708
f 4958/4772/1709 4959/4773/1710 4960/4774/1711
f 4961/4775/1712 4962/4776/1713 4963/4777/1714
f 4964/4778/1715 4965/4779/1719 4966/4780/1718
f 4967/4781/1706 4968/4782/1707 4969/4783/1708
f 4970/4784/1709 4971/4785/1710 4972/4786/1711
f 4973/4787/1712 4974/4788/1713 4975/4789/1714
f 4976/4790/1715 4977/4791/1716 4978/4792/1717
f 4979/4793/1720 4980/4794/1721 4981/4795/1722
f 4982/4796/1723 4983/4797/1724 4984/4798/1725
f 4985/4799/1726 4986/4800/1727 4987/4801/1728
f 4988/4802/1729 4989/4803/1730 4990/4804/1731
f 4991/4805/1720 4992/4806/1721 4993/4807/1722
f 4994/4808/1723 4995/4809/1724 4996/4810/1725
f 4997/4811/1726 4998/4812/1732 4999/4813/1728
f 5000/4814/1729 5001/4815/1730 5002/4816/1731
f 5003/4817/1720 5004/4818/1721 5005/4819/1722
f 5006/4820/1723 5007/4821/1724 5008/4822/1725
f 5009/4823/1726 5010/4824/1732 5011/4825/1728
f 5012/4826/1729 5013/4827/1730 5014/4828/1731
f 5015/4829/1720 5016/4830/1721 5017/4831/1722
f 5018/4832/1723 5019/4833/1724 5020/4834/1725
f 5021/4835/1726 5022/4836/1727 5023/4837/1728
f 5024/4838/1729 5025/4839/1730 5026/4840/1731
f 5027/4841/1733 5028/4842/1734 5029/4843/1735
f 5030/4844/1736 5031/4845/1737 5032/4846/1738
f 5033/4847/1739 5034/4848/1740 5035/4849/1741
f 5036/4850/1742 5037/4851/1743 5038/4852/1744
f 5039/4853/1733 5040/4854/1734 5041/4855/1735
f 5042/4856/1736 5043/4857/1737 5044/4858/1738
f 5045/4859/1745 5046/4860/1740 5047/4861/1741
f 5048/4862/1742 5049/4863/1743 5050/4864/1744
f 5051/4865/1733 5052/4866/1734 5053/4867/1735
f 5054/4868/1736 5055/4869/1737 5056/4870/1738
f 5057/4871/1745 5058/4872/1740 5059/4873/1741
f 5060/4874/1742 5061/4875/1743 5062/4876/1744
f 5063/4877/1733 5064/4878/1734 5065/4879/1735
f 5066/4880/1736 5067/4881/1737 5068/4882/1738
f 5069/4883/1745 5070/4884/1740 5071/4885/1741
f 5072/4886/1742 5073/4887/1743 5074/4888/1744
f 5075/4889/1746 5076/4890/1747 5077/4891/1748
f 5078/4892/1749 5079/4893/1750 5080/4894/1751
f 5081/4895/1752 5082/4896/1753 5083/4897/1754
f 5084/4898/1746 5085/4899/1747 5086/4900/1748
f 5087/4901/1755 5088/4902/1750 5089/4903/1751
f 5090/4904/1752 5091/4905/1753 5092/4906/1754
f 5093/4907/1746 5094/4908/1747 5095/4909/1748
f 5096/4910/1756 5097/4911/1750 5098/4912/1751
f 5099/4913/1752 5100/4914/1753 5101/4915/1754
f 5102/4916/1746 5103/4917/1747 5104/4918/1748
f 5105/4919/1755 5106/4920/1750 5107/4921/1751
f 5108/4922/1752 5109/4923/1753 5110/4924/1754
f 5111/4925/1757 5112/4926/1758 5113/4927/1759
f 5114/4928/1760 5115/4929/1761 5116/4930/1762
f 5117/4931/1763 5118/4932/1764 5119/4933/1765
f 5120/4934/1757 5121/4935/1758 5122/4936/1759
f 5123/4937/1760 5124/4938/1761 5125/4939/1762
f 5126/4940/1763 5127/4941/1764 5128/4942/1765
f 5129/4943/1757 5130/4944/1758 5131/4945/1759
f 5132/4946/1760 5133/4947/1761 5134/4948/1762
f 5135/4949/1763 5136/4950/1764 5137/4951/1765
f 5138/4952/1757 5139/4953/1758 5140/4954/1759
f 5141/4955/1760 5142/4956/1761 5143/4957/1762
f 5144/4958/1763 5145/4959/1764 5146/4960/1765
f 5147/4961/1766 5148/4962/1767 5149/4963/1768
f 5150/4964/1769 5151/4965/1770 5152/4966/1771
f 5153/4967/1772 5154/4968/1773 5155/4969/1774
f 5156/4970/1775 5157/4971/1767 5158/4972/1768
f 5159/4973/1776 5160/4974/1770 5161/4975/1771
f 5162/4976/1772 5163/4977/1773 5164/4978/1774
f 5165/4979/1766 5166/4980/1767 5167/4981/1768
f 5168/4982/1776 5169/4983/1770 5170/4984/1771
f 5171/4985/1777 5172/4986/1773 5173/4987/1774
f 5174/4988/1766 5175/4989/1767 5176/4990/1768
f 5177/4991/1776 5178/4992/1770 5179/4993/1771
f 5180/4994/1772 5181/4995/1773 5182/4996/1774
f 5183/4997/1778 5184/4998/1779 5185/4999/1780
f 5186/5000/1781 5187/5001/1782 5188/5002/1783
f 5189/5003/1784 5190/5004/1785 5191/5005/1786
f 5192/5006/1778 5193/5007/1779 5194/5008/1787
f 5195/5009/1781 5196/5010/1788 5197/5011/1783
f 5198/5012/1784 5199/5013/1785 5200/5014/1786
f 5201/5015/1778 5202/5016/1779 5203/5017/1780
f 5204/5018/1781 5205/5019/1782 5206/5020/1783
f 5207/5021/1784 5208/5022/1785 5209/5023/1786
f 5210/5024/1778 5211/5025/1779 5212/5026/1787
f 5213/5027/1781 5214/5028/1782 5215/5029/1783
f 5216/5030/1784 5217/5031/1785 5218/5032/1786
f 5219/5033/1789 5220/5034/1790 5221/5035/1791
f 5222/5036/1792 5223/5037/1793 5224/5038/1794
f 5225/5039/1795 5226/5040/1796 5227/5041/1797
f 5228/5042/1789 5229/5043/1790 5230/5044/1791
f 5231/5045/1792 5232/5046/1793 5233/5047/1794
f 5234/5048/1795 5235/5049/1796 5236/5050/1797
f 5237/5051/1789 5238/5052/1790 5239/5053/1791
f 5240/5054/1792 5241/5055/1793 5242/5056/1794
f 5243/5057/1795 5244/5058/1796 5245/5059/1797
f 5246/5060/1789 5247/5061/1790 5248/5062/1791
f 5249/5063/1792 5250/5064/1793 5251/5065/1794
f 5252/5066/1795 5253/5067/1796 5254/5068/1797
f 5255/5069/1798 5256/5070/1799 5257/5071/1800
f 5258/5072/1801 5259/5073/1802 5260/5074/1803
f 5261/5075/1804 5262/5076/1805 5263/5077/1806
f 5264/5078/1798 5265/5079/1799 5266/5080/1800
f 5267/5081/1801 5268/5082/1802 5269/5083/1807
f 5270/5084/1804 5271/5085/1805 5272/5086/1806
f 5273/5087/1798 5274/5088/1799 5275/5089/1800
f 5276/5090/1808 5277/5091/1802 5278/5092/1807
f 5279/5093/1804 5280/5094/1805 5281/5095/1806
f 5282/5096/1798 5283/5097/1799 5284/5098/1800
f 5285/5099/1801 5286/5100/1802 5287/5101/1807
f 5288/5102/1804 5289/5103/1805 5290/5104/1806
f 5291/5105/1809 5292/5106/1810 5293/5107/1811
f 5294/5108/1812 5295/5109/1813 5296/5110/1814
f 5297/5111/1815 5298/5112/1816 5299/5113/1817
f 5300/5114/1809 5301/5115/1810 5302/5116/1811
f 5303/5117/1812 5304/5118/1813 5305/5119/1814
f 5306/5120/1815 5307/5121/1816 5308/5122/1817
f 5309/5123/1809 5310/5124/1810 5311/5125/1811
f 5312/5126/1812 5313/5127/1813 5314/5128/1814
f 5315/5129/1815 5316/5130/1816 5317/5131/1817
f 5318/5132/1809 5319/5133/1810 5320/5134/1811
f 5321/5135/1812 5322/5136/1813 5323/5137/1814
f 5324/5138/1815 5325/5139/1816 5326/5140/1817
f 5327/5141/1818 5328/5142/1819 5329/5143/1820
f 5330/5144/1821 5331/5145/1822 5332/5146/1823
f 5333/5147/1824 5334/5148/1825 5335/5149/1826
f 5336/5150/1818 5337/5151/1819 5338/5152/1820
f 5339/5153/1821 5340/5154/1822 5341/5155/1823
f 5342/5156/1824 5343/5157/1825 5344/5158/1826
f 5345/5159/1818 5346/5160/1819 5347/5161/1820
f 5348/5162/1821 5349/5163/1822 5350/5164/1823
f 5351/5165/1824 5352/5166/1825 5353/5167/1826
f 5354/5168/1818 5355/5169/1819 5356/5170/1820
f 5357/5171/1821 5358/5172/1822 5359/5173/1823
f 5360/5174/1824 5361/5175/1825 5362/5176/1826
f 5363/5177/1827 5364/5178/1828 5365/5179/1829
f 5366/5180/1830 5367/5181/1831 5368/5182/1832
f 5369/5183/1833 5370/5184/1834 5371/5185/1835
f 5372/5186/1827 5373/5187/1828 5374/5188/1829
f 5375/5189/1830 5376/5190/1831 5377/5191/1832
f 5378/5192/1833 5379/5193/1834 5380/5194/1835
f 5381/5195/1827 5382/5196/1828 5383/5197/1829
f 5384/5198/1830 5385/5199/1831 5386/5200/1832
f 5387/5201/1833 5388/5202/1834 5389/5203/1835
f 5390/5204/1827 5391/5205/1828 5392/5206/1829
f 5393/5207/1830 5394/5208/1831 5395/5209/1832
f 5396/5210/1833 5397/5211/1834 5398/5212/1835
f 5399/5213/1836 5400/5214/1837 5401/5215/1838
f 5402/5216/1839 5403/5217/1840 5404/5218/1841
f 5405/5219/1842 5406/5220/1843 5407/5221/1844
f 5408/5222/1836 5409/5223/1837 5410/5224/1838
f 5411/5225/1839 5412/5226/1840 5413/5227/1841
f 5414/5228/1845 5415/5229/1843 5416/5230/1844
f 5417/5231/1836 5418/5232/1837 5419/5233/1838
f 5420/5234/1839 5421/5235/1840 5422/5236/1841
f 5423/5237/1845 5424/5238/1843 5425/5239/1844
f 5426/5240/1836 5427/5241/1837 5428/5242/1838
f 5429/5243/1839 5430/5244/1840 5431/5245/1841
f 5432/5246/1845 5433/5247/1843 5434/5248/1844
f 5435/5249/1846 5436/5250/1847 5437/5251/1848
f 5438/5252/1849 5439/5253/1850 5440/5254/1851
f 5441/5255/1852 5442/5256/1853 5443/5257/1854
f 5444/5258/1846 5445/5259/1847 5446/5260/1848
f 5447/5261/1849 5448/5262/1850 5449/5263/1851
f 5450/5264/1852 5451/5265/1853 5452/5266/1854
f 5453/5267/1846 5454/5268/1847 5455/5269/1848
f 5456/5270/1849 5457/5271/1850 5458/5272/1851
f 5459/5273/1852 5460/5274/1853 5461/5275/1854
f 5462/5276/1846 5463/5277/1847 5464/5278/1848
f 5465/5279/1849 5466/5280/1850 5467/5281/1851
f 5468/5282/1852 5469/5283/1853 5470/5284/1854
f 5471/5285/1855 5472/5286/1856 5473/5287/1857
f 5474/5288/1858 5475/5289/1859 5476/5290/1860
f 5477/5291/1861 5478/5292/1862 5479/5293/1863
f 5480/5294/1855 5481/5295/1856 5482/5296/1857
f 5483/5297/1858 5484/5298/1859 5485/5299/1860
f 5486/5300/1861 5487/5301/1862 5488/5302/1863
f 5489/5303/1855 5490/5304/1856 5491/5305/1857
f 5492/5306/1858 5493/5307/1859 5494/5308/1860
f 5495/5309/1861 5496/5310/1862 5497/5311/1863
f 5498/5312/1855 5499/5313/1856 5500/5314/1857
f 5501/5315/1858 5502/5316/1859 5503/5317/1860
f 5504/5318/1861 5505/5319/1862 5506/5320/1863
f 5507/5321/1864 5508/5322/1865 5509/5323/1866
f 5510/5324/1864 5511/5325/1865 5512/5326/1866
f 5513/5327/1864 5514/5328/1865 5515/5329/1866
f 5516/5330/1864 5517/5331/1865 5518/5332/1866
f 5519/5333/1867 5520/5334/1868 5521/5335/1869
f 5522/5336/1867 5523/5337/1868 5524/5338/1870
f 5525/5339/1867 5526/5340/1868 5527/5341/1869
f 5528/5342/1867 5529/5343/1868 5530/5344/1870
f 5531/5345/1871 5532/5346/1872 5533/5347/1873
f 5534/5348/1871 5535/5349/1872 5536/5350/1873
f 5537/5351/1871 5538/5352/1872 5539/5353/1873
f 5540/5354/1871 5541/5355/1872 5542/5356/1873
f 5543/5357/1874 5544/5358/1875 5545/5359/1876
f 5546/5360/1874 5547/5361/1875 5548/5362/1876
f 5549/5363/1874 5550/5364/1875 5551/5365/1877
f 5552/5366/1874 5553/5367/1875 5554/5368/1876
f 5555/5369/1878 5556/5370/1879 5557/5371/1880
f 5558/5372/1878 5559/5373/1879 5560/5374/1880
f 5561/5375/1878 5562/5376/1879 5563/5377/1880
f 5564/5378/1878 5565/5379/1879 5566/5380/1880
f 5567/5381/1881 5568/5382/1882 5569/5383/1883
f 5570/5384/1881 5571/5385/1882 5572/5386/1883
f 5573/5387/1881 5574/5388/1882 5575/5389/1883
f 5576/5390/1881 5577/5391/1882 5578/5392/1883
f 5579/5393/1884 5580/5394/1885 5581/5395/1886
f 5582/5396/1884 5583/5397/1885 5584/5398/1887
f 5585/5399/1884 5586/5400/1885 5587/5401/1886
f 5588/5402/1884 5589/5403/1885 5590/5404/1886
f 5591/5405/1888 5592/5406/1889 5593/5407/1890
f 5594/5408/1888 5595/5409/1889 5596/5410/1890
f 5597/5411/1888 5598/5412/1889 5599/5413/1890
f 5600/5414/1888 5601/5415/1889 5602/5416/1890
f 5603/5417/1891 5604/5418/1892 5605/5419/1893
f 5606/5420/1891 5607/5421/1892 5608/5422/1893
f 5609/5423/1891 5610/5424/1892 5611/5425/1893
f 5612/5426/1891 5613/5427/1892 5614/5428/1893
f 5615/5429/1894 5616/5430/1895 5617/5431/1896
f 5618/5432/1894 5619/5433/1895 5620/5434/1896
f 5621/5435/1894 5622/5436/1895 5623/5437/1896
f 5624/5438/1894 5625/5439/1895 5626/5440/1896
f 5627/5441/1897 5628/5442/1898 5629/5443/1899
f 5630/5444/1897 5631/5445/1898 5632/5446/1899
f 5633/5447/1897 5634/5448/1898 5635/5449/1899
f 5636/5450/1897 5637/5451/1898 5638/5452/1899
f 5639/5453/1900 5640/5454/1901 5641/5455/1902
f 5642/5456/1900 5643/5457/1901 5644/5458/1902
f 5645/5459/1900 5646/5460/1901 5647/5461/1902
f 5648/5462/1900 5649/5463/1901 5650/5464/1902
f 5663/5465/1158 5664/5466/1156 5665/5467/1157
f 5666/5468/1153 5667/5469/1154 5668/5470/1155
f 5681/5471/1164 5682/5472/1162 5683/5473/1163
f 5684/5474/1159 5685/5475/1160 5686/5476/1161
f 5699/5477/1170 5700/5478/1168 5701/5479/1169
f 5702/5480/1165 5703/5481/1166 5704/5482/1167
f 5715/5483/1903 5716/5484/1904 5717/5485/1905
f 5718/5486/1906 5719/2993/1907 5720/5487/1908
f 5721/5488/1909 5722/5489/1910 5723/2994/1911
f 5724/5490/1912 5725/5491/1913 5726/5492/1914
f 5727/5493/1915 5728/5494/1916 5729/5495/1917
f 5742/5496/1918 5743/5497/1919 5744/5498/1920
f 5745/5499/1921 5746/5500/1922 5747/5501/1923
f 5752/5502/1924 5753/5503/1925 5754/5504/1926
f 5755/5505/1927 5756/5506/1928 5757/5507/1929
f 5772/5508/1930 5773/5484/1931 5774/5509/1932
f 5775/5510/1933 5776/5511/1934 5777/5512/1911
f 5778/5488/1935 5779/5513/1907 5780/5514/1936
f 5781/5515/1915 5782/5516/1916 5783/5517/1917
f 5784/5518/1912 5785/5519/1913 5786/5520/1914
f 5799/5496/1921 5800/5521/1922 5801/5522/1923
f 5802/5523/1919 5803/5500/1920 5804/5524/1918
f 5809/5525/1927 5810/5526/1928 5811/5527/1929
f 5812/5505/1926 5813/5528/1924 5814/5529/1925
f 5831/5530/1933 5832/5531/1934 5833/5532/1911
f 5834/5468/1935 5835/5533/1907 5836/5534/1936
f 5849/5535/1937 5850/5536/1938 5851/5537/1939
f 5852/5538/1940 5853/5539/1941 5854/5540/1942
f 5867/5541/1943 5868/5542/1944 5869/5543/1945
f 5870/5544/1946 5871/5545/1947 5872/5546/1948
f 3072/5547/1949 3075/5548/1950 3076/5549/1950 3071/5550/1949
f 3078/5551/1951 3073/5552/1952 3074/5553/1952 3077/5554/1951
f 3075/5548/1950 3079/5555/1953 3080/5556/1953 3076/5549/1950
f 3082/5557/1954 3078/5551/1951 3077/5554/1951 3081/5558/1954
f 3079/5555/1953 3083/2991/1153 3085/2993/1155 3080/5556/1953
f 3088/2996/1158 3082/5557/1954 3081/5558/1954 3086/2994/1156
f 3537/5559/1955 3084/2992/1955 3083/2991/1956 3536/5560/1956
f 3084/2992/1154 3089/5561/1957 3090/5491/1957 3085/2993/1155
f 3092/5562/1958 3087/2995/1157 3086/2994/1156 3091/5495/1958
f 3089/5561/1957 3093/5563/1959 3094/5564/1959 3090/5491/1957
f 3096/5565/1960 3092/5562/1958 3091/5495/1958 3095/5566/1960
f 3093/5563/1959 3097/5567/1961 3098/5568/1961 3094/5564/1959
f 3100/5569/1962 3096/5565/1960 3095/5566/1960 3099/5570/1962
f 3097/5567/1961 3101/2997/1159 3103/2999/1161 3098/5568/1961
f 3106/3002/1164 3100/5569/1962 3099/5570/1962 3104/3000/1162
f 3739/5571/1963 3102/2998/1963 3101/2997/1964 3738/5572/1964
f 3102/2998/1160 3107/5573/1965 3108/5497/1965 3103/2999/1161
f 3110/5574/1966 3105/3001/1163 3104/3000/1162 3109/5501/1966
f 3107/5573/1965 3111/5575/1967 3112/5576/1967 3108/5497/1965
f 3114/5577/1968 3110/5574/1966 3109/5501/1966 3113/5578/1968
f 3111/5575/1967 3115/5579/1969 3116/5580/1969 3112/5576/1967
f 3118/5581/1970 3114/5577/1968 3113/5578/1968 3117/5507/1970
f 3115/5579/1969 3119/3003/1165 3121/3005/1167 3116/5580/1969
f 3124/3008/1170 3118/5581/1970 3117/5507/1970 3122/3006/1168
f 3887/5582/1971 3120/3004/1971 3119/3003/1972 3886/5583/1972
f 3120/3004/1166 3072/5584/1949 3071/5585/1949 3121/3005/1167
f 3073/5586/1952 3123/3007/1169 3122/3006/1168 3074/5587/1952
f 3449/3333/1294 3457/5588/1973 3458/5589/1974 3450/3334/1295
f 3457/5588/1973 3462/5590/1973 3463/5591/1974 3458/5589/1974
f 3462/5590/1973 3467/5592/1973 3468/5593/1974 3463/5591/1974
f 3467/5592/1973 3472/5594/1973 3473/5595/1974 3468/5593/1974
f 3472/5594/1973 3477/5596/1973 3478/5597/1974 3473/5595/1974
f 3477/5596/1973 3482/5598/1973 3483/5599/1974 3478/5597/1974
f 3482/5598/1973 3487/5600/1973 3488/5601/1974 3483/5599/1974
f 3487/5600/1973 3454/3338/1299 3453/3337/1298 3488/5601/1974
f 3087/2995/1955 3534/5602/1955 3535/5603/1956 3088/2996/1956
f 3534/5602/1955 3538/5604/1955 3539/5605/1956 3535/5603/1956
f 3538/5604/1955 3543/5606/1955 3544/5607/1956 3539/5605/1956
f 3543/5606/1955 3548/5608/1955 3549/5609/1956 3544/5607/1956
f 3548/5608/1955 3553/5610/1955 3554/5611/1956 3549/5609/1956
f 3553/5610/1955 3558/5612/1955 3559/5613/1956 3554/5611/1956
f 3558/5612/1955 3563/5614/1955 3564/5615/1956 3559/5613/1956
f 3563/5614/1955 3568/5616/1955 3569/5617/1956 3564/5615/1956
f 3568/5616/1955 3537/5559/1955 3536/5560/1956 3569/5617/1956
f 3573/3425/1318 3578/3430/1323 3577/3429/1322 3574/3426/1319
f 3585/3437/1330 3594/3446/1323 3593/3445/1322 3586/3438/1331
f 3601/3453/1330 3610/3462/1323 3609/3461/1322 3602/3454/1331
f 3617/3469/1330 3626/3478/1323 3625/3477/1322 3618/3470/1331
f 3633/3485/1336 3638/3490/1341 3637/3489/1340 3634/3486/1337
f 3645/3497/1348 3654/3506/1341 3653/3505/1340 3646/3498/1349
f 3661/3513/1348 3670/3522/1341 3669/3521/1340 3662/3514/1349
f 3677/3529/1348 3686/3538/1341 3685/3537/1340 3678/3530/1349
f 3693/3545/1354 3701/5618/1975 3702/5619/1976 3694/3546/1355
f 3701/5618/1975 3706/5620/1975 3707/5621/1976 3702/5619/1976
f 3706/5620/1975 3711/5622/1975 3712/5623/1976 3707/5621/1976
f 3711/5622/1975 3716/5624/1975 3717/5625/1976 3712/5623/1976
f 3716/5624/1975 3721/5626/1975 3722/5627/1976 3717/5625/1976
f 3721/5626/1975 3726/5628/1975 3727/5629/1976 3722/5627/1976
f 3726/5628/1975 3731/5630/1975 3732/5631/1976 3727/5629/1976
f 3731/5630/1975 3698/3550/1359 3697/3549/1358 3732/5631/1976
f 3105/3001/1963 3736/5632/1963 3737/5633/1964 3106/3002/1964
f 3736/5632/1963 3740/5634/1963 3741/5635/1964 3737/5633/1964
f 3740/5634/1963 3746/3578/1370 3745/3577/1369 3741/5635/1964
f 3753/3585/1375 3762/3594/1370 3761/3593/1369 3754/3586/1376
f 3769/3601/1375 3778/3610/1370 3777/3609/1369 3770/3602/1376
f 3785/3617/1375 3739/5571/1963 3738/5572/1964 3786/3618/1376
f 3815/3647/1391 3794/3626/1384 3793/3625/1383 3816/3648/1392
f 3823/3655/1396 3832/3664/1405 3831/3663/1404 3824/3656/1397
f 3854/3686/1411 3859/3691/1416 3858/3690/1415 3855/3687/1412
f 3123/3007/1971 3884/5636/1971 3885/5637/1972 3124/3008/1972
f 3884/5636/1971 3888/5638/1971 3889/5639/1972 3885/5637/1972
f 3888/5638/1971 3893/5640/1971 3894/5641/1972 3889/5639/1972
f 3893/5640/1971 3898/5642/1971 3899/5643/1972 3894/5641/1972
f 3898/5642/1971 3903/5644/1971 3904/5645/1972 3899/5643/1972
f 3903/5644/1971 3908/5646/1971 3909/5647/1972 3904/5645/1972
f 3908/5646/1971 3913/5648/1971 3914/5649/1972 3909/5647/1972
f 3913/5648/1971 3918/5650/1971 3919/5651/1972 3914/5649/1972
f 3918/5650/1971 3887/5582/1971 3886/5583/1972 3919/5651/1972
f 4499/4313/1593 4502/4316/1596 4504/4318/1598 4500/4314/1594
f 4507/4321/1601 4509/4323/1603 4508/4322/1602 4505/4319/1599
f 4511/4325/1593 4514/4328/1596 4516/4330/1598 4512/4326/1594
f 4519/4333/1601 4521/4335/1603 4520/4334/1602 4517/4331/1599
f 4523/4337/1593 4526/4340/1596 4528/4342/1598 4524/4338/1594
f 4531/4345/1601 4533/4347/1603 4532/4346/1602 4529/4343/1599
f 4535/4349/1593 4538/4352/1596 4540/4354/1598 4536/4350/1594
f 4543/4357/1601 4545/4359/1603 4544/4358/1602 4541/4355/1599
f 4549/4363/1607 4551/4365/1609 4550/4364/1608 4547/4361/1605
f 4553/4367/1611 4556/4370/1614 4558/4372/1616 4554/4368/1612
f 4561/4375/1607 4563/4377/1609 4562/4376/1608 4559/4373/1605
f 4565/4379/1611 4568/4382/1614 4570/4384/1616 4566/4380/1612
f 4573/4387/1607 4575/4389/1609 4574/4388/1608 4571/4385/1605
f 4577/4391/1611 4580/4394/1614 4582/4396/1616 4578/4392/1612
f 4585/4399/1607 4587/4401/1609 4586/4400/1608 4583/4397/1605
f 4589/4403/1611 4592/4406/1614 4594/4408/1616 4590/4404/1612
f 4595/4409/1617 4598/4412/1620 4600/4414/1622 4596/4410/1618
f 4603/4417/1625 4605/4419/1627 4604/4418/1626 4601/4415/1623
f 4607/4421/1617 4610/4424/1620 4612/4426/1622 4608/4422/1618
f 4615/4429/1625 4617/4431/1627 4616/4430/1626 4613/4427/1623
f 4619/4433/1617 4622/4436/1620 4624/4438/1622 4620/4434/1618
f 4627/4441/1625 4629/4443/1627 4628/4442/1626 4625/4439/1623
f 4631/4445/1617 4634/4448/1620 4636/4450/1622 4632/4446/1618
f 4639/4453/1625 4641/4455/1627 4640/4454/1626 4637/4451/1623
f 4645/4459/1631 4647/4461/1633 4646/4460/1632 4643/4457/1629
f 4649/4463/1635 4652/4466/1638 4654/4468/1640 4650/4464/1636
f 4657/4471/1631 4659/4473/1633 4658/4472/1632 4655/4469/1629
f 4661/4475/1635 4664/4478/1638 4666/4480/1640 4662/4476/1636
f 4669/4483/1631 4671/4485/1633 4670/4484/1632 4667/4481/1629
f 4673/4487/1635 4676/4490/1638 4678/4492/1640 4674/4488/1636
f 4681/4495/1631 4683/4497/1633 4682/4496/1632 4679/4493/1629
f 4685/4499/1635 4688/4502/1638 4690/4504/1640 4686/4500/1636
f 4691/4505/1643 4694/4508/1646 4696/4510/1648 4692/4506/1644
f 4699/4513/1651 4701/4515/1653 4700/4514/1652 4697/4511/1649
f 4703/4517/1643 4706/4520/1646 4708/4522/1648 4704/4518/1644
f 4711/4525/1651 4713/4527/1653 4712/4526/1652 4709/4523/1649
f 4715/4529/1643 4718/4532/1646 4720/4534/1648 4716/4530/1644
f 4723/4537/1651 4725/4539/1653 4724/4538/1652 4721/4535/1649
f 4727/4541/1643 4730/4544/1646 4732/4546/1648 4728/4542/1644
f 4735/4549/1651 4737/4551/1653 4736/4550/1652 4733/4547/1649
f 4741/4555/1658 4743/4557/1660 4742/4556/1659 4739/4553/1656
f 4745/4559/1662 4748/4562/1665 4750/4564/1667 4746/4560/1663
f 4753/4567/1658 4755/4569/1660 4754/4568/1659 4751/4565/1656
f 4757/4571/1662 4760/4574/1665 4762/4576/1667 4758/4572/1663
f 4765/4579/1658 4767/4581/1660 4766/4580/1659 4763/4577/1656
f 4769/4583/1662 4772/4586/1665 4774/4588/1667 4770/4584/1663
f 4777/4591/1658 4779/4593/1660 4778/4592/1659 4775/4589/1656
f 4781/4595/1662 4784/4598/1665 4786/4600/1667 4782/4596/1663
f 4787/4601/1668 4790/4604/1671 4792/4606/1673 4788/4602/1669
f 4795/4609/1676 4797/4611/1678 4796/4610/1677 4793/4607/1674
f 4799/4613/1668 4802/4616/1671 4804/4618/1673 4800/4614/1669
f 4807/4621/1676 4809/4623/1678 4808/4622/1677 4805/4619/1674
f 4811/4625/1668 4814/4628/1671 4816/4630/1673 4812/4626/1669
f 4819/4633/1676 4821/4635/1678 4820/4634/1677 4817/4631/1674
f 4823/4637/1668 4826/4640/1671 4828/4642/1673 4824/4638/1669
f 4831/4645/1676 4833/4647/1678 4832/4646/1677 4829/4643/1674
f 4837/4651/1683 4839/4653/1685 4838/4652/1684 4835/4649/1681
f 4841/4655/1687 4844/4658/1690 4846/4660/1692 4842/4656/1688
f 4849/4663/1683 4851/4665/1685 4850/4664/1684 4847/4661/1681
f 4853/4667/1687 4856/4670/1690 4858/4672/1692 4854/4668/1688
f 4861/4675/1683 4863/4677/1685 4862/4676/1684 4859/4673/1681
f 4865/4679/1687 4868/4682/1690 4870/4684/1692 4866/4680/1688
f 4873/4687/1683 4875/4689/1685 4874/4688/1684 4871/4685/1681
f 4877/4691/1687 4880/4694/1690 4882/4696/1692 4878/4692/1688
f 4883/4697/1694 4886/4700/1697 4888/4702/1699 4884/4698/1695
f 4891/4705/1702 4893/4707/1704 4892/4706/1703 4889/4703/1700
f 4895/4709/1694 4898/4712/1697 4900/4714/1699 4896/4710/1695
f 4903/4717/1702 4905/4719/1704 4904/4718/1703 4901/4715/1700
f 4907/4721/1694 4910/4724/1697 4912/4726/1699 4908/4722/1695
f 4915/4729/1702 4917/4731/1704 4916/4730/1703 4913/4727/1700
f 4919/4733/1694 4922/4736/1697 4924/4738/1699 4920/4734/1695
f 4927/4741/1702 4929/4743/1704 4928/4742/1703 4925/4739/1700
f 4933/4747/1708 4935/4749/1710 4934/4748/1709 4931/4745/1706
f 4937/4751/1712 4940/4754/1715 4942/4756/1717 4938/4752/1713
f 4945/4759/1708 4947/4761/1710 4946/4760/1709 4943/4757/1706
f 4949/4763/1712 4952/4766/1715 4954/4768/1718 4950/4764/1713
f 4957/4771/1708 4959/4773/1710 4958/4772/1709 4955/4769/1706
f 4961/4775/1712 4964/4778/1715 4966/4780/1718 4962/4776/1713
f 4969/4783/1708 4971/4785/1710 4970/4784/1709 4967/4781/1706
f 4973/4787/1712 4976/4790/1715 4978/4792/1717 4974/4788/1713
f 4979/4793/1720 4982/4796/1723 4984/4798/1725 4980/4794/1721
f 4987/4801/1728 4989/4803/1730 4988/4802/1729 4985/4799/1726
f 4991/4805/1720 4994/4808/1723 4996/4810/1725 4992/4806/1721
f 4999/4813/1728 5001/4815/1730 5000/4814/1729 4997/4811/1726
f 5003/4817/1720 5006/4820/1723 5008/4822/1725 5004/4818/1721
f 5011/4825/1728 5013/4827/1730 5012/4826/1729 5009/4823/1726
f 5015/4829/1720 5018/4832/1723 5020/4834/1725 5016/4830/1721
f 5023/4837/1728 5025/4839/1730 5024/4838/1729 5021/4835/1726
f 5029/4843/1735 5031/4845/1737 5030/4844/1736 5027/4841/1733
f 5033/4847/1739 5036/4850/1742 5038/4852/1744 5034/4848/1740
f 5041/4855/1735 5043/4857/1737 5042/4856/1736 5039/4853/1733
f 5045/4859/1745 5048/4862/1742 5050/4864/1744 5046/4860/1740
f 5053/4867/1735 5055/4869/1737 5054/4868/1736 5051/4865/1733
f 5057/4871/1745 5060/4874/1742 5062/4876/1744 5058/4872/1740
f 5065/4879/1735 5067/4881/1737 5066/4880/1736 5063/4877/1733
f 5069/4883/1745 5072/4886/1742 5074/4888/1744 5070/4884/1740
f 5075/4889/1746 5078/4892/1749 5080/4894/1751 5076/4890/1747
f 5083/4897/1754 4504/4318/1598 4503/4317/1597 5081/4895/1752
f 5084/4898/1746 5087/4901/1755 5089/4903/1751 5085/4899/1747
f 5092/4906/1754 4516/4330/1598 4515/4329/1597 5090/4904/1752
f 5093/4907/1746 5096/4910/1756 5098/4912/1751 5094/4908/1747
f 5101/4915/1754 4528/4342/1598 4527/4341/1597 5099/4913/1752
f 5102/4916/1746 5105/4919/1755 5107/4921/1751 5103/4917/1747
f 5110/4924/1754 4540/4354/1598 4539/4353/1597 5108/4922/1752
f 5111/4925/1757 5068/4882/1738 5067/4881/1737 5112/4926/1758
f 5116/4930/1762 5118/4932/1764 5117/4931/1763 5114/4928/1760
f 5120/4934/1757 5056/4870/1738 5055/4869/1737 5121/4935/1758
f 5125/4939/1762 5127/4941/1764 5126/4940/1763 5123/4937/1760
f 5129/4943/1757 5044/4858/1738 5043/4857/1737 5130/4944/1758
f 5134/4948/1762 5136/4950/1764 5135/4949/1763 5132/4946/1760
f 5138/4952/1757 5032/4846/1738 5031/4845/1737 5139/4953/1758
f 5143/4957/1762 5145/4959/1764 5144/4958/1763 5141/4955/1760
f 5147/4961/1766 5026/4840/1731 5025/4839/1730 5148/4962/1767
f 5152/4966/1771 5154/4968/1773 5153/4967/1772 5150/4964/1769
f 5156/4970/1775 5014/4828/1731 5013/4827/1730 5157/4971/1767
f 5161/4975/1771 5163/4977/1773 5162/4976/1772 5159/4973/1776
f 5165/4979/1766 5002/4816/1731 5001/4815/1730 5166/4980/1767
f 5170/4984/1771 5172/4986/1773 5171/4985/1777 5168/4982/1776
f 5174/4988/1766 4990/4804/1731 4989/4803/1730 5175/4989/1767
f 5179/4993/1771 5181/4995/1773 5180/4994/1772 5177/4991/1776
f 5183/4997/1778 4972/4786/1711 4971/4785/1710 5184/4998/1779
f 5188/5002/1783 5190/5004/1785 5189/5003/1784 5186/5000/1781
f 5192/5006/1778 4960/4774/1711 4959/4773/1710 5193/5007/1779
f 5197/5011/1783 5199/5013/1785 5198/5012/1784 5195/5009/1781
f 5201/5015/1778 4948/4762/1711 4947/4761/1710 5202/5016/1779
f 5206/5020/1783 5208/5022/1785 5207/5021/1784 5204/5018/1781
f 5210/5024/1778 4936/4750/1711 4935/4749/1710 5211/5025/1779
f 5215/5029/1783 5217/5031/1785 5216/5030/1784 5213/5027/1781
f 5219/5033/1789 4930/4744/1705 4929/4743/1704 5220/5034/1790
f 5224/5038/1794 5226/5040/1796 5225/5039/1795 5222/5036/1792
f 5228/5042/1789 4918/4732/1705 4917/4731/1704 5229/5043/1790
f 5233/5047/1794 5235/5049/1796 5234/5048/1795 5231/5045/1792
f 5237/5051/1789 4906/4720/1705 4905/4719/1704 5238/5052/1790
f 5242/5056/1794 5244/5058/1796 5243/5057/1795 5240/5054/1792
f 5246/5060/1789 4894/4708/1705 4893/4707/1704 5247/5061/1790
f 5251/5065/1794 5253/5067/1796 5252/5066/1795 5249/5063/1792
f 5255/5069/1798 4876/4690/1686 4875/4689/1685 5256/5070/1799
f 5260/5074/1803 5262/5076/1805 5261/5075/1804 5258/5072/1801
f 5264/5078/1798 4864/4678/1686 4863/4677/1685 5265/5079/1799
f 5269/5083/1807 5271/5085/1805 5270/5084/1804 5267/5081/1801
f 5273/5087/1798 4852/4666/1686 4851/4665/1685 5274/5088/1799
f 5278/5092/1807 5280/5094/1805 5279/5093/1804 5276/5090/1808
f 5282/5096/1798 4840/4654/1686 4839/4653/1685 5283/5097/1799
f 5287/5101/1807 5289/5103/1805 5288/5102/1804 5285/5099/1801
f 5291/5105/1809 4834/4648/1679 4833/4647/1678 5292/5106/1810
f 5296/5110/1814 5298/5112/1816 5297/5111/1815 5294/5108/1812
f 5300/5114/1809 4822/4636/1680 4821/4635/1678 5301/5115/1810
f 5305/5119/1814 5307/5121/1816 5306/5120/1815 5303/5117/1812
f 5309/5123/1809 4810/4624/1679 4809/4623/1678 5310/5124/1810
f 5314/5128/1814 5316/5130/1816 5315/5129/1815 5312/5126/1812
f 5318/5132/1809 4798/4612/1679 4797/4611/1678 5319/5133/1810
f 5323/5137/1814 5325/5139/1816 5324/5138/1815 5321/5135/1812
f 5327/5141/1818 4780/4594/1661 4779/4593/1660 5328/5142/1819
f 5332/5146/1823 5334/5148/1825 5333/5147/1824 5330/5144/1821
f 5336/5150/1818 4768/4582/1661 4767/4581/1660 5337/5151/1819
f 5341/5155/1823 5343/5157/1825 5342/5156/1824 5339/5153/1821
f 5345/5159/1818 4756/4570/1661 4755/4569/1660 5346/5160/1819
f 5350/5164/1823 5352/5166/1825 5351/5165/1824 5348/5162/1821
f 5354/5168/1818 4744/4558/1661 4743/4557/1660 5355/5169/1819
f 5359/5173/1823 5361/5175/1825 5360/5174/1824 5357/5171/1821
f 5363/5177/1827 4738/4552/1654 4737/4551/1653 5364/5178/1828
f 5368/5182/1832 5370/5184/1834 5369/5183/1833 5366/5180/1830
f 5372/5186/1827 4726/4540/1654 4725/4539/1653 5373/5187/1828
f 5377/5191/1832 5379/5193/1834 5378/5192/1833 5375/5189/1830
f 5381/5195/1827 4714/4528/1654 4713/4527/1653 5382/5196/1828
f 5386/5200/1832 5388/5202/1834 5387/5201/1833 5384/5198/1830
f 5390/5204/1827 4702/4516/1654 4701/4515/1653 5391/5205/1828
f 5395/5209/1832 5397/5211/1834 5396/5210/1833 5393/5207/1830
f 5399/5213/1836 4684/4498/1634 4683/4497/1633 5400/5214/1837
f 5404/5218/1841 5406/5220/1843 5405/5219/1842 5402/5216/1839
f 5408/5222/1836 4672/4486/1641 4671/4485/1633 5409/5223/1837
f 5413/5227/1841 5415/5229/1843 5414/5228/1845 5411/5225/1839
f 5417/5231/1836 4660/4474/1641 4659/4473/1633 5418/5232/1837
f 5422/5236/1841 5424/5238/1843 5423/5237/1845 5420/5234/1839
f 5426/5240/1836 4648/4462/1634 4647/4461/1633 5427/5241/1837
f 5431/5245/1841 5433/5247/1843 5432/5246/1845 5429/5243/1839
f 5435/5249/1846 4642/4456/1628 4641/4455/1627 5436/5250/1847
f 5440/5254/1851 5442/5256/1853 5441/5255/1852 5438/5252/1849
f 5444/5258/1846 4630/4444/1628 4629/4443/1627 5445/5259/1847
f 5449/5263/1851 5451/5265/1853 5450/5264/1852 5447/5261/1849
f 5453/5267/1846 4618/4432/1628 4617/4431/1627 5454/5268/1847
f 5458/5272/1851 5460/5274/1853 5459/5273/1852 5456/5270/1849
f 5462/5276/1846 4606/4420/1628 4605/4419/1627 5463/5277/1847
f 5467/5281/1851 5469/5283/1853 5468/5282/1852 5465/5279/1849
f 5471/5285/1855 4588/4402/1610 4587/4401/1609 5472/5286/1856
f 5476/5290/1860 5478/5292/1862 5477/5291/1861 5474/5288/1858
f 5480/5294/1855 4576/4390/1610 4575/4389/1609 5481/5295/1856
f 5485/5299/1860 5487/5301/1862 5486/5300/1861 5483/5297/1858
f 5489/5303/1855 4564/4378/1610 4563/4377/1609 5490/5304/1856
f 5494/5308/1860 5496/5310/1862 5495/5309/1861 5492/5306/1858
f 5498/5312/1855 4552/4366/1610 4551/4365/1609 5499/5313/1856
f 5503/5317/1860 5505/5319/1862 5504/5318/1861 5501/5315/1858
f 5079/4893/1750 4501/4315/1595 4500/4314/1594 5080/4894/1751
f 5509/5323/1866 4507/4321/1601 4506/4320/1600 5507/5321/1864
f 5088/4902/1750 4513/4327/1595 4512/4326/1594 5089/4903/1751
f 5512/5326/1866 4519/4333/1601 4518/4332/1600 5510/5324/1864
f 5097/4911/1750 4525/4339/1595 4524/4338/1594 5098/4912/1751
f 5515/5329/1866 4531/4345/1601 4530/4344/1600 5513/5327/1864
f 5106/4920/1750 4537/4351/1595 4536/4350/1594 5107/4921/1751
f 5518/5332/1866 4543/4357/1601 4542/4356/1600 5516/5330/1864
f 5505/5319/1862 4549/4363/1607 4548/4362/1606 5506/5320/1863
f 5519/5333/1867 4555/4369/1613 4554/4368/1612 5520/5334/1868
f 5496/5310/1862 4561/4375/1607 4560/4374/1606 5497/5311/1863
f 5522/5336/1867 4567/4381/1613 4566/4380/1612 5523/5337/1868
f 5487/5301/1862 4573/4387/1607 4572/4386/1606 5488/5302/1863
f 5525/5339/1867 4579/4393/1613 4578/4392/1612 5526/5340/1868
f 5478/5292/1862 4585/4399/1607 4584/4398/1606 5479/5293/1863
f 5528/5342/1867 4591/4405/1613 4590/4404/1612 5529/5343/1868
f 5531/5345/1871 4597/4411/1619 4596/4410/1618 5532/5346/1872
f 5469/5283/1853 4603/4417/1625 4602/4416/1624 5470/5284/1854
f 5534/5348/1871 4609/4423/1619 4608/4422/1618 5535/5349/1872
f 5460/5274/1853 4615/4429/1625 4614/4428/1624 5461/5275/1854
f 5537/5351/1871 4621/4435/1619 4620/4434/1618 5538/5352/1872
f 5451/5265/1853 4627/4441/1625 4626/4440/1624 5452/5266/1854
f 5540/5354/1871 4633/4447/1619 4632/4446/1618 5541/5355/1872
f 5442/5256/1853 4639/4453/1625 4638/4452/1624 5443/5257/1854
f 5433/5247/1843 4645/4459/1631 4644/4458/1630 5434/5248/1844
f 5543/5357/1874 4651/4465/1637 4650/4464/1636 5544/5358/1875
f 5424/5238/1843 4657/4471/1631 4656/4470/1630 5425/5239/1844
f 5546/5360/1874 4663/4477/1637 4662/4476/1636 5547/5361/1875
f 5415/5229/1843 4669/4483/1631 4668/4482/1630 5416/5230/1844
f 5549/5363/1874 4675/4489/1637 4674/4488/1636 5550/5364/1875
f 5406/5220/1843 4681/4495/1631 4680/4494/1630 5407/5221/1844
f 5552/5366/1874 4687/4501/1637 4686/4500/1636 5553/5367/1875
f 5555/5369/1878 4693/4507/1645 4692/4506/1644 5556/5370/1879
f 5397/5211/1834 4699/4513/1651 4698/4512/1650 5398/5212/1835
f 5558/5372/1878 4705/4519/1645 4704/4518/1644 5559/5373/1879
f 5388/5202/1834 4711/4525/1651 4710/4524/1650 5389/5203/1835
f 5561/5375/1878 4717/4531/1645 4716/4530/1644 5562/5376/1879
f 5379/5193/1834 4723/4537/1651 4722/4536/1650 5380/5194/1835
f 5564/5378/1878 4729/4543/1645 4728/4542/1644 5565/5379/1879
f 5370/5184/1834 4735/4549/1651 4734/4548/1650 5371/5185/1835
f 5361/5175/1825 4741/4555/1658 4740/4554/1657 5362/5176/1826
f 5567/5381/1881 4747/4561/1664 4746/4560/1663 5568/5382/1882
f 5352/5166/1825 4753/4567/1658 4752/4566/1657 5353/5167/1826
f 5570/5384/1881 4759/4573/1664 4758/4572/1663 5571/5385/1882
f 5343/5157/1825 4765/4579/1658 4764/4578/1657 5344/5158/1826
f 5573/5387/1881 4771/4585/1664 4770/4584/1663 5574/5388/1882
f 5334/5148/1825 4777/4591/1658 4776/4590/1657 5335/5149/1826
f 5576/5390/1881 4783/4597/1664 4782/4596/1663 5577/5391/1882
f 5579/5393/1884 4789/4603/1670 4788/4602/1669 5580/5394/1885
f 5325/5139/1816 4795/4609/1676 4794/4608/1675 5326/5140/1817
f 5582/5396/1884 4801/4615/1670 4800/4614/1669 5583/5397/1885
f 5316/5130/1816 4807/4621/1676 4806/4620/1675 5317/5131/1817
f 5585/5399/1884 4813/4627/1670 4812/4626/1669 5586/5400/1885
f 5307/5121/1816 4819/4633/1676 4818/4632/1675 5308/5122/1817
f 5588/5402/1884 4825/4639/1670 4824/4638/1669 5589/5403/1885
f 5298/5112/1816 4831/4645/1676 4830/4644/1675 5299/5113/1817
f 5289/5103/1805 4837/4651/1683 4836/4650/1682 5290/5104/1806
f 5591/5405/1888 4843/4657/1689 4842/4656/1688 5592/5406/1889
f 5280/5094/1805 4849/4663/1683 4848/4662/1682 5281/5095/1806
f 5594/5408/1888 4855/4669/1689 4854/4668/1688 5595/5409/1889
f 5271/5085/1805 4861/4675/1683 4860/4674/1682 5272/5086/1806
f 5597/5411/1888 4867/4681/1689 4866/4680/1688 5598/5412/1889
f 5262/5076/1805 4873/4687/1683 4872/4686/1682 5263/5077/1806
f 5600/5414/1888 4879/4693/1689 4878/4692/1688 5601/5415/1889
f 5603/5417/1891 4885/4699/1696 4884/4698/1695 5604/5418/1892
f 5253/5067/1796 4891/4705/1702 4890/4704/1701 5254/5068/1797
f 5606/5420/1891 4897/4711/1696 4896/4710/1695 5607/5421/1892
f 5244/5058/1796 4903/4717/1702 4902/4716/1701 5245/5059/1797
f 5609/5423/1891 4909/4723/1696 4908/4722/1695 5610/5424/1892
f 5235/5049/1796 4915/4729/1702 4914/4728/1701 5236/5050/1797
f 5612/5426/1891 4921/4735/1696 4920/4734/1695 5613/5427/1892
f 5226/5040/1796 4927/4741/1702 4926/4740/1701 5227/5041/1797
f 5217/5031/1785 4933/4747/1708 4932/4746/1707 5218/5032/1786
f 5615/5429/1894 4939/4753/1714 4938/4752/1713 5616/5430/1895
f 5208/5022/1785 4945/4759/1708 4944/4758/1707 5209/5023/1786
f 5618/5432/1894 4951/4765/1714 4950/4764/1713 5619/5433/1895
f 5199/5013/1785 4957/4771/1708 4956/4770/1707 5200/5014/1786
f 5621/5435/1894 4963/4777/1714 4962/4776/1713 5622/5436/1895
f 5190/5004/1785 4969/4783/1708 4968/4782/1707 5191/5005/1786
f 5624/5438/1894 4975/4789/1714 4974/4788/1713 5625/5439/1895
f 5627/5441/1897 4981/4795/1722 4980/4794/1721 5628/5442/1898
f 5181/4995/1773 4987/4801/1728 4986/4800/1727 5182/4996/1774
f 5630/5444/1897 4993/4807/1722 4992/4806/1721 5631/5445/1898
f 5172/4986/1773 4999/4813/1728 4998/4812/1732 5173/4987/1774
f 5633/5447/1897 5005/4819/1722 5004/4818/1721 5634/5448/1898
f 5163/4977/1773 5011/4825/1728 5010/4824/1732 5164/4978/1774
f 5636/5450/1897 5017/4831/1722 5016/4830/1721 5637/5451/1898
f 5154/4968/1773 5023/4837/1728 5022/4836/1727 5155/4969/1774
f 5145/4959/1764 5029/4843/1735 5028/4842/1734 5146/4960/1765
f 5639/5453/1900 5035/4849/1741 5034/4848/1740 5640/5454/1901
f 5136/4950/1764 5041/4855/1735 5040/4854/1734 5137/4951/1765
f 5642/5456/1900 5047/4861/1741 5046/4860/1740 5643/5457/1901
f 5127/4941/1764 5053/4867/1735 5052/4866/1734 5128/4942/1765
f 5645/5459/1900 5059/4873/1741 5058/4872/1740 5646/5460/1901
f 5118/4932/1764 5065/4879/1735 5064/4878/1734 5119/4933/1765
f 5648/5462/1900 5071/4885/1741 5070/4884/1740 5649/5463/1901
f 5073/4887/1743 5077/4891/1748 5076/4890/1747 5074/4888/1744
f 5649/5463/1901 5083/4897/1754 5082/4896/1753 5650/5464/1902
f 5061/4875/1743 5086/4900/1748 5085/4899/1747 5062/4876/1744
f 5646/5460/1901 5092/4906/1754 5091/4905/1753 5647/5461/1902
f 5049/4863/1743 5095/4909/1748 5094/4908/1747 5050/4864/1744
f 5643/5457/1901 5101/4915/1754 5100/4914/1753 5644/5458/1902
f 5037/4851/1743 5104/4918/1748 5103/4917/1747 5038/4852/1744
f 5640/5454/1901 5110/4924/1754 5109/4923/1753 5641/5455/1902
f 5019/4833/1724 5113/4927/1759 5112/4926/1758 5020/4834/1725
f 5637/5451/1898 5116/4930/1762 5115/4929/1761 5638/5452/1899
f 5007/4821/1724 5122/4936/1759 5121/4935/1758 5008/4822/1725
f 5634/5448/1898 5125/4939/1762 5124/4938/1761 5635/5449/1899
f 4995/4809/1724 5131/4945/1759 5130/4944/1758 4996/4810/1725
f 5631/5445/1898 5134/4948/1762 5133/4947/1761 5632/5446/1899
f 4983/4797/1724 5140/4954/1759 5139/4953/1758 4984/4798/1725
f 5628/5442/1898 5143/4957/1762 5142/4956/1761 5629/5443/1899
f 4977/4791/1716 5149/4963/1768 5148/4962/1767 4978/4792/1717
f 5625/5439/1895 5152/4966/1771 5151/4965/1770 5626/5440/1896
f 4965/4779/1719 5158/4972/1768 5157/4971/1767 4966/4780/1718
f 5622/5436/1895 5161/4975/1771 5160/4974/1770 5623/5437/1896
f 4953/4767/1716 5167/4981/1768 5166/4980/1767 4954/4768/1718
f 5619/5433/1895 5170/4984/1771 5169/4983/1770 5620/5434/1896
f 4941/4755/1716 5176/4990/1768 5175/4989/1767 4942/4756/1717
f 5616/5430/1895 5179/4993/1771 5178/4992/1770 5617/5431/1896
f 4923/4737/1698 5185/4999/1780 5184/4998/1779 4924/4738/1699
f 5613/5427/1892 5188/5002/1783 5187/5001/1782 5614/5428/1893
f 4911/4725/1698 5194/5008/1787 5193/5007/1779 4912/4726/1699
f 5610/5424/1892 5197/5011/1783 5196/5010/1788 5611/5425/1893
f 4899/4713/1698 5203/5017/1780 5202/5016/1779 4900/4714/1699
f 5607/5421/1892 5206/5020/1783 5205/5019/1782 5608/5422/1893
f 4887/4701/1698 5212/5026/1787 5211/5025/1779 4888/4702/1699
f 5604/5418/1892 5215/5029/1783 5214/5028/1782 5605/5419/1893
f 4881/4695/1693 5221/5035/1791 5220/5034/1790 4882/4696/1692
f 5601/5415/1889 5224/5038/1794 5223/5037/1793 5602/5416/1890
f 4869/4683/1691 5230/5044/1791 5229/5043/1790 4870/4684/1692
f 5598/5412/1889 5233/5047/1794 5232/5046/1793 5599/5413/1890
f 4857/4671/1691 5239/5053/1791 5238/5052/1790 4858/4672/1692
f 5595/5409/1889 5242/5056/1794 5241/5055/1793 5596/5410/1890
f 4845/4659/1691 5248/5062/1791 5247/5061/1790 4846/4660/1692
f 5592/5406/1889 5251/5065/1794 5250/5064/1793 5593/5407/1890
f 4827/4641/1672 5257/5071/1800 5256/5070/1799 4828/4642/1673
f 5589/5403/1885 5260/5074/1803 5259/5073/1802 5590/5404/1886
f 4815/4629/1672 5266/5080/1800 5265/5079/1799 4816/4630/1673
f 5586/5400/1885 5269/5083/1807 5268/5082/1802 5587/5401/1886
f 4803/4617/1672 5275/5089/1800 5274/5088/1799 4804/4618/1673
f 5583/5397/1885 5278/5092/1807 5277/5091/1802 5584/5398/1887
f 4791/4605/1672 5284/5098/1800 5283/5097/1799 4792/4606/1673
f 5580/5394/1885 5287/5101/1807 5286/5100/1802 5581/5395/1886
f 4785/4599/1666 5293/5107/1811 5292/5106/1810 4786/4600/1667
f 5577/5391/1882 5296/5110/1814 5295/5109/1813 5578/5392/1883
f 4773/4587/1666 5302/5116/1811 5301/5115/1810 4774/4588/1667
f 5574/5388/1882 5305/5119/1814 5304/5118/1813 5575/5389/1883
f 4761/4575/1666 5311/5125/1811 5310/5124/1810 4762/4576/1667
f 5571/5385/1882 5314/5128/1814 5313/5127/1813 5572/5386/1883
f 4749/4563/1666 5320/5134/1811 5319/5133/1810 4750/4564/1667
f 5568/5382/1882 5323/5137/1814 5322/5136/1813 5569/5383/1883
f 4731/4545/1647 5329/5143/1820 5328/5142/1819 4732/4546/1648
f 5565/5379/1879 5332/5146/1823 5331/5145/1822 5566/5380/1880
f 4719/4533/1655 5338/5152/1820 5337/5151/1819 4720/4534/1648
f 5562/5376/1879 5341/5155/1823 5340/5154/1822 5563/5377/1880
f 4707/4521/1647 5347/5161/1820 5346/5160/1819 4708/4522/1648
f 5559/5373/1879 5350/5164/1823 5349/5163/1822 5560/5374/1880
f 4695/4509/1647 5356/5170/1820 5355/5169/1819 4696/4510/1648
f 5556/5370/1879 5359/5173/1823 5358/5172/1822 5557/5371/1880
f 4689/4503/1642 5365/5179/1829 5364/5178/1828 4690/4504/1640
f 5553/5367/1875 5368/5182/1832 5367/5181/1831 5554/5368/1876
f 4677/4491/1639 5374/5188/1829 5373/5187/1828 4678/4492/1640
f 5550/5364/1875 5377/5191/1832 5376/5190/1831 5551/5365/1877
f 4665/4479/1639 5383/5197/1829 5382/5196/1828 4666/4480/1640
f 5547/5361/1875 5386/5200/1832 5385/5199/1831 5548/5362/1876
f 4653/4467/1639 5392/5206/1829 5391/5205/1828 4654/4468/1640
f 5544/5358/1875 5395/5209/1832 5394/5208/1831 5545/5359/1876
f 4635/4449/1621 5401/5215/1838 5400/5214/1837 4636/4450/1622
f 5541/5355/1872 5404/5218/1841 5403/5217/1840 5542/5356/1873
f 4623/4437/1621 5410/5224/1838 5409/5223/1837 4624/4438/1622
f 5538/5352/1872 5413/5227/1841 5412/5226/1840 5539/5353/1873
f 4611/4425/1621 5419/5233/1838 5418/5232/1837 4612/4426/1622
f 5535/5349/1872 5422/5236/1841 5421/5235/1840 5536/5350/1873
f 4599/4413/1621 5428/5242/1838 5427/5241/1837 4600/4414/1622
f 5532/5346/1872 5431/5245/1841 5430/5244/1840 5533/5347/1873
f 4593/4407/1615 5437/5251/1848 5436/5250/1847 4594/4408/1616
f 5529/5343/1868 5440/5254/1851 5439/5253/1850 5530/5344/1870
f 4581/4395/1615 5446/5260/1848 5445/5259/1847 4582/4396/1616
f 5526/5340/1868 5449/5263/1851 5448/5262/1850 5527/5341/1869
f 4569/4383/1615 5455/5269/1848 5454/5268/1847 4570/4384/1616
f 5523/5337/1868 5458/5272/1851 5457/5271/1850 5524/5338/1870
f 4557/4371/1615 5464/5278/1848 5463/5277/1847 4558/4372/1616
f 5520/5334/1868 5467/5281/1851 5466/5280/1850 5521/5335/1869
f 5508/5322/1865 5473/5287/1857 5472/5286/1856 5509/5323/1866
f 4509/4323/1603 5476/5290/1860 5475/5289/1859 4510/4324/1604
f 5511/5325/1865 5482/5296/1857 5481/5295/1856 5512/5326/1866
f 4521/4335/1603 5485/5299/1860 5484/5298/1859 4522/4336/1604
f 5514/5328/1865 5491/5305/1857 5490/5304/1856 5515/5329/1866
f 4533/4347/1603 5494/5308/1860 5493/5307/1859 4534/4348/1604
f 5517/5331/1865 5500/5314/1857 5499/5313/1856 5518/5332/1866
f 4545/4359/1603 5503/5317/1860 5502/5316/1859 4546/4360/1604
f 3925/3739/1432 3460/3342/1303 3459/3341/1302 3923/3737/1430
f 3926/3740/1433 3464/3344/1177 3466/3346/1179 3927/3741/1434
f 3931/3745/1432 3470/3348/1303 3469/3347/1302 3929/3743/1430
f 3932/3746/1433 3474/3350/1177 3476/3352/1179 3933/3747/1434
f 3937/3751/1432 3480/3354/1303 3479/3353/1302 3935/3749/1430
f 3938/3752/1433 3484/3356/1177 3486/3358/1179 3939/3753/1434
f 3943/3757/1432 3490/3360/1303 3489/3359/1302 3941/3755/1430
f 3944/3758/1433 3149/3033/1177 3151/3035/1179 3945/3759/1434
f 3947/3761/1436 3492/3362/1305 3494/3364/1307 3948/3762/1437
f 3952/3766/1441 3496/3366/1187 3495/3365/1186 3950/3764/1439
f 3953/3767/1436 3498/3368/1305 3500/3370/1307 3954/3768/1437
f 3958/3772/1441 3502/3372/1187 3501/3371/1186 3956/3770/1439
f 3959/3773/1436 3504/3374/1305 3506/3376/1307 3960/3774/1437
f 3964/3778/1441 3508/3378/1187 3507/3377/1186 3962/3776/1439
f 3965/3779/1436 3510/3380/1305 3512/3382/1308 3966/3780/1437
f 3970/3784/1441 3177/3061/1187 3176/3060/1186 3968/3782/1439
f 3973/3787/1444 3514/3384/1310 3513/3383/1309 3971/3785/1442
f 3974/3788/1445 3516/3386/1196 3518/3388/1198 3975/3789/1446
f 3979/3793/1444 3520/3390/1310 3519/3389/1309 3977/3791/1448
f 3980/3794/1445 3522/3392/1196 3524/3394/1198 3981/3795/1446
f 3985/3799/1444 3526/3396/1310 3525/3395/1309 3983/3797/1448
f 3986/3800/1445 3528/3398/1196 3530/3400/1198 3987/3801/1446
f 3991/3805/1444 3532/3402/1310 3531/3401/1309 3989/3803/1448
f 3992/3806/1445 3203/3087/1196 3205/3089/1198 3993/3807/1446
f 3995/3809/1450 3540/3404/1312 3542/3406/1314 3996/3810/1451
f 4000/3814/1455 3546/3408/1316 3545/3407/1315 3998/3812/1453
f 4001/3815/1450 3550/3410/1312 3552/3412/1317 4002/3816/1451
f 4006/3820/1455 3556/3414/1316 3555/3413/1315 4004/3818/1453
f 4007/3821/1450 3560/3416/1312 3562/3418/1317 4008/3822/1451
f 4012/3826/1455 3566/3420/1316 3565/3419/1315 4010/3824/1453
f 4013/3827/1450 3570/3422/1312 3572/3424/1317 4014/3828/1451
f 4018/3832/1455 3231/3115/1207 3230/3114/1206 4016/3830/1453
f 4021/3835/1459 3583/3435/1328 3582/3434/1327 4019/3833/1457
f 4022/3836/1460 3590/3442/1216 3592/3444/1218 4023/3837/1461
f 4027/3841/1459 3599/3451/1328 3598/3450/1335 4025/3839/1457
f 4028/3842/1463 3606/3458/1216 3608/3460/1218 4029/3843/1461
f 4033/3847/1459 3615/3467/1328 3614/3466/1327 4031/3845/1457
f 4034/3848/1463 3622/3474/1216 3624/3476/1218 4035/3849/1461
f 4039/3853/1459 3631/3483/1328 3630/3482/1335 4037/3851/1457
f 4040/3854/1463 3257/3141/1216 3259/3143/1218 4041/3855/1465
f 4043/3857/1466 3642/3494/1345 3644/3496/1347 4044/3858/1467
f 4048/3862/1471 3651/3503/1231 3650/3502/1230 4046/3860/1469
f 4049/3863/1466 3658/3510/1345 3660/3512/1347 4050/3864/1467
f 4054/3868/1471 3667/3519/1231 3666/3518/1230 4052/3866/1469
f 4055/3869/1466 3674/3526/1345 3676/3528/1347 4056/3870/1467
f 4060/3874/1471 3683/3535/1231 3682/3534/1230 4058/3872/1469
f 4061/3875/1466 3690/3542/1353 3692/3544/1347 4062/3876/1467
f 4066/3880/1471 3285/3169/1231 3284/3168/1230 4064/3878/1469
f 4069/3883/1475 3704/3554/1363 3703/3553/1362 4067/3881/1473
f 4070/3884/1476 3708/3556/1365 3710/3558/1242 4071/3885/1477
f 4075/3889/1475 3714/3560/1363 3713/3559/1362 4073/3887/1473
f 4076/3890/1480 3718/3562/1240 3720/3564/1242 4077/3891/1477
f 4081/3895/1475 3724/3566/1363 3723/3565/1362 4079/3893/1481
f 4082/3896/1480 3728/3568/1240 3730/3570/1242 4083/3897/1477
f 4087/3901/1475 3734/3572/1363 3733/3571/1362 4085/3899/1473
f 4088/3902/1480 3311/3195/1240 3313/3197/1242 4089/3903/1477
f 4091/3905/1482 3742/3574/1366 3744/3576/1368 4092/3906/1483
f 4096/3910/1487 3751/3583/1251 3750/3582/1374 4094/3908/1485
f 4097/3911/1488 3758/3590/1366 3760/3592/1368 4098/3912/1483
f 4102/3916/1487 3767/3599/1251 3766/3598/1381 4100/3914/1485
f 4103/3917/1482 3774/3606/1366 3776/3608/1368 4104/3918/1483
f 4108/3922/1487 3783/3615/1382 3782/3614/1374 4106/3920/1485
f 4109/3923/1482 3790/3622/1366 3792/3624/1368 4110/3924/1483
f 4114/3928/1487 3339/3223/1251 3338/3222/1250 4112/3926/1485
f 4117/3931/1492 3798/3630/1388 3797/3629/1387 4115/3929/1490
f 4118/3932/1493 3800/3632/1259 3802/3634/1261 4119/3933/1494
f 4123/3937/1496 3804/3636/1388 3803/3635/1387 4121/3935/1490
f 4124/3938/1493 3806/3638/1259 3808/3640/1261 4125/3939/1494
f 4129/3943/1496 3810/3642/1388 3809/3641/1387 4127/3941/1490
f 4130/3944/1493 3812/3644/1259 3814/3646/1261 4131/3945/1494
f 4135/3949/1496 3821/3653/1388 3820/3652/1387 4133/3947/1490
f 4136/3950/1493 3365/3249/1259 3367/3251/1261 4137/3951/1494
f 4139/3953/1497 3828/3660/1401 3830/3662/1403 4140/3954/1498
f 4144/3958/1502 3837/3669/1409 3836/3668/1271 4142/3956/1500
f 4145/3959/1503 3839/3671/1401 3841/3673/1410 4146/3960/1498
f 4150/3964/1502 3843/3675/1272 3842/3674/1271 4148/3962/1500
f 4151/3965/1503 3845/3677/1401 3847/3679/1410 4152/3966/1498
f 4156/3970/1502 3849/3681/1272 3848/3680/1271 4154/3968/1500
f 4157/3971/1503 3851/3683/1401 3853/3685/1410 4158/3972/1498
f 4162/3976/1502 3393/3277/1272 3392/3276/1271 4160/3974/1500
f 4165/3979/1506 3864/3696/1421 3863/3695/1420 4163/3977/1504
f 4166/3980/1507 3866/3698/1282 3868/3700/1423 4167/3981/1508
f 4171/3985/1506 3870/3702/1421 3869/3701/1420 4169/3983/1504
f 4172/3986/1507 3872/3704/1282 3874/3706/1423 4173/3987/1510
f 4177/3991/1506 3876/3708/1421 3875/3707/1420 4175/3989/1504
f 4178/3992/1507 3878/3710/1282 3880/3712/1423 4179/3993/1510
f 4183/3997/1506 3882/3714/1421 3881/3713/1420 4181/3995/1504
f 4184/3998/1507 3419/3303/1282 3421/3305/1284 4185/3999/1508
f 4187/4001/1511 3890/3716/1424 3892/3718/1426 4188/4002/1512
f 4192/4006/1516 3896/3720/1292 3895/3719/1291 4190/4004/1514
f 4193/4007/1511 3900/3722/1428 3902/3724/1426 4194/4008/1512
f 4198/4012/1516 3906/3726/1292 3905/3725/1291 4196/4010/1514
f 4199/4013/1511 3910/3728/1428 3912/3730/1426 4200/4014/1512
f 4204/4018/1516 3916/3732/1429 3915/3731/1291 4202/4016/1514
f 4205/4019/1511 3920/3734/1428 3922/3736/1426 4206/4020/1512
f 4210/4024/1516 3447/3331/1292 3446/3330/1291 4208/4022/1514
f 4213/4027/1519 3126/3010/1172 3125/3009/1171 4211/4025/1517
f 4214/4028/1520 3461/3343/1304 3460/3342/1303 4215/4029/1521
f 4219/4033/1519 3132/3016/1172 3131/3015/1171 4217/4031/1517
f 4220/4034/1520 3471/3349/1304 3470/3348/1303 4221/4035/1521
f 4225/4039/1519 3138/3022/1172 3137/3021/1171 4223/4037/1517
f 4226/4040/1520 3481/3355/1304 3480/3354/1303 4227/4041/1521
f 4231/4045/1519 3144/3028/1172 3143/3027/1171 4229/4043/1517
f 4232/4046/1520 3491/3361/1304 3490/3360/1303 4233/4047/1521
f 4237/4051/1525 3922/3736/1426 3921/3735/1425 4235/4049/1523
f 4238/4052/1526 3440/3324/1285 3442/3326/1287 4239/4053/1527
f 4243/4057/1525 3912/3730/1426 3911/3729/1425 4241/4055/1523
f 4244/4058/1526 3434/3318/1285 3436/3320/1287 4245/4059/1527
f 4249/4063/1525 3902/3724/1426 3901/3723/1425 4247/4061/1523
f 4250/4064/1526 3428/3312/1285 3430/3314/1287 4251/4065/1527
f 4255/4069/1525 3892/3718/1426 3891/3717/1425 4253/4067/1523
f 4256/4070/1526 3422/3306/1285 3424/3308/1287 4257/4071/1527
f 4261/4075/1531 3421/3305/1284 3420/3304/1283 4259/4073/1529
f 4262/4076/1532 3416/3300/1281 3418/3302/1279 4263/4077/1533
f 4267/4081/1531 3880/3712/1423 3879/3711/1283 4265/4079/1529
f 4268/4082/1532 3410/3294/1277 3412/3296/1279 4269/4083/1533
f 4273/4087/1531 3874/3706/1423 3873/3705/1283 4271/4085/1529
f 4274/4088/1532 3404/3288/1277 3406/3290/1279 4275/4089/1533
f 4279/4093/1531 3868/3700/1423 3867/3699/1283 4277/4091/1529
f 4280/4094/1532 3398/3282/1277 3400/3284/1279 4281/4095/1533
f 4285/4099/1537 3853/3685/1410 3852/3684/1402 4283/4097/1535
f 4286/4100/1538 3386/3270/1262 3388/3272/1268 4287/4101/1539
f 4291/4105/1537 3847/3679/1410 3846/3678/1402 4289/4103/1535
f 4292/4106/1538 3380/3264/1262 3382/3266/1268 4293/4107/1539
f 4297/4111/1537 3841/3673/1410 3840/3672/1402 4295/4109/1535
f 4298/4112/1538 3374/3258/1262 3376/3260/1268 4299/4113/1539
f 4303/4117/1537 3830/3662/1403 3829/3661/1402 4301/4115/1535
f 4304/4118/1538 3368/3252/1262 3370/3254/1264 4305/4119/1539
f 4309/4123/1543 3367/3251/1261 3366/3250/1260 4307/4121/1541
f 4310/4124/1544 3362/3246/1256 3364/3248/1258 4311/4125/1545
f 4315/4129/1543 3814/3646/1261 3813/3645/1260 4313/4127/1541
f 4316/4130/1544 3356/3240/1256 3358/3242/1258 4317/4131/1545
f 4321/4135/1543 3808/3640/1261 3807/3639/1260 4319/4133/1541
f 4322/4136/1544 3350/3234/1256 3352/3236/1258 4323/4137/1545
f 4327/4141/1543 3802/3634/1261 3801/3633/1260 4325/4139/1541
f 4328/4142/1544 3344/3228/1256 3346/3230/1258 4329/4143/1545
f 4333/4147/1551 3792/3624/1368 3791/3623/1367 4331/4145/1549
f 4334/4148/1552 3332/3216/1243 3334/3218/1245 4335/4149/1553
f 4339/4153/1551 3776/3608/1368 3775/3607/1380 4337/4151/1549
f 4340/4154/1552 3326/3210/1249 3328/3212/1245 4341/4155/1553
f 4345/4159/1551 3760/3592/1368 3759/3591/1380 4343/4157/1549
f 4346/4160/1552 3320/3204/1243 3322/3206/1245 4347/4161/1553
f 4351/4165/1551 3744/3576/1368 3743/3575/1367 4349/4163/1549
f 4352/4166/1552 3314/3198/1243 3316/3200/1245 4353/4167/1553
f 4357/4171/1557 3313/3197/1242 3312/3196/1241 4355/4169/1555
f 4358/4172/1558 3308/3192/1236 3310/3194/1238 4359/4173/1559
f 4363/4177/1557 3730/3570/1242 3729/3569/1241 4361/4175/1555
f 4364/4178/1558 3302/3186/1236 3304/3188/1238 4365/4179/1559
f 4369/4183/1557 3720/3564/1242 3719/3563/1241 4367/4181/1555
f 4370/4184/1558 3296/3180/1236 3298/3182/1238 4371/4185/1559
f 4375/4189/1557 3710/3558/1242 3709/3557/1241 4373/4187/1555
f 4376/4190/1558 3290/3174/1236 3292/3176/1238 4377/4191/1559
f 4381/4195/1563 3692/3544/1347 3691/3543/1346 4379/4193/1561
f 4382/4196/1564 3278/3162/1219 3280/3164/1229 4383/4197/1565
f 4387/4201/1563 3676/3528/1347 3675/3527/1346 4385/4199/1561
f 4388/4202/1564 3272/3156/1219 3274/3158/1221 4389/4203/1565
f 4393/4207/1563 3660/3512/1347 3659/3511/1346 4391/4205/1561
f 4394/4208/1564 3266/3150/1219 3268/3152/1221 4395/4209/1565
f 4399/4213/1563 3644/3496/1347 3643/3495/1346 4397/4211/1561
f 4400/4214/1564 3260/3144/1219 3262/3146/1221 4401/4215/1565
f 4405/4219/1569 3259/3143/1218 3258/3142/1217 4403/4217/1567
f 4406/4220/1570 3254/3138/1212 3256/3140/1214 4407/4221/1571
f 4411/4225/1569 3624/3476/1218 3623/3475/1217 4409/4223/1567
f 4412/4226/1570 3248/3132/1212 3250/3134/1214 4413/4227/1571
f 4417/4231/1569 3608/3460/1218 3607/3459/1217 4415/4229/1567
f 4418/4232/1570 3242/3126/1212 3244/3128/1214 4419/4233/1571
f 4423/4237/1569 3592/3444/1218 3591/3443/1217 4421/4235/1567
f 4424/4238/1570 3236/3120/1212 3238/3122/1214 4425/4239/1571
f 4429/4243/1575 3572/3424/1317 3571/3423/1313 4427/4241/1573
f 4430/4244/1576 3224/3108/1199 3226/3110/1201 4431/4245/1577
f 4435/4249/1575 3562/3418/1317 3561/3417/1313 4433/4247/1573
f 4436/4250/1576 3218/3102/1199 3220/3104/1201 4437/4251/1577
f 4441/4255/1575 3552/3412/1317 3551/3411/1313 4439/4253/1573
f 4442/4256/1576 3212/3096/1199 3214/3098/1201 4443/4257/1577
f 4447/4261/1575 3542/3406/1314 3541/3405/1313 4445/4259/1573
f 4448/4262/1576 3206/3090/1199 3208/3092/1201 4449/4263/1577
f 4453/4267/1581 3205/3089/1198 3204/3088/1197 4451/4265/1579
f 4454/4268/1582 3200/3084/1192 3202/3086/1194 4455/4269/1583
f 4459/4273/1581 3530/3400/1198 3529/3399/1197 4457/4271/1585
f 4460/4274/1586 3194/3078/1192 3196/3080/1194 4461/4275/1583
f 4465/4279/1581 3524/3394/1198 3523/3393/1197 4463/4277/1579
f 4466/4280/1586 3188/3072/1192 3190/3074/1194 4467/4281/1583
f 4471/4285/1581 3518/3388/1198 3517/3387/1197 4469/4283/1579
f 4472/4286/1586 3182/3066/1192 3184/3068/1194 4473/4287/1583
f 4477/4291/1589 3512/3382/1308 3511/3381/1306 4475/4289/1587
f 4478/4292/1590 3170/3054/1180 3172/3056/1182 4479/4293/1591
f 4483/4297/1589 3506/3376/1307 3505/3375/1306 4481/4295/1587
f 4484/4298/1590 3164/3048/1180 3166/3050/1182 4485/4299/1591
f 4489/4303/1589 3500/3370/1307 3499/3369/1306 4487/4301/1587
f 4490/4304/1590 3158/3042/1180 3160/3044/1182 4491/4305/1591
f 4495/4309/1589 3494/3364/1307 3493/3363/1306 4493/4307/1587
f 4496/4310/1590 3152/3036/1180 3154/3038/1182 4497/4311/1591
f 3126/3010/1172 3925/3739/1432 3924/3738/1431 3127/3011/1173
f 3128/3012/1174 3928/3742/1435 3927/3741/1434 3129/3013/1175
f 3132/3016/1172 3931/3745/1432 3930/3744/1431 3133/3017/1173
f 3134/3018/1174 3934/3748/1435 3933/3747/1434 3135/3019/1175
f 3138/3022/1172 3937/3751/1432 3936/3750/1431 3139/3023/1173
f 3140/3024/1174 3940/3754/1435 3939/3753/1434 3141/3025/1175
f 3144/3028/1172 3943/3757/1432 3942/3756/1431 3145/3029/1173
f 3146/3030/1174 3946/3760/1435 3945/3759/1434 3147/3031/1175
f 3153/3037/1181 3949/3763/1438 3948/3762/1437 3154/3038/1182
f 3157/3041/1185 3952/3766/1441 3951/3765/1440 3155/3039/1183
f 3159/3043/1181 3955/3769/1438 3954/3768/1437 3160/3044/1182
f 3163/3047/1185 3958/3772/1441 3957/3771/1440 3161/3045/1183
f 3165/3049/1181 3961/3775/1438 3960/3774/1437 3166/3050/1182
f 3169/3053/1185 3964/3778/1441 3963/3777/1440 3167/3051/1183
f 3171/3055/1181 3967/3781/1438 3966/3780/1437 3172/3056/1182
f 3175/3059/1185 3970/3784/1441 3969/3783/1440 3173/3057/1183
f 3181/3065/1191 3973/3787/1444 3972/3786/1443 3179/3063/1189
f 3183/3067/1193 3976/3790/1447 3975/3789/1446 3184/3068/1194
f 3187/3071/1191 3979/3793/1444 3978/3792/1449 3185/3069/1189
f 3189/3073/1195 3982/3796/1447 3981/3795/1446 3190/3074/1194
f 3193/3077/1191 3985/3799/1444 3984/3798/1443 3191/3075/1189
f 3195/3079/1193 3988/3802/1447 3987/3801/1446 3196/3080/1194
f 3199/3083/1191 3991/3805/1444 3990/3804/1443 3197/3081/1189
f 3201/3085/1193 3994/3808/1447 3993/3807/1446 3202/3086/1194
f 3207/3091/1200 3997/3811/1452 3996/3810/1451 3208/3092/1201
f 3211/3095/1204 4000/3814/1455 3999/3813/1454 3209/3093/1202
f 3213/3097/1200 4003/3817/1452 4002/3816/1451 3214/3098/1201
f 3217/3101/1204 4006/3820/1455 4005/3819/1454 3215/3099/1205
f 3219/3103/1200 4009/3823/1452 4008/3822/1451 3220/3104/1201
f 3223/3107/1204 4012/3826/1455 4011/3825/1456 3221/3105/1202
f 3225/3109/1200 4015/3829/1452 4014/3828/1451 3226/3110/1201
f 3229/3113/1204 4018/3832/1455 4017/3831/1454 3227/3111/1205
f 3235/3119/1211 4021/3835/1459 4020/3834/1458 3233/3117/1209
f 3237/3121/1213 4024/3838/1462 4023/3837/1461 3238/3122/1214
f 3241/3125/1211 4027/3841/1459 4026/3840/1458 3239/3123/1209
f 3243/3127/1213 4030/3844/1464 4029/3843/1461 3244/3128/1214
f 3247/3131/1211 4033/3847/1459 4032/3846/1458 3245/3129/1209
f 3249/3133/1213 4036/3850/1462 4035/3849/1461 3250/3134/1214
f 3253/3137/1211 4039/3853/1459 4038/3852/1458 3251/3135/1215
f 3255/3139/1213 4042/3856/1464 4041/3855/1465 3256/3140/1214
f 3261/3145/1220 4045/3859/1468 4044/3858/1467 3262/3146/1221
f 3265/3149/1224 4048/3862/1471 4047/3861/1470 3263/3147/1222
f 3267/3151/1225 4051/3865/1468 4050/3864/1467 3268/3152/1221
f 3271/3155/1224 4054/3868/1471 4053/3867/1470 3269/3153/1222
f 3273/3157/1227 4057/3871/1468 4056/3870/1467 3274/3158/1221
f 3277/3161/1224 4060/3874/1471 4059/3873/1470 3275/3159/1222
f 3279/3163/1228 4063/3877/1472 4062/3876/1467 3280/3164/1229
f 3283/3167/1224 4066/3880/1471 4065/3879/1470 3281/3165/1222
f 3289/3173/1235 4069/3883/1475 4068/3882/1474 3287/3171/1233
f 3291/3175/1237 4072/3886/1478 4071/3885/1477 3292/3176/1238
f 3295/3179/1235 4075/3889/1475 4074/3888/1479 3293/3177/1239
f 3297/3181/1237 4078/3892/1478 4077/3891/1477 3298/3182/1238
f 3301/3185/1235 4081/3895/1475 4080/3894/1474 3299/3183/1233
f 3303/3187/1237 4084/3898/1478 4083/3897/1477 3304/3188/1238
f 3307/3191/1235 4087/3901/1475 4086/3900/1474 3305/3189/1233
f 3309/3193/1237 4090/3904/1478 4089/3903/1477 3310/3194/1238
f 3315/3199/1244 4093/3907/1484 4092/3906/1483 3316/3200/1245
f 3319/3203/1248 4096/3910/1487 4095/3909/1486 3317/3201/1246
f 3321/3205/1244 4099/3913/1489 4098/3912/1483 3322/3206/1245
f 3325/3209/1248 4102/3916/1487 4101/3915/1486 3323/3207/1246
f 3327/3211/1244 4105/3919/1489 4104/3918/1483 3328/3212/1245
f 3331/3215/1248 4108/3922/1487 4107/3921/1486 3329/3213/1246
f 3333/3217/1244 4111/3925/1484 4110/3924/1483 3334/3218/1245
f 3337/3221/1248 4114/3928/1487 4113/3927/1486 3335/3219/1246
f 3343/3227/1255 4117/3931/1492 4116/3930/1491 3341/3225/1253
f 3345/3229/1257 4120/3934/1495 4119/3933/1494 3346/3230/1258
f 3349/3233/1255 4123/3937/1496 4122/3936/1491 3347/3231/1253
f 3351/3235/1257 4126/3940/1495 4125/3939/1494 3352/3236/1258
f 3355/3239/1255 4129/3943/1496 4128/3942/1491 3353/3237/1253
f 3357/3241/1257 4132/3946/1495 4131/3945/1494 3358/3242/1258
f 3361/3245/1255 4135/3949/1496 4134/3948/1491 3359/3243/1253
f 3363/3247/1257 4138/3952/1495 4137/3951/1494 3364/3248/1258
f 3369/3253/1263 4141/3955/1499 4140/3954/1498 3370/3254/1264
f 3373/3257/1267 4144/3958/1502 4143/3957/1501 3371/3255/1265
f 3375/3259/1263 4147/3961/1499 4146/3960/1498 3376/3260/1268
f 3379/3263/1267 4150/3964/1502 4149/3963/1501 3377/3261/1265
f 3381/3265/1263 4153/3967/1499 4152/3966/1498 3382/3266/1268
f 3385/3269/1269 4156/3970/1502 4155/3969/1501 3383/3267/1265
f 3387/3271/1263 4159/3973/1499 4158/3972/1498 3388/3272/1268
f 3391/3275/1270 4162/3976/1502 4161/3975/1501 3389/3273/1265
f 3397/3281/1276 4165/3979/1506 4164/3978/1505 3395/3279/1274
f 3399/3283/1278 4168/3982/1509 4167/3981/1508 3400/3284/1279
f 3403/3287/1276 4171/3985/1506 4170/3984/1505 3401/3285/1274
f 3405/3289/1278 4174/3988/1509 4173/3987/1510 3406/3290/1279
f 3409/3293/1276 4177/3991/1506 4176/3990/1505 3407/3291/1274
f 3411/3295/1278 4180/3994/1509 4179/3993/1510 3412/3296/1279
f 3415/3299/1276 4183/3997/1506 4182/3996/1505 3413/3297/1280
f 3417/3301/1278 4186/4000/1509 4185/3999/1508 3418/3302/1279
f 3423/3307/1286 4189/4003/1513 4188/4002/1512 3424/3308/1287
f 3427/3311/1290 4192/4006/1516 4191/4005/1515 3425/3309/1288
f 3429/3313/1286 4195/4009/1513 4194/4008/1512 3430/3314/1287
f 3433/3317/1290 4198/4012/1516 4197/4011/1515 3431/3315/1288
f 3435/3319/1286 4201/4015/1513 4200/4014/1512 3436/3320/1287
f 3439/3323/1290 4204/4018/1516 4203/4017/1515 3437/3321/1288
f 3441/3325/1286 4207/4021/1513 4206/4020/1512 3442/3326/1287
f 3445/3329/1290 4210/4024/1516 4209/4023/1515 3443/3327/1288
f 3447/3331/1292 4213/4027/1519 4212/4026/1518 3448/3332/1293
f 3444/3328/1289 4216/4030/1522 4215/4029/1521 3445/3329/1290
f 3916/3732/1429 4219/4033/1519 4218/4032/1518 3917/3733/1293
f 3438/3322/1289 4222/4036/1522 4221/4035/1521 3439/3323/1290
f 3906/3726/1292 4225/4039/1519 4224/4038/1518 3907/3727/1293
f 3432/3316/1289 4228/4042/1522 4227/4041/1521 3433/3317/1290
f 3896/3720/1292 4231/4045/1519 4230/4044/1518 3897/3721/1427
f 3426/3310/1289 4234/4048/1522 4233/4047/1521 3427/3311/1290
f 3882/3714/1421 4237/4051/1525 4236/4050/1524 3883/3715/1422
f 3414/3298/1275 4240/4054/1528 4239/4053/1527 3415/3299/1276
f 3876/3708/1421 4243/4057/1525 4242/4056/1524 3877/3709/1422
f 3408/3292/1275 4246/4060/1528 4245/4059/1527 3409/3293/1276
f 3870/3702/1421 4249/4063/1525 4248/4062/1524 3871/3703/1422
f 3402/3286/1275 4252/4066/1528 4251/4065/1527 3403/3287/1276
f 3864/3696/1421 4255/4069/1525 4254/4068/1524 3865/3697/1422
f 3396/3280/1275 4258/4072/1528 4257/4071/1527 3397/3281/1276
f 3393/3277/1272 4261/4075/1531 4260/4074/1530 3394/3278/1273
f 3390/3274/1266 4264/4078/1534 4263/4077/1533 3391/3275/1270
f 3849/3681/1272 4267/4081/1531 4266/4080/1530 3850/3682/1273
f 3384/3268/1266 4270/4084/1534 4269/4083/1533 3385/3269/1269
f 3843/3675/1272 4273/4087/1531 4272/4086/1530 3844/3676/1273
f 3378/3262/1266 4276/4090/1534 4275/4089/1533 3379/3263/1267
f 3837/3669/1409 4279/4093/1531 4278/4092/1530 3838/3670/1273
f 3372/3256/1266 4282/4096/1534 4281/4095/1533 3373/3257/1267
f 3821/3653/1388 4285/4099/1537 4284/4098/1536 3822/3654/1389
f 3360/3244/1254 4288/4102/1540 4287/4101/1539 3361/3245/1255
f 3810/3642/1388 4291/4105/1537 4290/4104/1536 3811/3643/1390
f 3354/3238/1254 4294/4108/1540 4293/4107/1539 3355/3239/1255
f 3804/3636/1388 4297/4111/1537 4296/4110/1536 3805/3637/1389
f 3348/3232/1254 4300/4114/1540 4299/4113/1539 3349/3233/1255
f 3798/3630/1388 4303/4117/1537 4302/4116/1536 3799/3631/1389
f 3342/3226/1254 4306/4120/1540 4305/4119/1539 3343/3227/1255
f 3339/3223/1251 4309/4123/1543 4308/4122/1542 3340/3224/1252
f 3336/3220/1247 4312/4126/1546 4311/4125/1545 3337/3221/1248
f 3783/3615/1382 4315/4129/1543 4314/4128/1547 3784/3616/1252
f 3330/3214/1247 4318/4132/1546 4317/4131/1545 3331/3215/1248
f 3767/3599/1251 4321/4135/1543 4320/4134/1542 3768/3600/1252
f 3324/3208/1247 4324/4138/1548 4323/4137/1545 3325/3209/1248
f 3751/3583/1251 4327/4141/1543 4326/4140/1542 3752/3584/1252
f 3318/3202/1247 4330/4144/1548 4329/4143/1545 3319/3203/1248
f 3734/3572/1363 4333/4147/1551 4332/4146/1550 3735/3573/1364
f 3306/3190/1234 4336/4150/1554 4335/4149/1553 3307/3191/1235
f 3724/3566/1363 4339/4153/1551 4338/4152/1550 3725/3567/1364
f 3300/3184/1234 4342/4156/1554 4341/4155/1553 3301/3185/1235
f 3714/3560/1363 4345/4159/1551 4344/4158/1550 3715/3561/1364
f 3294/3178/1234 4348/4162/1554 4347/4161/1553 3295/3179/1235
f 3704/3554/1363 4351/4165/1551 4350/4164/1550 3705/3555/1364
f 3288/3172/1234 4354/4168/1554 4353/4167/1553 3289/3173/1235
f 3285/3169/1231 4357/4171/1557 4356/4170/1556 3286/3170/1232
f 3282/3166/1226 4360/4174/1560 4359/4173/1559 3283/3167/1224
f 3683/3535/1231 4363/4177/1557 4362/4176/1556 3684/3536/1232
f 3276/3160/1226 4366/4180/1560 4365/4179/1559 3277/3161/1224
f 3667/3519/1231 4369/4183/1557 4368/4182/1556 3668/3520/1232
f 3270/3154/1226 4372/4186/1560 4371/4185/1559 3271/3155/1224
f 3651/3503/1231 4375/4189/1557 4374/4188/1556 3652/3504/1232
f 3264/3148/1223 4378/4192/1560 4377/4191/1559 3265/3149/1224
f 3631/3483/1328 4381/4195/1563 4380/4194/1562 3632/3484/1329
f 3252/3136/1210 4384/4198/1566 4383/4197/1565 3253/3137/1211
f 3615/3467/1328 4387/4201/1563 4386/4200/1562 3616/3468/1329
f 3246/3130/1210 4390/4204/1566 4389/4203/1565 3247/3131/1211
f 3599/3451/1328 4393/4207/1563 4392/4206/1562 3600/3452/1329
f 3240/3124/1210 4396/4210/1566 4395/4209/1565 3241/3125/1211
f 3583/3435/1328 4399/4213/1563 4398/4212/1562 3584/3436/1329
f 3234/3118/1210 4402/4216/1566 4401/4215/1565 3235/3119/1211
f 3231/3115/1207 4405/4219/1569 4404/4218/1568 3232/3116/1208
f 3228/3112/1203 4408/4222/1572 4407/4221/1571 3229/3113/1204
f 3566/3420/1316 4411/4225/1569 4410/4224/1568 3567/3421/1208
f 3222/3106/1203 4414/4228/1572 4413/4227/1571 3223/3107/1204
f 3556/3414/1316 4417/4231/1569 4416/4230/1568 3557/3415/1208
f 3216/3100/1203 4420/4234/1572 4419/4233/1571 3217/3101/1204
f 3546/3408/1316 4423/4237/1569 4422/4236/1568 3547/3409/1208
f 3210/3094/1203 4426/4240/1572 4425/4239/1571 3211/3095/1204
f 3532/3402/1310 4429/4243/1575 4428/4242/1574 3533/3403/1311
f 3198/3082/1190 4432/4246/1578 4431/4245/1577 3199/3083/1191
f 3526/3396/1310 4435/4249/1575 4434/4248/1574 3527/3397/1311
f 3192/3076/1190 4438/4252/1578 4437/4251/1577 3193/3077/1191
f 3520/3390/1310 4441/4255/1575 4440/4254/1574 3521/3391/1311
f 3186/3070/1190 4444/4258/1578 4443/4257/1577 3187/3071/1191
f 3514/3384/1310 4447/4261/1575 4446/4260/1574 3515/3385/1311
f 3180/3064/1190 4450/4264/1578 4449/4263/1577 3181/3065/1191
f 3177/3061/1187 4453/4267/1581 4452/4266/1580 3178/3062/1188
f 3174/3058/1184 4456/4270/1584 4455/4269/1583 3175/3059/1185
f 3508/3378/1187 4459/4273/1581 4458/4272/1580 3509/3379/1188
f 3168/3052/1184 4462/4276/1584 4461/4275/1583 3169/3053/1185
f 3502/3372/1187 4465/4279/1581 4464/4278/1580 3503/3373/1188
f 3162/3046/1184 4468/4282/1584 4467/4281/1583 3163/3047/1185
f 3496/3366/1187 4471/4285/1581 4470/4284/1580 3497/3367/1188
f 3156/3040/1184 4474/4288/1584 4473/4287/1583 3157/3041/1185
f 3129/3013/1175 4477/4291/1589 4476/4290/1588 3130/3014/1176
f 3465/3345/1178 4480/4294/1592 4479/4293/1591 3466/3346/1179
f 3135/3019/1175 4483/4297/1589 4482/4296/1588 3136/3020/1176
f 3475/3351/1178 4486/4300/1592 4485/4299/1591 3476/3352/1179
f 3141/3025/1175 4489/4303/1589 4488/4302/1588 3142/3026/1176
f 3485/3357/1178 4492/4306/1592 4491/4305/1591 3486/3358/1179
f 3147/3031/1175 4495/4309/1589 4494/4308/1588 3148/3032/1176
f 3150/3034/1178 4498/4312/1592 4497/4311/1591 3151/3035/1179
f 4501/4315/1977 3924/3738/1431 3923/3737/1430 4499/4313/1978
f 3461/3343/1304 4503/4317/1979 4502/4316/1980 3459/3341/1302
f 4510/4324/1981 3465/3345/1178 3464/3344/1177 4508/4322/1982
f 3928/3742/1435 4506/4320/1983 4505/4319/1984 3926/3740/1433
f 4513/4327/1977 3930/3744/1431 3929/3743/1430 4511/4325/1985
f 3471/3349/1304 4515/4329/1979 4514/4328/1980 3469/3347/1302
f 4522/4336/1981 3475/3351/1178 3474/3350/1177 4520/4334/1982
f 3934/3748/1435 4518/4332/1983 4517/4331/1984 3932/3746/1433
f 4525/4339/1977 3936/3750/1431 3935/3749/1430 4523/4337/1978
f 3481/3355/1304 4527/4341/1979 4526/4340/1980 3479/3353/1302
f 4534/4348/1981 3485/3357/1178 3484/3356/1177 4532/4346/1982
f 3940/3754/1435 4530/4344/1983 4529/4343/1984 3938/3752/1433
f 4537/4351/1977 3942/3756/1431 3941/3755/1430 4535/4349/1978
f 3491/3361/1304 4539/4353/1979 4538/4352/1980 3489/3359/1302
f 4546/4360/1981 3150/3034/1178 3149/3033/1177 4544/4358/1982
f 3946/3760/1435 4542/4356/1983 4541/4355/1984 3944/3758/1433
f 4552/4366/1986 3493/3363/1306 3492/3362/1305 4550/4364/1987
f 3949/3763/1438 4548/4362/1988 4547/4361/1989 3947/3761/1436
f 4555/4369/1990 3951/3765/1440 3950/3764/1439 4553/4367/1991
f 3497/3367/1188 4557/4371/1992 4556/4370/1993 3495/3365/1186
f 4564/4378/1986 3499/3369/1306 3498/3368/1305 4562/4376/1987
f 3955/3769/1438 4560/4374/1988 4559/4373/1989 3953/3767/1436
f 4567/4381/1990 3957/3771/1440 3956/3770/1439 4565/4379/1991
f 3503/3373/1188 4569/4383/1992 4568/4382/1993 3501/3371/1186
f 4576/4390/1986 3505/3375/1306 3504/3374/1305 4574/4388/1987
f 3961/3775/1438 4572/4386/1994 4571/4385/1989 3959/3773/1436
f 4579/4393/1990 3963/3777/1440 3962/3776/1439 4577/4391/1991
f 3509/3379/1188 4581/4395/1992 4580/4394/1993 3507/3377/1186
f 4588/4402/1986 3511/3381/1306 3510/3380/1305 4586/4400/1987
f 3967/3781/1438 4584/4398/1988 4583/4397/1989 3965/3779/1436
f 4591/4405/1990 3969/3783/1440 3968/3782/1439 4589/4403/1991
f 3178/3062/1188 4593/4407/1995 4592/4406/1993 3176/3060/1186
f 4597/4411/1996 3972/3786/1443 3971/3785/1442 4595/4409/1997
f 3515/3385/1311 4599/4413/1998 4598/4412/1999 3513/3383/1309
f 4606/4420/2000 3517/3387/1197 3516/3386/1196 4604/4418/2001
f 3976/3790/1447 4602/4416/2002 4601/4415/2003 3974/3788/1445
f 4609/4423/1996 3978/3792/1449 3977/3791/1448 4607/4421/1997
f 3521/3391/1311 4611/4425/1998 4610/4424/1999 3519/3389/1309
f 4618/4432/2000 3523/3393/1197 3522/3392/1196 4616/4430/2001
f 3982/3796/1447 4614/4428/2002 4613/4427/2003 3980/3794/1445
f 4621/4435/1996 3984/3798/1443 3983/3797/1448 4619/4433/1997
f 3527/3397/1311 4623/4437/1998 4622/4436/1999 3525/3395/1309
f 4630/4444/2000 3529/3399/1197 3528/3398/1196 4628/4442/2001
f 3988/3802/1447 4626/4440/2004 4625/4439/2003 3986/3800/1445
f 4633/4447/1996 3990/3804/1443 3989/3803/1448 4631/4445/1997
f 3533/3403/1311 4635/4449/1998 4634/4448/1999 3531/3401/1309
f 4642/4456/2005 3204/3088/1197 3203/3087/1196 4640/4454/2001
f 3994/3808/1447 4638/4452/2002 4637/4451/2003 3992/3806/1445
f 4648/4462/2006 3541/3405/1313 3540/3404/1312 4646/4460/2007
f 3997/3811/1452 4644/4458/2008 4643/4457/2009 3995/3809/1450
f 4651/4465/2010 3999/3813/1454 3998/3812/1453 4649/4463/2011
f 3547/3409/1208 4653/4467/2012 4652/4466/2013 3545/3407/1315
f 4660/4474/2006 3551/3411/1313 3550/3410/1312 4658/4472/2007
f 4003/3817/1452 4656/4470/2008 4655/4469/2009 4001/3815/1450
f 4663/4477/2010 4005/3819/1454 4004/3818/1453 4661/4475/2011
f 3557/3415/1208 4665/4479/2012 4664/4478/2013 3555/3413/1315
f 4672/4486/2006 3561/3417/1313 3560/3416/1312 4670/4484/2007
f 4009/3823/1452 4668/4482/2008 4667/4481/2009 4007/3821/1450
f 4675/4489/2010 4011/3825/1456 4010/3824/1453 4673/4487/2011
f 3567/3421/1208 4677/4491/2012 4676/4490/2013 3565/3419/1315
f 4684/4498/2006 3571/3423/1313 3570/3422/1312 4682/4496/2007
f 4015/3829/1452 4680/4494/2008 4679/4493/2009 4013/3827/1450
f 4687/4501/2010 4017/3831/1454 4016/3830/1453 4685/4499/2011
f 3232/3116/1208 4689/4503/2012 4688/4502/2013 3230/3114/1206
f 4693/4507/2014 4020/3834/1458 4019/3833/1457 4691/4505/2015
f 3584/3436/1329 4695/4509/2016 4694/4508/2017 3582/3434/1327
f 4702/4516/2018 3591/3443/1217 3590/3442/1216 4700/4514/2019
f 4024/3838/1462 4698/4512/2020 4697/4511/2021 4022/3836/1460
f 4705/4519/2014 4026/3840/1458 4025/3839/1457 4703/4517/2015
f 3600/3452/1329 4707/4521/2016 4706/4520/2017 3598/3450/1335
f 4714/4528/2018 3607/3459/1217 3606/3458/1216 4712/4526/2019
f 4030/3844/1464 4710/4524/2020 4709/4523/2021 4028/3842/1463
f 4717/4531/2014 4032/3846/1458 4031/3845/1457 4715/4529/2015
f 3616/3468/1329 4719/4533/2016 4718/4532/2017 3614/3466/1327
f 4726/4540/2018 3623/3475/1217 3622/3474/1216 4724/4538/2019
f 4036/3850/1462 4722/4536/2020 4721/4535/2021 4034/3848/1463
f 4729/4543/2014 4038/3852/1458 4037/3851/1457 4727/4541/2015
f 3632/3484/1329 4731/4545/2016 4730/4544/2017 3630/3482/1335
f 4738/4552/2018 3258/3142/1217 3257/3141/1216 4736/4550/2019
f 4042/3856/1464 4734/4548/2020 4733/4547/2021 4040/3854/1463
f 4744/4558/2022 3643/3495/1346 3642/3494/1345 4742/4556/2023
f 4045/3859/1468 4740/4554/2024 4739/4553/2025 4043/3857/1466
f 4747/4561/2026 4047/3861/1470 4046/3860/1469 4745/4559/2027
f 3652/3504/1232 4749/4563/2028 4748/4562/2029 3650/3502/1230
f 4756/4570/2022 3659/3511/1346 3658/3510/1345 4754/4568/2023
f 4051/3865/1468 4752/4566/2024 4751/4565/2025 4049/3863/1466
f 4759/4573/2026 4053/3867/1470 4052/3866/1469 4757/4571/2027
f 3668/3520/1232 4761/4575/2028 4760/4574/2029 3666/3518/1230
f 4768/4582/2022 3675/3527/1346 3674/3526/1345 4766/4580/2023
f 4057/3871/1468 4764/4578/2030 4763/4577/2025 4055/3869/1466
f 4771/4585/2026 4059/3873/1470 4058/3872/1469 4769/4583/2027
f 3684/3536/1232 4773/4587/2028 4772/4586/2029 3682/3534/1230
f 4780/4594/2022 3691/3543/1346 3690/3542/1353 4778/4592/2023
f 4063/3877/1472 4776/4590/2024 4775/4589/2025 4061/3875/1466
f 4783/4597/2026 4065/3879/1470 4064/3878/1469 4781/4595/2027
f 3286/3170/1232 4785/4599/2028 4784/4598/2029 3284/3168/1230
f 4789/4603/2031 4068/3882/1474 4067/3881/1473 4787/4601/2032
f 3705/3555/1364 4791/4605/2033 4790/4604/2034 3703/3553/1362
f 4798/4612/2035 3709/3557/1241 3708/3556/1365 4796/4610/2036
f 4072/3886/1478 4794/4608/2037 4793/4607/2038 4070/3884/1476
f 4801/4615/2031 4074/3888/1479 4073/3887/1473 4799/4613/2032
f 3715/3561/1364 4803/4617/2033 4802/4616/2034 3713/3559/1362
f 4810/4624/2035 3719/3563/1241 3718/3562/1240 4808/4622/2036
f 4078/3892/1478 4806/4620/2037 4805/4619/2038 4076/3890/1480
f 4813/4627/2031 4080/3894/1474 4079/3893/1481 4811/4625/2032
f 3725/3567/1364 4815/4629/2033 4814/4628/2034 3723/3565/1362
f 4822/4636/2035 3729/3569/1241 3728/3568/1240 4820/4634/2036
f 4084/3898/1478 4818/4632/2037 4817/4631/2038 4082/3896/1480
f 4825/4639/2031 4086/3900/1474 4085/3899/1473 4823/4637/2032
f 3735/3573/1364 4827/4641/2033 4826/4640/2034 3733/3571/1362
f 4834/4648/2035 3312/3196/1241 3311/3195/1240 4832/4646/2036
f 4090/3904/1478 4830/4644/2037 4829/4643/2038 4088/3902/1480
f 4840/4654/2039 3743/3575/1367 3742/3574/1366 4838/4652/2040
f 4093/3907/1484 4836/4650/2041 4835/4649/2042 4091/3905/1482
f 4843/4657/2043 4095/3909/1486 4094/3908/1485 4841/4655/2044
f 3752/3584/1252 4845/4659/2045 4844/4658/2046 3750/3582/1374
f 4852/4666/2039 3759/3591/1380 3758/3590/1366 4850/4664/2040
f 4099/3913/1489 4848/4662/2047 4847/4661/2048 4097/3911/1488
f 4855/4669/2043 4101/3915/1486 4100/3914/1485 4853/4667/2044
f 3768/3600/1252 4857/4671/2049 4856/4670/2046 3766/3598/1381
f 4864/4678/2039 3775/3607/1380 3774/3606/1366 4862/4676/2040
f 4105/3919/1489 4860/4674/2041 4859/4673/2042 4103/3917/1482
f 4867/4681/2043 4107/3921/1486 4106/3920/1485 4865/4679/2044
f 3784/3616/1252 4869/4683/2049 4868/4682/2046 3782/3614/1374
f 4876/4690/2039 3791/3623/1367 3790/3622/1366 4874/4688/2040
f 4111/3925/1484 4872/4686/2041 4871/4685/2042 4109/3923/1482
f 4879/4693/2043 4113/3927/1486 4112/3926/1485 4877/4691/2044
f 3340/3224/1252 4881/4695/2049 4880/4694/2046 3338/3222/1250
f 4885/4699/2050 4116/3930/1491 4115/3929/1490 4883/4697/2051
f 3799/3631/1389 4887/4701/2052 4886/4700/2053 3797/3629/1387
f 4894/4708/2054 3801/3633/1260 3800/3632/1259 4892/4706/2055
f 4120/3934/1495 4890/4704/2056 4889/4703/2057 4118/3932/1493
f 4897/4711/2050 4122/3936/1491 4121/3935/1490 4895/4709/2051
f 3805/3637/1389 4899/4713/2052 4898/4712/2053 3803/3635/1387
f 4906/4720/2058 3807/3639/1260 3806/3638/1259 4904/4718/2055
f 4126/3940/1495 4902/4716/2056 4901/4715/2059 4124/3938/1493
f 4909/4723/2050 4128/3942/1491 4127/3941/1490 4907/4721/2051
f 3811/3643/1390 4911/4725/2052 4910/4724/2053 3809/3641/1387
f 4918/4732/2054 3813/3645/1260 3812/3644/1259 4916/4730/2055
f 4132/3946/1495 4914/4728/2056 4913/4727/2057 4130/3944/1493
f 4921/4735/2050 4134/3948/1491 4133/3947/1490 4919/4733/2051
f 3822/3654/1389 4923/4737/2052 4922/4736/2053 3820/3652/1387
f 4930/4744/2058 3366/3250/1260 3365/3249/1259 4928/4742/2055
f 4138/3952/1495 4926/4740/2056 4925/4739/2057 4136/3950/1493
f 4936/4750/2060 3829/3661/1402 3828/3660/1401 4934/4748/2061
f 4141/3955/1499 4932/4746/2062 4931/4745/2063 4139/3953/1497
f 4939/4753/2064 4143/3957/1501 4142/3956/1500 4937/4751/2065
f 3838/3670/1273 4941/4755/2066 4940/4754/2067 3836/3668/1271
f 4948/4762/2060 3840/3672/1402 3839/3671/1401 4946/4760/2061
f 4147/3961/1499 4944/4758/2062 4943/4757/2063 4145/3959/1503
f 4951/4765/2064 4149/3963/1501 4148/3962/1500 4949/4763/2068
f 3844/3676/1273 4953/4767/2066 4952/4766/2067 3842/3674/1271
f 4960/4774/2060 3846/3678/1402 3845/3677/1401 4958/4772/2061
f 4153/3967/1499 4956/4770/2062 4955/4769/2063 4151/3965/1503
f 4963/4777/2064 4155/3969/1501 4154/3968/1500 4961/4775/2068
f 3850/3682/1273 4965/4779/2066 4964/4778/2067 3848/3680/1271
f 4972/4786/2060 3852/3684/1402 3851/3683/1401 4970/4784/2061
f 4159/3973/1499 4968/4782/2069 4967/4781/2063 4157/3971/1503
f 4975/4789/2064 4161/3975/1501 4160/3974/1500 4973/4787/2065
f 3394/3278/1273 4977/4791/2066 4976/4790/2067 3392/3276/1271
f 4981/4795/2070 4164/3978/1505 4163/3977/1504 4979/4793/2071
f 3865/3697/1422 4983/4797/2072 4982/4796/2073 3863/3695/1420
f 4990/4804/2074 3867/3699/1283 3866/3698/1282 4988/4802/2075
f 4168/3982/1509 4986/4800/2076 4985/4799/2077 4166/3980/1507
f 4993/4807/2070 4170/3984/1505 4169/3983/1504 4991/4805/2071
f 3871/3703/1422 4995/4809/2078 4994/4808/2073 3869/3701/1420
f 5002/4816/2074 3873/3705/1283 3872/3704/1282 5000/4814/2075
f 4174/3988/1509 4998/4812/2076 4997/4811/2077 4172/3986/1507
f 5005/4819/2070 4176/3990/1505 4175/3989/1504 5003/4817/2071
f 3877/3709/1422 5007/4821/2078 5006/4820/2073 3875/3707/1420
f 5014/4828/2074 3879/3711/1283 3878/3710/1282 5012/4826/2075
f 4180/3994/1509 5010/4824/2076 5009/4823/2077 4178/3992/1507
f 5017/4831/2070 4182/3996/1505 4181/3995/1504 5015/4829/2071
f 3883/3715/1422 5019/4833/2072 5018/4832/2073 3881/3713/1420
f 5026/4840/2074 3420/3304/1283 3419/3303/1282 5024/4838/2075
f 4186/4000/1509 5022/4836/2076 5021/4835/2077 4184/3998/1507
f 5032/4846/2079 3891/3717/1425 3890/3716/1424 5030/4844/2080
f 4189/4003/1513 5028/4842/2081 5027/4841/2082 4187/4001/1511
f 5035/4849/2083 4191/4005/1515 4190/4004/1514 5033/4847/2084
f 3897/3721/1427 5037/4851/2085 5036/4850/2086 3895/3719/1291
f 5044/4858/2087 3901/3723/1425 3900/3722/1428 5042/4856/2080
f 4195/4009/1513 5040/4854/2081 5039/4853/2082 4193/4007/1511
f 5047/4861/2083 4197/4011/1515 4196/4010/1514 5045/4859/2084
f 3907/3727/1293 5049/4863/2085 5048/4862/2086 3905/3725/1291
f 5056/4870/2079 3911/3729/1425 3910/3728/1428 5054/4868/2080
f 4201/4015/1513 5052/4866/2088 5051/4865/2082 4199/4013/1511
f 5059/4873/2083 4203/4017/1515 4202/4016/1514 5057/4871/2084
f 3917/3733/1293 5061/4875/2085 5060/4874/2086 3915/3731/1291
f 5068/4882/2079 3921/3735/1425 3920/3734/1428 5066/4880/2080
f 4207/4021/1513 5064/4878/2081 5063/4877/2082 4205/4019/1511
f 5071/4885/2083 4209/4023/1515 4208/4022/1514 5069/4883/2084
f 3448/3332/1293 5073/4887/2085 5072/4886/2086 3446/3330/1291
f 5077/4891/2089 4212/4026/1518 4211/4025/1517 5075/4889/2090
f 3127/3011/1173 5079/4893/2091 5078/4892/2092 3125/3009/1171
f 4216/4030/1522 5082/4896/2093 5081/4895/2094 4214/4028/1520
f 5086/4900/2089 4218/4032/1518 4217/4031/1517 5084/4898/2090
f 3133/3017/1173 5088/4902/2091 5087/4901/2092 3131/3015/1171
f 4222/4036/1522 5091/4905/2093 5090/4904/2094 4220/4034/1520
f 5095/4909/2089 4224/4038/1518 4223/4037/1517 5093/4907/2090
f 3139/3023/1173 5097/4911/2091 5096/4910/2092 3137/3021/1171
f 4228/4042/1522 5100/4914/2093 5099/4913/2094 4226/4040/1520
f 5104/4918/2089 4230/4044/1518 4229/4043/1517 5102/4916/2090
f 3145/3029/1173 5106/4920/2091 5105/4919/2092 3143/3027/1171
f 4234/4048/1522 5109/4923/2093 5108/4922/2094 4232/4046/1520
f 5113/4927/2095 4236/4050/1524 4235/4049/1523 5111/4925/2096
f 5119/4933/2097 3441/3325/1286 3440/3324/1285 5117/4931/2098
f 4240/4054/1528 5115/4929/2099 5114/4928/2100 4238/4052/1526
f 5122/4936/2095 4242/4056/1524 4241/4055/1523 5120/4934/2096
f 5128/4942/2097 3435/3319/1286 3434/3318/1285 5126/4940/2101
f 4246/4060/1528 5124/4938/2099 5123/4937/2100 4244/4058/1526
f 5131/4945/2095 4248/4062/1524 4247/4061/1523 5129/4943/2096
f 5137/4951/2097 3429/3313/1286 3428/3312/1285 5135/4949/2101
f 4252/4066/1528 5133/4947/2099 5132/4946/2100 4250/4064/1526
f 5140/4954/2095 4254/4068/1524 4253/4067/1523 5138/4952/2096
f 5146/4960/2097 3423/3307/1286 3422/3306/1285 5144/4958/2101
f 4258/4072/1528 5142/4956/2099 5141/4955/2100 4256/4070/1526
f 5149/4963/2102 4260/4074/1530 4259/4073/1529 5147/4961/2103
f 5155/4969/2104 3417/3301/1278 3416/3300/1281 5153/4967/2105
f 4264/4078/1534 5151/4965/2106 5150/4964/2107 4262/4076/1532
f 5158/4972/2102 4266/4080/1530 4265/4079/1529 5156/4970/2103
f 5164/4978/2104 3411/3295/1278 3410/3294/1277 5162/4976/2105
f 4270/4084/1534 5160/4974/2106 5159/4973/2107 4268/4082/1532
f 5167/4981/2102 4272/4086/1530 4271/4085/1529 5165/4979/2103
f 5173/4987/2104 3405/3289/1278 3404/3288/1277 5171/4985/2105
f 4276/4090/1534 5169/4983/2106 5168/4982/2107 4274/4088/1532
f 5176/4990/2102 4278/4092/1530 4277/4091/1529 5174/4988/2103
f 5182/4996/2104 3399/3283/1278 3398/3282/1277 5180/4994/2105
f 4282/4096/1534 5178/4992/2106 5177/4991/2107 4280/4094/1532
f 5185/4999/2108 4284/4098/1536 4283/4097/1535 5183/4997/2109
f 5191/5005/2110 3387/3271/1263 3386/3270/1262 5189/5003/2111
f 4288/4102/1540 5187/5001/2112 5186/5000/2113 4286/4100/1538
f 5194/5008/2108 4290/4104/1536 4289/4103/1535 5192/5006/2109
f 5200/5014/2110 3381/3265/1263 3380/3264/1262 5198/5012/2111
f 4294/4108/1540 5196/5010/2112 5195/5009/2113 4292/4106/1538
f 5203/5017/2108 4296/4110/1536 4295/4109/1535 5201/5015/2109
f 5209/5023/2110 3375/3259/1263 3374/3258/1262 5207/5021/2111
f 4300/4114/1540 5205/5019/2112 5204/5018/2113 4298/4112/1538
f 5212/5026/2108 4302/4116/1536 4301/4115/1535 5210/5024/2109
f 5218/5032/2110 3369/3253/1263 3368/3252/1262 5216/5030/2111
f 4306/4120/1540 5214/5028/2112 5213/5027/2113 4304/4118/1538
f 5221/5035/2114 4308/4122/1542 4307/4121/1541 5219/5033/2115
f 5227/5041/2116 3363/3247/1257 3362/3246/1256 5225/5039/2117
f 4312/4126/1546 5223/5037/2118 5222/5036/2119 4310/4124/1544
f 5230/5044/2114 4314/4128/1547 4313/4127/1541 5228/5042/2115
f 5236/5050/2116 3357/3241/1257 3356/3240/1256 5234/5048/2120
f 4318/4132/1546 5232/5046/2118 5231/5045/2119 4316/4130/1544
f 5239/5053/2114 4320/4134/1542 4319/4133/1541 5237/5051/2115
f 5245/5059/2116 3351/3235/1257 3350/3234/1256 5243/5057/2117
f 4324/4138/1548 5241/5055/2118 5240/5054/2119 4322/4136/1544
f 5248/5062/2114 4326/4140/1542 4325/4139/1541 5246/5060/2115
f 5254/5068/2116 3345/3229/1257 3344/3228/1256 5252/5066/2117
f 4330/4144/1548 5250/5064/2118 5249/5063/2119 4328/4142/1544
f 5257/5071/2121 4332/4146/1550 4331/4145/1549 5255/5069/2122
f 5263/5077/2123 3333/3217/1244 3332/3216/1243 5261/5075/2124
f 4336/4150/1554 5259/5073/2125 5258/5072/2126 4334/4148/1552
f 5266/5080/2121 4338/4152/1550 4337/4151/1549 5264/5078/2122
f 5272/5086/2123 3327/3211/1244 3326/3210/1249 5270/5084/2124
f 4342/4156/1554 5268/5082/2125 5267/5081/2126 4340/4154/1552
f 5275/5089/2121 4344/4158/1550 4343/4157/1549 5273/5087/2122
f 5281/5095/2123 3321/3205/1244 3320/3204/1243 5279/5093/2124
f 4348/4162/1554 5277/5091/2125 5276/5090/2126 4346/4160/1552
f 5284/5098/2121 4350/4164/1550 4349/4163/1549 5282/5096/2122
f 5290/5104/2123 3315/3199/1244 3314/3198/1243 5288/5102/2124
f 4354/4168/1554 5286/5100/2125 5285/5099/2126 4352/4166/1552
f 5293/5107/2127 4356/4170/1556 4355/4169/1555 5291/5105/2128
f 5299/5113/2129 3309/3193/1237 3308/3192/1236 5297/5111/2130
f 4360/4174/1560 5295/5109/2131 5294/5108/2132 4358/4172/1558
f 5302/5116/2127 4362/4176/1556 4361/4175/1555 5300/5114/2128
f 5308/5122/2129 3303/3187/1237 3302/3186/1236 5306/5120/2130
f 4366/4180/1560 5304/5118/2131 5303/5117/2132 4364/4178/1558
f 5311/5125/2127 4368/4182/1556 4367/4181/1555 5309/5123/2128
f 5317/5131/2129 3297/3181/1237 3296/3180/1236 5315/5129/2130
f 4372/4186/1560 5313/5127/2131 5312/5126/2132 4370/4184/1558
f 5320/5134/2127 4374/4188/1556 4373/4187/1555 5318/5132/2128
f 5326/5140/2129 3291/3175/1237 3290/3174/1236 5324/5138/2130
f 4378/4192/1560 5322/5136/2131 5321/5135/2132 4376/4190/1558
f 5329/5143/2133 4380/4194/1562 4379/4193/1561 5327/5141/2134
f 5335/5149/2135 3279/3163/1228 3278/3162/1219 5333/5147/2136
f 4384/4198/1566 5331/5145/2137 5330/5144/2138 4382/4196/1564
f 5338/5152/2133 4386/4200/1562 4385/4199/1561 5336/5150/2134
f 5344/5158/2135 3273/3157/1227 3272/3156/1219 5342/5156/2136
f 4390/4204/1566 5340/5154/2137 5339/5153/2138 4388/4202/1564
f 5347/5161/2133 4392/4206/1562 4391/4205/1561 5345/5159/2134
f 5353/5167/2135 3267/3151/1225 3266/3150/1219 5351/5165/2136
f 4396/4210/1566 5349/5163/2137 5348/5162/2138 4394/4208/1564
f 5356/5170/2133 4398/4212/1562 4397/4211/1561 5354/5168/2134
f 5362/5176/2135 3261/3145/1220 3260/3144/1219 5360/5174/2136
f 4402/4216/1566 5358/5172/2137 5357/5171/2138 4400/4214/1564
f 5365/5179/2139 4404/4218/1568 4403/4217/1567 5363/5177/2140
f 5371/5185/2141 3255/3139/1213 3254/3138/1212 5369/5183/2142
f 4408/4222/1572 5367/5181/2143 5366/5180/2144 4406/4220/1570
f 5374/5188/2139 4410/4224/1568 4409/4223/1567 5372/5186/2140
f 5380/5194/2141 3249/3133/1213 3248/3132/1212 5378/5192/2142
f 4414/4228/1572 5376/5190/2143 5375/5189/2144 4412/4226/1570
f 5383/5197/2139 4416/4230/1568 4415/4229/1567 5381/5195/2140
f 5389/5203/2141 3243/3127/1213 3242/3126/1212 5387/5201/2142
f 4420/4234/1572 5385/5199/2143 5384/5198/2144 4418/4232/1570
f 5392/5206/2139 4422/4236/1568 4421/4235/1567 5390/5204/2140
f 5398/5212/2141 3237/3121/1213 3236/3120/1212 5396/5210/2142
f 4426/4240/1572 5394/5208/2143 5393/5207/2144 4424/4238/1570
f 5401/5215/2145 4428/4242/1574 4427/4241/1573 5399/5213/2146
f 5407/5221/2147 3225/3109/1200 3224/3108/1199 5405/5219/2148
f 4432/4246/1578 5403/5217/2149 5402/5216/2150 4430/4244/1576
f 5410/5224/2145 4434/4248/1574 4433/4247/1573 5408/5222/2146
f 5416/5230/2147 3219/3103/1200 3218/3102/1199 5414/5228/2148
f 4438/4252/1578 5412/5226/2149 5411/5225/2150 4436/4250/1576
f 5419/5233/2145 4440/4254/1574 4439/4253/1573 5417/5231/2146
f 5425/5239/2147 3213/3097/1200 3212/3096/1199 5423/5237/2148
f 4444/4258/1578 5421/5235/2149 5420/5234/2150 4442/4256/1576
f 5428/5242/2145 4446/4260/1574 4445/4259/1573 5426/5240/2146
f 5434/5248/2147 3207/3091/1200 3206/3090/1199 5432/5246/2148
f 4450/4264/1578 5430/5244/2149 5429/5243/2150 4448/4262/1576
f 5437/5251/2151 4452/4266/1580 4451/4265/1579 5435/5249/2152
f 5443/5257/2153 3201/3085/1193 3200/3084/1192 5441/5255/2154
f 4456/4270/1584 5439/5253/2155 5438/5252/2156 4454/4268/1582
f 5446/5260/2151 4458/4272/1580 4457/4271/1585 5444/5258/2152
f 5452/5266/2153 3195/3079/1193 3194/3078/1192 5450/5264/2154
f 4462/4276/1584 5448/5262/2155 5447/5261/2156 4460/4274/1586
f 5455/5269/2151 4464/4278/1580 4463/4277/1579 5453/5267/2152
f 5461/5275/2153 3189/3073/1195 3188/3072/1192 5459/5273/2154
f 4468/4282/1584 5457/5271/2155 5456/5270/2156 4466/4280/1586
f 5464/5278/2151 4470/4284/1580 4469/4283/1579 5462/5276/2152
f 5470/5284/2153 3183/3067/1193 3182/3066/1192 5468/5282/2154
f 4474/4288/1584 5466/5280/2155 5465/5279/2156 4472/4286/1586
f 5473/5287/2157 4476/4290/1588 4475/4289/1587 5471/5285/2158
f 5479/5293/2159 3171/3055/1181 3170/3054/1180 5477/5291/2160
f 4480/4294/1592 5475/5289/2161 5474/5288/2162 4478/4292/1590
f 5482/5296/2157 4482/4296/1588 4481/4295/1587 5480/5294/2158
f 5488/5302/2159 3165/3049/1181 3164/3048/1180 5486/5300/2160
f 4486/4300/1592 5484/5298/2161 5483/5297/2162 4484/4298/1590
f 5491/5305/2157 4488/4302/1588 4487/4301/1587 5489/5303/2158
f 5497/5311/2159 3159/3043/1181 3158/3042/1180 5495/5309/2160
f 4492/4306/1592 5493/5307/2161 5492/5306/2162 4490/4304/1590
f 5500/5314/2157 4494/4308/1588 4493/4307/1587 5498/5312/2158
f 5506/5320/2159 3153/3037/1181 3152/3036/1180 5504/5318/2160
f 4498/4312/1592 5502/5316/2161 5501/5315/2162 4496/4310/1590
f 3130/3014/1176 5508/5322/2163 5507/5321/2164 3128/3012/1174
f 3136/3020/1176 5511/5325/2163 5510/5324/2164 3134/3018/1174
f 3142/3026/1176 5514/5328/2163 5513/5327/2164 3140/3024/1174
f 3148/3032/1176 5517/5331/2163 5516/5330/2164 3146/3030/1174
f 5521/5335/2165 3156/3040/1184 3155/3039/1183 5519/5333/2166
f 5524/5338/2165 3162/3046/1184 3161/3045/1183 5522/5336/2166
f 5527/5341/2165 3168/3052/1184 3167/3051/1183 5525/5339/2166
f 5530/5344/2165 3174/3058/1184 3173/3057/1183 5528/5342/2166
f 5533/5347/2167 3180/3064/1190 3179/3063/1189 5531/5345/2168
f 5536/5350/2167 3186/3070/1190 3185/3069/1189 5534/5348/2168
f 5539/5353/2167 3192/3076/1190 3191/3075/1189 5537/5351/2168
f 5542/5356/2167 3198/3082/1190 3197/3081/1189 5540/5354/2168
f 5545/5359/2169 3210/3094/1203 3209/3093/1202 5543/5357/2170
f 5548/5362/2169 3216/3100/1203 3215/3099/1205 5546/5360/2170
f 5551/5365/2169 3222/3106/1203 3221/3105/1202 5549/5363/2170
f 5554/5368/2169 3228/3112/1203 3227/3111/1205 5552/5366/2170
f 5557/5371/2171 3234/3118/1210 3233/3117/1209 5555/5369/2172
f 5560/5374/2171 3240/3124/1210 3239/3123/1209 5558/5372/2172
f 5563/5377/2171 3246/3130/1210 3245/3129/1209 5561/5375/2172
f 5566/5380/2171 3252/3136/1210 3251/3135/1215 5564/5378/2172
f 5569/5383/2173 3264/3148/1223 3263/3147/1222 5567/5381/2174
f 5572/5386/2173 3270/3154/1226 3269/3153/1222 5570/5384/2174
f 5575/5389/2173 3276/3160/1226 3275/3159/1222 5573/5387/2174
f 5578/5392/2173 3282/3166/1226 3281/3165/1222 5576/5390/2174
f 5581/5395/2175 3288/3172/1234 3287/3171/1233 5579/5393/2176
f 5584/5398/2175 3294/3178/1234 3293/3177/1239 5582/5396/2176
f 5587/5401/2175 3300/3184/1234 3299/3183/1233 5585/5399/2176
f 5590/5404/2175 3306/3190/1234 3305/3189/1233 5588/5402/2176
f 5593/5407/2177 3318/3202/1247 3317/3201/1246 5591/5405/2178
f 5596/5410/2179 3324/3208/1247 3323/3207/1246 5594/5408/2178
f 5599/5413/2179 3330/3214/1247 3329/3213/1246 5597/5411/2178
f 5602/5416/2179 3336/3220/1247 3335/3219/1246 5600/5414/2178
f 5605/5419/2180 3342/3226/1254 3341/3225/1253 5603/5417/2181
f 5608/5422/2180 3348/3232/1254 3347/3231/1253 5606/5420/2181
f 5611/5425/2180 3354/3238/1254 3353/3237/1253 5609/5423/2181
f 5614/5428/2180 3360/3244/1254 3359/3243/1253 5612/5426/2181
f 5617/5431/2182 3372/3256/1266 3371/3255/1265 5615/5429/2183
f 5620/5434/2182 3378/3262/1266 3377/3261/1265 5618/5432/2183
f 5623/5437/2182 3384/3268/1266 3383/3267/1265 5621/5435/2183
f 5626/5440/2182 3390/3274/1266 3389/3273/1265 5624/5438/2183
f 5629/5443/2184 3396/3280/1275 3395/3279/1274 5627/5441/2185
f 5632/5446/2186 3402/3286/1275 3401/3285/1274 5630/5444/2185
f 5635/5449/2186 3408/3292/1275 3407/3291/1274 5633/5447/2185
f 5638/5452/2184 3414/3298/1275 3413/3297/1280 5636/5450/2185
f 5641/5455/2187 3426/3310/1289 3425/3309/1288 5639/5453/2188
f 5644/5458/2187 3432/3316/1289 3431/3315/1288 5642/5456/2188
f 5647/5461/2187 3438/3322/1289 3437/3321/1288 5645/5459/2188
f 5650/5464/2187 3444/3328/1289 3443/3327/1288 5648/5462/2188
f 5652/5652/2189 5653/5653/1951 5654/5653/1951 5651/5652/2189
f 5656/5654/1950 5657/5655/2190 5658/5656/2190 5655/5657/1950
f 5653/5653/1951 5659/5658/1954 5660/5658/1954 5654/5653/1951
f 5662/5659/1953 5656/5654/1950 5655/5657/1950 5661/5660/1953
f 5659/5658/1954 5664/5466/1156 5663/5465/1158 5660/5658/1954
f 5668/5470/1155 5662/5659/1953 5661/5660/1953 5666/5468/1153
f 5664/5466/1156 5669/5661/1958 5670/5662/1958 5665/5467/1157
f 5672/5663/1957 5668/5470/1155 5667/5469/1154 5671/5663/1957
f 5669/5661/1958 5673/5664/2191 5674/5664/2191 5670/5662/1958
f 5676/5665/1959 5672/5663/1957 5671/5663/1957 5675/5665/1959
f 5673/5664/2191 5677/5666/2192 5678/5666/2192 5674/5664/2191
f 5680/5667/2193 5676/5665/1959 5675/5665/1959 5679/5667/2193
f 5677/5666/2192 5682/5472/1162 5681/5471/1164 5678/5666/2192
f 5686/5476/1161 5680/5667/2193 5679/5667/2193 5684/5474/1159
f 5682/5472/1162 5687/5668/2194 5688/5668/2194 5683/5473/1163
f 5690/5669/2195 5686/5476/1161 5685/5475/1160 5689/5669/2195
f 5687/5668/2194 5691/5670/2196 5692/5671/2196 5688/5668/2194
f 5694/5672/2197 5690/5669/2195 5689/5669/2195 5693/5673/2197
f 5691/5670/2196 5695/5674/1970 5696/5675/1970 5692/5671/2196
f 5698/5676/1969 5694/5672/2197 5693/5673/2197 5697/5677/1969
f 5695/5674/1970 5700/5478/1168 5699/5477/1170 5696/5675/1970
f 5704/5482/1167 5698/5676/1969 5697/5677/1969 5702/5480/1165
f 5700/5478/1168 5652/5652/2189 5651/5652/2189 5701/5479/1169
f 5657/5655/2190 5704/5482/1167 5703/5481/1166 5658/5656/2190
f 5706/5550/2190 5707/5549/1950 5708/5678/1950 5705/5550/2190
f 5710/5554/1951 5711/5679/2189 5712/5679/2189 5709/5554/1951
f 5707/5549/1950 5713/5680/1953 5714/5556/1953 5708/5678/1950
f 5717/5485/1905 5710/5554/1951 5709/5554/1951 5715/5483/1903
f 5713/5680/1953 5719/2993/1907 5718/5486/1906 5714/5556/1953
f 5723/2994/1911 5717/5485/1905 5716/5484/1904 5721/5488/1909
f 5719/2993/1907 5725/5491/1913 5724/5490/1912 5720/5487/1908
f 5729/5495/1917 5723/2994/1911 5722/5489/1910 5727/5493/1915
f 5725/5491/1913 5730/5564/1959 5731/5681/1959 5726/5492/1914
f 5733/5566/2191 5729/5495/1917 5728/5494/1916 5732/5682/2191
f 5730/5564/1959 5734/5568/2193 5735/5683/2193 5731/5681/1959
f 5737/5570/2192 5733/5566/2191 5732/5682/2191 5736/5684/2192
f 5734/5568/2193 5738/2999/2198 5739/2999/2198 5735/5683/2193
f 5741/3000/2199 5737/5570/2192 5736/5684/2192 5740/3000/2199
f 5738/2999/2198 5743/5497/1919 5742/5496/1918 5739/2999/2198
f 5747/5501/1923 5741/3000/2199 5740/3000/2199 5745/5499/1921
f 5743/5497/1919 5748/5576/1967 5749/5576/1967 5744/5498/1920
f 5751/5578/2200 5747/5501/1923 5746/5500/1922 5750/5578/2200
f 5748/5576/1967 5752/5502/1924 5754/5504/1926 5749/5576/1967
f 5757/5507/1929 5751/5578/2200 5750/5578/2200 5755/5505/1927
f 5752/5502/1924 5758/3005/2201 5759/3005/2201 5753/5503/1925
f 5761/3006/2202 5757/5507/1929 5756/5506/1928 5760/3006/2202
f 5758/3005/2201 5706/5585/2190 5705/5585/2190 5759/3005/2201
f 5711/5587/2189 5761/3006/2202 5760/3006/2202 5712/5587/2189
f 5763/5550/2189 5764/5678/1951 5765/5685/1951 5762/5686/2189
f 5767/5554/1950 5768/5679/2190 5769/5687/2190 5766/5688/1950
f 5764/5678/1951 5770/5556/1954 5771/5689/1954 5765/5685/1951
f 5774/5509/1932 5767/5554/1950 5766/5688/1950 5772/5508/1930
f 5770/5556/1954 5775/5510/1933 5777/5512/1911 5771/5689/1954
f 5778/5488/1935 5773/5484/1931 5772/5508/1930 5779/5513/1907
f 5776/5511/1934 5781/5515/1915 5783/5517/1917 5777/5512/1911
f 5784/5518/1912 5780/5514/1936 5779/5513/1907 5785/5519/1913
f 5782/5516/1916 5787/5564/2191 5788/5681/2191 5783/5517/1917
f 5790/5682/1959 5786/5520/1914 5785/5519/1913 5789/5682/1959
f 5787/5564/2191 5791/5683/2192 5792/5690/2192 5788/5681/2191
f 5794/5684/2193 5790/5682/1959 5789/5682/1959 5793/5691/2193
f 5791/5683/2192 5795/2999/2199 5796/2999/2199 5792/5690/2192
f 5798/3000/2198 5794/5684/2193 5793/5691/2193 5797/3000/2198
f 5795/2999/2199 5799/5496/1921 5801/5522/1923 5796/2999/2199
f 5804/5524/1918 5798/3000/2198 5797/3000/2198 5802/5523/1919
f 5800/5521/1922 5805/5576/2200 5806/5576/2200 5801/5522/1923
f 5808/5578/2203 5803/5500/1920 5802/5523/1919 5807/5578/2203
f 5805/5576/2200 5809/5525/1927 5811/5527/1929 5806/5576/2200
f 5812/5505/1926 5808/5578/2203 5807/5578/2203 5813/5528/1924
f 5810/5526/1928 5815/5692/2202 5816/3005/2202 5811/5527/1929
f 5818/3006/2204 5814/5529/1925 5813/5528/1924 5817/5693/2204
f 5815/5692/2202 5763/5585/2189 5762/5694/2189 5816/3005/2202
f 5768/5587/2190 5818/3006/2204 5817/5693/2204 5769/5695/2190
f 5781/5515/2205 5724/5490/2205 5726/5492/2206 5782/5516/2206
f 5753/5503/2207 5810/5526/2207 5809/5525/2208 5754/5504/2208
f 5727/5493/2205 5784/5518/2205 5786/5520/2206 5728/5494/2206
f 5814/5529/2207 5756/5506/2207 5755/5505/2208 5812/5505/2208
f 5720/5487/1955 5776/5511/1955 5775/5510/1956 5718/5486/1956
f 5744/5498/2209 5800/5521/2209 5799/5496/2210 5742/5496/2210
f 5715/5483/2211 5774/5509/2211 5773/5484/2212 5716/5484/2212
f 5780/5514/1955 5722/5489/1955 5721/5488/1956 5778/5488/1956
f 5803/5500/2209 5746/5500/2209 5745/5499/2210 5804/5524/2210
f 5820/5652/2189 5821/5653/1951 5822/5696/1951 5819/5697/2189
f 5824/5657/1950 5825/5656/2190 5826/5698/2190 5823/5699/1950
f 5821/5653/1951 5827/5658/1954 5828/5700/1954 5822/5696/1951
f 5830/5701/1953 5824/5657/1950 5823/5699/1950 5829/5702/1953
f 5827/5658/1954 5831/5530/1933 5833/5532/1911 5828/5700/1954
f 5834/5468/1935 5830/5701/1953 5829/5702/1953 5835/5533/1907
f 5832/5531/1934 5837/5662/1958 5838/5703/1958 5833/5532/1911
f 5840/5663/1957 5836/5534/1936 5835/5533/1907 5839/5704/1957
f 5837/5662/1958 5841/5664/2191 5842/5705/2191 5838/5703/1958
f 5844/5706/1959 5840/5663/1957 5839/5704/1957 5843/5707/1959
f 5841/5664/2191 5845/5666/2192 5846/5708/2192 5842/5705/2191
f 5848/5667/2193 5844/5706/1959 5843/5707/1959 5847/5709/2193
f 5845/5666/2192 5849/5535/1937 5851/5537/1939 5846/5708/2192
f 5852/5538/1940 5848/5667/2193 5847/5709/2193 5853/5539/1941
f 5850/5536/1938 5855/5668/2194 5856/5710/2194 5851/5537/1939
f 5858/5669/2195 5854/5540/1942 5853/5539/1941 5857/5711/2195
f 5855/5668/2194 5859/5671/2200 5860/5712/2200 5856/5710/2194
f 5862/5673/2203 5858/5669/2195 5857/5711/2195 5861/5713/2203
f 5859/5671/2200 5863/5674/1970 5864/5714/1970 5860/5712/2200
f 5866/5677/1969 5862/5673/2203 5861/5713/2203 5865/5715/1969
f 5863/5674/1970 5867/5541/1943 5869/5543/1945 5864/5714/1970
f 5870/5544/1946 5866/5677/1969 5865/5715/1969 5871/5545/1947
f 5868/5542/1944 5820/5652/2189 5819/5697/2189 5869/5543/1945
f 5825/5656/2190 5872/5546/1948 5871/5545/1947 5826/5698/2190
f 5665/5467/1955 5832/5531/1955 5831/5530/1956 5663/5465/1956
f 5683/5473/1963 5850/5536/1963 5849/5535/1964 5681/5471/1964
f 5836/5534/1955 5667/5469/1955 5666/5468/1956 5834/5468/1956
f 5701/5479/1971 5868/5542/1971 5867/5541/1972 5699/5477/1972
f 5854/5540/1963 5685/5475/1963 5684/5474/1964 5852/5538/1964
f 5872/5546/1971 5703/5481/1971 5702/5480/1972 5870/5544/1972
f 3071/5550/2213 3076/5549/2213 5707/5549/2213 5706/5550/2213
f 3120/3004/1971 3887/5582/1971 3452/5716/1297 3451/5717/1296 3072/5584/2214
f 3072/5547/2215 3451/3335/1296 3450/3334/1295 2983/5718/1151 3075/5548/1151
f 3121/3005/2213 3071/5585/2213 5706/5585/2213 5758/3005/2213
f 3077/5554/2216 3074/5553/2216 5711/5679/2216 5710/5554/2216
f 3456/3340/1301 3455/3339/1300 3073/5552/2215 3078/5551/1151 2982/2988/1151
f 3884/5636/1971 3123/3007/1971 3073/5586/2214 3455/5719/1300 3454/5720/1299
f 3074/5587/2216 3122/3006/2216 5761/3006/2216 5711/5587/2216
f 3075/5548/1151 2983/5718/1151 2992/5721/1152 3079/5555/1152
f 3076/5549/2213 3080/5556/2213 5713/5680/2213 5707/5549/2213
f 2982/2988/1151 3078/5551/1151 3082/5557/1152 2991/2989/1152
f 3081/5558/2216 3077/5554/2216 5710/5554/2216 5717/5485/2216
f 3079/5555/1152 2992/5721/1152 3536/5560/1956 3083/2991/1956
f 3080/5556/2213 3085/2993/2213 5719/2993/2213 5713/5680/2213
f 2991/2989/1152 3082/5557/1152 3088/2996/1956 3535/5603/1956
f 3086/2994/2216 3081/5558/2216 5717/5485/2216 5723/2994/2216
f 3084/2992/1955 3537/5559/1955 3000/5722/2217 3089/5561/2217
f 3085/2993/2213 3090/5491/2213 5725/5491/2213 5719/2993/2213
f 3534/5602/1955 3087/2995/1955 3092/5562/2217 3575/3427/1320 3574/3426/1319
f 3091/5495/2216 3086/2994/2216 5723/2994/2216 5729/5495/2216
f 3089/5561/2217 3000/5722/2217 3001/5723/2218 3093/5563/2218
f 3090/5491/2213 3094/5564/2213 5730/5564/2213 5725/5491/2213
f 3576/3428/1321 3575/3427/1320 3092/5562/2217 3096/5565/2219 3636/3488/1339 3635/3487/1338
f 3095/5566/2216 3091/5495/2216 5729/5495/2216 5733/5566/2216
f 3093/5563/2218 3001/5723/2218 3700/3552/1361 3699/3551/1360 3097/5567/2220
f 3094/5564/2213 3098/5568/2213 5734/5568/2213 5730/5564/2213
f 3633/3485/1336 3636/3488/1339 3096/5565/2221 3100/5569/2220 3695/3547/1356 3694/3546/1355
f 3099/5570/2216 3095/5566/2216 5733/5566/2216 5737/5570/2216
f 3097/5567/2220 3699/3551/1360 3698/3550/1359 3738/5572/1964 3101/2997/1964
f 3098/5568/2213 3103/2999/2213 5738/2999/2213 5734/5568/2213
f 3696/3548/1357 3695/3547/1356 3100/5569/2220 3106/3002/1964 3737/5633/1964
f 3104/3000/2216 3099/5570/2216 5737/5570/2216 5741/3000/2216
f 3102/2998/1963 3739/5571/1963 3796/3628/1386 3795/3627/1385 3107/5573/1150
f 3103/2999/2213 3108/5497/2213 5743/5497/2213 5738/2999/2213
f 3736/5632/1963 3105/3001/1963 3110/5574/1150 3002/5724/1150
f 3109/5501/2216 3104/3000/2216 5741/3000/2216 5747/5501/2216
f 3107/5573/1150 3795/3627/1385 3794/3626/1384 3010/5725/1148 3111/5575/1148
f 3108/5497/2213 3112/5576/2213 5748/5576/2213 5743/5497/2213
f 3002/5724/1150 3110/5574/1150 3114/5577/1148 3009/5726/1148
f 3113/5578/2216 3109/5501/2216 5747/5501/2216 5751/5578/2216
f 3111/5575/1148 3010/5725/1148 3016/5727/1149 3115/5579/1149
f 3112/5576/2213 3116/5580/2213 5752/5502/2213 5748/5576/2213
f 3009/5726/1148 3114/5577/1148 3118/5581/1149 3856/3688/1413 3855/3687/1412
f 3117/5507/2216 3113/5578/2216 5751/5578/2216 5757/5507/2216
f 3115/5579/1149 3016/5727/1149 3886/5583/1972 3119/3003/1972
f 3116/5580/2213 3121/3005/2213 5758/3005/2213 5752/5502/2213
f 3857/3689/1414 3856/3688/1413 3118/5581/1149 3124/3008/1972 3885/5637/1972
f 3122/3006/2216 3117/5507/2216 5757/5507/2216 5761/3006/2216
f 4211/4025/1517 3125/3009/1171 5078/4892/2092 5075/4889/2090
f 4213/4027/2214 3070/5728/2214 3925/3739/2214 3126/3010/2214
f 3127/3011/1173 3924/3738/1431 4501/4315/1977 5079/4893/2091
f 3928/3742/1435 3128/3012/1174 5507/5321/2164 4506/4320/1983
f 3129/3013/2215 3927/3741/2215 3026/5729/2215 4477/4291/2215
f 3130/3014/1176 4476/4290/1588 5473/5287/2157 5508/5322/2163
f 4217/4031/1517 3131/3015/1171 5087/4901/2092 5084/4898/2090
f 4219/4033/2214 3069/5730/2214 3931/3745/2214 3132/3016/2214
f 3133/3017/1173 3930/3744/1431 4513/4327/1977 5088/4902/2091
f 3934/3748/1435 3134/3018/1174 5510/5324/2164 4518/4332/1983
f 3135/3019/2215 3933/3747/2215 3025/5731/2215 4483/4297/2215
f 3136/3020/1176 4482/4296/1588 5482/5296/2157 5511/5325/2163
f 4223/4037/1517 3137/3021/1171 5096/4910/2092 5093/4907/2090
f 4225/4039/2214 3068/5732/2214 3937/3751/2214 3138/3022/2214
f 3139/3023/1173 3936/3750/1431 4525/4339/1977 5097/4911/2091
f 3940/3754/1435 3140/3024/1174 5513/5327/2164 4530/4344/1983
f 3141/3025/2215 3939/3753/2215 3024/5733/2215 4489/4303/2215
f 3142/3026/1176 4488/4302/1588 5491/5305/2157 5514/5328/2163
f 4229/4043/1517 3143/3027/1171 5105/4919/2092 5102/4916/2090
f 4231/4045/2214 3067/5734/2214 3943/3757/2214 3144/3028/2214
f 3145/3029/1173 3942/3756/1431 4537/4351/1977 5106/4920/2091
f 3946/3760/1435 3146/3030/1174 5516/5330/2164 4542/4356/1983
f 3147/3031/2215 3945/3759/2215 3023/5735/2215 4495/4309/2215
f 3148/3032/1176 4494/4308/1588 5500/5314/2157 5517/5331/2163
f 3149/3033/1177 3944/3758/1433 4541/4355/1984 4544/4358/1982
f 3945/3759/2215 3151/3035/2215 4497/4311/2215 3023/5735/2215
f 4498/4312/1592 3150/3034/1178 4546/4360/1981 5502/5316/2161
f 3152/3036/1180 4496/4310/1590 5501/5315/2162 5504/5318/2160
f 3023/5735/2215 4497/4311/2215 3154/3038/2215 3948/3762/2215
f 3949/3763/1438 3153/3037/1181 5506/5320/2159 4548/4362/1988
f 3155/3039/1183 3951/3765/1440 4555/4369/1990 5519/5333/2166
f 3952/3766/2222 3157/3041/2222 4473/4287/2222 3027/5736/2222
f 4474/4288/1584 3156/3040/1184 5521/5335/2165 5466/5280/2155
f 3158/3042/1180 4490/4304/1590 5492/5306/2162 5495/5309/2160
f 3024/5733/2215 4491/4305/2215 3160/3044/2215 3954/3768/2215
f 3955/3769/1438 3159/3043/1181 5497/5311/2159 4560/4374/1988
f 3161/3045/1183 3957/3771/1440 4567/4381/1990 5522/5336/2166
f 3958/3772/2222 3163/3047/2222 4467/4281/2222 3028/5737/2222
f 4468/4282/1584 3162/3046/1184 5524/5338/2165 5457/5271/2155
f 3164/3048/1180 4484/4298/1590 5483/5297/2162 5486/5300/2160
f 3025/5731/2215 4485/4299/2215 3166/3050/2215 3960/3774/2215
f 3961/3775/1438 3165/3049/1181 5488/5302/2159 4572/4386/1994
f 3167/3051/1183 3963/3777/1440 4579/4393/1990 5525/5339/2166
f 3964/3778/2222 3169/3053/2222 4461/4275/2222 3029/5738/2222
f 4462/4276/1584 3168/3052/1184 5527/5341/2165 5448/5262/2155
f 3170/3054/1180 4478/4292/1590 5474/5288/2162 5477/5291/2160
f 3026/5729/2215 4479/4293/2215 3172/3056/2215 3966/3780/2215
f 3967/3781/1438 3171/3055/1181 5479/5293/2159 4584/4398/1988
f 3173/3057/1183 3969/3783/1440 4591/4405/1990 5528/5342/2166
f 3970/3784/2222 3175/3059/2222 4455/4269/2222 3030/5739/2222
f 4456/4270/1584 3174/3058/1184 5530/5344/2165 5439/5253/2155
f 3968/3782/1439 3176/3060/1186 4592/4406/1993 4589/4403/1991
f 3177/3061/2222 3970/3784/2222 3030/5739/2222 4453/4267/2222
f 3178/3062/1188 4452/4266/1580 5437/5251/2151 4593/4407/1995
f 3179/3063/1189 3972/3786/1443 4597/4411/1996 5531/5345/2168
f 3973/3787/2223 3181/3065/2223 4449/4263/2223 3031/5740/2223
f 4450/4264/1578 3180/3064/1190 5533/5347/2167 5430/5244/2149
f 3182/3066/1192 4472/4286/1586 5465/5279/2156 5468/5282/2154
f 3027/5736/2222 4473/4287/2222 3184/3068/2222 3975/3789/2222
f 3976/3790/1447 3183/3067/1193 5470/5284/2153 4602/4416/2002
f 3185/3069/1189 3978/3792/1449 4609/4423/1996 5534/5348/2168
f 3979/3793/2223 3187/3071/2223 4443/4257/2223 3032/5741/2223
f 4444/4258/1578 3186/3070/1190 5536/5350/2167 5421/5235/2149
f 3188/3072/1192 4466/4280/1586 5456/5270/2156 5459/5273/2154
f 3028/5737/2222 4467/4281/2222 3190/3074/2222 3981/3795/2222
f 3982/3796/1447 3189/3073/1195 5461/5275/2153 4614/4428/2002
f 3191/3075/1189 3984/3798/1443 4621/4435/1996 5537/5351/2168
f 3985/3799/2223 3193/3077/2223 4437/4251/2223 3033/5742/2223
f 4438/4252/1578 3192/3076/1190 5539/5353/2167 5412/5226/2149
f 3194/3078/1192 4460/4274/1586 5447/5261/2156 5450/5264/2154
f 3029/5738/2222 4461/4275/2222 3196/3080/2222 3987/3801/2222
f 3988/3802/1447 3195/3079/1193 5452/5266/2153 4626/4440/2004
f 3197/3081/1189 3990/3804/1443 4633/4447/1996 5540/5354/2168
f 3991/3805/2223 3199/3083/2223 4431/4245/2223 3034/5743/2223
f 4432/4246/1578 3198/3082/1190 5542/5356/2167 5403/5217/2149
f 3200/3084/1192 4454/4268/1582 5438/5252/2156 5441/5255/2154
f 3030/5739/2222 4455/4269/2222 3202/3086/2222 3993/3807/2222
f 3994/3808/1447 3201/3085/1193 5443/5257/2153 4638/4452/2002
f 3203/3087/1196 3992/3806/1445 4637/4451/2003 4640/4454/2001
f 4453/4267/2222 3030/5739/2222 3993/3807/2222 3205/3089/2222
f 4451/4265/1579 3204/3088/1197 4642/4456/2005 5435/5249/2152
f 3206/3090/1199 4448/4262/1576 5429/5243/2150 5432/5246/2148
f 3031/5740/2223 4449/4263/2223 3208/3092/2223 3996/3810/2223
f 3997/3811/1452 3207/3091/1200 5434/5248/2147 4644/4458/2008
f 3209/3093/1202 3999/3813/1454 4651/4465/2010 5543/5357/2170
f 4000/3814/2224 3211/3095/2224 4425/4239/2224 3035/5744/2224
f 4426/4240/1572 3210/3094/1203 5545/5359/2169 5394/5208/2143
f 3212/3096/1199 4442/4256/1576 5420/5234/2150 5423/5237/2148
f 3032/5741/2223 4443/4257/2223 3214/3098/2223 4002/3816/2223
f 4003/3817/1452 3213/3097/1200 5425/5239/2147 4656/4470/2008
f 3215/3099/1205 4005/3819/1454 4663/4477/2010 5546/5360/2170
f 4006/3820/2224 3217/3101/2224 4419/4233/2224 3036/5745/2224
f 4420/4234/1572 3216/3100/1203 5548/5362/2169 5385/5199/2143
f 3218/3102/1199 4436/4250/1576 5411/5225/2150 5414/5228/2148
f 3033/5742/2223 4437/4251/2223 3220/3104/2223 4008/3822/2223
f 4009/3823/1452 3219/3103/1200 5416/5230/2147 4668/4482/2008
f 3221/3105/1202 4011/3825/1456 4675/4489/2010 5549/5363/2170
f 4012/3826/2224 3223/3107/2224 4413/4227/2224 3037/5746/2224
f 4414/4228/1572 3222/3106/1203 5551/5365/2169 5376/5190/2143
f 3224/3108/1199 4430/4244/1576 5402/5216/2150 5405/5219/2148
f 3034/5743/2223 4431/4245/2223 3226/3110/2223 4014/3828/2223
f 4015/3829/1452 3225/3109/1200 5407/5221/2147 4680/4494/2008
f 3227/3111/1205 4017/3831/1454 4687/4501/2010 5552/5366/2170
f 4018/3832/2224 3229/3113/2224 4407/4221/2224 3038/5747/2224
f 4408/4222/1572 3228/3112/1203 5554/5368/2169 5367/5181/2143
f 4016/3830/1453 3230/3114/1206 4688/4502/2013 4685/4499/2011
f 3231/3115/2224 4018/3832/2224 3038/5747/2224 4405/4219/2224
f 3232/3116/1208 4404/4218/1568 5365/5179/2139 4689/4503/2012
f 3233/3117/1209 4020/3834/1458 4693/4507/2014 5555/5369/2172
f 4021/3835/2219 3235/3119/2219 4401/4215/2219 3039/5748/2219
f 4402/4216/1566 3234/3118/1210 5557/5371/2171 5358/5172/2137
f 3236/3120/1212 4424/4238/1570 5393/5207/2144 5396/5210/2142
f 3035/5744/2224 4425/4239/2224 3238/3122/2224 4023/3837/2224
f 4024/3838/1462 3237/3121/1213 5398/5212/2141 4698/4512/2020
f 3239/3123/1209 4026/3840/1458 4705/4519/2014 5558/5372/2172
f 4027/3841/2219 3241/3125/2219 4395/4209/2219 3040/5749/2219
f 4396/4210/1566 3240/3124/1210 5560/5374/2171 5349/5163/2137
f 3242/3126/1212 4418/4232/1570 5384/5198/2144 5387/5201/2142
f 3036/5745/2224 4419/4233/2224 3244/3128/2224 4029/3843/2224
f 4030/3844/1464 3243/3127/1213 5389/5203/2141 4710/4524/2020
f 3245/3129/1209 4032/3846/1458 4717/4531/2014 5561/5375/2172
f 4033/3847/2219 3247/3131/2219 4389/4203/2219 3041/5750/2219
f 4390/4204/1566 3246/3130/1210 5563/5377/2171 5340/5154/2137
f 3248/3132/1212 4412/4226/1570 5375/5189/2144 5378/5192/2142
f 3037/5746/2224 4413/4227/2224 3250/3134/2224 4035/3849/2224
f 4036/3850/1462 3249/3133/1213 5380/5194/2141 4722/4536/2020
f 3251/3135/1215 4038/3852/1458 4729/4543/2014 5564/5378/2172
f 4039/3853/2219 3253/3137/2219 4383/4197/2219 3042/5751/2219
f 4384/4198/1566 3252/3136/1210 5566/5380/2171 5331/5145/2137
f 3254/3138/1212 4406/4220/1570 5366/5180/2144 5369/5183/2142
f 3038/5747/2224 4407/4221/2224 3256/3140/2224 4041/3855/2224
f 4042/3856/1464 3255/3139/1213 5371/5185/2141 4734/4548/2020
f 3257/3141/1216 4040/3854/1463 4733/4547/2021 4736/4550/2019
f 4405/4219/2224 3038/5747/2224 4041/3855/2224 3259/3143/2224
f 4403/4217/1567 3258/3142/1217 4738/4552/2018 5363/5177/2140
f 3260/3144/1219 4400/4214/1564 5357/5171/2138 5360/5174/2136
f 3039/5748/2219 4401/4215/2219 3262/3146/2219 4044/3858/2219
f 4045/3859/1468 3261/3145/1220 5362/5176/2135 4740/4554/2024
f 3263/3147/1222 4047/3861/1470 4747/4561/2026 5567/5381/2174
f 4048/3862/2221 3265/3149/2221 4377/4191/2221 3043/5752/2221
f 4378/4192/1560 3264/3148/1223 5569/5383/2173 5322/5136/2131
f 3266/3150/1219 4394/4208/1564 5348/5162/2138 5351/5165/2136
f 3040/5749/2219 4395/4209/2219 3268/3152/2219 4050/3864/2219
f 4051/3865/1468 3267/3151/1225 5353/5167/2135 4752/4566/2024
f 3269/3153/1222 4053/3867/1470 4759/4573/2026 5570/5384/2174
f 4054/3868/2221 3271/3155/2221 4371/4185/2221 3044/5753/2221
f 4372/4186/1560 3270/3154/1226 5572/5386/2173 5313/5127/2131
f 3272/3156/1219 4388/4202/1564 5339/5153/2138 5342/5156/2136
f 3041/5750/2219 4389/4203/2219 3274/3158/2219 4056/3870/2219
f 4057/3871/1468 3273/3157/1227 5344/5158/2135 4764/4578/2030
f 3275/3159/1222 4059/3873/1470 4771/4585/2026 5573/5387/2174
f 4060/3874/2221 3277/3161/2221 4365/4179/2221 3045/5754/2221
f 4366/4180/1560 3276/3160/1226 5575/5389/2173 5304/5118/2131
f 3278/3162/1219 4382/4196/1564 5330/5144/2138 5333/5147/2136
f 3042/5751/2219 4383/4197/2219 3280/3164/2219 4062/3876/2219
f 4063/3877/1472 3279/3163/1228 5335/5149/2135 4776/4590/2024
f 3281/3165/1222 4065/3879/1470 4783/4597/2026 5576/5390/2174
f 4066/3880/2221 3283/3167/2221 4359/4173/2221 3046/5755/2221
f 4360/4174/1560 3282/3166/1226 5578/5392/2173 5295/5109/2131
f 4064/3878/1469 3284/3168/1230 4784/4598/2029 4781/4595/2027
f 3285/3169/2221 4066/3880/2221 3046/5755/2221 4357/4171/2221
f 3286/3170/1232 4356/4170/1556 5293/5107/2127 4785/4599/2028
f 3287/3171/1233 4068/3882/1474 4789/4603/2031 5579/5393/2176
f 4069/3883/2225 3289/3173/2225 4353/4167/2225 3047/5756/2225
f 4354/4168/1554 3288/3172/1234 5581/5395/2175 5286/5100/2125
f 3290/3174/1236 4376/4190/1558 5321/5135/2132 5324/5138/2130
f 3043/5752/2221 4377/4191/2221 3292/3176/2221 4071/3885/2221
f 4072/3886/1478 3291/3175/1237 5326/5140/2129 4794/4608/2037
f 3293/3177/1239 4074/3888/1479 4801/4615/2031 5582/5396/2176
f 4075/3889/2225 3295/3179/2225 4347/4161/2225 3048/5757/2225
f 4348/4162/1554 3294/3178/1234 5584/5398/2175 5277/5091/2125
f 3296/3180/1236 4370/4184/1558 5312/5126/2132 5315/5129/2130
f 3044/5753/2221 4371/4185/2221 3298/3182/2221 4077/3891/2221
f 4078/3892/1478 3297/3181/1237 5317/5131/2129 4806/4620/2037
f 3299/3183/1233 4080/3894/1474 4813/4627/2031 5585/5399/2176
f 4081/3895/2225 3301/3185/2225 4341/4155/2225 3049/5758/2225
f 4342/4156/1554 3300/3184/1234 5587/5401/2175 5268/5082/2125
f 3302/3186/1236 4364/4178/1558 5303/5117/2132 5306/5120/2130
f 3045/5754/2221 4365/4179/2221 3304/3188/2221 4083/3897/2221
f 4084/3898/1478 3303/3187/1237 5308/5122/2129 4818/4632/2037
f 3305/3189/1233 4086/3900/1474 4825/4639/2031 5588/5402/2176
f 4087/3901/2225 3307/3191/2225 4335/4149/2225 3050/5759/2225
f 4336/4150/1554 3306/3190/1234 5590/5404/2175 5259/5073/2125
f 3308/3192/1236 4358/4172/1558 5294/5108/2132 5297/5111/2130
f 3046/5755/2221 4359/4173/2221 3310/3194/2221 4089/3903/2221
f 4090/3904/1478 3309/3193/1237 5299/5113/2129 4830/4644/2037
f 3311/3195/1240 4088/3902/1480 4829/4643/2038 4832/4646/2036
f 4357/4171/2221 3046/5755/2221 4089/3903/2221 3313/3197/2221
f 4355/4169/1555 3312/3196/1241 4834/4648/2035 5291/5105/2128
f 3314/3198/1243 4352/4166/1552 5285/5099/2126 5288/5102/2124
f 3047/5756/2225 4353/4167/2225 3316/3200/2225 4092/3906/2225
f 4093/3907/1484 3315/3199/1244 5290/5104/2123 4836/4650/2041
f 3317/3201/1246 4095/3909/1486 4843/4657/2043 5591/5405/2178
f 4096/3910/2226 3319/3203/2226 4329/4143/2226 3051/5760/2226
f 4330/4144/1548 3318/3202/1247 5593/5407/2177 5250/5064/2118
f 3320/3204/1243 4346/4160/1552 5276/5090/2126 5279/5093/2124
f 3048/5757/2225 4347/4161/2225 3322/3206/2225 4098/3912/2225
f 4099/3913/1489 3321/3205/1244 5281/5095/2123 4848/4662/2047
f 3323/3207/1246 4101/3915/1486 4855/4669/2043 5594/5408/2178
f 4102/3916/2226 3325/3209/2226 4323/4137/2226 3052/5761/2226
f 4324/4138/1548 3324/3208/1247 5596/5410/2179 5241/5055/2118
f 3326/3210/1249 4340/4154/1552 5267/5081/2126 5270/5084/2124
f 3049/5758/2225 4341/4155/2225 3328/3212/2225 4104/3918/2225
f 4105/3919/1489 3327/3211/1244 5272/5086/2123 4860/4674/2041
f 3329/3213/1246 4107/3921/1486 4867/4681/2043 5597/5411/2178
f 4108/3922/2226 3331/3215/2226 4317/4131/2226 3053/5762/2226
f 4318/4132/1546 3330/3214/1247 5599/5413/2179 5232/5046/2118
f 3332/3216/1243 4334/4148/1552 5258/5072/2126 5261/5075/2124
f 3050/5759/2225 4335/4149/2225 3334/3218/2225 4110/3924/2225
f 4111/3925/1484 3333/3217/1244 5263/5077/2123 4872/4686/2041
f 3335/3219/1246 4113/3927/1486 4879/4693/2043 5600/5414/2178
f 4114/3928/2226 3337/3221/2226 4311/4125/2226 3054/5763/2226
f 4312/4126/1546 3336/3220/1247 5602/5416/2179 5223/5037/2118
f 4112/3926/1485 3338/3222/1250 4880/4694/2046 4877/4691/2044
f 3339/3223/2226 4114/3928/2226 3054/5763/2226 4309/4123/2226
f 3340/3224/1252 4308/4122/1542 5221/5035/2114 4881/4695/2049
f 3341/3225/1253 4116/3930/1491 4885/4699/2050 5603/5417/2181
f 4117/3931/2227 3343/3227/2227 4305/4119/2227 3055/5764/2227
f 4306/4120/1540 3342/3226/1254 5605/5419/2180 5214/5028/2112
f 3344/3228/1256 4328/4142/1544 5249/5063/2119 5252/5066/2117
f 3051/5760/2226 4329/4143/2226 3346/3230/2226 4119/3933/2226
f 4120/3934/1495 3345/3229/1257 5254/5068/2116 4890/4704/2056
f 3347/3231/1253 4122/3936/1491 4897/4711/2050 5606/5420/2181
f 4123/3937/2227 3349/3233/2227 4299/4113/2227 3056/5765/2227
f 4300/4114/1540 3348/3232/1254 5608/5422/2180 5205/5019/2112
f 3350/3234/1256 4322/4136/1544 5240/5054/2119 5243/5057/2117
f 3052/5761/2226 4323/4137/2226 3352/3236/2226 4125/3939/2226
f 4126/3940/1495 3351/3235/1257 5245/5059/2116 4902/4716/2056
f 3353/3237/1253 4128/3942/1491 4909/4723/2050 5609/5423/2181
f 4129/3943/2227 3355/3239/2227 4293/4107/2227 3057/5766/2227
f 4294/4108/1540 3354/3238/1254 5611/5425/2180 5196/5010/2112
f 3356/3240/1256 4316/4130/1544 5231/5045/2119 5234/5048/2120
f 3053/5762/2226 4317/4131/2226 3358/3242/2226 4131/3945/2226
f 4132/3946/1495 3357/3241/1257 5236/5050/2116 4914/4728/2056
f 3359/3243/1253 4134/3948/1491 4921/4735/2050 5612/5426/2181
f 4135/3949/2227 3361/3245/2227 4287/4101/2227 3058/5767/2227
f 4288/4102/1540 3360/3244/1254 5614/5428/2180 5187/5001/2112
f 3362/3246/1256 4310/4124/1544 5222/5036/2119 5225/5039/2117
f 3054/5763/2226 4311/4125/2226 3364/3248/2226 4137/3951/2226
f 4138/3952/1495 3363/3247/1257 5227/5041/2116 4926/4740/2056
f 3365/3249/1259 4136/3950/1493 4925/4739/2057 4928/4742/2055
f 4309/4123/2226 3054/5763/2226 4137/3951/2226 3367/3251/2226
f 4307/4121/1541 3366/3250/1260 4930/4744/2058 5219/5033/2115
f 3368/3252/1262 4304/4118/1538 5213/5027/2113 5216/5030/2111
f 3055/5764/2227 4305/4119/2227 3370/3254/2227 4140/3954/2227
f 4141/3955/1499 3369/3253/1263 5218/5032/2110 4932/4746/2062
f 3371/3255/1265 4143/3957/1501 4939/4753/2064 5615/5429/2183
f 4144/3958/2228 3373/3257/2228 4281/4095/2228 3059/5768/2228
f 4282/4096/1534 3372/3256/1266 5617/5431/2182 5178/4992/2106
f 3374/3258/1262 4298/4112/1538 5204/5018/2113 5207/5021/2111
f 3056/5765/2227 4299/4113/2227 3376/3260/2227 4146/3960/2227
f 4147/3961/1499 3375/3259/1263 5209/5023/2110 4944/4758/2062
f 3377/3261/1265 4149/3963/1501 4951/4765/2064 5618/5432/2183
f 4150/3964/2228 3379/3263/2228 4275/4089/2228 3060/5769/2228
f 4276/4090/1534 3378/3262/1266 5620/5434/2182 5169/4983/2106
f 3380/3264/1262 4292/4106/1538 5195/5009/2113 5198/5012/2111
f 3057/5766/2227 4293/4107/2227 3382/3266/2227 4152/3966/2227
f 4153/3967/1499 3381/3265/1263 5200/5014/2110 4956/4770/2062
f 3383/3267/1265 4155/3969/1501 4963/4777/2064 5621/5435/2183
f 4156/3970/2228 3385/3269/2228 4269/4083/2228 3061/5770/2228
f 4270/4084/1534 3384/3268/1266 5623/5437/2182 5160/4974/2106
f 3386/3270/1262 4286/4100/1538 5186/5000/2113 5189/5003/2111
f 3058/5767/2227 4287/4101/2227 3388/3272/2227 4158/3972/2227
f 4159/3973/1499 3387/3271/1263 5191/5005/2110 4968/4782/2069
f 3389/3273/1265 4161/3975/1501 4975/4789/2064 5624/5438/2183
f 4162/3976/2228 3391/3275/2228 4263/4077/2228 3062/5771/2228
f 4264/4078/1534 3390/3274/1266 5626/5440/2182 5151/4965/2106
f 4160/3974/1500 3392/3276/1271 4976/4790/2067 4973/4787/2065
f 3393/3277/2228 4162/3976/2228 3062/5771/2228 4261/4075/2228
f 3394/3278/1273 4260/4074/1530 5149/4963/2102 4977/4791/2066
f 3395/3279/1274 4164/3978/1505 4981/4795/2070 5627/5441/2185
f 4165/3979/2229 3397/3281/2229 4257/4071/2229 3063/5772/2229
f 4258/4072/1528 3396/3280/1275 5629/5443/2184 5142/4956/2099
f 3398/3282/1277 4280/4094/1532 5177/4991/2107 5180/4994/2105
f 3059/5768/2228 4281/4095/2228 3400/3284/2228 4167/3981/2228
f 4168/3982/1509 3399/3283/1278 5182/4996/2104 4986/4800/2076
f 3401/3285/1274 4170/3984/1505 4993/4807/2070 5630/5444/2185
f 4171/3985/2229 3403/3287/2229 4251/4065/2229 3064/5773/2229
f 4252/4066/1528 3402/3286/1275 5632/5446/2186 5133/4947/2099
f 3404/3288/1277 4274/4088/1532 5168/4982/2107 5171/4985/2105
f 3060/5769/2228 4275/4089/2228 3406/3290/2228 4173/3987/2228
f 4174/3988/1509 3405/3289/1278 5173/4987/2104 4998/4812/2076
f 3407/3291/1274 4176/3990/1505 5005/4819/2070 5633/5447/2185
f 4177/3991/2229 3409/3293/2229 4245/4059/2229 3065/5774/2229
f 4246/4060/1528 3408/3292/1275 5635/5449/2186 5124/4938/2099
f 3410/3294/1277 4268/4082/1532 5159/4973/2107 5162/4976/2105
f 3061/5770/2228 4269/4083/2228 3412/3296/2228 4179/3993/2228
f 4180/3994/1509 3411/3295/1278 5164/4978/2104 5010/4824/2076
f 3413/3297/1280 4182/3996/1505 5017/4831/2070 5636/5450/2185
f 4183/3997/2229 3415/3299/2229 4239/4053/2229 3066/5775/2229
f 4240/4054/1528 3414/3298/1275 5638/5452/2184 5115/4929/2099
f 3416/3300/1281 4262/4076/1532 5150/4964/2107 5153/4967/2105
f 3062/5771/2228 4263/4077/2228 3418/3302/2228 4185/3999/2228
f 4186/4000/1509 3417/3301/1278 5155/4969/2104 5022/4836/2076
f 3419/3303/1282 4184/3998/1507 5021/4835/2077 5024/4838/2075
f 4261/4075/2228 3062/5771/2228 4185/3999/2228 3421/3305/2228
f 4259/4073/1529 3420/3304/1283 5026/4840/2074 5147/4961/2103
f 3422/3306/1285 4256/4070/1526 5141/4955/2100 5144/4958/2101
f 3063/5772/2229 4257/4071/2229 3424/3308/2229 4188/4002/2229
f 4189/4003/1513 3423/3307/1286 5146/4960/2097 5028/4842/2081
f 3425/3309/1288 4191/4005/1515 5035/4849/2083 5639/5453/2188
f 4192/4006/2214 3427/3311/2214 4233/4047/2214 3067/5734/2214
f 4234/4048/1522 3426/3310/1289 5641/5455/2187 5109/4923/2093
f 3428/3312/1285 4250/4064/1526 5132/4946/2100 5135/4949/2101
f 3064/5773/2229 4251/4065/2229 3430/3314/2229 4194/4008/2229
f 4195/4009/1513 3429/3313/1286 5137/4951/2097 5040/4854/2081
f 3431/3315/1288 4197/4011/1515 5047/4861/2083 5642/5456/2188
f 4198/4012/2214 3433/3317/2214 4227/4041/2214 3068/5732/2214
f 4228/4042/1522 3432/3316/1289 5644/5458/2187 5100/4914/2093
f 3434/3318/1285 4244/4058/1526 5123/4937/2100 5126/4940/2101
f 3065/5774/2229 4245/4059/2229 3436/3320/2229 4200/4014/2229
f 4201/4015/1513 3435/3319/1286 5128/4942/2097 5052/4866/2088
f 3437/3321/1288 4203/4017/1515 5059/4873/2083 5645/5459/2188
f 4204/4018/2214 3439/3323/2214 4221/4035/2214 3069/5730/2214
f 4222/4036/1522 3438/3322/1289 5647/5461/2187 5091/4905/2093
f 3440/3324/1285 4238/4052/1526 5114/4928/2100 5117/4931/2098
f 3066/5775/2229 4239/4053/2229 3442/3326/2229 4206/4020/2229
f 4207/4021/1513 3441/3325/1286 5119/4933/2097 5064/4878/2081
f 3443/3327/1288 4209/4023/1515 5071/4885/2083 5648/5462/2188
f 4210/4024/2214 3445/3329/2214 4215/4029/2214 3070/5728/2214
f 4216/4030/1522 3444/3328/1289 5650/5464/2187 5082/4896/2093
f 4208/4022/1514 3446/3330/1291 5072/4886/2086 5069/4883/2084
f 3447/3331/2214 4210/4024/2214 3070/5728/2214 4213/4027/2214
f 3448/3332/1293 4212/4026/1518 5077/4891/2089 5073/4887/2085
f 5080/4894/2214 4500/4314/2214 4504/4318/2214 3457/5776/1973 3449/5777/1294
f 3450/3334/1295 3458/5589/1974 2990/2975/1151 2983/5718/1151
f 5074/4888/2214 5076/4890/2214 5080/4894/2214 3449/5777/1294 3452/5716/1297 3887/5582/1971
f 5505/5319/2215 5503/5317/2215 4545/4359/2215 3453/3337/1298 3456/3340/1301 2982/2988/1151
f 4545/4359/2215 4543/4357/2215 5518/5332/2215 3488/5601/1974 3453/3337/1298
f 3888/5638/1971 3884/5636/1971 3454/5720/1299 3487/5778/1973
f 4509/4323/2215 4507/4321/2215 5509/5323/2215 3458/5589/1974 3463/5591/1974
f 3918/5650/1971 3913/5648/1971 3462/5779/1973 3457/5776/1973
f 4504/4318/2214 5083/4897/2214 5649/5463/2214 3918/5650/1971 3457/5776/1973
f 5509/5323/2215 5472/5286/2215 4587/4401/2215 2990/2975/1151 3458/5589/1974
f 3923/3737/1430 3459/3341/1302 4502/4316/1980 4499/4313/1978
f 3070/5728/2214 4215/4029/2214 3460/3342/2214 3925/3739/2214
f 3461/3343/1304 4214/4028/1520 5081/4895/2094 4503/4317/1979
f 5089/4903/2214 4512/4326/2214 4516/4330/2214 3467/5780/1973 3462/5779/1973
f 3463/5591/1974 3468/5593/1974 2988/2979/1151 2989/2976/1151
f 5062/4876/2214 5085/4899/2214 5089/4903/2214 3462/5779/1973 3913/5648/1971
f 5478/5292/2215 5476/5290/2215 4509/4323/2215 3463/5591/1974 2989/2976/1151
f 3464/3344/1177 3926/3740/1433 4505/4319/1984 4508/4322/1982
f 3927/3741/2215 3466/3346/2215 4479/4293/2215 3026/5729/2215
f 4480/4294/1592 3465/3345/1178 4510/4324/1981 5475/5289/2161
f 4521/4335/2215 4519/4333/2215 5512/5326/2215 3468/5593/1974 3473/5595/1974
f 3908/5646/1971 3903/5644/1971 3472/5781/1973 3467/5780/1973
f 4516/4330/2214 5092/4906/2214 5646/5460/2214 3908/5646/1971 3467/5780/1973
f 5512/5326/2215 5481/5295/2215 4575/4389/2215 2988/2979/1151 3468/5593/1974
f 3929/3743/1430 3469/3347/1302 4514/4328/1980 4511/4325/1985
f 3069/5730/2214 4221/4035/2214 3470/3348/2214 3931/3745/2214
f 3471/3349/1304 4220/4034/1520 5090/4904/2094 4515/4329/1979
f 5098/4912/2214 4524/4338/2214 4528/4342/2214 3477/5782/1973 3472/5781/1973
f 3473/5595/1974 3478/5597/1974 2986/2983/1151 2987/2980/1151
f 5050/4864/2214 5094/4908/2214 5098/4912/2214 3472/5781/1973 3903/5644/1971
f 5487/5301/2215 5485/5299/2215 4521/4335/2215 3473/5595/1974 2987/2980/1151
f 3474/3350/1177 3932/3746/1433 4517/4331/1984 4520/4334/1982
f 3933/3747/2215 3476/3352/2215 4485/4299/2215 3025/5731/2215
f 4486/4300/1592 3475/3351/1178 4522/4336/1981 5484/5298/2161
f 4533/4347/2215 4531/4345/2215 5515/5329/2215 3478/5597/1974 3483/5599/1974
f 3898/5642/1971 3893/5640/1971 3482/5783/1973 3477/5782/1973
f 4528/4342/2214 5101/4915/2214 5643/5457/2214 3898/5642/1971 3477/5782/1973
f 5515/5329/2215 5490/5304/2215 4563/4377/2215 2986/2983/1151 3478/5597/1974
f 3935/3749/1430 3479/3353/1302 4526/4340/1980 4523/4337/1978
f 3068/5732/2214 4227/4041/2214 3480/3354/2214 3937/3751/2214
f 3481/3355/1304 4226/4040/1520 5099/4913/2094 4527/4341/1979
f 5107/4921/2214 4536/4350/2214 4540/4354/2214 3487/5778/1973 3482/5783/1973
f 3483/5599/1974 3488/5601/1974 2984/2987/1151 2985/2984/1151
f 5038/4852/2214 5103/4917/2214 5107/4921/2214 3482/5783/1973 3893/5640/1971
f 5496/5310/2215 5494/5308/2215 4533/4347/2215 3483/5599/1974 2985/2984/1151
f 3484/3356/1177 3938/3752/1433 4529/4343/1984 4532/4346/1982
f 3939/3753/2215 3486/3358/2215 4491/4305/2215 3024/5733/2215
f 4492/4306/1592 3485/3357/1178 4534/4348/1981 5493/5307/2161
f 4540/4354/2214 5110/4924/2214 5640/5454/2214 3888/5638/1971 3487/5778/1973
f 5518/5332/2215 5499/5313/2215 4551/4365/2215 2984/2987/1151 3488/5601/1974
f 3941/3755/1430 3489/3359/1302 4538/4352/1980 4535/4349/1978
f 3067/5734/2214 4233/4047/2214 3490/3360/2214 3943/3757/2214
f 3491/3361/1304 4232/4046/1520 5108/4922/2094 4539/4353/1979
f 3492/3362/1305 3947/3761/1436 4547/4361/1989 4550/4364/1987
f 4495/4309/2215 3023/5735/2215 3948/3762/2215 3494/3364/2215
f 4493/4307/1587 3493/3363/1306 4552/4366/1986 5498/5312/2158
f 3950/3764/1439 3495/3365/1186 4556/4370/1993 4553/4367/1991
f 3496/3366/2222 3952/3766/2222 3027/5736/2222 4471/4285/2222
f 3497/3367/1188 4470/4284/1580 5464/5278/2151 4557/4371/1992
f 3498/3368/1305 3953/3767/1436 4559/4373/1989 4562/4376/1987
f 4489/4303/2215 3024/5733/2215 3954/3768/2215 3500/3370/2215
f 4487/4301/1587 3499/3369/1306 4564/4378/1986 5489/5303/2158
f 3956/3770/1439 3501/3371/1186 4568/4382/1993 4565/4379/1991
f 3502/3372/2222 3958/3772/2222 3028/5737/2222 4465/4279/2222
f 3503/3373/1188 4464/4278/1580 5455/5269/2151 4569/4383/1992
f 3504/3374/1305 3959/3773/1436 4571/4385/1989 4574/4388/1987
f 4483/4297/2215 3025/5731/2215 3960/3774/2215 3506/3376/2215
f 4481/4295/1587 3505/3375/1306 4576/4390/1986 5480/5294/2158
f 3962/3776/1439 3507/3377/1186 4580/4394/1993 4577/4391/1991
f 3508/3378/2222 3964/3778/2222 3029/5738/2222 4459/4273/2222
f 3509/3379/1188 4458/4272/1580 5446/5260/2151 4581/4395/1992
f 3510/3380/1305 3965/3779/1436 4583/4397/1989 4586/4400/1987
f 4477/4291/2215 3026/5729/2215 3966/3780/2215 3512/3382/2215
f 4475/4289/1587 3511/3381/1306 4588/4402/1986 5471/5285/2158
f 3971/3785/1442 3513/3383/1309 4598/4412/1999 4595/4409/1997
f 3514/3384/2223 3973/3787/2223 3031/5740/2223 4447/4261/2223
f 3515/3385/1311 4446/4260/1574 5428/5242/2145 4599/4413/1998
f 3516/3386/1196 3974/3788/1445 4601/4415/2003 4604/4418/2001
f 4471/4285/2222 3027/5736/2222 3975/3789/2222 3518/3388/2222
f 4469/4283/1579 3517/3387/1197 4606/4420/2000 5462/5276/2152
f 3977/3791/1448 3519/3389/1309 4610/4424/1999 4607/4421/1997
f 3520/3390/2223 3979/3793/2223 3032/5741/2223 4441/4255/2223
f 3521/3391/1311 4440/4254/1574 5419/5233/2145 4611/4425/1998
f 3522/3392/1196 3980/3794/1445 4613/4427/2003 4616/4430/2001
f 4465/4279/2222 3028/5737/2222 3981/3795/2222 3524/3394/2222
f 4463/4277/1579 3523/3393/1197 4618/4432/2000 5453/5267/2152
f 3983/3797/1448 3525/3395/1309 4622/4436/1999 4619/4433/1997
f 3526/3396/2223 3985/3799/2223 3033/5742/2223 4435/4249/2223
f 3527/3397/1311 4434/4248/1574 5410/5224/2145 4623/4437/1998
f 3528/3398/1196 3986/3800/1445 4625/4439/2003 4628/4442/2001
f 4459/4273/2222 3029/5738/2222 3987/3801/2222 3530/3400/2222
f 4457/4271/1585 3529/3399/1197 4630/4444/2000 5444/5258/2152
f 3989/3803/1448 3531/3401/1309 4634/4448/1999 4631/4445/1997
f 3532/3402/2223 3991/3805/2223 3034/5743/2223 4429/4243/2223
f 3533/3403/1311 4428/4242/1574 5401/5215/2145 4635/4449/1998
f 4647/4461/2223 4645/4459/2223 5433/5247/2223 3535/5603/1956 3539/5605/1956
f 3538/5604/1955 3534/5602/1955 3574/3426/1319 3577/3429/1322
f 5433/5247/2223 5431/5245/2223 5532/5346/2223 2991/2989/1152 3535/5603/1956
f 5553/5367/2224 4686/4500/2224 4690/4504/2224 3537/5559/1955 3568/5616/1955
f 2992/5721/1152 2999/2978/1152 3569/5617/1956 3536/5560/1956
f 4690/4504/2224 5364/5178/2224 4737/4551/2224 3000/5722/2217 3537/5559/1955
f 5544/5358/2224 4650/4464/2224 4654/4468/2224 3543/5606/1955 3538/5604/1955
f 2994/2985/1152 2993/2990/1152 3539/5605/1956 3544/5607/1956
f 5397/5211/2224 5395/5209/2224 5544/5358/2224 3538/5604/1955 3577/3429/1322 3581/3433/1326
f 4600/4414/2223 5427/5241/2223 4647/4461/2223 3539/5605/1956 2993/2990/1152
f 3540/3404/1312 3995/3809/1450 4643/4457/2009 4646/4460/2007
f 4447/4261/2223 3031/5740/2223 3996/3810/2223 3542/3406/2223
f 4445/4259/1573 3541/3405/1313 4648/4462/2006 5426/5240/2146
f 4659/4473/2223 4657/4471/2223 5424/5238/2223 3544/5607/1956 3549/5609/1956
f 3548/5608/1955 3543/5606/1955 3586/3438/1331 3593/3445/1322
f 4654/4468/2224 5391/5205/2224 4701/4515/2224 3587/3439/1332 3586/3438/1331 3543/5606/1955
f 5424/5238/2223 5422/5236/2223 5535/5349/2223 2994/2985/1152 3544/5607/1956
f 3998/3812/1453 3545/3407/1315 4652/4466/2013 4649/4463/2011
f 3546/3408/2224 4000/3814/2224 3035/5744/2224 4423/4237/2224
f 3547/3409/1208 4422/4236/1568 5392/5206/2139 4653/4467/2012
f 5547/5361/2224 4662/4476/2224 4666/4480/2224 3553/5610/1955 3548/5608/1955
f 2996/2981/1152 2995/2986/1152 3549/5609/1956 3554/5611/1956
f 5388/5202/2224 5386/5200/2224 5547/5361/2224 3548/5608/1955 3593/3445/1322 3597/3449/1326
f 4612/4426/2223 5418/5232/2223 4659/4473/2223 3549/5609/1956 2995/2986/1152
f 3550/3410/1312 4001/3815/1450 4655/4469/2009 4658/4472/2007
f 4441/4255/2223 3032/5741/2223 4002/3816/2223 3552/3412/2223
f 4439/4253/1573 3551/3411/1313 4660/4474/2006 5417/5231/2146
f 4671/4485/2223 4669/4483/2223 5415/5229/2223 3554/5611/1956 3559/5613/1956
f 3558/5612/1955 3553/5610/1955 3602/3454/1331 3609/3461/1322
f 4666/4480/2224 5382/5196/2224 4713/4527/2224 3603/3455/1332 3602/3454/1331 3553/5610/1955
f 5415/5229/2223 5413/5227/2223 5538/5352/2223 2996/2981/1152 3554/5611/1956
f 4004/3818/1453 3555/3413/1315 4664/4478/2013 4661/4475/2011
f 3556/3414/2224 4006/3820/2224 3036/5745/2224 4417/4231/2224
f 3557/3415/1208 4416/4230/1568 5383/5197/2139 4665/4479/2012
f 5550/5364/2224 4674/4488/2224 4678/4492/2224 3563/5614/1955 3558/5612/1955
f 2998/2977/1152 2997/2982/1152 3559/5613/1956 3564/5615/1956
f 5379/5193/2224 5377/5191/2224 5550/5364/2224 3558/5612/1955 3609/3461/1322 3613/3465/1326
f 4624/4438/2223 5409/5223/2223 4671/4485/2223 3559/5613/1956 2997/2982/1152
f 3560/3416/1312 4007/3821/1450 4667/4481/2009 4670/4484/2007
f 4435/4249/2223 3033/5742/2223 4008/3822/2223 3562/3418/2223
f 4433/4247/1573 3561/3417/1313 4672/4486/2006 5408/5222/2146
f 4683/4497/2223 4681/4495/2223 5406/5220/2223 3564/5615/1956 3569/5617/1956
f 3568/5616/1955 3563/5614/1955 3618/3470/1331 3625/3477/1322
f 4678/4492/2224 5373/5187/2224 4725/4539/2224 3619/3471/1332 3618/3470/1331 3563/5614/1955
f 5406/5220/2223 5404/5218/2223 5541/5355/2223 2998/2977/1152 3564/5615/1956
f 4010/3824/1453 3565/3419/1315 4676/4490/2013 4673/4487/2011
f 3566/3420/2224 4012/3826/2224 3037/5746/2224 4411/4225/2224
f 3567/3421/1208 4410/4224/1568 5374/5188/2139 4677/4491/2012
f 5370/5184/2224 5368/5182/2224 5553/5367/2224 3568/5616/1955 3625/3477/1322 3629/3481/1326
f 4636/4450/2223 5400/5214/2223 4683/4497/2223 3569/5617/1956 2999/2978/1152
f 3570/3422/1312 4013/3827/1450 4679/4493/2009 4682/4496/2007
f 4429/4243/2223 3034/5743/2223 4014/3828/2223 3572/3424/2223
f 4427/4241/1573 3571/3423/1313 4684/4498/2006 5399/5213/2146
f 5361/5175/2219 5359/5173/2219 5556/5370/2219 3573/3425/1318 3576/3428/1321 3635/3487/1338 3634/3486/1337
f 5556/5370/2219 4692/4506/2219 4696/4510/2219 3578/3430/1323 3573/3425/1318
f 4701/4515/2224 4699/4513/2224 5397/5211/2224 3581/3433/1326 3580/3432/1325 3588/3440/1333 3587/3439/1332
f 3589/3441/1334 3588/3440/1333 3580/3432/1325 3579/3431/1324 3641/3493/1344 3640/3492/1343 3648/3500/1351 3647/3499/1350
f 4696/4510/2219 5355/5169/2219 4743/4557/2219 3637/3489/1340 3641/3493/1344 3579/3431/1324 3578/3430/1323
f 4019/3833/1457 3582/3434/1327 4694/4508/2017 4691/4505/2015
f 3583/3435/2219 4021/3835/2219 3039/5748/2219 4399/4213/2219
f 3584/3436/1329 4398/4212/1562 5356/5170/2133 4695/4509/2016
f 5559/5373/2219 4704/4518/2219 4708/4522/2219 3594/3446/1323 3585/3437/1330
f 5352/5166/2219 5350/5164/2219 5559/5373/2219 3585/3437/1330 3589/3441/1334 3647/3499/1350 3646/3498/1349
f 3590/3442/1216 4022/3836/1460 4697/4511/2021 4700/4514/2019
f 4423/4237/2224 3035/5744/2224 4023/3837/2224 3592/3444/2224
f 4421/4235/1567 3591/3443/1217 4702/4516/2018 5390/5204/2140
f 4713/4527/2224 4711/4525/2224 5388/5202/2224 3597/3449/1326 3596/3448/1325 3604/3456/1333 3603/3455/1332
f 3605/3457/1334 3604/3456/1333 3596/3448/1325 3595/3447/1324 3657/3509/1344 3656/3508/1343 3664/3516/1351 3663/3515/1350
f 4708/4522/2219 5346/5160/2219 4755/4569/2219 3653/3505/1340 3657/3509/1344 3595/3447/1324 3594/3446/1323
f 4025/3839/1457 3598/3450/1335 4706/4520/2017 4703/4517/2015
f 3599/3451/2219 4027/3841/2219 3040/5749/2219 4393/4207/2219
f 3600/3452/1329 4392/4206/1562 5347/5161/2133 4707/4521/2016
f 5562/5376/2219 4716/4530/2219 4720/4534/2219 3610/3462/1323 3601/3453/1330
f 5343/5157/2219 5341/5155/2219 5562/5376/2219 3601/3453/1330 3605/3457/1334 3663/3515/1350 3662/3514/1349
f 3606/3458/1216 4028/3842/1463 4709/4523/2021 4712/4526/2019
f 4417/4231/2224 3036/5745/2224 4029/3843/2224 3608/3460/2224
f 4415/4229/1567 3607/3459/1217 4714/4528/2018 5381/5195/2140
f 4725/4539/2224 4723/4537/2224 5379/5193/2224 3613/3465/1326 3612/3464/1325 3620/3472/1333 3619/3471/1332
f 3621/3473/1334 3620/3472/1333 3612/3464/1325 3611/3463/1324 3673/3525/1344 3672/3524/1343 3680/3532/1351 3679/3531/1350
f 4720/4534/2219 5337/5151/2219 4767/4581/2219 3669/3521/1340 3673/3525/1344 3611/3463/1324 3610/3462/1323
f 4031/3845/1457 3614/3466/1327 4718/4532/2017 4715/4529/2015
f 3615/3467/2219 4033/3847/2219 3041/5750/2219 4387/4201/2219
f 3616/3468/1329 4386/4200/1562 5338/5152/2133 4719/4533/2016
f 5565/5379/2219 4728/4542/2219 4732/4546/2219 3626/3478/1323 3617/3469/1330
f 5334/5148/2219 5332/5146/2219 5565/5379/2219 3617/3469/1330 3621/3473/1334 3679/3531/1350 3678/3530/1349
f 3622/3474/1216 4034/3848/1463 4721/4535/2021 4724/4538/2019
f 4411/4225/2224 3037/5746/2224 4035/3849/2224 3624/3476/2224
f 4409/4223/1567 3623/3475/1217 4726/4540/2018 5372/5186/2140
f 4737/4551/2224 4735/4549/2224 5370/5184/2224 3629/3481/1326 3628/3480/1325 3000/5722/2217
f 3000/5722/2217 3628/3480/1325 3627/3479/1324 3689/3541/1344 3688/3540/1343 3001/5723/2218
f 4732/4546/2219 5328/5142/2219 4779/4593/2219 3685/3537/1340 3689/3541/1344 3627/3479/1324 3626/3478/1323
f 4037/3851/1457 3630/3482/1335 4730/4544/2017 4727/4541/2015
f 3631/3483/2219 4039/3853/2219 3042/5751/2219 4381/4195/2219
f 3632/3484/1329 4380/4194/1562 5329/5143/2133 4731/4545/2016
f 4743/4557/2219 4741/4555/2219 5361/5175/2219 3634/3486/1337 3637/3489/1340
f 3638/3490/1341 3633/3485/1336 3694/3546/1355 3702/5619/1976
f 5568/5382/2221 4746/4560/2221 4750/4564/2221 3649/3501/1352 3648/3500/1351 3640/3492/1343 3639/3491/1342
f 5325/5139/2221 5323/5137/2221 5568/5382/2221 3639/3491/1342 3638/3490/1341 3702/5619/1976
f 3642/3494/1345 4043/3857/1466 4739/4553/2025 4742/4556/2023
f 4399/4213/2219 3039/5748/2219 4044/3858/2219 3644/3496/2219
f 4397/4211/1561 3643/3495/1346 4744/4558/2022 5354/5168/2134
f 4755/4569/2219 4753/4567/2219 5352/5166/2219 3646/3498/1349 3653/3505/1340
f 3654/3506/1341 3645/3497/1348 3707/5621/1976 3712/5623/1976
f 4750/4564/2221 5319/5133/2221 4797/4611/2221 3707/5621/1976 3645/3497/1348 3649/3501/1352
f 4046/3860/1469 3650/3502/1230 4748/4562/2029 4745/4559/2027
f 3651/3503/2221 4048/3862/2221 3043/5752/2221 4375/4189/2221
f 3652/3504/1232 4374/4188/1556 5320/5134/2127 4749/4563/2028
f 5571/5385/2221 4758/4572/2221 4762/4576/2221 3665/3517/1352 3664/3516/1351 3656/3508/1343 3655/3507/1342
f 5316/5130/2221 5314/5128/2221 5571/5385/2221 3655/3507/1342 3654/3506/1341 3712/5623/1976
f 3658/3510/1345 4049/3863/1466 4751/4565/2025 4754/4568/2023
f 4393/4207/2219 3040/5749/2219 4050/3864/2219 3660/3512/2219
f 4391/4205/1561 3659/3511/1346 4756/4570/2022 5345/5159/2134
f 4767/4581/2219 4765/4579/2219 5343/5157/2219 3662/3514/1349 3669/3521/1340
f 3670/3522/1341 3661/3513/1348 3717/5625/1976 3722/5627/1976
f 4762/4576/2221 5310/5124/2221 4809/4623/2221 3717/5625/1976 3661/3513/1348 3665/3517/1352
f 4052/3866/1469 3666/3518/1230 4760/4574/2029 4757/4571/2027
f 3667/3519/2221 4054/3868/2221 3044/5753/2221 4369/4183/2221
f 3668/3520/1232 4368/4182/1556 5311/5125/2127 4761/4575/2028
f 5574/5388/2221 4770/4584/2221 4774/4588/2221 3681/3533/1352 3680/3532/1351 3672/3524/1343 3671/3523/1342
f 5307/5121/2221 5305/5119/2221 5574/5388/2221 3671/3523/1342 3670/3522/1341 3722/5627/1976
f 3674/3526/1345 4055/3869/1466 4763/4577/2025 4766/4580/2023
f 4387/4201/2219 3041/5750/2219 4056/3870/2219 3676/3528/2219
f 4385/4199/1561 3675/3527/1346 4768/4582/2022 5336/5150/2134
f 4779/4593/2219 4777/4591/2219 5334/5148/2219 3678/3530/1349 3685/3537/1340
f 3686/3538/1341 3677/3529/1348 3727/5629/1976 3732/5631/1976
f 4774/4588/2221 5301/5115/2221 4821/4635/2221 3727/5629/1976 3677/3529/1348 3681/3533/1352
f 4058/3872/1469 3682/3534/1230 4772/4586/2029 4769/4583/2027
f 3683/3535/2221 4060/3874/2221 3045/5754/2221 4363/4177/2221
f 3684/3536/1232 4362/4176/1556 5302/5116/2127 4773/4587/2028
f 5577/5391/2221 4782/4596/2221 4786/4600/2221 3001/5723/2218 3688/3540/1343 3687/3539/1342
f 5298/5112/2221 5296/5110/2221 5577/5391/2221 3687/3539/1342 3686/3538/1341 3732/5631/1976
f 3690/3542/1353 4061/3875/1466 4775/4589/2025 4778/4592/2023
f 4381/4195/2219 3042/5751/2219 4062/3876/2219 3692/3544/2219
f 4379/4193/1561 3691/3543/1346 4780/4594/2022 5327/5141/2134
f 5289/5103/2225 5287/5101/2225 5580/5394/2225 3693/3545/1354 3696/3548/1357 3737/5633/1964
f 5580/5394/2225 4788/4602/2225 4792/4606/2225 3701/5618/1975 3693/3545/1354
f 3698/3550/1359 3731/5630/1975 3786/3618/1376 3738/5572/1964
f 4786/4600/2221 5292/5106/2221 4833/4647/2221 3697/3549/1358 3700/3552/1361 3001/5723/2218
f 4833/4647/2221 4831/4645/2221 5298/5112/2221 3732/5631/1976 3697/3549/1358
f 4797/4611/2221 4795/4609/2221 5325/5139/2221 3702/5619/1976 3707/5621/1976
f 3706/5620/1975 3701/5618/1975 3741/5635/1964 3745/3577/1369
f 4792/4606/2225 5283/5097/2225 4839/4653/2225 3741/5635/1964 3701/5618/1975
f 4067/3881/1473 3703/3553/1362 4790/4604/2034 4787/4601/2032
f 3704/3554/2225 4069/3883/2225 3047/5756/2225 4351/4165/2225
f 3705/3555/1364 4350/4164/1550 5284/5098/2121 4791/4605/2033
f 5583/5397/2225 4800/4614/2225 4804/4618/2225 3711/5622/1975 3706/5620/1975
f 5280/5094/2225 5278/5092/2225 5583/5397/2225 3706/5620/1975 3745/3577/1369 3749/3581/1373
f 3708/3556/1365 4070/3884/1476 4793/4607/2038 4796/4610/2036
f 4375/4189/2221 3043/5752/2221 4071/3885/2221 3710/3558/2221
f 4373/4187/1555 3709/3557/1241 4798/4612/2035 5318/5132/2128
f 4809/4623/2221 4807/4621/2221 5316/5130/2221 3712/5623/1976 3717/5625/1976
f 3716/5624/1975 3711/5622/1975 3754/3586/1376 3761/3593/1369
f 4804/4618/2225 5274/5088/2225 4851/4665/2225 3755/3587/1377 3754/3586/1376 3711/5622/1975
f 4073/3887/1473 3713/3559/1362 4802/4616/2034 4799/4613/2032
f 3714/3560/2225 4075/3889/2225 3048/5757/2225 4345/4159/2225
f 3715/3561/1364 4344/4158/1550 5275/5089/2121 4803/4617/2033
f 5586/5400/2225 4812/4626/2225 4816/4630/2225 3721/5626/1975 3716/5624/1975
f 5271/5085/2225 5269/5083/2225 5586/5400/2225 3716/5624/1975 3761/3593/1369 3765/3597/1373
f 3718/3562/1240 4076/3890/1480 4805/4619/2038 4808/4622/2036
f 4369/4183/2221 3044/5753/2221 4077/3891/2221 3720/3564/2221
f 4367/4181/1555 3719/3563/1241 4810/4624/2035 5309/5123/2128
f 4821/4635/2221 4819/4633/2221 5307/5121/2221 3722/5627/1976 3727/5629/1976
f 3726/5628/1975 3721/5626/1975 3770/3602/1376 3777/3609/1369
f 4816/4630/2225 5265/5079/2225 4863/4677/2225 3771/3603/1377 3770/3602/1376 3721/5626/1975
f 4079/3893/1481 3723/3565/1362 4814/4628/2034 4811/4625/2032
f 3724/3566/2225 4081/3895/2225 3049/5758/2225 4339/4153/2225
f 3725/3567/1364 4338/4152/1550 5266/5080/2121 4815/4629/2033
f 5589/5403/2225 4824/4638/2225 4828/4642/2225 3731/5630/1975 3726/5628/1975
f 5262/5076/2225 5260/5074/2225 5589/5403/2225 3726/5628/1975 3777/3609/1369 3781/3613/1373
f 3728/3568/1240 4082/3896/1480 4817/4631/2038 4820/4634/2036
f 4363/4177/2221 3045/5754/2221 4083/3897/2221 3730/3570/2221
f 4361/4175/1555 3729/3569/1241 4822/4636/2035 5300/5114/2128
f 4828/4642/2225 5256/5070/2225 4875/4689/2225 3787/3619/1377 3786/3618/1376 3731/5630/1975
f 4085/3899/1473 3733/3571/1362 4826/4640/2034 4823/4637/2032
f 3734/3572/2225 4087/3901/2225 3050/5759/2225 4333/4147/2225
f 3735/3573/1364 4332/4146/1550 5257/5071/2121 4827/4641/2033
f 4839/4653/2225 4837/4651/2225 5289/5103/2225 3737/5633/1964 3741/5635/1964
f 3740/5634/1963 3736/5632/1963 3002/5724/1150 3003/5784/1150
f 5601/5415/2226 4878/4692/2226 4882/4696/2226 3739/5571/1963 3785/3617/1375
f 4882/4696/2226 5220/5034/2226 4929/4743/2226 3793/3625/1383 3796/3628/1386 3739/5571/1963
f 5592/5406/2226 4842/4656/2226 4846/4660/2226 3746/3578/1370 3740/5634/1963
f 5253/5067/2226 5251/5065/2226 5592/5406/2226 3740/5634/1963 3003/5784/1150
f 3742/3574/1366 4091/3905/1482 4835/4649/2042 4838/4652/2040
f 4351/4165/2225 3047/5756/2225 4092/3906/2225 3744/3576/2225
f 4349/4163/1549 3743/3575/1367 4840/4654/2039 5282/5096/2122
f 4851/4665/2225 4849/4663/2225 5280/5094/2225 3749/3581/1373 3748/3580/1372 3756/3588/1378 3755/3587/1377
f 3757/3589/1379 3756/3588/1378 3748/3580/1372 3747/3579/1371 3004/5785/1150 3005/2973/1150
f 4846/4660/2226 5247/5061/2226 4893/4707/2226 3004/5785/1150 3747/3579/1371 3746/3578/1370
f 4094/3908/1485 3750/3582/1374 4844/4658/2046 4841/4655/2044
f 3751/3583/2226 4096/3910/2226 3051/5760/2226 4327/4141/2226
f 3752/3584/1252 4326/4140/1542 5248/5062/2114 4845/4659/2045
f 5595/5409/2226 4854/4668/2226 4858/4672/2226 3762/3594/1370 3753/3585/1375
f 5244/5058/2226 5242/5056/2226 5595/5409/2226 3753/3585/1375 3757/3589/1379 3005/2973/1150
f 3758/3590/1366 4097/3911/1488 4847/4661/2048 4850/4664/2040
f 4345/4159/2225 3048/5757/2225 4098/3912/2225 3760/3592/2225
f 4343/4157/1549 3759/3591/1380 4852/4666/2039 5273/5087/2122
f 4863/4677/2225 4861/4675/2225 5271/5085/2225 3765/3597/1373 3764/3596/1372 3772/3604/1378 3771/3603/1377
f 3773/3605/1379 3772/3604/1378 3764/3596/1372 3763/3595/1371 3006/2972/1150 3007/2971/1150
f 4858/4672/2226 5238/5052/2226 4905/4719/2226 3006/2972/1150 3763/3595/1371 3762/3594/1370
f 4100/3914/1485 3766/3598/1381 4856/4670/2046 4853/4667/2044
f 3767/3599/2226 4102/3916/2226 3052/5761/2226 4321/4135/2226
f 3768/3600/1252 4320/4134/1542 5239/5053/2114 4857/4671/2049
f 5598/5412/2226 4866/4680/2226 4870/4684/2226 3778/3610/1370 3769/3601/1375
f 5235/5049/2226 5233/5047/2226 5598/5412/2226 3769/3601/1375 3773/3605/1379 3007/2971/1150
f 3774/3606/1366 4103/3917/1482 4859/4673/2042 4862/4676/2040
f 4339/4153/2225 3049/5758/2225 4104/3918/2225 3776/3608/2225
f 4337/4151/1549 3775/3607/1380 4864/4678/2039 5264/5078/2122
f 4875/4689/2225 4873/4687/2225 5262/5076/2225 3781/3613/1373 3780/3612/1372 3788/3620/1378 3787/3619/1377
f 3789/3621/1379 3788/3620/1378 3780/3612/1372 3779/3611/1371 3008/2970/1150 3818/3650/1394 3817/3649/1393
f 4870/4684/2226 5229/5043/2226 4917/4731/2226 3008/2970/1150 3779/3611/1371 3778/3610/1370
f 4106/3920/1485 3782/3614/1374 4868/4682/2046 4865/4679/2044
f 3783/3615/2226 4108/3922/2226 3053/5762/2226 4315/4129/2226
f 3784/3616/1252 4314/4128/1547 5230/5044/2114 4869/4683/2049
f 5226/5040/2226 5224/5038/2226 5601/5415/2226 3785/3617/1375 3789/3621/1379 3817/3649/1393 3816/3648/1392
f 3790/3622/1366 4109/3923/1482 4871/4685/2042 4874/4688/2040
f 4333/4147/2225 3050/5759/2225 4110/3924/2225 3792/3624/2225
f 4331/4145/1549 3791/3623/1367 4876/4690/2039 5255/5069/2122
f 3794/3626/1384 3815/3647/1391 3015/2962/1148 3010/5725/1148
f 4929/4743/2226 4927/4741/2226 5226/5040/2226 3816/3648/1392 3793/3625/1383
f 4115/3929/1490 3797/3629/1387 4886/4700/2053 4883/4697/2051
f 3798/3630/2227 4117/3931/2227 3055/5764/2227 4303/4117/2227
f 3799/3631/1389 4302/4116/1536 5212/5026/2108 4887/4701/2052
f 3800/3632/1259 4118/3932/1493 4889/4703/2057 4892/4706/2055
f 4327/4141/2226 3051/5760/2226 4119/3933/2226 3802/3634/2226
f 4325/4139/1541 3801/3633/1260 4894/4708/2054 5246/5060/2115
f 4121/3935/1490 3803/3635/1387 4898/4712/2053 4895/4709/2051
f 3804/3636/2227 4123/3937/2227 3056/5765/2227 4297/4111/2227
f 3805/3637/1389 4296/4110/1536 5203/5017/2108 4899/4713/2052
f 3806/3638/1259 4124/3938/1493 4901/4715/2059 4904/4718/2055
f 4321/4135/2226 3052/5761/2226 4125/3939/2226 3808/3640/2226
f 4319/4133/1541 3807/3639/1260 4906/4720/2058 5237/5051/2115
f 4127/3941/1490 3809/3641/1387 4910/4724/2053 4907/4721/2051
f 3810/3642/2227 4129/3943/2227 3057/5766/2227 4291/4105/2227
f 3811/3643/1390 4290/4104/1536 5194/5008/2108 4911/4725/2052
f 3812/3644/1259 4130/3944/1493 4913/4727/2057 4916/4730/2055
f 4315/4129/2226 3053/5762/2226 4131/3945/2226 3814/3646/2226
f 4313/4127/1541 3813/3645/1260 4918/4732/2054 5228/5042/2115
f 5613/5427/2227 4920/4734/2227 4924/4738/2227 3819/3651/1395 3818/3650/1394 3008/2970/1150
f 4924/4738/2227 5184/4998/2227 4971/4785/2227 3015/2962/1148 3815/3647/1391 3819/3651/1395
f 4133/3947/1490 3820/3652/1387 4922/4736/2053 4919/4733/2051
f 3821/3653/2227 4135/3949/2227 3058/5767/2227 4285/4099/2227
f 3822/3654/1389 4284/4098/1536 5185/4999/2108 4923/4737/2052
f 4935/4749/2227 4933/4747/2227 5217/5031/2227 3009/5726/1148 3826/3658/1399 3825/3657/1398
f 5616/5430/2228 4938/4752/2228 4942/4756/2228 3832/3664/1405 3823/3655/1396
f 3827/3659/1400 3826/3658/1399 3009/5726/1148 3855/3687/1412 3858/3690/1415
f 3004/5785/1150 3003/5784/1150 3824/3656/1397 3831/3663/1404
f 5181/4995/2228 5179/4993/2228 5616/5430/2228 3823/3655/1396 3827/3659/1400 3858/3690/1415 3862/3694/1419
f 4888/4702/2227 5211/5025/2227 4935/4749/2227 3825/3657/1398 3824/3656/1397 3003/5784/1150
f 3828/3660/1401 4139/3953/1497 4931/4745/2063 4934/4748/2061
f 4303/4117/2227 3055/5764/2227 4140/3954/2227 3830/3662/2227
f 4301/4115/1535 3829/3661/1402 4936/4750/2060 5210/5024/2109
f 4947/4761/2227 4945/4759/2227 5208/5022/2227 3835/3667/1408 3834/3666/1407 3011/2974/1148
f 3011/2974/1148 3834/3666/1407 3833/3665/1406 3017/5786/1149 3018/5787/1149
f 4942/4756/2228 5175/4989/2228 4989/4803/2228 3017/5786/1149 3833/3665/1406 3832/3664/1405
f 5208/5022/2227 5206/5020/2227 5607/5421/2227 3004/5785/1150 3831/3663/1404 3835/3667/1408
f 4142/3956/1500 3836/3668/1271 4940/4754/2067 4937/4751/2065
f 3837/3669/2228 4144/3958/2228 3059/5768/2228 4279/4093/2228
f 3838/3670/1273 4278/4092/1530 5176/4990/2102 4941/4755/2066
f 3839/3671/1401 4145/3959/1503 4943/4757/2063 4946/4760/2061
f 4297/4111/2227 3056/5765/2227 4146/3960/2227 3841/3673/2227
f 4295/4109/1535 3840/3672/1402 4948/4762/2060 5201/5015/2109
f 4148/3962/1500 3842/3674/1271 4952/4766/2067 4949/4763/2068
f 3843/3675/2228 4150/3964/2228 3060/5769/2228 4273/4087/2228
f 3844/3676/1273 4272/4086/1530 5167/4981/2102 4953/4767/2066
f 3845/3677/1401 4151/3965/1503 4955/4769/2063 4958/4772/2061
f 4291/4105/2227 3057/5766/2227 4152/3966/2227 3847/3679/2227
f 4289/4103/1535 3846/3678/1402 4960/4774/2060 5192/5006/2109
f 4154/3968/1500 3848/3680/1271 4964/4778/2067 4961/4775/2068
f 3849/3681/2228 4156/3970/2228 3061/5770/2228 4267/4081/2228
f 3850/3682/1273 4266/4080/1530 5158/4972/2102 4965/4779/2066
f 3851/3683/1401 4157/3971/1503 4967/4781/2063 4970/4784/2061
f 4285/4099/2227 3058/5767/2227 4158/3972/2227 3853/3685/2227
f 4283/4097/1535 3852/3684/1402 4972/4786/2060 5183/4997/2109
f 5145/4959/2229 5143/4957/2229 5628/5442/2229 3854/3686/1411 3857/3689/1414 3885/5637/1972
f 5628/5442/2229 4980/4794/2229 4984/4798/2229 3859/3691/1416 3854/3686/1411
f 4989/4803/2228 4987/4801/2228 5181/4995/2228 3862/3694/1419 3861/3693/1418 3017/5786/1149
f 3017/5786/1149 3861/3693/1418 3860/3692/1417 3889/5639/1972 3894/5641/1972
f 4984/4798/2229 5139/4953/2229 5031/4845/2229 3889/5639/1972 3860/3692/1417 3859/3691/1416
f 4163/3977/1504 3863/3695/1420 4982/4796/2073 4979/4793/2071
f 3864/3696/2229 4165/3979/2229 3063/5772/2229 4255/4069/2229
f 3865/3697/1422 4254/4068/1524 5140/4954/2095 4983/4797/2072
f 3866/3698/1282 4166/3980/1507 4985/4799/2077 4988/4802/2075
f 4279/4093/2228 3059/5768/2228 4167/3981/2228 3868/3700/2228
f 4277/4091/1529 3867/3699/1283 4990/4804/2074 5174/4988/2103
f 4169/3983/1504 3869/3701/1420 4994/4808/2073 4991/4805/2071
f 3870/3702/2229 4171/3985/2229 3064/5773/2229 4249/4063/2229
f 3871/3703/1422 4248/4062/1524 5131/4945/2095 4995/4809/2078
f 3872/3704/1282 4172/3986/1507 4997/4811/2077 5000/4814/2075
f 4273/4087/2228 3060/5769/2228 4173/3987/2228 3874/3706/2228
f 4271/4085/1529 3873/3705/1283 5002/4816/2074 5165/4979/2103
f 4175/3989/1504 3875/3707/1420 5006/4820/2073 5003/4817/2071
f 3876/3708/2229 4177/3991/2229 3065/5774/2229 4243/4057/2229
f 3877/3709/1422 4242/4056/1524 5122/4936/2095 5007/4821/2078
f 3878/3710/1282 4178/3992/1507 5009/4823/2077 5012/4826/2075
f 4267/4081/2228 3061/5770/2228 4179/3993/2228 3880/3712/2228
f 4265/4079/1529 3879/3711/1283 5014/4828/2074 5156/4970/2103
f 4181/3995/1504 3881/3713/1420 5018/4832/2073 5015/4829/2071
f 3882/3714/2229 4183/3997/2229 3066/5775/2229 4237/4051/2229
f 3883/3715/1422 4236/4050/1524 5113/4927/2095 5019/4833/2072
f 5031/4845/2229 5029/4843/2229 5145/4959/2229 3885/5637/1972 3889/5639/1972
f 5649/5463/2214 5070/4884/2214 5074/4888/2214 3887/5582/1971 3918/5650/1971
f 3016/5727/1149 3022/2965/1149 3919/5651/1972 3886/5583/1972
f 5640/5454/2214 5034/4848/2214 5038/4852/2214 3893/5640/1971 3888/5638/1971
f 3890/3716/1424 4187/4001/1511 5027/4841/2082 5030/4844/2080
f 4255/4069/2229 3063/5772/2229 4188/4002/2229 3892/3718/2229
f 4253/4067/1523 3891/3717/1425 5032/4846/2079 5138/4952/2096
f 5043/4857/2229 5041/4855/2229 5136/4950/2229 3894/5641/1972 3899/5643/1972
f 5136/4950/2229 5134/4948/2229 5631/5445/2229 3017/5786/1149 3894/5641/1972
f 4190/4004/1514 3895/3719/1291 5036/4850/2086 5033/4847/2084
f 3896/3720/2214 4192/4006/2214 3067/5734/2214 4231/4045/2214
f 3897/3721/1427 4230/4044/1518 5104/4918/2089 5037/4851/2085
f 5643/5457/2214 5046/4860/2214 5050/4864/2214 3903/5644/1971 3898/5642/1971
f 3019/2968/1149 3018/5787/1149 3899/5643/1972 3904/5645/1972
f 4996/4810/2229 5130/4944/2229 5043/4857/2229 3899/5643/1972 3018/5787/1149
f 3900/3722/1428 4193/4007/1511 5039/4853/2082 5042/4856/2080
f 4249/4063/2229 3064/5773/2229 4194/4008/2229 3902/3724/2229
f 4247/4061/1523 3901/3723/1425 5044/4858/2087 5129/4943/2096
f 5055/4869/2229 5053/4867/2229 5127/4941/2229 3904/5645/1972 3909/5647/1972
f 5127/4941/2229 5125/4939/2229 5634/5448/2229 3019/2968/1149 3904/5645/1972
f 4196/4010/1514 3905/3725/1291 5048/4862/2086 5045/4859/2084
f 3906/3726/2214 4198/4012/2214 3068/5732/2214 4225/4039/2214
f 3907/3727/1293 4224/4038/1518 5095/4909/2089 5049/4863/2085
f 5646/5460/2214 5058/4872/2214 5062/4876/2214 3913/5648/1971 3908/5646/1971
f 3021/2964/1149 3020/2969/1149 3909/5647/1972 3914/5649/1972
f 5008/4822/2229 5121/4935/2229 5055/4869/2229 3909/5647/1972 3020/2969/1149
f 3910/3728/1428 4199/4013/1511 5051/4865/2082 5054/4868/2080
f 4243/4057/2229 3065/5774/2229 4200/4014/2229 3912/3730/2229
f 4241/4055/1523 3911/3729/1425 5056/4870/2079 5120/4934/2096
f 5067/4881/2229 5065/4879/2229 5118/4932/2229 3914/5649/1972 3919/5651/1972
f 5118/4932/2229 5116/4930/2229 5637/5451/2229 3021/2964/1149 3914/5649/1972
f 4202/4016/1514 3915/3731/1291 5060/4874/2086 5057/4871/2084
f 3916/3732/2214 4204/4018/2214 3069/5730/2214 4219/4033/2214
f 3917/3733/1293 4218/4032/1518 5086/4900/2089 5061/4875/2085
f 5020/4834/2229 5112/4926/2229 5067/4881/2229 3919/5651/1972 3022/2965/1149
f 3920/3734/1428 4205/4019/1511 5063/4877/2082 5066/4880/2080
f 4237/4051/2229 3066/5775/2229 4206/4020/2229 3922/3736/2229
f 4235/4049/1523 3921/3735/1425 5068/4882/2079 5111/4925/2096
f 4551/4365/2215 4549/4363/2215 5505/5319/2215 2982/2988/1151 2984/2987/1151
f 5520/5334/2222 4554/4368/2222 4558/4372/2222 2985/2984/1151 2984/2987/1151
f 4558/4372/2222 5463/5277/2222 4605/4419/2222 2994/2985/1152 2985/2984/1151
f 4563/4377/2215 4561/4375/2215 5496/5310/2215 2985/2984/1151 2986/2983/1151
f 5523/5337/2222 4566/4380/2222 4570/4384/2222 2987/2980/1151 2986/2983/1151
f 4570/4384/2222 5454/5268/2222 4617/4431/2222 2996/2981/1152 2987/2980/1151
f 4575/4389/2215 4573/4387/2215 5487/5301/2215 2987/2980/1151 2988/2979/1151
f 5526/5340/2222 4578/4392/2222 4582/4396/2222 2989/2976/1151 2988/2979/1151
f 4582/4396/2222 5445/5259/2222 4629/4443/2222 2998/2977/1152 2989/2976/1151
f 4587/4401/2215 4585/4399/2215 5478/5292/2215 2989/2976/1151 2990/2975/1151
f 5529/5343/2222 4590/4404/2222 4594/4408/2222 2983/5718/1151 2990/2975/1151
f 4594/4408/2222 5436/5250/2222 4641/4455/2222 2992/5721/1152 2983/5718/1151
f 5532/5346/2223 4596/4410/2223 4600/4414/2223 2993/2990/1152 2991/2989/1152
f 4605/4419/2222 4603/4417/2222 5469/5283/2222 2993/2990/1152 2994/2985/1152
f 5535/5349/2223 4608/4422/2223 4612/4426/2223 2995/2986/1152 2994/2985/1152
f 4617/4431/2222 4615/4429/2222 5460/5274/2222 2995/2986/1152 2996/2981/1152
f 5538/5352/2223 4620/4434/2223 4624/4438/2223 2997/2982/1152 2996/2981/1152
f 4629/4443/2222 4627/4441/2222 5451/5265/2222 2997/2982/1152 2998/2977/1152
f 5541/5355/2223 4632/4446/2223 4636/4450/2223 2999/2978/1152 2998/2977/1152
f 4641/4455/2222 4639/4453/2222 5442/5256/2222 2999/2978/1152 2992/5721/1152
f 5604/5418/2227 4884/4698/2227 4888/4702/2227 3003/5784/1150 3002/5724/1150
f 4893/4707/2226 4891/4705/2226 5253/5067/2226 3003/5784/1150 3004/5785/1150
f 5607/5421/2227 4896/4710/2227 4900/4714/2227 3005/2973/1150 3004/5785/1150
f 4900/4714/2227 5202/5016/2227 4947/4761/2227 3011/2974/1148 3005/2973/1150
f 4905/4719/2226 4903/4717/2226 5244/5058/2226 3005/2973/1150 3006/2972/1150
f 5610/5424/2227 4908/4722/2227 4912/4726/2227 3007/2971/1150 3006/2972/1150
f 4912/4726/2227 5193/5007/2227 4959/4773/2227 3013/2966/1148 3007/2971/1150
f 4917/4731/2226 4915/4729/2226 5235/5049/2226 3007/2971/1150 3008/2970/1150
f 5619/5433/2228 4950/4764/2228 4954/4768/2228 3012/2967/1148 3011/2974/1148
f 4954/4768/2228 5166/4980/2228 5001/4815/2228 3019/2968/1149 3012/2967/1148
f 4959/4773/2227 4957/4771/2227 5199/5013/2227 3012/2967/1148 3013/2966/1148
f 5622/5436/2228 4962/4776/2228 4966/4780/2228 3014/2963/1148 3013/2966/1148
f 4966/4780/2228 5157/4971/2228 5013/4827/2228 3021/2964/1149 3014/2963/1148
f 4971/4785/2227 4969/4783/2227 5190/5004/2227 3014/2963/1148 3015/2962/1148
f 5625/5439/2228 4974/4788/2228 4978/4792/2228 3010/5725/1148 3015/2962/1148
f 4978/4792/2228 5148/4962/2228 5025/4839/2228 3016/5727/1149 3010/5725/1148
f 5631/5445/2229 4992/4806/2229 4996/4810/2229 3018/5787/1149 3017/5786/1149
f 5001/4815/2228 4999/4813/2228 5172/4986/2228 3018/5787/1149 3019/2968/1149
f 5634/5448/2229 5004/4818/2229 5008/4822/2229 3020/2969/1149 3019/2968/1149
f 5013/4827/2228 5011/4825/2228 5163/4977/2228 3020/2969/1149 3021/2964/1149
f 5637/5451/2229 5016/4830/2229 5020/4834/2229 3022/2965/1149 3021/2964/1149
f 5025/4839/2228 5023/4837/2228 5154/4968/2228 3022/2965/1149 3016/5727/1149
f 5154/4968/2228 5152/4966/2228 5625/5439/2228 3015/2962/1148 3022/2965/1149
f 5163/4977/2228 5161/4975/2228 5622/5436/2228 3013/2966/1148 3020/2969/1149
f 5172/4986/2228 5170/4984/2228 5619/5433/2228 3011/2974/1148 3018/5787/1149
f 5190/5004/2227 5188/5002/2227 5613/5427/2227 3008/2970/1150 3014/2963/1148
f 5199/5013/2227 5197/5011/2227 5610/5424/2227 3006/2972/1150 3012/2967/1148
f 5217/5031/2227 5215/5029/2227 5604/5418/2227 3002/5724/1150 3009/5726/1148
f 5442/5256/2222 5440/5254/2222 5529/5343/2222 2990/2975/1151 2999/2978/1152
f 5451/5265/2222 5449/5263/2222 5526/5340/2222 2988/2979/1151 2997/2982/1152
f 5460/5274/2222 5458/5272/2222 5523/5337/2222 2986/2983/1151 2995/2986/1152
f 5469/5283/2222 5467/5281/2222 5520/5334/2222 2984/2987/1151 2993/2990/1152
f 5651/5652/2230 5654/5653/1151 5821/5653/1151 5820/5652/2230
f 5652/5652/2216 5700/5478/2216 5816/5478/2216 5762/5652/2216
f 5653/5653/2216 5652/5652/2216 5762/5652/2216 5765/5653/2216
f 5701/5479/1971 5651/5652/2230 5820/5652/2230 5868/5542/1971
f 5654/5653/1151 5660/5658/1152 5827/5658/1152 5821/5653/1151
f 5659/5658/2216 5653/5653/2216 5765/5653/2216 5771/5788/2216
f 5655/5657/1151 5658/5656/2230 5825/5656/2230 5824/5657/1151
f 5656/5654/2213 5662/5659/2213 5772/5659/2213 5766/5654/2213
f 5657/5655/2213 5656/5654/2213 5766/5654/2213 5769/5655/2213
f 5661/5660/1152 5655/5657/1151 5824/5657/1151 5830/5701/1152
f 5658/5656/2230 5703/5481/1971 5872/5546/1971 5825/5656/2230
f 5704/5482/2213 5657/5655/2213 5769/5655/2213 5817/5789/2213
f 5660/5658/1152 5663/5465/1956 5831/5530/1956 5827/5658/1152
f 5664/5466/2216 5659/5658/2216 5771/5788/2216 5777/5466/2216
f 5662/5659/2213 5668/5470/2213 5779/5470/2213 5772/5659/2213
f 5666/5468/1956 5661/5660/1152 5830/5701/1152 5834/5468/1956
f 5665/5467/1955 5670/5662/2217 5837/5662/2217 5832/5531/1955
f 5669/5661/2216 5664/5466/2216 5777/5466/2216 5783/5661/2216
f 5668/5470/2213 5672/5663/2213 5785/5663/2213 5779/5470/2213
f 5671/5663/2217 5667/5469/1955 5836/5534/1955 5840/5663/2217
f 5670/5662/2217 5674/5664/2218 5841/5664/2218 5837/5662/2217
f 5673/5664/2216 5669/5661/2216 5783/5661/2216 5788/5664/2216
f 5672/5663/2213 5676/5665/2213 5789/5665/2213 5785/5663/2213
f 5675/5665/2218 5671/5663/2217 5840/5663/2217 5844/5706/2218
f 5674/5664/2218 5678/5666/2220 5845/5666/2220 5841/5664/2218
f 5677/5666/2216 5673/5664/2216 5788/5664/2216 5792/5666/2216
f 5676/5665/2213 5680/5667/2213 5793/5667/2213 5789/5665/2213
f 5679/5667/2220 5675/5665/2218 5844/5706/2218 5848/5667/2220
f 5678/5666/2220 5681/5471/1964 5849/5535/1964 5845/5666/2220
f 5682/5472/2216 5677/5666/2216 5792/5666/2216 5796/5472/2216
f 5680/5667/2213 5686/5476/2213 5797/5790/2213 5793/5667/2213
f 5684/5474/1964 5679/5667/2220 5848/5667/2220 5852/5538/1964
f 5683/5473/1963 5688/5668/1150 5855/5668/1150 5850/5536/1963
f 5687/5668/2216 5682/5472/2216 5796/5472/2216 5801/5668/2216
f 5686/5476/2213 5690/5669/2213 5802/5669/2213 5797/5790/2213
f 5689/5669/1150 5685/5475/1963 5854/5540/1963 5858/5669/1150
f 5688/5668/1150 5692/5671/1148 5859/5671/1148 5855/5668/1150
f 5691/5670/2216 5687/5668/2216 5801/5668/2216 5806/5670/2216
f 5690/5669/2213 5694/5672/2213 5807/5672/2213 5802/5669/2213
f 5693/5673/1148 5689/5669/1150 5858/5669/1150 5862/5673/1148
f 5692/5671/1148 5696/5675/2228 5863/5674/2228 5859/5671/1148
f 5695/5674/2216 5691/5670/2216 5806/5670/2216 5811/5674/2216
f 5694/5672/2213 5698/5676/2213 5813/5676/2213 5807/5672/2213
f 5697/5677/1149 5693/5673/1148 5862/5673/1148 5866/5677/1149
f 5696/5675/2229 5699/5477/1972 5867/5541/1972 5863/5674/2229
f 5700/5478/2216 5695/5674/2216 5811/5674/2216 5816/5478/2216
f 5702/5480/1972 5697/5677/1149 5866/5677/1149 5870/5544/1972
f 5698/5676/2213 5704/5482/2213 5817/5789/2213 5813/5676/2213
f 5705/5550/2215 5708/5678/1151 5764/5678/1151 5763/5550/2215
f 5759/3005/2214 5705/5585/2214 5763/5585/2214 5815/5692/2214
f 5708/5678/1151 5714/5556/2222 5770/5556/2222 5764/5678/1151
f 5709/5554/1151 5712/5679/2215 5768/5679/2215 5767/5554/1151
f 5715/5483/2211 5709/5554/1151 5767/5554/1151 5774/5509/2211
f 5712/5587/2214 5760/3006/2214 5818/3006/2214 5768/5587/2214
f 5714/5556/2223 5718/5486/1956 5775/5510/1956 5770/5556/2223
f 5721/5488/1956 5716/5484/2212 5773/5484/2212 5778/5488/1956
f 5720/5487/1955 5724/5490/2205 5781/5515/2205 5776/5511/1955
f 5727/5493/2205 5722/5489/1955 5780/5514/1955 5784/5518/2205
f 5726/5492/2206 5731/5681/2218 5787/5564/2218 5782/5516/2206
f 5732/5682/2218 5728/5494/2206 5786/5520/2206 5790/5682/2218
f 5731/5681/2218 5735/5683/2221 5791/5683/2221 5787/5564/2218
f 5736/5684/2221 5732/5682/2218 5790/5682/2218 5794/5684/2221
f 5735/5683/2225 5739/2999/2225 5795/2999/2225 5791/5683/2225
f 5740/3000/2225 5736/5684/2225 5794/5684/2225 5798/3000/2225
f 5739/2999/2226 5742/5496/2210 5799/5496/2210 5795/2999/2226
f 5745/5499/2210 5740/3000/2226 5798/3000/2226 5804/5524/2210
f 5744/5498/2209 5749/5576/1148 5805/5576/1148 5800/5521/2209
f 5750/5578/1148 5746/5500/2209 5803/5500/2209 5808/5578/1148
f 5749/5576/1148 5754/5504/2208 5809/5525/2208 5805/5576/1148
f 5755/5505/2208 5750/5578/1148 5808/5578/1148 5812/5505/2208
f 5753/5503/2207 5759/3005/2229 5815/5692/2229 5810/5526/2207
f 5760/3006/2229 5756/5506/2207 5814/5529/2207 5818/3006/2229
f 5819/5697/2216 5822/5696/2216 5828/5700/2216 5833/5532/2216 5838/5703/2216 5842/5705/2216 5846/5708/2216 5851/5537/2216 5856/5710/2216 5860/5712/2216 5864/5714/2216 5869/5543/2216
f 5823/5699/2213 5826/5698/2213 5871/5545/2213 5865/5715/2213 5861/5713/2213 5857/5711/2213 5853/5539/2213 5847/5709/2213 5843/5707/2213 5839/5704/2213 5835/5533/2213 5829/5702/2213
o Cylinder.004
v -0.000001 7.006221 -0.309514
v 0.180761 7.006221 -0.261079
v 0.313087 7.006221 -0.128752
v 0.361523 7.006221 0.052010
v 0.313087 7.006221 0.232772
v 0.180761 7.006221 0.365099
v -0.000001 7.006221 0.413534
v -0.180763 7.006221 0.365099
v -0.313090 7.006221 0.232772
v -0.361525 7.006221 0.052010
v -0.313090 7.006221 -0.128752
v -0.180763 7.006221 -0.261079
v -0.000000 13.362405 -1.093591
v 0.000000 13.412405 -1.145354
v 0.000000 25.762821 -1.041827
v 0.048461 25.712822 -1.080629
v -0.048132 25.712822 -1.080629
v 0.572677 13.412405 -0.991906
v 0.546795 13.362405 -0.947077
v 0.498663 25.712822 -0.959998
v 0.520913 25.762821 -0.902248
v 0.582315 25.712822 -0.911701
v 0.991906 13.412405 -0.572677
v 0.947077 13.362405 -0.546795
v 0.902248 25.762821 -0.520913
v 0.947242 25.712822 -0.546775
v 1.080650 13.362405 -0.048296
v 1.145354 13.412405 -0.000000
v 1.080650 13.362405 0.048296
v 1.041827 25.762821 0.000000
v 1.093755 25.712822 0.000021
v 0.991906 13.412405 0.572677
v 0.947077 13.362405 0.546795
v 0.902248 25.762821 0.520913
v 0.947242 25.712822 0.546816
v 0.572677 13.412405 0.991906
v 0.546795 13.362405 0.947077
v 0.582315 25.712822 0.911742
v 0.520913 25.762821 0.902248
v 0.498663 25.712822 0.960039
v 0.000000 13.412405 1.145354
v -0.000000 13.362405 1.093591
v 0.048461 25.712822 1.080670
v -0.000000 25.762821 1.041827
v -0.048132 25.712822 1.080670
v -0.572677 13.412405 0.991906
v -0.546795 13.362405 0.947077
v -0.498334 25.712822 0.960039
v -0.520913 25.762821 0.902248
v -0.581986 25.712822 0.911742
v -0.991906 13.412405 0.572677
v -0.947077 13.362405 0.546795
v -0.902248 25.762821 0.520913
v -0.946913 25.712822 0.546816
v -1.145354 13.412405 -0.000000
v -1.093591 13.362405 -0.000000
v -1.041827 25.762821 -0.000000
v -1.093426 25.712822 0.000021
v -0.991906 13.412405 -0.572677
v -0.947077 13.362405 -0.546795
v -0.902248 25.762821 -0.520913
v -0.946913 25.712822 -0.546775
v -0.572677 13.412405 -0.991906
v -0.546795 13.362405 -0.947077
v -0.581986 25.712822 -0.911701
v -0.520913 25.762821 -0.902248
v -0.498334 25.712822 -0.959998
v -0.048296 14.713559 -1.209392
v 0.048296 14.713559 -1.209392
v 0.000000 14.663559 -1.274097
v 0.637048 14.663559 -1.103400
v 0.611167 14.713559 -1.058572
v 1.103400 14.663559 -0.637048
v 1.058572 14.713559 -0.611167
v 1.209392 14.713559 -0.048296
v 1.209392 14.713559 0.048296
v 1.274097 14.663559 -0.000000
v 1.103400 14.663559 0.637048
v 1.058572 14.713559 0.611167
v 0.637048 14.663559 1.103400
v 0.611167 14.713559 1.058572
v 0.048296 14.713559 1.209392
v -0.048296 14.713559 1.209392
v 0.000000 14.663559 1.274097
v -0.637048 14.663559 1.103400
v -0.611167 14.713559 1.058572
v -1.103400 14.663559 0.637048
v -1.058572 14.713559 0.611167
v -1.209392 14.713559 0.048296
v -1.209392 14.713559 -0.048296
v -1.274097 14.663559 -0.000000
v -1.103400 14.663559 -0.637048
v -1.058572 14.713559 -0.611167
v -0.637048 14.663559 -1.103400
v -0.611167 14.713559 -1.058572
v 0.048296 15.051549 -1.209392
v -0.048296 15.051549 -1.209392
v 0.000000 15.101549 -1.274097
v 0.611167 15.051549 -1.058572
v 0.637048 15.101549 -1.103400
v 1.058572 15.051549 -0.611167
v 1.103400 15.101549 -0.637048
v 1.209392 15.051549 -0.048296
v 1.274097 15.101549 -0.000000
v 1.209392 15.051549 0.048296
v 1.058572 15.051549 0.611167
v 1.103400 15.101549 0.637048
v 0.611167 15.051549 1.058572
v 0.637048 15.101549 1.103400
v 0.048296 15.051549 1.209392
v 0.000000 15.101549 1.274097
v -0.048296 15.051549 1.209392
v -0.611167 15.051549 1.058572
v -0.637048 15.101549 1.103400
v -1.058572 15.051549 0.611167
v -1.103400 15.101549 0.637048
v -1.209392 15.051549 0.048296
v -1.274097 15.101549 -0.000000
v -1.209392 15.051549 -0.048296
v -1.058572 15.051549 -0.611167
v -1.103400 15.101549 -0.637048
v -0.611167 15.051549 -1.058572
v -0.637048 15.101549 -1.103400
v 0.080770 15.903640 -1.076593
v 0.032639 15.853640 -1.141278
v -0.015823 15.903640 -1.076593
v 0.530973 15.903640 -0.955962
v 0.614625 15.903640 -0.907665
v 0.605316 15.853640 -0.987829
v 1.024545 15.853640 -0.568600
v 0.979551 15.903640 -0.542739
v 1.177993 15.853640 0.004077
v 1.126065 15.903640 0.004056
v 1.024545 15.853640 0.576754
v 0.979551 15.903640 0.550852
v 0.614625 15.903640 0.915778
v 0.530973 15.903640 0.964074
v 0.605316 15.853640 0.995983
v 0.080770 15.903640 1.084706
v -0.015823 15.903640 1.084706
v 0.032639 15.853640 1.149431
v -0.466025 15.903640 0.964075
v -0.549677 15.903640 0.915778
v -0.540039 15.853640 0.995983
v -0.959267 15.853640 0.576754
v -0.914603 15.903640 0.550852
v -1.112716 15.853640 0.004077
v -1.061117 15.903640 0.004056
v -0.959267 15.853640 -0.568600
v -0.914603 15.903640 -0.542739
v -0.549677 15.903640 -0.907666
v -0.466025 15.903640 -0.955962
v -0.540039 15.853640 -0.987829
v 0.000000 13.412405 -1.486882
v 0.000000 13.462347 -1.536147
v 0.768074 13.462347 -1.330342
v 0.743441 13.412405 -1.287678
v 0.739269 14.613617 -1.280452
v 0.712138 14.663559 -1.233459
v 1.330342 13.462347 -0.768074
v 1.287678 13.412405 -0.743441
v 1.280452 14.613617 -0.739269
v 1.233459 14.663559 -0.712138
v 1.536147 13.462347 -0.000000
v 1.486882 13.412405 -0.000000
v 1.478539 14.613617 -0.000000
v 1.424276 14.663559 -0.000000
v 1.330342 13.462347 0.768074
v 1.287678 13.412405 0.743441
v 1.280452 14.613617 0.739269
v 1.233459 14.663559 0.712138
v 0.768074 13.462347 1.330342
v 0.743441 13.412405 1.287678
v 0.739269 14.613617 1.280452
v 0.712138 14.663559 1.233459
v 0.000000 13.462347 1.536147
v 0.000000 13.412405 1.486882
v 0.000000 14.613617 1.478539
v 0.000000 14.663559 1.424276
v -0.768074 13.462347 1.330342
v -0.743441 13.412405 1.287678
v -0.739269 14.613617 1.280452
v -0.712138 14.663559 1.233459
v -1.330342 13.462347 0.768074
v -1.287678 13.412405 0.743441
v -1.280452 14.613617 0.739269
v -1.233459 14.663559 0.712138
v -1.536147 13.462347 -0.000000
v -1.486882 13.412405 -0.000000
v -1.478539 14.613617 -0.000000
v -1.424276 14.663559 -0.000000
v -1.330342 13.462347 -0.768074
v -1.287678 13.412405 -0.743441
v -1.280452 14.613617 -0.739269
v -1.233459 14.663559 -0.712138
v -0.768074 13.462347 -1.330342
v -0.743441 13.412405 -1.287678
v -0.739269 14.613617 -1.280452
v -0.712138 14.663559 -1.233459
v 0.000000 14.663559 -1.424276
v 0.000000 14.613617 -1.478539
v 0.670421 15.803640 -1.201307
v 0.695051 15.853640 -1.143254
v 0.754140 15.803673 -1.152978
v 0.642122 15.151548 -1.204842
v 0.725839 15.151516 -1.156513
v 0.662412 15.101549 -1.147331
v 1.222630 15.803673 -0.684488
v 1.179970 15.853640 -0.658335
v 1.147331 15.101549 -0.662412
v 1.194328 15.151516 -0.688023
v 1.407058 15.803674 0.003806
v 1.357463 15.853640 0.004077
v 1.324824 15.101549 -0.000000
v 1.378756 15.151515 0.000271
v 1.222630 15.803674 0.692100
v 1.179970 15.853640 0.666489
v 1.147331 15.101549 0.662412
v 1.194328 15.151515 0.688565
v 0.754132 15.803674 1.160598
v 0.695051 15.853640 1.151408
v 0.670427 15.803646 1.208917
v 0.725830 15.151515 1.157063
v 0.642128 15.151543 1.205383
v 0.662412 15.101549 1.147331
v 0.078805 15.803646 1.367442
v 0.032639 15.853640 1.328901
v -0.017873 15.803640 1.367441
v 0.050506 15.151543 1.363907
v -0.046172 15.151548 1.363906
v 0.000000 15.101549 1.324824
v -0.609484 15.803640 1.208919
v -0.629773 15.853640 1.151408
v -0.693200 15.803673 1.160590
v -0.637783 15.151548 1.205384
v -0.721502 15.151516 1.157055
v -0.662412 15.101549 1.147331
v -1.161690 15.803673 0.692100
v -1.114693 15.853640 0.666489
v -1.147331 15.101549 0.662412
v -1.189992 15.151516 0.688565
v -1.346118 15.803674 0.003806
v -1.292185 15.853640 0.004077
v -1.324824 15.101549 -0.000000
v -1.374419 15.151515 0.000271
v -1.161690 15.803674 -0.684488
v -1.114693 15.853640 -0.658335
v -1.147331 15.101549 -0.662412
v -1.189992 15.151515 -0.688023
v -0.693192 15.803674 -1.152986
v -0.629773 15.853640 -1.143254
v -0.609489 15.803646 -1.201306
v -0.721494 15.151515 -1.156521
v -0.637788 15.151543 -1.204841
v -0.662412 15.101549 -1.147331
v -0.046166 15.151543 -1.363365
v 0.050511 15.151548 -1.363364
v 0.000000 15.101549 -1.324824
v 0.078810 15.803640 -1.359829
v -0.017867 15.803646 -1.359830
v 0.032639 15.853640 -1.320747
v -0.000000 12.811688 -1.046729
v -0.000000 12.887189 -1.093591
v 0.546795 12.887189 -0.947077
v 0.524886 12.811650 -0.906016
v 0.947077 12.887189 -0.546795
v 0.908970 12.811543 -0.521668
v 1.080650 12.887189 -0.048296
v 1.080650 12.887189 0.048296
v 1.049329 12.811392 0.003145
v 0.947077 12.887189 0.546795
v 0.908511 12.811234 0.527693
v 0.546795 12.887189 0.947077
v 0.524427 12.811115 0.911512
v -0.000000 12.887189 1.093591
v -0.000000 12.811070 1.051961
v -0.546795 12.887189 0.947077
v -0.524427 12.811115 0.911512
v -0.947077 12.887189 0.546795
v -0.908512 12.811234 0.527693
v -1.093591 12.887189 -0.000000
v -1.049329 12.811392 0.003145
v -0.947077 12.887189 -0.546795
v -0.908970 12.811543 -0.521668
v -0.546795 12.887189 -0.947077
v -0.524886 12.811650 -0.906016
v 0.048296 12.360528 -0.296573
v -0.048296 12.360528 -0.296573
v -0.000000 12.436028 -0.356375
v 0.202671 12.436067 -0.302140
v 0.180762 12.360528 -0.261079
v 0.351196 12.436173 -0.153879
v 0.313089 12.360528 -0.128752
v 0.348583 12.360528 0.003714
v 0.405786 12.436325 0.048865
v 0.348583 12.360528 0.100306
v 0.351655 12.436482 0.251874
v 0.313089 12.360528 0.232772
v 0.203130 12.436602 0.400664
v 0.180762 12.360528 0.365099
v 0.048296 12.360528 0.400593
v -0.000000 12.436646 0.455164
v -0.048296 12.360528 0.400593
v -0.203130 12.436602 0.400664
v -0.180762 12.360528 0.365099
v -0.351655 12.436482 0.251874
v -0.313089 12.360528 0.232772
v -0.348583 12.360528 0.100306
v -0.405786 12.436325 0.048865
v -0.348583 12.360528 0.003714
v -0.351196 12.436173 -0.153879
v -0.313089 12.360528 -0.128752
v -0.202671 12.436067 -0.302140
v -0.180762 12.360528 -0.261079
v -0.206645 7.750814 -0.305908
v -0.180763 7.800815 -0.261079
v -0.313090 7.800815 -0.128752
v -0.357919 7.750814 -0.154634
v 0.206643 7.750814 -0.305908
v 0.180761 7.800815 -0.261079
v 0.048295 7.800815 -0.296573
v -0.000001 7.750814 -0.361278
v -0.048297 7.800815 -0.296573
v -0.357919 7.750814 0.258654
v -0.313090 7.800815 0.232772
v -0.180763 7.800815 0.365099
v -0.206645 7.750814 0.409928
v 0.206643 7.750814 0.409928
v 0.180761 7.800815 0.365099
v 0.313088 7.800815 0.232772
v 0.357916 7.750814 0.258654
v 0.357916 7.750814 -0.154634
v 0.313088 7.800815 -0.128752
v -0.348584 7.800815 0.100306
v -0.348584 7.800815 0.003714
v -0.413289 7.750814 0.052010
v 0.048295 7.800815 0.400593
v -0.048297 7.800815 0.400593
v -0.000001 7.750814 0.465298
v 0.348582 7.800815 0.003714
v 0.348582 7.800815 0.100306
v 0.413287 7.750814 0.052010
v 0.048295 7.056221 -0.600051
v -0.000001 7.006221 -0.561228
v -0.048298 7.056221 -0.600051
v 0.332499 7.056221 -0.523898
v 0.306617 7.006221 -0.479069
v 0.575907 7.056221 -0.280491
v 0.531078 7.006221 -0.254609
v 0.652059 7.056221 0.003714
v 0.652059 7.056221 0.100306
v 0.613236 7.006221 0.052010
v 0.575907 7.056221 0.384511
v 0.531078 7.006221 0.358629
v 0.332499 7.056221 0.627918
v 0.306617 7.006221 0.583089
v 0.048295 7.056221 0.704071
v -0.048298 7.056221 0.704071
v -0.000001 7.006221 0.665248
v -0.332502 7.056221 0.627918
v -0.306620 7.006221 0.583089
v -0.575910 7.056221 0.384511
v -0.531081 7.006221 0.358629
v -0.652062 7.056221 0.100306
v -0.652062 7.056221 0.003714
v -0.613239 7.006221 0.052010
v -0.575910 7.056221 -0.280491
v -0.531081 7.006221 -0.254609
v -0.332502 7.056221 -0.523898
v -0.306620 7.006221 -0.479069
v -0.332502 7.700814 -0.523898
v -0.306620 7.750814 -0.479069
v 0.332500 7.700814 -0.523898
v 0.306618 7.750814 -0.479069
v -0.575909 7.700814 0.384511
v -0.531081 7.750814 0.358629
v 0.332500 7.700814 0.627918
v 0.306618 7.750814 0.583089
v 0.575907 7.700814 -0.280491
v 0.531078 7.750814 -0.254609
v -0.652062 7.700814 0.100306
v -0.613239 7.750814 0.052010
v -0.652062 7.700814 0.003714
v 0.048295 7.700814 0.704071
v -0.000001 7.750814 0.665248
v -0.048297 7.700814 0.704071
v 0.652059 7.700814 0.003714
v 0.613237 7.750814 0.052010
v 0.652059 7.700814 0.100306
v -0.531081 7.750814 -0.254609
v -0.575909 7.700814 -0.280491
v 0.048295 7.700814 -0.600051
v -0.048297 7.700814 -0.600051
v -0.000001 7.750814 -0.561228
v -0.306620 7.750814 0.583089
v -0.332502 7.700814 0.627918
v 0.531078 7.750814 0.358629
v 0.575907 7.700814 0.384511
vn -0.0000 -1.0000 -0.0000
vn -0.0002 0.6807 -0.7326
vn 0.1271 0.6821 -0.7201
vn -0.1270 0.6816 -0.7206
vn 0.2501 0.6822 -0.6870
vn 0.3658 0.6814 -0.6340
vn 0.4698 0.6827 -0.5597
vn 0.6640 -0.7369 -0.1268
vn 0.6630 -0.7486 -0.0000
vn 0.6640 -0.7369 0.1268
vn 0.4696 0.6830 0.5595
vn 0.3657 0.6817 0.6337
vn 0.2500 0.6825 0.6868
vn 0.1271 0.6824 0.7198
vn -0.0002 0.6810 0.7322
vn -0.1270 0.6819 0.7204
vn -0.2501 0.6817 0.6875
vn -0.3666 0.6804 0.6346
vn -0.4705 0.6813 0.5608
vn -0.4707 0.6810 -0.5609
vn -0.3667 0.6801 -0.6348
vn -0.2502 0.6814 -0.6878
vn -0.1268 0.7369 -0.6640
vn 0.1268 0.7369 -0.6640
vn -0.0000 0.7486 -0.6630
vn 0.6640 0.7369 -0.1268
vn 0.6640 0.7369 0.1268
vn 0.6630 0.7486 -0.0000
vn 0.1268 0.7369 0.6640
vn -0.1268 0.7369 0.6640
vn -0.0000 0.7486 0.6630
vn -0.6640 0.7369 0.1268
vn -0.6640 0.7369 -0.1268
vn -0.6630 0.7486 -0.0000
vn 0.1268 -0.7369 -0.6640
vn -0.1268 -0.7369 -0.6640
vn -0.0000 -0.7486 -0.6630
vn 0.1268 -0.7369 0.6640
vn -0.0000 -0.7486 0.6630
vn -0.1268 -0.7369 0.6640
vn -0.6640 -0.7369 0.1268
vn -0.6630 -0.7486 -0.0000
vn -0.6640 -0.7369 -0.1268
vn 0.1267 0.7370 -0.6639
vn 0.0001 0.7485 -0.6631
vn -0.1269 0.7365 -0.6644
vn 0.2221 0.7370 -0.6383
vn 0.4413 0.7375 -0.5112
vn 0.3314 0.7490 -0.5738
vn 0.4412 0.7377 0.5111
vn 0.2220 0.7373 0.6380
vn 0.3313 0.7492 0.5736
vn 0.1266 0.7372 0.6637
vn -0.1269 0.7368 0.6641
vn 0.0001 0.7487 0.6629
vn -0.2223 0.7367 0.6386
vn -0.4423 0.7363 0.5121
vn -0.3316 0.7482 0.5746
vn -0.4425 0.7361 -0.5123
vn -0.2224 0.7364 -0.6389
vn -0.3317 0.7480 -0.5748
vn 0.2496 0.6788 -0.6906
vn 0.3717 0.6738 -0.6386
vn 0.4752 0.6724 -0.5676
vn 0.2503 -0.6852 -0.6840
vn 0.4649 -0.6916 -0.5528
vn 0.3606 -0.6878 -0.6301
vn 0.4773 0.6691 0.5696
vn 0.3732 0.6699 0.6418
vn 0.2509 0.6748 0.6940
vn 0.4628 -0.6946 0.5508
vn 0.2490 -0.6891 0.6805
vn 0.3591 -0.6915 0.6268
vn 0.1268 0.6764 0.7255
vn 0.0029 0.6786 0.7345
vn -0.1281 0.6834 0.7187
vn 0.1272 -0.6875 0.7150
vn -0.1260 -0.6806 0.7218
vn -0.0029 -0.6830 0.7304
vn -0.2503 0.6852 0.6840
vn -0.3606 0.6878 0.6301
vn -0.4649 0.6916 0.5528
vn -0.2496 -0.6788 0.6906
vn -0.4752 -0.6724 0.5676
vn -0.3717 -0.6738 0.6386
vn -0.4628 0.6946 -0.5508
vn -0.3591 0.6915 -0.6268
vn -0.2490 0.6891 -0.6805
vn -0.4773 -0.6691 -0.5696
vn -0.2509 -0.6748 -0.6940
vn -0.3732 -0.6699 -0.6418
vn -0.1268 -0.6764 -0.7255
vn 0.1281 -0.6834 -0.7187
vn -0.0029 -0.6786 -0.7345
vn 0.1260 0.6806 -0.7218
vn -0.1272 0.6875 -0.7150
vn 0.0029 0.6830 -0.7304
vn 0.9615 -0.2338 -0.1446
vn 0.9631 -0.2282 0.1429
vn 0.7430 -0.6693 0.0006
vn 0.1483 -0.5541 -0.8191
vn -0.1483 -0.5541 -0.8191
vn -0.0000 -0.7598 -0.6502
vn 0.9469 -0.2864 -0.1458
vn 0.6716 -0.7409 0.0020
vn 0.9484 -0.2805 0.1478
vn 0.1477 -0.2699 0.9515
vn -0.0000 -0.7200 0.6940
vn -0.1477 -0.2699 0.9515
vn -0.9484 -0.2805 0.1478
vn -0.6716 -0.7409 0.0020
vn -0.9470 -0.2864 -0.1458
vn 0.1271 -0.6820 -0.7203
vn -0.0000 -0.6809 -0.7324
vn -0.1271 -0.6820 -0.7203
vn 0.7202 -0.6820 -0.1271
vn 0.7202 -0.6820 0.1271
vn 0.7324 -0.6809 -0.0000
vn 0.1271 -0.6820 0.7203
vn -0.1271 -0.6820 0.7203
vn -0.0000 -0.6809 0.7324
vn -0.7203 -0.6820 0.1271
vn -0.7203 -0.6820 -0.1271
vn -0.7324 -0.6809 -0.0000
vn -0.7203 0.6820 0.1271
vn -0.7324 0.6809 -0.0000
vn -0.7203 0.6820 -0.1271
vn 0.1271 0.6820 0.7203
vn -0.0000 0.6809 0.7324
vn -0.1271 0.6820 0.7203
vn 0.7202 0.6820 -0.1271
vn 0.7324 0.6809 -0.0000
vn 0.7202 0.6820 0.1271
vn 0.1271 0.6820 -0.7203
vn -0.1271 0.6820 -0.7203
vn -0.0000 0.6809 -0.7324
vn -0.0000 -0.7193 -0.6947
vn 0.3474 -0.7193 -0.6017
vn -0.1303 -0.0008 -0.9915
vn -0.1308 -0.0008 -0.9914
vn 0.1303 -0.0000 -0.9915
vn 0.1308 -0.0000 -0.9914
vn 0.6017 -0.7193 -0.3474
vn 0.6009 0.7201 -0.3468
vn 0.6008 0.7201 -0.3471
vn 0.6936 0.7204 -0.0000
vn 0.6017 -0.7193 0.3474
vn 0.6008 0.7203 0.3468
vn 0.6007 0.7203 0.3469
vn 0.3474 -0.7193 0.6017
vn -0.0000 -0.7193 0.6947
vn -0.3474 -0.7193 0.6017
vn -0.6017 -0.7193 0.3474
vn -0.6024 0.7184 0.3479
vn -0.6026 0.7184 0.3477
vn -0.6947 -0.7193 -0.0000
vn -0.6959 0.7182 -0.0000
vn -0.6017 -0.7193 -0.3474
vn -0.6025 0.7182 -0.3480
vn -0.6026 0.7182 -0.3478
vn -0.3474 -0.7193 -0.6017
vn 0.9914 -0.0000 0.1305
vn 0.9914 -0.0000 -0.1305
vn -0.1305 -0.0000 0.9914
vn 0.1305 -0.0000 0.9914
vn -0.9914 -0.0000 -0.1305
vn -0.9914 -0.0000 0.1305
vn -0.3474 0.7193 -0.6017
vn -0.6017 0.7193 -0.3474
vn -0.6017 0.7193 0.3474
vn -0.3474 0.7193 0.6017
vn 0.3474 0.7193 0.6017
vn 0.6017 0.7193 0.3474
vn 0.6017 0.7193 -0.3474
vn 0.3474 0.7193 -0.6017
vn -0.1305 -0.0000 -0.9914
vn 0.1305 -0.0000 -0.9914
vn 0.6086 0.0017 -0.7935
vn 0.6089 0.0017 -0.7932
vn 0.3829 0.0009 -0.9238
vn 0.3824 0.0009 -0.9240
vn 0.3825 0.0016 0.9240
vn 0.3829 0.0016 0.9238
vn 0.6089 0.0023 0.7932
vn 0.6086 0.0023 0.7935
vn -0.1308 -0.0000 0.9914
vn -0.1303 -0.0000 0.9915
vn 0.1308 0.0008 0.9914
vn 0.1303 0.0008 0.9915
vn -0.6089 -0.0017 0.7932
vn -0.6086 -0.0017 0.7935
vn -0.3824 -0.0009 0.9240
vn -0.3829 -0.0009 0.9238
vn -0.3829 -0.0016 -0.9238
vn -0.3825 -0.0016 -0.9240
vn -0.6086 -0.0023 -0.7935
vn -0.6089 -0.0023 -0.7932
vn -0.6959 0.7181 -0.0000
vn -0.6024 0.7184 0.3480
vn -0.0000 -0.7023 -0.7119
vn 0.3560 -0.7023 -0.6165
vn 0.6165 -0.7023 -0.3560
vn 0.7119 -0.7023 -0.0000
vn 0.6165 -0.7023 0.3560
vn 0.3560 -0.7023 0.6165
vn -0.0000 -0.7023 0.7119
vn -0.3560 -0.7023 0.6165
vn -0.6165 -0.7023 0.3560
vn -0.7119 -0.7023 -0.0000
vn -0.6165 -0.7023 -0.3560
vn -0.3560 -0.7023 -0.6165
vn -0.3386 0.7358 -0.5865
vn -0.0000 0.7358 -0.6772
vn -0.5865 0.7358 -0.3386
vn -0.6772 0.7358 -0.0000
vn -0.5865 0.7358 0.3386
vn -0.3386 0.7358 0.5865
vn -0.0000 0.7358 0.6772
vn 0.3386 0.7358 0.5865
vn 0.5865 0.7358 0.3386
vn 0.6772 0.7358 -0.0000
vn 0.5865 0.7358 -0.3386
vn 0.3386 0.7358 -0.5865
vn 0.6111 -0.0222 -0.7913
vn 0.6061 -0.0220 -0.7951
vn 0.3794 -0.0115 -0.9252
vn 0.3859 -0.0117 -0.9225
vn 0.3855 -0.0217 0.9225
vn 0.3797 -0.0215 0.9249
vn 0.6064 -0.0306 0.7946
vn 0.6105 -0.0308 0.7914
vn -0.1269 0.0001 0.9919
vn -0.1341 0.0004 0.9910
vn 0.1270 -0.0109 0.9918
vn 0.1340 -0.0112 0.9909
vn -0.6061 0.0220 0.7951
vn -0.6111 0.0222 0.7913
vn -0.3859 0.0117 0.9225
vn -0.3794 0.0115 0.9252
vn -0.3797 0.0215 -0.9249
vn -0.3855 0.0217 -0.9225
vn -0.6105 0.0308 -0.7914
vn -0.6064 0.0306 -0.7946
vn -0.6131 -0.7056 -0.3554
vn -0.6146 -0.7056 -0.3529
vn -0.7097 -0.7045 0.0004
vn -0.7097 -0.7045 -0.0005
vn -0.6111 -0.7075 0.3550
vn -0.6134 -0.7075 0.3511
vn 0.5900 -0.7326 0.3394
vn 0.5887 -0.7326 0.3417
vn 0.6796 -0.7336 0.0004
vn 0.6796 -0.7336 -0.0005
vn 0.5919 -0.7309 -0.3398
vn 0.5899 -0.7308 -0.3434
vn -0.1340 0.0112 -0.9909
vn -0.1270 0.0109 -0.9918
vn 0.1341 -0.0004 -0.9910
vn 0.1269 -0.0001 -0.9919
vn -0.5887 0.7326 -0.3417
vn -0.5900 0.7326 -0.3394
vn -0.6796 0.7336 0.0005
vn -0.6796 0.7336 -0.0004
vn -0.5899 0.7308 0.3434
vn -0.5919 0.7309 0.3398
vn 0.6146 0.7056 0.3529
vn 0.6131 0.7056 0.3554
vn 0.7097 0.7045 0.0005
vn 0.7097 0.7045 -0.0004
vn 0.6134 0.7075 -0.3511
vn 0.6111 0.7075 -0.3550
vn -0.0000 -0.5275 -0.8495
vn 0.4238 -0.5245 -0.7384
vn 0.3558 -0.7040 -0.6147
vn -0.0000 -0.7065 -0.7077
vn 0.8360 -0.2571 -0.4848
vn 0.6217 -0.6970 -0.3575
vn 0.8407 -0.2447 0.4831
vn 0.6372 -0.6764 0.3693
vn 0.4864 -0.2400 0.8401
vn 0.3714 -0.6684 0.6445
vn -0.0000 -0.2383 0.9712
vn -0.0000 -0.6653 0.7465
vn -0.4864 -0.2400 0.8401
vn -0.3714 -0.6684 0.6445
vn -0.8407 -0.2447 0.4831
vn -0.6373 -0.6764 0.3693
vn -0.9680 -0.2510 -0.0023
vn -0.7267 -0.6869 0.0014
vn -0.8560 -0.3448 -0.3852
vn -0.6217 -0.6970 -0.3575
vn -0.4238 -0.5245 -0.7384
vn -0.3558 -0.7040 -0.6147
vn 0.3334 -0.7462 -0.5762
vn 0.4279 -0.5245 -0.7361
vn 0.5839 -0.7391 -0.3358
vn 0.8326 -0.2799 -0.4779
vn 0.6018 -0.7184 0.3490
vn 0.8337 -0.2654 0.4843
vn 0.3513 -0.7102 0.6101
vn 0.4815 -0.2599 0.8370
vn -0.3513 -0.7102 0.6101
vn -0.4815 -0.2599 0.8370
vn -0.6018 -0.7183 0.3490
vn -0.8337 -0.2654 0.4843
vn -0.5839 -0.7391 -0.3358
vn -0.8326 -0.2799 -0.4779
vn -0.3334 -0.7462 -0.5762
vn -0.4280 -0.5245 -0.7361
vn 0.2588 -0.0000 -0.9659
vn 0.5000 -0.0000 -0.8660
vn -0.5000 -0.0000 -0.8660
vn -0.2588 -0.0000 -0.9659
vn -0.0000 1.0000 -0.0000
vn 0.8660 -0.0000 -0.5000
vn 0.8659 0.0026 -0.5003
vn 0.8662 0.0026 -0.4997
vn 1.0000 0.0033 -0.0001
vn 1.0000 0.0033 0.0001
vn 0.8660 -0.0000 0.5000
vn 0.8659 0.0031 0.5002
vn 0.8661 0.0031 0.4998
vn 0.5000 -0.0000 0.8660
vn 0.2588 -0.0000 0.9659
vn -0.2588 -0.0000 0.9659
vn -0.5000 -0.0000 0.8660
vn -0.7071 -0.0000 0.7071
vn -0.8662 -0.0026 0.4997
vn -0.8659 -0.0026 0.5003
vn -0.9659 -0.0000 0.2588
vn -1.0000 -0.0033 -0.0001
vn -1.0000 -0.0033 0.0001
vn -0.9659 -0.0000 -0.2588
vn -0.8661 -0.0031 -0.4998
vn -0.8659 -0.0031 -0.5002
vn -0.7071 -0.0000 -0.7071
vn 0.7071 -0.0000 -0.7071
vn 0.9659 -0.0000 -0.2588
vn 0.9659 -0.0000 0.2588
vn 0.7071 -0.0000 0.7071
vn -0.4994 0.0500 -0.8649
vn -0.0000 0.0500 -0.9988
vn 0.4994 0.0500 -0.8649
vn 0.8649 0.0500 -0.4994
vn 0.9988 0.0500 -0.0000
vn 0.8649 0.0500 0.4994
vn 0.4994 0.0500 0.8649
vn -0.0000 0.0500 0.9988
vn -0.4994 0.0500 0.8649
vn -0.8649 0.0500 0.4994
vn -0.9988 0.0500 -0.0000
vn -0.8649 0.0500 -0.4994
vn 0.8676 -0.0350 -0.4960
vn 0.8633 -0.0347 -0.5035
vn 0.9991 -0.0434 0.0009
vn 0.9991 -0.0434 -0.0009
vn 0.8667 -0.0403 0.4972
vn 0.8639 -0.0402 0.5020
vn -0.8633 0.0347 0.5035
vn -0.8676 0.0350 0.4960
vn -0.9991 0.0434 0.0009
vn -0.9991 0.0434 -0.0009
vn -0.8639 0.0402 -0.5020
vn -0.8667 0.0403 -0.4972
vn -0.8660 -0.0000 0.5000
vn -0.8660 -0.0000 -0.5000
vt 0.066219 0.963607
vt 0.052502 0.963607
vt 0.040623 0.956749
vt 0.033764 0.944869
vt 0.033764 0.931152
vt 0.040623 0.919273
vt 0.052502 0.912414
vt 0.066219 0.912414
vt 0.078098 0.919273
vt 0.084957 0.931152
vt 0.084957 0.944869
vt 0.078098 0.956749
vt 0.131426 0.750295
vt 0.130924 0.745774
vt 0.135933 0.750777
vt 0.101338 0.728692
vt 0.097192 0.730530
vt 0.094500 0.726865
vt 0.777782 0.128210
vt 0.769944 0.123075
vt 0.778645 0.119529
vt -0.000000 0.821368
vt 0.003665 0.824058
vt 0.001827 0.828204
vt 0.018908 0.857790
vt 0.023429 0.858291
vt 0.023910 0.862800
vt 0.053497 0.879882
vt 0.057663 0.878056
vt 0.060336 0.881717
vt 0.154851 0.787204
vt 0.151190 0.784529
vt 0.153015 0.780364
vt 0.636970 0.269620
vt 0.636841 0.261843
vt 0.644303 0.265609
vt 0.634398 0.117835
vt 0.634199 0.109440
vt 0.642357 0.113534
vt 0.633996 0.566992
vt 0.634586 0.558559
vt 0.642498 0.563220
vt 0.638733 0.415153
vt 0.638764 0.407510
vt 0.646041 0.411299
vt 0.611269 0.263227
vt 0.611432 0.271000
vt 0.603863 0.267366
vt 0.606629 0.119610
vt 0.598361 0.115886
vt 0.606303 0.111235
vt 0.605261 0.565875
vt 0.597074 0.560998
vt 0.605849 0.557482
vt 0.613773 0.415867
vt 0.606600 0.412086
vt 0.613833 0.408285
vt 0.521169 0.262355
vt 0.525463 0.264424
vt 0.521317 0.268938
vt 0.523278 0.220162
vt 0.523342 0.213823
vt 0.527205 0.215779
vt 0.497920 0.595411
vt 0.499251 0.591364
vt 0.501598 0.597819
vt 0.512290 0.551746
vt 0.513860 0.545696
vt 0.516973 0.550786
vt 0.522740 0.506162
vt 0.523463 0.500120
vt 0.526806 0.504668
vt 0.524109 0.318932
vt 0.523783 0.312419
vt 0.528048 0.314528
vt 0.547298 0.219057
vt 0.540073 0.215528
vt 0.547048 0.212284
vt 0.591895 0.221380
vt 0.591668 0.214456
vt 0.598970 0.218049
vt 0.522336 0.609213
vt 0.515707 0.606645
vt 0.523482 0.605436
vt 0.582873 0.617934
vt 0.581729 0.613897
vt 0.589252 0.617388
vt 0.537511 0.559594
vt 0.530917 0.554432
vt 0.539051 0.552342
vt 0.584732 0.563839
vt 0.585617 0.556222
vt 0.592961 0.560565
vt 0.545847 0.510502
vt 0.539340 0.506444
vt 0.546674 0.503731
vt 0.590576 0.511826
vt 0.591256 0.504824
vt 0.598256 0.508697
vt 0.550050 0.317664
vt 0.542398 0.314188
vt 0.549844 0.310746
vt 0.594423 0.319612
vt 0.594247 0.312768
vt 0.601403 0.316340
vt 0.593192 0.270655
vt 0.593011 0.263748
vt 0.600229 0.267395
vt 0.548447 0.260896
vt 0.548637 0.267819
vt 0.540722 0.264174
vt 0.817549 0.131682
vt 0.818375 0.124314
vt 0.822138 0.128475
vt 0.218150 0.882734
vt 0.216074 0.887686
vt 0.213486 0.882344
vt 0.250298 0.868761
vt 0.252915 0.865166
vt 0.255351 0.870592
vt 0.264665 0.920460
vt 0.265703 0.924721
vt 0.260178 0.923427
vt 0.228316 0.923220
vt 0.222486 0.924401
vt 0.223885 0.920180
vt 0.579914 0.649494
vt 0.583899 0.642498
vt 0.587848 0.649666
vt 0.631874 0.650396
vt 0.624034 0.649731
vt 0.628227 0.643013
vt 0.674136 0.656223
vt 0.667006 0.653982
vt 0.672101 0.648229
vt 0.543418 0.652133
vt 0.535503 0.653255
vt 0.538735 0.645286
vt 0.070021 0.984636
vt 0.070994 0.981429
vt 0.075150 0.983261
vt 0.013652 0.952091
vt 0.012277 0.946962
vt 0.015942 0.949645
vt 0.045280 0.892302
vt 0.050409 0.890928
vt 0.047727 0.894593
vt 0.104611 0.922221
vt 0.105985 0.927350
vt 0.102778 0.926377
vt 0.631811 0.625453
vt 0.629188 0.628967
vt 0.628307 0.625736
vt 0.679952 0.634018
vt 0.677516 0.636074
vt 0.676361 0.632204
vt 0.537027 0.627213
vt 0.536283 0.630657
vt 0.532984 0.627426
vt 0.582983 0.625013
vt 0.586409 0.624553
vt 0.584059 0.628249
vt 0.764608 0.269582
vt 0.763915 0.221215
vt 0.771966 0.221417
vt 0.772824 0.269639
vt 0.211132 0.003973
vt 0.211132 0.722981
vt 0.203802 0.722957
vt 0.203802 0.003950
vt 0.764377 0.172460
vt 0.772259 0.172902
vt 0.056679 0.726866
vt 0.057663 0.730530
vt 0.020747 0.747612
vt 0.023429 0.750295
vt 0.773546 0.072546
vt 0.781856 0.074007
vt 0.000000 0.783546
vt 0.003665 0.784528
vt 0.785636 0.022392
vt 0.793489 0.025423
vt 0.783737 0.609187
vt 0.774782 0.560432
vt 0.783112 0.559251
vt 0.791556 0.606590
vt 0.768379 0.510966
vt 0.776524 0.510468
vt 0.764077 0.462230
vt 0.772010 0.462028
vt 0.098170 0.881721
vt 0.097192 0.878056
vt 0.765504 0.413838
vt 0.773748 0.413699
vt 0.134107 0.860975
vt 0.131426 0.858291
vt 0.763819 0.365560
vt 0.771875 0.365519
vt 0.154855 0.825036
vt 0.151190 0.824058
vt 0.761068 0.317639
vt 0.768924 0.317638
vt 0.637702 0.314667
vt 0.645025 0.314510
vt 0.638450 0.363062
vt 0.645718 0.362925
vt 0.638144 0.459979
vt 0.645570 0.460107
vt 0.636646 0.510109
vt 0.644382 0.510388
vt 0.629175 0.616954
vt 0.636880 0.618641
vt 0.633204 0.059571
vt 0.629653 0.007260
vt 0.637677 0.005633
vt 0.641666 0.059196
vt 0.635314 0.165874
vt 0.643029 0.165691
vt 0.636168 0.216238
vt 0.643683 0.216077
vt 0.604995 0.316310
vt 0.612403 0.316071
vt 0.606028 0.364551
vt 0.613358 0.364349
vt 0.605044 0.459872
vt 0.612510 0.460091
vt 0.602010 0.509066
vt 0.609811 0.509529
vt 0.593787 0.616415
vt 0.602378 0.615620
vt 0.595925 0.061999
vt 0.596250 0.007606
vt 0.603870 0.008499
vt 0.604168 0.061672
vt 0.600926 0.167947
vt 0.608694 0.167580
vt 0.602643 0.217998
vt 0.610228 0.217726
vt 0.162308 0.722823
vt 0.162308 0.003816
vt 0.169638 0.003838
vt 0.169638 0.722845
vt 0.494254 0.722787
vt 0.494255 0.003780
vt 0.497920 0.003761
vt 0.497920 0.722768
vt 0.452761 0.722915
vt 0.452761 0.003908
vt 0.460091 0.003885
vt 0.460091 0.722892
vt 0.411268 0.723049
vt 0.411268 0.004042
vt 0.418598 0.004020
vt 0.418598 0.723028
vt 0.245295 0.723086
vt 0.245295 0.004078
vt 0.252625 0.004097
vt 0.252625 0.723104
vt 0.526116 0.363278
vt 0.530160 0.363223
vt 0.527331 0.411312
vt 0.531335 0.411397
vt 0.526225 0.458591
vt 0.530104 0.458869
vt 0.508321 0.072893
vt 0.498837 0.026650
vt 0.502153 0.020061
vt 0.512754 0.072242
vt 0.514695 0.122421
vt 0.518766 0.122048
vt 0.520048 0.169806
vt 0.523973 0.169532
vt 0.730649 0.269039
vt 0.731740 0.219561
vt 0.738636 0.219896
vt 0.737726 0.269226
vt 0.733731 0.170765
vt 0.740507 0.171162
vt 0.734873 0.120179
vt 0.742275 0.120789
vt 0.740378 0.066462
vt 0.747721 0.067534
vt 0.753315 0.005663
vt 0.761151 0.008070
vt 0.750722 0.623862
vt 0.739563 0.565439
vt 0.747160 0.564811
vt 0.758651 0.621909
vt 0.735481 0.512313
vt 0.742570 0.512178
vt 0.733965 0.462960
vt 0.740608 0.462946
vt 0.731697 0.414152
vt 0.738737 0.414201
vt 0.731677 0.364940
vt 0.738510 0.365087
vt 0.731614 0.317386
vt 0.738112 0.317516
vt 0.655412 0.314655
vt 0.654803 0.265777
vt 0.661425 0.265968
vt 0.662012 0.314816
vt 0.656035 0.363080
vt 0.662588 0.363208
vt 0.656373 0.411570
vt 0.662917 0.411768
vt 0.656112 0.460527
vt 0.662831 0.460767
vt 0.655308 0.510949
vt 0.662251 0.511191
vt 0.653674 0.564231
vt 0.660937 0.564615
vt 0.647732 0.622963
vt 0.655600 0.624429
vt 0.653757 0.059011
vt 0.649891 0.001444
vt 0.658226 0.000235
vt 0.661352 0.059260
vt 0.653780 0.113776
vt 0.660925 0.114122
vt 0.653989 0.165893
vt 0.660925 0.166162
vt 0.654352 0.216247
vt 0.661093 0.216441
vt 0.595499 0.364467
vt 0.602482 0.364561
vt 0.596163 0.411903
vt 0.603088 0.412000
vt 0.594425 0.459452
vt 0.601444 0.459641
vt 0.584419 0.062514
vt 0.584336 0.009812
vt 0.592521 0.006551
vt 0.592057 0.062014
vt 0.586904 0.116426
vt 0.594450 0.116014
vt 0.589898 0.168183
vt 0.597172 0.168059
vt 0.544184 0.363036
vt 0.551592 0.363087
vt 0.545216 0.411692
vt 0.552560 0.411786
vt 0.543550 0.459825
vt 0.550773 0.460055
vt 0.528120 0.069972
vt 0.516831 0.012714
vt 0.526196 0.014346
vt 0.536244 0.068834
vt 0.532882 0.120760
vt 0.540508 0.120107
vt 0.537583 0.168601
vt 0.544952 0.168322
vt 0.812187 0.269671
vt 0.812073 0.221444
vt 0.816303 0.221345
vt 0.816313 0.269670
vt 0.812792 0.175235
vt 0.817114 0.175262
vt 0.823632 0.080681
vt 0.828092 0.081169
vt 0.832847 0.033599
vt 0.836840 0.035233
vt 0.829736 0.600238
vt 0.822488 0.554333
vt 0.826646 0.553807
vt 0.833597 0.598567
vt 0.816763 0.507490
vt 0.821034 0.507307
vt 0.813597 0.461145
vt 0.818007 0.461252
vt 0.813544 0.412898
vt 0.817723 0.413071
vt 0.811980 0.364449
vt 0.816209 0.364574
vt 0.810522 0.317448
vt 0.814928 0.317545
vt 0.223434 0.870617
vt 0.225842 0.873674
vt 0.237540 0.864483
vt 0.238426 0.868217
vt 0.266464 0.872487
vt 0.264187 0.875383
vt 0.275521 0.884954
vt 0.272238 0.886490
vt 0.275521 0.912836
vt 0.272238 0.911301
vt 0.251739 0.931252
vt 0.251074 0.927689
vt 0.236329 0.931150
vt 0.237357 0.927613
vt 0.212976 0.912301
vt 0.216528 0.910846
vt 0.209747 0.897261
vt 0.213634 0.897438
vt 0.588488 0.995174
vt 0.581619 0.995203
vt 0.620159 0.995250
vt 0.627024 0.995324
vt 0.658653 0.995863
vt 0.665500 0.996048
vt 0.543096 0.995739
vt 0.549955 0.995597
vt 0.523337 0.647267
vt 0.524677 0.654419
vt 0.657916 0.643819
vt 0.657130 0.650863
vt 0.613529 0.640692
vt 0.613341 0.647801
vt 0.554139 0.642779
vt 0.554319 0.650204
vt 0.685907 0.653362
vt 0.683822 0.659283
vt 0.643283 0.643045
vt 0.642701 0.650300
vt 0.568979 0.640972
vt 0.569054 0.648175
vt 0.598981 0.641525
vt 0.598764 0.648821
vt 0.509495 0.653463
vt 0.511974 0.659536
vt 0.046745 0.985094
vt 0.047727 0.981429
vt 0.024893 0.972478
vt 0.027576 0.969795
vt 0.012277 0.925395
vt 0.015942 0.926377
vt 0.024893 0.903544
vt 0.027576 0.906227
vt 0.071976 0.890928
vt 0.070994 0.894593
vt 0.093828 0.903544
vt 0.091145 0.906227
vt 0.106443 0.950627
vt 0.102778 0.949645
vt 0.093828 0.972478
vt 0.091145 0.969795
vt 0.887901 0.104592
vt 0.840653 0.104592
vt 0.840653 0.097262
vt 0.887901 0.097262
vt 0.887901 0.028897
vt 0.840653 0.028897
vt 0.840653 0.021567
vt 0.887901 0.021567
vt 0.887901 0.255982
vt 0.840653 0.255982
vt 0.840653 0.248652
vt 0.887901 0.248652
vt 0.840653 0.172957
vt 0.887901 0.172957
vt 0.887901 0.180287
vt 0.840653 0.180287
vt 0.517304 0.630696
vt 0.518544 0.634104
vt 0.661318 0.627952
vt 0.660618 0.631215
vt 0.614307 0.624647
vt 0.614147 0.627946
vt 0.553534 0.625080
vt 0.553659 0.628720
vt 0.695566 0.642541
vt 0.693580 0.644766
vt 0.645778 0.626170
vt 0.645265 0.629641
vt 0.568782 0.624453
vt 0.568823 0.627850
vt 0.599995 0.624512
vt 0.599787 0.628010
vt 0.497920 0.641891
vt 0.500300 0.644271
vt 0.124480 0.722724
vt 0.124480 0.003717
vt 0.082987 0.722672
vt 0.082987 0.003665
vt 0.041493 0.722691
vt 0.041493 0.003684
vt 0.003665 0.722768
vt 0.003665 0.003761
vt 0.373440 0.723148
vt 0.373440 0.004141
vt 0.331946 0.723200
vt 0.331946 0.004193
vt 0.290453 0.723181
vt 0.290453 0.004174
vt 0.162242 0.856021
vt 0.188026 0.825659
vt 0.152579 0.894663
vt 0.224572 0.809828
vt 0.264350 0.811674
vt 0.299336 0.830669
vt 0.322681 0.862903
vt 0.322681 0.934887
vt 0.297319 0.965553
vt 0.261281 0.982430
vt 0.221481 0.982227
vt 0.185663 0.964851
vt 0.160995 0.933591
vt 0.572210 0.995256
vt 0.597903 0.995144
vt 0.559361 0.995426
vt 0.533706 0.995941
vt 0.520927 0.996307
vt 0.674882 0.996304
vt 0.649264 0.995646
vt 0.636432 0.995432
vt 0.610753 0.995165
vt 0.887901 0.151390
vt 0.840653 0.151390
vt 0.887901 0.201854
vt 0.840653 0.201854
vt 0.887901 0.227085
vt 0.840653 0.227085
vt 0.887901 0.277549
vt 0.840653 0.277549
vt 0.887901 0.302781
vt 0.840653 0.302781
vt 0.887901 0.000000
vt 0.840653 0.000000
vt 0.887901 0.050463
vt 0.840653 0.050463
vt 0.887901 0.075695
vt 0.840653 0.075695
vt 0.887901 0.126159
vt 0.840653 0.126159
s 1
f 5873/5791/2231 5874/5792/2231 5875/5793/2231 5876/5794/2231 5877/5795/2231 5878/5796/2231 5879/5797/2231 5880/5798/2231 5881/5799/2231 5882/5800/2231 5883/5801/2231 5884/5802/2231
f 5887/5803/2232 5888/5804/2233 5889/5805/2234
f 5892/5806/2235 5893/5807/2236 5894/5808/2237
f 5899/5809/2238 5900/5810/2239 5901/5811/2240
f 5910/5812/2241 5911/5813/2242 5912/5814/2243
f 5915/5815/2244 5916/5816/2245 5917/5817/2246
f 5920/5818/2247 5921/5819/2248 5922/5820/2249
f 5937/5821/2250 5938/5822/2251 5939/5823/2252
f 5940/5824/2253 5941/5825/2254 5942/5826/2255
f 5947/5827/2256 5948/5828/2257 5949/5829/2258
f 5954/5830/2259 5955/5831/2260 5956/5832/2261
f 5961/5833/2262 5962/5834/2263 5963/5835/2264
f 5968/5836/2265 5969/5837/2266 5970/5838/2267
f 5975/5839/2238 5976/5840/2239 5977/5841/2240
f 5982/5842/2268 5983/5843/2269 5984/5844/2270
f 5989/5845/2271 5990/5846/2272 5991/5847/2273
f 5996/5848/2274 5997/5849/2275 5998/5850/2276
f 5999/5851/2277 6000/5852/2278 6001/5853/2279
f 6008/5854/2280 6009/5855/2281 6010/5856/2282
f 6011/5857/2283 6012/5858/2284 6013/5859/2285
f 6014/5860/2286 6015/5861/2287 6016/5862/2288
f 6023/5863/2289 6024/5864/2290 6025/5865/2291
f 6074/5866/2292 6075/5867/2293 6076/5868/2294
f 6077/5869/2295 6078/5870/2296 6079/5871/2297
f 6092/5872/2298 6093/5873/2299 6094/5874/2300
f 6095/5875/2301 6096/5876/2302 6097/5877/2303
f 6098/5878/2304 6099/5879/2305 6100/5880/2306
f 6101/5881/2307 6102/5882/2308 6103/5883/2309
f 6104/5884/2310 6105/5885/2311 6106/5886/2312
f 6107/5887/2313 6108/5888/2314 6109/5889/2315
f 6122/5890/2316 6123/5891/2317 6124/5892/2318
f 6125/5893/2319 6126/5894/2320 6127/5895/2321
f 6128/5896/2322 6129/5897/2323 6130/5898/2324
f 6131/5899/2325 6132/5900/2326 6133/5901/2327
f 6140/5902/2328 6141/5903/2329 6142/5904/2330
f 6159/5905/2331 6160/5906/2332 6161/5907/2333
f 6166/5908/2334 6167/5909/2335 6168/5910/2336
f 6173/5911/2337 6174/5912/2338 6175/5913/2339
f 6180/5914/2340 6181/5915/2341 6182/5916/2342
f 6193/5917/2254 6194/5918/2255 6195/5919/2253
f 6206/5920/2262 6207/5921/2263 6208/5922/2264
f 6209/5923/2259 6210/5924/2260 6211/5925/2261
f 6212/5926/2256 6213/5927/2257 6214/5928/2258
f 6215/5929/2343 6216/5930/2344 6217/5931/2345
f 6222/5932/2346 6223/5933/2347 6224/5934/2348
f 6229/5935/2349 6230/5936/2350 6231/5937/2351
f 6236/5938/2352 6237/5939/2353 6238/5940/2354
f 6253/5941/2355 6254/5942/2356 6255/5943/2357
f 6256/5944/2358 6257/5945/2359 6258/5946/2360
f 6259/5947/2361 6260/5948/2362 6261/5949/2363
f 6264/5950/2364 6265/5951/2365 6266/5952/2366
f 5886/5953/2367 5890/5954/2368 5891/5955/2368 5885/5956/2367
f 5892/5806/2235 5888/5804/2233 5887/5803/2232 5893/5807/2236
f 5998/5957/2369 5889/5958/2370 5888/5959/2371 5996/5960/2372
f 5890/5954/2368 5895/5961/2373 5896/5962/2373 5891/5955/2368
f 5898/5963/2374 5894/5808/2237 5893/5807/2236 5897/5964/2375
f 5895/5961/2373 5900/5810/2239 5899/5809/2238 5896/5962/2373
f 5903/5965/2376 5898/5963/2374 5897/5964/2375 5902/5966/2376
f 5900/5810/2239 5904/5967/2377 5905/5968/2377 5901/5811/2240
f 5907/5969/2378 5903/5965/2376 5902/5966/2376 5906/5970/2379
f 5904/5967/2377 5908/5971/2380 5909/5972/2380 5905/5968/2377
f 5910/5812/2241 5907/5969/2378 5906/5970/2379 5911/5813/2242
f 5908/5973/2380 5913/5974/2381 5914/5975/2381 5909/5976/2380
f 5915/5815/2244 5912/5814/2243 5911/5813/2242 5916/5816/2245
f 5913/5974/2381 5918/5977/2382 5919/5978/2382 5914/5975/2381
f 5920/5818/2247 5917/5817/2246 5916/5816/2245 5921/5819/2248
f 5918/5977/2382 5923/5979/2383 5924/5980/2383 5919/5978/2382
f 5926/5981/2384 5922/5820/2249 5921/5819/2248 5925/5982/2385
f 5923/5979/2383 5927/5983/2386 5928/5984/2386 5924/5980/2383
f 5930/5985/2387 5926/5981/2384 5925/5982/2385 5929/5986/2387
f 5927/5983/2386 5931/5987/2388 5932/5988/2388 5928/5984/2386
f 5934/5989/2389 5930/5985/2387 5929/5986/2387 5933/5990/2390
f 5931/5987/2388 5935/5991/2391 5936/5992/2391 5932/5988/2388
f 5937/5821/2250 5934/5989/2389 5933/5990/2390 5938/5822/2251
f 5935/5991/2391 5886/5953/2367 5885/5956/2367 5936/5992/2391
f 5889/5805/2234 5939/5823/2252 5938/5822/2251 5887/5803/2232
f 5977/5841/2392 5948/5828/2392 5947/5827/2393 5975/5839/2393
f 5984/5844/2394 5955/5831/2394 5954/5830/2395 5982/5842/2395
f 5991/5847/2396 5962/5834/2396 5961/5833/2397 5989/5845/2397
f 5967/5993/2398 5940/5824/2253 5942/5826/2255 5966/5994/2398
f 5965/5995/2399 5967/5993/2398 5966/5994/2398 5964/5996/2399
f 5962/5834/2263 5965/5995/2399 5964/5996/2399 5963/5835/2264
f 5960/5997/2400 5961/5833/2262 5963/5835/2264 5959/5998/2400
f 5958/5999/2401 5960/5997/2400 5959/5998/2400 5957/6000/2401
f 5955/5831/2260 5958/5999/2401 5957/6000/2401 5956/5832/2261
f 5953/6001/2402 5954/5830/2259 5956/5832/2261 5952/6002/2402
f 5951/6003/2403 5953/6004/2402 5952/6005/2402 5950/6006/2403
f 5948/5828/2257 5951/6003/2403 5950/6006/2403 5949/5829/2258
f 5946/6007/2404 5947/5827/2256 5949/5829/2258 5945/6008/2404
f 5944/6009/2405 5946/6007/2404 5945/6008/2404 5943/6010/2405
f 5941/5825/2254 5944/6009/2405 5943/6010/2405 5942/5826/2255
f 5940/5824/2406 5969/5837/2406 5968/5836/2407 5941/5825/2407
f 5995/6011/2391 5970/5838/2267 5969/5837/2266 5994/6012/2391
f 5993/6013/2388 5995/6011/2391 5994/6012/2391 5992/6014/2388
f 5990/5846/2272 5993/6013/2388 5992/6014/2388 5991/5847/2273
f 5988/6015/2383 5990/5846/2272 5989/5845/2271 5987/6016/2383
f 5986/6017/2382 5988/6015/2383 5987/6016/2383 5985/6018/2382
f 5983/5843/2269 5986/6017/2382 5985/6018/2382 5984/5844/2270
f 5981/6019/2380 5983/5843/2269 5982/5842/2268 5980/6020/2380
f 5979/6021/2377 5981/6022/2380 5980/6023/2380 5978/6024/2377
f 5976/5840/2239 5979/6021/2377 5978/6024/2377 5977/5841/2240
f 5974/6025/2373 5976/5840/2239 5975/5839/2238 5973/6026/2373
f 5972/6027/2368 5974/6025/2373 5973/6026/2373 5971/6028/2368
f 5970/5838/2267 5972/6027/2368 5971/6028/2368 5968/5836/2265
f 5894/6029/2408 6000/6030/2409 5999/6031/2410 5892/6032/2411
f 5912/6033/2412 6009/6034/2413 6008/6035/2414 5910/6036/2415
f 5917/6037/2416 6012/6038/2417 6011/6039/2418 5915/6040/2419
f 5922/6041/2420 6015/6042/2421 6014/6043/2422 5920/6044/2423
f 5939/6045/2424 6024/6046/2425 6023/6047/2426 5937/6048/2427
f 6024/5864/2290 5998/5850/2276 5997/5849/2275 6025/5865/2291
f 6022/6049/2390 6023/5863/2289 6025/5865/2291 6021/6050/2389
f 6020/6051/2428 6022/6049/2390 6021/6050/2389 6019/6052/2428
f 6018/6053/2385 6020/6051/2428 6019/6052/2428 6017/6054/2429
f 6015/5861/2287 6018/6053/2385 6017/6054/2429 6016/5862/2288
f 6012/5858/2284 6014/5860/2286 6016/5862/2288 6013/5859/2285
f 6009/5855/2281 6011/5857/2283 6013/5859/2285 6010/5856/2282
f 6007/6055/2379 6008/6056/2280 6010/6057/2282 6006/6058/2378
f 6005/6059/2376 6007/6055/2379 6006/6058/2378 6004/6060/2376
f 6003/6061/2375 6005/6059/2376 6004/6060/2376 6002/6062/2374
f 6000/5852/2278 6003/6061/2375 6002/6062/2374 6001/5853/2279
f 5996/5848/2274 5999/5851/2277 6001/5853/2279 5997/5849/2275
f 6027/6063/2430 6028/6064/2431 6029/6065/2431 6026/6066/2430
f 6028/6064/2431 6032/6067/2432 6033/6068/2432 6029/6065/2431
f 6032/6067/2432 6036/6069/2433 6037/6070/2433 6033/6068/2432
f 6036/6069/2433 6040/6071/2434 6041/6072/2434 6037/6070/2433
f 6040/6071/2434 6044/6073/2435 6045/6074/2435 6041/6072/2434
f 6044/6075/2435 6048/6076/2436 6049/6077/2436 6045/6078/2435
f 6048/6076/2436 6052/6079/2437 6053/6080/2437 6049/6077/2436
f 6052/6079/2437 6056/6081/2438 6057/6082/2438 6053/6080/2437
f 6056/6081/2438 6060/6083/2439 6061/6084/2439 6057/6082/2438
f 6060/6083/2439 6064/6085/2440 6065/6086/2440 6061/6084/2439
f 6064/6085/2440 6068/6087/2441 6069/6088/2441 6065/6086/2440
f 6068/6087/2441 6027/6063/2430 6026/6066/2430 6069/6088/2441
f 6071/6089/2442 6072/6090/2443 6073/6091/2443 6070/6092/2442
f 6067/6093/2444 6071/6089/2442 6070/6092/2442 6066/6094/2444
f 6063/6095/2445 6067/6093/2444 6066/6094/2444 6062/6096/2445
f 6059/6097/2446 6063/6095/2445 6062/6096/2445 6058/6098/2446
f 6055/6099/2447 6059/6097/2446 6058/6098/2446 6054/6100/2447
f 6051/6101/2448 6055/6099/2447 6054/6100/2447 6050/6102/2448
f 6047/6103/2449 6051/6101/2448 6050/6102/2448 6046/6104/2449
f 6043/6105/2450 6047/6106/2449 6046/6107/2449 6042/6108/2450
f 6039/6109/2451 6043/6105/2450 6042/6108/2450 6038/6110/2451
f 6035/6111/2452 6039/6109/2451 6038/6110/2451 6034/6112/2452
f 6031/6113/2453 6035/6111/2452 6034/6112/2452 6030/6114/2453
f 6072/6090/2443 6031/6113/2453 6030/6114/2453 6073/6091/2443
f 6076/5868/2454 6078/5870/2455 6077/5869/2456 6074/5866/2457
f 6094/5874/2458 6096/5876/2459 6095/5875/2460 6092/5872/2461
f 6100/5880/2462 6102/5882/2463 6101/5881/2464 6098/5878/2465
f 6106/5886/2466 6108/5888/2467 6107/5887/2468 6104/5884/2469
f 6124/5892/2470 6126/5894/2471 6125/5893/2472 6122/5890/2473
f 6126/5894/2320 6128/5896/2322 6130/5898/2324 6127/5895/2321
f 6121/6115/2474 6125/5893/2319 6127/5895/2321 6120/6116/2475
f 6117/6117/2476 6121/6115/2474 6120/6116/2475 6116/6118/2477
f 6113/6119/2478 6117/6117/2476 6116/6118/2477 6112/6120/2479
f 6108/5888/2314 6113/6119/2478 6112/6120/2479 6109/5889/2315
f 6102/5882/2308 6107/5887/2313 6109/5889/2315 6103/5883/2309
f 6096/5876/2302 6101/5881/2307 6103/5883/2309 6097/5877/2303
f 6091/6121/2480 6095/6122/2301 6097/6123/2303 6090/6124/2481
f 6087/6125/2482 6091/6121/2480 6090/6124/2481 6086/6126/2483
f 6083/6127/2484 6087/6125/2482 6086/6126/2483 6082/6128/2485
f 6078/5870/2296 6083/6127/2484 6082/6128/2485 6079/5871/2297
f 6129/5897/2323 6077/5869/2295 6079/5871/2297 6130/5898/2324
f 6128/5896/2486 6132/5900/2487 6131/5899/2488 6129/5897/2489
f 6123/5891/2317 6133/5901/2327 6132/5900/2326 6124/5892/2318
f 6119/6129/2490 6123/5891/2317 6122/5890/2316 6118/6130/2491
f 6115/6131/2492 6119/6129/2490 6118/6130/2491 6114/6132/2493
f 6111/6133/2494 6115/6131/2492 6114/6132/2493 6110/6134/2495
f 6105/5885/2311 6111/6133/2494 6110/6134/2495 6106/5886/2312
f 6099/5879/2305 6105/5885/2311 6104/5884/2310 6100/5880/2306
f 6093/5873/2299 6099/5879/2305 6098/5878/2304 6094/5874/2300
f 6089/6135/2496 6093/6136/2299 6092/6137/2298 6088/6138/2497
f 6085/6139/2498 6089/6135/2496 6088/6138/2497 6084/6140/2499
f 6081/6141/2500 6085/6139/2498 6084/6140/2499 6080/6142/2501
f 6075/5867/2293 6081/6141/2500 6080/6142/2501 6076/5868/2294
f 6133/5901/2327 6075/5867/2293 6074/5866/2292 6131/5899/2325
f 6135/6143/2502 6136/6144/2503 6137/6145/2504 6134/6146/2505
f 6136/6144/2503 6138/6147/2506 6139/6148/2507 6137/6145/2504
f 6138/6147/2506 6140/5902/2328 6142/5904/2330 6139/6148/2507
f 6141/5903/2329 6143/6149/2508 6144/6150/2509 6142/5904/2330
f 6143/6149/2508 6145/6151/2510 6146/6152/2511 6144/6150/2509
f 6145/6153/2510 6147/6154/2512 6148/6155/2513 6146/6156/2511
f 6147/6154/2512 6149/6157/2514 6150/6158/2515 6148/6155/2513
f 6149/6157/2514 6151/6159/2516 6152/6160/2517 6150/6158/2515
f 6151/6159/2516 6153/6161/2518 6154/6162/2519 6152/6160/2517
f 6153/6161/2518 6155/6163/2520 6156/6164/2521 6154/6162/2519
f 6155/6163/2520 6157/6165/2522 6158/6166/2523 6156/6164/2521
f 6157/6165/2522 6135/6143/2502 6134/6146/2505 6158/6166/2523
f 6140/5902/2328 5899/5809/2393 5901/5811/2392 6141/5903/2329
f 6161/5907/2333 6162/6167/2524 6163/6168/2525 6159/5905/2331
f 6162/6167/2524 6164/6169/2526 6165/6170/2527 6163/6168/2525
f 6164/6169/2526 6167/5909/2335 6166/5908/2334 6165/6170/2527
f 6167/5909/2335 6169/6171/2528 6170/6172/2529 6168/5910/2336
f 6169/6171/2528 6171/6173/2530 6172/6174/2531 6170/6172/2529
f 6171/6175/2530 6174/5912/2338 6173/5911/2337 6172/6176/2531
f 6174/5912/2338 6176/6177/2532 6177/6178/2533 6175/5913/2339
f 6176/6177/2532 6178/6179/2534 6179/6180/2535 6177/6178/2533
f 6178/6179/2534 6181/5915/2341 6180/5914/2340 6179/6180/2535
f 6181/5915/2341 6183/6181/2536 6184/6182/2537 6182/5916/2342
f 6183/6181/2536 6185/6183/2538 6186/6184/2539 6184/6182/2537
f 6185/6183/2538 6161/5907/2333 6160/5906/2332 6186/6184/2539
f 6195/5919/2406 6160/6185/2406 6159/6186/2407 6193/5917/2407
f 6182/6187/2342 6207/5921/2396 6206/5920/2397 6180/6188/2340
f 6175/6189/2339 6210/5924/2394 6209/5923/2395 6173/6190/2337
f 6168/6191/2336 6213/5927/2392 6212/5926/2393 6166/6192/2334
f 6203/6193/2403 6214/5928/2258 6213/5927/2257 6202/6194/2403
f 6199/6195/2401 6211/5925/2261 6210/5924/2260 6198/6196/2401
f 6190/6197/2399 6208/5922/2264 6207/5921/2263 6189/6198/2399
f 6214/5928/2258 6204/6199/2404 6205/6200/2404 6212/5926/2256
f 6211/5925/2261 6200/6201/2402 6201/6202/2402 6209/5923/2259
f 6208/5922/2264 6196/6203/2400 6197/6204/2400 6206/5920/2262
f 6204/6199/2404 6191/6205/2405 6192/6206/2405 6205/6200/2404
f 6194/5918/2255 6187/6207/2398 6188/6208/2398 6195/5919/2253
f 6200/6209/2402 6203/6193/2403 6202/6194/2403 6201/6210/2402
f 6196/6203/2400 6199/6195/2401 6198/6196/2401 6197/6204/2400
f 6191/6205/2405 6194/5918/2255 6193/5917/2254 6192/6206/2405
f 6187/6207/2398 6190/6197/2399 6189/6198/2399 6188/6208/2398
f 6215/5929/2343 6218/6211/2368 6219/6212/2368 6216/5930/2344
f 6218/6211/2368 6220/6213/2373 6221/6214/2373 6219/6212/2368
f 6220/6213/2373 6222/5932/2346 6224/5934/2348 6221/6214/2373
f 6223/5933/2347 6225/6215/2377 6226/6216/2377 6224/5934/2348
f 6225/6215/2377 6227/6217/2380 6228/6218/2380 6226/6216/2377
f 6227/6217/2380 6229/5935/2349 6231/5937/2351 6228/6218/2380
f 6230/5936/2350 6232/6219/2382 6233/6220/2382 6231/5937/2351
f 6232/6219/2382 6234/6221/2383 6235/6222/2383 6233/6220/2382
f 6234/6221/2383 6236/5938/2352 6238/5940/2354 6235/6222/2383
f 6237/5939/2353 6239/6223/2388 6240/6224/2388 6238/5940/2354
f 6239/6223/2388 6241/6225/2391 6242/6226/2391 6240/6224/2388
f 6241/6225/2391 6217/5931/2345 6216/5930/2344 6242/6226/2391
f 6255/6227/2396 6237/6228/2396 6236/6229/2397 6253/6230/2397
f 6258/6231/2394 6230/6232/2394 6229/6233/2395 6256/6234/2395
f 6261/6235/2392 6223/6236/2392 6222/6237/2393 6259/6238/2393
f 6217/6239/2406 6265/6240/2406 6264/6241/2407 6215/6242/2407
f 6270/6243/2403 6261/5949/2363 6260/5948/2362 6269/6244/2403
f 6268/6245/2401 6258/5946/2360 6257/5945/2359 6267/6246/2401
f 6263/6247/2399 6255/5943/2357 6254/5942/2356 6262/6248/2399
f 6259/5947/2361 6251/6249/2404 6252/6250/2404 6260/5948/2362
f 6256/5944/2358 6249/6251/2402 6250/6252/2402 6257/5945/2359
f 6253/5941/2355 6247/6253/2400 6248/6254/2400 6254/5942/2356
f 6251/6249/2404 6245/6255/2405 6246/6256/2405 6252/6250/2404
f 6265/5951/2365 6243/6257/2398 6244/6258/2398 6266/5952/2366
f 6249/6259/2402 6270/6243/2403 6269/6244/2403 6250/6260/2402
f 6247/6253/2400 6268/6245/2401 6267/6246/2401 6248/6254/2400
f 6245/6255/2405 6264/5950/2364 6266/5952/2366 6246/6256/2405
f 6243/6257/2398 6263/6247/2399 6262/6248/2399 6244/6258/2398
f 5885/5956/2540 5891/5955/2541 6136/6144/2541 6135/6143/2540
f 5886/5953/2231 5935/5991/2231 6069/6088/2231 6026/6066/2231
f 5890/5954/2231 5886/5953/2231 6026/6066/2231 6029/6065/2231
f 5936/5992/2542 5885/5956/2543 6135/6143/2543 6157/6165/2542
f 5893/5807/2544 5887/5803/2544 5938/5822/2544 5933/5990/2544 5929/5986/2544 5925/5982/2544 5921/5819/2544 5916/5816/2544 5911/5813/2544 5906/5970/2544 5902/5966/2544 5897/5964/2544
f 5996/5960/2372 5888/5959/2371 5892/6032/2411 5999/6031/2410
f 6024/6046/2425 5939/6045/2424 5889/5958/2370 5998/5957/2369
f 5891/5955/2541 5896/5962/2545 6138/6147/2506 6136/6144/2541
f 5895/5961/2231 5890/5954/2231 6029/6065/2231 6033/6068/2231
f 6000/6030/2409 5894/6029/2408 5898/6261/2546 6003/6262/2547
f 5896/5962/2545 5899/5809/2393 6140/5902/2328 6138/6147/2506
f 5900/5810/2231 5895/5961/2231 6033/6068/2231 6037/6070/2231
f 6003/6262/2547 5898/6261/2546 5903/6263/2548 6005/6264/2549
f 5904/5967/2231 5900/5810/2231 6037/6070/2231 6041/6072/2231
f 5901/5811/2392 5905/5968/2550 6143/6149/2508 6141/5903/2329
f 6005/6264/2549 5903/6263/2548 5907/6265/2551 6007/6266/2552
f 5905/5968/2550 5909/5972/2553 6145/6151/2510 6143/6149/2508
f 5908/5971/2231 5904/5967/2231 6041/6072/2231 6045/6074/2231
f 6007/6266/2552 5907/6265/2551 5910/6267/2415 6008/6268/2414
f 5909/5976/2553 5914/5975/2554 6147/6154/2512 6145/6153/2510
f 5913/5974/2231 5908/5973/2231 6045/6078/2231 6049/6077/2231
f 6009/6034/2413 5912/6033/2412 5915/6040/2419 6011/6039/2418
f 5914/5975/2555 5919/5978/2556 6149/6157/2514 6147/6154/2512
f 5918/5977/2231 5913/5974/2231 6049/6077/2231 6053/6080/2231
f 6012/6038/2417 5917/6037/2416 5920/6044/2423 6014/6043/2422
f 5919/5978/2556 5924/5980/2557 6151/6159/2516 6149/6157/2514
f 5923/5979/2231 5918/5977/2231 6053/6080/2231 6057/6082/2231
f 6015/6042/2421 5922/6041/2420 5926/6269/2558 6018/6270/2559
f 5924/5980/2560 5928/5984/2560 6153/6161/2518 6151/6159/2516
f 5927/5983/2231 5923/5979/2231 6057/6082/2231 6061/6084/2231
f 6018/6270/2559 5926/6269/2558 5930/6271/2561 6020/6272/2562
f 5928/5984/2563 5932/5988/2563 6155/6163/2520 6153/6161/2518
f 5931/5987/2231 5927/5983/2231 6061/6084/2231 6065/6086/2231
f 6020/6272/2562 5930/6271/2561 5934/6273/2564 6022/6274/2565
f 5932/5988/2566 5936/5992/2542 6157/6165/2542 6155/6163/2566
f 5935/5991/2231 5931/5987/2231 6065/6086/2231 6069/6088/2231
f 6022/6274/2565 5934/6273/2564 5937/6048/2427 6023/6047/2426
f 5942/5826/2544 5943/6010/2544 6031/6113/2544 6072/6090/2544
f 5941/5825/2407 5968/5836/2407 5971/6028/2540 5944/6009/2540
f 5966/5994/2544 5942/5826/2544 6072/6090/2544 6071/6089/2544
f 5967/5993/2543 5994/6012/2543 5969/5837/2406 5940/5824/2406
f 5943/6010/2544 5945/6008/2544 6035/6111/2544 6031/6113/2544
f 5944/6009/2567 5971/6028/2567 5973/6026/2567 5946/6007/2567
f 5946/6007/2568 5973/6026/2568 5975/5839/2393 5947/5827/2393
f 5945/6008/2544 5949/5829/2544 6039/6109/2544 6035/6111/2544
f 5948/5828/2392 5977/5841/2392 5978/6024/2569 5951/6003/2569
f 5949/5829/2544 5950/6006/2544 6043/6105/2544 6039/6109/2544
f 5951/6003/2570 5978/6024/2570 5980/6023/2570 5953/6004/2570
f 5950/6006/2544 5952/6005/2544 6047/6106/2544 6043/6105/2544
f 5953/6001/2554 5980/6020/2554 5982/5842/2395 5954/5830/2395
f 5952/6002/2544 5956/5832/2544 6051/6101/2544 6047/6103/2544
f 5955/5831/2394 5984/5844/2394 5985/6018/2555 5958/5999/2555
f 5956/5832/2544 5957/6000/2544 6055/6099/2544 6051/6101/2544
f 5958/5999/2557 5985/6018/2557 5987/6016/2557 5960/5997/2557
f 5957/6000/2544 5959/5998/2544 6059/6097/2544 6055/6099/2544
f 5960/5997/2560 5987/6016/2560 5989/5845/2397 5961/5833/2397
f 5959/5998/2544 5963/5835/2544 6063/6095/2544 6059/6097/2544
f 5962/5834/2396 5991/5847/2396 5992/6014/2563 5965/5995/2563
f 5963/5835/2544 5964/5996/2544 6067/6093/2544 6063/6095/2544
f 5965/5995/2566 5992/6014/2566 5994/6012/2566 5967/5993/2566
f 5964/5996/2544 5966/5994/2544 6071/6089/2544 6067/6093/2544
f 5972/6027/2231 5970/5838/2231 6130/5898/2231 6079/5871/2231
f 5970/5838/2231 5995/6011/2231 6127/5895/2231 6130/5898/2231
f 5974/6025/2231 5972/6027/2231 6079/5871/2231 6082/6128/2231
f 5976/5840/2231 5974/6025/2231 6082/6128/2231 6086/6126/2231
f 5979/6021/2231 5976/5840/2231 6086/6126/2231 6090/6124/2231
f 5981/6022/2231 5979/6021/2231 6090/6124/2231 6097/6123/2231
f 5983/5843/2231 5981/6019/2231 6097/5877/2231 6103/5883/2231
f 5986/6017/2231 5983/5843/2231 6103/5883/2231 6109/5889/2231
f 5988/6015/2231 5986/6017/2231 6109/5889/2231 6112/6120/2231
f 5990/5846/2231 5988/6015/2231 6112/6120/2231 6116/6118/2231
f 5993/6013/2231 5990/5846/2231 6116/6118/2231 6120/6116/2231
f 5995/6011/2231 5993/6013/2231 6120/6116/2231 6127/5895/2231
f 5997/5849/2544 6001/5853/2544 6075/5867/2544 6133/5901/2544
f 6025/5865/2544 5997/5849/2544 6133/5901/2544 6123/5891/2544
f 6001/5853/2544 6002/6062/2544 6081/6141/2544 6075/5867/2544
f 6002/6062/2544 6004/6060/2544 6085/6139/2544 6081/6141/2544
f 6004/6060/2544 6006/6058/2544 6089/6135/2544 6085/6139/2544
f 6006/6058/2544 6010/6057/2544 6093/6136/2544 6089/6135/2544
f 6010/5856/2544 6013/5859/2544 6099/5879/2544 6093/5873/2544
f 6013/5859/2544 6016/5862/2544 6105/5885/2544 6099/5879/2544
f 6016/5862/2544 6017/6054/2544 6111/6133/2544 6105/5885/2544
f 6017/6054/2544 6019/6052/2544 6115/6131/2544 6111/6133/2544
f 6019/6052/2544 6021/6050/2544 6119/6129/2544 6115/6131/2544
f 6021/6050/2544 6025/5865/2544 6123/5891/2544 6119/6129/2544
f 6068/6087/2571 6070/6092/2571 6073/6091/2572 6027/6063/2572
f 6027/6063/2572 6073/6091/2572 6030/6114/2573 6028/6064/2573
f 6028/6064/2573 6030/6114/2573 6034/6112/2574 6032/6067/2574
f 6032/6067/2574 6034/6112/2574 6038/6110/2575 6036/6069/2575
f 6036/6069/2575 6038/6110/2575 6042/6108/2576 6040/6071/2576
f 6040/6071/2576 6042/6108/2576 6046/6107/2577 6044/6073/2577
f 6044/6075/2577 6046/6104/2577 6050/6102/2578 6048/6076/2578
f 6048/6076/2578 6050/6102/2578 6054/6100/2579 6052/6079/2579
f 6052/6079/2579 6054/6100/2579 6058/6098/2580 6056/6081/2580
f 6056/6081/2580 6058/6098/2580 6062/6096/2581 6060/6083/2581
f 6060/6083/2581 6062/6096/2581 6066/6094/2582 6064/6085/2582
f 6064/6085/2582 6066/6094/2582 6070/6092/2571 6068/6087/2571
f 6129/5897/2489 6131/5899/2488 6074/5866/2457 6077/5869/2456
f 6078/5870/2455 6076/5868/2454 6080/6142/2583 6083/6127/2584
f 6083/6127/2584 6080/6142/2583 6084/6140/2585 6087/6125/2586
f 6087/6125/2586 6084/6140/2585 6088/6138/2587 6091/6121/2588
f 6091/6121/2588 6088/6138/2587 6092/6137/2461 6095/6122/2460
f 6096/5876/2459 6094/5874/2458 6098/5878/2465 6101/5881/2464
f 6102/5882/2463 6100/5880/2462 6104/5884/2469 6107/5887/2468
f 6108/5888/2467 6106/5886/2466 6110/6134/2589 6113/6119/2590
f 6113/6119/2590 6110/6134/2589 6114/6132/2591 6117/6117/2592
f 6117/6117/2592 6114/6132/2591 6118/6130/2593 6121/6115/2594
f 6121/6115/2594 6118/6130/2593 6122/5890/2473 6125/5893/2472
f 6126/5894/2471 6124/5892/2470 6132/5900/2487 6128/5896/2486
f 6134/6275/2505 6137/6276/2504 6162/6167/2524 6161/5907/2333
f 6158/6277/2523 6134/6275/2505 6161/5907/2333 6185/6183/2538
f 6137/6276/2504 6139/6278/2507 6164/6169/2526 6162/6167/2524
f 6139/6278/2507 6142/6279/2330 6167/5909/2335 6164/6169/2526
f 6142/6279/2330 6144/6280/2509 6169/6171/2528 6167/5909/2335
f 6144/6280/2509 6146/6281/2511 6171/6173/2530 6169/6171/2528
f 6146/6282/2511 6148/6283/2513 6174/5912/2338 6171/6175/2530
f 6148/6283/2513 6150/6284/2515 6176/6177/2532 6174/5912/2338
f 6150/6284/2515 6152/6285/2517 6178/6179/2534 6176/6177/2532
f 6152/6285/2517 6154/6286/2519 6181/5915/2341 6178/6179/2534
f 6154/6286/2519 6156/6287/2521 6183/6181/2536 6181/5915/2341
f 6156/6287/2521 6158/6277/2523 6185/6183/2538 6183/6181/2536
f 6159/6186/2407 6163/6288/2541 6192/6206/2541 6193/5917/2407
f 6186/6289/2542 6160/6185/2406 6195/5919/2406 6188/6208/2542
f 6163/6288/2541 6165/6290/2527 6205/6200/2545 6192/6206/2541
f 6165/6290/2527 6166/6192/2334 6212/5926/2393 6205/6200/2545
f 6168/6191/2336 6170/6291/2529 6202/6194/2550 6213/5927/2392
f 6170/6291/2529 6172/6292/2531 6201/6210/2553 6202/6194/2550
f 6172/6293/2531 6173/6190/2337 6209/5923/2395 6201/6202/2553
f 6175/6189/2339 6177/6294/2533 6198/6196/2556 6210/5924/2394
f 6177/6294/2533 6179/6295/2535 6197/6204/2595 6198/6196/2556
f 6179/6295/2535 6180/6188/2340 6206/5920/2397 6197/6204/2595
f 6182/6187/2342 6184/6296/2537 6189/6198/2596 6207/5921/2396
f 6184/6296/2537 6186/6289/2542 6188/6208/2542 6189/6198/2596
f 6190/6197/2544 6187/6207/2544 6244/6258/2544 6262/6248/2544
f 6187/6207/2544 6194/5918/2544 6266/5952/2544 6244/6258/2544
f 6208/5922/2544 6190/6197/2544 6262/6248/2544 6254/5942/2544
f 6194/5918/2544 6191/6205/2544 6246/6256/2544 6266/5952/2544
f 6191/6205/2544 6204/6199/2544 6252/6250/2544 6246/6256/2544
f 6199/6195/2544 6196/6203/2544 6248/6254/2544 6267/6246/2544
f 6196/6203/2544 6208/5922/2544 6254/5942/2544 6248/6254/2544
f 6211/5925/2544 6199/6195/2544 6267/6246/2544 6257/5945/2544
f 6203/6193/2544 6200/6209/2544 6250/6260/2544 6269/6244/2544
f 6200/6201/2544 6211/5925/2544 6257/5945/2544 6250/6252/2544
f 6214/5928/2544 6203/6193/2544 6269/6244/2544 6260/5948/2544
f 6204/6199/2544 6214/5928/2544 6260/5948/2544 6252/6250/2544
f 5874/5792/2231 5873/5791/2231 6216/5930/2231 6219/6212/2231
f 6243/6297/2542 6265/6240/2406 6217/6239/2406 6241/6298/2542
f 6264/6241/2407 6245/6299/2541 6218/6300/2541 6215/6242/2407
f 5873/5791/2231 5884/5802/2231 6242/6226/2231 6216/5930/2231
f 5875/5793/2231 5874/5792/2231 6219/6212/2231 6221/6214/2231
f 6245/6299/2541 6251/6301/2545 6220/6302/2545 6218/6300/2541
f 5876/5794/2231 5875/5793/2231 6221/6214/2231 6224/5934/2231
f 6251/6301/2545 6259/6238/2393 6222/6237/2393 6220/6302/2545
f 5877/5795/2231 5876/5794/2231 6224/5934/2231 6226/6216/2231
f 6261/6235/2392 6270/6303/2550 6225/6304/2550 6223/6236/2392
f 5878/5796/2231 5877/5795/2231 6226/6216/2231 6228/6218/2231
f 6270/6303/2550 6249/6305/2553 6227/6306/2553 6225/6304/2550
f 5879/5797/2231 5878/5796/2231 6228/6218/2231 6231/5937/2231
f 6249/6307/2553 6256/6234/2395 6229/6233/2395 6227/6308/2553
f 5880/5798/2231 5879/5797/2231 6231/5937/2231 6233/6220/2231
f 6258/6231/2394 6268/6309/2556 6232/6310/2556 6230/6232/2394
f 5881/5799/2231 5880/5798/2231 6233/6220/2231 6235/6222/2231
f 6268/6309/2556 6247/6311/2595 6234/6312/2595 6232/6310/2556
f 5882/5800/2231 5881/5799/2231 6235/6222/2231 6238/5940/2231
f 6247/6311/2595 6253/6230/2397 6236/6229/2397 6234/6312/2595
f 5883/5801/2231 5882/5800/2231 6238/5940/2231 6240/6224/2231
f 6255/6227/2396 6263/6313/2596 6239/6314/2596 6237/6228/2396
f 5884/5802/2231 5883/5801/2231 6240/6224/2231 6242/6226/2231
f 6263/6313/2596 6243/6297/2542 6241/6298/2542 6239/6314/2596
o Cube.001
v 0.494385 7.295771 0.322823
v 0.508121 7.331031 0.361466
v 0.464122 7.355888 0.305603
v 0.555752 7.455293 0.321783
v 0.569019 7.490708 0.260417
v 0.502720 7.456566 0.273225
v 0.494385 7.295771 -0.322823
v 0.464122 7.355888 -0.305603
v 0.508121 7.331031 -0.361466
v 0.569019 7.490708 -0.260417
v 0.555752 7.455293 -0.321783
v 0.502720 7.456566 -0.273225
v 1.040185 7.143577 0.322823
v 1.060596 7.176726 0.362162
v 1.139173 7.304346 0.321120
v 1.159665 7.337628 0.260417
v 1.060596 7.176726 -0.362162
v 1.040185 7.143577 -0.322823
v 1.159665 7.337628 -0.260417
v 1.139173 7.304346 -0.321120
v 1.835972 6.988500 -0.258871
v 1.748790 7.016983 -0.320881
v 1.763379 7.051722 -0.260417
v 1.479712 6.909121 -0.322823
v 1.406762 6.971968 -0.322823
v 1.511853 6.964114 -0.362354
v 1.479712 6.909121 0.322823
v 1.511853 6.964114 0.362354
v 1.406763 6.971968 0.322823
v 1.835972 6.988500 0.258871
v 1.763379 7.051722 0.260417
v 1.748790 7.016983 0.320881
v 2.269225 6.327310 -0.258809
v 2.213675 6.308990 -0.320903
v 1.994150 6.236591 -0.362342
v 1.938622 6.218278 -0.322823
v 1.938622 6.218278 0.322823
v 1.994150 6.236591 0.362342
v 2.213675 6.308990 0.320903
v 2.269225 6.327310 0.258809
v 2.427145 5.636440 -0.258618
v 2.371795 5.617634 -0.320778
v 2.149078 5.541965 -0.362469
v 2.093766 5.523172 -0.322823
v 2.093766 5.523172 0.322823
v 2.149078 5.541965 0.362469
v 2.371795 5.617634 0.320778
v 2.427145 5.636440 0.258618
v 2.238905 4.988798 -0.258284
v 2.193908 5.006446 -0.320962
v 2.017843 5.075504 -0.362224
v 1.972615 5.093243 -0.322823
v 1.972615 5.093243 0.322823
v 2.017843 5.075504 0.362224
v 2.193908 5.006446 0.320962
v 2.238905 4.988798 0.258284
v 1.885763 4.649334 -0.367917
v 1.931114 4.701712 -0.320888
v 1.926601 4.626391 -0.257779
v 1.766132 4.803365 -0.411954
v 1.705470 4.848472 -0.362059
v 1.788327 4.882958 -0.322823
v 1.817638 4.846829 -0.362344
v 1.705470 4.848472 0.362059
v 1.766132 4.803365 0.411954
v 1.817638 4.846829 0.362344
v 1.788327 4.882958 0.322823
v 1.885763 4.649334 0.367917
v 1.926601 4.626391 0.257779
v 1.931114 4.701712 0.320888
v 1.875210 4.550965 -0.480840
v 1.807385 4.555776 -0.547981
v 1.855570 4.604728 -0.501328
v 1.683965 4.849815 -0.409785
v 1.692898 4.807667 -0.573470
v 1.631019 4.776707 -0.628455
v 1.601001 4.815423 -0.592043
v 1.692898 4.807667 0.573470
v 1.683965 4.849815 0.409785
v 1.601001 4.815423 0.592043
v 1.631019 4.776707 0.628455
v 1.855569 4.604728 0.501328
v 1.807385 4.555776 0.547981
v 1.875210 4.550965 0.480840
v 1.425625 4.222416 -0.550291
v 1.429919 4.163216 -0.480983
v 1.383260 4.179574 -0.496818
v 1.376514 4.489641 -0.624996
v 1.333570 4.452657 -0.575825
v 1.357680 4.539359 -0.592043
v 1.357680 4.539359 0.592043
v 1.333570 4.452657 0.575825
v 1.376514 4.489641 0.624996
v 1.429919 4.163216 0.480983
v 1.425625 4.222416 0.550291
v 1.383260 4.179574 0.496818
vn -0.8115 -0.2584 0.5242
vn -0.3541 0.8411 0.4088
vn -0.4287 0.8902 0.1539
vn -0.4236 0.8886 0.1761
vn -0.8115 -0.2584 -0.5242
vn -0.4287 0.8902 -0.1539
vn -0.3541 0.8411 -0.4088
vn -0.4236 0.8886 -0.1761
vn 0.6108 0.4637 -0.6418
vn 0.4983 0.6507 -0.5730
vn 0.4639 0.7132 -0.5256
vn -0.4236 -0.3541 -0.8338
vn -0.3172 -0.6021 -0.7327
vn -0.4011 -0.4164 -0.8159
vn -0.4236 -0.3541 0.8338
vn -0.4011 -0.4164 0.8159
vn -0.3172 -0.6021 0.7327
vn 0.6108 0.4637 0.6418
vn 0.4639 0.7132 0.5256
vn 0.4983 0.6507 0.5730
vn 0.8400 -0.3771 -0.3900
vn 0.7111 -0.4759 -0.5176
vn 0.7265 -0.4662 -0.5049
vn 0.0092 0.7447 -0.6673
vn 0.0092 0.7447 0.6673
vn 0.8400 -0.3771 0.3900
vn 0.7265 -0.4662 0.5049
vn 0.7111 -0.4759 0.5176
vn 0.7029 -0.0142 -0.7111
vn 0.6265 0.1294 -0.7686
vn 0.6491 0.0907 -0.7553
vn 0.0555 0.9914 -0.1189
vn 0.3889 0.8546 -0.3440
vn 0.1481 0.9266 -0.3456
vn 0.3889 0.8546 0.3440
vn 0.0555 0.9914 0.1189
vn 0.1481 0.9266 0.3456
vn 0.6491 0.0907 0.7553
vn 0.6265 0.1294 0.7686
vn 0.7029 -0.0142 0.7111
vn -0.0472 -0.7610 -0.6471
vn -0.6571 0.0839 -0.7491
vn -0.6572 -0.2145 -0.7225
vn -0.5705 0.3041 -0.7629
vn -0.5705 0.3041 0.7629
vn -0.6572 -0.2145 0.7225
vn -0.6571 0.0839 0.7491
vn -0.0472 -0.7610 0.6471
vn -0.8932 -0.4497 -0.0000
vn -0.5986 0.4432 0.6672
vn -0.5987 0.4432 -0.6672
vn -0.2456 -0.6752 -0.6956
vn -0.1941 -0.6938 -0.6936
vn -0.2554 -0.6714 -0.6957
vn 0.2139 0.8248 -0.5234
vn 0.2938 0.7950 -0.5306
vn 0.2835 0.7993 -0.5299
vn -0.1941 -0.6938 0.6936
vn -0.2456 -0.6752 0.6956
vn -0.2554 -0.6714 0.6957
vn 0.2938 0.7950 0.5306
vn 0.2139 0.8248 0.5234
vn 0.2835 0.7993 0.5299
vn -0.5434 -0.8395 -0.0000
vn -0.7498 -0.6616 -0.0000
vn 0.5469 0.8372 -0.0000
vn 0.7532 0.6578 -0.0000
vn -0.5139 -0.2243 0.8280
vn -0.5172 -0.2156 0.8282
vn 0.6715 0.2810 0.6857
vn 0.6680 0.2900 0.6854
vn -0.5172 -0.2156 -0.8282
vn -0.5139 -0.2243 -0.8280
vn 0.6680 0.2900 -0.6854
vn 0.6715 0.2810 -0.6857
vn 0.7542 -0.0567 0.6542
vn 0.7463 0.0030 0.6656
vn 0.7542 -0.0567 -0.6542
vn 0.7463 0.0030 -0.6656
vn -0.5914 0.0490 -0.8049
vn -0.5798 -0.0065 -0.8147
vn -0.5914 0.0490 0.8049
vn -0.5798 -0.0065 0.8147
vn -0.5529 0.3111 0.7730
vn -0.5602 0.2952 0.7739
vn 0.7009 -0.3726 0.6082
vn 0.6937 -0.3874 0.6072
vn -0.5602 0.2952 -0.7739
vn -0.5529 0.3111 -0.7730
vn 0.6937 -0.3874 -0.6072
vn 0.7009 -0.3726 -0.6082
vn 0.5716 0.2195 -0.7906
vn -0.5612 0.8277 -0.0000
vn 0.0752 0.9958 -0.0529
vn 0.0752 0.9958 0.0529
vn 0.5716 0.2195 0.7906
vn -0.4910 0.4303 -0.7575
vn -0.4910 0.4303 0.7575
vn 0.8625 0.3881 -0.3247
vn 0.8869 0.3382 -0.3146
vn 0.9273 0.2350 -0.2914
vn 0.6640 0.6918 -0.2837
vn 0.9273 0.2350 0.2914
vn 0.8869 0.3382 0.3146
vn 0.8625 0.3881 0.3247
vn 0.6640 0.6918 0.2837
vn 0.5891 0.1882 -0.7859
vn -0.6795 0.7337 -0.0000
vn 0.5891 0.1882 0.7859
vn -0.5921 -0.3188 -0.7401
vn -0.8724 0.4887 -0.0000
vn -0.9968 0.0799 -0.0000
vn -0.3308 -0.9437 -0.0000
vn -0.5921 -0.3188 0.7401
vn 0.5391 -0.6163 0.5741
vn 0.5391 -0.6163 -0.5741
vn -0.4444 0.3879 -0.8075
vn -0.4444 0.3879 0.8075
vn -0.2686 -0.9633 -0.0000
vn -0.3475 -0.9377 -0.0000
vn -0.9337 0.3580 -0.0000
vn 0.0910 0.2581 0.9618
vn 0.0961 0.2544 0.9623
vn 0.0728 0.2711 0.9598
vn 0.3410 0.9401 -0.0000
vn 0.2509 0.9680 -0.0000
vn 0.0728 0.2711 -0.9598
vn 0.0961 0.2544 -0.9623
vn 0.0910 0.2581 -0.9618
vn 0.1265 0.1953 0.9726
vn 0.1418 0.1370 0.9804
vn 0.1418 0.1370 -0.9804
vn 0.1265 0.1953 -0.9726
vn 0.1623 0.0676 -0.9844
vn 0.1612 0.0708 -0.9844
vn 0.9201 0.3916 -0.0000
vn -0.9199 -0.3922 -0.0000
vn 0.1612 0.0708 0.9844
vn 0.1623 0.0676 0.9844
vn 0.1841 0.0030 -0.9829
vn 0.1915 -0.0193 -0.9813
vn 0.9996 -0.0290 -0.0000
vn -0.9996 0.0275 -0.0000
vn 0.1915 -0.0193 0.9813
vn 0.1841 0.0030 0.9829
vn 0.1887 -0.0991 -0.9770
vn 0.1860 -0.1060 -0.9768
vn 0.8790 -0.4768 -0.0000
vn -0.8790 0.4769 -0.0000
vn 0.1860 -0.1060 0.9768
vn 0.1887 -0.0991 0.9770
vn 0.1696 -0.1471 -0.9745
vn 0.8026 -0.5966 -0.0000
vn 0.1696 -0.1471 0.9745
vn 0.6939 -0.7200 -0.0000
vn 0.6567 -0.7542 -0.0000
vn 0.2032 -0.2102 -0.9563
vn 0.2032 -0.2102 0.9563
vn -0.9838 -0.1790 -0.0000
vt 0.145272 0.733236
vt 0.146796 0.748096
vt 0.125953 0.727463
vt 0.579793 0.980539
vt 0.625000 0.981065
vt 0.582151 1.000000
vt 0.145272 0.516764
vt 0.125953 0.522537
vt 0.146796 0.501904
vt 0.625000 0.255912
vt 0.579793 0.269461
vt 0.569177 0.235437
vt 0.625000 0.520757
vt 0.583082 0.500000
vt 0.625000 0.520134
vt 0.375000 0.516764
vt 0.416938 0.500000
vt 0.375000 0.733236
vt 0.416938 0.750000
vt 0.625000 0.729243
vt 0.625000 0.729866
vt 0.583082 0.750000
vt 0.584289 0.500000
vt 0.582980 0.500000
vt 0.625000 0.521196
vt 0.418254 0.500000
vt 0.375000 0.525960
vt 0.375000 0.516764
vt 0.417105 0.500000
vt 0.375000 0.724040
vt 0.418254 0.750000
vt 0.417105 0.750000
vt 0.375000 0.733236
vt 0.584289 0.750000
vt 0.625000 0.728804
vt 0.582980 0.750000
vt 0.625000 0.512564
vt 0.592775 0.500000
vt 0.589661 0.500000
vt 0.375000 0.524657
vt 0.412854 0.500000
vt 0.407514 0.500000
vt 0.375000 0.509735
vt 0.412854 0.750000
vt 0.375000 0.725343
vt 0.375000 0.740265
vt 0.407514 0.750000
vt 0.589661 0.750000
vt 0.592775 0.750000
vt 0.625000 0.737436
vt 0.589002 0.500000
vt 0.625000 0.512531
vt 0.591893 0.511341
vt 0.411763 0.500000
vt 0.408106 0.510519
vt 0.375000 0.509735
vt 0.375000 0.740265
vt 0.408106 0.739481
vt 0.411763 0.750000
vt 0.625000 0.737469
vt 0.589002 0.750000
vt 0.591893 0.738659
vt 0.420234 0.979980
vt 0.452445 1.000000
vt 0.625000 0.020134
vt 0.564853 0.019417
vt 0.420234 0.270020
vt 0.435147 0.231681
vt 0.407030 0.500000
vt 0.625000 0.515101
vt 0.582121 0.500000
vt 0.407030 0.750000
vt 0.625000 0.734899
vt 0.582121 0.750000
vt 0.416989 0.750000
vt 0.625000 0.729218
vt 0.582993 0.750000
vt 0.416989 0.500000
vt 0.582993 0.500000
vt 0.625000 0.520782
vt 0.583493 0.750000
vt 0.625000 0.729142
vt 0.583493 0.500000
vt 0.625000 0.520858
vt 0.416478 0.500000
vt 0.375000 0.733236
vt 0.416478 0.750000
vt 0.417461 0.750000
vt 0.625000 0.729007
vt 0.582756 0.750000
vt 0.417461 0.500000
vt 0.582756 0.500000
vt 0.625000 0.520993
vt 0.435147 0.018319
vt 0.856065 0.520134
vt 0.856065 0.729866
s 1
f 6271/6315/2597 6272/6316/2597 6273/6317/2597
f 6274/6318/2598 6275/6319/2599 6276/6320/2600
f 6277/6321/2601 6278/6322/2601 6279/6323/2601
f 6280/6324/2602 6281/6325/2603 6282/6326/2604
f 6291/6327/2605 6292/6328/2606 6293/6329/2607
f 6294/6330/2608 6295/6330/2609 6296/6331/2610
f 6297/6332/2611 6298/6333/2612 6299/6332/2613
f 6300/6334/2614 6301/6335/2615 6302/6336/2616
f 6327/6337/2617 6328/6338/2618 6329/6339/2619
f 6330/6340/2620 6331/6341/2620 6332/6342/2620 6333/6343/2620
f 6334/6344/2621 6335/6345/2621 6336/6346/2621 6337/6347/2621
f 6338/6348/2622 6339/6349/2623 6340/6350/2624
f 6341/6351/2625 6342/6352/2626 6343/6353/2627
f 6344/6354/2628 6345/6355/2629 6346/6356/2630 6347/6357/2630
f 6348/6358/2631 6349/6359/2632 6350/6360/2633 6351/6361/2633
f 6352/6362/2634 6353/6363/2635 6354/6364/2636
f 6355/6365/2637 6356/6366/2637 6357/6367/2637
f 6358/6368/2638 6359/6369/2639 6360/6370/2640
f 6361/6371/2641 6362/6372/2642 6363/6373/2643
f 6364/6374/2644 6365/6375/2644 6366/6376/2644
f 6277/6321/2645 6271/6315/2645 6273/6317/2645 6278/6322/2645
f 6272/6377/2646 6274/6318/2646 6276/6320/2646 6273/6378/2646
f 6275/6379/2599 6280/6324/2602 6282/6326/2604 6276/6380/2600
f 6281/6325/2647 6279/6381/2647 6278/6382/2647 6282/6326/2647
f 6288/6330/2648 6277/6321/2649 6279/6323/2649 6287/6383/2650
f 6280/6324/2651 6289/6384/2652 6290/6385/2653 6281/6325/2651
f 6271/6315/2654 6283/6332/2655 6284/6386/2656 6272/6316/2654
f 6286/6387/2657 6275/6319/2658 6274/6318/2658 6285/6388/2659
f 6299/6332/2660 6295/6330/2660 6294/6330/2661 6297/6332/2661
f 6293/6329/2662 6301/6335/2662 6300/6334/2663 6291/6327/2663
f 6283/6332/2655 6299/6332/2613 6298/6333/2612 6284/6386/2656
f 6301/6335/2615 6286/6387/2657 6285/6388/2659 6302/6336/2616
f 6287/6383/2650 6296/6331/2610 6295/6330/2609 6288/6330/2648
f 6292/6328/2606 6290/6385/2653 6289/6384/2652 6293/6329/2607
f 6297/6332/2611 6307/6332/2664 6308/6389/2665 6298/6333/2612
f 6310/6390/2666 6300/6334/2614 6302/6336/2616 6309/6391/2667
f 6296/6331/2610 6305/6392/2668 6306/6330/2669 6294/6330/2608
f 6304/6393/2670 6292/6328/2606 6291/6327/2605 6303/6394/2671
f 6309/6391/2667 6317/6395/2672 6318/6396/2673 6310/6390/2666
f 6312/6397/2674 6304/6393/2670 6303/6394/2671 6311/6398/2675
f 6314/6330/2676 6306/6330/2669 6305/6392/2668 6313/6399/2677
f 6307/6332/2664 6315/6400/2678 6316/6401/2679 6308/6389/2665
f 6315/6400/2678 6323/6332/2680 6324/6402/2681 6316/6401/2679
f 6326/6403/2682 6318/6396/2673 6317/6395/2672 6325/6404/2683
f 6313/6399/2677 6321/6405/2684 6322/6330/2685 6314/6330/2676
f 6320/6406/2686 6312/6397/2674 6311/6398/2675 6319/6407/2687
f 6327/6337/2688 6330/6340/2688 6333/6343/2688 6328/6338/2688
f 6337/6347/2689 6332/6342/2689 6331/6341/2690 6334/6344/2691
f 6340/6350/2692 6336/6346/2692 6335/6345/2692 6338/6348/2692
f 6321/6405/2684 6333/6343/2693 6332/6342/2693 6322/6330/2685
f 6336/6346/2694 6324/6402/2681 6323/6332/2680 6337/6347/2694
f 6325/6404/2683 6340/6350/2624 6339/6349/2623 6326/6403/2682
f 6328/6338/2618 6320/6406/2686 6319/6407/2687 6329/6339/2619
f 6343/6353/2695 6327/6337/2696 6329/6339/2697 6341/6351/2697
f 6330/6340/2698 6345/6355/2629 6344/6354/2628 6331/6341/2690
f 6354/6364/2699 6339/6349/2699 6338/6348/2700 6352/6362/2701
f 6334/6344/2691 6349/6359/2632 6348/6358/2631 6335/6345/2702
f 6342/6352/2626 6346/6356/2703 6345/6355/2703 6343/6353/2627
f 6349/6359/2632 6344/6354/2628 6347/6357/2704 6350/6360/2704
f 6352/6362/2634 6348/6358/2705 6351/6361/2705 6353/6363/2635
f 6357/6367/2706 6359/6369/2639 6358/6368/2638 6355/6365/2706
f 6361/6371/2707 6360/6370/2707 6359/6369/2708 6362/6372/2708
f 6356/6366/2709 6364/6374/2709 6366/6376/2709 6357/6367/2709
f 6365/6375/2710 6363/6373/2643 6362/6372/2642 6366/6376/2710
f 6353/6363/2711 6365/6375/2711 6364/6374/2711 6354/6364/2711
f 6355/6365/2712 6342/6352/2712 6341/6351/2712 6356/6366/2712
f 6360/6370/2640 6347/6357/2713 6346/6356/2713 6358/6368/2638
f 6350/6360/2714 6361/6371/2641 6363/6373/2643 6351/6361/2714
f 6277/6321/2715 6288/6330/2716 6283/6332/2716 6271/6315/2715
f 6273/6408/2717 6276/6380/2717 6282/6326/2717 6278/6382/2717
f 6284/6386/2718 6285/6388/2719 6274/6318/2720 6272/6377/2720
f 6289/6384/2721 6280/6409/2722 6275/6410/2722 6286/6387/2721
f 6279/6381/2723 6281/6325/2723 6290/6385/2724 6287/6383/2725
f 6283/6332/2716 6288/6330/2716 6295/6330/2660 6299/6332/2660
f 6285/6388/2719 6284/6386/2718 6298/6333/2726 6302/6336/2727
f 6289/6384/2721 6286/6387/2721 6301/6335/2662 6293/6329/2662
f 6287/6383/2725 6290/6385/2724 6292/6328/2728 6296/6331/2729
f 6296/6331/2729 6292/6328/2728 6304/6393/2730 6305/6392/2731
f 6291/6327/2663 6300/6334/2663 6310/6390/2732 6303/6394/2732
f 6297/6332/2661 6294/6330/2661 6306/6330/2733 6307/6332/2733
f 6302/6336/2727 6298/6333/2726 6308/6389/2734 6309/6391/2735
f 6305/6392/2731 6304/6393/2730 6312/6397/2736 6313/6399/2737
f 6303/6394/2732 6310/6390/2732 6318/6396/2738 6311/6398/2738
f 6307/6332/2733 6306/6330/2733 6314/6330/2739 6315/6400/2739
f 6309/6391/2735 6308/6389/2734 6316/6401/2740 6317/6395/2741
f 6313/6399/2737 6312/6397/2736 6320/6406/2742 6321/6405/2743
f 6311/6398/2738 6318/6396/2738 6326/6403/2744 6319/6407/2744
f 6315/6400/2739 6314/6330/2739 6322/6330/2745 6323/6332/2745
f 6317/6395/2741 6316/6401/2740 6324/6402/2746 6325/6404/2747
f 6321/6405/2743 6320/6406/2742 6328/6338/2748 6333/6343/2748
f 6319/6407/2744 6326/6403/2744 6339/6349/2749 6329/6339/2749
f 6323/6332/2745 6322/6330/2745 6332/6342/2689 6337/6347/2689
f 6325/6404/2747 6324/6402/2746 6336/6346/2750 6340/6350/2750
f 6330/6340/2698 6327/6337/2696 6343/6353/2695 6345/6355/2629
f 6329/6339/2749 6339/6349/2749 6354/6364/2751 6341/6351/2751
f 6334/6344/2691 6331/6341/2690 6344/6354/2628 6349/6359/2632
f 6338/6348/2700 6335/6345/2702 6348/6358/2631 6352/6362/2701
f 6341/6351/2751 6354/6364/2751 6364/6374/2752 6356/6366/2752
f 6346/6356/2753 6342/6352/2753 6355/6365/2753 6358/6368/2753
f 6350/6360/2704 6347/6357/2704 6360/6370/2707 6361/6371/2707
f 6353/6363/2754 6351/6361/2754 6363/6373/2754 6365/6375/2754
f 6359/6369/2708 6357/6367/2755 6366/6376/2755 6362/6372/2708
o Cube.002
v -0.017914 7.295771 -0.590179
v 0.005931 7.331031 -0.623546
v -0.014732 7.355888 -0.555504
v -0.053862 7.455293 -0.639924
v -0.111790 7.490708 -0.615713
v -0.063366 7.456566 -0.568651
v -0.547556 7.295771 -0.220939
v -0.516122 7.355888 -0.205961
v -0.587111 7.331031 -0.210107
v -0.539045 7.490708 -0.317853
v -0.581798 7.455293 -0.271875
v -0.511636 7.456566 -0.256140
v -0.330052 7.143577 -1.037914
v -0.309453 7.176726 -1.077155
v -0.388058 7.304346 -1.118143
v -0.449575 7.337628 -1.100238
v -0.903638 7.176726 -0.662920
v -0.859694 7.143577 -0.668674
v -0.876830 7.337628 -0.802378
v -0.914908 7.304346 -0.750851
v -1.262336 6.988500 -1.358056
v -1.263345 7.016983 -1.251075
v -1.222089 7.051722 -1.297622
v -1.111056 6.909121 -1.029232
v -1.069337 6.971968 -0.969389
v -1.161866 6.964114 -1.032990
v -0.581413 6.909121 -1.398471
v -0.567366 6.964114 -1.447445
v -0.539694 6.971968 -1.338628
v -0.837617 6.988500 -1.654148
v -0.794834 7.051722 -1.595482
v -0.736890 7.016983 -1.618092
v -1.510059 6.327310 -1.713502
v -1.529227 6.308990 -1.632421
v -1.437676 6.236591 -1.428640
v -1.373503 6.218278 -1.405689
v -0.843860 6.218278 -1.774929
v -0.843198 6.236591 -1.843080
v -1.002735 6.308990 -1.999464
v -1.085442 6.327310 -2.009523
v -1.600215 5.636440 -1.843156
v -1.619552 5.617634 -1.762203
v -1.526383 5.541965 -1.555659
v -1.462228 5.523172 -1.532958
v -0.932585 5.523172 -1.902197
v -0.931695 5.541965 -1.970245
v -1.093265 5.617634 -2.129103
v -1.175911 5.636440 -2.138960
v -1.492288 4.988798 -1.688929
v -1.517972 5.006446 -1.616172
v -1.451130 5.075504 -1.448143
v -1.392943 5.093243 -1.433574
v -0.863300 5.093243 -1.802814
v -0.856844 5.075504 -1.862448
v -0.991383 5.006446 -1.983283
v -1.068532 4.988798 -1.984350
v -1.380264 4.649334 -1.336538
v -1.367622 4.701712 -1.400637
v -1.313270 4.626391 -1.433026
v -1.347973 4.803365 -1.213217
v -1.272352 4.848472 -1.191989
v -1.287550 4.882958 -1.282398
v -1.336733 4.846829 -1.283840
v -0.678336 4.848472 -1.606106
v -0.672098 4.803365 -1.684402
v -0.742250 4.846829 -1.698283
v -0.757908 4.882958 -1.651637
v -0.776639 4.649334 -1.757355
v -0.890343 4.626391 -1.727869
v -0.841153 4.701712 -1.767663
v -1.466863 4.550965 -1.263301
v -1.483152 4.555776 -1.169265
v -1.472438 4.604728 -1.235473
v -1.299204 4.849815 -1.147053
v -1.438588 4.807667 -1.060771
v -1.448306 4.776707 -0.978565
v -1.401269 4.815423 -0.974764
v -0.497719 4.807667 -1.716697
v -0.626886 4.849815 -1.615758
v -0.429928 4.815423 -1.651933
v -0.417225 4.776707 -1.697381
v -0.649930 4.604728 -1.808883
v -0.584103 4.555776 -1.796036
v -0.677969 4.550965 -1.813278
v -1.266723 4.222416 -0.854776
v -1.212323 4.163216 -0.897934
v -1.198629 4.179574 -0.850603
v -1.299919 4.489641 -0.771765
v -1.235023 4.452657 -0.764657
v -1.262116 4.539359 -0.775160
v -0.290775 4.539359 -1.452329
v -0.290291 4.452657 -1.423276
v -0.274514 4.489641 -1.486625
v -0.423193 4.163216 -1.448075
v -0.363883 4.222416 -1.484189
v -0.383520 4.179574 -1.418855
vn 0.8941 -0.2584 0.3659
vn 0.5379 0.8411 0.0567
vn 0.3714 0.8902 0.2637
vn 0.3867 0.8886 0.2467
vn 0.0341 -0.2584 0.9654
vn 0.1189 0.8902 0.4397
vn -0.1329 0.8411 0.5243
vn 0.0978 0.8886 0.4482
vn -0.8758 0.4637 -0.1340
vn -0.7550 0.6507 -0.0811
vn -0.6964 0.7132 -0.0799
vn -0.4417 -0.3541 0.8243
vn -0.4197 -0.6021 0.6792
vn -0.4400 -0.4164 0.7956
vn 0.9262 -0.3541 -0.1293
vn 0.8987 -0.4164 -0.1376
vn 0.7824 -0.6021 -0.1588
vn 0.1772 0.4637 -0.8681
vn 0.1659 0.7132 -0.6811
vn 0.1851 0.6507 -0.7365
vn -0.8004 -0.3771 -0.4660
vn -0.8313 -0.4759 -0.2873
vn -0.8296 -0.4662 -0.3072
vn -0.5527 0.7447 0.3741
vn 0.5422 0.7447 -0.3892
vn -0.1604 -0.3771 -0.9122
vn -0.0013 -0.4662 -0.8847
vn 0.0180 -0.4759 -0.8793
vn -0.9853 -0.0142 -0.1700
vn -0.9888 0.1294 -0.0744
vn -0.9908 0.0907 -0.1006
vn -0.1293 0.9914 0.0225
vn -0.5046 0.8546 -0.1222
vn -0.3682 0.9266 0.0762
vn 0.0598 0.8546 -0.5158
vn 0.0658 0.9914 -0.1135
vn 0.1989 0.9266 -0.3191
vn 0.2483 0.0907 -0.9644
vn 0.2722 0.1294 -0.9535
vn 0.1814 -0.0142 -0.9833
vn -0.5038 -0.7610 0.4088
vn -0.2387 0.0839 0.9675
vn -0.2169 -0.2145 0.9523
vn -0.2995 0.3041 0.9043
vn 0.9521 0.3041 0.0317
vn 0.9686 -0.2145 0.1259
vn 0.9903 0.0839 0.1107
vn 0.5578 -0.7610 -0.3314
vn 0.5108 -0.4497 0.7327
vn 0.8897 0.4432 0.1095
vn -0.2050 0.4432 0.8727
vn -0.4301 -0.6752 0.5993
vn -0.4580 -0.6938 0.5558
vn -0.4246 -0.6714 0.6074
vn -0.5516 0.8248 0.1238
vn -0.6033 0.7950 0.0624
vn -0.5968 0.7993 0.0705
vn 0.6799 -0.6938 -0.2375
vn 0.7111 -0.6752 -0.1963
vn 0.7168 -0.6714 -0.1883
vn 0.2673 0.7950 -0.5445
vn 0.3070 0.8248 -0.4748
vn 0.2726 0.7993 -0.5356
vn 0.3108 -0.8395 0.4458
vn 0.4288 -0.6616 0.6151
vn -0.3128 0.8372 -0.4487
vn -0.4307 0.6578 -0.6179
vn 0.9731 -0.2243 -0.0519
vn 0.9752 -0.2156 -0.0494
vn 0.1784 0.2810 -0.9430
vn 0.1802 0.2900 -0.9399
vn -0.3836 -0.2156 0.8980
vn -0.3853 -0.2243 0.8951
vn -0.9442 0.2900 -0.1560
vn -0.9465 0.2810 -0.1587
vn 0.1054 -0.0567 -0.9928
vn 0.1192 0.0030 -0.9929
vn -0.9680 -0.0567 -0.2445
vn -0.9728 0.0030 -0.2316
vn -0.3221 0.0490 0.9454
vn -0.3368 -0.0065 0.9416
vn 0.9985 0.0490 0.0248
vn 0.9999 -0.0065 0.0097
vn 0.9503 0.3111 0.0115
vn 0.9553 0.2952 0.0170
vn 0.0981 -0.3726 -0.9228
vn 0.1013 -0.3874 -0.9163
vn -0.3145 0.2952 0.9022
vn -0.3179 0.3111 0.8956
vn -0.8948 -0.3874 -0.2219
vn -0.8998 -0.3726 -0.2271
vn -0.9755 0.2195 -0.0168
vn 0.3209 0.8277 0.4604
vn -0.0864 0.9958 -0.0314
vn 0.0004 0.9958 -0.0919
vn 0.3217 0.2195 -0.9211
vn -0.3405 0.4303 0.8360
vn 0.9022 0.4303 -0.0304
vn -0.7597 0.3881 -0.5218
vn -0.7653 0.3382 -0.5476
vn -0.7693 0.2350 -0.5941
vn -0.6125 0.6918 -0.3825
vn -0.2913 0.2350 -0.9273
vn -0.2491 0.3382 -0.9075
vn -0.2269 0.3881 -0.8933
vn -0.1470 0.6918 -0.7069
vn -0.9815 0.1882 -0.0338
vn 0.3886 0.7337 0.5574
vn 0.3078 0.1882 -0.9327
vn -0.2685 -0.3188 0.9090
vn 0.4989 0.4887 0.7157
vn 0.5701 0.0799 0.8177
vn 0.1892 -0.9437 0.2714
vn 0.9458 -0.3188 0.0625
vn 0.1626 -0.6163 -0.7705
vn -0.7792 -0.6163 -0.1139
vn -0.4083 0.3879 0.8263
vn 0.9166 0.3879 -0.0973
vn 0.1536 -0.9633 0.2203
vn 0.1987 -0.9377 0.2851
vn 0.5340 0.3580 0.7660
vn 0.7369 0.2581 -0.6247
vn 0.7344 0.2544 -0.6292
vn 0.7457 0.2711 -0.6086
vn -0.1950 0.9401 -0.2797
vn -0.1435 0.9680 -0.2058
vn -0.8290 0.2711 0.4892
vn -0.8444 0.2544 0.4715
vn -0.8411 0.2581 0.4754
vn 0.7255 0.1953 -0.6600
vn 0.7231 0.1370 -0.6770
vn -0.8853 0.1370 0.4443
vn -0.8702 0.1953 0.4524
vn -0.9004 0.0676 0.4298
vn -0.8997 0.0708 0.4307
vn -0.5262 0.3916 -0.7548
vn 0.5261 -0.3922 0.7546
vn 0.7153 0.0708 -0.6952
vn 0.7147 0.0676 -0.6961
vn -0.9116 0.0030 0.4111
vn -0.9145 -0.0193 0.4041
vn -0.5717 -0.0290 -0.8200
vn 0.5717 0.0275 0.8200
vn 0.6955 -0.0193 -0.7183
vn 0.7010 0.0030 -0.7131
vn -0.9094 -0.0991 0.4040
vn -0.9077 -0.1060 0.4061
vn -0.5027 -0.4768 -0.7211
vn 0.5027 0.4769 0.7210
vn 0.6950 -0.1060 -0.7112
vn 0.6936 -0.0991 -0.7135
vn -0.8964 -0.1471 0.4182
vn -0.4590 -0.5966 -0.6584
vn 0.7024 -0.1471 -0.6964
vn -0.3969 -0.7200 -0.5693
vn -0.3756 -0.7542 -0.5387
vn -0.9007 -0.2102 0.3802
vn 0.6683 -0.2102 -0.7136
vn 0.5627 -0.1790 0.8071
vt 0.145272 0.733236
vt 0.146796 0.748096
vt 0.125953 0.727463
vt 0.579793 0.980539
vt 0.625000 0.981065
vt 0.582151 1.000000
vt 0.145272 0.516764
vt 0.125953 0.522537
vt 0.146796 0.501904
vt 0.625000 0.255912
vt 0.579793 0.269461
vt 0.569177 0.235437
vt 0.625000 0.520757
vt 0.583082 0.500000
vt 0.625000 0.520134
vt 0.375000 0.516764
vt 0.416938 0.500000
vt 0.375000 0.733236
vt 0.416938 0.750000
vt 0.625000 0.729243
vt 0.625000 0.729866
vt 0.583082 0.750000
vt 0.584289 0.500000
vt 0.582980 0.500000
vt 0.625000 0.521196
vt 0.418254 0.500000
vt 0.375000 0.525960
vt 0.375000 0.516764
vt 0.417105 0.500000
vt 0.375000 0.724040
vt 0.418254 0.750000
vt 0.417105 0.750000
vt 0.375000 0.733236
vt 0.584289 0.750000
vt 0.625000 0.728804
vt 0.582980 0.750000
vt 0.625000 0.512564
vt 0.592775 0.500000
vt 0.589661 0.500000
vt 0.375000 0.524657
vt 0.412854 0.500000
vt 0.407514 0.500000
vt 0.375000 0.509735
vt 0.412854 0.750000
vt 0.375000 0.725343
vt 0.375000 0.740265
vt 0.407514 0.750000
vt 0.589661 0.750000
vt 0.592775 0.750000
vt 0.625000 0.737436
vt 0.589002 0.500000
vt 0.625000 0.512531
vt 0.591893 0.511341
vt 0.411763 0.500000
vt 0.408106 0.510519
vt 0.375000 0.509735
vt 0.375000 0.740265
vt 0.408106 0.739481
vt 0.411763 0.750000
vt 0.625000 0.737469
vt 0.589002 0.750000
vt 0.591893 0.738659
vt 0.420234 0.979980
vt 0.452445 1.000000
vt 0.625000 0.020134
vt 0.564853 0.019417
vt 0.420234 0.270020
vt 0.435147 0.231681
vt 0.407030 0.500000
vt 0.625000 0.515101
vt 0.582121 0.500000
vt 0.407030 0.750000
vt 0.625000 0.734899
vt 0.582121 0.750000
vt 0.416989 0.750000
vt 0.625000 0.729218
vt 0.582993 0.750000
vt 0.416990 0.500000
vt 0.582993 0.500000
vt 0.625000 0.520782
vt 0.583493 0.750000
vt 0.625000 0.729142
vt 0.583493 0.500000
vt 0.625000 0.520858
vt 0.416478 0.500000
vt 0.375000 0.733236
vt 0.416478 0.750000
vt 0.417461 0.750000
vt 0.625000 0.729007
vt 0.582756 0.750000
vt 0.417461 0.500000
vt 0.582756 0.500000
vt 0.625000 0.520993
vt 0.435147 0.018319
vt 0.856065 0.520134
vt 0.856065 0.729866
s 1
f 6367/6411/2756 6368/6412/2756 6369/6413/2756
f 6370/6414/2757 6371/6415/2758 6372/6416/2759
f 6373/6417/2760 6374/6418/2760 6375/6419/2760
f 6376/6420/2761 6377/6421/2762 6378/6422/2763
f 6387/6423/2764 6388/6424/2765 6389/6425/2766
f 6390/6426/2767 6391/6426/2768 6392/6427/2769
f 6393/6428/2770 6394/6429/2771 6395/6428/2772
f 6396/6430/2773 6397/6431/2774 6398/6432/2775
f 6423/6433/2776 6424/6434/2777 6425/6435/2778
f 6426/6436/2779 6427/6437/2779 6428/6438/2779 6429/6439/2779
f 6430/6440/2780 6431/6441/2780 6432/6442/2780 6433/6443/2780
f 6434/6444/2781 6435/6445/2782 6436/6446/2783
f 6437/6447/2784 6438/6448/2785 6439/6449/2786
f 6440/6450/2787 6441/6451/2788 6442/6452/2789 6443/6453/2789
f 6444/6454/2790 6445/6455/2791 6446/6456/2792 6447/6457/2792
f 6448/6458/2793 6449/6459/2794 6450/6460/2795
f 6451/6461/2796 6452/6462/2796 6453/6463/2796
f 6454/6464/2797 6455/6465/2798 6456/6466/2799
f 6457/6467/2800 6458/6468/2801 6459/6469/2802
f 6460/6470/2803 6461/6471/2803 6462/6472/2803
f 6373/6417/2804 6367/6411/2804 6369/6413/2804 6374/6418/2804
f 6368/6473/2805 6370/6414/2805 6372/6416/2805 6369/6474/2805
f 6371/6475/2758 6376/6420/2761 6378/6422/2763 6372/6476/2759
f 6377/6421/2806 6375/6477/2806 6374/6478/2806 6378/6422/2806
f 6384/6426/2807 6373/6417/2808 6375/6419/2808 6383/6479/2809
f 6376/6420/2810 6385/6480/2811 6386/6481/2812 6377/6421/2810
f 6367/6411/2813 6379/6428/2814 6380/6482/2815 6368/6412/2813
f 6382/6483/2816 6371/6415/2817 6370/6414/2817 6381/6484/2818
f 6395/6428/2819 6391/6426/2819 6390/6426/2820 6393/6428/2820
f 6389/6425/2821 6397/6431/2821 6396/6430/2822 6387/6423/2822
f 6379/6428/2814 6395/6428/2772 6394/6429/2771 6380/6482/2815
f 6397/6431/2774 6382/6483/2816 6381/6484/2818 6398/6432/2775
f 6383/6479/2809 6392/6427/2769 6391/6426/2768 6384/6426/2807
f 6388/6424/2765 6386/6481/2812 6385/6480/2811 6389/6425/2766
f 6393/6428/2770 6403/6428/2823 6404/6485/2824 6394/6429/2771
f 6406/6486/2825 6396/6430/2773 6398/6432/2775 6405/6487/2826
f 6392/6427/2769 6401/6488/2827 6402/6426/2828 6390/6426/2767
f 6400/6489/2829 6388/6424/2765 6387/6423/2764 6399/6490/2830
f 6405/6487/2826 6413/6491/2831 6414/6492/2832 6406/6486/2825
f 6408/6493/2833 6400/6489/2829 6399/6490/2830 6407/6494/2834
f 6410/6426/2835 6402/6426/2828 6401/6488/2827 6409/6495/2836
f 6403/6428/2823 6411/6496/2837 6412/6497/2838 6404/6485/2824
f 6411/6496/2837 6419/6496/2839 6420/6498/2840 6412/6497/2838
f 6422/6499/2841 6414/6492/2832 6413/6491/2831 6421/6500/2842
f 6409/6495/2836 6417/6501/2843 6418/6426/2844 6410/6426/2835
f 6416/6502/2845 6408/6493/2833 6407/6494/2834 6415/6503/2846
f 6423/6433/2847 6426/6436/2847 6429/6439/2847 6424/6434/2847
f 6433/6443/2848 6428/6438/2848 6427/6437/2849 6430/6440/2850
f 6436/6446/2851 6432/6442/2851 6431/6441/2851 6434/6444/2851
f 6417/6501/2843 6429/6439/2852 6428/6438/2852 6418/6426/2844
f 6432/6442/2853 6420/6498/2840 6419/6496/2839 6433/6443/2853
f 6421/6500/2842 6436/6446/2783 6435/6445/2782 6422/6499/2841
f 6424/6434/2777 6416/6502/2845 6415/6503/2846 6425/6435/2778
f 6439/6449/2854 6423/6433/2855 6425/6435/2856 6437/6447/2856
f 6426/6436/2857 6441/6451/2788 6440/6450/2787 6427/6437/2849
f 6450/6460/2858 6435/6445/2858 6434/6444/2859 6448/6458/2860
f 6430/6440/2850 6445/6455/2791 6444/6454/2790 6431/6441/2861
f 6438/6448/2785 6442/6452/2862 6441/6451/2862 6439/6449/2786
f 6445/6455/2791 6440/6450/2787 6443/6453/2863 6446/6456/2863
f 6448/6458/2793 6444/6454/2864 6447/6457/2864 6449/6459/2794
f 6453/6463/2865 6455/6465/2798 6454/6464/2797 6451/6461/2865
f 6457/6467/2866 6456/6466/2866 6455/6465/2867 6458/6468/2867
f 6452/6462/2868 6460/6470/2868 6462/6472/2868 6453/6463/2868
f 6461/6471/2869 6459/6469/2802 6458/6468/2801 6462/6472/2869
f 6449/6459/2870 6461/6471/2870 6460/6470/2870 6450/6460/2870
f 6451/6461/2871 6438/6448/2871 6437/6447/2871 6452/6462/2871
f 6456/6466/2799 6443/6453/2872 6442/6452/2872 6454/6464/2797
f 6446/6456/2873 6457/6467/2800 6459/6469/2802 6447/6457/2873
f 6373/6417/2874 6384/6426/2875 6379/6428/2875 6367/6411/2874
f 6369/6504/2876 6372/6476/2876 6378/6422/2876 6374/6478/2876
f 6380/6482/2877 6381/6484/2878 6370/6414/2879 6368/6473/2879
f 6385/6480/2880 6376/6505/2881 6371/6506/2881 6382/6483/2880
f 6375/6477/2882 6377/6421/2882 6386/6481/2883 6383/6479/2884
f 6379/6428/2875 6384/6426/2875 6391/6426/2819 6395/6428/2819
f 6381/6484/2878 6380/6482/2877 6394/6429/2885 6398/6432/2886
f 6385/6480/2880 6382/6483/2880 6397/6431/2821 6389/6425/2821
f 6383/6479/2884 6386/6481/2883 6388/6424/2887 6392/6427/2888
f 6392/6427/2888 6388/6424/2887 6400/6489/2889 6401/6488/2890
f 6387/6423/2822 6396/6430/2822 6406/6486/2891 6399/6490/2891
f 6393/6428/2820 6390/6426/2820 6402/6426/2892 6403/6428/2892
f 6398/6432/2886 6394/6429/2885 6404/6485/2893 6405/6487/2894
f 6401/6488/2890 6400/6489/2889 6408/6493/2895 6409/6495/2896
f 6399/6490/2891 6406/6486/2891 6414/6492/2897 6407/6494/2897
f 6403/6428/2892 6402/6426/2892 6410/6426/2898 6411/6496/2898
f 6405/6487/2894 6404/6485/2893 6412/6497/2899 6413/6491/2900
f 6409/6495/2896 6408/6493/2895 6416/6502/2901 6417/6501/2902
f 6407/6494/2897 6414/6492/2897 6422/6499/2903 6415/6503/2903
f 6411/6496/2898 6410/6426/2898 6418/6426/2904 6419/6496/2904
f 6413/6491/2900 6412/6497/2899 6420/6498/2905 6421/6500/2906
f 6417/6501/2902 6416/6502/2901 6424/6434/2907 6429/6439/2907
f 6415/6503/2903 6422/6499/2903 6435/6445/2908 6425/6435/2908
f 6419/6496/2904 6418/6426/2904 6428/6438/2848 6433/6443/2848
f 6421/6500/2906 6420/6498/2905 6432/6442/2909 6436/6446/2909
f 6426/6436/2857 6423/6433/2855 6439/6449/2854 6441/6451/2788
f 6425/6435/2908 6435/6445/2908 6450/6460/2910 6437/6447/2910
f 6430/6440/2850 6427/6437/2849 6440/6450/2787 6445/6455/2791
f 6434/6444/2859 6431/6441/2861 6444/6454/2790 6448/6458/2860
f 6437/6447/2910 6450/6460/2910 6460/6470/2911 6452/6462/2911
f 6442/6452/2912 6438/6448/2912 6451/6461/2912 6454/6464/2912
f 6446/6456/2863 6443/6453/2863 6456/6466/2866 6457/6467/2866
f 6449/6459/2913 6447/6457/2913 6459/6469/2913 6461/6471/2913
f 6455/6465/2867 6453/6463/2914 6462/6472/2914 6458/6468/2867
o Cube.003
v -0.489854 7.295771 0.329658
v -0.530796 7.331031 0.327262
v -0.462209 7.355888 0.308488
v -0.512792 7.455293 0.386586
v -0.461436 7.490708 0.422702
v -0.447417 7.456566 0.356648
v 0.104832 7.295771 0.581070
v 0.100756 7.355888 0.546489
v 0.135076 7.331031 0.608768
v 0.018289 7.490708 0.625512
v 0.079978 7.455293 0.637188
v 0.055903 7.456566 0.569433
v -0.702386 7.143577 0.832378
v -0.746568 7.176726 0.835859
v -0.739363 7.304346 0.924216
v -0.691430 7.337628 0.966729
v -0.079414 7.176726 1.117908
v -0.107700 7.143577 1.083790
v -0.211706 7.337628 1.169539
v -0.147814 7.304346 1.174302
v -0.476480 6.988500 1.791863
v -0.385417 7.016983 1.735708
v -0.446789 7.051722 1.725602
v -0.278850 6.909121 1.488625
v -0.250444 6.971968 1.421434
v -0.254954 6.964114 1.533623
v -0.873536 6.909121 1.237214
v -0.922462 6.964114 1.251424
v -0.845129 6.971968 1.170022
v -0.953357 6.988500 1.590257
v -0.926514 7.051722 1.522792
v -0.976524 7.016983 1.485810
v -0.645244 6.327310 2.190896
v -0.566420 6.308990 2.163909
v -0.442770 6.236591 1.977847
v -0.457547 6.218278 1.911314
v -1.052233 6.218278 1.659903
v -1.110254 6.236591 1.695659
v -1.157568 6.308990 1.913993
v -1.122007 6.327310 1.989338
v -0.706913 5.636440 2.336277
v -0.628106 5.617634 2.309500
v -0.502981 5.541965 2.120597
v -0.517959 5.523172 2.054213
v -1.112645 5.523172 1.802801
v -1.170700 5.541965 1.838309
v -1.219025 5.617634 2.059681
v -1.183324 5.636440 2.134867
v -0.633921 4.988798 2.162765
v -0.558668 5.006446 2.145726
v -0.452104 5.075504 1.999624
v -0.470784 5.093243 1.942624
v -1.065470 5.093243 1.691213
v -1.119372 5.075504 1.717528
v -1.149926 5.006446 1.895764
v -1.109717 4.988798 1.961616
v -0.395430 4.649334 1.880186
v -0.456406 4.701712 1.903646
v -0.512776 4.626391 1.874914
v -0.308284 4.803365 1.787145
v -0.330619 4.848472 1.711843
v -0.399023 4.882958 1.772882
v -0.374035 4.846829 1.815268
v -0.997584 4.848472 1.429875
v -1.067162 4.803365 1.466320
v -1.041524 4.846829 1.533078
v -0.993709 4.882958 1.521471
v -1.073184 4.649334 1.593656
v -0.987642 4.626391 1.674158
v -1.047528 4.701712 1.653741
v -0.287310 4.550965 1.914438
v -0.199058 4.555776 1.878110
v -0.260791 4.604728 1.904326
v -0.278287 4.849815 1.710619
v -0.130999 4.807667 1.782585
v -0.056259 4.776707 1.747001
v -0.078108 4.815423 1.705174
v -1.187413 4.807667 1.335972
v -1.033169 4.849815 1.391483
v -1.168736 4.815423 1.244097
v -1.213962 4.776707 1.257566
v -1.184308 4.604728 1.513896
v -1.208516 4.555776 1.451348
v -1.173085 4.550965 1.539964
v -0.048275 4.222416 1.527383
v -0.113784 4.163216 1.504349
v -0.081030 4.179574 1.467539
v 0.039658 4.489641 1.511237
v 0.011090 4.452657 1.452536
v 0.016640 4.539359 1.481058
v -1.073988 4.539359 1.019980
v -1.049661 4.452657 1.004089
v -1.111674 4.489641 1.024497
v -0.999823 4.163216 1.129764
v -1.061988 4.222416 1.098821
v -0.996240 4.179574 1.080622
vn -0.1668 -0.2584 -0.9515
vn -0.2387 0.8411 -0.4854
vn 0.0252 0.8902 -0.4548
vn 0.0027 0.8886 -0.4587
vn 0.7988 -0.2584 -0.5433
vn 0.3087 0.8902 -0.3349
vn 0.5145 0.8411 -0.1670
vn 0.3272 0.8886 -0.3215
vn 0.3533 0.4637 0.8125
vn 0.3337 0.6507 0.6821
vn 0.3035 0.7132 0.6319
vn 0.9329 -0.3541 -0.0655
vn 0.7984 -0.6021 -0.0068
vn 0.9077 -0.4164 -0.0517
vn -0.6030 -0.3541 -0.7148
vn -0.5953 -0.4164 -0.6871
vn -0.5514 -0.6021 -0.5774
vn -0.8290 0.4637 0.3127
vn -0.6647 0.7132 0.2226
vn -0.7218 0.6507 0.2358
vn 0.0322 -0.3771 0.9256
vn 0.1999 -0.4759 0.8565
vn 0.1821 -0.4662 0.8657
vn 0.6111 0.7447 0.2683
vn -0.6182 0.7447 -0.2514
vn -0.6864 -0.3771 0.6218
vn -0.7479 -0.4662 0.4726
vn -0.7536 -0.4759 0.4534
vn 0.3813 -0.0142 0.9244
vn 0.4640 0.1294 0.8763
vn 0.4429 0.0907 0.8920
vn 0.0879 0.9914 0.0974
vn 0.1655 0.8546 0.4921
vn 0.2607 0.9266 0.2710
vn -0.4683 0.8546 0.2242
vn -0.1311 0.9914 0.0048
vn -0.3760 0.9266 0.0018
vn -0.9484 0.0907 0.3038
vn -0.9519 0.1294 0.2778
vn -0.9287 -0.0142 0.3705
vn 0.6144 -0.7610 0.2085
vn 0.9458 0.0839 -0.3136
vn 0.9214 -0.2145 -0.3240
vn 0.9248 0.3041 -0.2284
vn -0.4805 0.3041 -0.8226
vn -0.4096 -0.2145 -0.8867
vn -0.4341 0.0839 -0.8970
vn -0.5776 -0.7610 -0.2954
vn 0.3478 -0.4497 -0.8227
vn -0.3814 0.4432 -0.8112
vn 0.8477 0.4432 -0.2916
vn 0.7363 -0.6752 0.0446
vn 0.7144 -0.6938 0.0913
vn 0.7403 -0.6714 0.0356
vn 0.3988 0.8248 0.4008
vn 0.3743 0.7950 0.4773
vn 0.3777 0.7993 0.4674
vn -0.5633 -0.6938 -0.4488
vn -0.5450 -0.6752 -0.4971
vn -0.5413 -0.6714 -0.5062
vn -0.6032 0.7950 0.0640
vn -0.5653 0.8248 -0.0068
vn -0.5985 0.7993 0.0548
vn 0.2116 -0.8395 -0.5005
vn 0.2920 -0.6616 -0.6906
vn -0.2130 0.8372 0.5038
vn -0.2933 0.6578 0.6938
vn -0.5625 -0.2243 -0.7958
vn -0.5615 -0.2156 -0.7989
vn -0.8930 0.2810 0.3515
vn -0.8914 0.2900 0.3484
vn 0.9643 -0.2156 -0.1539
vn 0.9628 -0.2243 -0.1510
vn 0.3712 0.2900 0.8821
vn 0.3701 0.2810 0.8855
vn -0.8962 -0.0567 0.4399
vn -0.9037 0.0030 0.4283
vn 0.3089 -0.0567 0.9494
vn 0.3224 0.0030 0.9466
vn 0.9717 0.0490 -0.2312
vn 0.9762 -0.0065 -0.2168
vn -0.5111 0.0490 -0.8581
vn -0.5247 -0.0065 -0.8513
vn -0.4967 0.3111 -0.8103
vn -0.4947 0.2952 -0.8174
vn -0.8331 -0.3726 0.4087
vn -0.8294 -0.3874 0.4026
vn 0.9310 0.2952 -0.2146
vn 0.9273 0.3111 -0.2083
vn 0.2891 -0.3874 0.8754
vn 0.2873 -0.3726 0.8824
vn 0.5056 0.2195 0.8344
vn 0.2185 0.8277 -0.5169
vn 0.0194 0.9958 0.0898
vn -0.0780 0.9958 0.0486
vn -0.9508 0.2195 0.2187
vn 0.8889 0.4303 -0.1573
vn -0.5065 0.4303 -0.7472
vn -0.0368 0.3881 0.9209
vn -0.0556 0.3382 0.9394
vn -0.0927 0.2350 0.9676
vn 0.0027 0.6918 0.7221
vn -0.6294 0.2350 0.7407
vn -0.6352 0.3382 0.6944
vn -0.6350 0.3881 0.6680
vn -0.5199 0.6918 0.5011
vn 0.4945 0.1882 0.8486
vn 0.2646 0.7337 -0.6259
vn -0.9532 0.1882 0.2365
vn 0.9122 -0.3188 -0.2572
vn 0.3397 0.4887 -0.8036
vn 0.3882 0.0799 -0.9181
vn 0.1288 -0.9437 -0.3047
vn -0.4511 -0.3188 -0.8336
vn -0.7387 -0.6163 0.2730
vn 0.3188 -0.6163 0.7201
vn 0.9168 0.3879 -0.0949
vn -0.5707 0.3879 -0.7237
vn 0.1046 -0.9633 -0.2474
vn 0.1353 -0.9377 -0.3201
vn 0.3636 0.3580 -0.8600
vn -0.9214 0.2581 -0.2907
vn -0.9238 0.2544 -0.2862
vn -0.9124 0.2711 -0.3067
vn -0.1328 0.9401 0.3141
vn -0.0977 0.9680 0.2311
vn 0.8557 0.2711 0.4408
vn 0.8489 0.2544 0.4633
vn 0.8505 0.2581 0.4584
vn -0.9450 0.1953 -0.2622
vn -0.9582 0.1370 -0.2511
vn 0.8478 0.1370 0.5124
vn 0.8465 0.1953 0.4952
vn 0.8435 0.0676 0.5328
vn 0.8439 0.0708 0.5318
vn -0.3583 0.3916 0.8475
vn 0.3582 -0.3922 -0.8473
vn -0.9695 0.0708 -0.2348
vn -0.9699 0.0676 -0.2338
vn 0.8336 0.0030 0.5523
vn 0.8293 -0.0193 0.5585
vn -0.3892 -0.0290 0.9207
vn 0.3892 0.0275 -0.9207
vn -0.9784 -0.0193 -0.2058
vn -0.9770 0.0030 -0.2132
vn 0.8265 -0.0991 0.5542
vn 0.8273 -0.1060 0.5516
vn -0.3423 -0.4768 0.8097
vn 0.3423 0.4769 -0.8096
vn -0.9721 -0.1060 -0.2091
vn -0.9734 -0.0991 -0.2067
vn 0.8315 -0.1471 0.5356
vn -0.3125 -0.5966 0.7392
vn -0.9636 -0.1471 -0.2233
vn -0.2702 -0.7200 0.6392
vn -0.2557 -0.7542 0.6049
vn 0.8017 -0.2102 0.5595
vn -0.9600 -0.2102 -0.1852
vn 0.3831 -0.1790 -0.9062
vt 0.145272 0.733236
vt 0.146796 0.748096
vt 0.125953 0.727463
vt 0.579793 0.980539
vt 0.625000 0.981065
vt 0.582151 1.000000
vt 0.145272 0.516764
vt 0.125953 0.522537
vt 0.146796 0.501904
vt 0.625000 0.255912
vt 0.579793 0.269461
vt 0.569177 0.235437
vt 0.625000 0.520757
vt 0.583082 0.500000
vt 0.625000 0.520134
vt 0.375000 0.516764
vt 0.416938 0.500000
vt 0.375000 0.733236
vt 0.416938 0.750000
vt 0.625000 0.729243
vt 0.625000 0.729866
vt 0.583082 0.750000
vt 0.584289 0.500000
vt 0.582980 0.500000
vt 0.625000 0.521196
vt 0.418254 0.500000
vt 0.375000 0.525960
vt 0.375000 0.516764
vt 0.417105 0.500000
vt 0.375000 0.724040
vt 0.418254 0.750000
vt 0.417105 0.750000
vt 0.375000 0.733236
vt 0.584289 0.750000
vt 0.625000 0.728804
vt 0.582980 0.750000
vt 0.625000 0.512564
vt 0.592775 0.500000
vt 0.589661 0.500000
vt 0.375000 0.524657
vt 0.412854 0.500000
vt 0.407514 0.500000
vt 0.375000 0.509735
vt 0.412854 0.750000
vt 0.375000 0.725343
vt 0.375000 0.740265
vt 0.407514 0.750000
vt 0.589661 0.750000
vt 0.592775 0.750000
vt 0.625000 0.737436
vt 0.589002 0.500000
vt 0.625000 0.512531
vt 0.591893 0.511341
vt 0.411763 0.500000
vt 0.408106 0.510519
vt 0.375000 0.509735
vt 0.375000 0.740265
vt 0.408106 0.739481
vt 0.411763 0.750000
vt 0.625000 0.737469
vt 0.589002 0.750000
vt 0.591893 0.738659
vt 0.420234 0.979980
vt 0.452445 1.000000
vt 0.625000 0.020134
vt 0.564853 0.019417
vt 0.420234 0.270020
vt 0.435147 0.231681
vt 0.407030 0.500000
vt 0.625000 0.515101
vt 0.582121 0.500000
vt 0.407030 0.750000
vt 0.625000 0.734899
vt 0.582121 0.750000
vt 0.416989 0.750000
vt 0.625000 0.729218
vt 0.582993 0.750000
vt 0.416990 0.500000
vt 0.582993 0.500000
vt 0.625000 0.520782
vt 0.583493 0.750000
vt 0.625000 0.729142
vt 0.583493 0.500000
vt 0.625000 0.520858
vt 0.416478 0.500000
vt 0.375000 0.733236
vt 0.416478 0.750000
vt 0.417461 0.750000
vt 0.625000 0.729007
vt 0.582756 0.750000
vt 0.417461 0.500000
vt 0.582756 0.500000
vt 0.625000 0.520993
vt 0.435147 0.018319
vt 0.856065 0.520134
vt 0.856065 0.729866
s 1
f 6463/6507/2915 6464/6508/2915 6465/6509/2915
f 6466/6510/2916 6467/6511/2917 6468/6512/2918
f 6469/6513/2919 6470/6514/2919 6471/6515/2919
f 6472/6516/2920 6473/6517/2921 6474/6518/2922
f 6483/6519/2923 6484/6520/2924 6485/6521/2925
f 6486/6522/2926 6487/6522/2927 6488/6523/2928
f 6489/6524/2929 6490/6525/2930 6491/6524/2931
f 6492/6526/2932 6493/6527/2933 6494/6528/2934
f 6519/6529/2935 6520/6530/2936 6521/6531/2937
f 6522/6532/2938 6523/6533/2938 6524/6534/2938 6525/6535/2938
f 6526/6536/2939 6527/6537/2939 6528/6538/2939 6529/6539/2939
f 6530/6540/2940 6531/6541/2941 6532/6542/2942
f 6533/6543/2943 6534/6544/2944 6535/6545/2945
f 6536/6546/2946 6537/6547/2947 6538/6548/2948 6539/6549/2948
f 6540/6550/2949 6541/6551/2950 6542/6552/2951 6543/6553/2951
f 6544/6554/2952 6545/6555/2953 6546/6556/2954
f 6547/6557/2955 6548/6558/2955 6549/6559/2955
f 6550/6560/2956 6551/6561/2957 6552/6562/2958
f 6553/6563/2959 6554/6564/2960 6555/6565/2961
f 6556/6566/2962 6557/6567/2962 6558/6568/2962
f 6469/6513/2963 6463/6507/2963 6465/6509/2963 6470/6514/2963
f 6464/6569/2964 6466/6510/2964 6468/6512/2964 6465/6570/2964
f 6467/6571/2917 6472/6516/2920 6474/6518/2922 6468/6572/2918
f 6473/6517/2965 6471/6573/2965 6470/6574/2965 6474/6518/2965
f 6480/6522/2966 6469/6513/2967 6471/6515/2967 6479/6575/2968
f 6472/6516/2969 6481/6576/2970 6482/6577/2971 6473/6517/2969
f 6463/6507/2972 6475/6524/2973 6476/6578/2974 6464/6508/2972
f 6478/6579/2975 6467/6511/2976 6466/6510/2976 6477/6580/2977
f 6491/6524/2978 6487/6522/2978 6486/6522/2979 6489/6524/2979
f 6485/6521/2980 6493/6527/2980 6492/6526/2981 6483/6519/2981
f 6475/6524/2973 6491/6524/2931 6490/6525/2930 6476/6578/2974
f 6493/6527/2933 6478/6579/2975 6477/6580/2977 6494/6528/2934
f 6479/6575/2968 6488/6523/2928 6487/6522/2927 6480/6522/2966
f 6484/6520/2924 6482/6577/2971 6481/6576/2970 6485/6521/2925
f 6489/6524/2929 6499/6524/2982 6500/6581/2983 6490/6525/2930
f 6502/6582/2984 6492/6526/2932 6494/6528/2934 6501/6583/2985
f 6488/6523/2928 6497/6584/2986 6498/6522/2987 6486/6522/2926
f 6496/6585/2988 6484/6520/2924 6483/6519/2923 6495/6586/2989
f 6501/6583/2985 6509/6587/2990 6510/6588/2991 6502/6582/2984
f 6504/6589/2992 6496/6585/2988 6495/6586/2989 6503/6590/2993
f 6506/6522/2994 6498/6522/2987 6497/6584/2986 6505/6591/2995
f 6499/6524/2982 6507/6592/2996 6508/6593/2997 6500/6581/2983
f 6507/6592/2996 6515/6592/2998 6516/6594/2999 6508/6593/2997
f 6518/6595/3000 6510/6588/2991 6509/6587/2990 6517/6596/3001
f 6505/6591/2995 6513/6597/3002 6514/6522/3003 6506/6522/2994
f 6512/6598/3004 6504/6589/2992 6503/6590/2993 6511/6599/3005
f 6519/6529/3006 6522/6532/3006 6525/6535/3006 6520/6530/3006
f 6529/6539/3007 6524/6534/3007 6523/6533/3008 6526/6536/3009
f 6532/6542/3010 6528/6538/3010 6527/6537/3010 6530/6540/3010
f 6513/6597/3002 6525/6535/3011 6524/6534/3011 6514/6522/3003
f 6528/6538/3012 6516/6594/2999 6515/6592/2998 6529/6539/3012
f 6517/6596/3001 6532/6542/2942 6531/6541/2941 6518/6595/3000
f 6520/6530/2936 6512/6598/3004 6511/6599/3005 6521/6531/2937
f 6535/6545/3013 6519/6529/3014 6521/6531/3015 6533/6543/3015
f 6522/6532/3016 6537/6547/2947 6536/6546/2946 6523/6533/3008
f 6546/6556/3017 6531/6541/3017 6530/6540/3018 6544/6554/3019
f 6526/6536/3009 6541/6551/2950 6540/6550/2949 6527/6537/3020
f 6534/6544/2944 6538/6548/3021 6537/6547/3021 6535/6545/2945
f 6541/6551/2950 6536/6546/2946 6539/6549/3022 6542/6552/3022
f 6544/6554/2952 6540/6550/3023 6543/6553/3023 6545/6555/2953
f 6549/6559/3024 6551/6561/2957 6550/6560/2956 6547/6557/3024
f 6553/6563/3025 6552/6562/3025 6551/6561/3026 6554/6564/3026
f 6548/6558/3027 6556/6566/3027 6558/6568/3027 6549/6559/3027
f 6557/6567/3028 6555/6565/2961 6554/6564/2960 6558/6568/3028
f 6545/6555/3029 6557/6567/3029 6556/6566/3029 6546/6556/3029
f 6547/6557/3030 6534/6544/3030 6533/6543/3030 6548/6558/3030
f 6552/6562/2958 6539/6549/3031 6538/6548/3031 6550/6560/2956
f 6542/6552/3032 6553/6563/2959 6555/6565/2961 6543/6553/3032
f 6469/6513/3033 6480/6522/3034 6475/6524/3034 6463/6507/3033
f 6465/6600/3035 6468/6572/3035 6474/6518/3035 6470/6574/3035
f 6476/6578/3036 6477/6580/3037 6466/6510/3038 6464/6569/3038
f 6481/6576/3039 6472/6601/3040 6467/6602/3040 6478/6579/3039
f 6471/6573/3041 6473/6517/3041 6482/6577/3042 6479/6575/3043
f 6475/6524/3034 6480/6522/3034 6487/6522/2978 6491/6524/2978
f 6477/6580/3037 6476/6578/3036 6490/6525/3044 6494/6528/3045
f 6481/6576/3039 6478/6579/3039 6493/6527/2980 6485/6521/2980
f 6479/6575/3043 6482/6577/3042 6484/6520/3046 6488/6523/3047
f 6488/6523/3047 6484/6520/3046 6496/6585/3048 6497/6584/3049
f 6483/6519/2981 6492/6526/2981 6502/6582/3050 6495/6586/3050
f 6489/6524/2979 6486/6522/2979 6498/6522/3051 6499/6524/3051
f 6494/6528/3045 6490/6525/3044 6500/6581/3052 6501/6583/3053
f 6497/6584/3049 6496/6585/3048 6504/6589/3054 6505/6591/3055
f 6495/6586/3050 6502/6582/3050 6510/6588/3056 6503/6590/3056
f 6499/6524/3051 6498/6522/3051 6506/6522/3057 6507/6592/3057
f 6501/6583/3053 6500/6581/3052 6508/6593/3058 6509/6587/3059
f 6505/6591/3055 6504/6589/3054 6512/6598/3060 6513/6597/3061
f 6503/6590/3056 6510/6588/3056 6518/6595/3062 6511/6599/3062
f 6507/6592/3057 6506/6522/3057 6514/6522/3063 6515/6592/3063
f 6509/6587/3059 6508/6593/3058 6516/6594/3064 6517/6596/3065
f 6513/6597/3061 6512/6598/3060 6520/6530/3066 6525/6535/3066
f 6511/6599/3062 6518/6595/3062 6531/6541/3067 6521/6531/3067
f 6515/6592/3063 6514/6522/3063 6524/6534/3007 6529/6539/3007
f 6517/6596/3065 6516/6594/3064 6528/6538/3068 6532/6542/3068
f 6522/6532/3016 6519/6529/3014 6535/6545/3013 6537/6547/2947
f 6521/6531/3067 6531/6541/3067 6546/6556/3069 6533/6543/3069
f 6526/6536/3009 6523/6533/3008 6536/6546/2946 6541/6551/2950
f 6530/6540/3018 6527/6537/3020 6540/6550/2949 6544/6554/3019
f 6533/6543/3069 6546/6556/3069 6556/6566/3070 6548/6558/3070
f 6538/6548/3071 6534/6544/3071 6547/6557/3071 6550/6560/3071
f 6542/6552/3022 6539/6549/3022 6552/6562/3025 6553/6563/3025
f 6545/6555/3072 6543/6553/3072 6555/6565/3072 6557/6567/3072
f 6551/6561/3026 6549/6559/3073 6558/6568/3073 6554/6564/3026
o BézierCurve.010
v 0.122842 14.047525 1.414694
v 0.189798 13.871162 1.382681
v 0.358179 13.798111 1.328619
v 0.529352 13.871162 1.284178
v 0.603045 14.047525 1.275389
v 0.536089 14.223888 1.307402
v 0.367707 14.296940 1.361464
v 0.196535 14.223888 1.405905
v 0.204425 14.027216 1.695821
v 0.277907 13.850769 1.686946
v 0.449582 13.777676 1.644560
v 0.618885 13.850751 1.593490
v 0.686641 14.027190 1.563654
v 0.613159 14.203636 1.572529
v 0.441484 14.276730 1.614916
v 0.272180 14.203654 1.665985
v 0.262348 14.072053 1.920354
v 0.348671 13.906301 1.961416
v 0.526772 13.838558 1.944021
v 0.692323 13.908509 1.878359
v 0.748345 14.075177 1.802894
v 0.662023 14.240930 1.761832
v 0.483922 14.308672 1.779227
v 0.318371 14.238721 1.844889
v 0.299938 14.168920 2.092331
v 0.397417 14.032415 2.184395
v 0.581011 13.979071 2.192107
v 0.743172 14.040135 2.110950
v 0.788909 14.179839 1.988464
v 0.691429 14.316343 1.896400
v 0.507836 14.369688 1.888687
v 0.345675 14.308623 1.969845
v 0.319537 14.306294 2.212972
v 0.423692 14.215846 2.345571
v 0.610506 14.184717 2.372836
v 0.770545 14.231144 2.278795
v 0.810061 14.327929 2.118537
v 0.705906 14.418378 1.985938
v 0.519093 14.449507 1.958674
v 0.359053 14.403080 2.052714
v 0.323121 14.473462 2.282433
v 0.428619 14.436921 2.437825
v 0.616064 14.431140 2.475807
v 0.775654 14.459503 2.374129
v 0.813902 14.505397 2.192353
v 0.708404 14.541938 2.036961
v 0.520959 14.547719 1.998980
v 0.361370 14.519356 2.100657
v 0.312413 14.659220 2.299677
v 0.415005 14.675843 2.460332
v 0.601126 14.694286 2.500712
v 0.761749 14.703744 2.397162
v 0.802783 14.698677 2.210341
v 0.700191 14.682054 2.049686
v 0.514070 14.663610 2.009306
v 0.353447 14.654153 2.112855
v 0.289161 14.851455 2.263356
v 0.386025 14.916337 2.415077
v 0.569627 14.956000 2.451529
v 0.732416 14.947210 2.351357
v 0.779031 14.895116 2.173242
v 0.682167 14.830234 2.021521
v 0.498565 14.790570 1.985070
v 0.335776 14.799360 2.085242
v 0.255234 15.037521 2.172362
v 0.344558 15.144164 2.303741
v 0.524963 15.201538 2.331564
v 0.690769 15.176035 2.239534
v 0.744850 15.082594 2.081561
v 0.655526 14.975951 1.950182
v 0.475122 14.918577 1.922358
v 0.309316 14.944080 2.014388
v 0.212609 15.204574 2.025892
v 0.293363 15.345027 2.127691
v 0.470252 15.416273 2.143379
v 0.639655 15.376575 2.063767
v 0.702340 15.249188 1.935490
v 0.621586 15.108735 1.833691
v 0.444697 15.037489 1.818003
v 0.275293 15.077187 1.897615
v 0.163334 15.339700 1.823440
v 0.235353 15.504296 1.889265
v 0.408758 15.585170 1.890607
v 0.581971 15.534945 1.826681
v 0.653525 15.383044 1.734933
v 0.581506 15.218448 1.669108
v 0.408100 15.137574 1.667765
v 0.234888 15.187799 1.731692
v 0.109513 15.430049 1.564782
v 0.173551 15.608253 1.592247
v 0.343847 15.694427 1.578646
v 0.520644 15.638091 1.531947
v 0.600377 15.472247 1.479505
v 0.536339 15.294044 1.452040
v 0.366043 15.207870 1.465640
v 0.189246 15.264205 1.512340
v 0.053448 15.462882 1.250942
v 0.113898 15.644241 1.259086
v 0.282812 15.731631 1.238041
v 0.461242 15.673860 1.200137
v 0.544667 15.504769 1.167576
v 0.484217 15.323410 1.159432
v 0.315303 15.236020 1.180476
v 0.136873 15.293792 1.218381
vn -0.9601 0.0005 0.2798
vn -0.6903 -0.7072 0.1527
vn -0.6533 -0.7220 0.2276
vn -0.9632 -0.0318 0.2669
vn -0.0170 -0.9980 -0.0605
vn 0.0204 -0.9979 0.0623
vn 0.6652 -0.7072 -0.2394
vn 0.6817 -0.7185 -0.1379
vn 0.9607 -0.0006 -0.2776
vn 0.9647 -0.0312 -0.2615
vn 0.6918 0.7070 -0.1468
vn 0.6891 0.6872 -0.2302
vn 0.0204 0.9972 0.0723
vn -0.0109 0.9984 -0.0549
vn -0.6626 0.7069 0.2475
vn -0.7065 0.6910 0.1532
vn -0.6049 -0.6873 0.4022
vn -0.9679 -0.0420 0.2478
vn 0.0898 -0.9395 0.3307
vn 0.7337 -0.6750 0.0774
vn 0.9746 -0.0290 -0.2219
vn 0.6499 0.6492 -0.3952
vn -0.0806 0.9416 -0.3268
vn -0.7630 0.6441 -0.0547
vn -0.5634 -0.5836 0.5847
vn -0.9709 -0.0544 0.2331
vn 0.1499 -0.7807 0.6066
vn 0.7801 -0.5508 0.2969
vn 0.9832 -0.0103 -0.1825
vn 0.6148 0.5498 -0.5655
vn -0.1420 0.7822 -0.6066
vn -0.8114 0.5209 -0.2651
vn -0.5397 -0.4155 0.7321
vn -0.9727 -0.0653 0.2226
vn 0.1857 -0.5303 0.8272
vn 0.8084 -0.3548 0.4697
vn 0.9877 0.0214 -0.1552
vn 0.5911 0.3929 -0.7045
vn -0.1796 0.5277 -0.8302
vn -0.8387 0.3308 -0.4325
vn -0.5367 -0.2141 0.8161
vn -0.9737 -0.0731 0.2160
vn 0.1924 -0.2346 0.9529
vn 0.8149 -0.1260 0.5657
vn 0.9880 0.0546 -0.1442
vn 0.5836 0.2051 -0.7857
vn -0.1878 0.2298 -0.9549
vn -0.8428 0.1119 -0.5264
vn -0.5500 -0.0106 0.8351
vn -0.9741 -0.0770 0.2126
vn 0.1756 0.0603 0.9826
vn 0.8035 0.0979 0.5872
vn 0.9862 0.0807 -0.1446
vn 0.5916 0.0141 -0.8061
vn -0.1725 -0.0637 -0.9829
vn -0.8300 -0.1011 -0.5485
vn -0.5739 0.1787 0.7992
vn -0.9745 -0.0766 0.2107
vn 0.1429 0.3303 0.9330
vn 0.7802 0.2989 0.5495
vn 0.9839 0.0979 -0.1496
vn 0.6114 -0.1653 -0.7738
vn -0.1413 -0.3319 -0.9327
vn -0.8067 -0.2924 -0.5135
vn -0.6051 0.3464 0.7169
vn -0.9755 -0.0721 0.2076
vn 0.0998 0.5657 0.8186
vn 0.7492 0.4709 0.4657
vn 0.9819 0.1081 -0.1553
vn 0.6396 -0.3256 -0.6963
vn -0.0995 -0.5663 -0.8181
vn -0.7771 -0.4563 -0.4335
vn -0.6409 0.4850 0.5950
vn -0.9774 -0.0655 0.2011
vn 0.0508 0.7573 0.6511
vn 0.7144 0.6087 0.3452
vn 0.9806 0.1129 -0.1602
vn 0.6728 -0.4590 -0.5802
vn -0.0514 -0.7580 -0.6503
vn -0.7437 -0.5879 -0.3183
vn -0.6782 0.5854 0.4443
vn -0.9799 -0.0598 0.1904
vn 0.0007 0.8949 0.4463
vn 0.6795 0.7060 0.1996
vn 0.9800 0.1136 -0.1634
vn 0.7072 -0.5568 -0.4358
vn -0.0019 -0.8957 -0.4448
vn -0.7095 -0.6814 -0.1795
vn -0.7134 0.6412 0.2826
vn -0.9825 -0.0575 0.1772
vn -0.0448 0.9725 0.2284
vn 0.6491 0.7593 0.0460
vn 0.9802 0.1114 -0.1637
vn 0.7392 -0.6134 -0.2780
vn 0.0439 -0.9738 -0.2230
vn -0.6781 -0.7343 -0.0317
vn -0.7391 0.6427 0.2017
vn -0.9823 -0.0838 0.1675
vn -0.0644 0.9908 0.1191
vn 0.6479 0.7610 -0.0339
vn 0.9826 0.0835 -0.1660
vn 0.7399 -0.6434 -0.1964
vn 0.0659 -0.9917 -0.1105
vn -0.6469 -0.7616 0.0387
vn -0.2780 0.0684 -0.9582
vn -0.1749 0.1023 -0.9793
vt 0.000000 1.000000
vt 0.000000 0.875000
vt 0.297129 0.875000
vt 0.297129 1.000000
vt 0.000000 0.750000
vt 0.297129 0.750000
vt 0.000000 0.625000
vt 0.297129 0.625000
vt 0.000000 0.500000
vt 0.297129 0.500000
vt 0.000000 0.375000
vt 0.297129 0.375000
vt 0.000000 0.250000
vt 0.297129 0.250000
vt 0.000000 0.125000
vt 0.297129 0.125000
vt 0.000000 0.000000
vt 0.297129 0.000000
vt 0.541062 0.875000
vt 0.541062 1.000000
vt 0.541062 0.750000
vt 0.541062 0.625000
vt 0.541062 0.500000
vt 0.541062 0.375000
vt 0.541062 0.250000
vt 0.541062 0.125000
vt 0.541062 0.000000
vt 0.749965 0.875000
vt 0.749965 1.000000
vt 0.749965 0.750000
vt 0.749965 0.625000
vt 0.749965 0.500000
vt 0.749965 0.375000
vt 0.749965 0.250000
vt 0.749965 0.125000
vt 0.749965 0.000000
vt 0.941020 0.875000
vt 0.941020 1.000000
vt 0.941020 0.750000
vt 0.941020 0.625000
vt 0.941020 0.500000
vt 0.941020 0.375000
vt 0.941020 0.250000
vt 0.941020 0.125000
vt 0.941020 0.000000
vt 1.127673 0.875000
vt 1.127673 1.000000
vt 1.127673 0.750000
vt 1.127673 0.625000
vt 1.127673 0.500000
vt 1.127673 0.375000
vt 1.127673 0.250000
vt 1.127673 0.125000
vt 1.127673 0.000000
vt 1.318321 0.875000
vt 1.318321 1.000000
vt 1.318321 0.750000
vt 1.318321 0.625000
vt 1.318321 0.500000
vt 1.318321 0.375000
vt 1.318321 0.250000
vt 1.318321 0.125000
vt 1.318321 0.000000
vt 1.517487 0.875000
vt 1.517487 1.000000
vt 1.517487 0.750000
vt 1.517487 0.625000
vt 1.517487 0.500000
vt 1.517487 0.375000
vt 1.517487 0.250000
vt 1.517487 0.125000
vt 1.517487 0.000000
vt 1.728167 0.875000
vt 1.728167 1.000000
vt 1.728167 0.750000
vt 1.728167 0.625000
vt 1.728167 0.500000
vt 1.728167 0.375000
vt 1.728167 0.250000
vt 1.728167 0.125000
vt 1.728167 0.000000
vt 1.954081 0.875000
vt 1.954081 1.000000
vt 1.954081 0.750000
vt 1.954081 0.625000
vt 1.954081 0.500000
vt 1.954081 0.375000
vt 1.954081 0.250000
vt 1.954081 0.125000
vt 1.954081 0.000000
vt 2.201260 0.875000
vt 2.201260 1.000000
vt 2.201260 0.750000
vt 2.201260 0.625000
vt 2.201260 0.500000
vt 2.201260 0.375000
vt 2.201260 0.250000
vt 2.201260 0.125000
vt 2.201260 0.000000
vt 2.478733 0.875000
vt 2.478733 1.000000
vt 2.478733 0.750000
vt 2.478733 0.625000
vt 2.478733 0.500000
vt 2.478733 0.375000
vt 2.478733 0.250000
vt 2.478733 0.125000
vt 2.478733 0.000000
vt 2.798245 0.875000
vt 2.798245 1.000000
vt 2.798245 0.750000
vt 2.798245 0.625000
vt 2.798245 0.500000
vt 2.798245 0.375000
vt 2.798245 0.250000
vt 2.798245 0.125000
vt 2.798245 0.000000
s 1
f 6559/6603/3074 6560/6604/3075 6568/6605/3076 6567/6606/3077
f 6560/6604/3075 6561/6607/3078 6569/6608/3079 6568/6605/3076
f 6561/6607/3078 6562/6609/3080 6570/6610/3081 6569/6608/3079
f 6562/6609/3080 6563/6611/3082 6571/6612/3083 6570/6610/3081
f 6563/6611/3082 6564/6613/3084 6572/6614/3085 6571/6612/3083
f 6564/6613/3084 6565/6615/3086 6573/6616/3087 6572/6614/3085
f 6565/6615/3086 6566/6617/3088 6574/6618/3089 6573/6616/3087
f 6566/6617/3088 6559/6619/3074 6567/6620/3077 6574/6618/3089
f 6567/6606/3077 6568/6605/3076 6576/6621/3090 6575/6622/3091
f 6568/6605/3076 6569/6608/3079 6577/6623/3092 6576/6621/3090
f 6569/6608/3079 6570/6610/3081 6578/6624/3093 6577/6623/3092
f 6570/6610/3081 6571/6612/3083 6579/6625/3094 6578/6624/3093
f 6571/6612/3083 6572/6614/3085 6580/6626/3095 6579/6625/3094
f 6572/6614/3085 6573/6616/3087 6581/6627/3096 6580/6626/3095
f 6573/6616/3087 6574/6618/3089 6582/6628/3097 6581/6627/3096
f 6574/6618/3089 6567/6620/3077 6575/6629/3091 6582/6628/3097
f 6575/6622/3091 6576/6621/3090 6584/6630/3098 6583/6631/3099
f 6576/6621/3090 6577/6623/3092 6585/6632/3100 6584/6630/3098
f 6577/6623/3092 6578/6624/3093 6586/6633/3101 6585/6632/3100
f 6578/6624/3093 6579/6625/3094 6587/6634/3102 6586/6633/3101
f 6579/6625/3094 6580/6626/3095 6588/6635/3103 6587/6634/3102
f 6580/6626/3095 6581/6627/3096 6589/6636/3104 6588/6635/3103
f 6581/6627/3096 6582/6628/3097 6590/6637/3105 6589/6636/3104
f 6582/6628/3097 6575/6629/3091 6583/6638/3099 6590/6637/3105
f 6583/6631/3099 6584/6630/3098 6592/6639/3106 6591/6640/3107
f 6584/6630/3098 6585/6632/3100 6593/6641/3108 6592/6639/3106
f 6585/6632/3100 6586/6633/3101 6594/6642/3109 6593/6641/3108
f 6586/6633/3101 6587/6634/3102 6595/6643/3110 6594/6642/3109
f 6587/6634/3102 6588/6635/3103 6596/6644/3111 6595/6643/3110
f 6588/6635/3103 6589/6636/3104 6597/6645/3112 6596/6644/3111
f 6589/6636/3104 6590/6637/3105 6598/6646/3113 6597/6645/3112
f 6590/6637/3105 6583/6638/3099 6591/6647/3107 6598/6646/3113
f 6591/6640/3107 6592/6639/3106 6600/6648/3114 6599/6649/3115
f 6592/6639/3106 6593/6641/3108 6601/6650/3116 6600/6648/3114
f 6593/6641/3108 6594/6642/3109 6602/6651/3117 6601/6650/3116
f 6594/6642/3109 6595/6643/3110 6603/6652/3118 6602/6651/3117
f 6595/6643/3110 6596/6644/3111 6604/6653/3119 6603/6652/3118
f 6596/6644/3111 6597/6645/3112 6605/6654/3120 6604/6653/3119
f 6597/6645/3112 6598/6646/3113 6606/6655/3121 6605/6654/3120
f 6598/6646/3113 6591/6647/3107 6599/6656/3115 6606/6655/3121
f 6599/6649/3115 6600/6648/3114 6608/6657/3122 6607/6658/3123
f 6600/6648/3114 6601/6650/3116 6609/6659/3124 6608/6657/3122
f 6601/6650/3116 6602/6651/3117 6610/6660/3125 6609/6659/3124
f 6602/6651/3117 6603/6652/3118 6611/6661/3126 6610/6660/3125
f 6603/6652/3118 6604/6653/3119 6612/6662/3127 6611/6661/3126
f 6604/6653/3119 6605/6654/3120 6613/6663/3128 6612/6662/3127
f 6605/6654/3120 6606/6655/3121 6614/6664/3129 6613/6663/3128
f 6606/6655/3121 6599/6656/3115 6607/6665/3123 6614/6664/3129
f 6607/6658/3123 6608/6657/3122 6616/6666/3130 6615/6667/3131
f 6608/6657/3122 6609/6659/3124 6617/6668/3132 6616/6666/3130
f 6609/6659/3124 6610/6660/3125 6618/6669/3133 6617/6668/3132
f 6610/6660/3125 6611/6661/3126 6619/6670/3134 6618/6669/3133
f 6611/6661/3126 6612/6662/3127 6620/6671/3135 6619/6670/3134
f 6612/6662/3127 6613/6663/3128 6621/6672/3136 6620/6671/3135
f 6613/6663/3128 6614/6664/3129 6622/6673/3137 6621/6672/3136
f 6614/6664/3129 6607/6665/3123 6615/6674/3131 6622/6673/3137
f 6615/6667/3131 6616/6666/3130 6624/6675/3138 6623/6676/3139
f 6616/6666/3130 6617/6668/3132 6625/6677/3140 6624/6675/3138
f 6617/6668/3132 6618/6669/3133 6626/6678/3141 6625/6677/3140
f 6618/6669/3133 6619/6670/3134 6627/6679/3142 6626/6678/3141
f 6619/6670/3134 6620/6671/3135 6628/6680/3143 6627/6679/3142
f 6620/6671/3135 6621/6672/3136 6629/6681/3144 6628/6680/3143
f 6621/6672/3136 6622/6673/3137 6630/6682/3145 6629/6681/3144
f 6622/6673/3137 6615/6674/3131 6623/6683/3139 6630/6682/3145
f 6623/6676/3139 6624/6675/3138 6632/6684/3146 6631/6685/3147
f 6624/6675/3138 6625/6677/3140 6633/6686/3148 6632/6684/3146
f 6625/6677/3140 6626/6678/3141 6634/6687/3149 6633/6686/3148
f 6626/6678/3141 6627/6679/3142 6635/6688/3150 6634/6687/3149
f 6627/6679/3142 6628/6680/3143 6636/6689/3151 6635/6688/3150
f 6628/6680/3143 6629/6681/3144 6637/6690/3152 6636/6689/3151
f 6629/6681/3144 6630/6682/3145 6638/6691/3153 6637/6690/3152
f 6630/6682/3145 6623/6683/3139 6631/6692/3147 6638/6691/3153
f 6631/6685/3147 6632/6684/3146 6640/6693/3154 6639/6694/3155
f 6632/6684/3146 6633/6686/3148 6641/6695/3156 6640/6693/3154
f 6633/6686/3148 6634/6687/3149 6642/6696/3157 6641/6695/3156
f 6634/6687/3149 6635/6688/3150 6643/6697/3158 6642/6696/3157
f 6635/6688/3150 6636/6689/3151 6644/6698/3159 6643/6697/3158
f 6636/6689/3151 6637/6690/3152 6645/6699/3160 6644/6698/3159
f 6637/6690/3152 6638/6691/3153 6646/6700/3161 6645/6699/3160
f 6638/6691/3153 6631/6692/3147 6639/6701/3155 6646/6700/3161
f 6639/6694/3155 6640/6693/3154 6648/6702/3162 6647/6703/3163
f 6640/6693/3154 6641/6695/3156 6649/6704/3164 6648/6702/3162
f 6641/6695/3156 6642/6696/3157 6650/6705/3165 6649/6704/3164
f 6642/6696/3157 6643/6697/3158 6651/6706/3166 6650/6705/3165
f 6643/6697/3158 6644/6698/3159 6652/6707/3167 6651/6706/3166
f 6644/6698/3159 6645/6699/3160 6653/6708/3168 6652/6707/3167
f 6645/6699/3160 6646/6700/3161 6654/6709/3169 6653/6708/3168
f 6646/6700/3161 6639/6701/3155 6647/6710/3163 6654/6709/3169
f 6647/6703/3163 6648/6702/3162 6656/6711/3170 6655/6712/3171
f 6648/6702/3162 6649/6704/3164 6657/6713/3172 6656/6711/3170
f 6649/6704/3164 6650/6705/3165 6658/6714/3173 6657/6713/3172
f 6650/6705/3165 6651/6706/3166 6659/6715/3174 6658/6714/3173
f 6651/6706/3166 6652/6707/3167 6660/6716/3175 6659/6715/3174
f 6652/6707/3167 6653/6708/3168 6661/6717/3176 6660/6716/3175
f 6653/6708/3168 6654/6709/3169 6662/6718/3177 6661/6717/3176
f 6654/6709/3169 6647/6710/3163 6655/6719/3171 6662/6718/3177
f 6566/6617/3178 6565/6615/3178 6564/6613/3178 6563/6611/3178 6562/6609/3178 6561/6607/3178 6560/6604/3178 6559/6619/3178
f 6655/6719/3179 6656/6711/3179 6657/6713/3179 6658/6714/3179 6659/6715/3179 6660/6716/3179 6661/6717/3179 6662/6718/3179
o BézierCurve.011
v 1.297417 14.047525 0.577200
v 1.301808 13.871162 0.503115
v 1.335995 13.798111 0.329603
v 1.379951 13.871162 0.158305
v 1.407927 14.047525 0.089565
v 1.403535 14.223888 0.163650
v 1.369348 14.296940 0.337162
v 1.325392 14.223888 0.508460
v 1.582908 14.027216 0.641871
v 1.610707 13.850769 0.573274
v 1.656704 13.777676 0.402531
v 1.693956 13.850751 0.229661
v 1.700640 14.027190 0.155930
v 1.672842 14.203636 0.224527
v 1.626844 14.276730 0.395270
v 1.589593 14.203654 0.568140
v 1.807426 14.072053 0.699856
v 1.885138 13.906301 0.644191
v 1.956115 13.838558 0.479920
v 1.978780 13.908509 0.303271
v 1.939857 14.075177 0.217722
v 1.862145 14.240930 0.273387
v 1.791168 14.308672 0.437658
v 1.768503 14.238721 0.614307
v 1.976112 14.168920 0.750197
v 2.103853 14.032415 0.709453
v 2.199459 13.979071 0.552528
v 2.206925 14.040135 0.371346
v 2.121876 14.179839 0.272040
v 1.994135 14.316343 0.312784
v 1.898528 14.369688 0.469709
v 1.891063 14.308623 0.650892
v 2.091167 14.306294 0.791435
v 2.257611 14.215846 0.764468
v 2.371886 14.184717 0.614188
v 2.367050 14.231144 0.428627
v 2.245938 14.327929 0.316484
v 2.079494 14.418378 0.343451
v 1.965220 14.449507 0.493731
v 1.970055 14.403080 0.679292
v 2.153686 14.473462 0.821917
v 2.340725 14.436921 0.804806
v 2.464683 14.431140 0.659160
v 2.452947 14.459503 0.470297
v 2.312391 14.505397 0.348849
v 2.125352 14.541938 0.365960
v 2.001394 14.547719 0.511606
v 2.013130 14.519356 0.700469
v 2.163592 14.659220 0.839633
v 2.353831 14.675843 0.827612
v 2.479247 14.694286 0.684286
v 2.466373 14.703744 0.493613
v 2.322751 14.698677 0.367285
v 2.132512 14.682054 0.379306
v 2.007096 14.663610 0.522632
v 2.019970 14.654153 0.713305
v 2.120556 14.851455 0.842402
v 2.300204 14.916337 0.831070
v 2.420963 14.956000 0.688046
v 2.412093 14.947210 0.497112
v 2.278791 14.895116 0.370114
v 2.099143 14.830234 0.381447
v 1.978384 14.790570 0.524470
v 1.987253 14.799360 0.715404
v 2.024508 15.037521 0.828050
v 2.182706 15.144164 0.813470
v 2.294368 15.201538 0.669070
v 2.294083 15.176035 0.479435
v 2.182019 15.082594 0.355652
v 2.023822 14.975951 0.370232
v 1.912160 14.918577 0.514633
v 1.912444 14.944080 0.704267
v 1.875706 15.204574 0.794461
v 2.003872 15.345027 0.773064
v 2.103212 15.416273 0.625866
v 2.115535 15.376575 0.439094
v 2.033623 15.249188 0.322156
v 1.905457 15.108735 0.343552
v 1.806116 15.037489 0.490750
v 1.793793 15.077187 0.677522
v 1.674697 15.339700 0.739595
v 1.767155 15.504296 0.708431
v 1.852256 15.585170 0.557339
v 1.880149 15.534945 0.374825
v 1.834494 15.383044 0.267805
v 1.742035 15.218448 0.298969
v 1.656934 15.137574 0.450061
v 1.629042 15.187799 0.632575
v 1.422303 15.430049 0.661505
v 1.477331 15.608253 0.618760
v 1.547851 15.694427 0.463155
v 1.592553 15.638091 0.285843
v 1.585252 15.472247 0.190689
v 1.530224 15.294044 0.233435
v 1.459705 15.207870 0.389039
v 1.415002 15.264205 0.566351
v 1.120536 15.462882 0.558670
v 1.156919 15.644241 0.509714
v 1.220256 15.731631 0.351717
v 1.273445 15.673860 0.177231
v 1.285328 15.504769 0.088469
v 1.248945 15.323410 0.137426
v 1.185608 15.236020 0.295423
v 1.132419 15.293792 0.469908
vn -0.2199 0.0005 0.9755
vn -0.2005 -0.7072 0.6780
vn -0.1171 -0.7220 0.6819
vn -0.2326 -0.0318 0.9720
vn -0.0612 -0.9980 -0.0144
vn 0.0644 -0.9979 0.0123
vn 0.1124 -0.7072 -0.6980
vn 0.2092 -0.7185 -0.6633
vn 0.2221 -0.0006 -0.9750
vn 0.2381 -0.0312 -0.9707
vn 0.2064 0.7070 -0.6764
vn 0.1321 0.6872 -0.7144
vn 0.0731 0.9972 0.0172
vn -0.0533 0.9984 -0.0170
vn -0.1041 0.7069 0.6996
vn -0.2079 0.6910 0.6924
vn 0.0592 -0.6873 0.7240
vn -0.2516 -0.0420 0.9669
vn 0.3328 -0.9395 0.0815
vn 0.4229 -0.6750 -0.6046
vn 0.2775 -0.0290 -0.9603
vn -0.0313 0.6492 -0.7600
vn -0.3250 0.9416 -0.0876
vn -0.4171 0.6441 0.6412
vn 0.2390 -0.5836 0.7761
vn -0.2659 -0.0544 0.9624
vn 0.6034 -0.7807 0.1624
vn 0.6373 -0.5508 -0.5389
vn 0.3162 -0.0103 -0.9486
vn -0.1973 0.5498 -0.8117
vn -0.5995 0.7822 -0.1693
vn -0.6247 0.5209 0.5817
vn 0.3794 -0.4155 0.8267
vn -0.2760 -0.0653 0.9590
vn 0.8137 -0.5303 0.2379
vn 0.8023 -0.3548 -0.4801
vn 0.3422 0.0214 -0.9394
vn -0.3304 0.3929 -0.8582
vn -0.8134 0.5277 -0.2447
vn -0.7844 0.3308 0.5247
vn 0.4544 -0.2141 0.8647
vn -0.2822 -0.0731 0.9566
vn 0.9269 -0.2346 0.2928
vn 0.8895 -0.1260 -0.4393
vn 0.3520 0.0546 -0.9344
vn -0.4051 0.2051 -0.8910
vn -0.9266 0.2298 -0.2978
vn -0.8686 0.1119 0.4827
vn 0.4646 -0.0106 0.8854
vn -0.2854 -0.0770 0.9553
vn 0.9448 0.0603 0.3220
vn 0.9027 0.0979 -0.4190
vn 0.3508 0.0807 -0.9330
vn -0.4191 0.0141 -0.9079
vn -0.9436 -0.0637 -0.3248
vn -0.8817 -0.1011 0.4608
vn 0.4216 0.1787 0.8890
vn -0.2873 -0.0766 0.9548
vn 0.8856 0.3303 0.3265
vn 0.8585 0.2989 -0.4167
vn 0.3453 0.0979 -0.9334
vn -0.3812 -0.1653 -0.9096
vn -0.8845 -0.3319 -0.3278
vn -0.8398 -0.2924 0.4574
vn 0.3345 0.3464 0.8764
vn -0.2904 -0.0721 0.9542
vn 0.7646 0.5657 0.3088
vn 0.7702 0.4709 -0.4302
vn 0.3393 0.1081 -0.9344
vn -0.2998 -0.3256 -0.8967
vn -0.7641 -0.5663 -0.3089
vn -0.7555 -0.4563 0.4702
vn 0.2105 0.4850 0.8488
vn -0.2970 -0.0655 0.9526
vn 0.5943 0.7573 0.2706
vn 0.6478 0.6087 -0.4581
vn 0.3344 0.1129 -0.9357
vn -0.1820 -0.4590 -0.8696
vn -0.5939 -0.7580 -0.2697
vn -0.6385 -0.5879 0.4967
vn 0.0606 0.5854 0.8085
vn -0.3076 -0.0598 0.9496
vn 0.3909 0.8949 0.2154
vn 0.5035 0.7060 -0.4980
vn 0.3313 0.1136 -0.9366
vn -0.0391 -0.5568 -0.8297
vn -0.3901 -0.8957 -0.2136
vn -0.5005 -0.6814 0.5340
vn -0.0980 0.6412 0.7610
vn -0.3205 -0.0575 0.9455
vn 0.1782 0.9725 0.1498
vn 0.3544 0.7593 -0.5457
vn 0.3311 0.1114 -0.9370
vn 0.1145 -0.6134 -0.7814
vn -0.1739 -0.9738 -0.1463
vn -0.3559 -0.7343 0.5780
vn -0.1812 0.6427 0.7444
vn -0.3289 -0.0838 0.9407
vn 0.0731 0.9908 0.1140
vn 0.2839 0.7610 -0.5834
vn 0.3303 0.0835 -0.9402
vn 0.1862 -0.6434 -0.7425
vn -0.0648 -0.9917 -0.1112
vn -0.2792 -0.7616 0.5848
vn -0.9730 0.0684 -0.2205
vn -0.9416 0.1023 -0.3209
vt 0.000000 1.000000
vt 0.000000 0.875000
vt 0.297129 0.875000
vt 0.297129 1.000000
vt 0.000000 0.750000
vt 0.297129 0.750000
vt 0.000000 0.625000
vt 0.297129 0.625000
vt 0.000000 0.500000
vt 0.297129 0.500000
vt 0.000000 0.375000
vt 0.297129 0.375000
vt 0.000000 0.250000
vt 0.297129 0.250000
vt 0.000000 0.125000
vt 0.297129 0.125000
vt 0.000000 0.000000
vt 0.297129 0.000000
vt 0.541062 0.875000
vt 0.541062 1.000000
vt 0.541062 0.750000
vt 0.541062 0.625000
vt 0.541062 0.500000
vt 0.541062 0.375000
vt 0.541062 0.250000
vt 0.541062 0.125000
vt 0.541062 0.000000
vt 0.749965 0.875000
vt 0.749965 1.000000
vt 0.749965 0.750000
vt 0.749965 0.625000
vt 0.749965 0.500000
vt 0.749965 0.375000
vt 0.749965 0.250000
vt 0.749965 0.125000
vt 0.749965 0.000000
vt 0.941020 0.875000
vt 0.941020 1.000000
vt 0.941020 0.750000
vt 0.941020 0.625000
vt 0.941020 0.500000
vt 0.941020 0.375000
vt 0.941020 0.250000
vt 0.941020 0.125000
vt 0.941020 0.000000
vt 1.127673 0.875000
vt 1.127673 1.000000
vt 1.127673 0.750000
vt 1.127673 0.625000
vt 1.127673 0.500000
vt 1.127673 0.375000
vt 1.127673 0.250000
vt 1.127673 0.125000
vt 1.127673 0.000000
vt 1.318321 0.875000
vt 1.318321 1.000000
vt 1.318321 0.750000
vt 1.318321 0.625000
vt 1.318321 0.500000
vt 1.318321 0.375000
vt 1.318321 0.250000
vt 1.318321 0.125000
vt 1.318321 0.000000
vt 1.517487 0.875000
vt 1.517487 1.000000
vt 1.517487 0.750000
vt 1.517487 0.625000
vt 1.517487 0.500000
vt 1.517487 0.375000
vt 1.517487 0.250000
vt 1.517487 0.125000
vt 1.517487 0.000000
vt 1.728167 0.875000
vt 1.728167 1.000000
vt 1.728167 0.750000
vt 1.728167 0.625000
vt 1.728167 0.500000
vt 1.728167 0.375000
vt 1.728167 0.250000
vt 1.728167 0.125000
vt 1.728167 0.000000
vt 1.954081 0.875000
vt 1.954081 1.000000
vt 1.954081 0.750000
vt 1.954081 0.625000
vt 1.954081 0.500000
vt 1.954081 0.375000
vt 1.954081 0.250000
vt 1.954081 0.125000
vt 1.954081 0.000000
vt 2.201260 0.875000
vt 2.201260 1.000000
vt 2.201260 0.750000
vt 2.201260 0.625000
vt 2.201260 0.500000
vt 2.201260 0.375000
vt 2.201260 0.250000
vt 2.201260 0.125000
vt 2.201260 0.000000
vt 2.478733 0.875000
vt 2.478733 1.000000
vt 2.478733 0.750000
vt 2.478733 0.625000
vt 2.478733 0.500000
vt 2.478733 0.375000
vt 2.478733 0.250000
vt 2.478733 0.125000
vt 2.478733 0.000000
vt 2.798245 0.875000
vt 2.798245 1.000000
vt 2.798245 0.750000
vt 2.798245 0.625000
vt 2.798245 0.500000
vt 2.798245 0.375000
vt 2.798245 0.250000
vt 2.798245 0.125000
vt 2.798245 0.000000
s 1
f 6663/6720/3180 6664/6721/3181 6672/6722/3182 6671/6723/3183
f 6664/6721/3181 6665/6724/3184 6673/6725/3185 6672/6722/3182
f 6665/6724/3184 6666/6726/3186 6674/6727/3187 6673/6725/3185
f 6666/6726/3186 6667/6728/3188 6675/6729/3189 6674/6727/3187
f 6667/6728/3188 6668/6730/3190 6676/6731/3191 6675/6729/3189
f 6668/6730/3190 6669/6732/3192 6677/6733/3193 6676/6731/3191
f 6669/6732/3192 6670/6734/3194 6678/6735/3195 6677/6733/3193
f 6670/6734/3194 6663/6736/3180 6671/6737/3183 6678/6735/3195
f 6671/6723/3183 6672/6722/3182 6680/6738/3196 6679/6739/3197
f 6672/6722/3182 6673/6725/3185 6681/6740/3198 6680/6738/3196
f 6673/6725/3185 6674/6727/3187 6682/6741/3199 6681/6740/3198
f 6674/6727/3187 6675/6729/3189 6683/6742/3200 6682/6741/3199
f 6675/6729/3189 6676/6731/3191 6684/6743/3201 6683/6742/3200
f 6676/6731/3191 6677/6733/3193 6685/6744/3202 6684/6743/3201
f 6677/6733/3193 6678/6735/3195 6686/6745/3203 6685/6744/3202
f 6678/6735/3195 6671/6737/3183 6679/6746/3197 6686/6745/3203
f 6679/6739/3197 6680/6738/3196 6688/6747/3204 6687/6748/3205
f 6680/6738/3196 6681/6740/3198 6689/6749/3206 6688/6747/3204
f 6681/6740/3198 6682/6741/3199 6690/6750/3207 6689/6749/3206
f 6682/6741/3199 6683/6742/3200 6691/6751/3208 6690/6750/3207
f 6683/6742/3200 6684/6743/3201 6692/6752/3209 6691/6751/3208
f 6684/6743/3201 6685/6744/3202 6693/6753/3210 6692/6752/3209
f 6685/6744/3202 6686/6745/3203 6694/6754/3211 6693/6753/3210
f 6686/6745/3203 6679/6746/3197 6687/6755/3205 6694/6754/3211
f 6687/6748/3205 6688/6747/3204 6696/6756/3212 6695/6757/3213
f 6688/6747/3204 6689/6749/3206 6697/6758/3214 6696/6756/3212
f 6689/6749/3206 6690/6750/3207 6698/6759/3215 6697/6758/3214
f 6690/6750/3207 6691/6751/3208 6699/6760/3216 6698/6759/3215
f 6691/6751/3208 6692/6752/3209 6700/6761/3217 6699/6760/3216
f 6692/6752/3209 6693/6753/3210 6701/6762/3218 6700/6761/3217
f 6693/6753/3210 6694/6754/3211 6702/6763/3219 6701/6762/3218
f 6694/6754/3211 6687/6755/3205 6695/6764/3213 6702/6763/3219
f 6695/6757/3213 6696/6756/3212 6704/6765/3220 6703/6766/3221
f 6696/6756/3212 6697/6758/3214 6705/6767/3222 6704/6765/3220
f 6697/6758/3214 6698/6759/3215 6706/6768/3223 6705/6767/3222
f 6698/6759/3215 6699/6760/3216 6707/6769/3224 6706/6768/3223
f 6699/6760/3216 6700/6761/3217 6708/6770/3225 6707/6769/3224
f 6700/6761/3217 6701/6762/3218 6709/6771/3226 6708/6770/3225
f 6701/6762/3218 6702/6763/3219 6710/6772/3227 6709/6771/3226
f 6702/6763/3219 6695/6764/3213 6703/6773/3221 6710/6772/3227
f 6703/6766/3221 6704/6765/3220 6712/6774/3228 6711/6775/3229
f 6704/6765/3220 6705/6767/3222 6713/6776/3230 6712/6774/3228
f 6705/6767/3222 6706/6768/3223 6714/6777/3231 6713/6776/3230
f 6706/6768/3223 6707/6769/3224 6715/6778/3232 6714/6777/3231
f 6707/6769/3224 6708/6770/3225 6716/6779/3233 6715/6778/3232
f 6708/6770/3225 6709/6771/3226 6717/6780/3234 6716/6779/3233
f 6709/6771/3226 6710/6772/3227 6718/6781/3235 6717/6780/3234
f 6710/6772/3227 6703/6773/3221 6711/6782/3229 6718/6781/3235
f 6711/6775/3229 6712/6774/3228 6720/6783/3236 6719/6784/3237
f 6712/6774/3228 6713/6776/3230 6721/6785/3238 6720/6783/3236
f 6713/6776/3230 6714/6777/3231 6722/6786/3239 6721/6785/3238
f 6714/6777/3231 6715/6778/3232 6723/6787/3240 6722/6786/3239
f 6715/6778/3232 6716/6779/3233 6724/6788/3241 6723/6787/3240
f 6716/6779/3233 6717/6780/3234 6725/6789/3242 6724/6788/3241
f 6717/6780/3234 6718/6781/3235 6726/6790/3243 6725/6789/3242
f 6718/6781/3235 6711/6782/3229 6719/6791/3237 6726/6790/3243
f 6719/6784/3237 6720/6783/3236 6728/6792/3244 6727/6793/3245
f 6720/6783/3236 6721/6785/3238 6729/6794/3246 6728/6792/3244
f 6721/6785/3238 6722/6786/3239 6730/6795/3247 6729/6794/3246
f 6722/6786/3239 6723/6787/3240 6731/6796/3248 6730/6795/3247
f 6723/6787/3240 6724/6788/3241 6732/6797/3249 6731/6796/3248
f 6724/6788/3241 6725/6789/3242 6733/6798/3250 6732/6797/3249
f 6725/6789/3242 6726/6790/3243 6734/6799/3251 6733/6798/3250
f 6726/6790/3243 6719/6791/3237 6727/6800/3245 6734/6799/3251
f 6727/6793/3245 6728/6792/3244 6736/6801/3252 6735/6802/3253
f 6728/6792/3244 6729/6794/3246 6737/6803/3254 6736/6801/3252
f 6729/6794/3246 6730/6795/3247 6738/6804/3255 6737/6803/3254
f 6730/6795/3247 6731/6796/3248 6739/6805/3256 6738/6804/3255
f 6731/6796/3248 6732/6797/3249 6740/6806/3257 6739/6805/3256
f 6732/6797/3249 6733/6798/3250 6741/6807/3258 6740/6806/3257
f 6733/6798/3250 6734/6799/3251 6742/6808/3259 6741/6807/3258
f 6734/6799/3251 6727/6800/3245 6735/6809/3253 6742/6808/3259
f 6735/6802/3253 6736/6801/3252 6744/6810/3260 6743/6811/3261
f 6736/6801/3252 6737/6803/3254 6745/6812/3262 6744/6810/3260
f 6737/6803/3254 6738/6804/3255 6746/6813/3263 6745/6812/3262
f 6738/6804/3255 6739/6805/3256 6747/6814/3264 6746/6813/3263
f 6739/6805/3256 6740/6806/3257 6748/6815/3265 6747/6814/3264
f 6740/6806/3257 6741/6807/3258 6749/6816/3266 6748/6815/3265
f 6741/6807/3258 6742/6808/3259 6750/6817/3267 6749/6816/3266
f 6742/6808/3259 6735/6809/3253 6743/6818/3261 6750/6817/3267
f 6743/6811/3261 6744/6810/3260 6752/6819/3268 6751/6820/3269
f 6744/6810/3260 6745/6812/3262 6753/6821/3270 6752/6819/3268
f 6745/6812/3262 6746/6813/3263 6754/6822/3271 6753/6821/3270
f 6746/6813/3263 6747/6814/3264 6755/6823/3272 6754/6822/3271
f 6747/6814/3264 6748/6815/3265 6756/6824/3273 6755/6823/3272
f 6748/6815/3265 6749/6816/3266 6757/6825/3274 6756/6824/3273
f 6749/6816/3266 6750/6817/3267 6758/6826/3275 6757/6825/3274
f 6750/6817/3267 6743/6818/3261 6751/6827/3269 6758/6826/3275
f 6751/6820/3269 6752/6819/3268 6760/6828/3276 6759/6829/3277
f 6752/6819/3268 6753/6821/3270 6761/6830/3278 6760/6828/3276
f 6753/6821/3270 6754/6822/3271 6762/6831/3279 6761/6830/3278
f 6754/6822/3271 6755/6823/3272 6763/6832/3280 6762/6831/3279
f 6755/6823/3272 6756/6824/3273 6764/6833/3281 6763/6832/3280
f 6756/6824/3273 6757/6825/3274 6765/6834/3282 6764/6833/3281
f 6757/6825/3274 6758/6826/3275 6766/6835/3283 6765/6834/3282
f 6758/6826/3275 6751/6827/3269 6759/6836/3277 6766/6835/3283
f 6670/6734/3284 6669/6732/3284 6668/6730/3284 6667/6728/3284 6666/6726/3284 6665/6724/3284 6664/6721/3284 6663/6736/3284
f 6759/6836/3285 6760/6828/3285 6761/6830/3285 6762/6831/3285 6763/6832/3285 6764/6833/3285 6765/6834/3285 6766/6835/3285
o BézierCurve.012
v 1.148179 14.047525 -0.835545
v 1.086196 13.871162 -0.876361
v 0.952968 13.798111 -0.992660
v 0.826538 13.871162 -1.116315
v 0.780968 14.047525 -1.174891
v 0.842951 14.223888 -1.134075
v 0.976178 14.296940 -1.017776
v 1.102608 14.223888 -0.894121
v 1.346829 14.027216 -1.050547
v 1.301293 13.850769 -1.108898
v 1.176364 13.777676 -1.234045
v 1.045224 13.850751 -1.352678
v 0.984692 14.027190 -1.395303
v 1.030228 14.203636 -1.336952
v 1.155157 14.276730 -1.211806
v 1.286297 14.203654 -1.093173
v 1.509225 14.072053 -1.216071
v 1.499828 13.906301 -1.311199
v 1.392985 13.838558 -1.454751
v 1.251284 13.908509 -1.562637
v 1.157730 14.075177 -1.571658
v 1.167127 14.240930 -1.476529
v 1.273970 14.308672 -1.332977
v 1.415671 14.238721 -1.225091
v 1.637106 14.168920 -1.337047
v 1.665629 14.032415 -1.468060
v 1.577454 13.979071 -1.629278
v 1.424232 14.040135 -1.726261
v 1.295719 14.179839 -1.702198
v 1.267195 14.316343 -1.571185
v 1.355371 14.369688 -1.409967
v 1.508593 14.308623 -1.312984
v 1.730310 14.306294 -1.416114
v 1.790102 14.215846 -1.573771
v 1.717010 14.184717 -1.747840
v 1.553849 14.231144 -1.836355
v 1.396198 14.327929 -1.787464
v 1.336406 14.418378 -1.629808
v 1.409498 14.449507 -1.455739
v 1.572659 14.403080 -1.367224
v 1.787948 14.473462 -1.455043
v 1.866568 14.436921 -1.625617
v 1.802328 14.431140 -1.805759
v 1.632859 14.459503 -1.889946
v 1.457434 14.505397 -1.828861
v 1.378814 14.541938 -1.658288
v 1.443054 14.547719 -1.478145
v 1.612523 14.519356 -1.393958
v 1.808244 14.659220 -1.454774
v 1.892872 14.675843 -1.625576
v 1.831370 14.694286 -1.805823
v 1.659764 14.703744 -1.889929
v 1.478580 14.698677 -1.828625
v 1.393952 14.682054 -1.657823
v 1.455454 14.663610 -1.477576
v 1.627060 14.654153 -1.393470
v 1.789142 14.851455 -1.416109
v 1.869076 14.916337 -1.577394
v 1.805509 14.956000 -1.753455
v 1.635678 14.947210 -1.841160
v 1.459069 14.895116 -1.789131
v 1.379136 14.830234 -1.627847
v 1.442703 14.790570 -1.451785
v 1.612533 14.799360 -1.364081
v 1.728726 15.037521 -1.340078
v 1.795130 15.144164 -1.484402
v 1.725825 15.201538 -1.653271
v 1.561409 15.176035 -1.747763
v 1.398195 15.082594 -1.712526
v 1.331791 14.975951 -1.568202
v 1.401096 14.918577 -1.399333
v 1.565512 14.944080 -1.304841
v 1.625289 15.204574 -1.227956
v 1.670784 15.345027 -1.349671
v 1.592901 15.416273 -1.509264
v 1.437263 15.376575 -1.613248
v 1.295041 15.249188 -1.600710
v 1.249547 15.108735 -1.478995
v 1.327429 15.037489 -1.319402
v 1.483067 15.077187 -1.215418
v 1.477340 15.339700 -1.081239
v 1.496535 15.504296 -1.176901
v 1.408164 15.585170 -1.326105
v 1.263994 15.534945 -1.441448
v 1.148477 15.383044 -1.455365
v 1.129282 15.218448 -1.359703
v 1.217653 15.137574 -1.210499
v 1.361824 15.187799 -1.095155
v 1.283601 15.430049 -0.901612
v 1.274063 15.608253 -0.970635
v 1.174500 15.694427 -1.109462
v 1.043233 15.638091 -1.236769
v 0.957157 15.472247 -1.277981
v 0.966695 15.294044 -1.208958
v 1.066258 15.207870 -1.070132
v 1.197525 15.264205 -0.942825
v 1.043760 15.462882 -0.691576
v 1.019527 15.644241 -0.747552
v 0.914302 15.731631 -0.881352
v 0.789724 15.673860 -1.014597
v 0.718770 15.504769 -1.069236
v 0.743003 15.323410 -1.013260
v 0.848228 15.236020 -0.879460
v 0.972806 15.293792 -0.746214
vn 0.7352 0.0005 0.6778
vn 0.4872 -0.7072 0.5124
vn 0.5322 -0.7220 0.4421
vn 0.7258 -0.0318 0.6871
vn -0.0430 -0.9980 0.0458
vn 0.0428 -0.9979 -0.0496
vn -0.5485 -0.7072 -0.4461
vn -0.4700 -0.7185 -0.5126
vn -0.7337 -0.0006 -0.6795
vn -0.7220 -0.0312 -0.6912
vn -0.4829 0.7070 -0.5167
vn -0.5529 0.6872 -0.4713
vn 0.0514 0.9972 -0.0547
vn -0.0414 0.9984 0.0377
vn 0.5540 0.7069 0.4397
vn 0.4959 0.6910 0.5260
vn 0.6567 -0.6873 0.3104
vn 0.7119 -0.0420 0.7010
vn 0.2369 -0.9395 -0.2476
vn -0.3125 -0.6750 -0.6684
vn -0.6932 -0.0290 -0.7202
vn -0.6740 0.6492 -0.3526
vn -0.2383 0.9416 0.2378
vn 0.3471 0.6441 0.6817
vn 0.7917 -0.5836 0.1807
vn 0.7009 -0.0544 0.7112
vn 0.4422 -0.7807 -0.4416
vn -0.1485 -0.5508 -0.8213
vn -0.6638 -0.0103 -0.7478
vn -0.8017 0.5498 -0.2346
vn -0.4462 0.7822 0.4347
vn 0.1918 0.5209 0.8318
vn 0.9057 -0.4155 0.0843
vn 0.6928 -0.0653 0.7181
vn 0.6126 -0.5303 -0.5861
vn -0.0151 -0.3548 -0.9348
vn -0.6428 0.0214 -0.7657
vn -0.9085 0.3929 -0.1425
vn -0.6183 0.5277 0.5824
vn 0.0626 0.3308 0.9416
vn 0.9761 -0.2141 0.0383
vn 0.6877 -0.0731 0.7223
vn 0.7168 -0.2346 -0.6567
vn 0.0638 -0.1260 -0.9900
vn -0.6336 0.0546 -0.7717
vn -0.9742 0.2051 -0.0942
vn -0.7209 0.2298 0.6539
vn -0.0158 0.1119 0.9936
vn 0.9991 -0.0106 0.0399
vn 0.6850 -0.0770 0.7245
vn 0.7509 0.0603 -0.6576
vn 0.0880 0.0979 -0.9913
vn -0.6329 0.0807 -0.7700
vn -0.9958 0.0141 -0.0905
vn -0.7528 -0.0637 0.6552
vn -0.0413 -0.1011 0.9940
vn 0.9807 0.1787 0.0789
vn 0.6836 -0.0766 0.7259
vn 0.7253 0.3303 -0.6040
vn 0.0679 0.2989 -0.9519
vn -0.6360 0.0979 -0.7654
vn -0.9784 -0.1653 -0.1241
vn -0.7258 -0.3319 0.6025
vn -0.0233 -0.2924 0.9560
vn 0.9263 0.3464 0.1481
vn 0.6815 -0.0721 0.7283
vn 0.6495 0.5657 -0.5081
vn 0.0121 0.4709 -0.8821
vn -0.6400 0.1081 -0.7608
vn -0.9266 -0.3256 -0.1883
vn -0.6493 -0.5663 0.5076
vn 0.0299 -0.4563 0.8893
vn 0.8404 0.4850 0.2417
vn 0.6768 -0.0655 0.7332
vn 0.5314 0.7573 -0.3796
vn -0.0732 0.6087 -0.7900
vn -0.6435 0.1129 -0.7571
vn -0.8442 -0.4590 -0.2767
vn -0.5304 -0.7580 0.3797
vn 0.1113 -0.5879 0.8012
vn 0.7307 0.5854 0.3514
vn 0.6690 -0.0598 0.7409
vn 0.3819 0.8949 -0.2310
vn -0.1798 0.7060 -0.6850
vn -0.6458 0.1136 -0.7550
vn -0.7383 -0.5568 -0.3807
vn -0.3799 -0.8957 0.2312
vn 0.2125 -0.6814 0.7003
vn 0.6103 0.6412 0.4651
vn 0.6590 -0.0575 0.7500
vn 0.2187 0.9725 -0.0795
vn -0.2957 0.7593 -0.5796
vn -0.6463 0.1114 -0.7549
vn -0.6197 -0.6134 -0.4896
vn -0.2136 -0.9738 0.0775
vn 0.3229 -0.7343 0.5971
vn 0.5543 0.6427 0.5289
vn 0.6506 -0.0838 0.7548
vn 0.1353 0.9908 -0.0064
vn -0.3635 0.7610 -0.5374
vn -0.6494 0.0835 -0.7558
vn -0.5502 -0.6434 -0.5323
vn -0.1287 -0.9917 0.0006
vn 0.3671 -0.7616 0.5340
vn -0.6771 0.0684 0.7327
vn -0.7484 0.1023 0.6553
vt 0.000000 1.000000
vt 0.000000 0.875000
vt 0.297129 0.875000
vt 0.297129 1.000000
vt 0.000000 0.750000
vt 0.297129 0.750000
vt 0.000000 0.625000
vt 0.297129 0.625000
vt 0.000000 0.500000
vt 0.297129 0.500000
vt 0.000000 0.375000
vt 0.297129 0.375000
vt 0.000000 0.250000
vt 0.297129 0.250000
vt 0.000000 0.125000
vt 0.297129 0.125000
vt 0.000000 0.000000
vt 0.297129 0.000000
vt 0.541062 0.875000
vt 0.541062 1.000000
vt 0.541062 0.750000
vt 0.541062 0.625000
vt 0.541062 0.500000
vt 0.541062 0.375000
vt 0.541062 0.250000
vt 0.541062 0.125000
vt 0.541062 0.000000
vt 0.749965 0.875000
vt 0.749965 1.000000
vt 0.749965 0.750000
vt 0.749965 0.625000
vt 0.749965 0.500000
vt 0.749965 0.375000
vt 0.749965 0.250000
vt 0.749965 0.125000
vt 0.749965 0.000000
vt 0.941020 0.875000
vt 0.941020 1.000000
vt 0.941020 0.750000
vt 0.941020 0.625000
vt 0.941020 0.500000
vt 0.941020 0.375000
vt 0.941020 0.250000
vt 0.941020 0.125000
vt 0.941020 0.000000
vt 1.127673 0.875000
vt 1.127673 1.000000
vt 1.127673 0.750000
vt 1.127673 0.625000
vt 1.127673 0.500000
vt 1.127673 0.375000
vt 1.127673 0.250000
vt 1.127673 0.125000
vt 1.127673 0.000000
vt 1.318321 0.875000
vt 1.318321 1.000000
vt 1.318321 0.750000
vt 1.318321 0.625000
vt 1.318321 0.500000
vt 1.318321 0.375000
vt 1.318321 0.250000
vt 1.318321 0.125000
vt 1.318321 0.000000
vt 1.517487 0.875000
vt 1.517487 1.000000
vt 1.517487 0.750000
vt 1.517487 0.625000
vt 1.517487 0.500000
vt 1.517487 0.375000
vt 1.517487 0.250000
vt 1.517487 0.125000
vt 1.517487 0.000000
vt 1.728167 0.875000
vt 1.728167 1.000000
vt 1.728167 0.750000
vt 1.728167 0.625000
vt 1.728167 0.500000
vt 1.728167 0.375000
vt 1.728167 0.250000
vt 1.728167 0.125000
vt 1.728167 0.000000
vt 1.954081 0.875000
vt 1.954081 1.000000
vt 1.954081 0.750000
vt 1.954081 0.625000
vt 1.954081 0.500000
vt 1.954081 0.375000
vt 1.954081 0.250000
vt 1.954081 0.125000
vt 1.954081 0.000000
vt 2.201260 0.875000
vt 2.201260 1.000000
vt 2.201260 0.750000
vt 2.201260 0.625000
vt 2.201260 0.500000
vt 2.201260 0.375000
vt 2.201260 0.250000
vt 2.201260 0.125000
vt 2.201260 0.000000
vt 2.478733 0.875000
vt 2.478733 1.000000
vt 2.478733 0.750000
vt 2.478733 0.625000
vt 2.478733 0.500000
vt 2.478733 0.375000
vt 2.478733 0.250000
vt 2.478733 0.125000
vt 2.478733 0.000000
vt 2.798245 0.875000
vt 2.798245 1.000000
vt 2.798245 0.750000
vt 2.798245 0.625000
vt 2.798245 0.500000
vt 2.798245 0.375000
vt 2.798245 0.250000
vt 2.798245 0.125000
vt 2.798245 0.000000
s 1
f 6767/6837/3286 6768/6838/3287 6776/6839/3288 6775/6840/3289
f 6768/6838/3287 6769/6841/3290 6777/6842/3291 6776/6839/3288
f 6769/6841/3290 6770/6843/3292 6778/6844/3293 6777/6842/3291
f 6770/6843/3292 6771/6845/3294 6779/6846/3295 6778/6844/3293
f 6771/6845/3294 6772/6847/3296 6780/6848/3297 6779/6846/3295
f 6772/6847/3296 6773/6849/3298 6781/6850/3299 6780/6848/3297
f 6773/6849/3298 6774/6851/3300 6782/6852/3301 6781/6850/3299
f 6774/6851/3300 6767/6853/3286 6775/6854/3289 6782/6852/3301
f 6775/6840/3289 6776/6839/3288 6784/6855/3302 6783/6856/3303
f 6776/6839/3288 6777/6842/3291 6785/6857/3304 6784/6855/3302
f 6777/6842/3291 6778/6844/3293 6786/6858/3305 6785/6857/3304
f 6778/6844/3293 6779/6846/3295 6787/6859/3306 6786/6858/3305
f 6779/6846/3295 6780/6848/3297 6788/6860/3307 6787/6859/3306
f 6780/6848/3297 6781/6850/3299 6789/6861/3308 6788/6860/3307
f 6781/6850/3299 6782/6852/3301 6790/6862/3309 6789/6861/3308
f 6782/6852/3301 6775/6854/3289 6783/6863/3303 6790/6862/3309
f 6783/6856/3303 6784/6855/3302 6792/6864/3310 6791/6865/3311
f 6784/6855/3302 6785/6857/3304 6793/6866/3312 6792/6864/3310
f 6785/6857/3304 6786/6858/3305 6794/6867/3313 6793/6866/3312
f 6786/6858/3305 6787/6859/3306 6795/6868/3314 6794/6867/3313
f 6787/6859/3306 6788/6860/3307 6796/6869/3315 6795/6868/3314
f 6788/6860/3307 6789/6861/3308 6797/6870/3316 6796/6869/3315
f 6789/6861/3308 6790/6862/3309 6798/6871/3317 6797/6870/3316
f 6790/6862/3309 6783/6863/3303 6791/6872/3311 6798/6871/3317
f 6791/6865/3311 6792/6864/3310 6800/6873/3318 6799/6874/3319
f 6792/6864/3310 6793/6866/3312 6801/6875/3320 6800/6873/3318
f 6793/6866/3312 6794/6867/3313 6802/6876/3321 6801/6875/3320
f 6794/6867/3313 6795/6868/3314 6803/6877/3322 6802/6876/3321
f 6795/6868/3314 6796/6869/3315 6804/6878/3323 6803/6877/3322
f 6796/6869/3315 6797/6870/3316 6805/6879/3324 6804/6878/3323
f 6797/6870/3316 6798/6871/3317 6806/6880/3325 6805/6879/3324
f 6798/6871/3317 6791/6872/3311 6799/6881/3319 6806/6880/3325
f 6799/6874/3319 6800/6873/3318 6808/6882/3326 6807/6883/3327
f 6800/6873/3318 6801/6875/3320 6809/6884/3328 6808/6882/3326
f 6801/6875/3320 6802/6876/3321 6810/6885/3329 6809/6884/3328
f 6802/6876/3321 6803/6877/3322 6811/6886/3330 6810/6885/3329
f 6803/6877/3322 6804/6878/3323 6812/6887/3331 6811/6886/3330
f 6804/6878/3323 6805/6879/3324 6813/6888/3332 6812/6887/3331
f 6805/6879/3324 6806/6880/3325 6814/6889/3333 6813/6888/3332
f 6806/6880/3325 6799/6881/3319 6807/6890/3327 6814/6889/3333
f 6807/6883/3327 6808/6882/3326 6816/6891/3334 6815/6892/3335
f 6808/6882/3326 6809/6884/3328 6817/6893/3336 6816/6891/3334
f 6809/6884/3328 6810/6885/3329 6818/6894/3337 6817/6893/3336
f 6810/6885/3329 6811/6886/3330 6819/6895/3338 6818/6894/3337
f 6811/6886/3330 6812/6887/3331 6820/6896/3339 6819/6895/3338
f 6812/6887/3331 6813/6888/3332 6821/6897/3340 6820/6896/3339
f 6813/6888/3332 6814/6889/3333 6822/6898/3341 6821/6897/3340
f 6814/6889/3333 6807/6890/3327 6815/6899/3335 6822/6898/3341
f 6815/6892/3335 6816/6891/3334 6824/6900/3342 6823/6901/3343
f 6816/6891/3334 6817/6893/3336 6825/6902/3344 6824/6900/3342
f 6817/6893/3336 6818/6894/3337 6826/6903/3345 6825/6902/3344
f 6818/6894/3337 6819/6895/3338 6827/6904/3346 6826/6903/3345
f 6819/6895/3338 6820/6896/3339 6828/6905/3347 6827/6904/3346
f 6820/6896/3339 6821/6897/3340 6829/6906/3348 6828/6905/3347
f 6821/6897/3340 6822/6898/3341 6830/6907/3349 6829/6906/3348
f 6822/6898/3341 6815/6899/3335 6823/6908/3343 6830/6907/3349
f 6823/6901/3343 6824/6900/3342 6832/6909/3350 6831/6910/3351
f 6824/6900/3342 6825/6902/3344 6833/6911/3352 6832/6909/3350
f 6825/6902/3344 6826/6903/3345 6834/6912/3353 6833/6911/3352
f 6826/6903/3345 6827/6904/3346 6835/6913/3354 6834/6912/3353
f 6827/6904/3346 6828/6905/3347 6836/6914/3355 6835/6913/3354
f 6828/6905/3347 6829/6906/3348 6837/6915/3356 6836/6914/3355
f 6829/6906/3348 6830/6907/3349 6838/6916/3357 6837/6915/3356
f 6830/6907/3349 6823/6908/3343 6831/6917/3351 6838/6916/3357
f 6831/6910/3351 6832/6909/3350 6840/6918/3358 6839/6919/3359
f 6832/6909/3350 6833/6911/3352 6841/6920/3360 6840/6918/3358
f 6833/6911/3352 6834/6912/3353 6842/6921/3361 6841/6920/3360
f 6834/6912/3353 6835/6913/3354 6843/6922/3362 6842/6921/3361
f 6835/6913/3354 6836/6914/3355 6844/6923/3363 6843/6922/3362
f 6836/6914/3355 6837/6915/3356 6845/6924/3364 6844/6923/3363
f 6837/6915/3356 6838/6916/3357 6846/6925/3365 6845/6924/3364
f 6838/6916/3357 6831/6917/3351 6839/6926/3359 6846/6925/3365
f 6839/6919/3359 6840/6918/3358 6848/6927/3366 6847/6928/3367
f 6840/6918/3358 6841/6920/3360 6849/6929/3368 6848/6927/3366
f 6841/6920/3360 6842/6921/3361 6850/6930/3369 6849/6929/3368
f 6842/6921/3361 6843/6922/3362 6851/6931/3370 6850/6930/3369
f 6843/6922/3362 6844/6923/3363 6852/6932/3371 6851/6931/3370
f 6844/6923/3363 6845/6924/3364 6853/6933/3372 6852/6932/3371
f 6845/6924/3364 6846/6925/3365 6854/6934/3373 6853/6933/3372
f 6846/6925/3365 6839/6926/3359 6847/6935/3367 6854/6934/3373
f 6847/6928/3367 6848/6927/3366 6856/6936/3374 6855/6937/3375
f 6848/6927/3366 6849/6929/3368 6857/6938/3376 6856/6936/3374
f 6849/6929/3368 6850/6930/3369 6858/6939/3377 6857/6938/3376
f 6850/6930/3369 6851/6931/3370 6859/6940/3378 6858/6939/3377
f 6851/6931/3370 6852/6932/3371 6860/6941/3379 6859/6940/3378
f 6852/6932/3371 6853/6933/3372 6861/6942/3380 6860/6941/3379
f 6853/6933/3372 6854/6934/3373 6862/6943/3381 6861/6942/3380
f 6854/6934/3373 6847/6935/3367 6855/6944/3375 6862/6943/3381
f 6855/6937/3375 6856/6936/3374 6864/6945/3382 6863/6946/3383
f 6856/6936/3374 6857/6938/3376 6865/6947/3384 6864/6945/3382
f 6857/6938/3376 6858/6939/3377 6866/6948/3385 6865/6947/3384
f 6858/6939/3377 6859/6940/3378 6867/6949/3386 6866/6948/3385
f 6859/6940/3378 6860/6941/3379 6868/6950/3387 6867/6949/3386
f 6860/6941/3379 6861/6942/3380 6869/6951/3388 6868/6950/3387
f 6861/6942/3380 6862/6943/3381 6870/6952/3389 6869/6951/3388
f 6862/6943/3381 6855/6944/3375 6863/6953/3383 6870/6952/3389
f 6774/6851/3390 6773/6849/3390 6772/6847/3390 6771/6845/3390 6770/6843/3390 6769/6841/3390 6768/6838/3390 6767/6853/3390
f 6863/6953/3391 6864/6945/3391 6865/6947/3391 6866/6948/3391 6867/6949/3391 6868/6950/3391 6869/6951/3391 6870/6952/3391
o BézierCurve.012
v 1.148179 14.047525 -0.835545
v 1.086196 13.871162 -0.876361
v 0.952968 13.798111 -0.992660
v 0.826538 13.871162 -1.116315
v 0.780968 14.047525 -1.174891
v 0.842951 14.223888 -1.134075
v 0.976178 14.296940 -1.017776
v 1.102608 14.223888 -0.894121
v 1.346829 14.027216 -1.050547
v 1.301293 13.850769 -1.108898
v 1.176364 13.777676 -1.234045
v 1.045224 13.850751 -1.352678
v 0.984692 14.027190 -1.395303
v 1.030228 14.203636 -1.336952
v 1.155157 14.276730 -1.211806
v 1.286297 14.203654 -1.093173
v 1.509225 14.072053 -1.216071
v 1.499828 13.906301 -1.311199
v 1.392985 13.838558 -1.454751
v 1.251284 13.908509 -1.562637
v 1.157730 14.075177 -1.571658
v 1.167127 14.240930 -1.476529
v 1.273970 14.308672 -1.332977
v 1.415671 14.238721 -1.225091
v 1.637106 14.168920 -1.337047
v 1.665629 14.032415 -1.468060
v 1.577454 13.979071 -1.629278
v 1.424232 14.040135 -1.726261
v 1.295719 14.179839 -1.702198
v 1.267195 14.316343 -1.571185
v 1.355371 14.369688 -1.409967
v 1.508593 14.308623 -1.312984
v 1.730310 14.306294 -1.416114
v 1.790102 14.215846 -1.573771
v 1.717010 14.184717 -1.747840
v 1.553849 14.231144 -1.836355
v 1.396198 14.327929 -1.787464
v 1.336406 14.418378 -1.629808
v 1.409498 14.449507 -1.455739
v 1.572659 14.403080 -1.367224
v 1.787948 14.473462 -1.455043
v 1.866568 14.436921 -1.625617
v 1.802328 14.431140 -1.805759
v 1.632859 14.459503 -1.889946
v 1.457434 14.505397 -1.828861
v 1.378814 14.541938 -1.658288
v 1.443054 14.547719 -1.478145
v 1.612523 14.519356 -1.393958
v 1.808244 14.659220 -1.454774
v 1.892872 14.675843 -1.625576
v 1.831370 14.694286 -1.805823
v 1.659764 14.703744 -1.889929
v 1.478580 14.698677 -1.828625
v 1.393952 14.682054 -1.657823
v 1.455454 14.663610 -1.477576
v 1.627060 14.654153 -1.393470
v 1.789142 14.851455 -1.416109
v 1.869076 14.916337 -1.577394
v 1.805509 14.956000 -1.753455
v 1.635678 14.947210 -1.841160
v 1.459069 14.895116 -1.789131
v 1.379136 14.830234 -1.627847
v 1.442703 14.790570 -1.451785
v 1.612533 14.799360 -1.364081
v 1.728726 15.037521 -1.340078
v 1.795130 15.144164 -1.484402
v 1.725825 15.201538 -1.653271
v 1.561409 15.176035 -1.747763
v 1.398195 15.082594 -1.712526
v 1.331791 14.975951 -1.568202
v 1.401096 14.918577 -1.399333
v 1.565512 14.944080 -1.304841
v 1.625289 15.204574 -1.227956
v 1.670784 15.345027 -1.349671
v 1.592901 15.416273 -1.509264
v 1.437263 15.376575 -1.613248
v 1.295041 15.249188 -1.600710
v 1.249547 15.108735 -1.478995
v 1.327429 15.037489 -1.319402
v 1.483067 15.077187 -1.215418
v 1.477340 15.339700 -1.081239
v 1.496535 15.504296 -1.176901
v 1.408164 15.585170 -1.326105
v 1.263994 15.534945 -1.441448
v 1.148477 15.383044 -1.455365
v 1.129282 15.218448 -1.359703
v 1.217653 15.137574 -1.210499
v 1.361824 15.187799 -1.095155
v 1.283601 15.430049 -0.901612
v 1.274063 15.608253 -0.970635
v 1.174500 15.694427 -1.109462
v 1.043233 15.638091 -1.236769
v 0.957157 15.472247 -1.277981
v 0.966695 15.294044 -1.208958
v 1.066258 15.207870 -1.070132
v 1.197525 15.264205 -0.942825
v 1.043760 15.462882 -0.691576
v 1.019527 15.644241 -0.747552
v 0.914302 15.731631 -0.881352
v 0.789724 15.673860 -1.014597
v 0.718770 15.504769 -1.069236
v 0.743003 15.323410 -1.013260
v 0.848228 15.236020 -0.879460
v 0.972806 15.293792 -0.746214
vn 0.7352 0.0005 0.6778
vn 0.4872 -0.7072 0.5124
vn 0.5322 -0.7220 0.4421
vn 0.7258 -0.0318 0.6871
vn -0.0430 -0.9980 0.0458
vn 0.0428 -0.9979 -0.0496
vn -0.5485 -0.7072 -0.4461
vn -0.4700 -0.7185 -0.5126
vn -0.7337 -0.0006 -0.6795
vn -0.7220 -0.0312 -0.6912
vn -0.4829 0.7070 -0.5167
vn -0.5529 0.6872 -0.4713
vn 0.0514 0.9972 -0.0547
vn -0.0414 0.9984 0.0377
vn 0.5540 0.7069 0.4397
vn 0.4959 0.6910 0.5260
vn 0.6567 -0.6873 0.3104
vn 0.7119 -0.0420 0.7010
vn 0.2369 -0.9395 -0.2476
vn -0.3125 -0.6750 -0.6684
vn -0.6932 -0.0290 -0.7202
vn -0.6740 0.6492 -0.3526
vn -0.2383 0.9416 0.2378
vn 0.3471 0.6441 0.6817
vn 0.7917 -0.5836 0.1807
vn 0.7009 -0.0544 0.7112
vn 0.4422 -0.7807 -0.4416
vn -0.1485 -0.5508 -0.8213
vn -0.6638 -0.0103 -0.7478
vn -0.8017 0.5498 -0.2346
vn -0.4462 0.7822 0.4347
vn 0.1918 0.5209 0.8318
vn 0.9057 -0.4155 0.0843
vn 0.6928 -0.0653 0.7181
vn 0.6126 -0.5303 -0.5861
vn -0.0151 -0.3548 -0.9348
vn -0.6428 0.0214 -0.7657
vn -0.9085 0.3929 -0.1425
vn -0.6183 0.5277 0.5824
vn 0.0626 0.3308 0.9416
vn 0.9761 -0.2141 0.0383
vn 0.6877 -0.0731 0.7223
vn 0.7168 -0.2346 -0.6567
vn 0.0638 -0.1260 -0.9900
vn -0.6336 0.0546 -0.7717
vn -0.9742 0.2051 -0.0942
vn -0.7209 0.2298 0.6539
vn -0.0158 0.1119 0.9936
vn 0.9991 -0.0106 0.0399
vn 0.6850 -0.0770 0.7245
vn 0.7509 0.0603 -0.6576
vn 0.0880 0.0979 -0.9913
vn -0.6329 0.0807 -0.7700
vn -0.9958 0.0141 -0.0905
vn -0.7528 -0.0637 0.6552
vn -0.0413 -0.1011 0.9940
vn 0.9807 0.1787 0.0789
vn 0.6836 -0.0766 0.7259
vn 0.7253 0.3303 -0.6040
vn 0.0679 0.2989 -0.9519
vn -0.6360 0.0979 -0.7654
vn -0.9784 -0.1653 -0.1241
vn -0.7258 -0.3319 0.6025
vn -0.0233 -0.2924 0.9560
vn 0.9263 0.3464 0.1481
vn 0.6815 -0.0721 0.7283
vn 0.6495 0.5657 -0.5081
vn 0.0121 0.4709 -0.8821
vn -0.6400 0.1081 -0.7608
vn -0.9266 -0.3256 -0.1883
vn -0.6493 -0.5663 0.5076
vn 0.0299 -0.4563 0.8893
vn 0.8404 0.4850 0.2417
vn 0.6768 -0.0655 0.7332
vn 0.5314 0.7573 -0.3796
vn -0.0732 0.6087 -0.7900
vn -0.6435 0.1129 -0.7571
vn -0.8442 -0.4590 -0.2767
vn -0.5304 -0.7580 0.3797
vn 0.1113 -0.5879 0.8012
vn 0.7307 0.5854 0.3514
vn 0.6690 -0.0598 0.7409
vn 0.3819 0.8949 -0.2310
vn -0.1798 0.7060 -0.6850
vn -0.6458 0.1136 -0.7550
vn -0.7383 -0.5568 -0.3807
vn -0.3799 -0.8957 0.2312
vn 0.2125 -0.6814 0.7003
vn 0.6103 0.6412 0.4651
vn 0.6590 -0.0575 0.7500
vn 0.2187 0.9725 -0.0795
vn -0.2957 0.7593 -0.5796
vn -0.6463 0.1114 -0.7549
vn -0.6197 -0.6134 -0.4896
vn -0.2136 -0.9738 0.0775
vn 0.3229 -0.7343 0.5971
vn 0.5543 0.6427 0.5289
vn 0.6506 -0.0838 0.7548
vn 0.1353 0.9908 -0.0064
vn -0.3635 0.7610 -0.5374
vn -0.6494 0.0835 -0.7558
vn -0.5502 -0.6434 -0.5323
vn -0.1287 -0.9917 0.0006
vn 0.3671 -0.7616 0.5340
vn -0.6771 0.0684 0.7327
vn -0.7484 0.1023 0.6553
vt 0.000000 1.000000
vt 0.000000 0.875000
vt 0.297129 0.875000
vt 0.297129 1.000000
vt 0.000000 0.750000
vt 0.297129 0.750000
vt 0.000000 0.625000
vt 0.297129 0.625000
vt 0.000000 0.500000
vt 0.297129 0.500000
vt 0.000000 0.375000
vt 0.297129 0.375000
vt 0.000000 0.250000
vt 0.297129 0.250000
vt 0.000000 0.125000
vt 0.297129 0.125000
vt 0.000000 0.000000
vt 0.297129 0.000000
vt 0.541062 0.875000
vt 0.541062 1.000000
vt 0.541062 0.750000
vt 0.541062 0.625000
vt 0.541062 0.500000
vt 0.541062 0.375000
vt 0.541062 0.250000
vt 0.541062 0.125000
vt 0.541062 0.000000
vt 0.749965 0.875000
vt 0.749965 1.000000
vt 0.749965 0.750000
vt 0.749965 0.625000
vt 0.749965 0.500000
vt 0.749965 0.375000
vt 0.749965 0.250000
vt 0.749965 0.125000
vt 0.749965 0.000000
vt 0.941020 0.875000
vt 0.941020 1.000000
vt 0.941020 0.750000
vt 0.941020 0.625000
vt 0.941020 0.500000
vt 0.941020 0.375000
vt 0.941020 0.250000
vt 0.941020 0.125000
vt 0.941020 0.000000
vt 1.127673 0.875000
vt 1.127673 1.000000
vt 1.127673 0.750000
vt 1.127673 0.625000
vt 1.127673 0.500000
vt 1.127673 0.375000
vt 1.127673 0.250000
vt 1.127673 0.125000
vt 1.127673 0.000000
vt 1.318321 0.875000
vt 1.318321 1.000000
vt 1.318321 0.750000
vt 1.318321 0.625000
vt 1.318321 0.500000
vt 1.318321 0.375000
vt 1.318321 0.250000
vt 1.318321 0.125000
vt 1.318321 0.000000
vt 1.517487 0.875000
vt 1.517487 1.000000
vt 1.517487 0.750000
vt 1.517487 0.625000
vt 1.517487 0.500000
vt 1.517487 0.375000
vt 1.517487 0.250000
vt 1.517487 0.125000
vt 1.517487 0.000000
vt 1.728167 0.875000
vt 1.728167 1.000000
vt 1.728167 0.750000
vt 1.728167 0.625000
vt 1.728167 0.500000
vt 1.728167 0.375000
vt 1.728167 0.250000
vt 1.728167 0.125000
vt 1.728167 0.000000
vt 1.954081 0.875000
vt 1.954081 1.000000
vt 1.954081 0.750000
vt 1.954081 0.625000
vt 1.954081 0.500000
vt 1.954081 0.375000
vt 1.954081 0.250000
vt 1.954081 0.125000
vt 1.954081 0.000000
vt 2.201260 0.875000
vt 2.201260 1.000000
vt 2.201260 0.750000
vt 2.201260 0.625000
vt 2.201260 0.500000
vt 2.201260 0.375000
vt 2.201260 0.250000
vt 2.201260 0.125000
vt 2.201260 0.000000
vt 2.478733 0.875000
vt 2.478733 1.000000
vt 2.478733 0.750000
vt 2.478733 0.625000
vt 2.478733 0.500000
vt 2.478733 0.375000
vt 2.478733 0.250000
vt 2.478733 0.125000
vt 2.478733 0.000000
vt 2.798245 0.875000
vt 2.798245 1.000000
vt 2.798245 0.750000
vt 2.798245 0.625000
vt 2.798245 0.500000
vt 2.798245 0.375000
vt 2.798245 0.250000
vt 2.798245 0.125000
vt 2.798245 0.000000
s 1
f 6871/6954/3392 6872/6955/3393 6880/6956/3394 6879/6957/3395
f 6872/6955/3393 6873/6958/3396 6881/6959/3397 6880/6956/3394
f 6873/6958/3396 6874/6960/3398 6882/6961/3399 6881/6959/3397
f 6874/6960/3398 6875/6962/3400 6883/6963/3401 6882/6961/3399
f 6875/6962/3400 6876/6964/3402 6884/6965/3403 6883/6963/3401
f 6876/6964/3402 6877/6966/3404 6885/6967/3405 6884/6965/3403
f 6877/6966/3404 6878/6968/3406 6886/6969/3407 6885/6967/3405
f 6878/6968/3406 6871/6970/3392 6879/6971/3395 6886/6969/3407
f 6879/6957/3395 6880/6956/3394 6888/6972/3408 6887/6973/3409
f 6880/6956/3394 6881/6959/3397 6889/6974/3410 6888/6972/3408
f 6881/6959/3397 6882/6961/3399 6890/6975/3411 6889/6974/3410
f 6882/6961/3399 6883/6963/3401 6891/6976/3412 6890/6975/3411
f 6883/6963/3401 6884/6965/3403 6892/6977/3413 6891/6976/3412
f 6884/6965/3403 6885/6967/3405 6893/6978/3414 6892/6977/3413
f 6885/6967/3405 6886/6969/3407 6894/6979/3415 6893/6978/3414
f 6886/6969/3407 6879/6971/3395 6887/6980/3409 6894/6979/3415
f 6887/6973/3409 6888/6972/3408 6896/6981/3416 6895/6982/3417
f 6888/6972/3408 6889/6974/3410 6897/6983/3418 6896/6981/3416
f 6889/6974/3410 6890/6975/3411 6898/6984/3419 6897/6983/3418
f 6890/6975/3411 6891/6976/3412 6899/6985/3420 6898/6984/3419
f 6891/6976/3412 6892/6977/3413 6900/6986/3421 6899/6985/3420
f 6892/6977/3413 6893/6978/3414 6901/6987/3422 6900/6986/3421
f 6893/6978/3414 6894/6979/3415 6902/6988/3423 6901/6987/3422
f 6894/6979/3415 6887/6980/3409 6895/6989/3417 6902/6988/3423
f 6895/6982/3417 6896/6981/3416 6904/6990/3424 6903/6991/3425
f 6896/6981/3416 6897/6983/3418 6905/6992/3426 6904/6990/3424
f 6897/6983/3418 6898/6984/3419 6906/6993/3427 6905/6992/3426
f 6898/6984/3419 6899/6985/3420 6907/6994/3428 6906/6993/3427
f 6899/6985/3420 6900/6986/3421 6908/6995/3429 6907/6994/3428
f 6900/6986/3421 6901/6987/3422 6909/6996/3430 6908/6995/3429
f 6901/6987/3422 6902/6988/3423 6910/6997/3431 6909/6996/3430
f 6902/6988/3423 6895/6989/3417 6903/6998/3425 6910/6997/3431
f 6903/6991/3425 6904/6990/3424 6912/6999/3432 6911/7000/3433
f 6904/6990/3424 6905/6992/3426 6913/7001/3434 6912/6999/3432
f 6905/6992/3426 6906/6993/3427 6914/7002/3435 6913/7001/3434
f 6906/6993/3427 6907/6994/3428 6915/7003/3436 6914/7002/3435
f 6907/6994/3428 6908/6995/3429 6916/7004/3437 6915/7003/3436
f 6908/6995/3429 6909/6996/3430 6917/7005/3438 6916/7004/3437
f 6909/6996/3430 6910/6997/3431 6918/7006/3439 6917/7005/3438
f 6910/6997/3431 6903/6998/3425 6911/7007/3433 6918/7006/3439
f 6911/7000/3433 6912/6999/3432 6920/7008/3440 6919/7009/3441
f 6912/6999/3432 6913/7001/3434 6921/7010/3442 6920/7008/3440
f 6913/7001/3434 6914/7002/3435 6922/7011/3443 6921/7010/3442
f 6914/7002/3435 6915/7003/3436 6923/7012/3444 6922/7011/3443
f 6915/7003/3436 6916/7004/3437 6924/7013/3445 6923/7012/3444
f 6916/7004/3437 6917/7005/3438 6925/7014/3446 6924/7013/3445
f 6917/7005/3438 6918/7006/3439 6926/7015/3447 6925/7014/3446
f 6918/7006/3439 6911/7007/3433 6919/7016/3441 6926/7015/3447
f 6919/7009/3441 6920/7008/3440 6928/7017/3448 6927/7018/3449
f 6920/7008/3440 6921/7010/3442 6929/7019/3450 6928/7017/3448
f 6921/7010/3442 6922/7011/3443 6930/7020/3451 6929/7019/3450
f 6922/7011/3443 6923/7012/3444 6931/7021/3452 6930/7020/3451
f 6923/7012/3444 6924/7013/3445 6932/7022/3453 6931/7021/3452
f 6924/7013/3445 6925/7014/3446 6933/7023/3454 6932/7022/3453
f 6925/7014/3446 6926/7015/3447 6934/7024/3455 6933/7023/3454
f 6926/7015/3447 6919/7016/3441 6927/7025/3449 6934/7024/3455
f 6927/7018/3449 6928/7017/3448 6936/7026/3456 6935/7027/3457
f 6928/7017/3448 6929/7019/3450 6937/7028/3458 6936/7026/3456
f 6929/7019/3450 6930/7020/3451 6938/7029/3459 6937/7028/3458
f 6930/7020/3451 6931/7021/3452 6939/7030/3460 6938/7029/3459
f 6931/7021/3452 6932/7022/3453 6940/7031/3461 6939/7030/3460
f 6932/7022/3453 6933/7023/3454 6941/7032/3462 6940/7031/3461
f 6933/7023/3454 6934/7024/3455 6942/7033/3463 6941/7032/3462
f 6934/7024/3455 6927/7025/3449 6935/7034/3457 6942/7033/3463
f 6935/7027/3457 6936/7026/3456 6944/7035/3464 6943/7036/3465
f 6936/7026/3456 6937/7028/3458 6945/7037/3466 6944/7035/3464
f 6937/7028/3458 6938/7029/3459 6946/7038/3467 6945/7037/3466
f 6938/7029/3459 6939/7030/3460 6947/7039/3468 6946/7038/3467
f 6939/7030/3460 6940/7031/3461 6948/7040/3469 6947/7039/3468
f 6940/7031/3461 6941/7032/3462 6949/7041/3470 6948/7040/3469
f 6941/7032/3462 6942/7033/3463 6950/7042/3471 6949/7041/3470
f 6942/7033/3463 6935/7034/3457 6943/7043/3465 6950/7042/3471
f 6943/7036/3465 6944/7035/3464 6952/7044/3472 6951/7045/3473
f 6944/7035/3464 6945/7037/3466 6953/7046/3474 6952/7044/3472
f 6945/7037/3466 6946/7038/3467 6954/7047/3475 6953/7046/3474
f 6946/7038/3467 6947/7039/3468 6955/7048/3476 6954/7047/3475
f 6947/7039/3468 6948/7040/3469 6956/7049/3477 6955/7048/3476
f 6948/7040/3469 6949/7041/3470 6957/7050/3478 6956/7049/3477
f 6949/7041/3470 6950/7042/3471 6958/7051/3479 6957/7050/3478
f 6950/7042/3471 6943/7043/3465 6951/7052/3473 6958/7051/3479
f 6951/7045/3473 6952/7044/3472 6960/7053/3480 6959/7054/3481
f 6952/7044/3472 6953/7046/3474 6961/7055/3482 6960/7053/3480
f 6953/7046/3474 6954/7047/3475 6962/7056/3483 6961/7055/3482
f 6954/7047/3475 6955/7048/3476 6963/7057/3484 6962/7056/3483
f 6955/7048/3476 6956/7049/3477 6964/7058/3485 6963/7057/3484
f 6956/7049/3477 6957/7050/3478 6965/7059/3486 6964/7058/3485
f 6957/7050/3478 6958/7051/3479 6966/7060/3487 6965/7059/3486
f 6958/7051/3479 6951/7052/3473 6959/7061/3481 6966/7060/3487
f 6959/7054/3481 6960/7053/3480 6968/7062/3488 6967/7063/3489
f 6960/7053/3480 6961/7055/3482 6969/7064/3490 6968/7062/3488
f 6961/7055/3482 6962/7056/3483 6970/7065/3491 6969/7064/3490
f 6962/7056/3483 6963/7057/3484 6971/7066/3492 6970/7065/3491
f 6963/7057/3484 6964/7058/3485 6972/7067/3493 6971/7066/3492
f 6964/7058/3485 6965/7059/3486 6973/7068/3494 6972/7067/3493
f 6965/7059/3486 6966/7060/3487 6974/7069/3495 6973/7068/3494
f 6966/7060/3487 6959/7061/3481 6967/7070/3489 6974/7069/3495
f 6878/6968/3496 6877/6966/3496 6876/6964/3496 6875/6962/3496 6874/6960/3496 6873/6958/3496 6872/6955/3496 6871/6970/3496
f 6967/7070/3497 6968/7062/3497 6969/7064/3497 6970/7065/3497 6971/7066/3497 6972/7067/3497 6973/7068/3497 6974/7069/3497
o BézierCurve.013
v -0.160927 14.047525 -1.410869
v -0.226995 13.871162 -1.377063
v -0.393859 13.798111 -1.318483
v -0.563771 13.871162 -1.269444
v -0.637200 14.047525 -1.258672
v -0.571132 14.223888 -1.292478
v -0.404269 14.296940 -1.351059
v -0.234356 14.223888 -1.400098
v -0.250057 14.027216 -1.689695
v -0.323273 13.850769 -1.678843
v -0.493743 13.777676 -1.631845
v -0.661608 13.850751 -1.576231
v -0.728535 14.027190 -1.544580
v -0.655319 14.203636 -1.555432
v -0.484849 14.276730 -1.602430
v -0.316984 14.203654 -1.658044
v -0.314011 14.072053 -1.912586
v -0.401409 13.906301 -1.951306
v -0.578977 13.838558 -1.929117
v -0.742698 13.908509 -1.859017
v -0.796666 14.075177 -1.782069
v -0.709268 14.240930 -1.743348
v -0.531700 14.308672 -1.765537
v -0.367979 14.238721 -1.835638
v -0.356222 14.168920 -2.083487
v -0.456148 14.032415 -2.172890
v -0.639882 13.979071 -2.175652
v -0.799797 14.040135 -2.090153
v -0.842216 14.179839 -1.966479
v -0.742291 14.316343 -1.877075
v -0.558556 14.369688 -1.874314
v -0.398641 14.308623 -1.959812
v -0.379066 14.306294 -2.203556
v -0.486757 14.215846 -2.333300
v -0.674237 14.184717 -2.355519
v -0.831684 14.231144 -2.257199
v -0.866867 14.327929 -2.095934
v -0.759176 14.418378 -1.966191
v -0.571695 14.449507 -1.943971
v -0.414248 14.403080 -2.042291
v -0.384521 14.473462 -2.272895
v -0.494169 14.436921 -2.425387
v -0.682569 14.431140 -2.458303
v -0.839360 14.459503 -2.352360
v -0.872696 14.505397 -2.169620
v -0.763048 14.541938 -2.017128
v -0.574647 14.547719 -1.984212
v -0.417856 14.519356 -2.090154
v -0.374282 14.659220 -2.290421
v -0.481167 14.675843 -2.448253
v -0.668308 14.694286 -2.483602
v -0.826082 14.703744 -2.375761
v -0.862065 14.698677 -2.187901
v -0.755181 14.682054 -2.030069
v -0.568039 14.663610 -1.994720
v -0.410266 14.654153 -2.102562
v -0.350059 14.851455 -2.254740
v -0.450977 14.916337 -2.403795
v -0.635495 14.956000 -2.435285
v -0.795524 14.947210 -2.330763
v -0.837322 14.895116 -2.151456
v -0.736404 14.830234 -2.002401
v -0.551886 14.790570 -1.970912
v -0.391856 14.799360 -2.075434
v -0.313692 15.037521 -2.164694
v -0.406524 15.144164 -2.293617
v -0.587613 15.201538 -2.316568
v -0.750879 15.176035 -2.220103
v -0.800683 15.082594 -2.060729
v -0.707850 14.975951 -1.931806
v -0.526762 14.918577 -1.908854
v -0.363496 14.944080 -2.005320
v -0.267134 15.204574 -2.019426
v -0.350603 15.345027 -2.119011
v -0.527850 15.416273 -2.129926
v -0.695047 15.376575 -2.045777
v -0.754251 15.249188 -1.915858
v -0.670782 15.108735 -1.816272
v -0.493535 15.037489 -1.805357
v -0.326338 15.077187 -1.889506
v -0.212420 15.339700 -1.818375
v -0.286188 15.504296 -1.882235
v -0.459566 15.585170 -1.878903
v -0.630993 15.534945 -1.810332
v -0.700048 15.383044 -1.716688
v -0.626281 15.218448 -1.652828
v -0.452903 15.137574 -1.656160
v -0.281476 15.187799 -1.724732
v -0.151648 15.430049 -1.561262
v -0.216403 15.608253 -1.586991
v -0.386270 15.694427 -1.568805
v -0.561744 15.638091 -1.517358
v -0.640035 15.472247 -1.462785
v -0.575280 15.294044 -1.437056
v -0.405412 15.207870 -1.455242
v -0.229938 15.264205 -1.506690
v -0.087145 15.462882 -1.249047
v -0.147792 15.644241 -1.255558
v -0.316078 15.731631 -1.229969
v -0.493421 15.673860 -1.187269
v -0.575938 15.504769 -1.152471
v -0.515291 15.323410 -1.145960
v -0.347005 15.236020 -1.171549
v -0.169662 15.293792 -1.214249
vn 0.9522 0.0005 -0.3055
vn 0.6860 -0.7072 -0.1713
vn 0.6470 -0.7220 -0.2451
vn 0.9557 -0.0318 -0.2928
vn 0.0187 -0.9980 0.0600
vn -0.0221 -0.9979 -0.0617
vn -0.6585 -0.7072 0.2573
vn -0.6777 -0.7185 0.1562
vn -0.9529 -0.0006 0.3034
vn -0.9573 -0.0312 0.2874
vn -0.6876 0.7070 0.1654
vn -0.6826 0.6872 0.2487
vn -0.0223 0.9972 -0.0717
vn 0.0124 0.9984 0.0546
vn 0.6557 0.7069 -0.2652
vn 0.7021 0.6910 -0.1722
vn 0.5938 -0.6873 -0.4183
vn 0.9609 -0.0420 -0.2738
vn -0.0986 -0.9395 -0.3282
vn -0.7355 -0.6750 -0.0576
vn -0.9683 -0.0290 0.2481
vn -0.6390 0.6492 0.4126
vn 0.0894 0.9416 0.3245
vn 0.7642 0.6441 0.0341
vn 0.5475 -0.5836 -0.5997
vn 0.9643 -0.0544 -0.2592
vn -0.1662 -0.7807 -0.6024
vn -0.7878 -0.5508 -0.2757
vn -0.9779 -0.0103 0.2089
vn -0.5993 0.5498 0.5818
vn 0.1583 0.7822 0.6025
vn 0.8182 0.5209 0.2432
vn 0.5198 -0.4155 -0.7464
vn 0.9664 -0.0653 -0.2488
vn -0.2079 -0.5303 -0.8219
vn -0.8208 -0.3548 -0.4477
vn -0.9831 0.0214 0.1818
vn -0.5719 0.3929 0.7201
vn 0.2019 0.5277 0.8251
vn 0.8501 0.3308 0.4097
vn 0.5145 -0.2141 -0.8303
vn 0.9675 -0.0731 -0.2422
vn -0.2180 -0.2346 -0.9473
vn -0.8298 -0.1260 -0.5436
vn -0.9838 0.0546 0.1708
vn -0.5622 0.2051 0.8011
vn 0.2135 0.2298 0.9495
vn 0.8567 0.1119 0.5035
vn 0.5273 -0.0106 -0.8496
vn 0.9680 -0.0770 -0.2388
vn -0.2020 0.0603 -0.9775
vn -0.8191 0.0979 -0.5653
vn -0.9819 0.0807 0.1711
vn -0.5697 0.0141 0.8217
vn 0.1989 -0.0637 0.9779
vn 0.8445 -0.1011 0.5260
vn 0.5522 0.1787 -0.8144
vn 0.9685 -0.0766 -0.2369
vn -0.1680 0.3303 -0.9288
vn -0.7947 0.2989 -0.5283
vn -0.9795 0.0979 0.1760
vn -0.5903 -0.1653 0.7900
vn 0.1664 -0.3319 0.9285
vn 0.8203 -0.2924 0.4916
vn 0.5855 0.3464 -0.7329
vn 0.9696 -0.0721 -0.2339
vn -0.1218 0.5657 -0.8156
vn -0.7615 0.4709 -0.4454
vn -0.9774 0.1081 0.1817
vn -0.6206 -0.3256 0.7133
vn 0.1215 -0.5663 0.8152
vn 0.7885 -0.4563 0.4124
vn 0.6246 0.4850 -0.6121
vn 0.9716 -0.0655 -0.2274
vn -0.0683 0.7573 -0.6495
vn -0.7234 0.6087 -0.3258
vn -0.9759 0.1129 0.1866
vn -0.6570 -0.4590 0.5981
vn 0.0689 -0.7580 0.6486
vn 0.7520 -0.5879 0.2981
vn 0.6660 0.5854 -0.4624
vn 0.9744 -0.0598 -0.2168
vn -0.0128 0.8949 -0.4461
vn -0.6846 0.7060 -0.1812
vn -0.9752 0.1136 0.1897
vn -0.6952 -0.5568 0.4547
vn 0.0139 -0.8957 0.4445
vn 0.7141 -0.6814 0.1604
vn 0.7055 0.6412 -0.3017
vn 0.9774 -0.0575 -0.2036
vn 0.0386 0.9725 -0.2295
vn -0.6501 0.7593 -0.0285
vn -0.9754 0.1114 0.1901
vn -0.7314 -0.6134 0.2978
vn -0.0379 -0.9738 0.2241
vn 0.6787 -0.7343 0.0134
vn 0.7334 0.6427 -0.2215
vn 0.9774 -0.0838 -0.1939
vn 0.0611 0.9908 -0.1208
vn -0.6467 0.7610 0.0514
vn -0.9777 0.0835 0.1924
vn -0.7344 -0.6434 0.2163
vn -0.0629 -0.9917 0.1123
vn 0.6456 -0.7616 -0.0561
vn 0.3037 0.0684 0.9503
vn 0.2012 0.1023 0.9742
vt 0.000000 1.000000
vt 0.000000 0.875000
vt 0.297129 0.875000
vt 0.297129 1.000000
vt 0.000000 0.750000
vt 0.297129 0.750000
vt 0.000000 0.625000
vt 0.297129 0.625000
vt 0.000000 0.500000
vt 0.297129 0.500000
vt 0.000000 0.375000
vt 0.297129 0.375000
vt 0.000000 0.250000
vt 0.297129 0.250000
vt 0.000000 0.125000
vt 0.297129 0.125000
vt 0.000000 0.000000
vt 0.297129 0.000000
vt 0.541062 0.875000
vt 0.541062 1.000000
vt 0.541062 0.750000
vt 0.541062 0.625000
vt 0.541062 0.500000
vt 0.541062 0.375000
vt 0.541062 0.250000
vt 0.541062 0.125000
vt 0.541062 0.000000
vt 0.749965 0.875000
vt 0.749965 1.000000
vt 0.749965 0.750000
vt 0.749965 0.625000
vt 0.749965 0.500000
vt 0.749965 0.375000
vt 0.749965 0.250000
vt 0.749965 0.125000
vt 0.749965 0.000000
vt 0.941020 0.875000
vt 0.941020 1.000000
vt 0.941020 0.750000
vt 0.941020 0.625000
vt 0.941020 0.500000
vt 0.941020 0.375000
vt 0.941020 0.250000
vt 0.941020 0.125000
vt 0.941020 0.000000
vt 1.127673 0.875000
vt 1.127673 1.000000
vt 1.127673 0.750000
vt 1.127673 0.625000
vt 1.127673 0.500000
vt 1.127673 0.375000
vt 1.127673 0.250000
vt 1.127673 0.125000
vt 1.127673 0.000000
vt 1.318321 0.875000
vt 1.318321 1.000000
vt 1.318321 0.750000
vt 1.318321 0.625000
vt 1.318321 0.500000
vt 1.318321 0.375000
vt 1.318321 0.250000
vt 1.318321 0.125000
vt 1.318321 0.000000
vt 1.517487 0.875000
vt 1.517487 1.000000
vt 1.517487 0.750000
vt 1.517487 0.625000
vt 1.517487 0.500000
vt 1.517487 0.375000
vt 1.517487 0.250000
vt 1.517487 0.125000
vt 1.517487 0.000000
vt 1.728167 0.875000
vt 1.728167 1.000000
vt 1.728167 0.750000
vt 1.728167 0.625000
vt 1.728167 0.500000
vt 1.728167 0.375000
vt 1.728167 0.250000
vt 1.728167 0.125000
vt 1.728167 0.000000
vt 1.954081 0.875000
vt 1.954081 1.000000
vt 1.954081 0.750000
vt 1.954081 0.625000
vt 1.954081 0.500000
vt 1.954081 0.375000
vt 1.954081 0.250000
vt 1.954081 0.125000
vt 1.954081 0.000000
vt 2.201260 0.875000
vt 2.201260 1.000000
vt 2.201260 0.750000
vt 2.201260 0.625000
vt 2.201260 0.500000
vt 2.201260 0.375000
vt 2.201260 0.250000
vt 2.201260 0.125000
vt 2.201260 0.000000
vt 2.478733 0.875000
vt 2.478733 1.000000
vt 2.478733 0.750000
vt 2.478733 0.625000
vt 2.478733 0.500000
vt 2.478733 0.375000
vt 2.478733 0.250000
vt 2.478733 0.125000
vt 2.478733 0.000000
vt 2.798245 0.875000
vt 2.798245 1.000000
vt 2.798245 0.750000
vt 2.798245 0.625000
vt 2.798245 0.500000
vt 2.798245 0.375000
vt 2.798245 0.250000
vt 2.798245 0.125000
vt 2.798245 0.000000
s 1
f 6975/7071/3498 6976/7072/3499 6984/7073/3500 6983/7074/3501
f 6976/7072/3499 6977/7075/3502 6985/7076/3503 6984/7073/3500
f 6977/7075/3502 6978/7077/3504 6986/7078/3505 6985/7076/3503
f 6978/7077/3504 6979/7079/3506 6987/7080/3507 6986/7078/3505
f 6979/7079/3506 6980/7081/3508 6988/7082/3509 6987/7080/3507
f 6980/7081/3508 6981/7083/3510 6989/7084/3511 6988/7082/3509
f 6981/7083/3510 6982/7085/3512 6990/7086/3513 6989/7084/3511
f 6982/7085/3512 6975/7087/3498 6983/7088/3501 6990/7086/3513
f 6983/7074/3501 6984/7073/3500 6992/7089/3514 6991/7090/3515
f 6984/7073/3500 6985/7076/3503 6993/7091/3516 6992/7089/3514
f 6985/7076/3503 6986/7078/3505 6994/7092/3517 6993/7091/3516
f 6986/7078/3505 6987/7080/3507 6995/7093/3518 6994/7092/3517
f 6987/7080/3507 6988/7082/3509 6996/7094/3519 6995/7093/3518
f 6988/7082/3509 6989/7084/3511 6997/7095/3520 6996/7094/3519
f 6989/7084/3511 6990/7086/3513 6998/7096/3521 6997/7095/3520
f 6990/7086/3513 6983/7088/3501 6991/7097/3515 6998/7096/3521
f 6991/7090/3515 6992/7089/3514 7000/7098/3522 6999/7099/3523
f 6992/7089/3514 6993/7091/3516 7001/7100/3524 7000/7098/3522
f 6993/7091/3516 6994/7092/3517 7002/7101/3525 7001/7100/3524
f 6994/7092/3517 6995/7093/3518 7003/7102/3526 7002/7101/3525
f 6995/7093/3518 6996/7094/3519 7004/7103/3527 7003/7102/3526
f 6996/7094/3519 6997/7095/3520 7005/7104/3528 7004/7103/3527
f 6997/7095/3520 6998/7096/3521 7006/7105/3529 7005/7104/3528
f 6998/7096/3521 6991/7097/3515 6999/7106/3523 7006/7105/3529
f 6999/7099/3523 7000/7098/3522 7008/7107/3530 7007/7108/3531
f 7000/7098/3522 7001/7100/3524 7009/7109/3532 7008/7107/3530
f 7001/7100/3524 7002/7101/3525 7010/7110/3533 7009/7109/3532
f 7002/7101/3525 7003/7102/3526 7011/7111/3534 7010/7110/3533
f 7003/7102/3526 7004/7103/3527 7012/7112/3535 7011/7111/3534
f 7004/7103/3527 7005/7104/3528 7013/7113/3536 7012/7112/3535
f 7005/7104/3528 7006/7105/3529 7014/7114/3537 7013/7113/3536
f 7006/7105/3529 6999/7106/3523 7007/7115/3531 7014/7114/3537
f 7007/7108/3531 7008/7107/3530 7016/7116/3538 7015/7117/3539
f 7008/7107/3530 7009/7109/3532 7017/7118/3540 7016/7116/3538
f 7009/7109/3532 7010/7110/3533 7018/7119/3541 7017/7118/3540
f 7010/7110/3533 7011/7111/3534 7019/7120/3542 7018/7119/3541
f 7011/7111/3534 7012/7112/3535 7020/7121/3543 7019/7120/3542
f 7012/7112/3535 7013/7113/3536 7021/7122/3544 7020/7121/3543
f 7013/7113/3536 7014/7114/3537 7022/7123/3545 7021/7122/3544
f 7014/7114/3537 7007/7115/3531 7015/7124/3539 7022/7123/3545
f 7015/7117/3539 7016/7116/3538 7024/7125/3546 7023/7126/3547
f 7016/7116/3538 7017/7118/3540 7025/7127/3548 7024/7125/3546
f 7017/7118/3540 7018/7119/3541 7026/7128/3549 7025/7127/3548
f 7018/7119/3541 7019/7120/3542 7027/7129/3550 7026/7128/3549
f 7019/7120/3542 7020/7121/3543 7028/7130/3551 7027/7129/3550
f 7020/7121/3543 7021/7122/3544 7029/7131/3552 7028/7130/3551
f 7021/7122/3544 7022/7123/3545 7030/7132/3553 7029/7131/3552
f 7022/7123/3545 7015/7124/3539 7023/7133/3547 7030/7132/3553
f 7023/7126/3547 7024/7125/3546 7032/7134/3554 7031/7135/3555
f 7024/7125/3546 7025/7127/3548 7033/7136/3556 7032/7134/3554
f 7025/7127/3548 7026/7128/3549 7034/7137/3557 7033/7136/3556
f 7026/7128/3549 7027/7129/3550 7035/7138/3558 7034/7137/3557
f 7027/7129/3550 7028/7130/3551 7036/7139/3559 7035/7138/3558
f 7028/7130/3551 7029/7131/3552 7037/7140/3560 7036/7139/3559
f 7029/7131/3552 7030/7132/3553 7038/7141/3561 7037/7140/3560
f 7030/7132/3553 7023/7133/3547 7031/7142/3555 7038/7141/3561
f 7031/7135/3555 7032/7134/3554 7040/7143/3562 7039/7144/3563
f 7032/7134/3554 7033/7136/3556 7041/7145/3564 7040/7143/3562
f 7033/7136/3556 7034/7137/3557 7042/7146/3565 7041/7145/3564
f 7034/7137/3557 7035/7138/3558 7043/7147/3566 7042/7146/3565
f 7035/7138/3558 7036/7139/3559 7044/7148/3567 7043/7147/3566
f 7036/7139/3559 7037/7140/3560 7045/7149/3568 7044/7148/3567
f 7037/7140/3560 7038/7141/3561 7046/7150/3569 7045/7149/3568
f 7038/7141/3561 7031/7142/3555 7039/7151/3563 7046/7150/3569
f 7039/7144/3563 7040/7143/3562 7048/7152/3570 7047/7153/3571
f 7040/7143/3562 7041/7145/3564 7049/7154/3572 7048/7152/3570
f 7041/7145/3564 7042/7146/3565 7050/7155/3573 7049/7154/3572
f 7042/7146/3565 7043/7147/3566 7051/7156/3574 7050/7155/3573
f 7043/7147/3566 7044/7148/3567 7052/7157/3575 7051/7156/3574
f 7044/7148/3567 7045/7149/3568 7053/7158/3576 7052/7157/3575
f 7045/7149/3568 7046/7150/3569 7054/7159/3577 7053/7158/3576
f 7046/7150/3569 7039/7151/3563 7047/7160/3571 7054/7159/3577
f 7047/7153/3571 7048/7152/3570 7056/7161/3578 7055/7162/3579
f 7048/7152/3570 7049/7154/3572 7057/7163/3580 7056/7161/3578
f 7049/7154/3572 7050/7155/3573 7058/7164/3581 7057/7163/3580
f 7050/7155/3573 7051/7156/3574 7059/7165/3582 7058/7164/3581
f 7051/7156/3574 7052/7157/3575 7060/7166/3583 7059/7165/3582
f 7052/7157/3575 7053/7158/3576 7061/7167/3584 7060/7166/3583
f 7053/7158/3576 7054/7159/3577 7062/7168/3585 7061/7167/3584
f 7054/7159/3577 7047/7160/3571 7055/7169/3579 7062/7168/3585
f 7055/7162/3579 7056/7161/3578 7064/7170/3586 7063/7171/3587
f 7056/7161/3578 7057/7163/3580 7065/7172/3588 7064/7170/3586
f 7057/7163/3580 7058/7164/3581 7066/7173/3589 7065/7172/3588
f 7058/7164/3581 7059/7165/3582 7067/7174/3590 7066/7173/3589
f 7059/7165/3582 7060/7166/3583 7068/7175/3591 7067/7174/3590
f 7060/7166/3583 7061/7167/3584 7069/7176/3592 7068/7175/3591
f 7061/7167/3584 7062/7168/3585 7070/7177/3593 7069/7176/3592
f 7062/7168/3585 7055/7169/3579 7063/7178/3587 7070/7177/3593
f 7063/7171/3587 7064/7170/3586 7072/7179/3594 7071/7180/3595
f 7064/7170/3586 7065/7172/3588 7073/7181/3596 7072/7179/3594
f 7065/7172/3588 7066/7173/3589 7074/7182/3597 7073/7181/3596
f 7066/7173/3589 7067/7174/3590 7075/7183/3598 7074/7182/3597
f 7067/7174/3590 7068/7175/3591 7076/7184/3599 7075/7183/3598
f 7068/7175/3591 7069/7176/3592 7077/7185/3600 7076/7184/3599
f 7069/7176/3592 7070/7177/3593 7078/7186/3601 7077/7185/3600
f 7070/7177/3593 7063/7178/3587 7071/7187/3595 7078/7186/3601
f 6982/7085/3602 6981/7083/3602 6980/7081/3602 6979/7079/3602 6978/7077/3602 6977/7075/3602 6976/7072/3602 6975/7087/3602
f 7071/7187/3603 7072/7179/3603 7073/7181/3603 7074/7182/3603 7075/7183/3603 7076/7184/3603 7077/7185/3603 7078/7186/3603
o BézierCurve.014
v -1.153527 14.047525 0.828146
v -1.091807 13.871162 0.869360
v -0.959330 13.798111 0.986513
v -0.833698 13.871162 1.110978
v -0.788505 14.047525 1.169846
v -0.850224 14.223888 1.128632
v -0.982701 14.296940 1.011479
v -1.108333 14.223888 0.887014
v -1.353555 14.027216 1.041867
v -1.308395 13.850769 1.100509
v -1.184274 13.777676 1.226457
v -1.053899 13.850751 1.345930
v -0.993642 14.027190 1.388944
v -1.038802 14.203636 1.330301
v -1.162924 14.276730 1.204354
v -1.293299 14.203654 1.084880
v -1.517012 14.072053 1.206343
v -1.508226 13.906301 1.301529
v -1.402309 13.838558 1.445766
v -1.261304 13.908509 1.554560
v -1.167810 14.075177 1.564182
v -1.176596 14.240930 1.468995
v -1.282513 14.308672 1.324759
v -1.423518 14.238721 1.215965
v -1.645668 14.168920 1.326494
v -1.675033 14.032415 1.457322
v -1.587896 13.979071 1.619103
v -1.435301 14.040135 1.717069
v -1.306635 14.179839 1.693833
v -1.277270 14.316343 1.563006
v -1.364407 14.369688 1.401224
v -1.517003 14.308623 1.303258
v -1.739378 14.306294 1.404960
v -1.800183 14.215846 1.562229
v -1.728211 14.184717 1.736765
v -1.565623 14.231144 1.826327
v -1.407661 14.327929 1.778451
v -1.346856 14.418378 1.621182
v -1.418828 14.449507 1.446647
v -1.581416 14.403080 1.357085
v -1.797266 14.473462 1.443518
v -1.876981 14.436921 1.613583
v -1.813900 14.431140 1.794135
v -1.644976 14.459503 1.879410
v -1.469162 14.505397 1.819454
v -1.389447 14.541938 1.649389
v -1.452527 14.547719 1.468837
v -1.621451 14.519356 1.383562
v -1.817559 14.659220 1.443119
v -1.903284 14.675843 1.613374
v -1.842942 14.694286 1.794012
v -1.671880 14.703744 1.879219
v -1.490305 14.698677 1.819082
v -1.404581 14.682054 1.648827
v -1.464923 14.663610 1.468188
v -1.635985 14.654153 1.382981
v -1.798210 14.851455 1.404578
v -1.879178 14.916337 1.565345
v -1.816744 14.956000 1.741812
v -1.647481 14.947210 1.830606
v -1.470541 14.895116 1.779714
v -1.389573 14.830234 1.618947
v -1.452006 14.790570 1.442480
v -1.621269 14.799360 1.353685
v -1.737305 15.037521 1.328936
v -1.804636 15.144164 1.472831
v -1.736418 15.201538 1.642142
v -1.572613 15.176035 1.737689
v -1.409176 15.082594 1.703502
v -1.341846 14.975951 1.559607
v -1.410063 14.918577 1.390296
v -1.573868 14.944080 1.294749
v -1.633150 15.204574 1.217482
v -1.679426 15.345027 1.338901
v -1.602571 15.416273 1.498992
v -1.447605 15.376575 1.603974
v -1.305305 15.249188 1.592351
v -1.259029 15.108735 1.470931
v -1.335884 15.037489 1.310841
v -1.490850 15.077187 1.205858
v -1.484261 15.339700 1.071718
v -1.504070 15.504296 1.167256
v -1.416660 15.585170 1.317024
v -1.273234 15.534945 1.433292
v -1.157810 15.383044 1.447951
v -1.138000 15.218448 1.352414
v -1.225410 15.137574 1.202646
v -1.368836 15.187799 1.086378
v -1.289371 15.430049 0.893341
v -1.280277 15.608253 0.962424
v -1.181608 15.694427 1.101888
v -1.051162 15.638091 1.230036
v -0.965353 15.472247 1.271801
v -0.974447 15.294044 1.202718
v -1.073116 15.207870 1.063255
v -1.203562 15.264205 0.935106
v -1.048185 15.462882 0.684851
v -1.024312 15.644241 0.740982
v -0.919950 15.731631 0.875455
v -0.796231 15.673860 1.009499
v -0.725629 15.504769 1.064593
v -0.749501 15.323410 1.008462
v -0.853864 15.236020 0.873989
v -0.977583 15.293792 0.739945
vn -0.7309 0.0005 -0.6825
vn -0.4839 -0.7072 -0.5155
vn -0.5293 -0.7220 -0.4455
vn -0.7214 -0.0318 -0.6918
vn 0.0433 -0.9980 -0.0456
vn -0.0431 -0.9979 0.0494
vn 0.5456 -0.7072 0.4496
vn 0.4667 -0.7185 0.5156
vn 0.7293 -0.0006 0.6842
vn 0.7175 -0.0312 0.6958
vn 0.4795 0.7070 0.5198
vn 0.5498 0.6872 0.4749
vn -0.0517 0.9972 0.0544
vn 0.0416 0.9984 -0.0374
vn -0.5512 0.7069 -0.4433
vn -0.4925 0.6910 -0.5292
vn -0.6547 -0.6873 -0.3146
vn -0.7074 -0.0420 -0.7056
vn -0.2385 -0.9395 0.2461
vn 0.3082 -0.6750 0.6704
vn 0.6885 -0.0290 0.7246
vn 0.6717 0.6492 0.3569
vn 0.2398 0.9416 -0.2362
vn -0.3427 0.6441 -0.6839
vn -0.7905 -0.5836 -0.1858
vn -0.6963 -0.0544 -0.7157
vn -0.4450 -0.7807 0.4387
vn 0.1432 -0.5508 0.8223
vn 0.6590 -0.0103 0.7521
vn 0.8001 0.5498 0.2398
vn 0.4490 0.7822 -0.4319
vn -0.1864 0.5209 -0.8330
vn -0.9051 -0.4155 -0.0901
vn -0.6882 -0.0653 -0.7226
vn -0.6164 -0.5303 0.5821
vn 0.0091 -0.3548 0.9349
vn 0.6379 0.0214 0.7699
vn 0.9075 0.3929 0.1484
vn 0.6221 0.5277 -0.5784
vn -0.0566 0.3308 -0.9420
vn -0.9758 -0.2141 -0.0446
vn -0.6830 -0.0731 -0.7268
vn -0.7210 -0.2346 0.6521
vn -0.0702 -0.1260 0.9895
vn 0.6286 0.0546 0.7758
vn 0.9736 0.2051 0.1005
vn 0.7251 0.2298 -0.6492
vn 0.0221 0.1119 -0.9935
vn -0.9989 -0.0106 -0.0463
vn -0.6803 -0.0770 -0.7289
vn -0.7551 0.0603 0.6528
vn -0.0944 0.0979 0.9907
vn 0.6280 0.0807 0.7740
vn 0.9952 0.0141 0.0969
vn 0.7570 -0.0637 -0.6503
vn 0.0477 -0.1011 -0.9937
vn -0.9802 0.1787 -0.0852
vn -0.6789 -0.0766 -0.7302
vn -0.7292 0.3303 0.5993
vn -0.0740 0.2989 0.9514
vn 0.6311 0.0979 0.7695
vn 0.9776 -0.1653 0.1304
vn 0.7297 -0.3319 -0.5978
vn 0.0294 -0.2924 -0.9558
vn -0.9253 0.3464 -0.1541
vn -0.6768 -0.0721 -0.7327
vn -0.6528 0.5657 0.5039
vn -0.0178 0.4709 0.8820
vn 0.6351 0.1081 0.7649
vn 0.9253 -0.3256 0.1942
vn 0.6526 -0.5663 -0.5034
vn -0.0242 -0.4563 -0.8895
vn -0.8389 0.4850 -0.2471
vn -0.6721 -0.0655 -0.7376
vn -0.5338 0.7573 0.3762
vn 0.0681 0.6087 0.7905
vn 0.6386 0.1129 0.7612
vn 0.8424 -0.4590 0.2821
vn 0.5328 -0.7580 -0.3763
vn -0.1062 -0.5879 -0.8019
vn -0.7284 0.5854 -0.3561
vn -0.6642 -0.0598 -0.7452
vn -0.3833 0.8949 0.2286
vn 0.1754 0.7060 0.6861
vn 0.6410 0.1136 0.7591
vn 0.7358 -0.5568 0.3854
vn 0.3814 -0.8957 -0.2288
vn -0.2080 -0.6814 -0.7017
vn -0.6073 0.6412 -0.4690
vn -0.6541 -0.0575 -0.7542
vn -0.2193 0.9725 0.0781
vn 0.2920 0.7593 0.5815
vn 0.6414 0.1114 0.7591
vn 0.6165 -0.6134 0.4935
vn 0.2141 -0.9738 -0.0762
vn -0.3191 -0.7343 -0.5992
vn -0.5509 0.6427 -0.5324
vn -0.6457 -0.0838 -0.7590
vn -0.1353 0.9908 0.0055
vn 0.3601 0.7610 0.5397
vn 0.6446 0.0835 0.7600
vn 0.5468 -0.6434 0.5358
vn 0.1287 -0.9917 0.0002
vn -0.3636 -0.7616 -0.5364
vn 0.6818 0.0684 -0.7283
vn 0.7526 0.1023 -0.6505
vt 0.000000 1.000000
vt 0.000000 0.875000
vt 0.297129 0.875000
vt 0.297129 1.000000
vt 0.000000 0.750000
vt 0.297129 0.750000
vt 0.000000 0.625000
vt 0.297129 0.625000
vt 0.000000 0.500000
vt 0.297129 0.500000
vt 0.000000 0.375000
vt 0.297129 0.375000
vt 0.000000 0.250000
vt 0.297129 0.250000
vt 0.000000 0.125000
vt 0.297129 0.125000
vt 0.000000 0.000000
vt 0.297129 0.000000
vt 0.541062 0.875000
vt 0.541062 1.000000
vt 0.541062 0.750000
vt 0.541062 0.625000
vt 0.541062 0.500000
vt 0.541062 0.375000
vt 0.541062 0.250000
vt 0.541062 0.125000
vt 0.541062 0.000000
vt 0.749965 0.875000
vt 0.749965 1.000000
vt 0.749965 0.750000
vt 0.749965 0.625000
vt 0.749965 0.500000
vt 0.749965 0.375000
vt 0.749965 0.250000
vt 0.749965 0.125000
vt 0.749965 0.000000
vt 0.941020 0.875000
vt 0.941020 1.000000
vt 0.941020 0.750000
vt 0.941020 0.625000
vt 0.941020 0.500000
vt 0.941020 0.375000
vt 0.941020 0.250000
vt 0.941020 0.125000
vt 0.941020 0.000000
vt 1.127673 0.875000
vt 1.127673 1.000000
vt 1.127673 0.750000
vt 1.127673 0.625000
vt 1.127673 0.500000
vt 1.127673 0.375000
vt 1.127673 0.250000
vt 1.127673 0.125000
vt 1.127673 0.000000
vt 1.318321 0.875000
vt 1.318321 1.000000
vt 1.318321 0.750000
vt 1.318321 0.625000
vt 1.318321 0.500000
vt 1.318321 0.375000
vt 1.318321 0.250000
vt 1.318321 0.125000
vt 1.318321 0.000000
vt 1.517487 0.875000
vt 1.517487 1.000000
vt 1.517487 0.750000
vt 1.517487 0.625000
vt 1.517487 0.500000
vt 1.517487 0.375000
vt 1.517487 0.250000
vt 1.517487 0.125000
vt 1.517487 0.000000
vt 1.728167 0.875000
vt 1.728167 1.000000
vt 1.728167 0.750000
vt 1.728167 0.625000
vt 1.728167 0.500000
vt 1.728167 0.375000
vt 1.728167 0.250000
vt 1.728167 0.125000
vt 1.728167 0.000000
vt 1.954081 0.875000
vt 1.954081 1.000000
vt 1.954081 0.750000
vt 1.954081 0.625000
vt 1.954081 0.500000
vt 1.954081 0.375000
vt 1.954081 0.250000
vt 1.954081 0.125000
vt 1.954081 0.000000
vt 2.201260 0.875000
vt 2.201260 1.000000
vt 2.201260 0.750000
vt 2.201260 0.625000
vt 2.201260 0.500000
vt 2.201260 0.375000
vt 2.201260 0.250000
vt 2.201260 0.125000
vt 2.201260 0.000000
vt 2.478733 0.875000
vt 2.478733 1.000000
vt 2.478733 0.750000
vt 2.478733 0.625000
vt 2.478733 0.500000
vt 2.478733 0.375000
vt 2.478733 0.250000
vt 2.478733 0.125000
vt 2.478733 0.000000
vt 2.798245 0.875000
vt 2.798245 1.000000
vt 2.798245 0.750000
vt 2.798245 0.625000
vt 2.798245 0.500000
vt 2.798245 0.375000
vt 2.798245 0.250000
vt 2.798245 0.125000
vt 2.798245 0.000000
s 1
f 7079/7188/3604 7080/7189/3605 7088/7190/3606 7087/7191/3607
f 7080/7189/3605 7081/7192/3608 7089/7193/3609 7088/7190/3606
f 7081/7192/3608 7082/7194/3610 7090/7195/3611 7089/7193/3609
f 7082/7194/3610 7083/7196/3612 7091/7197/3613 7090/7195/3611
f 7083/7196/3612 7084/7198/3614 7092/7199/3615 7091/7197/3613
f 7084/7198/3614 7085/7200/3616 7093/7201/3617 7092/7199/3615
f 7085/7200/3616 7086/7202/3618 7094/7203/3619 7093/7201/3617
f 7086/7202/3618 7079/7204/3604 7087/7205/3607 7094/7203/3619
f 7087/7191/3607 7088/7190/3606 7096/7206/3620 7095/7207/3621
f 7088/7190/3606 7089/7193/3609 7097/7208/3622 7096/7206/3620
f 7089/7193/3609 7090/7195/3611 7098/7209/3623 7097/7208/3622
f 7090/7195/3611 7091/7197/3613 7099/7210/3624 7098/7209/3623
f 7091/7197/3613 7092/7199/3615 7100/7211/3625 7099/7210/3624
f 7092/7199/3615 7093/7201/3617 7101/7212/3626 7100/7211/3625
f 7093/7201/3617 7094/7203/3619 7102/7213/3627 7101/7212/3626
f 7094/7203/3619 7087/7205/3607 7095/7214/3621 7102/7213/3627
f 7095/7207/3621 7096/7206/3620 7104/7215/3628 7103/7216/3629
f 7096/7206/3620 7097/7208/3622 7105/7217/3630 7104/7215/3628
f 7097/7208/3622 7098/7209/3623 7106/7218/3631 7105/7217/3630
f 7098/7209/3623 7099/7210/3624 7107/7219/3632 7106/7218/3631
f 7099/7210/3624 7100/7211/3625 7108/7220/3633 7107/7219/3632
f 7100/7211/3625 7101/7212/3626 7109/7221/3634 7108/7220/3633
f 7101/7212/3626 7102/7213/3627 7110/7222/3635 7109/7221/3634
f 7102/7213/3627 7095/7214/3621 7103/7223/3629 7110/7222/3635
f 7103/7216/3629 7104/7215/3628 7112/7224/3636 7111/7225/3637
f 7104/7215/3628 7105/7217/3630 7113/7226/3638 7112/7224/3636
f 7105/7217/3630 7106/7218/3631 7114/7227/3639 7113/7226/3638
f 7106/7218/3631 7107/7219/3632 7115/7228/3640 7114/7227/3639
f 7107/7219/3632 7108/7220/3633 7116/7229/3641 7115/7228/3640
f 7108/7220/3633 7109/7221/3634 7117/7230/3642 7116/7229/3641
f 7109/7221/3634 7110/7222/3635 7118/7231/3643 7117/7230/3642
f 7110/7222/3635 7103/7223/3629 7111/7232/3637 7118/7231/3643
f 7111/7225/3637 7112/7224/3636 7120/7233/3644 7119/7234/3645
f 7112/7224/3636 7113/7226/3638 7121/7235/3646 7120/7233/3644
f 7113/7226/3638 7114/7227/3639 7122/7236/3647 7121/7235/3646
f 7114/7227/3639 7115/7228/3640 7123/7237/3648 7122/7236/3647
f 7115/7228/3640 7116/7229/3641 7124/7238/3649 7123/7237/3648
f 7116/7229/3641 7117/7230/3642 7125/7239/3650 7124/7238/3649
f 7117/7230/3642 7118/7231/3643 7126/7240/3651 7125/7239/3650
f 7118/7231/3643 7111/7232/3637 7119/7241/3645 7126/7240/3651
f 7119/7234/3645 7120/7233/3644 7128/7242/3652 7127/7243/3653
f 7120/7233/3644 7121/7235/3646 7129/7244/3654 7128/7242/3652
f 7121/7235/3646 7122/7236/3647 7130/7245/3655 7129/7244/3654
f 7122/7236/3647 7123/7237/3648 7131/7246/3656 7130/7245/3655
f 7123/7237/3648 7124/7238/3649 7132/7247/3657 7131/7246/3656
f 7124/7238/3649 7125/7239/3650 7133/7248/3658 7132/7247/3657
f 7125/7239/3650 7126/7240/3651 7134/7249/3659 7133/7248/3658
f 7126/7240/3651 7119/7241/3645 7127/7250/3653 7134/7249/3659
f 7127/7243/3653 7128/7242/3652 7136/7251/3660 7135/7252/3661
f 7128/7242/3652 7129/7244/3654 7137/7253/3662 7136/7251/3660
f 7129/7244/3654 7130/7245/3655 7138/7254/3663 7137/7253/3662
f 7130/7245/3655 7131/7246/3656 7139/7255/3664 7138/7254/3663
f 7131/7246/3656 7132/7247/3657 7140/7256/3665 7139/7255/3664
f 7132/7247/3657 7133/7248/3658 7141/7257/3666 7140/7256/3665
f 7133/7248/3658 7134/7249/3659 7142/7258/3667 7141/7257/3666
f 7134/7249/3659 7127/7250/3653 7135/7259/3661 7142/7258/3667
f 7135/7252/3661 7136/7251/3660 7144/7260/3668 7143/7261/3669
f 7136/7251/3660 7137/7253/3662 7145/7262/3670 7144/7260/3668
f 7137/7253/3662 7138/7254/3663 7146/7263/3671 7145/7262/3670
f 7138/7254/3663 7139/7255/3664 7147/7264/3672 7146/7263/3671
f 7139/7255/3664 7140/7256/3665 7148/7265/3673 7147/7264/3672
f 7140/7256/3665 7141/7257/3666 7149/7266/3674 7148/7265/3673
f 7141/7257/3666 7142/7258/3667 7150/7267/3675 7149/7266/3674
f 7142/7258/3667 7135/7259/3661 7143/7268/3669 7150/7267/3675
f 7143/7261/3669 7144/7260/3668 7152/7269/3676 7151/7270/3677
f 7144/7260/3668 7145/7262/3670 7153/7271/3678 7152/7269/3676
f 7145/7262/3670 7146/7263/3671 7154/7272/3679 7153/7271/3678
f 7146/7263/3671 7147/7264/3672 7155/7273/3680 7154/7272/3679
f 7147/7264/3672 7148/7265/3673 7156/7274/3681 7155/7273/3680
f 7148/7265/3673 7149/7266/3674 7157/7275/3682 7156/7274/3681
f 7149/7266/3674 7150/7267/3675 7158/7276/3683 7157/7275/3682
f 7150/7267/3675 7143/7268/3669 7151/7277/3677 7158/7276/3683
f 7151/7270/3677 7152/7269/3676 7160/7278/3684 7159/7279/3685
f 7152/7269/3676 7153/7271/3678 7161/7280/3686 7160/7278/3684
f 7153/7271/3678 7154/7272/3679 7162/7281/3687 7161/7280/3686
f 7154/7272/3679 7155/7273/3680 7163/7282/3688 7162/7281/3687
f 7155/7273/3680 7156/7274/3681 7164/7283/3689 7163/7282/3688
f 7156/7274/3681 7157/7275/3682 7165/7284/3690 7164/7283/3689
f 7157/7275/3682 7158/7276/3683 7166/7285/3691 7165/7284/3690
f 7158/7276/3683 7151/7277/3677 7159/7286/3685 7166/7285/3691
f 7159/7279/3685 7160/7278/3684 7168/7287/3692 7167/7288/3693
f 7160/7278/3684 7161/7280/3686 7169/7289/3694 7168/7287/3692
f 7161/7280/3686 7162/7281/3687 7170/7290/3695 7169/7289/3694
f 7162/7281/3687 7163/7282/3688 7171/7291/3696 7170/7290/3695
f 7163/7282/3688 7164/7283/3689 7172/7292/3697 7171/7291/3696
f 7164/7283/3689 7165/7284/3690 7173/7293/3698 7172/7292/3697
f 7165/7284/3690 7166/7285/3691 7174/7294/3699 7173/7293/3698
f 7166/7285/3691 7159/7286/3685 7167/7295/3693 7174/7294/3699
f 7167/7288/3693 7168/7287/3692 7176/7296/3700 7175/7297/3701
f 7168/7287/3692 7169/7289/3694 7177/7298/3702 7176/7296/3700
f 7169/7289/3694 7170/7290/3695 7178/7299/3703 7177/7298/3702
f 7170/7290/3695 7171/7291/3696 7179/7300/3704 7178/7299/3703
f 7171/7291/3696 7172/7292/3697 7180/7301/3705 7179/7300/3704
f 7172/7292/3697 7173/7293/3698 7181/7302/3706 7180/7301/3705
f 7173/7293/3698 7174/7294/3699 7182/7303/3707 7181/7302/3706
f 7174/7294/3699 7167/7295/3693 7175/7304/3701 7182/7303/3707
f 7086/7202/3708 7085/7200/3708 7084/7198/3708 7083/7196/3708 7082/7194/3708 7081/7192/3708 7080/7189/3708 7079/7204/3708
f 7175/7304/3709 7176/7296/3709 7177/7298/3709 7178/7299/3709 7179/7300/3709 7180/7301/3709 7181/7302/3709 7182/7303/3709
o BézierCurve.015
v -1.297267 14.047525 -0.577537
v -1.301678 13.871162 -0.503453
v -1.335910 13.798111 -0.329950
v -1.379910 13.871162 -0.158664
v -1.407904 14.047525 -0.089931
v -1.403493 14.223888 -0.164015
v -1.369261 14.296940 -0.337517
v -1.325260 14.223888 -0.508804
v -1.582742 14.027216 -0.642282
v -1.610558 13.850769 -0.573692
v -1.656600 13.777676 -0.402961
v -1.693896 13.850751 -0.230101
v -1.700599 14.027190 -0.156371
v -1.672783 14.203636 -0.224962
v -1.626741 14.276730 -0.395693
v -1.589445 14.203654 -0.568553
v -1.807244 14.072053 -0.700325
v -1.884970 13.906301 -0.644680
v -1.955990 13.838558 -0.480428
v -1.978701 13.908509 -0.303785
v -1.939800 14.075177 -0.218226
v -1.862074 14.240930 -0.273871
v -1.791054 14.308672 -0.438124
v -1.768343 14.238721 -0.614767
v -1.975917 14.168920 -0.750710
v -2.103669 14.032415 -0.710000
v -2.199316 13.979071 -0.553099
v -2.206828 14.040135 -0.371919
v -2.121806 14.179839 -0.272592
v -1.994053 14.316343 -0.313302
v -1.898407 14.369688 -0.470203
v -1.890894 14.308623 -0.651383
v -2.090962 14.306294 -0.791978
v -2.257412 14.215846 -0.765054
v -2.371726 14.184717 -0.614804
v -2.366939 14.231144 -0.429242
v -2.245855 14.327929 -0.317068
v -2.079405 14.418378 -0.343992
v -1.965091 14.449507 -0.494242
v -1.969879 14.403080 -0.679804
v -2.153472 14.473462 -0.822476
v -2.340516 14.436921 -0.805414
v -2.464511 14.431140 -0.659801
v -2.452824 14.459503 -0.470934
v -2.312300 14.505397 -0.349450
v -2.125257 14.541938 -0.366512
v -2.001261 14.547719 -0.512125
v -2.012948 14.519356 -0.700992
v -2.163374 14.659220 -0.840195
v -2.353616 14.675843 -0.828224
v -2.479069 14.694286 -0.684930
v -2.466245 14.703744 -0.494253
v -2.322655 14.698677 -0.367889
v -2.132413 14.682054 -0.379860
v -2.006960 14.663610 -0.523153
v -2.019785 14.654153 -0.713830
v -2.120337 14.851455 -0.842953
v -2.299988 14.916337 -0.831667
v -2.420784 14.956000 -0.688675
v -2.411964 14.947210 -0.497739
v -2.278695 14.895116 -0.370707
v -2.099043 14.830234 -0.381992
v -1.978247 14.790570 -0.524984
v -1.987067 14.799360 -0.715921
v -2.024293 15.037521 -0.828575
v -2.182495 15.144164 -0.814037
v -2.294194 15.201538 -0.669666
v -2.293959 15.176035 -0.480031
v -2.181927 15.082594 -0.356219
v -2.023725 14.975951 -0.370758
v -1.912026 14.918577 -0.515129
v -1.912261 14.944080 -0.704764
v -1.875500 15.204574 -0.794948
v -2.003671 15.345027 -0.773584
v -2.103050 15.416273 -0.626413
v -2.115422 15.376575 -0.439644
v -2.033539 15.249188 -0.322684
v -1.905367 15.108735 -0.344047
v -1.805988 15.037489 -0.491219
v -1.793617 15.077187 -0.677988
v -1.674505 15.339700 -0.740030
v -1.766971 15.504296 -0.708890
v -1.852111 15.585170 -0.557820
v -1.880051 15.534945 -0.375314
v -1.834424 15.383044 -0.268281
v -1.741958 15.218448 -0.299421
v -1.656818 15.137574 -0.450492
v -1.628878 15.187799 -0.632998
v -1.422132 15.430049 -0.661874
v -1.477170 15.608253 -0.619143
v -1.547730 15.694427 -0.463557
v -1.592479 15.638091 -0.286257
v -1.585202 15.472247 -0.191101
v -1.530164 15.294044 -0.233832
v -1.459604 15.207870 -0.389418
v -1.414855 15.264205 -0.566719
v -1.120390 15.462882 -0.558962
v -1.156786 15.644241 -0.510014
v -1.220165 15.731631 -0.352034
v -1.273399 15.673860 -0.177562
v -1.285305 15.504769 -0.088803
v -1.248909 15.323410 -0.137751
v -1.185531 15.236020 -0.295731
v -1.132297 15.293792 -0.470203
vn 0.2201 0.0005 -0.9755
vn 0.2007 -0.7072 -0.6780
vn 0.1172 -0.7220 -0.6818
vn 0.2329 -0.0318 -0.9720
vn 0.0612 -0.9980 0.0144
vn -0.0644 -0.9979 -0.0123
vn -0.1126 -0.7072 0.6980
vn -0.2094 -0.7185 0.6632
vn -0.2223 -0.0006 0.9750
vn -0.2383 -0.0312 0.9707
vn -0.2066 0.7070 0.6764
vn -0.1323 0.6872 0.7144
vn -0.0731 0.9972 -0.0172
vn 0.0533 0.9984 0.0170
vn 0.1043 0.7069 -0.6996
vn 0.2081 0.6910 -0.6923
vn -0.0590 -0.6873 -0.7240
vn 0.2518 -0.0420 -0.9669
vn -0.3328 -0.9395 -0.0816
vn -0.4230 -0.6750 0.6045
vn -0.2778 -0.0290 0.9602
vn 0.0311 0.6492 0.7600
vn 0.3250 0.9416 0.0877
vn 0.4173 0.6441 -0.6411
vn -0.2388 -0.5836 -0.7761
vn 0.2662 -0.0544 -0.9624
vn -0.6034 -0.7807 -0.1626
vn -0.6375 -0.5508 0.5388
vn -0.3164 -0.0103 0.9486
vn 0.1970 0.5498 0.8117
vn 0.5995 0.7822 0.1695
vn 0.6249 0.5209 -0.5815
vn -0.3792 -0.4155 -0.8268
vn 0.2762 -0.0653 -0.9589
vn -0.8137 -0.5303 -0.2381
vn -0.8024 -0.3548 0.4799
vn -0.3424 0.0214 0.9393
vn 0.3302 0.3929 0.8583
vn 0.8134 0.5277 0.2449
vn 0.7845 0.3308 -0.5244
vn -0.4542 -0.2141 -0.8648
vn 0.2825 -0.0731 -0.9565
vn -0.9269 -0.2346 -0.2931
vn -0.8896 -0.1260 0.4390
vn -0.3522 0.0546 0.9343
vn 0.4048 0.2051 0.8911
vn 0.9265 0.2298 0.2981
vn 0.8687 0.1119 -0.4825
vn -0.4644 -0.0106 -0.8856
vn 0.2856 -0.0770 -0.9552
vn -0.9448 0.0603 -0.3222
vn -0.9028 0.0979 0.4187
vn -0.3510 0.0807 0.9329
vn 0.4188 0.0141 0.9080
vn 0.9435 -0.0637 0.3250
vn 0.8818 -0.1011 -0.4606
vn -0.4214 0.1787 -0.8891
vn 0.2875 -0.0766 -0.9547
vn -0.8855 0.3303 -0.3268
vn -0.8586 0.2989 0.4165
vn -0.3456 0.0979 0.9333
vn 0.3810 -0.1653 0.9097
vn 0.8845 -0.3319 0.3280
vn 0.8399 -0.2924 -0.4572
vn -0.3342 0.3464 -0.8765
vn 0.2907 -0.0721 -0.9541
vn -0.7645 0.5657 -0.3090
vn -0.7703 0.4709 0.4300
vn -0.3396 0.1081 0.9344
vn 0.2996 -0.3256 0.8968
vn 0.7640 -0.5663 0.3091
vn 0.7556 -0.4563 -0.4700
vn -0.2103 0.4850 -0.8488
vn 0.2973 -0.0655 -0.9525
vn -0.5943 0.7573 -0.2708
vn -0.6479 0.6087 0.4579
vn -0.3346 0.1129 0.9356
vn 0.1818 -0.4590 0.8696
vn 0.5938 -0.7580 0.2699
vn 0.6386 -0.5879 -0.4966
vn -0.0604 0.5854 -0.8085
vn 0.3079 -0.0598 -0.9496
vn -0.3909 0.8949 -0.2155
vn -0.5036 0.7060 0.4979
vn -0.3316 0.1136 0.9366
vn 0.0388 -0.5568 0.8297
vn 0.3901 -0.8957 0.2137
vn 0.5006 -0.6814 -0.5338
vn 0.0982 0.6412 -0.7610
vn 0.3207 -0.0575 -0.9454
vn -0.1782 0.9725 -0.1498
vn -0.3545 0.7593 0.5457
vn -0.3314 0.1114 0.9369
vn -0.1147 -0.6134 0.7814
vn 0.1739 -0.9738 0.1464
vn 0.3561 -0.7343 -0.5779
vn 0.1814 0.6427 -0.7443
vn 0.3291 -0.0838 -0.9406
vn -0.0730 0.9908 -0.1140
vn -0.2840 0.7610 0.5833
vn -0.3305 0.0835 0.9401
vn -0.1864 -0.6434 0.7425
vn 0.0648 -0.9917 0.1112
vn 0.2794 -0.7616 -0.5847
vn 0.9729 0.0684 0.2208
vn 0.9415 0.1023 0.3211
vt 0.000000 1.000000
vt 0.000000 0.875000
vt 0.297129 0.875000
vt 0.297129 1.000000
vt 0.000000 0.750000
vt 0.297129 0.750000
vt 0.000000 0.625000
vt 0.297129 0.625000
vt 0.000000 0.500000
vt 0.297129 0.500000
vt 0.000000 0.375000
vt 0.297129 0.375000
vt 0.000000 0.250000
vt 0.297129 0.250000
vt 0.000000 0.125000
vt 0.297129 0.125000
vt 0.000000 0.000000
vt 0.297129 0.000000
vt 0.541062 0.875000
vt 0.541062 1.000000
vt 0.541062 0.750000
vt 0.541062 0.625000
vt 0.541062 0.500000
vt 0.541062 0.375000
vt 0.541062 0.250000
vt 0.541062 0.125000
vt 0.541062 0.000000
vt 0.749965 0.875000
vt 0.749965 1.000000
vt 0.749965 0.750000
vt 0.749965 0.625000
vt 0.749965 0.500000
vt 0.749965 0.375000
vt 0.749965 0.250000
vt 0.749965 0.125000
vt 0.749965 0.000000
vt 0.941020 0.875000
vt 0.941020 1.000000
vt 0.941020 0.750000
vt 0.941020 0.625000
vt 0.941020 0.500000
vt 0.941020 0.375000
vt 0.941020 0.250000
vt 0.941020 0.125000
vt 0.941020 0.000000
vt 1.127673 0.875000
vt 1.127673 1.000000
vt 1.127673 0.750000
vt 1.127673 0.625000
vt 1.127673 0.500000
vt 1.127673 0.375000
vt 1.127673 0.250000
vt 1.127673 0.125000
vt 1.127673 0.000000
vt 1.318321 0.875000
vt 1.318321 1.000000
vt 1.318321 0.750000
vt 1.318321 0.625000
vt 1.318321 0.500000
vt 1.318321 0.375000
vt 1.318321 0.250000
vt 1.318321 0.125000
vt 1.318321 0.000000
vt 1.517487 0.875000
vt 1.517487 1.000000
vt 1.517487 0.750000
vt 1.517487 0.625000
vt 1.517487 0.500000
vt 1.517487 0.375000
vt 1.517487 0.250000
vt 1.517487 0.125000
vt 1.517487 0.000000
vt 1.728167 0.875000
vt 1.728167 1.000000
vt 1.728167 0.750000
vt 1.728167 0.625000
vt 1.728167 0.500000
vt 1.728167 0.375000
vt 1.728167 0.250000
vt 1.728167 0.125000
vt 1.728167 0.000000
vt 1.954081 0.875000
vt 1.954081 1.000000
vt 1.954081 0.750000
vt 1.954081 0.625000
vt 1.954081 0.500000
vt 1.954081 0.375000
vt 1.954081 0.250000
vt 1.954081 0.125000
vt 1.954081 0.000000
vt 2.201260 0.875000
vt 2.201260 1.000000
vt 2.201260 0.750000
vt 2.201260 0.625000
vt 2.201260 0.500000
vt 2.201260 0.375000
vt 2.201260 0.250000
vt 2.201260 0.125000
vt 2.201260 0.000000
vt 2.478733 0.875000
vt 2.478733 1.000000
vt 2.478733 0.750000
vt 2.478733 0.625000
vt 2.478733 0.500000
vt 2.478733 0.375000
vt 2.478733 0.250000
vt 2.478733 0.125000
vt 2.478733 0.000000
vt 2.798245 0.875000
vt 2.798245 1.000000
vt 2.798245 0.750000
vt 2.798245 0.625000
vt 2.798245 0.500000
vt 2.798245 0.375000
vt 2.798245 0.250000
vt 2.798245 0.125000
vt 2.798245 0.000000
s 1
f 7183/7305/3710 7184/7306/3711 7192/7307/3712 7191/7308/3713
f 7184/7306/3711 7185/7309/3714 7193/7310/3715 7192/7307/3712
f 7185/7309/3714 7186/7311/3716 7194/7312/3717 7193/7310/3715
f 7186/7311/3716 7187/7313/3718 7195/7314/3719 7194/7312/3717
f 7187/7313/3718 7188/7315/3720 7196/7316/3721 7195/7314/3719
f 7188/7315/3720 7189/7317/3722 7197/7318/3723 7196/7316/3721
f 7189/7317/3722 7190/7319/3724 7198/7320/3725 7197/7318/3723
f 7190/7319/3724 7183/7321/3710 7191/7322/3713 7198/7320/3725
f 7191/7308/3713 7192/7307/3712 7200/7323/3726 7199/7324/3727
f 7192/7307/3712 7193/7310/3715 7201/7325/3728 7200/7323/3726
f 7193/7310/3715 7194/7312/3717 7202/7326/3729 7201/7325/3728
f 7194/7312/3717 7195/7314/3719 7203/7327/3730 7202/7326/3729
f 7195/7314/3719 7196/7316/3721 7204/7328/3731 7203/7327/3730
f 7196/7316/3721 7197/7318/3723 7205/7329/3732 7204/7328/3731
f 7197/7318/3723 7198/7320/3725 7206/7330/3733 7205/7329/3732
f 7198/7320/3725 7191/7322/3713 7199/7331/3727 7206/7330/3733
f 7199/7324/3727 7200/7323/3726 7208/7332/3734 7207/7333/3735
f 7200/7323/3726 7201/7325/3728 7209/7334/3736 7208/7332/3734
f 7201/7325/3728 7202/7326/3729 7210/7335/3737 7209/7334/3736
f 7202/7326/3729 7203/7327/3730 7211/7336/3738 7210/7335/3737
f 7203/7327/3730 7204/7328/3731 7212/7337/3739 7211/7336/3738
f 7204/7328/3731 7205/7329/3732 7213/7338/3740 7212/7337/3739
f 7205/7329/3732 7206/7330/3733 7214/7339/3741 7213/7338/3740
f 7206/7330/3733 7199/7331/3727 7207/7340/3735 7214/7339/3741
f 7207/7333/3735 7208/7332/3734 7216/7341/3742 7215/7342/3743
f 7208/7332/3734 7209/7334/3736 7217/7343/3744 7216/7341/3742
f 7209/7334/3736 7210/7335/3737 7218/7344/3745 7217/7343/3744
f 7210/7335/3737 7211/7336/3738 7219/7345/3746 7218/7344/3745
f 7211/7336/3738 7212/7337/3739 7220/7346/3747 7219/7345/3746
f 7212/7337/3739 7213/7338/3740 7221/7347/3748 7220/7346/3747
f 7213/7338/3740 7214/7339/3741 7222/7348/3749 7221/7347/3748
f 7214/7339/3741 7207/7340/3735 7215/7349/3743 7222/7348/3749
f 7215/7342/3743 7216/7341/3742 7224/7350/3750 7223/7351/3751
f 7216/7341/3742 7217/7343/3744 7225/7352/3752 7224/7350/3750
f 7217/7343/3744 7218/7344/3745 7226/7353/3753 7225/7352/3752
f 7218/7344/3745 7219/7345/3746 7227/7354/3754 7226/7353/3753
f 7219/7345/3746 7220/7346/3747 7228/7355/3755 7227/7354/3754
f 7220/7346/3747 7221/7347/3748 7229/7356/3756 7228/7355/3755
f 7221/7347/3748 7222/7348/3749 7230/7357/3757 7229/7356/3756
f 7222/7348/3749 7215/7349/3743 7223/7358/3751 7230/7357/3757
f 7223/7351/3751 7224/7350/3750 7232/7359/3758 7231/7360/3759
f 7224/7350/3750 7225/7352/3752 7233/7361/3760 7232/7359/3758
f 7225/7352/3752 7226/7353/3753 7234/7362/3761 7233/7361/3760
f 7226/7353/3753 7227/7354/3754 7235/7363/3762 7234/7362/3761
f 7227/7354/3754 7228/7355/3755 7236/7364/3763 7235/7363/3762
f 7228/7355/3755 7229/7356/3756 7237/7365/3764 7236/7364/3763
f 7229/7356/3756 7230/7357/3757 7238/7366/3765 7237/7365/3764
f 7230/7357/3757 7223/7358/3751 7231/7367/3759 7238/7366/3765
f 7231/7360/3759 7232/7359/3758 7240/7368/3766 7239/7369/3767
f 7232/7359/3758 7233/7361/3760 7241/7370/3768 7240/7368/3766
f 7233/7361/3760 7234/7362/3761 7242/7371/3769 7241/7370/3768
f 7234/7362/3761 7235/7363/3762 7243/7372/3770 7242/7371/3769
f 7235/7363/3762 7236/7364/3763 7244/7373/3771 7243/7372/3770
f 7236/7364/3763 7237/7365/3764 7245/7374/3772 7244/7373/3771
f 7237/7365/3764 7238/7366/3765 7246/7375/3773 7245/7374/3772
f 7238/7366/3765 7231/7367/3759 7239/7376/3767 7246/7375/3773
f 7239/7369/3767 7240/7368/3766 7248/7377/3774 7247/7378/3775
f 7240/7368/3766 7241/7370/3768 7249/7379/3776 7248/7377/3774
f 7241/7370/3768 7242/7371/3769 7250/7380/3777 7249/7379/3776
f 7242/7371/3769 7243/7372/3770 7251/7381/3778 7250/7380/3777
f 7243/7372/3770 7244/7373/3771 7252/7382/3779 7251/7381/3778
f 7244/7373/3771 7245/7374/3772 7253/7383/3780 7252/7382/3779
f 7245/7374/3772 7246/7375/3773 7254/7384/3781 7253/7383/3780
f 7246/7375/3773 7239/7376/3767 7247/7385/3775 7254/7384/3781
f 7247/7378/3775 7248/7377/3774 7256/7386/3782 7255/7387/3783
f 7248/7377/3774 7249/7379/3776 7257/7388/3784 7256/7386/3782
f 7249/7379/3776 7250/7380/3777 7258/7389/3785 7257/7388/3784
f 7250/7380/3777 7251/7381/3778 7259/7390/3786 7258/7389/3785
f 7251/7381/3778 7252/7382/3779 7260/7391/3787 7259/7390/3786
f 7252/7382/3779 7253/7383/3780 7261/7392/3788 7260/7391/3787
f 7253/7383/3780 7254/7384/3781 7262/7393/3789 7261/7392/3788
f 7254/7384/3781 7247/7385/3775 7255/7394/3783 7262/7393/3789
f 7255/7387/3783 7256/7386/3782 7264/7395/3790 7263/7396/3791
f 7256/7386/3782 7257/7388/3784 7265/7397/3792 7264/7395/3790
f 7257/7388/3784 7258/7389/3785 7266/7398/3793 7265/7397/3792
f 7258/7389/3785 7259/7390/3786 7267/7399/3794 7266/7398/3793
f 7259/7390/3786 7260/7391/3787 7268/7400/3795 7267/7399/3794
f 7260/7391/3787 7261/7392/3788 7269/7401/3796 7268/7400/3795
f 7261/7392/3788 7262/7393/3789 7270/7402/3797 7269/7401/3796
f 7262/7393/3789 7255/7394/3783 7263/7403/3791 7270/7402/3797
f 7263/7396/3791 7264/7395/3790 7272/7404/3798 7271/7405/3799
f 7264/7395/3790 7265/7397/3792 7273/7406/3800 7272/7404/3798
f 7265/7397/3792 7266/7398/3793 7274/7407/3801 7273/7406/3800
f 7266/7398/3793 7267/7399/3794 7275/7408/3802 7274/7407/3801
f 7267/7399/3794 7268/7400/3795 7276/7409/3803 7275/7408/3802
f 7268/7400/3795 7269/7401/3796 7277/7410/3804 7276/7409/3803
f 7269/7401/3796 7270/7402/3797 7278/7411/3805 7277/7410/3804
f 7270/7402/3797 7263/7403/3791 7271/7412/3799 7278/7411/3805
f 7271/7405/3799 7272/7404/3798 7280/7413/3806 7279/7414/3807
f 7272/7404/3798 7273/7406/3800 7281/7415/3808 7280/7413/3806
f 7273/7406/3800 7274/7407/3801 7282/7416/3809 7281/7415/3808
f 7274/7407/3801 7275/7408/3802 7283/7417/3810 7282/7416/3809
f 7275/7408/3802 7276/7409/3803 7284/7418/3811 7283/7417/3810
f 7276/7409/3803 7277/7410/3804 7285/7419/3812 7284/7418/3811
f 7277/7410/3804 7278/7411/3805 7286/7420/3813 7285/7419/3812
f 7278/7411/3805 7271/7412/3799 7279/7421/3807 7286/7420/3813
f 7190/7319/3814 7189/7317/3814 7188/7315/3814 7187/7313/3814 7186/7311/3814 7185/7309/3814 7184/7306/3814 7183/7321/3814
f 7279/7421/3815 7280/7413/3815 7281/7415/3815 7282/7416/3815 7283/7417/3815 7284/7418/3815 7285/7419/3815 7286/7420/3815
