# Blender 5.0.1
# www.blender.org
mtllib crusher.mtl
o Cube
v 6.638582 0.050000 1.969326
v 6.638582 0.000000 1.919327
v 6.638582 0.715186 1.919327
v 6.638582 0.665186 1.969326
v 6.638582 0.000000 -1.919327
v 6.638582 0.050000 -1.969326
v 6.638582 0.665186 -1.969326
v 6.638582 0.715186 -1.919327
v 9.903723 0.000000 1.919327
v 9.953722 0.050000 1.919068
v 9.903723 0.050000 1.969326
v 9.953722 0.715186 1.919057
v 9.903723 0.715186 1.969326
v 9.903723 0.050000 -1.969326
v 9.953722 0.050000 -1.919068
v 9.903723 0.000000 -1.919327
v 9.903723 0.715186 -1.969326
v 9.953722 0.715186 -1.919057
v 9.038582 0.050000 -1.969326
v 9.038582 0.000000 -1.919327
v 8.988582 0.715186 -1.919327
v 9.038582 0.765186 -1.911381
v 9.088582 0.665721 -1.972947
v 9.038582 0.050000 1.969326
v 9.038582 0.000000 1.919327
v 9.088582 0.665721 1.972947
v 9.038582 0.765186 1.911381
v 8.988582 0.715186 1.919327
v 9.038582 3.526898 -1.069403
v 9.088582 3.576898 -1.036810
v 9.088582 3.545847 -1.126000
v 9.038582 3.138041 -1.560185
v 9.088582 3.195991 -1.567559
v 9.088582 3.115479 -1.614069
v 9.953722 3.137804 -1.560485
v 9.903723 3.115479 -1.614069
v 9.903723 3.195991 -1.567559
v 9.903723 3.576898 -1.036810
v 9.953722 3.526898 -1.069403
v 9.903723 3.545847 -1.126000
v 9.953722 3.526898 1.069403
v 9.903723 3.576898 1.036810
v 9.903723 3.545847 1.126000
v 9.953722 3.137804 1.560485
v 9.903723 3.195991 1.567559
v 9.903723 3.115479 1.614069
v 9.038582 3.138041 1.560185
v 9.088582 3.115479 1.614069
v 9.088582 3.195991 1.567559
v 9.088582 3.576898 1.036810
v 9.038582 3.526898 1.069403
v 9.088582 3.545847 1.126000
v 3.373441 0.000000 1.919327
v 3.373441 0.050000 1.969326
v 3.323441 0.050000 1.919068
v 3.373441 0.715186 1.969326
v 3.323441 0.715186 1.919057
v 3.373441 0.050000 -1.969326
v 3.373441 0.000000 -1.919327
v 3.323441 0.050000 -1.919068
v 3.323441 0.715186 -1.919057
v 3.373441 0.715186 -1.969326
v 4.238582 0.000000 -1.919327
v 4.238582 0.050000 -1.969326
v 4.188581 0.665721 -1.972947
v 4.238582 0.765186 -1.911381
v 4.288582 0.715186 -1.919327
v 4.238582 0.000000 1.919327
v 4.238582 0.050000 1.969326
v 4.288582 0.715186 1.919327
v 4.238582 0.765186 1.911381
v 4.188581 0.665721 1.972947
v 4.238582 3.526898 -1.069403
v 4.188581 3.545847 -1.126000
v 4.188581 3.576898 -1.036810
v 4.238582 3.138041 -1.560185
v 4.188581 3.115479 -1.614069
v 4.188581 3.195991 -1.567559
v 3.323441 3.137804 -1.560485
v 3.373441 3.195991 -1.567559
v 3.373441 3.115479 -1.614069
v 3.373441 3.576898 -1.036810
v 3.373441 3.545847 -1.126000
v 3.323441 3.526898 -1.069403
v 3.323441 3.526898 1.069403
v 3.373441 3.545847 1.126000
v 3.373441 3.576898 1.036810
v 3.323441 3.137804 1.560485
v 3.373441 3.115479 1.614069
v 3.373441 3.195991 1.567559
v 4.238582 3.138041 1.560185
v 4.188581 3.195991 1.567559
v 4.188581 3.115479 1.614069
v 4.188581 3.576898 1.036810
v 4.188581 3.545847 1.126000
v 4.238582 3.526898 1.069403
vn 0.5793 -0.5764 0.5764
vn 0.5793 -0.5764 -0.5764
vn -0.2675 0.4063 -0.8737
vn -0.2675 0.4063 0.8737
vn -0.5897 0.7627 -0.2655
vn -0.5775 0.4084 -0.7069
vn 0.5760 0.4089 -0.7078
vn 0.5897 0.7627 -0.2655
vn 0.5897 0.7627 0.2655
vn 0.5760 0.4089 0.7078
vn -0.5775 0.4084 0.7069
vn -0.5897 0.7627 0.2655
vn -0.5793 -0.5764 0.5764
vn -0.5793 -0.5764 -0.5764
vn 0.2675 0.4063 -0.8737
vn 0.2675 0.4063 0.8737
vn 0.5775 0.4084 -0.7069
vn -0.5760 0.4089 -0.7078
vn -0.5760 0.4089 0.7078
vn 0.5775 0.4084 0.7069
vn -0.0000 -0.7071 -0.7071
vn 0.7090 -0.0000 -0.7052
vn 0.7071 -0.7071 -0.0000
vn 0.7090 -0.0000 0.7052
vn -0.0000 -0.7071 0.7071
vn -0.0006 0.7211 0.6928
vn -0.0006 0.7211 -0.6928
vn -0.7071 0.7071 -0.0000
vn -0.7071 0.5542 -0.4391
vn -0.0000 0.9444 -0.3288
vn 0.7071 0.5542 -0.4391
vn -0.0000 0.5002 -0.8659
vn 0.7071 0.5542 0.4391
vn -0.0000 0.9444 0.3288
vn -0.7071 0.5542 0.4391
vn -0.0000 0.5002 0.8659
vn 0.7052 0.1038 -0.7014
vn -0.6942 0.1049 -0.7121
vn 0.7071 0.7071 -0.0000
vn -0.6942 0.1049 0.7121
vn 0.7052 0.1038 0.7014
vn -0.7090 -0.0000 -0.7052
vn -0.7071 -0.7071 -0.0000
vn -0.7090 -0.0000 0.7052
vn 0.0006 0.7211 0.6928
vn 0.0006 0.7211 -0.6928
vn -0.7052 0.1038 -0.7014
vn 0.6942 0.1049 -0.7121
vn 0.6942 0.1049 0.7121
vn -0.7052 0.1038 0.7014
vn -0.0000 -1.0000 -0.0000
vn 0.0007 -0.0029 1.0000
vn -0.0007 -0.0029 1.0000
vn -0.0000 1.0000 -0.0000
vn -0.0007 -0.0029 -1.0000
vn 0.0007 -0.0029 -1.0000
vn 1.0000 -0.0000 -0.0000
vn 0.0022 -0.0029 1.0000
vn -0.0022 0.1457 0.9893
vn 0.0022 -0.0029 -1.0000
vn -0.0022 0.1457 -0.9893
vn -1.0000 -0.0000 -0.0000
vn -0.0000 0.7838 -0.6210
vn -0.0000 0.7838 0.6210
vn -0.0022 -0.0029 1.0000
vn 0.0022 0.1457 0.9893
vn -0.0022 -0.0029 -1.0000
vn 0.0022 0.1457 -0.9893
vt 0.244340 0.337339
vt 0.239054 0.337231
vt 0.241884 0.333194
vt 0.249587 0.499773
vt 0.246968 0.495918
vt 0.252319 0.495886
vt 0.297811 0.560221
vt 0.295085 0.560221
vt 0.293269 0.557525
vt 0.293269 0.270273
vt 0.293269 0.265472
vt 0.297811 0.265533
vt 0.141830 0.101948
vt 0.139105 0.103725
vt 0.140798 0.098864
vt 0.075940 0.545039
vt 0.075291 0.542328
vt 0.077857 0.542694
vt 0.082934 0.496161
vt 0.083830 0.500861
vt 0.079626 0.499010
vt 0.058325 0.469552
vt 0.062724 0.470168
vt 0.060239 0.474322
vt 0.062158 0.359292
vt 0.057766 0.359954
vt 0.059631 0.355164
vt 0.082101 0.333095
vt 0.078764 0.330280
vt 0.082949 0.328386
vt 0.074609 0.284291
vt 0.076549 0.286616
vt 0.073987 0.287008
vt 0.139105 0.216749
vt 0.141830 0.218526
vt 0.140797 0.221611
vt 0.607459 0.337339
vt 0.609915 0.333194
vt 0.612746 0.337231
vt 0.602212 0.499773
vt 0.599480 0.495886
vt 0.604831 0.495918
vt 0.558531 0.557525
vt 0.556714 0.560221
vt 0.553989 0.560221
vt 0.553989 0.265533
vt 0.558531 0.265472
vt 0.558531 0.270273
vt 0.709969 0.101948
vt 0.711002 0.098864
vt 0.712694 0.103725
vt 0.775859 0.545039
vt 0.773943 0.542694
vt 0.776509 0.542328
vt 0.768865 0.496161
vt 0.772174 0.499010
vt 0.767969 0.500861
vt 0.793474 0.469552
vt 0.791560 0.474322
vt 0.789075 0.470168
vt 0.789641 0.359292
vt 0.792168 0.355164
vt 0.794034 0.359954
vt 0.769698 0.333095
vt 0.768850 0.328386
vt 0.773035 0.330280
vt 0.777191 0.284291
vt 0.777812 0.287008
vt 0.775250 0.286616
vt 0.712694 0.216750
vt 0.711002 0.221611
vt 0.709969 0.218526
vt 0.295085 0.518514
vt 0.425900 0.518514
vt 0.425900 0.523964
vt 0.293849 0.524204
vt 0.208709 0.513470
vt 0.209932 0.518752
vt 0.208895 0.309366
vt 0.207693 0.314502
vt 0.295085 0.309284
vt 0.293836 0.303785
vt 0.425900 0.264852
vt 0.425900 0.270303
vt 0.425900 0.560221
vt 0.425900 0.557496
vt 0.425900 0.309284
vt 0.425900 0.303834
vt 0.297811 0.055623
vt 0.292360 0.056056
vt 0.163025 0.075198
vt 0.159867 0.074796
vt 0.025127 0.499115
vt 0.026747 0.501139
vt 0.024267 0.330731
vt 0.025866 0.328691
vt 0.163025 0.245277
vt 0.159867 0.245678
vt 0.199042 0.562617
vt 0.204921 0.560838
vt 0.203421 0.267176
vt 0.197525 0.265457
vt 0.557950 0.524204
vt 0.556714 0.518514
vt 0.641868 0.518752
vt 0.643091 0.513470
vt 0.644107 0.314502
vt 0.642905 0.309366
vt 0.557963 0.303785
vt 0.556714 0.309284
vt 0.559439 0.056056
vt 0.553989 0.055623
vt 0.691933 0.074796
vt 0.688774 0.075198
vt 0.825053 0.501139
vt 0.826673 0.499115
vt 0.825933 0.328691
vt 0.827532 0.330731
vt 0.691933 0.245678
vt 0.688774 0.245277
vt 0.646879 0.560838
vt 0.652757 0.562617
vt 0.654275 0.265457
vt 0.648378 0.267176
vt 0.425900 0.055623
vt 0.258977 0.271283
vt 0.259441 0.561423
vt 0.045000 0.523937
vt 0.015275 0.468721
vt 0.014726 0.361224
vt 0.043886 0.305708
vt 0.592822 0.271283
vt 0.592359 0.561423
vt 0.806799 0.523937
vt 0.837073 0.361224
vt 0.836525 0.468721
vt 0.807914 0.305708
s 0
usemtl crusher
f 9/1/1 10/2/1 11/3/1
f 14/4/2 15/5/2 16/6/2
f 21/7/3 22/8/3 23/9/3
f 26/10/4 27/11/4 28/12/4
f 29/13/5 30/14/5 31/15/5
f 32/16/6 33/17/6 34/18/6
f 35/19/7 36/20/7 37/21/7
f 38/22/8 39/23/8 40/24/8
f 41/25/9 42/26/9 43/27/9
f 44/28/10 45/29/10 46/30/10
f 47/31/11 48/32/11 49/33/11
f 50/34/12 51/35/12 52/36/12
f 53/37/13 54/38/13 55/39/13
f 58/40/14 59/41/14 60/42/14
f 65/43/15 66/44/15 67/45/15
f 70/46/16 71/47/16 72/48/16
f 73/49/8 74/50/8 75/51/8
f 76/52/17 77/53/17 78/54/17
f 79/55/18 80/56/18 81/57/18
f 82/58/5 83/59/5 84/60/5
f 85/61/12 86/62/12 87/63/12
f 88/64/19 89/65/19 90/66/19
f 91/67/20 92/68/20 93/69/20
f 94/70/9 95/71/9 96/72/9
f 20/73/21 5/74/21 6/75/21 19/76/21
f 18/77/22 15/5/22 14/4/22 17/78/22
f 9/1/23 16/6/23 15/5/23 10/2/23
f 13/79/24 11/3/24 10/2/24 12/80/24
f 25/81/25 9/1/25 11/3/25 24/82/25
f 28/12/26 3/83/26 4/84/26 26/10/26
f 16/6/21 20/73/21 19/76/21 14/4/21
f 8/85/27 21/7/27 23/9/27 7/86/27
f 2/87/25 25/81/25 24/82/25 1/88/25
f 21/89/28 28/12/28 27/11/28 22/90/28
f 32/91/29 29/13/29 31/15/29 33/92/29
f 30/93/30 38/22/30 40/24/30 31/94/30
f 39/23/31 35/19/31 37/21/31 40/24/31
f 36/20/32 34/18/32 33/17/32 37/21/32
f 44/28/33 41/25/33 43/27/33 45/29/33
f 42/26/34 50/95/34 52/96/34 43/27/34
f 51/35/35 47/97/35 49/98/35 52/36/35
f 48/32/36 46/30/36 45/29/36 49/33/36
f 35/19/37 18/77/37 17/78/37 36/20/37
f 22/99/38 32/16/38 34/18/38 23/100/38
f 41/25/39 39/23/39 38/22/39 42/26/39
f 29/13/28 51/35/28 50/34/28 30/14/28
f 26/101/40 48/32/40 47/31/40 27/102/40
f 46/30/41 13/79/41 12/80/41 44/28/41
f 64/103/21 6/75/21 5/74/21 63/104/21
f 62/105/42 58/40/42 60/42/42 61/106/42
f 55/39/43 60/42/43 59/41/43 53/37/43
f 57/107/44 55/39/44 54/38/44 56/108/44
f 69/109/25 54/38/25 53/37/25 68/110/25
f 72/48/45 4/84/45 3/83/45 70/46/45
f 58/40/21 64/103/21 63/104/21 59/41/21
f 7/86/46 65/43/46 67/45/46 8/85/46
f 1/88/25 69/109/25 68/110/25 2/87/25
f 66/111/39 71/47/39 70/46/39 67/112/39
f 78/113/31 74/50/31 73/49/31 76/114/31
f 74/115/30 83/59/30 82/58/30 75/116/30
f 83/59/29 80/56/29 79/55/29 84/60/29
f 80/56/32 78/54/32 77/53/32 81/57/32
f 90/66/35 86/62/35 85/61/35 88/64/35
f 86/62/34 95/117/34 94/118/34 87/63/34
f 95/71/33 92/119/33 91/120/33 96/72/33
f 92/68/36 90/66/36 89/65/36 93/69/36
f 81/57/47 62/105/47 61/106/47 79/55/47
f 65/121/48 77/53/48 76/52/48 66/122/48
f 87/63/28 82/58/28 84/60/28 85/61/28
f 75/51/39 94/70/39 96/72/39 73/49/39
f 71/123/49 91/67/49 93/69/49 72/124/49
f 88/64/50 57/107/50 56/108/50 89/65/50
f 5/74/51 2/87/51 68/110/51 63/104/51
f 5/74/51 20/73/51 25/81/51 2/87/51
f 69/109/52 1/88/52 4/84/52 72/48/52
f 24/82/53 26/10/53 4/84/53 1/88/53
f 67/112/54 70/46/54 3/83/54 8/125/54
f 21/89/54 8/125/54 3/83/54 28/12/54
f 6/75/55 7/86/55 23/9/55 19/76/55
f 6/75/56 64/103/56 65/43/56 7/86/56
f 20/73/51 16/6/51 9/1/51 25/81/51
f 15/5/57 18/77/57 12/80/57 10/2/57
f 11/3/58 13/79/58 26/126/58 24/82/58
f 12/80/57 18/77/57 35/19/57 39/23/57 41/25/57 44/28/57
f 26/101/59 13/79/59 46/30/59 48/32/59
f 19/76/60 23/127/60 17/78/60 14/4/60
f 17/78/61 23/100/61 34/18/61 36/20/61
f 22/90/62 27/11/62 47/97/62 51/35/62 29/13/62 32/91/62
f 31/94/63 40/24/63 37/21/63 33/128/63
f 38/22/54 30/129/54 50/130/54 42/26/54
f 43/27/64 52/96/64 49/131/64 45/29/64
f 63/104/51 68/110/51 53/37/51 59/41/51
f 60/42/62 55/39/62 57/107/62 61/106/62
f 54/38/65 69/109/65 72/132/65 56/108/65
f 57/107/62 88/64/62 85/61/62 84/60/62 79/55/62 61/106/62
f 72/124/66 93/69/66 89/65/66 56/108/66
f 64/103/67 58/40/67 62/105/67 65/133/67
f 62/105/68 81/57/68 77/53/68 65/121/68
f 66/111/57 76/114/57 73/49/57 96/72/57 91/120/57 71/47/57
f 74/115/63 78/134/63 80/56/63 83/59/63
f 82/58/54 87/63/54 94/135/54 75/136/54
f 86/62/64 90/66/64 92/137/64 95/117/64
o Cylinder.002
v 8.315420 2.485235 0.255599
v 4.961743 2.485235 0.255599
v 7.896211 2.485235 0.255599
v 7.477001 2.485235 0.255599
v 7.057791 2.485235 0.255599
v 6.638582 2.485235 0.255599
v 6.219372 2.485235 0.255599
v 5.800162 2.485235 0.255599
v 5.380953 2.485235 0.255599
v 8.315420 2.212879 0.527955
v 4.961743 2.212879 0.527955
v 7.896211 2.212879 0.527955
v 7.477001 2.212879 0.527955
v 7.057791 2.212879 0.527955
v 6.638582 2.212879 0.527955
v 6.219372 2.212879 0.527955
v 5.800162 2.212879 0.527955
v 5.380952 2.212879 0.527955
v 4.961743 2.212879 1.272045
v 4.961743 2.485235 1.544401
v 8.315420 3.501681 1.272045
v 7.896211 3.501681 1.272045
v 7.477001 3.501681 1.272045
v 7.057792 3.501681 1.272045
v 6.638582 3.501681 1.272045
v 6.219372 3.501681 1.272045
v 5.800162 3.501681 1.272045
v 8.315420 3.601370 0.900000
v 4.961743 3.601370 0.900000
v 7.057792 3.601370 0.900000
v 6.638582 3.601370 0.900000
v 6.219372 3.601370 0.900000
v 5.800162 3.601370 0.900000
v 5.380953 3.601370 0.900000
v 4.961743 3.501681 0.527955
v 7.477001 3.501681 0.527955
v 7.057792 3.501681 0.527955
v 6.638582 3.501681 0.527955
v 6.219372 3.501681 0.527955
v 5.800162 3.501681 0.527955
v 5.380953 3.501681 0.527955
v 8.105816 2.606487 -0.035972
v 7.267396 2.606487 -0.035972
v 6.428977 2.606487 -0.035972
v 5.590558 2.606487 -0.035972
v 7.686606 2.172100 0.214821
v 6.848186 2.172100 0.214821
v 6.009767 2.172100 0.214821
v 5.171348 2.172100 0.214821
v 8.105816 1.921307 0.649207
v 7.267396 1.921307 0.649207
v 6.428977 1.921307 0.649207
v 5.590557 1.921307 0.649207
v 7.686606 1.921307 1.150793
v 6.848186 1.921307 1.150793
v 6.009767 1.921307 1.150793
v 5.171348 1.921307 1.150793
v 8.105816 2.172100 1.585179
v 7.267396 2.172100 1.585179
v 6.428977 2.172100 1.585179
v 5.590557 2.172100 1.585179
v 7.686606 2.606487 1.835972
v 6.848186 2.606487 1.835972
v 6.009767 2.606487 1.835972
v 5.171348 2.606487 1.835972
v 8.105816 3.108073 1.835972
v 7.267396 3.108073 1.835972
v 6.428977 3.108073 1.835972
v 5.590558 3.108073 1.835972
v 7.686606 3.542459 1.585179
v 6.848186 3.542459 1.585179
v 6.009767 3.542459 1.585179
v 5.171348 3.542459 1.585179
v 8.105816 3.793252 1.150793
v 7.267396 3.793252 1.150793
v 6.428977 3.793252 1.150793
v 5.590558 3.793252 1.150793
v 7.686606 3.793252 0.649207
v 6.848186 3.793252 0.649207
v 6.009768 3.793252 0.649207
v 5.171348 3.793252 0.649207
v 8.105816 3.542459 0.214821
v 7.267396 3.542459 0.214821
v 6.428977 3.542459 0.214821
v 5.590558 3.542459 0.214821
v 7.686606 3.108073 -0.035972
v 6.848186 3.108073 -0.035972
v 6.009767 3.108073 -0.035972
v 5.171348 3.108073 -0.035972
v 4.790642 2.857280 0.143652
v 4.802482 2.857280 0.155910
v 8.474682 2.857280 0.155910
v 8.486522 2.857280 0.143652
v 4.802482 2.485235 0.255599
v 4.790642 2.479106 0.244984
v 8.486522 2.479106 0.244984
v 8.474682 2.485235 0.255599
v 4.802482 2.212879 0.527955
v 4.790642 2.202264 0.521826
v 8.486522 2.202264 0.521826
v 8.474682 2.212879 0.527955
v 4.802482 2.116255 0.888563
v 4.802482 2.116255 0.911437
v 4.790642 2.100932 0.900000
v 8.486522 2.100932 0.900000
v 8.474682 2.116255 0.911437
v 8.474682 2.116255 0.888563
v 4.802482 2.212879 1.272045
v 4.790642 2.202264 1.278174
v 8.486522 2.202264 1.278174
v 8.474682 2.212879 1.272045
v 4.802482 2.485235 1.544401
v 4.790642 2.479106 1.555016
v 8.486522 2.479106 1.555016
v 8.474682 2.485235 1.544401
v 4.802482 2.857280 1.644090
v 4.790642 2.857280 1.656348
v 8.486522 2.857280 1.656348
v 8.474682 2.857280 1.644090
v 4.802482 3.217888 1.547465
v 4.802482 3.237697 1.536028
v 4.790642 3.235454 1.555016
v 8.486522 3.235454 1.555016
v 8.474682 3.237697 1.536028
v 8.474682 3.217888 1.547465
v 4.802482 3.501681 1.272045
v 4.790642 3.512296 1.278174
v 8.486522 3.512296 1.278174
v 8.474682 3.501681 1.272045
v 4.802482 3.601370 0.900000
v 4.790642 3.613627 0.900000
v 8.486522 3.613627 0.900000
v 8.474682 3.601370 0.900000
v 4.802482 3.501681 0.527955
v 4.790642 3.512296 0.521826
v 8.486522 3.512296 0.521826
v 8.474682 3.501681 0.527955
v 4.802482 3.237697 0.263972
v 4.802482 3.217888 0.252535
v 4.790642 3.235454 0.244984
v 8.486522 3.235454 0.244984
v 8.474682 3.217888 0.252535
v 8.474682 3.237697 0.263972
v 5.146777 3.089974 -0.029097
v 5.163038 3.092077 -0.040258
v 5.160689 3.073356 -0.033593
v 5.579899 2.641203 -0.033593
v 5.582248 2.622482 -0.040259
v 5.565986 2.624585 -0.029097
v 5.985196 3.089974 -0.029097
v 6.001458 3.092077 -0.040258
v 5.999108 3.073356 -0.033593
v 6.418318 2.641203 -0.033593
v 6.420667 2.622482 -0.040259
v 6.404406 2.624585 -0.029097
v 6.823616 3.089974 -0.029097
v 6.839877 3.092077 -0.040258
v 6.837528 3.073356 -0.033593
v 7.256738 2.641203 -0.033593
v 7.259087 2.622482 -0.040259
v 7.242826 2.624585 -0.029097
v 7.662035 3.089974 -0.029097
v 7.678297 3.092077 -0.040258
v 7.675947 3.073356 -0.033593
v 8.095157 2.641203 -0.033593
v 8.097507 2.622482 -0.040259
v 8.081244 2.624585 -0.029097
v 8.116474 2.641203 -0.033593
v 8.130386 2.624585 -0.029097
v 8.114125 2.622482 -0.040259
v 8.130386 2.594250 -0.020969
v 8.116474 2.577611 -0.016553
v 8.114125 2.590491 -0.031686
v 7.697265 2.203355 0.199524
v 7.711177 2.191211 0.211726
v 7.694916 2.183809 0.203112
v 7.291967 2.594251 -0.020969
v 7.278055 2.577611 -0.016553
v 7.275706 2.590491 -0.031686
v 6.858845 2.203355 0.199524
v 6.872757 2.191211 0.211726
v 6.856496 2.183809 0.203112
v 6.453548 2.594251 -0.020969
v 6.439636 2.577611 -0.016553
v 6.437286 2.590491 -0.031686
v 6.020426 2.203355 0.199524
v 6.034338 2.191211 0.211726
v 6.018077 2.183809 0.203112
v 5.615129 2.594250 -0.020969
v 5.601216 2.577611 -0.016553
v 5.598867 2.590491 -0.031686
v 5.182007 2.203355 0.199524
v 5.195919 2.191211 0.211726
v 5.179657 2.183809 0.203112
v 5.160689 2.203355 0.199524
v 5.163038 2.183809 0.203112
v 5.146777 2.191211 0.211726
v 8.116474 1.940726 0.620332
v 8.130386 1.936310 0.636971
v 8.114125 1.925593 0.633212
v 7.711177 2.169005 0.233932
v 7.697265 2.156802 0.246076
v 7.694915 2.160390 0.226530
v 7.278055 1.940726 0.620332
v 7.291967 1.936310 0.636971
v 7.275706 1.925593 0.633212
v 6.872757 2.169005 0.233932
v 6.858845 2.156802 0.246076
v 6.856496 2.160390 0.226530
v 6.439636 1.940726 0.620332
v 6.453548 1.936310 0.636971
v 6.437286 1.925593 0.633212
v 6.034338 2.169005 0.233932
v 6.020426 2.156803 0.246076
v 6.018076 2.160390 0.226530
v 5.601216 1.940726 0.620332
v 5.615129 1.936310 0.636971
v 5.598867 1.925593 0.633212
v 5.195919 2.169005 0.233933
v 5.182006 2.156802 0.246076
v 5.179657 2.160390 0.226531
v 5.160689 2.156803 0.246076
v 5.146777 2.169005 0.233932
v 5.163038 2.160390 0.226530
v 8.130386 1.928182 0.667305
v 8.116474 1.923686 0.683923
v 8.114125 1.917021 0.665202
v 7.697265 1.923686 1.116077
v 7.711177 1.928182 1.132695
v 7.694915 1.917021 1.134798
v 7.291967 1.928182 0.667305
v 7.278055 1.923686 0.683923
v 7.275706 1.917021 0.665202
v 6.858845 1.923686 1.116077
v 6.872757 1.928182 1.132695
v 6.856496 1.917021 1.134798
v 6.453548 1.928182 0.667305
v 6.439636 1.923686 0.683923
v 6.437286 1.917021 0.665202
v 6.020426 1.923686 1.116077
v 6.034338 1.928182 1.132695
v 6.018076 1.917021 1.134798
v 5.615129 1.928182 0.667305
v 5.601216 1.923686 0.683923
v 5.598867 1.917021 0.665202
v 5.182006 1.923686 1.116077
v 5.195919 1.928182 1.132695
v 5.179657 1.917021 1.134798
v 5.160689 1.923686 1.116077
v 5.163038 1.917021 1.134798
v 5.146777 1.928182 1.132695
v 8.116474 2.156803 1.553924
v 8.130386 2.169006 1.566068
v 8.114125 2.160391 1.573470
v 7.711177 1.936310 1.163029
v 7.697265 1.940726 1.179668
v 7.694915 1.925593 1.166788
v 7.278055 2.156803 1.553924
v 7.291967 2.169006 1.566068
v 7.275706 2.160391 1.573470
v 6.872757 1.936310 1.163029
v 6.858845 1.940726 1.179668
v 6.856496 1.925593 1.166788
v 6.439636 2.156803 1.553924
v 6.453548 2.169006 1.566068
v 6.437286 2.160391 1.573470
v 6.034338 1.936310 1.163029
v 6.020426 1.940726 1.179668
v 6.018077 1.925593 1.166788
v 5.601216 2.156803 1.553925
v 5.615129 2.169006 1.566068
v 5.598867 2.160391 1.573470
v 5.195919 1.936310 1.163029
v 5.182006 1.940726 1.179668
v 5.179657 1.925593 1.166788
v 5.160689 1.940726 1.179668
v 5.146777 1.936310 1.163029
v 5.163038 1.925593 1.166788
v 8.130386 2.191212 1.588274
v 8.116474 2.203355 1.600477
v 8.114125 2.183810 1.596889
v 7.697265 2.577611 1.816553
v 7.711177 2.594251 1.820969
v 7.694916 2.590491 1.831686
v 7.291967 2.191212 1.588274
v 7.278055 2.203355 1.600477
v 7.275706 2.183810 1.596889
v 6.858845 2.577611 1.816553
v 6.872758 2.594251 1.820969
v 6.856496 2.590491 1.831686
v 6.453548 2.191212 1.588274
v 6.439636 2.203355 1.600477
v 6.437286 2.183810 1.596889
v 6.020426 2.577611 1.816553
v 6.034338 2.594251 1.820969
v 6.018077 2.590491 1.831686
v 5.615129 2.191212 1.588274
v 5.601216 2.203356 1.600477
v 5.598867 2.183810 1.596889
v 5.182007 2.577611 1.816553
v 5.195919 2.594251 1.820969
v 5.179657 2.590491 1.831686
v 5.160689 2.577611 1.816553
v 5.163038 2.590491 1.831686
v 5.146777 2.594250 1.820969
v 8.116474 3.073356 1.833593
v 8.130387 3.089974 1.829097
v 8.114125 3.092077 1.840258
v 7.711177 2.624585 1.829097
v 7.697265 2.641203 1.833593
v 7.694916 2.622482 1.840258
v 7.278055 3.073356 1.833593
v 7.291967 3.089974 1.829097
v 7.275706 3.092076 1.840258
v 6.872758 2.624585 1.829097
v 6.858845 2.641203 1.833593
v 6.856496 2.622482 1.840258
v 6.439636 3.073356 1.833593
v 6.453548 3.089974 1.829097
v 6.437286 3.092077 1.840258
v 6.034338 2.624585 1.829097
v 6.020426 2.641203 1.833593
v 6.018077 2.622482 1.840258
v 5.601216 3.073356 1.833593
v 5.615129 3.089974 1.829097
v 5.598867 3.092077 1.840258
v 5.195919 2.624585 1.829097
v 5.182006 2.641203 1.833593
v 5.179657 2.622482 1.840258
v 5.160689 2.641203 1.833593
v 5.146777 2.624585 1.829097
v 5.163038 2.622482 1.840258
v 8.130386 3.120308 1.820969
v 8.116474 3.136947 1.816553
v 8.114125 3.124068 1.831687
v 7.697265 3.511204 1.600477
v 7.711177 3.523347 1.588274
v 7.694916 3.530749 1.596889
v 7.291967 3.120309 1.820969
v 7.278055 3.136948 1.816554
v 7.275706 3.124068 1.831686
v 6.858846 3.511204 1.600477
v 6.872758 3.523347 1.588274
v 6.856496 3.530749 1.596889
v 6.453548 3.120308 1.820969
v 6.439636 3.136947 1.816554
v 6.437286 3.124068 1.831687
v 6.020426 3.511203 1.600477
v 6.034338 3.523346 1.588274
v 6.018077 3.530749 1.596890
v 5.615129 3.120308 1.820969
v 5.601216 3.136947 1.816553
v 5.598867 3.124068 1.831687
v 5.182006 3.511203 1.600477
v 5.195919 3.523346 1.588274
v 5.179657 3.530749 1.596889
v 5.160689 3.511204 1.600477
v 5.163038 3.530749 1.596889
v 5.146777 3.523347 1.588274
v 8.116474 3.773833 1.179668
v 8.130386 3.778248 1.163029
v 8.114125 3.788966 1.166788
v 7.711177 3.545553 1.566068
v 7.697265 3.557756 1.553924
v 7.694916 3.554168 1.573470
v 7.278055 3.773833 1.179668
v 7.291967 3.778248 1.163029
v 7.275706 3.788966 1.166788
v 6.872758 3.545553 1.566068
v 6.858846 3.557756 1.553925
v 6.856496 3.554168 1.573470
v 6.439636 3.773833 1.179668
v 6.453548 3.778248 1.163029
v 6.437287 3.788966 1.166788
v 6.034338 3.545553 1.566068
v 6.020426 3.557756 1.553924
v 6.018077 3.554168 1.573470
v 5.601216 3.773833 1.179668
v 5.615129 3.778248 1.163029
v 5.598867 3.788966 1.166788
v 5.195919 3.545553 1.566068
v 5.182007 3.557756 1.553924
v 5.179657 3.554168 1.573470
v 5.160689 3.557756 1.553924
v 5.146777 3.545553 1.566068
v 5.163038 3.554168 1.573470
v 8.130387 3.786376 1.132694
v 8.116474 3.790873 1.116077
v 8.114125 3.797539 1.134797
v 7.697265 3.790873 0.683923
v 7.711177 3.786376 0.667305
v 7.694916 3.797538 0.665202
v 7.291967 3.786376 1.132695
v 7.278055 3.790873 1.116077
v 7.275706 3.797539 1.134797
v 6.858846 3.790873 0.683923
v 6.872758 3.786376 0.667305
v 6.856496 3.797539 0.665202
v 6.453548 3.786376 1.132695
v 6.439636 3.790873 1.116077
v 6.437286 3.797539 1.134797
v 6.020426 3.790873 0.683923
v 6.034338 3.786376 0.667305
v 6.018077 3.797539 0.665202
v 5.615129 3.786376 1.132694
v 5.601216 3.790873 1.116077
v 5.598867 3.797539 1.134797
v 5.182007 3.790873 0.683923
v 5.195919 3.786376 0.667305
v 5.179657 3.797539 0.665202
v 5.160689 3.790873 0.683923
v 5.163038 3.797538 0.665202
v 5.146777 3.786376 0.667305
v 8.116474 3.557755 0.246076
v 8.130386 3.545553 0.233932
v 8.114125 3.554168 0.226530
v 7.711177 3.778248 0.636971
v 7.697265 3.773833 0.620332
v 7.694916 3.788966 0.633212
v 7.278055 3.557755 0.246076
v 7.291967 3.545553 0.233932
v 7.275706 3.554168 0.226530
v 6.872758 3.778248 0.636971
v 6.858846 3.773833 0.620332
v 6.856496 3.788966 0.633211
v 6.439636 3.557755 0.246076
v 6.453548 3.545553 0.233932
v 6.437286 3.554168 0.226530
v 6.034338 3.778248 0.636971
v 6.020426 3.773833 0.620332
v 6.018077 3.788966 0.633212
v 5.601216 3.557755 0.246076
v 5.615129 3.545553 0.233932
v 5.598867 3.554168 0.226530
v 5.195919 3.778248 0.636971
v 5.182007 3.773833 0.620332
v 5.179657 3.788966 0.633212
v 5.160689 3.773833 0.620332
v 5.146777 3.778248 0.636971
v 5.163038 3.788966 0.633212
v 8.130386 3.523347 0.211726
v 8.116474 3.511204 0.199523
v 8.114125 3.530749 0.203111
v 7.697265 3.136947 -0.016554
v 7.711177 3.120308 -0.020969
v 7.694916 3.124068 -0.031687
v 7.291967 3.523347 0.211726
v 7.278055 3.511204 0.199523
v 7.275706 3.530749 0.203111
v 6.858845 3.136947 -0.016554
v 6.872758 3.120308 -0.020969
v 6.856496 3.124068 -0.031687
v 6.453548 3.523347 0.211726
v 6.439636 3.511204 0.199523
v 6.437286 3.530749 0.203111
v 6.020426 3.136947 -0.016554
v 6.034338 3.120308 -0.020969
v 6.018077 3.124068 -0.031687
v 5.615129 3.523347 0.211726
v 5.601216 3.511204 0.199523
v 5.598867 3.530749 0.203111
v 5.182007 3.136947 -0.016554
v 5.195919 3.120308 -0.020969
v 5.179657 3.124068 -0.031687
v 5.160689 3.136947 -0.016554
v 5.163038 3.124068 -0.031687
v 5.146777 3.120308 -0.020969
v 4.975385 2.868717 0.158975
v 4.961743 2.845843 0.158975
v 4.949903 2.857280 0.155910
v 4.961743 2.868717 0.158975
v 8.301778 2.845843 0.158975
v 8.315420 2.868717 0.158975
v 8.327261 2.857280 0.155910
v 8.315420 2.845843 0.158975
v 5.380953 2.868717 0.158975
v 5.380953 2.845843 0.158975
v 5.182007 3.073356 -0.033593
v 5.179657 3.092077 -0.040258
v 5.195919 3.089974 -0.029097
v 5.800162 2.868717 0.158975
v 5.800162 2.845843 0.158975
v 5.601216 2.641203 -0.033593
v 5.615129 2.624585 -0.029097
v 5.598867 2.622482 -0.040258
v 6.219372 2.868717 0.158975
v 6.219372 2.845843 0.158975
v 6.020426 3.073356 -0.033593
v 6.018077 3.092077 -0.040258
v 6.034338 3.089974 -0.029097
v 6.638582 2.868717 0.158975
v 6.638582 2.845843 0.158975
v 6.439636 2.641203 -0.033593
v 6.453548 2.624585 -0.029097
v 6.437286 2.622482 -0.040259
v 7.057792 2.868717 0.158975
v 7.057792 2.845843 0.158975
v 6.858845 3.073356 -0.033593
v 6.856496 3.092077 -0.040258
v 6.872758 3.089974 -0.029097
v 7.477001 2.868717 0.158975
v 7.477001 2.845843 0.158975
v 7.278055 2.641203 -0.033593
v 7.291967 2.624585 -0.029097
v 7.275706 2.622482 -0.040258
v 7.896211 2.868717 0.158975
v 7.896211 2.845843 0.158975
v 7.697265 3.073356 -0.033593
v 7.694916 3.092077 -0.040258
v 7.711177 3.089974 -0.029097
v 8.095157 2.577611 -0.016553
v 8.081244 2.594251 -0.020969
v 8.097507 2.590491 -0.031686
v 7.675947 2.203355 0.199524
v 7.678296 2.183809 0.203111
v 7.662035 2.191211 0.211726
v 7.256738 2.577611 -0.016553
v 7.242826 2.594251 -0.020969
v 7.259087 2.590491 -0.031686
v 6.837528 2.203355 0.199524
v 6.839877 2.183809 0.203112
v 6.823616 2.191211 0.211726
v 6.418318 2.577611 -0.016553
v 6.404406 2.594251 -0.020969
v 6.420667 2.590491 -0.031686
v 5.999108 2.203355 0.199524
v 6.001457 2.183809 0.203112
v 5.985196 2.191211 0.211726
v 5.579898 2.577611 -0.016553
v 5.565986 2.594251 -0.020969
v 5.582248 2.590491 -0.031686
v 8.095157 1.940726 0.620332
v 8.097506 1.925593 0.633212
v 8.081244 1.936310 0.636971
v 7.675947 2.156803 0.246076
v 7.662035 2.169005 0.233932
v 7.678297 2.160390 0.226530
v 7.256737 1.940726 0.620332
v 7.259087 1.925593 0.633212
v 7.242825 1.936310 0.636971
v 6.837528 2.156803 0.246076
v 6.823616 2.169005 0.233932
v 6.839877 2.160390 0.226530
v 6.418318 1.940726 0.620332
v 6.420667 1.925593 0.633212
v 6.404406 1.936310 0.636971
v 5.999108 2.156803 0.246076
v 5.985196 2.169005 0.233932
v 6.001458 2.160390 0.226531
v 5.579898 1.940726 0.620332
v 5.582248 1.925593 0.633212
v 5.565986 1.936310 0.636971
v 8.315420 2.116255 0.911437
v 8.315420 2.116255 0.888563
v 4.961743 2.116255 0.888563
v 4.961743 2.116255 0.911437
v 7.896211 2.116255 0.911437
v 7.896211 2.116255 0.888563
v 8.095157 1.923686 0.683923
v 8.081244 1.928182 0.667305
v 8.097506 1.917021 0.665202
v 7.477001 2.116255 0.911437
v 7.477001 2.116255 0.888563
v 7.675947 1.923686 1.116077
v 7.678296 1.917021 1.134798
v 7.662035 1.928182 1.132695
v 7.057791 2.116255 0.911437
v 7.057791 2.116255 0.888563
v 7.256737 1.923686 0.683923
v 7.242825 1.928182 0.667305
v 7.259087 1.917021 0.665202
v 6.638582 2.116255 0.911437
v 6.638582 2.116255 0.888563
v 6.837528 1.923686 1.116077
v 6.839877 1.917021 1.134798
v 6.823616 1.928182 1.132695
v 6.219372 2.116255 0.911437
v 6.219372 2.116255 0.888563
v 6.418318 1.923686 0.683923
v 6.404406 1.928182 0.667305
v 6.420667 1.917021 0.665202
v 5.800162 2.116255 0.911437
v 5.800162 2.116255 0.888563
v 5.999108 1.923686 1.116077
v 6.001458 1.917021 1.134798
v 5.985196 1.928182 1.132695
v 5.380952 2.116255 0.911437
v 5.380952 2.116255 0.888563
v 5.579898 1.923686 0.683923
v 5.565986 1.928182 0.667305
v 5.582248 1.917021 0.665202
v 8.301778 2.221252 1.280417
v 8.315420 2.209815 1.260608
v 8.327261 2.212879 1.272045
v 8.315420 2.221252 1.280417
v 7.896211 2.209815 1.260608
v 7.909853 2.221252 1.280417
v 7.896211 2.221252 1.280417
v 7.884370 2.212879 1.272045
v 7.887269 2.210871 1.264548
v 8.095157 2.156803 1.553924
v 8.097507 2.160391 1.573470
v 8.081244 2.169006 1.566068
v 7.463358 2.221252 1.280417
v 7.477001 2.209815 1.260608
v 7.485943 2.210871 1.264548
v 7.488841 2.212879 1.272045
v 7.477001 2.221252 1.280417
v 7.675947 1.940726 1.179668
v 7.662035 1.936310 1.163029
v 7.678296 1.925593 1.166788
v 7.057791 2.209815 1.260608
v 7.071434 2.221252 1.280417
v 7.057791 2.221252 1.280417
v 7.045951 2.212879 1.272045
v 7.048849 2.210871 1.264548
v 7.256737 2.156803 1.553924
v 7.259087 2.160391 1.573470
v 7.242825 2.169006 1.566068
v 6.624939 2.221252 1.280417
v 6.638582 2.209815 1.260608
v 6.647524 2.210871 1.264548
v 6.650422 2.212879 1.272045
v 6.638582 2.221252 1.280417
v 6.837528 1.940726 1.179668
v 6.823616 1.936310 1.163029
v 6.839877 1.925593 1.166788
v 6.219372 2.209815 1.260608
v 6.233015 2.221252 1.280417
v 6.219372 2.221252 1.280417
v 6.207532 2.212879 1.272045
v 6.210430 2.210871 1.264548
v 6.418318 2.156803 1.553924
v 6.420667 2.160391 1.573470
v 6.404406 2.169006 1.566068
v 5.786520 2.221252 1.280417
v 5.800162 2.209815 1.260608
v 5.809104 2.210871 1.264548
v 5.812002 2.212879 1.272045
v 5.800162 2.221252 1.280417
v 5.999108 1.940726 1.179668
v 5.985196 1.936310 1.163029
v 6.001457 1.925593 1.166788
v 5.380952 2.209815 1.260608
v 5.394595 2.221252 1.280417
v 5.380952 2.221252 1.280417
v 5.369112 2.212879 1.272045
v 5.372010 2.210871 1.264548
v 5.579899 2.156803 1.553924
v 5.582248 2.160391 1.573470
v 5.565987 2.169006 1.566068
v 8.315420 2.496672 1.547465
v 8.301778 2.476863 1.536028
v 8.315420 2.476863 1.536028
v 8.327261 2.485235 1.544401
v 7.909853 2.476863 1.536028
v 7.896211 2.496672 1.547465
v 7.887269 2.492732 1.546409
v 7.884371 2.485235 1.544401
v 7.896211 2.476863 1.536028
v 8.095157 2.203355 1.600477
v 8.081244 2.191212 1.588274
v 8.097506 2.183810 1.596889
v 7.477001 2.496672 1.547465
v 7.463359 2.476863 1.536028
v 7.477001 2.476863 1.536028
v 7.488842 2.485235 1.544401
v 7.485943 2.492732 1.546409
v 7.675947 2.577611 1.816553
v 7.678297 2.590491 1.831686
v 7.662035 2.594250 1.820969
v 7.071434 2.476863 1.536028
v 7.057791 2.496672 1.547465
v 7.048849 2.492732 1.546409
v 7.045951 2.485235 1.544401
v 7.057791 2.476863 1.536028
v 7.256737 2.203355 1.600477
v 7.242825 2.191212 1.588274
v 7.259087 2.183810 1.596889
v 6.638582 2.496672 1.547465
v 6.624939 2.476863 1.536028
v 6.638582 2.476863 1.536028
v 6.650422 2.485235 1.544401
v 6.647524 2.492732 1.546409
v 6.837528 2.577611 1.816553
v 6.839877 2.590491 1.831686
v 6.823616 2.594251 1.820969
v 6.233015 2.476863 1.536028
v 6.219372 2.496672 1.547465
v 6.210430 2.492732 1.546409
v 6.207532 2.485235 1.544401
v 6.219372 2.476863 1.536028
v 6.418318 2.203355 1.600477
v 6.404406 2.191212 1.588274
v 6.420667 2.183810 1.596889
v 5.800162 2.496672 1.547465
v 5.786520 2.476863 1.536028
v 5.800162 2.476863 1.536028
v 5.812003 2.485235 1.544401
v 5.809104 2.492732 1.546409
v 5.999108 2.577611 1.816553
v 6.001458 2.590491 1.831686
v 5.985196 2.594251 1.820969
v 5.394595 2.476863 1.536028
v 5.380953 2.496672 1.547465
v 5.372010 2.492732 1.546409
v 5.369112 2.485235 1.544401
v 5.380953 2.476863 1.536028
v 5.579899 2.203356 1.600477
v 5.565987 2.191212 1.588274
v 5.582248 2.183810 1.596889
v 8.301778 2.868717 1.641025
v 8.315420 2.845843 1.641025
v 8.327261 2.857280 1.644090
v 8.315420 2.868717 1.641025
v 4.975386 2.845843 1.641025
v 4.961743 2.868717 1.641025
v 4.949903 2.857280 1.644090
v 4.961743 2.845843 1.641025
v 7.896211 2.868717 1.641025
v 7.896211 2.845843 1.641025
v 8.095157 3.073356 1.833593
v 8.097507 3.092077 1.840258
v 8.081244 3.089974 1.829097
v 7.477001 2.868717 1.641025
v 7.477001 2.845843 1.641025
v 7.675947 2.641203 1.833593
v 7.662035 2.624585 1.829097
v 7.678297 2.622482 1.840258
v 7.057791 2.868717 1.641025
v 7.057791 2.845843 1.641025
v 7.256737 3.073355 1.833593
v 7.259087 3.092076 1.840258
v 7.242825 3.089973 1.829097
v 6.638582 2.868717 1.641025
v 6.638582 2.845843 1.641025
v 6.837528 2.641203 1.833593
v 6.823616 2.624585 1.829097
v 6.839877 2.622482 1.840258
v 6.219372 2.868717 1.641025
v 6.219372 2.845843 1.641025
v 6.418318 3.073356 1.833593
v 6.420667 3.092077 1.840258
v 6.404406 3.089974 1.829097
v 5.800162 2.868717 1.641025
v 5.800162 2.845843 1.641025
v 5.999108 2.641203 1.833593
v 5.985196 2.624585 1.829097
v 6.001458 2.622482 1.840258
v 5.380953 2.868717 1.641025
v 5.380953 2.845843 1.641025
v 5.579899 3.073356 1.833593
v 5.582248 3.092077 1.840258
v 5.565986 3.089974 1.829097
v 8.315420 3.237697 1.536028
v 8.315420 3.217888 1.547465
v 4.961743 3.217888 1.547465
v 4.961743 3.237697 1.536028
v 7.896211 3.237697 1.536028
v 7.896211 3.217888 1.547465
v 8.095157 3.136947 1.816553
v 8.081244 3.120308 1.820969
v 8.097506 3.124068 1.831687
v 7.477001 3.217888 1.547465
v 7.490644 3.237697 1.536028
v 7.477001 3.237697 1.536028
v 7.465161 3.229325 1.544401
v 7.468059 3.221829 1.546409
v 7.675947 3.511204 1.600477
v 7.678297 3.530749 1.596889
v 7.662035 3.523347 1.588274
v 7.044149 3.237697 1.536028
v 7.057791 3.217888 1.547465
v 7.066733 3.221829 1.546409
v 7.069632 3.229325 1.544401
v 7.057791 3.237697 1.536028
v 7.256737 3.136948 1.816554
v 7.242825 3.120308 1.820969
v 7.259087 3.124068 1.831687
v 6.638582 3.217888 1.547465
v 6.652225 3.237697 1.536028
v 6.638582 3.237697 1.536028
v 6.626741 3.229325 1.544401
v 6.629640 3.221829 1.546409
v 6.837528 3.511204 1.600477
v 6.839877 3.530749 1.596889
v 6.823616 3.523347 1.588274
v 6.205729 3.237697 1.536028
v 6.219372 3.217888 1.547465
v 6.228314 3.221829 1.546409
v 6.231212 3.229325 1.544401
v 6.219372 3.237697 1.536028
v 6.418318 3.136947 1.816553
v 6.404406 3.120308 1.820969
v 6.420667 3.124068 1.831686
v 5.800162 3.237697 1.536028
v 5.800162 3.217888 1.547465
v 5.999108 3.511203 1.600477
v 6.001458 3.530749 1.596890
v 5.985196 3.523346 1.588274
v 5.380953 3.237697 1.536028
v 5.380953 3.217888 1.547465
v 5.579899 3.136947 1.816553
v 5.565987 3.120308 1.820969
v 5.582248 3.124068 1.831687
v 4.975386 3.493308 1.280417
v 4.961743 3.504745 1.260608
v 4.949903 3.501681 1.272045
v 4.961743 3.493308 1.280417
v 8.095157 3.773833 1.179668
v 8.097507 3.788966 1.166788
v 8.081244 3.778248 1.163029
v 7.675947 3.557755 1.553924
v 7.662035 3.545553 1.566068
v 7.678297 3.554168 1.573470
v 7.256738 3.773833 1.179668
v 7.259087 3.788966 1.166788
v 7.242826 3.778248 1.163029
v 6.837528 3.557755 1.553925
v 6.823616 3.545553 1.566068
v 6.839877 3.554168 1.573470
v 6.418318 3.773833 1.179668
v 6.420667 3.788966 1.166788
v 6.404406 3.778248 1.163029
v 5.999108 3.557755 1.553924
v 5.985196 3.545553 1.566068
v 6.001458 3.554168 1.573470
v 5.380953 3.504745 1.260608
v 5.367310 3.493308 1.280417
v 5.380953 3.493308 1.280417
v 5.392793 3.501681 1.272045
v 5.389895 3.503689 1.264548
v 5.579899 3.773833 1.179668
v 5.582248 3.788966 1.166788
v 5.565987 3.778248 1.163029
v 7.882568 3.598305 0.888563
v 7.896211 3.598305 0.911437
v 7.905153 3.599361 0.907496
v 7.908051 3.601370 0.900000
v 7.896211 3.598305 0.888563
v 8.095157 3.790873 1.116077
v 8.081244 3.786376 1.132695
v 8.097507 3.797539 1.134797
v 7.477001 3.598305 0.911437
v 7.490644 3.598305 0.888563
v 7.477001 3.598305 0.888563
v 7.465161 3.601370 0.900000
v 7.468059 3.599361 0.907496
v 7.675947 3.790873 0.683923
v 7.678297 3.797539 0.665202
v 7.662035 3.786376 0.667305
v 7.256738 3.790873 1.116077
v 7.242826 3.786376 1.132695
v 7.259087 3.797539 1.134797
v 6.837528 3.790873 0.683923
v 6.839877 3.797538 0.665202
v 6.823616 3.786376 0.667305
v 6.418318 3.790873 1.116077
v 6.404406 3.786376 1.132695
v 6.420668 3.797539 1.134797
v 5.999108 3.790873 0.683923
v 6.001458 3.797539 0.665202
v 5.985196 3.786376 0.667305
v 5.579899 3.790873 1.116077
v 5.565987 3.786376 1.132695
v 5.582248 3.797539 1.134797
v 8.301778 3.493308 0.519583
v 8.315420 3.504745 0.539392
v 8.327261 3.501681 0.527955
v 8.315420 3.493308 0.519583
v 7.896211 3.504745 0.539392
v 7.909853 3.493308 0.519583
v 7.896211 3.493308 0.519583
v 7.884371 3.501681 0.527955
v 7.887269 3.503689 0.535451
v 8.095157 3.557756 0.246076
v 8.097507 3.554168 0.226530
v 8.081244 3.545553 0.233932
v 7.675947 3.773833 0.620332
v 7.662035 3.778248 0.636971
v 7.678297 3.788966 0.633212
v 7.256737 3.557756 0.246076
v 7.259087 3.554168 0.226530
v 7.242825 3.545553 0.233932
v 6.837528 3.773833 0.620332
v 6.823616 3.778248 0.636971
v 6.839877 3.788966 0.633212
v 6.418318 3.557756 0.246076
v 6.420667 3.554168 0.226530
v 6.404406 3.545553 0.233932
v 5.999108 3.773833 0.620332
v 5.985196 3.778248 0.636971
v 6.001458 3.788966 0.633212
v 5.579899 3.557756 0.246076
v 5.582248 3.554168 0.226530
v 5.565986 3.545553 0.233932
v 8.315420 3.217888 0.252535
v 8.315420 3.237697 0.263972
v 4.961743 3.237697 0.263972
v 4.961743 3.217888 0.252535
v 7.896211 3.217888 0.252535
v 7.896211 3.237697 0.263972
v 8.095157 3.511204 0.199523
v 8.081244 3.523347 0.211726
v 8.097507 3.530749 0.203111
v 7.477001 3.217888 0.252535
v 7.477001 3.237697 0.263972
v 7.675947 3.136947 -0.016554
v 7.678296 3.124068 -0.031687
v 7.662035 3.120308 -0.020969
v 7.057791 3.217888 0.252535
v 7.057791 3.237697 0.263972
v 7.256737 3.511204 0.199523
v 7.242825 3.523347 0.211726
v 7.259087 3.530749 0.203111
v 6.638582 3.217888 0.252535
v 6.638582 3.237697 0.263972
v 6.837528 3.136947 -0.016554
v 6.839877 3.124068 -0.031687
v 6.823616 3.120308 -0.020969
v 6.219372 3.217888 0.252535
v 6.219372 3.237697 0.263972
v 6.418318 3.511204 0.199523
v 6.404406 3.523347 0.211726
v 6.420667 3.530749 0.203111
v 5.800162 3.217888 0.252535
v 5.800162 3.237697 0.263972
v 5.999108 3.136947 -0.016554
v 6.001458 3.124068 -0.031687
v 5.985196 3.120308 -0.020969
v 5.380953 3.217888 0.252535
v 5.380953 3.237697 0.263972
v 5.579898 3.511204 0.199523
v 5.565986 3.523347 0.211726
v 5.582248 3.530750 0.203111
v 5.181800 3.073681 -0.033375
v 5.160896 3.073681 -0.033375
v 5.171348 3.087595 -0.041460
v 5.601009 2.640878 -0.033375
v 5.590557 2.626964 -0.041459
v 5.580105 2.640878 -0.033375
v 6.020219 3.073681 -0.033375
v 5.999315 3.073681 -0.033375
v 6.009767 3.087595 -0.041460
v 6.439429 2.640878 -0.033375
v 6.428977 2.626964 -0.041459
v 6.418525 2.640878 -0.033375
v 6.858639 3.073681 -0.033375
v 6.837735 3.073681 -0.033375
v 6.848186 3.087595 -0.041460
v 7.277848 2.640878 -0.033375
v 7.267396 2.626964 -0.041459
v 7.256944 2.640878 -0.033375
v 7.697058 3.073681 -0.033375
v 7.676154 3.073681 -0.033375
v 7.686606 3.087595 -0.041460
v 8.116268 2.640878 -0.033375
v 8.105816 2.626964 -0.041459
v 8.095364 2.640878 -0.033375
v 8.095364 2.578001 -0.016527
v 8.105816 2.586009 -0.030485
v 8.116268 2.578001 -0.016527
v 7.676154 2.203182 0.199874
v 7.697058 2.203182 0.199874
v 7.686606 2.187091 0.199830
v 7.256944 2.578001 -0.016527
v 7.267396 2.586009 -0.030485
v 7.277848 2.578001 -0.016527
v 6.837735 2.203182 0.199874
v 6.858638 2.203182 0.199874
v 6.848186 2.187091 0.199830
v 6.418525 2.578001 -0.016527
v 6.428977 2.586009 -0.030485
v 6.439429 2.578001 -0.016527
v 5.999315 2.203182 0.199874
v 6.020219 2.203182 0.199874
v 6.009767 2.187091 0.199830
v 5.580105 2.578001 -0.016527
v 5.590557 2.586009 -0.030485
v 5.601009 2.578001 -0.016527
v 5.160896 2.203182 0.199874
v 5.181800 2.203182 0.199874
v 5.171348 2.187091 0.199830
v 8.095364 1.940752 0.620721
v 8.116267 1.940752 0.620721
v 8.105816 1.926794 0.628729
v 7.676154 2.157153 0.245903
v 7.686606 2.157109 0.229812
v 7.697058 2.157153 0.245904
v 7.256944 1.940752 0.620721
v 7.277848 1.940752 0.620721
v 7.267396 1.926794 0.628729
v 6.837735 2.157153 0.245903
v 6.848186 2.157109 0.229812
v 6.858638 2.157153 0.245904
v 6.418525 1.940752 0.620721
v 6.439429 1.940752 0.620722
v 6.428977 1.926794 0.628729
v 5.999315 2.157153 0.245904
v 6.009767 2.157109 0.229812
v 6.020219 2.157153 0.245904
v 5.580105 1.940752 0.620721
v 5.601009 1.940752 0.620721
v 5.590557 1.926794 0.628729
v 5.160896 2.157153 0.245904
v 5.171348 2.157109 0.229812
v 5.181800 2.157153 0.245904
v 8.095364 1.923904 0.683599
v 8.105816 1.915820 0.669685
v 8.116267 1.923904 0.683599
v 7.676154 1.923904 1.116401
v 7.697058 1.923904 1.116401
v 7.686606 1.915820 1.130315
v 7.256944 1.923904 0.683599
v 7.267396 1.915820 0.669685
v 7.277848 1.923904 0.683599
v 6.837735 1.923904 1.116401
v 6.858638 1.923904 1.116401
v 6.848186 1.915820 1.130315
v 6.418525 1.923904 0.683599
v 6.428977 1.915820 0.669685
v 6.439429 1.923904 0.683599
v 5.999315 1.923904 1.116401
v 6.020219 1.923904 1.116401
v 6.009767 1.915820 1.130315
v 5.580105 1.923904 0.683599
v 5.590557 1.915820 0.669685
v 5.601009 1.923904 0.683599
v 5.160895 1.923904 1.116401
v 5.181800 1.923904 1.116401
v 5.171348 1.915820 1.130316
v 8.095364 2.157154 1.554097
v 8.116267 2.157154 1.554097
v 8.105816 2.157109 1.570189
v 7.676154 1.940752 1.179279
v 7.686606 1.926794 1.171271
v 7.697058 1.940752 1.179279
v 7.256944 2.157154 1.554097
v 7.277848 2.157154 1.554097
v 7.267396 2.157109 1.570189
v 6.837735 1.940752 1.179279
v 6.848186 1.926794 1.171271
v 6.858638 1.940752 1.179279
v 6.418525 2.157154 1.554097
v 6.439429 2.157154 1.554097
v 6.428977 2.157109 1.570189
v 5.999315 1.940752 1.179279
v 6.009767 1.926794 1.171271
v 6.020219 1.940752 1.179279
v 5.580106 2.157154 1.554097
v 5.601009 2.157154 1.554097
v 5.590558 2.157109 1.570189
v 5.160895 1.940752 1.179278
v 5.171348 1.926794 1.171271
v 5.181800 1.940752 1.179278
v 8.095364 2.203183 1.600126
v 8.105816 2.187091 1.600170
v 8.116267 2.203183 1.600126
v 7.676154 2.578001 1.816527
v 7.697058 2.578001 1.816527
v 7.686606 2.586009 1.830485
v 7.256944 2.203183 1.600126
v 7.267396 2.187091 1.600170
v 7.277848 2.203183 1.600126
v 6.837735 2.578001 1.816527
v 6.858639 2.578001 1.816527
v 6.848186 2.586009 1.830485
v 6.418525 2.203183 1.600126
v 6.428977 2.187091 1.600170
v 6.439429 2.203183 1.600126
v 5.999315 2.578001 1.816527
v 6.020219 2.578001 1.816527
v 6.009767 2.586009 1.830485
v 5.580106 2.203183 1.600126
v 5.590558 2.187091 1.600170
v 5.601009 2.203183 1.600126
v 5.160896 2.578001 1.816527
v 5.181800 2.578001 1.816527
v 5.171348 2.586009 1.830485
v 8.095364 3.073681 1.833375
v 8.116268 3.073681 1.833375
v 8.105816 3.087595 1.841460
v 7.676154 2.640878 1.833375
v 7.686606 2.626964 1.841459
v 7.697058 2.640878 1.833375
v 7.256944 3.073680 1.833375
v 7.277848 3.073680 1.833375
v 7.267396 3.087594 1.841460
v 6.837735 2.640878 1.833375
v 6.848186 2.626964 1.841460
v 6.858639 2.640878 1.833375
v 6.418525 3.073681 1.833375
v 6.439429 3.073681 1.833375
v 6.428977 3.087595 1.841460
v 5.999315 2.640878 1.833375
v 6.009767 2.626964 1.841460
v 6.020219 2.640878 1.833375
v 5.580105 3.073681 1.833375
v 5.601009 3.073681 1.833375
v 5.590558 3.087595 1.841460
v 5.160896 2.640878 1.833375
v 5.171348 2.626964 1.841460
v 5.181800 2.640878 1.833375
v 8.095364 3.136558 1.816528
v 8.105816 3.128550 1.830486
v 8.116267 3.136558 1.816528
v 7.676154 3.511376 1.600126
v 7.697058 3.511376 1.600126
v 7.686606 3.527468 1.600170
v 7.256945 3.136558 1.816527
v 7.267396 3.128550 1.830486
v 7.277848 3.136558 1.816528
v 6.837735 3.511376 1.600126
v 6.858638 3.511376 1.600126
v 6.848186 3.527468 1.600170
v 6.418525 3.136558 1.816528
v 6.428977 3.128550 1.830486
v 6.439429 3.136558 1.816528
v 5.999315 3.511376 1.600126
v 6.020219 3.511376 1.600126
v 6.009767 3.527468 1.600170
v 5.580106 3.136558 1.816528
v 5.590558 3.128550 1.830486
v 5.601009 3.136558 1.816528
v 5.160896 3.511376 1.600126
v 5.181800 3.511376 1.600126
v 5.171348 3.527468 1.600170
v 8.095364 3.773807 1.179278
v 8.116268 3.773807 1.179278
v 8.105816 3.787765 1.171270
v 7.676154 3.557405 1.554097
v 7.686606 3.557449 1.570189
v 7.697058 3.557405 1.554097
v 7.256944 3.773807 1.179278
v 7.277848 3.773807 1.179278
v 7.267396 3.787765 1.171270
v 6.837735 3.557405 1.554097
v 6.848186 3.557449 1.570189
v 6.858639 3.557405 1.554097
v 6.418525 3.773807 1.179278
v 6.439429 3.773807 1.179278
v 6.428977 3.787765 1.171270
v 5.999315 3.557405 1.554097
v 6.009767 3.557449 1.570189
v 6.020219 3.557405 1.554097
v 5.580106 3.773807 1.179278
v 5.601009 3.773807 1.179278
v 5.590558 3.787765 1.171270
v 5.160896 3.557405 1.554096
v 5.171348 3.557449 1.570189
v 5.181799 3.557405 1.554097
v 8.095364 3.790655 1.116401
v 8.105816 3.798739 1.130315
v 8.116268 3.790655 1.116401
v 7.676154 3.790655 0.683599
v 7.697058 3.790655 0.683599
v 7.686606 3.798739 0.669685
v 7.256945 3.790655 1.116401
v 7.267396 3.798739 1.130315
v 7.277848 3.790655 1.116401
v 6.837735 3.790655 0.683599
v 6.858638 3.790655 0.683599
v 6.848186 3.798739 0.669685
v 6.418525 3.790655 1.116401
v 6.428977 3.798739 1.130315
v 6.439429 3.790655 1.116401
v 5.999315 3.790655 0.683599
v 6.020219 3.790655 0.683599
v 6.009768 3.798739 0.669685
v 5.580106 3.790655 1.116401
v 5.590558 3.798739 1.130315
v 5.601009 3.790655 1.116401
v 5.160896 3.790655 0.683599
v 5.181800 3.790655 0.683599
v 5.171348 3.798739 0.669685
v 8.095364 3.557405 0.245903
v 8.116268 3.557405 0.245903
v 8.105816 3.557449 0.229811
v 7.676154 3.773807 0.620722
v 7.686606 3.787765 0.628729
v 7.697058 3.773807 0.620721
v 7.256945 3.557405 0.245903
v 7.277848 3.557405 0.245903
v 7.267396 3.557449 0.229811
v 6.837735 3.773807 0.620721
v 6.848186 3.787765 0.628729
v 6.858639 3.773807 0.620722
v 6.418525 3.557405 0.245903
v 6.439429 3.557405 0.245903
v 6.428977 3.557449 0.229811
v 5.999315 3.773807 0.620721
v 6.009768 3.787765 0.628729
v 6.020219 3.773807 0.620722
v 5.580106 3.557405 0.245903
v 5.601009 3.557405 0.245903
v 5.590558 3.557449 0.229811
v 5.160896 3.773807 0.620722
v 5.171348 3.787765 0.628729
v 5.181800 3.773807 0.620722
v 8.095364 3.511376 0.199874
v 8.105816 3.527468 0.199830
v 8.116268 3.511376 0.199874
v 7.676154 3.136558 -0.016528
v 7.697058 3.136558 -0.016528
v 7.686606 3.128550 -0.030486
v 7.256945 3.511376 0.199874
v 7.267396 3.527468 0.199830
v 7.277848 3.511376 0.199874
v 6.837735 3.136558 -0.016528
v 6.858639 3.136558 -0.016528
v 6.848186 3.128550 -0.030486
v 6.418525 3.511376 0.199874
v 6.428977 3.527468 0.199830
v 6.439429 3.511376 0.199874
v 5.999315 3.136558 -0.016528
v 6.020219 3.136558 -0.016528
v 6.009767 3.128550 -0.030486
v 5.580106 3.511376 0.199874
v 5.590558 3.527468 0.199830
v 5.601009 3.511376 0.199874
v 5.160896 3.136558 -0.016528
v 5.181800 3.136558 -0.016528
v 5.171348 3.128550 -0.030486
v 5.145094 3.094184 -0.028081
v 5.145094 3.116154 -0.022194
v 5.157950 3.108073 -0.035972
v 5.197602 3.094184 -0.028081
v 5.184745 3.108073 -0.035972
v 5.197602 3.116154 -0.022194
v 5.983513 3.094184 -0.028081
v 5.983513 3.116154 -0.022194
v 5.996370 3.108073 -0.035972
v 6.036021 3.094184 -0.028081
v 6.023165 3.108073 -0.035972
v 6.036021 3.116154 -0.022194
v 6.821933 3.094184 -0.028081
v 6.821932 3.116154 -0.022194
v 6.834789 3.108073 -0.035972
v 6.874441 3.094184 -0.028081
v 6.861584 3.108073 -0.035972
v 6.874441 3.116154 -0.022194
v 7.660352 3.094184 -0.028081
v 7.660352 3.116154 -0.022194
v 7.673209 3.108073 -0.035972
v 7.712860 3.094184 -0.028081
v 7.700004 3.108073 -0.035972
v 7.712860 3.116154 -0.022194
v 5.564303 3.526485 0.214711
v 5.564303 3.542568 0.230794
v 5.577160 3.542459 0.214821
v 5.616812 3.526485 0.214711
v 5.603955 3.542459 0.214821
v 5.616811 3.542568 0.230794
v 6.402723 3.526485 0.214711
v 6.402723 3.542568 0.230794
v 6.415579 3.542459 0.214821
v 6.455231 3.526485 0.214711
v 6.442374 3.542459 0.214821
v 6.455231 3.542568 0.230794
v 7.241142 3.526485 0.214711
v 7.241142 3.542568 0.230794
v 7.253999 3.542459 0.214821
v 7.293651 3.526485 0.214711
v 7.280794 3.542459 0.214821
v 7.293651 3.542568 0.230794
v 8.079561 3.526485 0.214711
v 8.079562 3.542568 0.230794
v 8.092419 3.542459 0.214821
v 8.132070 3.526485 0.214711
v 8.119213 3.542459 0.214821
v 8.132070 3.542568 0.230794
v 5.145094 3.779474 0.641125
v 5.145094 3.785360 0.663095
v 5.157950 3.793252 0.649207
v 5.197602 3.779474 0.641125
v 5.184745 3.793252 0.649207
v 5.197602 3.785360 0.663095
v 5.983513 3.779474 0.641125
v 5.983513 3.785360 0.663095
v 5.996370 3.793252 0.649207
v 6.036021 3.779474 0.641125
v 6.023165 3.793252 0.649207
v 6.036021 3.785360 0.663095
v 6.821933 3.779474 0.641125
v 6.821933 3.785360 0.663095
v 6.834789 3.793252 0.649207
v 6.874441 3.779474 0.641125
v 6.861584 3.793252 0.649207
v 6.874441 3.785360 0.663095
v 7.660352 3.779474 0.641125
v 7.660352 3.785360 0.663095
v 7.673209 3.793252 0.649207
v 7.712860 3.779474 0.641125
v 7.700004 3.793252 0.649207
v 7.712860 3.785360 0.663095
v 5.564303 3.785360 1.136904
v 5.564303 3.779474 1.158875
v 5.577160 3.793252 1.150793
v 5.616812 3.785360 1.136904
v 5.603955 3.793252 1.150793
v 5.616812 3.779474 1.158875
v 6.402723 3.785360 1.136905
v 6.402723 3.779474 1.158875
v 6.415580 3.793252 1.150793
v 6.455231 3.785360 1.136904
v 6.442374 3.793252 1.150793
v 6.455231 3.779474 1.158875
v 7.241142 3.785360 1.136904
v 7.241142 3.779474 1.158875
v 7.253999 3.793252 1.150793
v 7.293650 3.785360 1.136904
v 7.280794 3.793252 1.150793
v 7.293651 3.779474 1.158875
v 8.079562 3.785360 1.136904
v 8.079561 3.779474 1.158875
v 8.092419 3.793252 1.150793
v 8.132070 3.785360 1.136904
v 8.119213 3.793252 1.150793
v 8.132070 3.779474 1.158875
v 5.145094 3.542569 1.569206
v 5.145094 3.526485 1.585289
v 5.157950 3.542459 1.585179
v 5.197602 3.542568 1.569206
v 5.184745 3.542459 1.585179
v 5.197602 3.526485 1.585289
v 5.983513 3.542568 1.569206
v 5.983513 3.526485 1.585289
v 5.996370 3.542459 1.585179
v 6.036021 3.542568 1.569206
v 6.023165 3.542459 1.585179
v 6.036021 3.526485 1.585289
v 6.821933 3.542568 1.569206
v 6.821932 3.526485 1.585289
v 6.834789 3.542459 1.585179
v 6.874441 3.542568 1.569206
v 6.861584 3.542459 1.585179
v 6.874441 3.526485 1.585289
v 7.660352 3.542568 1.569206
v 7.660352 3.526485 1.585289
v 7.673209 3.542459 1.585179
v 7.712860 3.542568 1.569206
v 7.700004 3.542459 1.585179
v 7.712860 3.526485 1.585289
v 5.564303 3.116154 1.822194
v 5.564303 3.094184 1.828081
v 5.577160 3.108073 1.835973
v 5.616812 3.116154 1.822194
v 5.603955 3.108073 1.835973
v 5.616811 3.094184 1.828081
v 6.402723 3.116154 1.822194
v 6.402723 3.094184 1.828081
v 6.415579 3.108073 1.835973
v 6.455231 3.116154 1.822194
v 6.442374 3.108073 1.835973
v 6.455231 3.094184 1.828081
v 7.241142 3.116154 1.822194
v 7.241142 3.094184 1.828081
v 7.253999 3.108073 1.835973
v 7.293651 3.116154 1.822194
v 7.280794 3.108073 1.835973
v 7.293650 3.094184 1.828081
v 8.079561 3.116154 1.822194
v 8.079562 3.094184 1.828081
v 8.092419 3.108073 1.835973
v 8.132070 3.116154 1.822194
v 8.119213 3.108073 1.835973
v 8.132070 3.094184 1.828081
v 5.145094 2.620375 1.828081
v 5.145094 2.598405 1.822194
v 5.157950 2.606487 1.835972
v 5.197602 2.620375 1.828081
v 5.184745 2.606487 1.835972
v 5.197602 2.598405 1.822194
v 5.983513 2.620375 1.828081
v 5.983513 2.598405 1.822194
v 5.996370 2.606487 1.835972
v 6.036021 2.620375 1.828081
v 6.023165 2.606487 1.835972
v 6.036021 2.598405 1.822194
v 6.821932 2.620375 1.828081
v 6.821932 2.598405 1.822194
v 6.834789 2.606487 1.835972
v 6.874441 2.620375 1.828081
v 6.861584 2.606487 1.835972
v 6.874441 2.598405 1.822194
v 7.660352 2.620375 1.828081
v 7.660352 2.598405 1.822194
v 7.673209 2.606487 1.835972
v 7.712860 2.620375 1.828081
v 7.700004 2.606487 1.835972
v 7.712860 2.598405 1.822194
v 5.564303 2.188074 1.585289
v 5.564303 2.171991 1.569206
v 5.577160 2.172100 1.585179
v 5.616812 2.188074 1.585289
v 5.603955 2.172101 1.585179
v 5.616812 2.171991 1.569206
v 6.402723 2.188074 1.585289
v 6.402723 2.171991 1.569206
v 6.415579 2.172100 1.585179
v 6.455231 2.188074 1.585289
v 6.442374 2.172100 1.585179
v 6.455231 2.171991 1.569206
v 7.241142 2.188074 1.585289
v 7.241142 2.171991 1.569206
v 7.253999 2.172100 1.585179
v 7.293650 2.188074 1.585289
v 7.280794 2.172100 1.585179
v 7.293650 2.171991 1.569206
v 8.079561 2.188074 1.585289
v 8.079561 2.171991 1.569206
v 8.092419 2.172100 1.585179
v 8.132070 2.188074 1.585289
v 8.119213 2.172100 1.585179
v 8.132070 2.171991 1.569206
v 5.145093 1.935085 1.158875
v 5.145093 1.929198 1.136905
v 5.157950 1.921307 1.150793
v 5.197601 1.935085 1.158875
v 5.184745 1.921307 1.150793
v 5.197601 1.929198 1.136905
v 5.983513 1.935085 1.158875
v 5.983513 1.929198 1.136905
v 5.996370 1.921307 1.150793
v 6.036021 1.935085 1.158875
v 6.023164 1.921307 1.150793
v 6.036021 1.929198 1.136905
v 6.821932 1.935085 1.158875
v 6.821932 1.929198 1.136905
v 6.834789 1.921307 1.150793
v 6.874441 1.935085 1.158875
v 6.861584 1.921307 1.150793
v 6.874441 1.929198 1.136905
v 7.660352 1.935085 1.158875
v 7.660352 1.929198 1.136905
v 7.673208 1.921307 1.150793
v 7.712860 1.935085 1.158875
v 7.700003 1.921307 1.150793
v 7.712860 1.929198 1.136905
v 5.564303 1.929198 0.663095
v 5.564303 1.935085 0.641125
v 5.577160 1.921307 0.649207
v 5.616811 1.929198 0.663095
v 5.603955 1.921307 0.649207
v 5.616811 1.935085 0.641125
v 6.402723 1.929198 0.663095
v 6.402723 1.935085 0.641125
v 6.415579 1.921307 0.649207
v 6.455231 1.929198 0.663095
v 6.442374 1.921307 0.649207
v 6.455231 1.935085 0.641125
v 7.241142 1.929198 0.663095
v 7.241142 1.935085 0.641125
v 7.253999 1.921307 0.649207
v 7.293650 1.929198 0.663095
v 7.280793 1.921307 0.649207
v 7.293650 1.935085 0.641125
v 8.079561 1.929198 0.663095
v 8.079561 1.935085 0.641125
v 8.092419 1.921307 0.649207
v 8.132070 1.929198 0.663095
v 8.119213 1.921307 0.649207
v 8.132070 1.935085 0.641125
v 5.145094 2.171990 0.230794
v 5.145094 2.188073 0.214711
v 5.157950 2.172100 0.214821
v 5.197602 2.171990 0.230795
v 5.184745 2.172100 0.214821
v 5.197602 2.188073 0.214711
v 5.983513 2.171990 0.230794
v 5.983513 2.188073 0.214711
v 5.996370 2.172100 0.214821
v 6.036021 2.171990 0.230794
v 6.023164 2.172100 0.214821
v 6.036021 2.188073 0.214711
v 6.821932 2.171990 0.230794
v 6.821932 2.188073 0.214711
v 6.834789 2.172100 0.214821
v 6.874441 2.171990 0.230794
v 6.861584 2.172100 0.214821
v 6.874441 2.188073 0.214711
v 7.660352 2.171990 0.230794
v 7.660352 2.188073 0.214711
v 7.673209 2.172100 0.214821
v 7.712860 2.171990 0.230794
v 7.700003 2.172100 0.214821
v 7.712860 2.188073 0.214711
v 5.564303 2.598405 -0.022194
v 5.564303 2.620375 -0.028081
v 5.577160 2.606487 -0.035972
v 5.616811 2.598405 -0.022194
v 5.603955 2.606487 -0.035972
v 5.616811 2.620375 -0.028081
v 6.402723 2.598405 -0.022194
v 6.402723 2.620375 -0.028081
v 6.415579 2.606487 -0.035972
v 6.455231 2.598405 -0.022194
v 6.442374 2.606487 -0.035972
v 6.455231 2.620375 -0.028081
v 7.241142 2.598405 -0.022194
v 7.241142 2.620375 -0.028081
v 7.253999 2.606487 -0.035972
v 7.293651 2.598405 -0.022194
v 7.280794 2.606487 -0.035972
v 7.293650 2.620375 -0.028081
v 8.079561 2.598405 -0.022194
v 8.079561 2.620375 -0.028081
v 8.092419 2.606487 -0.035972
v 8.132070 2.598405 -0.022194
v 8.119213 2.606487 -0.035972
v 8.132070 2.620375 -0.028081
v 5.182361 2.943799 0.167331
v 5.171348 2.920947 0.172970
v 5.160335 2.943799 0.167331
v 5.238243 2.966256 0.173379
v 5.253854 2.981280 0.177450
v 5.261813 2.957157 0.182672
v 5.601570 2.770761 0.167331
v 5.579544 2.770761 0.167331
v 5.590557 2.793613 0.172970
v 5.657453 2.748304 0.173379
v 5.681023 2.757403 0.182672
v 5.673064 2.733281 0.177450
v 6.020780 2.943799 0.167331
v 6.009767 2.920947 0.172970
v 5.998754 2.943799 0.167331
v 6.076663 2.966256 0.173379
v 6.092274 2.981280 0.177450
v 6.100233 2.957157 0.182672
v 6.439990 2.770761 0.167331
v 6.417964 2.770761 0.167331
v 6.428977 2.793613 0.172970
v 6.495872 2.748304 0.173379
v 6.519442 2.757403 0.182672
v 6.511484 2.733281 0.177450
v 6.859200 2.943799 0.167331
v 6.848186 2.920947 0.172970
v 6.837173 2.943799 0.167331
v 6.915082 2.966256 0.173379
v 6.930693 2.981280 0.177450
v 6.938652 2.957157 0.182672
v 7.278409 2.770761 0.167331
v 7.256383 2.770761 0.167331
v 7.267396 2.793613 0.172970
v 7.334291 2.748304 0.173379
v 7.357862 2.757403 0.182672
v 7.349903 2.733281 0.177450
v 7.697619 2.943799 0.167331
v 7.686606 2.920947 0.172970
v 7.675593 2.943799 0.167331
v 7.753501 2.966256 0.173379
v 7.769113 2.981280 0.177450
v 7.777071 2.957157 0.182672
v 8.116829 2.770761 0.167331
v 8.094803 2.770761 0.167331
v 8.105816 2.793613 0.172970
v 8.172710 2.748304 0.173379
v 8.196281 2.757403 0.182672
v 8.188322 2.733281 0.177450
v 8.094803 2.565874 0.222230
v 8.116829 2.565874 0.222230
v 8.105816 2.548903 0.238540
v 8.038920 2.588346 0.216240
v 8.015350 2.585112 0.228837
v 8.023310 2.603392 0.212254
v 7.675593 2.416017 0.308749
v 7.686606 2.438627 0.302207
v 7.697619 2.416017 0.308750
v 7.619711 2.399594 0.325216
v 7.604099 2.388618 0.336253
v 7.596141 2.412120 0.328714
v 7.256383 2.565874 0.222230
v 7.278409 2.565874 0.222230
v 7.267396 2.548903 0.238540
v 7.200501 2.588346 0.216240
v 7.176931 2.585112 0.228837
v 7.184890 2.603392 0.212254
v 6.837173 2.416017 0.308750
v 6.848186 2.438627 0.302207
v 6.859200 2.416017 0.308750
v 6.781291 2.399594 0.325216
v 6.765680 2.388618 0.336253
v 6.757721 2.412120 0.328714
v 6.417964 2.565874 0.222230
v 6.439990 2.565874 0.222230
v 6.428977 2.548903 0.238540
v 6.362082 2.588346 0.216240
v 6.338511 2.585112 0.228837
v 6.346470 2.603392 0.212254
v 5.998754 2.416017 0.308750
v 6.009767 2.438627 0.302207
v 6.020780 2.416017 0.308750
v 5.942872 2.399594 0.325216
v 5.927260 2.388618 0.336253
v 5.919302 2.412120 0.328714
v 5.579544 2.565874 0.222230
v 5.601570 2.565874 0.222230
v 5.590557 2.548903 0.238540
v 5.523662 2.588346 0.216240
v 5.500092 2.585112 0.228837
v 5.508051 2.603392 0.212254
v 5.160335 2.416017 0.308750
v 5.171348 2.438627 0.302207
v 5.182361 2.416017 0.308750
v 5.104453 2.399594 0.325216
v 5.088841 2.388618 0.336253
v 5.080883 2.412120 0.328714
v 8.094803 2.179510 0.608593
v 8.105816 2.195819 0.591622
v 8.116829 2.179510 0.608593
v 8.038920 2.173520 0.631065
v 8.023309 2.169533 0.646112
v 8.015350 2.186117 0.627832
v 7.675593 2.266029 0.458737
v 7.697619 2.266029 0.458737
v 7.686606 2.259487 0.481347
v 7.619711 2.282495 0.442314
v 7.596141 2.285994 0.454840
v 7.604099 2.293533 0.431338
v 7.256383 2.179510 0.608593
v 7.267396 2.195819 0.591622
v 7.278409 2.179510 0.608593
v 7.200501 2.173520 0.631065
v 7.184890 2.169533 0.646112
v 7.176931 2.186117 0.627832
v 6.837173 2.266029 0.458737
v 6.859200 2.266029 0.458737
v 6.848186 2.259487 0.481347
v 6.781291 2.282495 0.442314
v 6.757721 2.285994 0.454840
v 6.765680 2.293533 0.431338
v 6.417964 2.179510 0.608593
v 6.428977 2.195819 0.591622
v 6.439990 2.179510 0.608593
v 6.362082 2.173520 0.631065
v 6.346470 2.169533 0.646112
v 6.338511 2.186117 0.627832
v 5.998754 2.266029 0.458738
v 6.020780 2.266029 0.458737
v 6.009767 2.259487 0.481347
v 5.942872 2.282495 0.442314
v 5.919302 2.285994 0.454840
v 5.927260 2.293533 0.431338
v 5.579544 2.179510 0.608593
v 5.590557 2.195819 0.591622
v 5.601570 2.179510 0.608593
v 5.523662 2.173520 0.631065
v 5.508051 2.169533 0.646112
v 5.500092 2.186117 0.627832
v 5.160335 2.266029 0.458738
v 5.182361 2.266029 0.458738
v 5.171348 2.259487 0.481347
v 5.104453 2.282496 0.442314
v 5.080883 2.285994 0.454840
v 5.088841 2.293533 0.431338
v 8.094803 2.124611 0.813480
v 8.116829 2.124611 0.813480
v 8.105816 2.130250 0.836333
v 8.038920 2.130659 0.791024
v 8.015350 2.139952 0.800123
v 8.023309 2.134730 0.776000
v 7.675593 2.124611 0.986519
v 7.686606 2.130250 0.963667
v 7.697619 2.124611 0.986519
v 7.619711 2.130659 1.008976
v 7.604099 2.134730 1.023999
v 7.596141 2.139952 0.999877
v 7.256383 2.124611 0.813481
v 7.278409 2.124611 0.813480
v 7.267396 2.130250 0.836333
v 7.200501 2.130659 0.791024
v 7.176931 2.139952 0.800123
v 7.184890 2.134730 0.776000
v 6.837173 2.124611 0.986519
v 6.848186 2.130250 0.963667
v 6.859200 2.124611 0.986519
v 6.781291 2.130659 1.008976
v 6.765680 2.134730 1.023999
v 6.757721 2.139952 0.999877
v 6.417964 2.124611 0.813481
v 6.439990 2.124611 0.813480
v 6.428977 2.130250 0.836333
v 6.362082 2.130659 0.791024
v 6.338511 2.139952 0.800123
v 6.346470 2.134730 0.776000
v 5.998754 2.124611 0.986519
v 6.009767 2.130250 0.963667
v 6.020780 2.124611 0.986519
v 5.942872 2.130659 1.008976
v 5.927260 2.134730 1.023999
v 5.919302 2.139952 0.999877
v 5.579544 2.124611 0.813480
v 5.601570 2.124611 0.813480
v 5.590557 2.130250 0.836333
v 5.523662 2.130659 0.791024
v 5.500092 2.139952 0.800123
v 5.508051 2.134730 0.776000
v 5.160335 2.124611 0.986519
v 5.171348 2.130250 0.963667
v 5.182361 2.124611 0.986519
v 5.104453 2.130659 1.008976
v 5.088841 2.134730 1.023999
v 5.080883 2.139952 0.999877
v 8.094803 2.266030 1.341262
v 8.105816 2.259488 1.318652
v 8.116829 2.266030 1.341262
v 8.038920 2.282496 1.357686
v 8.023310 2.293534 1.368661
v 8.015350 2.285995 1.345160
v 7.675593 2.179510 1.191406
v 7.697619 2.179510 1.191406
v 7.686606 2.195819 1.208377
v 7.619710 2.173520 1.168934
v 7.596141 2.186117 1.172168
v 7.604099 2.169533 1.153888
v 7.256383 2.266030 1.341262
v 7.267396 2.259488 1.318652
v 7.278409 2.266030 1.341262
v 7.200501 2.282496 1.357686
v 7.184890 2.293534 1.368661
v 7.176931 2.285995 1.345160
v 6.837173 2.179510 1.191406
v 6.859200 2.179510 1.191406
v 6.848186 2.195819 1.208377
v 6.781291 2.173520 1.168934
v 6.757721 2.186117 1.172168
v 6.765680 2.169533 1.153888
v 6.417964 2.266030 1.341262
v 6.428977 2.259488 1.318652
v 6.439990 2.266030 1.341262
v 6.362082 2.282496 1.357686
v 6.346470 2.293534 1.368661
v 6.338511 2.285995 1.345160
v 5.998754 2.179510 1.191406
v 6.020780 2.179510 1.191406
v 6.009767 2.195819 1.208377
v 5.942872 2.173520 1.168934
v 5.919302 2.186117 1.172168
v 5.927260 2.169533 1.153888
v 5.579544 2.266030 1.341262
v 5.590557 2.259488 1.318652
v 5.601570 2.266030 1.341262
v 5.523662 2.282496 1.357686
v 5.508051 2.293534 1.368661
v 5.500092 2.285995 1.345160
v 5.160335 2.179510 1.191406
v 5.182361 2.179510 1.191406
v 5.171348 2.195819 1.208377
v 5.104453 2.173520 1.168935
v 5.080883 2.186117 1.172168
v 5.088841 2.169533 1.153888
v 8.094803 2.416018 1.491250
v 8.116829 2.416018 1.491250
v 8.105816 2.438628 1.497793
v 8.038920 2.399594 1.474784
v 8.015350 2.412121 1.471286
v 8.023309 2.388619 1.463746
v 7.675593 2.565874 1.577770
v 7.686606 2.548903 1.561460
v 7.697619 2.565874 1.577770
v 7.619711 2.588346 1.583760
v 7.604100 2.603392 1.587746
v 7.596141 2.585112 1.571163
v 7.256383 2.416018 1.491250
v 7.278409 2.416018 1.491250
v 7.267396 2.438628 1.497793
v 7.200501 2.399594 1.474784
v 7.176931 2.412121 1.471286
v 7.184890 2.388619 1.463746
v 6.837173 2.565874 1.577770
v 6.848186 2.548903 1.561460
v 6.859200 2.565874 1.577770
v 6.781291 2.588346 1.583760
v 6.765680 2.603392 1.587746
v 6.757721 2.585112 1.571163
v 6.417964 2.416018 1.491250
v 6.439990 2.416018 1.491250
v 6.428977 2.438628 1.497793
v 6.362082 2.399594 1.474784
v 6.338511 2.412121 1.471286
v 6.346470 2.388619 1.463746
v 5.998754 2.565874 1.577770
v 6.009767 2.548903 1.561460
v 6.020780 2.565874 1.577770
v 5.942872 2.588346 1.583760
v 5.927261 2.603392 1.587746
v 5.919302 2.585112 1.571163
v 5.579545 2.416018 1.491250
v 5.601571 2.416018 1.491250
v 5.590558 2.438628 1.497793
v 5.523663 2.399594 1.474784
v 5.500093 2.412121 1.471286
v 5.508051 2.388619 1.463747
v 5.160335 2.565874 1.577770
v 5.171348 2.548903 1.561460
v 5.182361 2.565874 1.577770
v 5.104453 2.588346 1.583760
v 5.088841 2.603392 1.587746
v 5.080883 2.585112 1.571163
v 8.094803 2.943799 1.632669
v 8.105816 2.920947 1.627030
v 8.116829 2.943799 1.632669
v 8.038920 2.966256 1.626621
v 8.023310 2.981280 1.622550
v 8.015350 2.957157 1.617328
v 7.675593 2.770761 1.632669
v 7.697619 2.770761 1.632669
v 7.686606 2.793613 1.627030
v 7.619711 2.748304 1.626621
v 7.596141 2.757403 1.617328
v 7.604100 2.733281 1.622550
v 7.256383 2.943799 1.632669
v 7.267396 2.920947 1.627030
v 7.278409 2.943799 1.632669
v 7.200501 2.966255 1.626621
v 7.184890 2.981279 1.622550
v 7.176931 2.957156 1.617328
v 6.837173 2.770761 1.632669
v 6.859200 2.770761 1.632669
v 6.848186 2.793613 1.627030
v 6.781291 2.748304 1.626621
v 6.757721 2.757403 1.617328
v 6.765680 2.733281 1.622550
v 6.417964 2.943799 1.632669
v 6.428977 2.920947 1.627030
v 6.439990 2.943799 1.632669
v 6.362082 2.966256 1.626621
v 6.346470 2.981280 1.622550
v 6.338511 2.957157 1.617328
v 5.998754 2.770761 1.632669
v 6.020780 2.770761 1.632669
v 6.009767 2.793613 1.627030
v 5.942872 2.748304 1.626621
v 5.919302 2.757403 1.617328
v 5.927260 2.733281 1.622550
v 5.579545 2.943799 1.632669
v 5.590558 2.920947 1.627030
v 5.601571 2.943799 1.632669
v 5.523662 2.966256 1.626621
v 5.508051 2.981280 1.622550
v 5.500092 2.957157 1.617328
v 5.160335 2.770761 1.632669
v 5.182361 2.770761 1.632669
v 5.171348 2.793613 1.627030
v 5.104453 2.748304 1.626621
v 5.080883 2.757403 1.617328
v 5.088841 2.733281 1.622550
v 8.094803 3.148687 1.577770
v 8.116829 3.148687 1.577770
v 8.105816 3.165658 1.561460
v 8.038920 3.126214 1.583760
v 8.015350 3.129448 1.571163
v 8.023309 3.111168 1.587746
v 7.675593 3.298542 1.491250
v 7.686606 3.275933 1.497793
v 7.697619 3.298542 1.491250
v 7.619711 3.314966 1.474784
v 7.604100 3.325941 1.463747
v 7.596141 3.302439 1.471286
v 7.256383 3.148687 1.577770
v 7.278409 3.148687 1.577770
v 7.267396 3.165658 1.561460
v 7.200501 3.126214 1.583760
v 7.176931 3.129448 1.571163
v 7.184890 3.111168 1.587746
v 6.837173 3.298542 1.491250
v 6.848186 3.275933 1.497793
v 6.859200 3.298542 1.491250
v 6.781291 3.314966 1.474784
v 6.765680 3.325941 1.463747
v 6.757721 3.302439 1.471286
v 6.417964 3.148687 1.577770
v 6.439990 3.148687 1.577770
v 6.428977 3.165658 1.561460
v 6.362082 3.126214 1.583760
v 6.338511 3.129448 1.571163
v 6.346470 3.111168 1.587746
v 5.998754 3.298542 1.491250
v 6.009767 3.275933 1.497793
v 6.020780 3.298542 1.491250
v 5.942872 3.314966 1.474784
v 5.927261 3.325941 1.463747
v 5.919302 3.302439 1.471286
v 5.579545 3.148687 1.577770
v 5.601571 3.148687 1.577770
v 5.590558 3.165658 1.561460
v 5.523662 3.126214 1.583760
v 5.500092 3.129448 1.571163
v 5.508051 3.111168 1.587746
v 5.160335 3.298542 1.491250
v 5.171348 3.275933 1.497793
v 5.182361 3.298542 1.491250
v 5.104453 3.314966 1.474784
v 5.088841 3.325942 1.463747
v 5.080883 3.302440 1.471286
v 8.094803 3.535050 1.191406
v 8.105816 3.518741 1.208377
v 8.116829 3.535050 1.191406
v 8.038920 3.541040 1.168934
v 8.023310 3.545026 1.153888
v 8.015350 3.528443 1.172168
v 7.675593 3.448530 1.341263
v 7.697619 3.448530 1.341263
v 7.686606 3.455073 1.318653
v 7.619711 3.432064 1.357686
v 7.596141 3.428566 1.345160
v 7.604100 3.421027 1.368662
v 7.256383 3.535050 1.191406
v 7.267396 3.518741 1.208377
v 7.278409 3.535050 1.191406
v 7.200501 3.541040 1.168934
v 7.184890 3.545026 1.153888
v 7.176931 3.528443 1.172168
v 6.837173 3.448530 1.341263
v 6.859200 3.448530 1.341263
v 6.848186 3.455073 1.318653
v 6.781291 3.432064 1.357686
v 6.757721 3.428566 1.345160
v 6.765680 3.421027 1.368662
v 6.417964 3.535050 1.191406
v 6.428977 3.518741 1.208377
v 6.439990 3.535050 1.191406
v 6.362082 3.541040 1.168934
v 6.346470 3.545026 1.153888
v 6.338512 3.528443 1.172168
v 5.998754 3.448530 1.341263
v 6.020780 3.448530 1.341263
v 6.009767 3.455073 1.318653
v 5.942872 3.432064 1.357686
v 5.919302 3.428566 1.345160
v 5.927260 3.421027 1.368662
v 5.579545 3.535050 1.191406
v 5.590558 3.518741 1.208377
v 5.601571 3.535050 1.191406
v 5.523663 3.541040 1.168934
v 5.508051 3.545026 1.153888
v 5.500093 3.528443 1.172168
v 5.160335 3.448530 1.341262
v 5.182361 3.448530 1.341262
v 5.171348 3.455073 1.318653
v 5.104453 3.432064 1.357686
v 5.080883 3.428566 1.345160
v 5.088841 3.421027 1.368662
v 8.094803 3.589949 0.986519
v 8.116829 3.589949 0.986519
v 8.105816 3.584310 0.963667
v 8.038920 3.583900 1.008976
v 8.015350 3.574608 0.999877
v 8.023310 3.579829 1.023999
v 7.675593 3.589949 0.813481
v 7.686606 3.584310 0.836333
v 7.697619 3.589949 0.813481
v 7.619711 3.583900 0.791024
v 7.604100 3.579829 0.776000
v 7.596141 3.574608 0.800123
v 7.256383 3.589949 0.986519
v 7.278409 3.589949 0.986519
v 7.267396 3.584310 0.963667
v 7.200501 3.583900 1.008976
v 7.176931 3.574608 0.999877
v 7.184890 3.579829 1.023999
v 6.837173 3.589949 0.813481
v 6.848186 3.584310 0.836333
v 6.859200 3.589949 0.813481
v 6.781291 3.583901 0.791024
v 6.765680 3.579830 0.776001
v 6.757721 3.574608 0.800123
v 6.417964 3.589949 0.986519
v 6.439990 3.589949 0.986519
v 6.428977 3.584310 0.963667
v 6.362082 3.583900 1.008976
v 6.338512 3.574608 0.999877
v 6.346470 3.579829 1.023999
v 5.998755 3.589949 0.813481
v 6.009768 3.584310 0.836333
v 6.020781 3.589949 0.813481
v 5.942872 3.583901 0.791024
v 5.927261 3.579830 0.776001
v 5.919302 3.574608 0.800123
v 5.579545 3.589949 0.986519
v 5.601571 3.589949 0.986519
v 5.590558 3.584310 0.963667
v 5.523663 3.583900 1.008976
v 5.500093 3.574608 0.999877
v 5.508051 3.579829 1.023999
v 5.160335 3.589949 0.813481
v 5.171348 3.584310 0.836333
v 5.182361 3.589949 0.813481
v 5.104453 3.583900 0.791024
v 5.088841 3.579829 0.776000
v 5.080883 3.574608 0.800123
v 8.094803 3.448530 0.458737
v 8.105816 3.455073 0.481347
v 8.116829 3.448530 0.458737
v 8.038920 3.432064 0.442314
v 8.023310 3.421027 0.431338
v 8.015350 3.428566 0.454840
v 7.675593 3.535050 0.608593
v 7.697619 3.535050 0.608593
v 7.686606 3.518741 0.591623
v 7.619711 3.541040 0.631065
v 7.596141 3.528443 0.627832
v 7.604100 3.545027 0.646112
v 7.256383 3.448530 0.458737
v 7.267396 3.455073 0.481347
v 7.278409 3.448530 0.458737
v 7.200501 3.432064 0.442314
v 7.184890 3.421027 0.431338
v 7.176931 3.428566 0.454840
v 6.837173 3.535050 0.608593
v 6.859200 3.535050 0.608593
v 6.848186 3.518741 0.591622
v 6.781291 3.541040 0.631065
v 6.757721 3.528443 0.627832
v 6.765680 3.545027 0.646112
v 6.417964 3.448530 0.458737
v 6.428977 3.455073 0.481347
v 6.439990 3.448530 0.458737
v 6.362082 3.432064 0.442314
v 6.346470 3.421027 0.431338
v 6.338511 3.428566 0.454840
v 5.998755 3.535050 0.608593
v 6.020781 3.535050 0.608593
v 6.009768 3.518741 0.591622
v 5.942872 3.541040 0.631065
v 5.919302 3.528443 0.627832
v 5.927261 3.545027 0.646112
v 5.579545 3.448530 0.458737
v 5.590558 3.455073 0.481347
v 5.601571 3.448530 0.458737
v 5.523663 3.432064 0.442314
v 5.508051 3.421027 0.431338
v 5.500093 3.428566 0.454840
v 5.160335 3.535050 0.608594
v 5.182361 3.535050 0.608594
v 5.171348 3.518741 0.591623
v 5.104453 3.541040 0.631065
v 5.080883 3.528443 0.627832
v 5.088841 3.545027 0.646112
v 8.094803 3.298542 0.308750
v 8.116829 3.298542 0.308750
v 8.105816 3.275933 0.302207
v 8.038920 3.314966 0.325216
v 8.015350 3.302439 0.328714
v 8.023310 3.325941 0.336253
v 7.675593 3.148687 0.222230
v 7.686606 3.165658 0.238540
v 7.697619 3.148687 0.222230
v 7.619711 3.126214 0.216240
v 7.604099 3.111168 0.212254
v 7.596141 3.129448 0.228837
v 7.256383 3.298542 0.308750
v 7.278409 3.298542 0.308750
v 7.267396 3.275933 0.302207
v 7.200501 3.314966 0.325216
v 7.176931 3.302439 0.328714
v 7.184890 3.325941 0.336253
v 6.837173 3.148687 0.222230
v 6.848186 3.165658 0.238540
v 6.859200 3.148687 0.222230
v 6.781291 3.126214 0.216240
v 6.765680 3.111168 0.212254
v 6.757721 3.129448 0.228837
v 6.417964 3.298542 0.308750
v 6.439990 3.298542 0.308750
v 6.428977 3.275933 0.302207
v 6.362082 3.314966 0.325216
v 6.338511 3.302439 0.328714
v 6.346470 3.325941 0.336253
v 5.998754 3.148687 0.222230
v 6.009767 3.165658 0.238540
v 6.020780 3.148687 0.222230
v 5.942872 3.126214 0.216240
v 5.927260 3.111168 0.212254
v 5.919302 3.129448 0.228837
v 5.579545 3.298542 0.308750
v 5.601571 3.298542 0.308750
v 5.590558 3.275933 0.302207
v 5.523662 3.314966 0.325216
v 5.500092 3.302439 0.328714
v 5.508051 3.325941 0.336253
v 5.160335 3.148687 0.222230
v 5.171348 3.165658 0.238540
v 5.182361 3.148687 0.222230
v 5.104453 3.126214 0.216240
v 5.088841 3.111168 0.212254
v 5.080883 3.129448 0.228837
v 5.065667 3.035562 0.192028
v 5.043955 3.043302 0.205755
v 5.065667 3.056869 0.197737
v 5.088841 2.981279 0.177450
v 5.104453 2.966256 0.173379
v 5.080883 2.957157 0.182672
v 5.277029 3.035562 0.192028
v 5.277029 3.056869 0.197737
v 5.298740 3.043302 0.205755
v 5.904087 3.035562 0.192028
v 5.882374 3.043302 0.205755
v 5.904087 3.056869 0.197737
v 5.927260 2.981280 0.177450
v 5.942872 2.966256 0.173379
v 5.919302 2.957157 0.182672
v 6.115448 3.035562 0.192028
v 6.115448 3.056869 0.197737
v 6.137160 3.043302 0.205755
v 6.742506 3.035562 0.192028
v 6.720794 3.043302 0.205755
v 6.742506 3.056869 0.197737
v 6.765680 2.981280 0.177450
v 6.781291 2.966256 0.173379
v 6.757721 2.957157 0.182672
v 6.953867 3.035562 0.192028
v 6.953867 3.056869 0.197737
v 6.975579 3.043302 0.205755
v 7.580925 3.035562 0.192028
v 7.559213 3.043302 0.205755
v 7.580925 3.056869 0.197737
v 7.604099 2.981280 0.177450
v 7.619711 2.966256 0.173379
v 7.596141 2.957157 0.182672
v 7.792287 3.035562 0.192028
v 7.792287 3.056869 0.197737
v 7.813999 3.043302 0.205755
v 5.484877 3.365663 0.376020
v 5.463165 3.365503 0.391777
v 5.484877 3.381260 0.391617
v 5.696238 3.365663 0.376020
v 5.696238 3.381260 0.391617
v 5.717950 3.365503 0.391777
v 5.673064 3.325941 0.336253
v 5.681023 3.302439 0.328714
v 5.657453 3.314966 0.325216
v 6.323297 3.365663 0.376020
v 6.301584 3.365503 0.391777
v 6.323296 3.381260 0.391617
v 6.534657 3.365663 0.376020
v 6.534657 3.381260 0.391617
v 6.556369 3.365503 0.391777
v 6.511483 3.325941 0.336253
v 6.519442 3.302439 0.328714
v 6.495872 3.314966 0.325216
v 7.161716 3.365663 0.376020
v 7.140004 3.365503 0.391777
v 7.161716 3.381260 0.391617
v 7.373077 3.365663 0.376020
v 7.373077 3.381260 0.391617
v 7.394789 3.365503 0.391777
v 7.349903 3.325941 0.336253
v 7.357862 3.302439 0.328714
v 7.334291 3.314966 0.325216
v 8.000135 3.365663 0.376020
v 7.978423 3.365503 0.391777
v 8.000135 3.381260 0.391617
v 8.211496 3.365663 0.376020
v 8.211496 3.381260 0.391617
v 8.233209 3.365503 0.391777
v 8.188322 3.325941 0.336253
v 8.196281 3.302439 0.328714
v 8.172711 3.314966 0.325216
v 5.065667 3.559543 0.700411
v 5.043955 3.551525 0.713977
v 5.065667 3.565252 0.721718
v 5.277029 3.559543 0.700411
v 5.277029 3.565252 0.721718
v 5.298740 3.551525 0.713978
v 5.253854 3.545027 0.646112
v 5.261813 3.528443 0.627832
v 5.238243 3.541040 0.631066
v 5.904087 3.559543 0.700411
v 5.882375 3.551525 0.713978
v 5.904087 3.565252 0.721718
v 6.115448 3.559543 0.700411
v 6.115448 3.565252 0.721718
v 6.137160 3.551525 0.713977
v 6.092274 3.545026 0.646112
v 6.100233 3.528443 0.627832
v 6.076663 3.541040 0.631065
v 6.742506 3.559543 0.700411
v 6.720794 3.551525 0.713978
v 6.742506 3.565252 0.721718
v 6.953867 3.559543 0.700411
v 6.953867 3.565252 0.721718
v 6.975579 3.551525 0.713978
v 6.930693 3.545026 0.646112
v 6.938652 3.528443 0.627832
v 6.915082 3.541040 0.631065
v 7.580925 3.559543 0.700411
v 7.559214 3.551525 0.713978
v 7.580925 3.565252 0.721718
v 7.792287 3.559543 0.700411
v 7.792287 3.565252 0.721718
v 7.813999 3.551525 0.713978
v 7.769113 3.545027 0.646112
v 7.777071 3.528443 0.627832
v 7.753501 3.541040 0.631065
v 5.484877 3.565252 1.078282
v 5.463165 3.551525 1.086022
v 5.484877 3.559543 1.099589
v 5.696238 3.565252 1.078282
v 5.696238 3.559543 1.099589
v 5.717950 3.551525 1.086022
v 5.673064 3.579830 1.023999
v 5.681023 3.574608 0.999877
v 5.657453 3.583901 1.008976
v 6.323297 3.565252 1.078282
v 6.301584 3.551525 1.086022
v 6.323297 3.559543 1.099589
v 6.534657 3.565252 1.078282
v 6.534657 3.559543 1.099589
v 6.556370 3.551525 1.086022
v 6.511484 3.579830 1.023999
v 6.519442 3.574608 0.999877
v 6.495872 3.583901 1.008976
v 7.161716 3.565252 1.078282
v 7.140004 3.551525 1.086022
v 7.161716 3.559543 1.099589
v 7.373077 3.565252 1.078282
v 7.373077 3.559543 1.099589
v 7.394789 3.551525 1.086022
v 7.349903 3.579830 1.023999
v 7.357862 3.574608 0.999877
v 7.334291 3.583901 1.008976
v 8.000135 3.565252 1.078282
v 7.978423 3.551525 1.086022
v 8.000135 3.559543 1.099589
v 8.211496 3.565252 1.078282
v 8.211496 3.559543 1.099589
v 8.233209 3.551525 1.086022
v 8.188322 3.579830 1.023999
v 8.196281 3.574608 0.999877
v 8.172710 3.583901 1.008976
v 5.065667 3.381260 1.408383
v 5.043955 3.365503 1.408223
v 5.065667 3.365663 1.423980
v 5.277029 3.381260 1.408383
v 5.277029 3.365663 1.423980
v 5.298740 3.365503 1.408223
v 5.253854 3.421026 1.368662
v 5.261813 3.428565 1.345160
v 5.238243 3.432064 1.357686
v 5.904087 3.381260 1.408383
v 5.882375 3.365503 1.408223
v 5.904087 3.365663 1.423980
v 6.115448 3.381260 1.408383
v 6.115448 3.365663 1.423980
v 6.137160 3.365503 1.408223
v 6.092274 3.421027 1.368662
v 6.100233 3.428566 1.345160
v 6.076663 3.432064 1.357686
v 6.742506 3.381260 1.408383
v 6.720794 3.365503 1.408223
v 6.742506 3.365663 1.423980
v 6.953867 3.381260 1.408383
v 6.953867 3.365663 1.423980
v 6.975579 3.365503 1.408223
v 6.930693 3.421027 1.368662
v 6.938652 3.428566 1.345160
v 6.915082 3.432064 1.357686
v 7.580925 3.381260 1.408383
v 7.559214 3.365503 1.408223
v 7.580925 3.365663 1.423980
v 7.792287 3.381260 1.408383
v 7.792287 3.365663 1.423980
v 7.813999 3.365503 1.408223
v 7.769113 3.421027 1.368662
v 7.777071 3.428566 1.345160
v 7.753501 3.432064 1.357686
v 5.484877 3.056869 1.602263
v 5.463165 3.043302 1.594245
v 5.484877 3.035562 1.607972
v 5.696238 3.056869 1.602263
v 5.696238 3.035562 1.607972
v 5.717950 3.043302 1.594245
v 5.673064 3.111168 1.587746
v 5.681023 3.129448 1.571163
v 5.657453 3.126214 1.583760
v 6.323296 3.056869 1.602263
v 6.301584 3.043302 1.594245
v 6.323296 3.035562 1.607972
v 6.534657 3.056869 1.602263
v 6.534657 3.035562 1.607972
v 6.556370 3.043302 1.594245
v 6.511484 3.111168 1.587746
v 6.519442 3.129448 1.571163
v 6.495872 3.126214 1.583760
v 7.161716 3.056869 1.602263
v 7.140004 3.043302 1.594245
v 7.161716 3.035562 1.607972
v 7.373077 3.056869 1.602263
v 7.373077 3.035562 1.607972
v 7.394789 3.043302 1.594245
v 7.349903 3.111168 1.587746
v 7.357862 3.129448 1.571163
v 7.334291 3.126215 1.583760
v 8.000135 3.056869 1.602263
v 7.978423 3.043302 1.594245
v 8.000135 3.035562 1.607972
v 8.211496 3.056869 1.602263
v 8.211496 3.035562 1.607972
v 8.233209 3.043302 1.594245
v 8.188322 3.111168 1.587746
v 8.196281 3.129448 1.571163
v 8.172711 3.126214 1.583760
v 5.065667 2.678998 1.607972
v 5.043955 2.671258 1.594245
v 5.065667 2.657691 1.602263
v 5.277028 2.678998 1.607972
v 5.277028 2.657691 1.602263
v 5.298740 2.671258 1.594245
v 5.253854 2.733281 1.622550
v 5.261813 2.757403 1.617328
v 5.238243 2.748304 1.626621
v 5.904087 2.678998 1.607972
v 5.882374 2.671258 1.594245
v 5.904087 2.657691 1.602263
v 6.115448 2.678998 1.607972
v 6.115448 2.657691 1.602263
v 6.137160 2.671258 1.594245
v 6.092274 2.733281 1.622550
v 6.100232 2.757403 1.617328
v 6.076663 2.748304 1.626621
v 6.742506 2.678998 1.607972
v 6.720794 2.671258 1.594245
v 6.742506 2.657691 1.602263
v 6.953867 2.678998 1.607972
v 6.953867 2.657691 1.602263
v 6.975579 2.671258 1.594245
v 6.930693 2.733281 1.622550
v 6.938652 2.757403 1.617328
v 6.915082 2.748304 1.626621
v 7.580925 2.678998 1.607972
v 7.559214 2.671258 1.594245
v 7.580925 2.657691 1.602263
v 7.792287 2.678998 1.607972
v 7.792287 2.657691 1.602263
v 7.813999 2.671258 1.594245
v 7.769113 2.733281 1.622550
v 7.777071 2.757403 1.617328
v 7.753501 2.748304 1.626621
v 5.484877 2.348897 1.423980
v 5.463165 2.349058 1.408223
v 5.484877 2.333300 1.408383
v 5.696238 2.348897 1.423980
v 5.696238 2.333300 1.408383
v 5.717950 2.349058 1.408222
v 5.673064 2.388619 1.463746
v 5.681023 2.412120 1.471286
v 5.657453 2.399594 1.474784
v 6.323296 2.348897 1.423980
v 6.301584 2.349058 1.408223
v 6.323296 2.333300 1.408383
v 6.534657 2.348897 1.423980
v 6.534657 2.333300 1.408383
v 6.556369 2.349058 1.408223
v 6.511483 2.388619 1.463746
v 6.519442 2.412121 1.471286
v 6.495872 2.399594 1.474784
v 7.161716 2.348897 1.423980
v 7.140004 2.349058 1.408223
v 7.161716 2.333300 1.408383
v 7.373077 2.348897 1.423980
v 7.373077 2.333300 1.408383
v 7.394789 2.349058 1.408223
v 7.349903 2.388619 1.463746
v 7.357862 2.412121 1.471286
v 7.334291 2.399594 1.474784
v 8.000135 2.348897 1.423980
v 7.978423 2.349058 1.408223
v 8.000134 2.333300 1.408383
v 8.211496 2.348897 1.423980
v 8.211496 2.333300 1.408383
v 8.233209 2.349058 1.408223
v 8.188322 2.388619 1.463746
v 8.196280 2.412121 1.471286
v 8.172710 2.399594 1.474784
v 5.065667 2.155017 1.099589
v 5.043955 2.163035 1.086022
v 5.065667 2.149308 1.078282
v 5.277028 2.155017 1.099589
v 5.277028 2.149308 1.078282
v 5.298740 2.163035 1.086022
v 5.253854 2.169533 1.153888
v 5.261813 2.186117 1.172168
v 5.238243 2.173520 1.168934
v 5.904087 2.155017 1.099589
v 5.882374 2.163035 1.086022
v 5.904087 2.149308 1.078282
v 6.115448 2.155017 1.099589
v 6.115448 2.149308 1.078282
v 6.137160 2.163035 1.086022
v 6.092274 2.169533 1.153888
v 6.100232 2.186117 1.172168
v 6.076662 2.173520 1.168934
v 6.742506 2.155017 1.099589
v 6.720794 2.163035 1.086022
v 6.742506 2.149308 1.078282
v 6.953867 2.155017 1.099589
v 6.953867 2.149308 1.078282
v 6.975579 2.163035 1.086022
v 6.930693 2.169533 1.153888
v 6.938652 2.186117 1.172168
v 6.915082 2.173520 1.168934
v 7.580925 2.155017 1.099589
v 7.559213 2.163035 1.086022
v 7.580925 2.149308 1.078282
v 7.792286 2.155017 1.099589
v 7.792286 2.149308 1.078282
v 7.813998 2.163035 1.086022
v 7.769112 2.169533 1.153888
v 7.777071 2.186117 1.172168
v 7.753501 2.173520 1.168934
v 5.484877 2.149308 0.721718
v 5.463165 2.163035 0.713978
v 5.484877 2.155017 0.700411
v 5.696238 2.149308 0.721718
v 5.696238 2.155017 0.700411
v 5.717950 2.163035 0.713978
v 5.673064 2.134730 0.776000
v 5.681023 2.139952 0.800123
v 5.657453 2.130659 0.791024
v 6.323296 2.149308 0.721718
v 6.301584 2.163035 0.713978
v 6.323296 2.155017 0.700411
v 6.534657 2.149308 0.721718
v 6.534657 2.155017 0.700411
v 6.556369 2.163035 0.713978
v 6.511483 2.134730 0.776000
v 6.519442 2.139952 0.800123
v 6.495872 2.130659 0.791024
v 7.161716 2.149308 0.721718
v 7.140004 2.163035 0.713978
v 7.161716 2.155017 0.700411
v 7.373077 2.149308 0.721718
v 7.373077 2.155017 0.700411
v 7.394789 2.163035 0.713978
v 7.349903 2.134730 0.776000
v 7.357862 2.139952 0.800123
v 7.334291 2.130659 0.791024
v 8.000135 2.149308 0.721718
v 7.978423 2.163035 0.713978
v 8.000135 2.155017 0.700411
v 8.211496 2.149308 0.721718
v 8.211496 2.155017 0.700411
v 8.233209 2.163035 0.713978
v 8.188322 2.134730 0.776000
v 8.196280 2.139952 0.800123
v 8.172710 2.130659 0.791024
v 5.065667 2.333299 0.391617
v 5.043955 2.349057 0.391777
v 5.065667 2.348897 0.376020
v 5.277028 2.333299 0.391617
v 5.277028 2.348897 0.376020
v 5.298740 2.349057 0.391777
v 5.253854 2.293533 0.431339
v 5.261813 2.285994 0.454840
v 5.238243 2.282495 0.442314
v 5.904087 2.333299 0.391617
v 5.882375 2.349057 0.391777
v 5.904087 2.348897 0.376020
v 6.115448 2.333299 0.391617
v 6.115448 2.348897 0.376020
v 6.137160 2.349057 0.391777
v 6.092274 2.293533 0.431338
v 6.100232 2.285994 0.454840
v 6.076662 2.282495 0.442314
v 6.742506 2.333299 0.391617
v 6.720794 2.349057 0.391777
v 6.742506 2.348897 0.376020
v 6.953867 2.333299 0.391617
v 6.953867 2.348897 0.376020
v 6.975579 2.349057 0.391777
v 6.930693 2.293533 0.431338
v 6.938652 2.285994 0.454840
v 6.915082 2.282495 0.442314
v 7.580925 2.333299 0.391617
v 7.559213 2.349057 0.391777
v 7.580925 2.348897 0.376020
v 7.792287 2.333299 0.391617
v 7.792286 2.348897 0.376020
v 7.813999 2.349057 0.391777
v 7.769113 2.293533 0.431338
v 7.777071 2.285994 0.454840
v 7.753501 2.282495 0.442314
v 5.484877 2.657691 0.197737
v 5.463165 2.671258 0.205755
v 5.484877 2.678998 0.192028
v 5.696238 2.657691 0.197737
v 5.696238 2.678998 0.192028
v 5.717950 2.671258 0.205755
v 5.673064 2.603392 0.212254
v 5.681023 2.585112 0.228837
v 5.657453 2.588346 0.216240
v 6.323296 2.657691 0.197737
v 6.301584 2.671258 0.205755
v 6.323297 2.678998 0.192028
v 6.534657 2.657691 0.197737
v 6.534657 2.678998 0.192028
v 6.556370 2.671258 0.205755
v 6.511483 2.603392 0.212254
v 6.519442 2.585112 0.228837
v 6.495872 2.588346 0.216240
v 7.161716 2.657691 0.197737
v 7.140004 2.671258 0.205755
v 7.161716 2.678998 0.192028
v 7.373077 2.657691 0.197737
v 7.373077 2.678998 0.192028
v 7.394789 2.671258 0.205755
v 7.349903 2.603392 0.212254
v 7.357862 2.585112 0.228837
v 7.334291 2.588346 0.216240
v 8.000135 2.657691 0.197737
v 7.978423 2.671258 0.205755
v 8.000135 2.678998 0.192028
v 8.211496 2.657691 0.197737
v 8.211496 2.678998 0.192028
v 8.233209 2.671258 0.205755
v 8.188322 2.603392 0.212254
v 8.196281 2.585112 0.228837
v 8.172710 2.588346 0.216240
v 5.523662 2.748304 0.173379
v 5.508051 2.733281 0.177450
v 5.500092 2.757403 0.182672
v 6.362082 2.748304 0.173379
v 6.346470 2.733281 0.177450
v 6.338511 2.757403 0.182672
v 7.200501 2.748304 0.173379
v 7.184890 2.733281 0.177450
v 7.176931 2.757403 0.182672
v 8.038920 2.748304 0.173379
v 8.023310 2.733281 0.177450
v 8.015350 2.757403 0.182672
v 7.753501 2.399594 0.325216
v 7.777071 2.412120 0.328714
v 7.769113 2.388618 0.336253
v 6.915082 2.399594 0.325216
v 6.938652 2.412120 0.328714
v 6.930693 2.388618 0.336253
v 6.076663 2.399594 0.325216
v 6.100232 2.412120 0.328714
v 6.092274 2.388618 0.336253
v 5.238243 2.399593 0.325216
v 5.261813 2.412120 0.328714
v 5.253854 2.388618 0.336254
v 8.172710 2.173520 0.631065
v 8.196280 2.186117 0.627832
v 8.188322 2.169533 0.646112
v 7.334291 2.173520 0.631065
v 7.357862 2.186117 0.627832
v 7.349903 2.169533 0.646112
v 6.495872 2.173520 0.631065
v 6.519442 2.186117 0.627832
v 6.511483 2.169533 0.646112
v 5.657453 2.173520 0.631065
v 5.681023 2.186117 0.627832
v 5.673064 2.169533 0.646112
v 7.753501 2.130659 1.008976
v 7.777071 2.139952 0.999877
v 7.769113 2.134730 1.023999
v 6.915082 2.130659 1.008976
v 6.938652 2.139952 0.999877
v 6.930693 2.134730 1.023999
v 6.076662 2.130659 1.008976
v 6.100232 2.139952 0.999877
v 6.092274 2.134730 1.023999
v 5.238243 2.130659 1.008976
v 5.261813 2.139952 0.999877
v 5.253854 2.134730 1.023999
v 8.172710 2.282496 1.357686
v 8.196280 2.285995 1.345160
v 8.188322 2.293534 1.368661
v 7.334291 2.282496 1.357686
v 7.357862 2.285995 1.345160
v 7.349903 2.293534 1.368661
v 6.495872 2.282496 1.357686
v 6.519442 2.285995 1.345160
v 6.511483 2.293534 1.368661
v 5.657453 2.282496 1.357686
v 5.681023 2.285995 1.345160
v 5.673064 2.293534 1.368661
v 7.753501 2.588346 1.583760
v 7.777071 2.585112 1.571163
v 7.769113 2.603392 1.587746
v 6.915082 2.588346 1.583760
v 6.938652 2.585112 1.571163
v 6.930693 2.603392 1.587746
v 6.076663 2.588346 1.583760
v 6.100233 2.585112 1.571163
v 6.092274 2.603392 1.587746
v 5.238243 2.588346 1.583760
v 5.261813 2.585112 1.571163
v 5.253854 2.603392 1.587746
v 8.172711 2.966256 1.626621
v 8.196281 2.957157 1.617328
v 8.188322 2.981279 1.622550
v 7.334291 2.966256 1.626621
v 7.357862 2.957157 1.617328
v 7.349903 2.981280 1.622550
v 6.495872 2.966256 1.626621
v 6.519442 2.957157 1.617328
v 6.511484 2.981280 1.622550
v 5.657453 2.966256 1.626621
v 5.681023 2.957157 1.617328
v 5.673064 2.981280 1.622550
v 7.753501 3.314966 1.474784
v 7.777071 3.302439 1.471286
v 7.769113 3.325941 1.463747
v 6.915082 3.314966 1.474784
v 6.938652 3.302439 1.471286
v 6.930693 3.325941 1.463747
v 6.076662 3.314966 1.474784
v 6.100233 3.302439 1.471286
v 6.092274 3.325941 1.463747
v 5.238243 3.314966 1.474784
v 5.261813 3.302439 1.471286
v 5.253854 3.325941 1.463747
v 8.172711 3.541040 1.168934
v 8.196281 3.528443 1.172168
v 8.188322 3.545027 1.153888
v 7.334291 3.541040 1.168934
v 7.357862 3.528443 1.172168
v 7.349903 3.545027 1.153888
v 6.495872 3.541040 1.168934
v 6.519442 3.528443 1.172168
v 6.511484 3.545027 1.153888
v 5.657453 3.541040 1.168934
v 5.681023 3.528443 1.172168
v 5.673064 3.545027 1.153888
v 7.753501 3.583900 0.791024
v 7.777071 3.574608 0.800123
v 7.769113 3.579829 0.776000
v 6.915082 3.583900 0.791024
v 6.938652 3.574608 0.800123
v 6.930693 3.579829 0.776000
v 6.076663 3.583900 0.791024
v 6.100233 3.574608 0.800123
v 6.092274 3.579829 0.776000
v 5.238243 3.583900 0.791024
v 5.261813 3.574608 0.800123
v 5.253854 3.579829 0.776001
v 8.172710 3.432064 0.442314
v 8.196281 3.428566 0.454840
v 8.188322 3.421027 0.431338
v 7.334291 3.432064 0.442314
v 7.357862 3.428566 0.454840
v 7.349903 3.421027 0.431338
v 6.495872 3.432064 0.442314
v 6.519442 3.428566 0.454840
v 6.511484 3.421027 0.431338
v 5.657453 3.432064 0.442314
v 5.681023 3.428566 0.454840
v 5.673064 3.421027 0.431338
v 7.753501 3.126214 0.216240
v 7.777071 3.129448 0.228837
v 7.769113 3.111168 0.212254
v 6.915082 3.126214 0.216240
v 6.938652 3.129448 0.228837
v 6.930693 3.111168 0.212254
v 6.076663 3.126214 0.216240
v 6.100233 3.129448 0.228837
v 6.092274 3.111168 0.212254
v 5.238243 3.126214 0.216240
v 5.261813 3.129448 0.228837
v 5.253854 3.111168 0.212254
v 4.506592 2.857280 0.155910
v 4.518432 2.857280 0.143652
v 4.518432 2.479106 0.244984
v 4.506592 2.485235 0.255599
v 8.770572 2.485235 0.255599
v 8.758732 2.479106 0.244984
v 8.758732 2.857280 0.143652
v 8.770572 2.857280 0.155910
v 4.518432 2.202264 0.521826
v 4.506592 2.212879 0.527955
v 8.770571 2.212879 0.527955
v 8.758731 2.202264 0.521826
v 4.506592 2.116255 0.888563
v 4.518432 2.100932 0.900000
v 4.506592 2.116255 0.911437
v 8.770571 2.116255 0.888563
v 8.770571 2.116255 0.911437
v 8.758731 2.100932 0.900000
v 4.518432 2.202264 1.278174
v 4.506592 2.212879 1.272045
v 8.770571 2.212879 1.272045
v 8.758731 2.202264 1.278174
v 4.518432 2.479106 1.555016
v 4.506592 2.485235 1.544401
v 8.770572 2.485235 1.544401
v 8.758732 2.479106 1.555016
v 4.518432 2.857280 1.656348
v 4.506592 2.857280 1.644090
v 8.770572 2.857280 1.644090
v 8.758732 2.857280 1.656348
v 4.506592 3.217888 1.547465
v 4.518432 3.235454 1.555016
v 4.506592 3.237697 1.536028
v 8.770572 3.217888 1.547465
v 8.770572 3.237697 1.536028
v 8.758732 3.235454 1.555016
v 4.518433 3.512296 1.278174
v 4.506593 3.501681 1.272045
v 8.770572 3.501681 1.272045
v 8.758732 3.512296 1.278174
v 4.518433 3.613627 0.900000
v 4.506593 3.601370 0.900000
v 8.770572 3.601370 0.900000
v 8.758732 3.613627 0.900000
v 4.518433 3.512296 0.521826
v 4.506593 3.501681 0.527955
v 8.770572 3.501681 0.527955
v 8.758732 3.512296 0.521826
v 4.506592 3.237697 0.263972
v 4.518432 3.235454 0.244984
v 4.506592 3.217888 0.252535
v 8.770572 3.237697 0.263972
v 8.770572 3.217888 0.252535
v 8.758732 3.235454 0.244984
v 4.778801 2.857280 0.026933
v 4.790642 2.857280 0.039190
v 4.790642 2.426876 0.154517
v 4.778801 2.420747 0.143901
v 8.498363 2.420747 0.143901
v 8.486522 2.426876 0.154517
v 8.486522 2.857280 0.039190
v 8.498363 2.857280 0.026933
v 4.790642 2.111797 0.469595
v 4.778801 2.101182 0.463466
v 8.498362 2.109554 0.455094
v 8.498362 2.098117 0.474903
v 8.486522 2.111797 0.469595
v 4.778801 1.987277 0.888563
v 4.790642 1.996470 0.900000
v 4.778801 1.987277 0.911437
v 8.498362 1.987277 0.888563
v 8.498362 1.987277 0.911437
v 8.486522 1.996470 0.900000
v 4.778801 2.098117 1.325097
v 4.790642 2.111797 1.330405
v 4.778801 2.109554 1.344906
v 8.498362 2.098117 1.325097
v 8.498362 2.109554 1.344906
v 8.486522 2.111797 1.330405
v 4.790642 2.426876 1.645483
v 4.778801 2.420747 1.656098
v 8.498363 2.420747 1.656098
v 8.486522 2.426876 1.645483
v 4.790642 2.857280 1.760810
v 4.778801 2.857280 1.773067
v 8.498363 2.857280 1.773067
v 8.486522 2.857280 1.760810
v 4.790642 3.287685 1.645483
v 4.778801 3.293814 1.656098
v 8.498363 3.293814 1.656098
v 8.486522 3.287685 1.645483
v 4.778801 3.605006 1.344906
v 4.790642 3.602763 1.330405
v 4.778801 3.616443 1.325097
v 8.498363 3.605006 1.344906
v 8.498363 3.616443 1.325097
v 8.486522 3.602763 1.330405
v 4.790642 3.718090 0.900000
v 4.778801 3.730347 0.900000
v 8.498363 3.730347 0.900000
v 8.486522 3.718090 0.900000
v 4.790642 3.602763 0.469595
v 4.778801 3.605006 0.455094
v 4.778801 3.616443 0.474903
v 8.498363 3.616443 0.474903
v 8.498363 3.605006 0.455094
v 8.486522 3.602763 0.469595
v 4.790642 3.287685 0.154517
v 4.778801 3.293814 0.143901
v 8.498363 3.293814 0.143901
v 8.486522 3.287685 0.154517
v 4.518432 2.857280 0.039190
v 4.530272 2.857280 0.026933
v 4.530272 2.420747 0.143901
v 4.518432 2.426876 0.154517
v 8.758732 2.426876 0.154517
v 8.746891 2.420747 0.143901
v 8.746891 2.857280 0.026933
v 8.758732 2.857280 0.039190
v 4.530272 2.101182 0.463466
v 4.518432 2.111797 0.469595
v 8.758731 2.111797 0.469595
v 8.746891 2.098117 0.474903
v 8.746891 2.109554 0.455094
v 4.530272 1.987277 0.888563
v 4.530272 1.987277 0.911437
v 4.518432 1.996470 0.900000
v 8.746891 1.987277 0.888563
v 8.758731 1.996470 0.900000
v 8.746891 1.987277 0.911437
v 4.530272 2.098117 1.325097
v 4.530272 2.109554 1.344906
v 4.518432 2.111797 1.330405
v 8.746891 2.098117 1.325097
v 8.758731 2.111797 1.330405
v 8.746891 2.109554 1.344906
v 4.530272 2.420747 1.656098
v 4.518432 2.426876 1.645483
v 8.758732 2.426876 1.645483
v 8.746891 2.420747 1.656098
v 4.530272 2.857280 1.773067
v 4.518432 2.857280 1.760810
v 8.758732 2.857280 1.760810
v 8.746891 2.857280 1.773067
v 4.530272 3.293814 1.656098
v 4.518432 3.287685 1.645483
v 8.758732 3.287685 1.645483
v 8.746891 3.293814 1.656098
v 4.530272 3.605006 1.344906
v 4.530272 3.616443 1.325097
v 4.518433 3.602763 1.330405
v 8.758732 3.602763 1.330405
v 8.746891 3.616443 1.325097
v 8.746891 3.605006 1.344906
v 4.530272 3.730347 0.900000
v 4.518433 3.718090 0.900000
v 8.758732 3.718090 0.900000
v 8.746891 3.730347 0.900000
v 4.530272 3.616443 0.474903
v 4.530272 3.605006 0.455094
v 4.518433 3.602763 0.469595
v 8.746891 3.616443 0.474903
v 8.758732 3.602763 0.469595
v 8.746891 3.605006 0.455094
v 4.530272 3.293814 0.143901
v 4.518432 3.287685 0.154517
v 8.758732 3.287685 0.154517
v 8.746891 3.293814 0.143901
v 4.283752 2.857280 0.168168
v 4.295592 2.857280 0.155910
v 4.295592 2.485235 0.255599
v 4.283752 2.491364 0.266215
v 8.993412 2.491364 0.266215
v 8.981571 2.485235 0.255599
v 8.981571 2.857280 0.155910
v 8.993412 2.857280 0.168168
v 4.295592 2.212879 0.527955
v 4.283752 2.223495 0.534084
v 8.993411 2.223495 0.534084
v 8.981571 2.212879 0.527955
v 4.295592 2.116255 0.888563
v 4.295592 2.116255 0.911437
v 4.283752 2.125448 0.900000
v 8.981571 2.116255 0.888563
v 8.993411 2.125448 0.900000
v 8.981571 2.116255 0.911437
v 4.295592 2.212879 1.272045
v 4.283752 2.223495 1.265916
v 8.993411 2.223495 1.265916
v 8.981571 2.212879 1.272045
v 4.295592 2.485235 1.544401
v 4.283752 2.491364 1.533785
v 8.993412 2.491364 1.533785
v 8.981571 2.485235 1.544401
v 4.295592 2.857280 1.644090
v 4.283752 2.857280 1.631832
v 8.993412 2.857280 1.631832
v 8.981571 2.857280 1.644090
v 4.295592 3.217888 1.547465
v 4.295592 3.237697 1.536028
v 4.283752 3.223196 1.533785
v 8.981571 3.217888 1.547465
v 8.993412 3.223196 1.533785
v 8.981571 3.237697 1.536028
v 4.295592 3.501681 1.272045
v 4.283752 3.491065 1.265916
v 8.993412 3.491065 1.265916
v 8.981571 3.501681 1.272045
v 4.295592 3.601370 0.900000
v 4.283752 3.589112 0.900000
v 8.993412 3.589112 0.900000
v 8.981571 3.601370 0.900000
v 4.295592 3.501681 0.527955
v 4.283752 3.491065 0.534084
v 8.993412 3.491065 0.534084
v 8.981571 3.501681 0.527955
v 4.295592 3.237697 0.263972
v 4.295592 3.217888 0.252535
v 4.283752 3.223196 0.266215
v 8.981571 3.237697 0.263972
v 8.993412 3.223196 0.266215
v 8.981571 3.217888 0.252535
vn -0.0000 1.0000 -0.0000
vn -0.0000 0.8660 -0.5000
vn -0.0000 0.8660 0.5000
vn -0.0000 -0.5000 -0.8660
vn -0.0000 -0.8660 -0.5000
vn 0.7369 -0.6640 -0.1268
vn 0.7369 -0.6640 0.1268
vn 0.7486 -0.6630 -0.0000
vn -0.7486 -0.6630 -0.0000
vn -0.7369 -0.6640 0.1268
vn -0.7369 -0.6640 -0.1268
vn 0.7369 0.2222 0.6385
vn 0.7369 0.4418 0.5117
vn 0.7486 0.3315 0.5742
vn -0.7486 0.3315 0.5742
vn -0.7369 0.4418 0.5117
vn -0.7369 0.2222 0.6385
vn 0.7369 0.4418 -0.5117
vn 0.7369 0.2222 -0.6385
vn 0.7486 0.3315 -0.5742
vn -0.7486 0.3315 -0.5742
vn -0.7369 0.2222 -0.6385
vn -0.7369 0.4418 -0.5117
vn -0.7188 -0.2491 -0.6490
vn -0.4576 -0.1701 -0.8727
vn -0.5104 -0.5401 -0.6691
vn -0.5104 0.5401 -0.6691
vn -0.4576 0.1701 -0.8727
vn -0.7188 0.2491 -0.6490
vn 0.5104 0.5401 -0.6691
vn 0.7188 0.2491 -0.6490
vn 0.4576 0.1701 -0.8727
vn 0.7188 -0.5402 -0.4376
vn 0.5104 -0.8023 -0.3094
vn 0.4576 -0.5837 -0.6707
vn 0.5104 0.1333 -0.8495
vn 0.7188 -0.1088 -0.6866
vn 0.4576 -0.2890 -0.8409
vn -0.5104 0.1333 -0.8495
vn -0.4576 -0.2890 -0.8409
vn -0.7188 -0.1088 -0.6866
vn 0.5104 -0.3094 -0.8023
vn 0.7188 -0.4376 -0.5402
vn 0.4576 -0.6707 -0.5837
vn 0.7188 -0.6866 -0.1088
vn 0.5104 -0.8495 0.1332
vn 0.4576 -0.8409 -0.2890
vn 0.5104 -0.8496 0.1332
vn -0.5104 -0.8495 0.1332
vn -0.7188 -0.6866 -0.1088
vn -0.4576 -0.8409 -0.2890
vn 0.7188 -0.6490 0.2491
vn 0.5104 -0.6691 0.5401
vn 0.4576 -0.8727 0.1701
vn 0.5104 -0.6692 -0.5401
vn 0.7188 -0.6490 -0.2491
vn 0.4576 -0.8727 -0.1701
vn 0.5104 -0.6691 -0.5401
vn -0.5104 -0.6691 -0.5401
vn -0.4576 -0.8727 -0.1702
vn -0.7188 -0.6490 -0.2491
vn 0.5104 -0.8495 -0.1332
vn 0.7188 -0.6866 0.1088
vn 0.4576 -0.8409 0.2890
vn 0.7188 -0.4376 0.5402
vn 0.5104 -0.3094 0.8023
vn 0.4576 -0.6707 0.5837
vn 0.5104 -0.8496 -0.1332
vn -0.5104 -0.3094 0.8023
vn -0.7188 -0.4376 0.5402
vn -0.4576 -0.6707 0.5837
vn 0.7188 -0.1088 0.6866
vn 0.5104 0.1332 0.8496
vn 0.4576 -0.2890 0.8409
vn 0.5104 -0.8023 0.3094
vn 0.7188 -0.5402 0.4375
vn 0.4576 -0.5837 0.6707
vn 0.5104 0.1331 0.8496
vn 0.7188 -0.5402 0.4376
vn 0.5104 0.1332 0.8495
vn 0.5104 0.1333 0.8495
vn 0.4577 -0.2890 0.8408
vn -0.5104 -0.8023 0.3094
vn -0.4576 -0.5837 0.6707
vn -0.7188 -0.5402 0.4376
vn 0.5104 -0.5401 0.6691
vn 0.7188 -0.2491 0.6490
vn 0.4576 -0.1701 0.8727
vn 0.7188 0.2491 0.6490
vn 0.5104 0.5401 0.6691
vn 0.4576 0.1701 0.8727
vn 0.5104 -0.5401 0.6692
vn -0.5104 0.5401 0.6692
vn -0.7188 0.2491 0.6490
vn -0.4576 0.1701 0.8727
vn 0.7188 0.5402 0.4376
vn 0.5104 0.8023 0.3094
vn 0.4576 0.5837 0.6707
vn 0.5104 -0.1332 0.8495
vn 0.7188 0.1088 0.6866
vn 0.4576 0.2890 0.8409
vn 0.7188 0.5402 0.4375
vn -0.5104 -0.1332 0.8496
vn -0.4576 0.2890 0.8409
vn -0.7188 0.1088 0.6866
vn 0.5104 0.3094 0.8023
vn 0.7188 0.4376 0.5402
vn 0.4576 0.6707 0.5837
vn 0.7188 0.6866 0.1088
vn 0.5104 0.8496 -0.1332
vn 0.4576 0.8409 0.2890
vn -0.5104 0.8495 -0.1332
vn -0.7188 0.6866 0.1088
vn -0.4576 0.8409 0.2890
vn 0.7188 0.6490 -0.2491
vn 0.5104 0.6691 -0.5401
vn 0.4576 0.8727 -0.1701
vn 0.5104 0.6691 0.5401
vn 0.7188 0.6490 0.2491
vn 0.4577 0.8727 0.1701
vn 0.4576 0.8727 -0.1702
vn 0.4577 0.8727 0.1702
vn 0.4576 0.8727 0.1702
vn -0.5104 0.6691 0.5401
vn -0.4576 0.8727 0.1701
vn -0.7188 0.6490 0.2491
vn 0.5104 0.8496 0.1332
vn 0.7188 0.6866 -0.1088
vn 0.4576 0.8409 -0.2890
vn 0.7188 0.4375 -0.5402
vn 0.5104 0.3094 -0.8023
vn 0.4576 0.6707 -0.5837
vn 0.5104 0.8495 0.1332
vn 0.7188 0.4376 -0.5402
vn -0.5104 0.3094 -0.8023
vn -0.7188 0.4375 -0.5402
vn -0.4577 0.6707 -0.5837
vn 0.7188 0.1088 -0.6866
vn 0.5104 -0.1332 -0.8496
vn 0.4576 0.2890 -0.8409
vn 0.5104 0.8023 -0.3094
vn 0.7188 0.5402 -0.4376
vn 0.4576 0.5837 -0.6707
vn -0.5104 0.8023 -0.3094
vn -0.4577 0.5837 -0.6707
vn -0.7188 0.5402 -0.4375
vn 0.0198 0.1307 -0.9912
vn 0.0257 -0.1627 -0.9863
vn 0.0297 -0.0000 -0.9996
vn 0.0452 0.1633 -0.9855
vn -0.0198 -0.1307 -0.9912
vn -0.0257 0.1627 -0.9863
vn -0.0297 -0.0000 -0.9996
vn -0.0452 -0.1633 -0.9855
vn 0.5104 -0.5401 -0.6691
vn 0.4576 -0.1701 -0.8727
vn 0.7188 -0.2491 -0.6490
vn -0.5104 -0.8023 -0.3094
vn -0.7188 -0.5402 -0.4376
vn -0.4576 -0.5837 -0.6707
vn -0.4577 -0.5837 -0.6707
vn -0.5104 -0.3094 -0.8023
vn -0.4576 -0.6707 -0.5837
vn -0.7188 -0.4376 -0.5402
vn -0.5104 -0.6691 0.5401
vn -0.7188 -0.6490 0.2491
vn -0.4576 -0.8727 0.1702
vn -0.5104 -0.6692 -0.5401
vn -0.4576 -0.8727 -0.1701
vn -0.4576 -0.8727 0.1701
vn -0.0198 -0.7931 0.6088
vn -0.0257 -0.9356 0.3523
vn -0.0297 -0.8656 0.4998
vn -0.0452 -0.7718 0.6342
vn 0.0296 -0.9324 0.3601
vn 0.0181 -0.7955 0.6057
vn 0.0414 -0.7775 0.6276
vn 0.0344 -0.8599 0.5092
vn 0.0412 -0.9383 0.3433
vn -0.5104 -0.8495 -0.1332
vn -0.4576 -0.8409 0.2890
vn -0.7188 -0.6866 0.1088
vn -0.0181 -0.7955 0.6057
vn -0.0296 -0.9324 0.3601
vn -0.0412 -0.9383 0.3433
vn -0.0344 -0.8599 0.5092
vn -0.0414 -0.7775 0.6276
vn -0.5104 -0.8496 -0.1332
vn -0.0257 -0.3523 0.9356
vn -0.0198 -0.6088 0.7931
vn -0.0452 -0.6342 0.7718
vn -0.0297 -0.4998 0.8656
vn 0.0181 -0.6057 0.7955
vn 0.0296 -0.3601 0.9324
vn 0.0412 -0.3433 0.9383
vn 0.0344 -0.5092 0.8599
vn 0.0414 -0.6276 0.7775
vn -0.5104 0.1331 0.8496
vn -0.7188 -0.1088 0.6866
vn -0.4576 -0.2890 0.8409
vn -0.0296 -0.3601 0.9324
vn -0.0181 -0.6057 0.7955
vn -0.0414 -0.6276 0.7775
vn -0.0344 -0.5092 0.8599
vn -0.0412 -0.3433 0.9383
vn -0.5104 0.1332 0.8495
vn -0.0198 0.1307 0.9912
vn -0.0257 -0.1627 0.9863
vn -0.0297 -0.0000 0.9996
vn -0.0452 0.1633 0.9855
vn 0.0198 -0.1307 0.9912
vn 0.0257 0.1627 0.9863
vn 0.0297 -0.0000 0.9996
vn 0.0452 -0.1633 0.9855
vn -0.5104 -0.5401 0.6691
vn -0.4576 -0.1701 0.8727
vn -0.7188 -0.2491 0.6490
vn -0.5104 0.5401 0.6691
vn -0.5104 0.8023 0.3094
vn -0.7188 0.5402 0.4376
vn -0.4576 0.5837 0.6707
vn 0.0296 0.3601 0.9324
vn 0.0181 0.6057 0.7955
vn 0.0414 0.6276 0.7775
vn 0.0344 0.5092 0.8599
vn 0.0412 0.3433 0.9383
vn -0.5104 -0.1332 0.8495
vn -0.0181 0.6057 0.7955
vn -0.0296 0.3601 0.9324
vn -0.0412 0.3433 0.9383
vn -0.0344 0.5092 0.8599
vn -0.0414 0.6276 0.7775
vn -0.5104 -0.1331 0.8496
vn -0.7188 0.5402 0.4375
vn -0.4577 0.2890 0.8409
vn 0.0198 0.7931 0.6088
vn 0.0257 0.9356 0.3523
vn 0.0297 0.8656 0.4998
vn 0.0452 0.7718 0.6342
vn -0.5104 0.3094 0.8023
vn -0.4576 0.6707 0.5837
vn -0.7188 0.4376 0.5402
vn -0.7188 0.4375 0.5402
vn -0.0296 0.9324 0.3601
vn -0.0181 0.7955 0.6057
vn -0.0414 0.7775 0.6276
vn -0.0344 0.8599 0.5092
vn -0.0412 0.9383 0.3433
vn -0.0181 0.9918 -0.1269
vn -0.0296 0.9876 0.1543
vn -0.0412 0.9843 0.1718
vn -0.0344 0.9993 -0.0110
vn -0.0414 0.9871 -0.1547
vn -0.5104 0.6691 -0.5401
vn -0.7188 0.6490 -0.2491
vn -0.4577 0.8727 -0.1701
vn 0.0296 0.9876 0.1543
vn 0.0181 0.9918 -0.1269
vn 0.0414 0.9871 -0.1547
vn 0.0344 0.9993 -0.0110
vn 0.0412 0.9843 0.1718
vn -0.4577 0.8727 0.1702
vn -0.4577 0.8727 -0.1702
vn -0.4576 0.8727 0.1702
vn -0.0198 0.7931 -0.6088
vn -0.0257 0.9356 -0.3523
vn -0.0297 0.8656 -0.4998
vn -0.0452 0.7718 -0.6342
vn 0.0296 0.9324 -0.3601
vn 0.0181 0.7955 -0.6057
vn 0.0414 0.7775 -0.6276
vn 0.0344 0.8599 -0.5092
vn 0.0412 0.9383 -0.3433
vn -0.5104 0.8496 0.1332
vn -0.4576 0.8409 -0.2890
vn -0.7188 0.6866 -0.1088
vn -0.4576 0.6707 -0.5837
vn -0.5104 -0.1332 -0.8495
vn -0.7188 0.1088 -0.6866
vn -0.4576 0.2890 -0.8409
vn -0.4576 0.5837 -0.6707
vn -0.7188 0.5402 -0.4376
vn -0.5104 -0.1332 -0.8496
vn 0.1903 -0.6264 -0.7559
vn -0.1903 -0.6264 -0.7559
vn -0.0000 -0.3786 -0.9256
vn 0.1903 0.6265 -0.7559
vn -0.0000 0.3786 -0.9256
vn -0.1903 0.6265 -0.7559
vn -0.1903 -0.9205 -0.3414
vn -0.0000 -0.7907 -0.6123
vn 0.1903 -0.9205 -0.3414
vn -0.1903 0.1645 -0.9678
vn 0.1903 0.1645 -0.9678
vn -0.0000 -0.1349 -0.9909
vn -0.1903 -0.3414 -0.9205
vn 0.1903 -0.3414 -0.9205
vn -0.0000 -0.6123 -0.7907
vn -0.1903 -0.9678 0.1646
vn -0.0000 -0.9909 -0.1349
vn 0.1903 -0.9678 0.1646
vn -0.1903 -0.3414 -0.9204
vn 0.1903 -0.3414 -0.9204
vn -0.1903 -0.7559 0.6265
vn -0.0000 -0.9256 0.3786
vn 0.1903 -0.7559 0.6265
vn -0.1903 -0.7559 -0.6265
vn 0.1903 -0.7559 -0.6265
vn -0.0000 -0.9256 -0.3786
vn 0.1903 -0.7558 -0.6265
vn -0.1903 -0.9678 -0.1646
vn 0.1903 -0.9678 -0.1646
vn -0.0000 -0.9909 0.1349
vn -0.1903 -0.3414 0.9204
vn -0.0000 -0.6123 0.7907
vn 0.1903 -0.3414 0.9204
vn -0.1903 -0.3414 0.9205
vn 0.1903 -0.3414 0.9205
vn -0.0000 -0.6123 0.7906
vn -0.1903 0.1646 0.9678
vn -0.0000 -0.1349 0.9909
vn 0.1903 0.1646 0.9678
vn -0.1903 -0.9205 0.3414
vn 0.1903 -0.9205 0.3414
vn -0.0000 -0.7907 0.6123
vn 0.1903 0.1645 0.9678
vn -0.1903 -0.6265 0.7559
vn 0.1903 -0.6265 0.7559
vn -0.0000 -0.3786 0.9256
vn -0.1903 0.6264 0.7559
vn -0.0000 0.3786 0.9256
vn 0.1903 0.6265 0.7559
vn 0.1904 -0.6265 0.7559
vn -0.1903 0.6265 0.7558
vn -0.1903 -0.6264 0.7559
vn -0.1903 0.9204 0.3414
vn -0.0000 0.7907 0.6123
vn 0.1903 0.9204 0.3414
vn -0.1903 -0.1646 0.9678
vn 0.1903 -0.1646 0.9678
vn -0.0000 0.1349 0.9909
vn -0.1903 0.9205 0.3414
vn 0.1903 0.9205 0.3414
vn -0.1903 0.3414 0.9205
vn 0.1903 0.3414 0.9205
vn -0.0000 0.6123 0.7907
vn -0.1903 0.9678 -0.1646
vn -0.0000 0.9909 0.1349
vn 0.1903 0.9678 -0.1646
vn -0.0000 0.6122 0.7907
vn -0.1903 0.7559 -0.6265
vn -0.0000 0.9256 -0.3786
vn 0.1903 0.7559 -0.6265
vn -0.1903 0.7559 0.6265
vn 0.1903 0.7559 0.6265
vn -0.0000 0.9256 0.3786
vn -0.1903 0.9678 0.1646
vn 0.1903 0.9678 0.1646
vn -0.0000 0.9909 -0.1349
vn -0.1903 0.3414 -0.9205
vn -0.0000 0.6122 -0.7907
vn 0.1903 0.3414 -0.9205
vn -0.0000 0.6123 -0.7907
vn -0.1903 -0.1646 -0.9678
vn -0.0000 0.1349 -0.9909
vn 0.1903 -0.1646 -0.9678
vn -0.1903 0.9205 -0.3414
vn 0.1903 0.9205 -0.3414
vn -0.0000 0.7907 -0.6123
vn -0.8053 -0.0120 -0.5928
vn -0.8053 0.3068 -0.5074
vn -0.5988 0.2073 -0.7736
vn 0.8053 -0.0120 -0.5928
vn 0.5988 0.2073 -0.7736
vn 0.8053 0.3068 -0.5074
vn -0.8053 0.2860 -0.5194
vn -0.8053 0.5194 -0.2860
vn -0.5988 0.5663 -0.5663
vn 0.8053 0.2860 -0.5194
vn 0.5988 0.5663 -0.5663
vn 0.8053 0.5194 -0.2860
vn -0.8053 0.5074 -0.3068
vn -0.8053 0.5928 0.0120
vn -0.5988 0.7736 -0.2073
vn 0.8053 0.5074 -0.3068
vn 0.5988 0.7736 -0.2073
vn 0.8053 0.5928 0.0120
vn -0.8053 0.5928 -0.0120
vn -0.8053 0.5074 0.3068
vn -0.5988 0.7736 0.2073
vn 0.8053 0.5928 -0.0120
vn 0.5988 0.7736 0.2073
vn 0.8053 0.5074 0.3068
vn -0.8053 0.5194 0.2860
vn -0.8053 0.2860 0.5194
vn -0.5988 0.5663 0.5663
vn 0.8053 0.5194 0.2860
vn 0.5988 0.5663 0.5663
vn 0.8053 0.2860 0.5193
vn -0.8053 0.2860 0.5193
vn 0.8053 0.2860 0.5194
vn -0.8053 0.3068 0.5074
vn -0.8053 -0.0120 0.5928
vn -0.5988 0.2073 0.7736
vn 0.8053 0.3068 0.5074
vn 0.5988 0.2073 0.7736
vn 0.8053 -0.0120 0.5928
vn -0.8053 0.0120 0.5928
vn -0.8053 -0.3068 0.5074
vn -0.5988 -0.2073 0.7736
vn 0.8053 0.0120 0.5928
vn 0.5988 -0.2073 0.7736
vn 0.8053 -0.3068 0.5074
vn -0.8053 -0.2860 0.5194
vn -0.8053 -0.5194 0.2860
vn -0.5988 -0.5663 0.5663
vn 0.8053 -0.2860 0.5194
vn 0.5988 -0.5663 0.5663
vn 0.8053 -0.5194 0.2860
vn -0.8053 -0.5074 0.3068
vn -0.8053 -0.5928 -0.0120
vn -0.5988 -0.7736 0.2073
vn 0.8053 -0.5074 0.3068
vn 0.5988 -0.7736 0.2073
vn 0.8053 -0.5928 -0.0120
vn -0.8053 -0.5928 0.0120
vn -0.8053 -0.5074 -0.3068
vn -0.5988 -0.7736 -0.2073
vn 0.8053 -0.5928 0.0120
vn 0.5988 -0.7736 -0.2073
vn 0.8053 -0.5074 -0.3068
vn -0.8053 -0.5194 -0.2860
vn -0.8053 -0.2860 -0.5194
vn -0.5988 -0.5663 -0.5663
vn 0.8053 -0.5193 -0.2860
vn 0.5988 -0.5663 -0.5663
vn 0.8053 -0.2860 -0.5194
vn 0.8053 -0.5194 -0.2860
vn -0.8053 -0.3068 -0.5074
vn -0.8053 0.0120 -0.5928
vn -0.5988 -0.2073 -0.7736
vn 0.8053 -0.3068 -0.5074
vn 0.5988 -0.2073 -0.7736
vn 0.8053 0.0120 -0.5928
vn 0.1579 -0.3063 -0.9388
vn -0.0000 -0.3073 -0.9516
vn -0.1579 -0.3063 -0.9388
vn 0.2668 -0.2604 -0.9279
vn 0.4710 -0.0341 -0.8815
vn 0.3786 -0.1404 -0.9148
vn 0.1579 0.3063 -0.9388
vn -0.1579 0.3063 -0.9388
vn -0.0000 0.3073 -0.9516
vn 0.2668 0.2604 -0.9279
vn 0.3786 0.1404 -0.9148
vn 0.4710 0.0341 -0.8815
vn -0.1579 -0.7346 -0.6598
vn 0.1579 -0.7346 -0.6598
vn -0.0000 -0.7420 -0.6704
vn -0.2668 -0.6895 -0.6734
vn -0.3786 -0.5790 -0.7221
vn -0.4710 -0.4702 -0.7463
vn -0.1579 -0.2041 -0.9661
vn -0.0000 -0.2096 -0.9778
vn 0.1579 -0.2041 -0.9661
vn -0.2668 -0.2385 -0.9338
vn -0.4710 -0.4112 -0.7804
vn -0.3786 -0.3358 -0.8625
vn -0.1579 -0.6598 -0.7346
vn -0.0000 -0.6704 -0.7420
vn 0.1579 -0.6598 -0.7346
vn -0.2668 -0.6734 -0.6895
vn -0.4710 -0.7463 -0.4702
vn -0.3786 -0.7221 -0.5790
vn -0.1579 -0.9661 -0.2041
vn 0.1579 -0.9661 -0.2041
vn -0.0000 -0.9778 -0.2096
vn -0.2668 -0.9338 -0.2385
vn -0.3786 -0.8625 -0.3358
vn -0.4710 -0.7804 -0.4112
vn -0.1579 -0.9388 0.3063
vn 0.1579 -0.9388 0.3063
vn -0.0000 -0.9516 0.3073
vn -0.2668 -0.9279 0.2604
vn -0.3786 -0.9148 0.1404
vn -0.4710 -0.8814 0.0341
vn -0.1579 -0.9388 -0.3063
vn -0.0000 -0.9516 -0.3073
vn 0.1579 -0.9388 -0.3063
vn -0.2668 -0.9279 -0.2604
vn -0.4711 -0.8814 -0.0341
vn -0.3786 -0.9148 -0.1404
vn -0.4710 -0.8815 0.0341
vn -0.4710 -0.8815 -0.0341
vn -0.1579 -0.9661 0.2041
vn -0.0000 -0.9778 0.2096
vn 0.1579 -0.9661 0.2041
vn -0.2668 -0.9338 0.2385
vn -0.4710 -0.7804 0.4112
vn -0.3786 -0.8625 0.3358
vn -0.1579 -0.6598 0.7346
vn 0.1579 -0.6598 0.7346
vn -0.0000 -0.6704 0.7420
vn -0.2668 -0.6734 0.6895
vn -0.3786 -0.7221 0.5790
vn -0.4710 -0.7463 0.4702
vn -0.4711 -0.7804 0.4112
vn -0.1579 -0.2041 0.9661
vn 0.1579 -0.2041 0.9661
vn -0.0000 -0.2096 0.9778
vn -0.2668 -0.2385 0.9338
vn -0.3786 -0.3358 0.8625
vn -0.4710 -0.4112 0.7804
vn -0.1579 -0.7346 0.6598
vn -0.0000 -0.7420 0.6704
vn 0.1579 -0.7346 0.6598
vn -0.2668 -0.6895 0.6734
vn -0.4710 -0.4702 0.7463
vn -0.3786 -0.5790 0.7221
vn -0.1579 -0.3063 0.9388
vn -0.0000 -0.3073 0.9516
vn 0.1579 -0.3063 0.9388
vn -0.2668 -0.2604 0.9279
vn -0.4710 -0.0341 0.8815
vn -0.3786 -0.1404 0.9148
vn -0.1579 0.3063 0.9388
vn 0.1579 0.3063 0.9388
vn -0.0000 0.3073 0.9516
vn -0.2668 0.2604 0.9279
vn -0.3786 0.1404 0.9148
vn -0.4710 0.0341 0.8814
vn -0.1579 0.7346 0.6598
vn 0.1579 0.7346 0.6598
vn -0.0000 0.7420 0.6704
vn -0.2668 0.6895 0.6734
vn -0.3786 0.5790 0.7221
vn -0.4710 0.4702 0.7463
vn -0.1579 0.2041 0.9661
vn -0.0000 0.2096 0.9778
vn 0.1579 0.2041 0.9661
vn -0.2668 0.2385 0.9338
vn -0.4710 0.4112 0.7804
vn -0.3786 0.3358 0.8625
vn -0.4711 0.4112 0.7804
vn -0.1579 0.6599 0.7346
vn -0.0000 0.6704 0.7420
vn 0.1579 0.6598 0.7346
vn -0.2668 0.6734 0.6895
vn -0.4711 0.7463 0.4702
vn -0.3786 0.7221 0.5790
vn -0.1579 0.9661 0.2041
vn 0.1579 0.9661 0.2041
vn -0.0000 0.9778 0.2096
vn -0.2668 0.9338 0.2385
vn -0.3786 0.8625 0.3358
vn -0.4710 0.7804 0.4112
vn -0.1579 0.9388 -0.3063
vn 0.1579 0.9388 -0.3063
vn -0.0000 0.9516 -0.3073
vn -0.2668 0.9279 -0.2604
vn -0.3786 0.9148 -0.1404
vn -0.4710 0.8815 -0.0341
vn -0.1579 0.9388 0.3063
vn -0.0000 0.9516 0.3073
vn 0.1579 0.9388 0.3063
vn -0.2668 0.9279 0.2604
vn -0.4710 0.8815 0.0341
vn -0.3786 0.9149 0.1404
vn -0.3786 0.9148 0.1404
vn -0.4711 0.8814 0.0341
vn -0.1579 0.9661 -0.2041
vn -0.0000 0.9778 -0.2096
vn 0.1579 0.9661 -0.2041
vn -0.2668 0.9338 -0.2385
vn -0.4710 0.7804 -0.4112
vn -0.3786 0.8625 -0.3358
vn -0.1579 0.6598 -0.7346
vn 0.1579 0.6598 -0.7346
vn -0.0000 0.6704 -0.7420
vn -0.2668 0.6734 -0.6895
vn -0.3786 0.7221 -0.5790
vn -0.4710 0.7463 -0.4702
vn 0.1579 0.6599 -0.7346
vn -0.1579 0.2041 -0.9661
vn 0.1579 0.2041 -0.9661
vn -0.0000 0.2096 -0.9778
vn -0.2668 0.2385 -0.9338
vn -0.3786 0.3358 -0.8625
vn -0.4710 0.4112 -0.7804
vn -0.1579 0.7346 -0.6598
vn -0.0000 0.7420 -0.6704
vn 0.1579 0.7346 -0.6599
vn -0.2668 0.6895 -0.6734
vn -0.4710 0.4702 -0.7463
vn -0.3786 0.5790 -0.7221
vn -0.1579 0.7346 -0.6599
vn 0.1579 0.7346 -0.6598
vn -0.5150 0.0739 -0.8540
vn -0.5197 0.2211 -0.8253
vn -0.5150 0.3630 -0.7765
vn -0.4710 -0.0341 -0.8815
vn -0.2668 -0.2604 -0.9279
vn -0.3786 -0.1404 -0.9148
vn 0.5150 0.0739 -0.8540
vn 0.5150 0.3630 -0.7765
vn 0.5197 0.2211 -0.8253
vn -0.4711 -0.0341 -0.8814
vn -0.4710 -0.0341 -0.8814
vn -0.5150 0.4910 -0.7026
vn -0.5197 0.6041 -0.6041
vn -0.5150 0.7026 -0.4910
vn 0.5150 0.4910 -0.7026
vn 0.5150 0.7026 -0.4910
vn 0.5197 0.6041 -0.6041
vn 0.4710 0.4112 -0.7804
vn 0.3786 0.3358 -0.8625
vn 0.2668 0.2385 -0.9338
vn -0.5150 0.7765 -0.3629
vn -0.5197 0.8253 -0.2211
vn -0.5150 0.8540 -0.0739
vn 0.5150 0.7765 -0.3629
vn 0.5150 0.8540 -0.0739
vn 0.5197 0.8253 -0.2211
vn 0.4710 0.7463 -0.4702
vn 0.3786 0.7221 -0.5790
vn 0.2668 0.6734 -0.6895
vn -0.5150 0.7765 -0.3630
vn 0.5150 0.7765 -0.3630
vn 0.4711 0.7463 -0.4702
vn -0.5150 0.8540 0.0739
vn -0.5197 0.8253 0.2211
vn -0.5150 0.7765 0.3629
vn 0.5150 0.8540 0.0739
vn 0.5150 0.7765 0.3629
vn 0.5197 0.8253 0.2211
vn 0.4710 0.8815 -0.0341
vn 0.3786 0.9148 -0.1404
vn 0.2668 0.9279 -0.2604
vn 0.5150 0.7765 0.3630
vn -0.5150 0.7765 0.3630
vn -0.5150 0.7026 0.4910
vn -0.5197 0.6041 0.6041
vn -0.5150 0.4910 0.7026
vn 0.5150 0.7026 0.4910
vn 0.5150 0.4910 0.7026
vn 0.5197 0.6041 0.6041
vn 0.4710 0.7804 0.4112
vn 0.3786 0.8625 0.3358
vn 0.2668 0.9338 0.2385
vn -0.5150 0.3630 0.7765
vn -0.5197 0.2211 0.8252
vn -0.5150 0.0739 0.8540
vn 0.5150 0.3630 0.7765
vn 0.5150 0.0739 0.8540
vn 0.5197 0.2211 0.8253
vn 0.4710 0.4702 0.7463
vn 0.3786 0.5790 0.7221
vn 0.2668 0.6895 0.6734
vn -0.5197 0.2211 0.8253
vn 0.5150 0.3629 0.7765
vn -0.5150 -0.0739 0.8540
vn -0.5197 -0.2211 0.8252
vn -0.5150 -0.3630 0.7765
vn 0.5150 -0.0739 0.8540
vn 0.5150 -0.3630 0.7765
vn 0.5197 -0.2211 0.8253
vn 0.4710 0.0341 0.8815
vn 0.3786 0.1404 0.9148
vn 0.2668 0.2604 0.9279
vn -0.5197 -0.2211 0.8253
vn -0.5150 -0.4910 0.7026
vn -0.5197 -0.6041 0.6041
vn -0.5150 -0.7026 0.4910
vn 0.5150 -0.4910 0.7026
vn 0.5150 -0.7026 0.4910
vn 0.5197 -0.6041 0.6041
vn 0.4710 -0.4112 0.7804
vn 0.3786 -0.3358 0.8625
vn 0.2668 -0.2385 0.9338
vn -0.5150 -0.7765 0.3630
vn -0.5197 -0.8253 0.2211
vn -0.5150 -0.8540 0.0739
vn 0.5150 -0.7765 0.3630
vn 0.5150 -0.8540 0.0739
vn 0.5197 -0.8253 0.2211
vn 0.4710 -0.7463 0.4702
vn 0.3786 -0.7221 0.5790
vn 0.2668 -0.6734 0.6895
vn -0.5150 -0.8540 -0.0739
vn -0.5197 -0.8253 -0.2211
vn -0.5150 -0.7765 -0.3630
vn 0.5150 -0.8540 -0.0739
vn 0.5150 -0.7765 -0.3630
vn 0.5197 -0.8253 -0.2211
vn 0.4710 -0.8814 0.0341
vn 0.3786 -0.9148 0.1404
vn 0.2668 -0.9279 0.2604
vn -0.5150 -0.7026 -0.4910
vn -0.5197 -0.6041 -0.6041
vn -0.5150 -0.4910 -0.7026
vn 0.5150 -0.7026 -0.4910
vn 0.5150 -0.4910 -0.7026
vn 0.5197 -0.6041 -0.6041
vn 0.4710 -0.7804 -0.4112
vn 0.3786 -0.8625 -0.3358
vn 0.2668 -0.9338 -0.2385
vn -0.5150 -0.3630 -0.7765
vn -0.5197 -0.2211 -0.8253
vn -0.5150 -0.0739 -0.8540
vn 0.5150 -0.3630 -0.7765
vn 0.5150 -0.0739 -0.8540
vn 0.5197 -0.2211 -0.8253
vn 0.4710 -0.4702 -0.7463
vn 0.3786 -0.5790 -0.7221
vn 0.2668 -0.6895 -0.6734
vn 0.5197 -0.2211 -0.8252
vn -0.2668 0.2604 -0.9279
vn -0.4710 0.0341 -0.8815
vn -0.3786 0.1404 -0.9148
vn 0.2668 -0.2385 -0.9338
vn 0.3786 -0.3358 -0.8625
vn 0.4710 -0.4112 -0.7804
vn 0.4711 -0.4112 -0.7804
vn 0.2668 -0.6734 -0.6895
vn 0.3786 -0.7221 -0.5790
vn 0.4710 -0.7463 -0.4702
vn 0.2668 -0.9279 -0.2604
vn 0.3786 -0.9148 -0.1404
vn 0.4710 -0.8815 -0.0341
vn 0.4710 -0.8814 -0.0341
vn 0.2668 -0.9338 0.2385
vn 0.3786 -0.8625 0.3358
vn 0.4711 -0.7804 0.4112
vn 0.2668 -0.6895 0.6734
vn 0.3786 -0.5790 0.7221
vn 0.4710 -0.4702 0.7463
vn 0.2668 -0.2604 0.9279
vn 0.3786 -0.1404 0.9148
vn 0.4710 -0.0341 0.8815
vn 0.4710 -0.0341 0.8814
vn 0.2668 0.2385 0.9338
vn 0.3786 0.3358 0.8625
vn 0.4710 0.4112 0.7804
vn 0.2668 0.6734 0.6895
vn 0.3786 0.7221 0.5790
vn 0.4710 0.7463 0.4702
vn 0.2668 0.9279 0.2604
vn 0.3786 0.9149 0.1404
vn 0.4710 0.8815 0.0341
vn 0.2668 0.9338 -0.2385
vn 0.3786 0.8625 -0.3358
vn 0.4710 0.7804 -0.4112
vn 0.4711 0.7804 -0.4112
vn 0.2668 0.6895 -0.6734
vn 0.3786 0.5790 -0.7221
vn 0.4710 0.4702 -0.7463
vn -0.6820 -0.5602 -0.4702
vn -0.6820 -0.6873 -0.2501
vn -0.6809 -0.6343 -0.3662
vn 0.6820 -0.7203 -0.1271
vn 0.6809 -0.7324 -0.0000
vn 0.6820 -0.7203 0.1271
vn -0.6820 -0.7203 -0.1271
vn -0.6820 -0.7203 0.1271
vn -0.6809 -0.7324 -0.0000
vn 0.6820 -0.6873 0.2501
vn 0.6809 -0.6343 0.3662
vn 0.6820 -0.5602 0.4702
vn -0.6820 -0.6873 0.2501
vn -0.6820 -0.5602 0.4702
vn -0.6809 -0.6343 0.3662
vn 0.6820 0.5602 0.4702
vn 0.6809 0.6343 0.3662
vn 0.6820 0.6873 0.2501
vn -0.6820 0.5602 0.4702
vn -0.6820 0.6873 0.2501
vn -0.6809 0.6343 0.3662
vn 0.6809 0.6343 -0.3662
vn 0.6820 0.5602 -0.4702
vn 0.6820 0.6873 -0.2501
vn -0.6820 0.6873 -0.2501
vn -0.6820 0.5602 -0.4702
vn -0.6809 0.6343 -0.3662
vn 0.6809 -0.6343 -0.3662
vn 0.6820 -0.6873 -0.2501
vn 0.6820 -0.5602 -0.4702
vn -0.6820 -0.7202 -0.1271
vn -0.6820 -0.7202 0.1271
vn 0.6820 -0.7202 -0.1271
vn 0.6820 -0.7202 0.1271
vn -0.6820 0.2501 0.6873
vn -0.6820 0.4702 0.5602
vn -0.6809 0.3662 0.6343
vn 0.6820 0.2501 0.6873
vn 0.6809 0.3662 0.6343
vn 0.6820 0.4702 0.5602
vn -0.6820 0.4702 -0.5602
vn -0.6820 0.2501 -0.6873
vn -0.6809 0.3662 -0.6343
vn 0.6820 0.4702 -0.5602
vn 0.6809 0.3662 -0.6343
vn 0.6820 0.2501 -0.6873
vn 0.7193 -0.0000 -0.6948
vn 0.7193 -0.3474 -0.6017
vn -0.7193 -0.3474 -0.6017
vn -0.7193 -0.0000 -0.6948
vn 0.7193 -0.6017 -0.3474
vn -0.7193 -0.6017 -0.3474
vn -0.0000 -0.9914 0.1305
vn -0.0000 -0.9914 -0.1305
vn 0.7193 -0.6017 0.3474
vn -0.7193 -0.6017 0.3474
vn 0.7193 -0.3474 0.6017
vn -0.7193 -0.3474 0.6017
vn 0.7192 -0.0000 0.6948
vn -0.7192 -0.0000 0.6948
vn -0.0000 0.6088 0.7934
vn -0.0000 0.3827 0.9239
vn 0.7192 0.6017 0.3474
vn -0.7192 0.6017 0.3474
vn 0.7192 0.6948 -0.0000
vn -0.7192 0.6948 -0.0000
vn 0.7193 0.6017 -0.3474
vn -0.7193 0.6017 -0.3474
vn -0.0000 0.3827 -0.9239
vn -0.0000 0.6088 -0.7934
vn -0.0000 0.1305 -0.9914
vn -0.0000 -0.1305 -0.9914
vn -0.0000 0.1305 0.9914
vn -0.0000 -0.1305 0.9914
vn -0.1771 -0.8265 -0.5343
vn 0.1771 -0.8265 -0.5343
vn 0.8008 -0.4093 -0.4373
vn 0.5551 -0.6654 -0.4991
vn 0.8008 0.4093 -0.4373
vn 0.5551 0.6654 -0.4991
vn -0.1771 0.8265 -0.5343
vn 0.1771 0.8265 -0.5343
vn -0.8008 -0.5731 -0.1741
vn -0.5551 -0.8258 -0.0995
vn 0.1771 -0.9830 -0.0494
vn -0.1771 -0.9830 -0.0494
vn 0.1771 0.4487 -0.8760
vn -0.1771 0.4487 -0.8760
vn -0.8008 0.1358 -0.5834
vn -0.5551 0.3267 -0.7649
vn 0.1770 -0.9830 -0.0494
vn -0.8008 0.1358 -0.5833
vn 0.1771 -0.0494 -0.9830
vn -0.1771 -0.0494 -0.9830
vn -0.8008 -0.1741 -0.5731
vn -0.5551 -0.0995 -0.8258
vn -0.8008 -0.5833 0.1358
vn -0.5551 -0.7649 0.3267
vn 0.1770 -0.8760 0.4487
vn -0.1771 -0.8760 0.4487
vn 0.1771 -0.8760 0.4487
vn -0.8008 -0.5834 0.1358
vn -0.8008 -0.4373 0.4093
vn -0.5551 -0.4991 0.6654
vn 0.1771 -0.5343 0.8265
vn -0.1771 -0.5343 0.8265
vn 0.1771 -0.5343 -0.8265
vn -0.1771 -0.5343 -0.8265
vn -0.8008 -0.4373 -0.4093
vn -0.5551 -0.4991 -0.6654
vn 0.1771 -0.8760 -0.4487
vn -0.1771 -0.8760 -0.4487
vn -0.8008 -0.5833 -0.1358
vn -0.5551 -0.7649 -0.3267
vn -0.8008 -0.1741 0.5731
vn -0.5551 -0.0995 0.8258
vn 0.1771 -0.0494 0.9830
vn -0.1771 -0.0494 0.9830
vn -0.8008 0.1358 0.5834
vn -0.5551 0.3267 0.7649
vn 0.1771 0.4487 0.8760
vn -0.1771 0.4487 0.8760
vn 0.1771 -0.9830 0.0494
vn -0.1771 -0.9830 0.0494
vn -0.8008 -0.5731 0.1741
vn -0.5551 -0.8258 0.0995
vn 0.1770 0.4487 0.8760
vn 0.1771 -0.8265 0.5343
vn -0.1771 -0.8265 0.5343
vn -0.8008 -0.4093 0.4373
vn -0.5551 -0.6654 0.4991
vn -0.8008 0.4093 0.4373
vn -0.5551 0.6654 0.4991
vn 0.1771 0.8265 0.5343
vn -0.1771 0.8265 0.5343
vn -0.8008 0.5731 0.1741
vn -0.5551 0.8258 0.0995
vn 0.1771 0.9830 0.0495
vn -0.1771 0.9830 0.0495
vn 0.1771 -0.4487 0.8760
vn -0.1771 -0.4487 0.8760
vn -0.8008 -0.1358 0.5833
vn -0.5551 -0.3267 0.7649
vn 0.1770 0.9830 0.0494
vn -0.1771 0.9830 0.0494
vn 0.1771 0.0494 0.9830
vn -0.1771 0.0494 0.9830
vn -0.8008 0.1741 0.5731
vn -0.5551 0.0995 0.8258
vn -0.8008 0.5833 -0.1358
vn -0.5551 0.7649 -0.3267
vn 0.1771 0.8760 -0.4487
vn -0.1771 0.8760 -0.4487
vn -0.8008 0.5834 -0.1358
vn -0.1770 0.8760 -0.4487
vn -0.8008 0.4373 -0.4093
vn -0.5551 0.4991 -0.6654
vn 0.1771 0.5343 -0.8265
vn -0.1771 0.5343 -0.8265
vn 0.1771 0.5343 0.8265
vn -0.1771 0.5343 0.8265
vn -0.8008 0.4373 0.4093
vn -0.5551 0.4991 0.6654
vn -0.1770 0.5343 0.8265
vn 0.1771 0.8760 0.4487
vn -0.1771 0.8760 0.4487
vn -0.8008 0.5833 0.1358
vn -0.5551 0.7649 0.3267
vn -0.8008 0.1741 -0.5731
vn -0.5551 0.0995 -0.8258
vn 0.1771 0.0494 -0.9830
vn -0.1771 0.0494 -0.9830
vn -0.8008 0.5834 0.1358
vn -0.8008 -0.1358 -0.5834
vn -0.5551 -0.3267 -0.7649
vn 0.1771 -0.4487 -0.8760
vn -0.1771 -0.4487 -0.8760
vn 0.1771 0.9830 -0.0495
vn -0.1771 0.9830 -0.0495
vn -0.8008 0.5731 -0.1741
vn -0.5551 0.8258 -0.0995
vn -0.8008 -0.1358 -0.5833
vn -0.9296 0.2540 -0.2671
vn -0.9296 -0.0864 -0.3583
vn -0.5551 -0.6654 -0.4991
vn -0.8008 -0.4093 -0.4373
vn 0.9296 0.2540 -0.2671
vn 0.9296 -0.0864 -0.3583
vn -0.9296 0.3535 -0.1043
vn -0.9296 0.1043 -0.3535
vn 0.5551 -0.3267 -0.7649
vn 0.8008 -0.1358 -0.5834
vn 0.9296 0.3535 -0.1043
vn 0.9296 0.1043 -0.3535
vn 0.8008 -0.1358 -0.5833
vn -0.9296 0.3583 0.0864
vn -0.9296 0.2671 -0.2540
vn 0.5551 0.0995 -0.8258
vn 0.8008 0.1741 -0.5731
vn 0.9296 0.3583 0.0864
vn 0.9296 0.2671 -0.2540
vn -0.9296 0.2671 0.2540
vn -0.9296 0.3583 -0.0864
vn 0.5551 0.4991 -0.6654
vn 0.8008 0.4373 -0.4093
vn 0.9296 0.2671 0.2540
vn 0.9296 0.3583 -0.0864
vn -0.9296 0.1043 0.3535
vn -0.9296 0.3535 0.1043
vn 0.5551 0.7649 -0.3267
vn 0.8008 0.5833 -0.1358
vn 0.9296 0.1043 0.3535
vn 0.9296 0.3535 0.1043
vn -0.9296 -0.0864 0.3583
vn -0.9296 0.2540 0.2671
vn 0.5551 0.8258 0.0995
vn 0.8008 0.5731 0.1741
vn 0.9296 -0.0864 0.3583
vn 0.9296 0.2540 0.2671
vn -0.9296 -0.2540 0.2671
vn -0.9296 0.0864 0.3583
vn 0.5551 0.6654 0.4991
vn 0.8008 0.4093 0.4373
vn 0.9296 -0.2540 0.2671
vn 0.9296 0.0864 0.3583
vn -0.9296 -0.3535 0.1043
vn -0.9296 -0.1043 0.3535
vn 0.5551 0.3267 0.7649
vn 0.8008 0.1358 0.5833
vn 0.9296 -0.3535 0.1043
vn 0.9296 -0.1043 0.3535
vn 0.8008 0.1358 0.5834
vn -0.9296 -0.3583 -0.0864
vn -0.9296 -0.2671 0.2540
vn 0.5551 -0.0995 0.8258
vn 0.8008 -0.1741 0.5731
vn 0.9296 -0.3583 -0.0864
vn 0.9296 -0.2671 0.2540
vn -0.9296 -0.2671 -0.2540
vn -0.9296 -0.3583 0.0864
vn 0.5551 -0.4991 0.6654
vn 0.8008 -0.4373 0.4093
vn 0.9296 -0.2671 -0.2540
vn 0.9296 -0.3583 0.0864
vn -0.9296 -0.1043 -0.3535
vn -0.9296 -0.3535 -0.1043
vn 0.5551 -0.7649 0.3267
vn 0.8008 -0.5833 0.1358
vn 0.9296 -0.1043 -0.3535
vn 0.9296 -0.3535 -0.1043
vn -0.9296 0.0864 -0.3583
vn -0.9296 -0.2540 -0.2671
vn 0.5551 -0.8258 -0.0995
vn 0.8008 -0.5731 -0.1741
vn 0.9296 0.0864 -0.3583
vn 0.9296 -0.2540 -0.2671
vn -0.8008 0.4093 -0.4373
vn -0.5551 0.6654 -0.4991
vn 0.8008 0.1358 -0.5834
vn 0.5551 0.3267 -0.7649
vn 0.8008 -0.1741 -0.5731
vn 0.5551 -0.0995 -0.8258
vn 0.8008 -0.4373 -0.4093
vn 0.5551 -0.4991 -0.6654
vn 0.8008 -0.5833 -0.1358
vn 0.5551 -0.7649 -0.3267
vn 0.8008 -0.5731 0.1741
vn 0.5551 -0.8258 0.0995
vn 0.8008 -0.4093 0.4373
vn 0.5551 -0.6654 0.4991
vn 0.8008 -0.1358 0.5834
vn 0.5551 -0.3267 0.7649
vn 0.8008 -0.1358 0.5833
vn 0.8008 0.1741 0.5731
vn 0.5551 0.0995 0.8258
vn 0.8008 0.4373 0.4093
vn 0.5551 0.4991 0.6654
vn 0.8008 0.5834 0.1358
vn 0.5551 0.7649 0.3267
vn 0.8008 0.5833 0.1358
vn 0.8008 0.5731 -0.1741
vn 0.5551 0.8258 -0.0995
vn -0.7193 -0.0000 -0.6947
vn 0.7193 -0.0000 -0.6947
vn -0.7193 -0.0000 0.6947
vn 0.7193 -0.0000 0.6947
vn -0.7193 0.6017 0.3474
vn 0.7193 0.6017 0.3474
vn -0.7193 0.6948 -0.0000
vn 0.7193 0.6948 -0.0000
vn 0.7193 0.3474 0.6017
vn -0.7193 0.3474 0.6017
vn -0.7193 0.6947 -0.0000
vn 0.7192 0.3474 -0.6017
vn -0.7193 0.3474 -0.6017
vn 0.7193 0.6947 -0.0000
vn 0.7193 0.3474 -0.6017
vn -0.0000 -0.9239 0.3827
vn -0.0000 -0.7934 0.6088
vn -0.0000 0.7934 -0.6088
vn -0.0000 0.9239 -0.3827
vn -0.0000 0.9239 0.3827
vn -0.0000 0.7934 0.6088
vn -0.0000 -0.7934 -0.6088
vn -0.0000 -0.9239 -0.3827
vn 1.0000 -0.0000 -0.0000
vn -0.0000 0.2588 -0.9659
vn -0.0000 -0.2588 -0.9659
vn -1.0000 -0.0000 -0.0000
vn -0.0000 -0.8660 0.5000
vn -0.0000 -0.5000 0.8660
vn -0.0000 -0.7071 0.7071
vn -0.0000 -0.0000 1.0000
vn -0.0000 -0.2588 0.9659
vn -0.0000 -0.7071 -0.7071
vn -0.0000 -0.9659 -0.2588
vn -0.0000 -0.9659 0.2588
vn -0.0000 0.2588 0.9659
vn -0.0000 0.7071 0.7071
vn -0.0000 0.9659 0.2588
vn -0.0000 0.9659 -0.2588
vn -0.0000 0.7071 -0.7071
vn -0.0000 -0.0000 -1.0000
vt 0.059780 0.791460
vt 0.095619 0.791460
vt 0.095619 0.824375
vt 0.059780 0.824376
vt 0.131458 0.791459
vt 0.167296 0.791459
vt 0.167297 0.824375
vt 0.131458 0.824375
vt 0.095619 0.758543
vt 0.131458 0.758543
vt 0.167296 0.758543
vt 0.203134 0.758543
vt 0.203135 0.791459
vt 0.059784 0.923124
vt 0.095622 0.923122
vt 0.095624 0.956036
vt 0.059786 0.956039
vt 0.131459 0.923121
vt 0.167297 0.923121
vt 0.167297 0.956034
vt 0.131460 0.956035
vt 0.203134 0.923121
vt 0.238972 0.923122
vt 0.238970 0.956036
vt 0.203133 0.956035
vt 0.274810 0.923124
vt 0.310647 0.923125
vt 0.310645 0.956044
vt 0.274807 0.956039
vt 0.010344 0.987951
vt 0.010344 0.988962
vt 0.009332 0.988963
vt 0.325260 0.593956
vt 0.324249 0.594969
vt 0.324248 0.593957
vt 0.010332 0.724614
vt 0.010332 0.726385
vt 0.009320 0.725626
vt 0.325270 0.725624
vt 0.324258 0.726636
vt 0.324258 0.724865
vt 0.010333 0.856283
vt 0.010333 0.858054
vt 0.009321 0.857295
vt 0.325272 0.857291
vt 0.324260 0.858303
vt 0.324260 0.856532
vt 0.041101 0.874182
vt 0.041704 0.874071
vt 0.041529 0.874678
vt 0.077369 0.905738
vt 0.077544 0.906345
vt 0.076941 0.906235
vt 0.112778 0.874179
vt 0.113381 0.874069
vt 0.113206 0.874676
vt 0.149044 0.905736
vt 0.149219 0.906343
vt 0.148617 0.906233
vt 0.184454 0.874179
vt 0.185057 0.874068
vt 0.184882 0.874676
vt 0.220719 0.905736
vt 0.220895 0.906344
vt 0.220292 0.906233
vt 0.256131 0.874180
vt 0.256734 0.874069
vt 0.256559 0.874677
vt 0.292396 0.905739
vt 0.292571 0.906346
vt 0.291968 0.906236
vt 0.293063 0.905739
vt 0.293491 0.906236
vt 0.292888 0.906346
vt 0.293491 0.907097
vt 0.293063 0.907594
vt 0.292888 0.906987
vt 0.257224 0.938653
vt 0.257651 0.939150
vt 0.257048 0.939260
vt 0.221815 0.907095
vt 0.221387 0.907591
vt 0.221212 0.906984
vt 0.185549 0.938650
vt 0.185976 0.939147
vt 0.185374 0.939257
vt 0.150139 0.907094
vt 0.149712 0.907591
vt 0.149537 0.906984
vt 0.113875 0.938651
vt 0.114302 0.939148
vt 0.113700 0.939258
vt 0.078464 0.907096
vt 0.078036 0.907593
vt 0.077861 0.906986
vt 0.042200 0.938655
vt 0.042628 0.939152
vt 0.042025 0.939263
vt 0.041533 0.938656
vt 0.041708 0.939263
vt 0.041105 0.939152
vt 0.293058 0.971572
vt 0.293485 0.972069
vt 0.292882 0.972179
vt 0.257651 0.940011
vt 0.257223 0.940508
vt 0.257048 0.939901
vt 0.221385 0.971566
vt 0.221812 0.972063
vt 0.221209 0.972173
vt 0.185976 0.940008
vt 0.185549 0.940505
vt 0.185374 0.939898
vt 0.149712 0.971565
vt 0.150140 0.972062
vt 0.149537 0.972172
vt 0.114303 0.940009
vt 0.113875 0.940506
vt 0.113700 0.939899
vt 0.078040 0.971568
vt 0.078468 0.972065
vt 0.077865 0.972175
vt 0.042628 0.940014
vt 0.042201 0.940511
vt 0.042025 0.939903
vt 0.041533 0.940511
vt 0.041106 0.940014
vt 0.041708 0.939903
vt 0.293485 0.972931
vt 0.293057 0.973427
vt 0.292882 0.972820
vt 0.257220 0.609495
vt 0.257647 0.609992
vt 0.257045 0.610102
vt 0.221812 0.972924
vt 0.221384 0.973421
vt 0.221209 0.972814
vt 0.185547 0.609497
vt 0.185975 0.609994
vt 0.185372 0.610105
vt 0.150140 0.972923
vt 0.149712 0.973420
vt 0.149537 0.972813
vt 0.113875 0.609496
vt 0.114302 0.609993
vt 0.113700 0.610104
vt 0.078468 0.972926
vt 0.078040 0.973423
vt 0.077865 0.972816
vt 0.042202 0.609491
vt 0.042630 0.609987
vt 0.042027 0.610098
vt 0.041535 0.609490
vt 0.041710 0.610098
vt 0.041107 0.609987
vt 0.293059 0.642408
vt 0.293487 0.642905
vt 0.292884 0.643015
vt 0.257647 0.610853
vt 0.257220 0.611350
vt 0.257045 0.610743
vt 0.221385 0.642412
vt 0.221812 0.642908
vt 0.221210 0.643019
vt 0.185975 0.610856
vt 0.185547 0.611353
vt 0.185372 0.610745
vt 0.149711 0.642412
vt 0.150138 0.642909
vt 0.149536 0.643019
vt 0.114302 0.610855
vt 0.113875 0.611352
vt 0.113700 0.610744
vt 0.078036 0.642410
vt 0.078464 0.642907
vt 0.077861 0.643017
vt 0.042630 0.610849
vt 0.042202 0.611346
vt 0.042027 0.610739
vt 0.041535 0.611346
vt 0.041107 0.610849
vt 0.041710 0.610738
vt 0.293487 0.643766
vt 0.293059 0.644263
vt 0.292884 0.643656
vt 0.257224 0.675325
vt 0.257651 0.675822
vt 0.257048 0.675932
vt 0.221812 0.643770
vt 0.221385 0.644267
vt 0.221210 0.643660
vt 0.185548 0.675327
vt 0.185976 0.675824
vt 0.185373 0.675934
vt 0.150138 0.643770
vt 0.149711 0.644267
vt 0.149536 0.643660
vt 0.113873 0.675326
vt 0.114300 0.675823
vt 0.113698 0.675934
vt 0.078464 0.643768
vt 0.078036 0.644265
vt 0.077861 0.643658
vt 0.042197 0.675324
vt 0.042624 0.675820
vt 0.042022 0.675931
vt 0.041529 0.675323
vt 0.041704 0.675931
vt 0.041102 0.675820
vt 0.293063 0.708240
vt 0.293490 0.708737
vt 0.292888 0.708847
vt 0.257651 0.676684
vt 0.257224 0.677180
vt 0.257049 0.676573
vt 0.221387 0.708242
vt 0.221814 0.708739
vt 0.221211 0.708849
vt 0.185976 0.676685
vt 0.185548 0.677182
vt 0.185373 0.676575
vt 0.149711 0.708242
vt 0.150138 0.708739
vt 0.149535 0.708849
vt 0.114300 0.676685
vt 0.113873 0.677181
vt 0.113698 0.676574
vt 0.078034 0.708241
vt 0.078461 0.708738
vt 0.077859 0.708848
vt 0.042624 0.676682
vt 0.042197 0.677179
vt 0.042022 0.676571
vt 0.041529 0.677179
vt 0.041102 0.676682
vt 0.041704 0.676571
vt 0.293490 0.709598
vt 0.293063 0.710095
vt 0.292888 0.709488
vt 0.257226 0.741157
vt 0.257653 0.741654
vt 0.257051 0.741764
vt 0.221814 0.709600
vt 0.221387 0.710097
vt 0.221211 0.709490
vt 0.185549 0.741158
vt 0.185976 0.741655
vt 0.185374 0.741765
vt 0.150138 0.709601
vt 0.149711 0.710097
vt 0.149535 0.709490
vt 0.113872 0.741158
vt 0.114300 0.741655
vt 0.113697 0.741765
vt 0.078461 0.709599
vt 0.078034 0.710096
vt 0.077859 0.709489
vt 0.042195 0.741157
vt 0.042622 0.741654
vt 0.042020 0.741764
vt 0.041527 0.741157
vt 0.041702 0.741764
vt 0.041100 0.741654
vt 0.293065 0.774073
vt 0.293492 0.774569
vt 0.292890 0.774680
vt 0.257653 0.742515
vt 0.257226 0.743012
vt 0.257051 0.742405
vt 0.221388 0.774073
vt 0.221815 0.774570
vt 0.221212 0.774680
vt 0.185976 0.742516
vt 0.185549 0.743013
vt 0.185374 0.742406
vt 0.149711 0.774074
vt 0.150138 0.774571
vt 0.149536 0.774681
vt 0.114300 0.742516
vt 0.113872 0.743013
vt 0.113697 0.742406
vt 0.078033 0.774074
vt 0.078461 0.774571
vt 0.077858 0.774681
vt 0.042622 0.742515
vt 0.042195 0.743012
vt 0.042020 0.742405
vt 0.041527 0.743012
vt 0.041100 0.742515
vt 0.041702 0.742405
vt 0.293492 0.775431
vt 0.293065 0.775928
vt 0.292890 0.775320
vt 0.257227 0.806989
vt 0.257654 0.807486
vt 0.257051 0.807596
vt 0.221815 0.775432
vt 0.221388 0.775928
vt 0.221212 0.775321
vt 0.185549 0.806989
vt 0.185977 0.807486
vt 0.185374 0.807597
vt 0.150138 0.775432
vt 0.149711 0.775929
vt 0.149536 0.775322
vt 0.113872 0.806990
vt 0.114300 0.807487
vt 0.113697 0.807597
vt 0.078461 0.775432
vt 0.078033 0.775929
vt 0.077858 0.775322
vt 0.042195 0.806990
vt 0.042622 0.807487
vt 0.042020 0.807598
vt 0.041527 0.806990
vt 0.041703 0.807598
vt 0.041100 0.807487
vt 0.293065 0.839906
vt 0.293493 0.840403
vt 0.292890 0.840513
vt 0.257654 0.808347
vt 0.257227 0.808844
vt 0.257051 0.808237
vt 0.221388 0.839905
vt 0.221815 0.840402
vt 0.221213 0.840512
vt 0.185977 0.808348
vt 0.185550 0.808844
vt 0.185374 0.808237
vt 0.149711 0.839905
vt 0.150139 0.840402
vt 0.149536 0.840512
vt 0.114300 0.808348
vt 0.113873 0.808845
vt 0.113697 0.808238
vt 0.078034 0.839906
vt 0.078462 0.840403
vt 0.077859 0.840513
vt 0.042622 0.808349
vt 0.042195 0.808846
vt 0.042020 0.808238
vt 0.041527 0.808846
vt 0.041100 0.808349
vt 0.041703 0.808238
vt 0.293492 0.841264
vt 0.293065 0.841761
vt 0.292890 0.841154
vt 0.257226 0.872822
vt 0.257654 0.873318
vt 0.257051 0.873429
vt 0.221815 0.841263
vt 0.221388 0.841760
vt 0.221213 0.841153
vt 0.185549 0.872820
vt 0.185977 0.873317
vt 0.185374 0.873428
vt 0.150139 0.841263
vt 0.149711 0.841760
vt 0.149536 0.841153
vt 0.113873 0.872821
vt 0.114301 0.873318
vt 0.113698 0.873428
vt 0.078462 0.841264
vt 0.078034 0.841761
vt 0.077859 0.841154
vt 0.042197 0.872823
vt 0.042624 0.873320
vt 0.042021 0.873431
vt 0.041529 0.872823
vt 0.041704 0.873431
vt 0.041101 0.873320
vt 0.025097 0.889212
vt 0.023947 0.891184
vt 0.022933 0.890209
vt 0.023945 0.889197
vt 0.309497 0.891207
vt 0.310647 0.889235
vt 0.311661 0.890210
vt 0.310649 0.891222
vt 0.042197 0.874678
vt 0.042021 0.874071
vt 0.042624 0.874182
vt 0.078036 0.905738
vt 0.078464 0.906235
vt 0.077861 0.906345
vt 0.113873 0.874676
vt 0.113698 0.874069
vt 0.114301 0.874179
vt 0.149712 0.905736
vt 0.150139 0.906233
vt 0.149537 0.906343
vt 0.185550 0.874676
vt 0.185374 0.874068
vt 0.185977 0.874179
vt 0.221387 0.905736
vt 0.221815 0.906233
vt 0.221212 0.906343
vt 0.257226 0.874677
vt 0.257051 0.874070
vt 0.257654 0.874180
vt 0.292396 0.907594
vt 0.291968 0.907097
vt 0.292571 0.906987
vt 0.256556 0.938653
vt 0.256731 0.939260
vt 0.256128 0.939150
vt 0.220719 0.907591
vt 0.220292 0.907095
vt 0.220895 0.906984
vt 0.184881 0.938650
vt 0.185056 0.939257
vt 0.184454 0.939147
vt 0.149044 0.907591
vt 0.148617 0.907094
vt 0.149219 0.906984
vt 0.113207 0.938651
vt 0.113383 0.939258
vt 0.112780 0.939148
vt 0.077369 0.907593
vt 0.076941 0.907096
vt 0.077544 0.906986
vt 0.292390 0.971572
vt 0.292565 0.972179
vt 0.291962 0.972069
vt 0.256556 0.940508
vt 0.256128 0.940011
vt 0.256731 0.939901
vt 0.220717 0.971566
vt 0.220892 0.972173
vt 0.220289 0.972063
vt 0.184881 0.940505
vt 0.184454 0.940008
vt 0.185056 0.939898
vt 0.149045 0.971565
vt 0.149220 0.972172
vt 0.148617 0.972062
vt 0.113207 0.940506
vt 0.112780 0.940009
vt 0.113383 0.939899
vt 0.077372 0.971568
vt 0.077548 0.972175
vt 0.076945 0.972065
vt 0.292390 0.973427
vt 0.291962 0.972930
vt 0.292565 0.972820
vt 0.256552 0.609495
vt 0.256727 0.610102
vt 0.256125 0.609992
vt 0.220717 0.973421
vt 0.220289 0.972924
vt 0.220892 0.972814
vt 0.184880 0.609497
vt 0.185055 0.610105
vt 0.184452 0.609994
vt 0.149045 0.973420
vt 0.148617 0.972923
vt 0.149220 0.972813
vt 0.113207 0.609496
vt 0.113382 0.610104
vt 0.112780 0.609993
vt 0.077373 0.973423
vt 0.076945 0.972926
vt 0.077548 0.972816
vt 0.309490 0.627875
vt 0.310640 0.625902
vt 0.311654 0.626877
vt 0.310642 0.627889
vt 0.274806 0.625868
vt 0.275962 0.627846
vt 0.274806 0.627891
vt 0.273794 0.626880
vt 0.274051 0.626226
vt 0.292392 0.642408
vt 0.292567 0.643015
vt 0.291964 0.642905
vt 0.237817 0.627879
vt 0.238966 0.625907
vt 0.239723 0.626228
vt 0.239981 0.626882
vt 0.238968 0.627894
vt 0.256552 0.611350
vt 0.256125 0.610853
vt 0.256728 0.610743
vt 0.203133 0.625871
vt 0.204288 0.627849
vt 0.203133 0.627894
vt 0.202120 0.626883
vt 0.202378 0.626229
vt 0.220717 0.642412
vt 0.220892 0.643019
vt 0.220290 0.642908
vt 0.166143 0.627880
vt 0.167293 0.625908
vt 0.168050 0.626230
vt 0.168307 0.626883
vt 0.167295 0.627895
vt 0.184880 0.611352
vt 0.184452 0.610856
vt 0.185055 0.610745
vt 0.131459 0.625871
vt 0.132615 0.627849
vt 0.131459 0.627894
vt 0.130447 0.626882
vt 0.130704 0.626229
vt 0.149043 0.642412
vt 0.149218 0.643019
vt 0.148616 0.642909
vt 0.094470 0.627878
vt 0.095620 0.625906
vt 0.096377 0.626228
vt 0.096634 0.626881
vt 0.095622 0.627893
vt 0.113207 0.611352
vt 0.112780 0.610855
vt 0.113382 0.610744
vt 0.059785 0.625867
vt 0.060941 0.627846
vt 0.059785 0.627890
vt 0.058773 0.626878
vt 0.059030 0.626225
vt 0.077369 0.642410
vt 0.077544 0.643017
vt 0.076941 0.642907
vt 0.310645 0.660803
vt 0.309489 0.658824
vt 0.310644 0.658779
vt 0.311656 0.659791
vt 0.275960 0.658797
vt 0.274810 0.660769
vt 0.274054 0.660448
vt 0.273796 0.659794
vt 0.274808 0.658783
vt 0.292392 0.644263
vt 0.291964 0.643766
vt 0.292567 0.643656
vt 0.238970 0.660808
vt 0.237815 0.658829
vt 0.238970 0.658784
vt 0.239982 0.659796
vt 0.239725 0.660449
vt 0.256556 0.675325
vt 0.256731 0.675933
vt 0.256129 0.675822
vt 0.204285 0.658800
vt 0.203135 0.660772
vt 0.202378 0.660451
vt 0.202121 0.659797
vt 0.203133 0.658785
vt 0.220717 0.644267
vt 0.220290 0.643770
vt 0.220892 0.643659
vt 0.167296 0.660809
vt 0.166140 0.658830
vt 0.167296 0.658785
vt 0.168308 0.659797
vt 0.168051 0.660451
vt 0.184881 0.675327
vt 0.185056 0.675934
vt 0.184453 0.675824
vt 0.132610 0.658800
vt 0.131460 0.660772
vt 0.130703 0.660450
vt 0.130446 0.659797
vt 0.131458 0.658785
vt 0.149043 0.644267
vt 0.148616 0.643770
vt 0.149218 0.643660
vt 0.095621 0.660807
vt 0.094465 0.658829
vt 0.095621 0.658784
vt 0.096633 0.659796
vt 0.096376 0.660449
vt 0.113205 0.675326
vt 0.113381 0.675933
vt 0.112778 0.675823
vt 0.060934 0.658797
vt 0.059784 0.660769
vt 0.059027 0.660448
vt 0.058770 0.659794
vt 0.059782 0.658782
vt 0.077369 0.644265
vt 0.076941 0.643768
vt 0.077544 0.643658
vt 0.309495 0.693707
vt 0.310645 0.691735
vt 0.311659 0.692710
vt 0.310647 0.693721
vt 0.025095 0.691710
vt 0.023945 0.693683
vt 0.022932 0.692707
vt 0.023944 0.691696
vt 0.292395 0.708240
vt 0.292570 0.708847
vt 0.291968 0.708737
vt 0.256556 0.677180
vt 0.256129 0.676684
vt 0.256731 0.676573
vt 0.220719 0.708242
vt 0.220894 0.708849
vt 0.220291 0.708739
vt 0.184881 0.677182
vt 0.184453 0.676685
vt 0.185056 0.676575
vt 0.149043 0.708242
vt 0.149218 0.708849
vt 0.148615 0.708739
vt 0.113205 0.677181
vt 0.112778 0.676685
vt 0.113380 0.676574
vt 0.077366 0.708241
vt 0.077541 0.708848
vt 0.076939 0.708738
vt 0.292395 0.710095
vt 0.291968 0.709598
vt 0.292570 0.709488
vt 0.238972 0.724615
vt 0.240128 0.726594
vt 0.238972 0.726639
vt 0.237960 0.725627
vt 0.238217 0.724973
vt 0.256558 0.741157
vt 0.256733 0.741764
vt 0.256131 0.741654
vt 0.201982 0.726625
vt 0.203132 0.724652
vt 0.203889 0.724974
vt 0.204146 0.725627
vt 0.203134 0.726639
vt 0.220719 0.710097
vt 0.220291 0.709600
vt 0.220894 0.709490
vt 0.167296 0.724616
vt 0.168451 0.726595
vt 0.167296 0.726640
vt 0.166284 0.725628
vt 0.166541 0.724974
vt 0.184881 0.741158
vt 0.185056 0.741765
vt 0.184454 0.741655
vt 0.130306 0.726625
vt 0.131456 0.724652
vt 0.132213 0.724974
vt 0.132470 0.725628
vt 0.131458 0.726639
vt 0.149043 0.710097
vt 0.148615 0.709601
vt 0.149218 0.709490
vt 0.113205 0.741158
vt 0.113380 0.741765
vt 0.112777 0.741655
vt 0.077366 0.710096
vt 0.076939 0.709599
vt 0.077541 0.709489
vt 0.025094 0.757544
vt 0.023944 0.759517
vt 0.022930 0.758542
vt 0.023942 0.757530
vt 0.292397 0.774073
vt 0.292572 0.774680
vt 0.291970 0.774569
vt 0.256558 0.743012
vt 0.256131 0.742515
vt 0.256733 0.742405
vt 0.220720 0.774073
vt 0.220895 0.774681
vt 0.220292 0.774570
vt 0.184881 0.743013
vt 0.184454 0.742516
vt 0.185056 0.742406
vt 0.149043 0.774074
vt 0.149218 0.774681
vt 0.148616 0.774571
vt 0.113205 0.743013
vt 0.112777 0.742516
vt 0.113380 0.742406
vt 0.059780 0.759555
vt 0.058625 0.757576
vt 0.059780 0.757531
vt 0.060792 0.758543
vt 0.060535 0.759196
vt 0.077366 0.774074
vt 0.077541 0.774681
vt 0.076938 0.774571
vt 0.273661 0.792455
vt 0.274811 0.790483
vt 0.275568 0.790805
vt 0.275825 0.791458
vt 0.274813 0.792470
vt 0.292397 0.775928
vt 0.291970 0.775431
vt 0.292572 0.775320
vt 0.238973 0.790447
vt 0.240129 0.792426
vt 0.238973 0.792471
vt 0.237961 0.791459
vt 0.238218 0.790805
vt 0.256559 0.806989
vt 0.256734 0.807596
vt 0.256131 0.807486
vt 0.220720 0.775928
vt 0.220292 0.775432
vt 0.220895 0.775321
vt 0.184882 0.806989
vt 0.185057 0.807597
vt 0.184454 0.807486
vt 0.149043 0.775929
vt 0.148616 0.775432
vt 0.149218 0.775322
vt 0.113205 0.806990
vt 0.113380 0.807597
vt 0.112777 0.807487
vt 0.077366 0.775929
vt 0.076938 0.775432
vt 0.077541 0.775322
vt 0.309498 0.825373
vt 0.310648 0.823401
vt 0.311662 0.824376
vt 0.310650 0.825388
vt 0.274812 0.823363
vt 0.275968 0.825342
vt 0.274812 0.825387
vt 0.273800 0.824375
vt 0.274057 0.823722
vt 0.292397 0.839906
vt 0.292573 0.840513
vt 0.291970 0.840403
vt 0.256559 0.808844
vt 0.256132 0.808347
vt 0.256734 0.808237
vt 0.220720 0.839905
vt 0.220895 0.840512
vt 0.220293 0.840402
vt 0.184882 0.808844
vt 0.184454 0.808348
vt 0.185057 0.808237
vt 0.149044 0.839905
vt 0.149219 0.840512
vt 0.148616 0.840402
vt 0.113205 0.808845
vt 0.112777 0.808348
vt 0.113380 0.808238
vt 0.077366 0.839906
vt 0.077542 0.840513
vt 0.076939 0.840403
vt 0.292397 0.841761
vt 0.291970 0.841264
vt 0.292573 0.841154
vt 0.256559 0.872822
vt 0.256734 0.873429
vt 0.256131 0.873318
vt 0.220720 0.841760
vt 0.220293 0.841263
vt 0.220895 0.841153
vt 0.184882 0.872821
vt 0.185057 0.873428
vt 0.184454 0.873317
vt 0.149044 0.841760
vt 0.148616 0.841264
vt 0.149219 0.841153
vt 0.113206 0.872821
vt 0.113381 0.873428
vt 0.112778 0.873318
vt 0.077366 0.841761
vt 0.076939 0.841264
vt 0.077542 0.841154
vt 0.042196 0.874679
vt 0.041530 0.874679
vt 0.041863 0.874171
vt 0.078035 0.905737
vt 0.077702 0.906245
vt 0.077370 0.905737
vt 0.113872 0.874677
vt 0.113207 0.874677
vt 0.113539 0.874169
vt 0.149711 0.905735
vt 0.149378 0.906243
vt 0.149045 0.905735
vt 0.185548 0.874676
vt 0.184883 0.874676
vt 0.185216 0.874168
vt 0.221386 0.905736
vt 0.221053 0.906244
vt 0.220720 0.905736
vt 0.257225 0.874677
vt 0.256559 0.874677
vt 0.256892 0.874169
vt 0.293062 0.905739
vt 0.292730 0.906247
vt 0.292397 0.905739
vt 0.292397 0.907595
vt 0.292730 0.907087
vt 0.293062 0.907595
vt 0.256557 0.938652
vt 0.257223 0.938652
vt 0.256890 0.939160
vt 0.220720 0.907592
vt 0.221053 0.907084
vt 0.221386 0.907592
vt 0.184882 0.938650
vt 0.185548 0.938650
vt 0.185215 0.939158
vt 0.149045 0.907591
vt 0.149378 0.907083
vt 0.149711 0.907591
vt 0.113208 0.938651
vt 0.113874 0.938651
vt 0.113541 0.939159
vt 0.077370 0.907593
vt 0.077702 0.907085
vt 0.078035 0.907593
vt 0.041534 0.938655
vt 0.042199 0.938655
vt 0.041867 0.939163
vt 0.292391 0.971572
vt 0.293056 0.971572
vt 0.292724 0.972080
vt 0.256557 0.940508
vt 0.256890 0.940000
vt 0.257222 0.940509
vt 0.220718 0.971565
vt 0.221384 0.971565
vt 0.221051 0.972073
vt 0.184882 0.940506
vt 0.185215 0.939998
vt 0.185548 0.940506
vt 0.149046 0.971564
vt 0.149711 0.971564
vt 0.149379 0.972072
vt 0.113208 0.940507
vt 0.113541 0.939999
vt 0.113874 0.940507
vt 0.077373 0.971567
vt 0.078039 0.971567
vt 0.077706 0.972075
vt 0.041534 0.940511
vt 0.041867 0.940003
vt 0.042200 0.940511
vt 0.292391 0.973428
vt 0.292724 0.972920
vt 0.293056 0.973428
vt 0.256553 0.609494
vt 0.257219 0.609494
vt 0.256886 0.610002
vt 0.220718 0.973422
vt 0.221051 0.972914
vt 0.221383 0.973422
vt 0.184881 0.609497
vt 0.185546 0.609497
vt 0.185213 0.610005
vt 0.149046 0.973421
vt 0.149379 0.972912
vt 0.149711 0.973420
vt 0.113208 0.609496
vt 0.113874 0.609496
vt 0.113541 0.610004
vt 0.077374 0.973423
vt 0.077706 0.972915
vt 0.078039 0.973424
vt 0.041536 0.609490
vt 0.042201 0.609490
vt 0.041869 0.609998
vt 0.292393 0.642408
vt 0.293058 0.642407
vt 0.292725 0.642915
vt 0.256553 0.611351
vt 0.256886 0.610843
vt 0.257219 0.611351
vt 0.220718 0.642411
vt 0.221384 0.642411
vt 0.221051 0.642919
vt 0.184881 0.611353
vt 0.185213 0.610845
vt 0.185546 0.611353
vt 0.149044 0.642412
vt 0.149710 0.642412
vt 0.149377 0.642920
vt 0.113208 0.611352
vt 0.113541 0.610844
vt 0.113874 0.611352
vt 0.077370 0.642409
vt 0.078035 0.642409
vt 0.077703 0.642917
vt 0.041536 0.611346
vt 0.041869 0.610838
vt 0.042201 0.611346
vt 0.292393 0.644264
vt 0.292726 0.643756
vt 0.293058 0.644264
vt 0.256557 0.675325
vt 0.257223 0.675325
vt 0.256890 0.675833
vt 0.220718 0.644267
vt 0.221051 0.643759
vt 0.221384 0.644267
vt 0.184882 0.675326
vt 0.185547 0.675326
vt 0.185214 0.675834
vt 0.149044 0.644268
vt 0.149377 0.643760
vt 0.149710 0.644268
vt 0.113206 0.675326
vt 0.113872 0.675326
vt 0.113539 0.675834
vt 0.077370 0.644265
vt 0.077703 0.643757
vt 0.078035 0.644265
vt 0.041530 0.675323
vt 0.042196 0.675323
vt 0.041863 0.675831
vt 0.292396 0.708239
vt 0.293062 0.708239
vt 0.292729 0.708747
vt 0.256557 0.677181
vt 0.256890 0.676673
vt 0.257223 0.677181
vt 0.220720 0.708241
vt 0.221385 0.708241
vt 0.221053 0.708749
vt 0.184882 0.677183
vt 0.185214 0.676675
vt 0.185547 0.677183
vt 0.149044 0.708242
vt 0.149710 0.708242
vt 0.149377 0.708750
vt 0.113206 0.677182
vt 0.113539 0.676674
vt 0.113872 0.677182
vt 0.077367 0.708241
vt 0.078033 0.708241
vt 0.077700 0.708749
vt 0.041530 0.677179
vt 0.041863 0.676671
vt 0.042196 0.677179
vt 0.292396 0.710095
vt 0.292729 0.709587
vt 0.293062 0.710095
vt 0.256559 0.741156
vt 0.257225 0.741156
vt 0.256892 0.741664
vt 0.220720 0.710097
vt 0.221053 0.709589
vt 0.221386 0.710097
vt 0.184882 0.741157
vt 0.185548 0.741157
vt 0.185215 0.741665
vt 0.149044 0.710098
vt 0.149377 0.709590
vt 0.149710 0.710098
vt 0.113206 0.741157
vt 0.113871 0.741157
vt 0.113538 0.741665
vt 0.077367 0.710097
vt 0.077700 0.709589
vt 0.078033 0.710097
vt 0.041528 0.741156
vt 0.042194 0.741156
vt 0.041861 0.741664
vt 0.292398 0.774072
vt 0.293064 0.774072
vt 0.292731 0.774580
vt 0.256559 0.743013
vt 0.256892 0.742505
vt 0.257225 0.743013
vt 0.220721 0.774073
vt 0.221387 0.774073
vt 0.221054 0.774581
vt 0.184882 0.743013
vt 0.185215 0.742505
vt 0.185548 0.743013
vt 0.149044 0.774073
vt 0.149710 0.774073
vt 0.149377 0.774581
vt 0.113206 0.743013
vt 0.113538 0.742505
vt 0.113871 0.743013
vt 0.077367 0.774073
vt 0.078032 0.774073
vt 0.077700 0.774581
vt 0.041528 0.743013
vt 0.041861 0.742505
vt 0.042194 0.743013
vt 0.292398 0.775928
vt 0.292731 0.775420
vt 0.293064 0.775928
vt 0.256560 0.806989
vt 0.257226 0.806989
vt 0.256893 0.807497
vt 0.220721 0.775929
vt 0.221054 0.775421
vt 0.221387 0.775929
vt 0.184883 0.806989
vt 0.185548 0.806989
vt 0.185216 0.807497
vt 0.149044 0.775929
vt 0.149377 0.775421
vt 0.149710 0.775929
vt 0.113206 0.806989
vt 0.113871 0.806989
vt 0.113539 0.807497
vt 0.077367 0.775929
vt 0.077700 0.775421
vt 0.078032 0.775929
vt 0.041528 0.806990
vt 0.042194 0.806990
vt 0.041861 0.807498
vt 0.292398 0.839905
vt 0.293064 0.839905
vt 0.292731 0.840413
vt 0.256560 0.808845
vt 0.256893 0.808337
vt 0.257226 0.808845
vt 0.220721 0.839905
vt 0.221387 0.839905
vt 0.221054 0.840413
vt 0.184883 0.808845
vt 0.185216 0.808337
vt 0.185548 0.808845
vt 0.149045 0.839905
vt 0.149710 0.839905
vt 0.149377 0.840413
vt 0.113206 0.808845
vt 0.113539 0.808337
vt 0.113872 0.808845
vt 0.077367 0.839906
vt 0.078033 0.839906
vt 0.077700 0.840414
vt 0.041528 0.808846
vt 0.041861 0.808338
vt 0.042194 0.808846
vt 0.292398 0.841761
vt 0.292731 0.841253
vt 0.293064 0.841761
vt 0.256560 0.872821
vt 0.257225 0.872821
vt 0.256892 0.873329
vt 0.220721 0.841761
vt 0.221054 0.841253
vt 0.221387 0.841761
vt 0.184883 0.872820
vt 0.185548 0.872820
vt 0.185216 0.873328
vt 0.149045 0.841761
vt 0.149377 0.841253
vt 0.149710 0.841761
vt 0.113207 0.872821
vt 0.113872 0.872821
vt 0.113539 0.873329
vt 0.077367 0.841762
vt 0.077700 0.841254
vt 0.078033 0.841762
vt 0.041530 0.872823
vt 0.042195 0.872823
vt 0.041863 0.873331
vt 0.041070 0.874071
vt 0.041070 0.873431
vt 0.041619 0.873751
vt 0.042656 0.874071
vt 0.042107 0.873751
vt 0.042656 0.873431
vt 0.112747 0.874069
vt 0.112747 0.873428
vt 0.113295 0.873749
vt 0.114332 0.874069
vt 0.113783 0.873749
vt 0.114332 0.873428
vt 0.184423 0.874068
vt 0.184423 0.873428
vt 0.184972 0.873748
vt 0.186009 0.874068
vt 0.185460 0.873748
vt 0.186009 0.873428
vt 0.256099 0.874069
vt 0.256099 0.873429
vt 0.256648 0.873749
vt 0.257685 0.874070
vt 0.257136 0.873749
vt 0.257685 0.873429
vt 0.076907 0.841154
vt 0.076907 0.840513
vt 0.077456 0.840834
vt 0.078493 0.841154
vt 0.077944 0.840834
vt 0.078493 0.840513
vt 0.148584 0.841153
vt 0.148584 0.840512
vt 0.149133 0.840833
vt 0.150170 0.841153
vt 0.149621 0.840833
vt 0.150170 0.840512
vt 0.220261 0.841153
vt 0.220261 0.840512
vt 0.220810 0.840833
vt 0.221847 0.841153
vt 0.221298 0.840833
vt 0.221847 0.840512
vt 0.291938 0.841154
vt 0.291938 0.840513
vt 0.292487 0.840833
vt 0.293524 0.841154
vt 0.292975 0.840833
vt 0.293524 0.840513
vt 0.041068 0.808238
vt 0.041068 0.807598
vt 0.041617 0.807918
vt 0.042654 0.808238
vt 0.042105 0.807918
vt 0.042654 0.807598
vt 0.112746 0.808238
vt 0.112746 0.807597
vt 0.113295 0.807917
vt 0.114332 0.808238
vt 0.113783 0.807917
vt 0.114332 0.807597
vt 0.184423 0.808237
vt 0.184423 0.807597
vt 0.184972 0.807917
vt 0.186009 0.808237
vt 0.185460 0.807917
vt 0.186009 0.807597
vt 0.256100 0.808237
vt 0.256100 0.807596
vt 0.256649 0.807917
vt 0.257686 0.808237
vt 0.257137 0.807917
vt 0.257686 0.807596
vt 0.076907 0.775322
vt 0.076907 0.774681
vt 0.077456 0.775001
vt 0.078493 0.775322
vt 0.077944 0.775001
vt 0.078493 0.774681
vt 0.148584 0.775322
vt 0.148584 0.774681
vt 0.149133 0.775001
vt 0.150170 0.775322
vt 0.149621 0.775001
vt 0.150170 0.774681
vt 0.220261 0.775321
vt 0.220261 0.774681
vt 0.220810 0.775001
vt 0.221847 0.775321
vt 0.221298 0.775001
vt 0.221847 0.774681
vt 0.291938 0.775320
vt 0.291938 0.774680
vt 0.292487 0.775000
vt 0.293524 0.775320
vt 0.292975 0.775000
vt 0.293524 0.774680
vt 0.041068 0.742405
vt 0.041068 0.741764
vt 0.041617 0.742085
vt 0.042654 0.742405
vt 0.042105 0.742085
vt 0.042654 0.741764
vt 0.112745 0.742406
vt 0.112745 0.741765
vt 0.113294 0.742085
vt 0.114331 0.742406
vt 0.113782 0.742085
vt 0.114331 0.741765
vt 0.184422 0.742406
vt 0.184422 0.741765
vt 0.184971 0.742085
vt 0.186008 0.742406
vt 0.185459 0.742085
vt 0.186008 0.741765
vt 0.256099 0.742405
vt 0.256099 0.741764
vt 0.256648 0.742085
vt 0.257685 0.742405
vt 0.257136 0.742085
vt 0.257685 0.741764
vt 0.076907 0.709489
vt 0.076907 0.708848
vt 0.077456 0.709169
vt 0.078493 0.709489
vt 0.077944 0.709169
vt 0.078493 0.708848
vt 0.148584 0.709490
vt 0.148584 0.708849
vt 0.149133 0.709170
vt 0.150170 0.709490
vt 0.149621 0.709170
vt 0.150170 0.708849
vt 0.220260 0.709490
vt 0.220260 0.708849
vt 0.220809 0.709169
vt 0.221846 0.709490
vt 0.221297 0.709169
vt 0.221846 0.708849
vt 0.291936 0.709488
vt 0.291936 0.708847
vt 0.292485 0.709167
vt 0.293522 0.709488
vt 0.292973 0.709167
vt 0.293522 0.708847
vt 0.041070 0.676571
vt 0.041070 0.675931
vt 0.041619 0.676251
vt 0.042656 0.676571
vt 0.042107 0.676251
vt 0.042656 0.675931
vt 0.112746 0.676574
vt 0.112746 0.675933
vt 0.113295 0.676254
vt 0.114332 0.676574
vt 0.113783 0.676254
vt 0.114332 0.675934
vt 0.184421 0.676575
vt 0.184421 0.675934
vt 0.184970 0.676255
vt 0.186007 0.676575
vt 0.185458 0.676255
vt 0.186007 0.675934
vt 0.256097 0.676573
vt 0.256097 0.675933
vt 0.256646 0.676253
vt 0.257683 0.676573
vt 0.257134 0.676253
vt 0.257683 0.675933
vt 0.076910 0.643658
vt 0.076910 0.643017
vt 0.077459 0.643337
vt 0.078495 0.643658
vt 0.077947 0.643337
vt 0.078496 0.643017
vt 0.148584 0.643660
vt 0.148584 0.643019
vt 0.149133 0.643340
vt 0.150170 0.643660
vt 0.149621 0.643340
vt 0.150170 0.643019
vt 0.220258 0.643659
vt 0.220258 0.643019
vt 0.220807 0.643339
vt 0.221844 0.643659
vt 0.221295 0.643339
vt 0.221844 0.643019
vt 0.291933 0.643656
vt 0.291933 0.643015
vt 0.292482 0.643336
vt 0.293518 0.643656
vt 0.292969 0.643336
vt 0.293518 0.643015
vt 0.041076 0.610738
vt 0.041076 0.610098
vt 0.041625 0.610418
vt 0.042661 0.610739
vt 0.042113 0.610418
vt 0.042662 0.610098
vt 0.112748 0.610744
vt 0.112748 0.610104
vt 0.113297 0.610424
vt 0.114334 0.610744
vt 0.113785 0.610424
vt 0.114334 0.610104
vt 0.184421 0.610745
vt 0.184421 0.610105
vt 0.184969 0.610425
vt 0.186006 0.610745
vt 0.185457 0.610425
vt 0.186006 0.610105
vt 0.256093 0.610743
vt 0.256093 0.610102
vt 0.256642 0.610423
vt 0.257679 0.610743
vt 0.257130 0.610423
vt 0.257679 0.610102
vt 0.076913 0.972816
vt 0.076913 0.972175
vt 0.077462 0.972495
vt 0.078499 0.972816
vt 0.077950 0.972495
vt 0.078499 0.972175
vt 0.148586 0.972813
vt 0.148586 0.972172
vt 0.149135 0.972492
vt 0.150172 0.972813
vt 0.149623 0.972492
vt 0.150172 0.972172
vt 0.220258 0.972814
vt 0.220258 0.972173
vt 0.220807 0.972493
vt 0.221844 0.972814
vt 0.221295 0.972493
vt 0.221844 0.972173
vt 0.291931 0.972820
vt 0.291931 0.972179
vt 0.292480 0.972500
vt 0.293517 0.972820
vt 0.292968 0.972500
vt 0.293517 0.972179
vt 0.041074 0.939903
vt 0.041074 0.939263
vt 0.041623 0.939583
vt 0.042660 0.939903
vt 0.042111 0.939583
vt 0.042660 0.939263
vt 0.112748 0.939899
vt 0.112748 0.939258
vt 0.113297 0.939579
vt 0.114334 0.939899
vt 0.113785 0.939579
vt 0.114334 0.939258
vt 0.184422 0.939898
vt 0.184422 0.939257
vt 0.184971 0.939578
vt 0.186008 0.939898
vt 0.185459 0.939578
vt 0.186008 0.939257
vt 0.256097 0.939901
vt 0.256097 0.939260
vt 0.256646 0.939580
vt 0.257683 0.939901
vt 0.257134 0.939580
vt 0.257683 0.939260
vt 0.076909 0.906986
vt 0.076909 0.906345
vt 0.077458 0.906665
vt 0.078495 0.906986
vt 0.077946 0.906665
vt 0.078495 0.906345
vt 0.148585 0.906984
vt 0.148585 0.906343
vt 0.149134 0.906663
vt 0.150171 0.906983
vt 0.149622 0.906663
vt 0.150171 0.906343
vt 0.220260 0.906984
vt 0.220260 0.906343
vt 0.220809 0.906664
vt 0.221846 0.906984
vt 0.221297 0.906664
vt 0.221846 0.906344
vt 0.291937 0.906987
vt 0.291937 0.906346
vt 0.292486 0.906667
vt 0.293523 0.906987
vt 0.292974 0.906667
vt 0.293523 0.906346
vt 0.042806 0.882753
vt 0.041863 0.884609
vt 0.040920 0.882753
vt 0.047656 0.880863
vt 0.048976 0.879557
vt 0.049723 0.881500
vt 0.078645 0.897663
vt 0.076759 0.897663
vt 0.077702 0.895806
vt 0.083495 0.899553
vt 0.085562 0.898915
vt 0.084816 0.900858
vt 0.114482 0.882751
vt 0.113540 0.884607
vt 0.112597 0.882751
vt 0.119333 0.880861
vt 0.120653 0.879555
vt 0.121400 0.881498
vt 0.150321 0.897662
vt 0.148435 0.897662
vt 0.149378 0.895805
vt 0.155171 0.899551
vt 0.157238 0.898913
vt 0.156492 0.900856
vt 0.186158 0.882750
vt 0.185216 0.884607
vt 0.184273 0.882750
vt 0.191009 0.880860
vt 0.192329 0.879555
vt 0.193076 0.881498
vt 0.221996 0.897662
vt 0.220111 0.897662
vt 0.221053 0.895805
vt 0.226846 0.899552
vt 0.228913 0.898914
vt 0.228167 0.900857
vt 0.257835 0.882751
vt 0.256892 0.884608
vt 0.255949 0.882751
vt 0.262685 0.880862
vt 0.264006 0.879556
vt 0.264752 0.881499
vt 0.293673 0.897665
vt 0.291787 0.897665
vt 0.292730 0.895808
vt 0.298523 0.899555
vt 0.300590 0.898917
vt 0.299843 0.900860
vt 0.291787 0.915668
vt 0.293672 0.915668
vt 0.292729 0.917525
vt 0.286936 0.913779
vt 0.284870 0.914416
vt 0.285616 0.912473
vt 0.255948 0.930579
vt 0.256890 0.928722
vt 0.257833 0.930579
vt 0.251097 0.932468
vt 0.249776 0.933773
vt 0.249030 0.931830
vt 0.220110 0.915666
vt 0.221996 0.915666
vt 0.221053 0.917522
vt 0.215260 0.913776
vt 0.213193 0.914414
vt 0.213939 0.912470
vt 0.184272 0.930576
vt 0.185215 0.928719
vt 0.186158 0.930576
vt 0.179422 0.932466
vt 0.178102 0.933771
vt 0.177356 0.931828
vt 0.148435 0.915665
vt 0.150321 0.915665
vt 0.149378 0.917522
vt 0.143585 0.913776
vt 0.141518 0.914413
vt 0.142264 0.912470
vt 0.112598 0.930577
vt 0.113541 0.928720
vt 0.114484 0.930577
vt 0.107748 0.932467
vt 0.106428 0.933772
vt 0.105681 0.931829
vt 0.076760 0.915667
vt 0.078645 0.915667
vt 0.077703 0.917524
vt 0.071910 0.913778
vt 0.069843 0.914416
vt 0.070589 0.912473
vt 0.040923 0.930582
vt 0.041866 0.928725
vt 0.042809 0.930581
vt 0.036073 0.932471
vt 0.034753 0.933777
vt 0.034007 0.931834
vt 0.291782 0.963498
vt 0.292725 0.961641
vt 0.293668 0.963498
vt 0.286932 0.965386
vt 0.285611 0.966692
vt 0.284865 0.964749
vt 0.255946 0.948582
vt 0.257832 0.948582
vt 0.256889 0.950439
vt 0.251096 0.946692
vt 0.249029 0.947330
vt 0.249776 0.945387
vt 0.220108 0.963492
vt 0.221051 0.961635
vt 0.221994 0.963492
vt 0.215258 0.965381
vt 0.213937 0.966686
vt 0.213191 0.964743
vt 0.184272 0.948579
vt 0.186157 0.948579
vt 0.185215 0.950436
vt 0.179422 0.946690
vt 0.177356 0.947327
vt 0.178102 0.945384
vt 0.148436 0.963490
vt 0.149378 0.961634
vt 0.150321 0.963491
vt 0.143585 0.965380
vt 0.142265 0.966686
vt 0.141519 0.964743
vt 0.112599 0.948580
vt 0.114484 0.948580
vt 0.113542 0.950437
vt 0.107749 0.946691
vt 0.105682 0.947329
vt 0.106428 0.945386
vt 0.076763 0.963494
vt 0.077705 0.961636
vt 0.078648 0.963493
vt 0.071913 0.965383
vt 0.070592 0.966689
vt 0.069846 0.964746
vt 0.040925 0.948584
vt 0.042810 0.948584
vt 0.041868 0.950441
vt 0.036075 0.946696
vt 0.034008 0.947333
vt 0.034754 0.945390
vt 0.291780 0.981502
vt 0.293665 0.981502
vt 0.292722 0.983359
vt 0.286930 0.979612
vt 0.284863 0.980249
vt 0.285609 0.978306
vt 0.255943 0.601420
vt 0.256885 0.599563
vt 0.257828 0.601420
vt 0.251092 0.603310
vt 0.249772 0.604616
vt 0.249025 0.602673
vt 0.220108 0.981496
vt 0.221993 0.981496
vt 0.221050 0.983353
vt 0.215257 0.979606
vt 0.213190 0.980244
vt 0.213937 0.978301
vt 0.184271 0.601423
vt 0.185213 0.599566
vt 0.186156 0.601423
vt 0.179420 0.603312
vt 0.178100 0.604618
vt 0.177353 0.602675
vt 0.148436 0.981495
vt 0.150321 0.981495
vt 0.149379 0.983352
vt 0.143586 0.979605
vt 0.141519 0.980243
vt 0.142265 0.978300
vt 0.112599 0.601421
vt 0.113541 0.599564
vt 0.114484 0.601422
vt 0.107748 0.603311
vt 0.106427 0.604616
vt 0.105681 0.602673
vt 0.076764 0.981498
vt 0.078650 0.981498
vt 0.077707 0.983355
vt 0.071914 0.979609
vt 0.069847 0.980247
vt 0.070593 0.978303
vt 0.040927 0.601416
vt 0.041870 0.599559
vt 0.042812 0.601416
vt 0.036076 0.603305
vt 0.034756 0.604610
vt 0.034010 0.602667
vt 0.291782 0.634334
vt 0.292725 0.632477
vt 0.293667 0.634334
vt 0.286932 0.636224
vt 0.285612 0.637529
vt 0.284866 0.635587
vt 0.255944 0.619425
vt 0.257829 0.619424
vt 0.256887 0.621282
vt 0.251093 0.617535
vt 0.249027 0.618173
vt 0.249773 0.616230
vt 0.220108 0.634338
vt 0.221051 0.632481
vt 0.221993 0.634338
vt 0.215258 0.636227
vt 0.213937 0.637533
vt 0.213191 0.635590
vt 0.184271 0.619427
vt 0.186156 0.619427
vt 0.185214 0.621284
vt 0.179421 0.617537
vt 0.177354 0.618175
vt 0.178100 0.616232
vt 0.148434 0.634338
vt 0.149377 0.632482
vt 0.150320 0.634338
vt 0.143584 0.636228
vt 0.142264 0.637533
vt 0.141518 0.635590
vt 0.112598 0.619426
vt 0.114483 0.619426
vt 0.113541 0.621283
vt 0.107748 0.617536
vt 0.105681 0.618174
vt 0.106427 0.616231
vt 0.076760 0.634336
vt 0.077703 0.632479
vt 0.078646 0.634336
vt 0.071910 0.636225
vt 0.070589 0.637530
vt 0.069843 0.635587
vt 0.040925 0.619420
vt 0.042810 0.619420
vt 0.041867 0.621277
vt 0.036075 0.617530
vt 0.034008 0.618167
vt 0.034754 0.616224
vt 0.291784 0.652337
vt 0.293669 0.652337
vt 0.292726 0.654194
vt 0.286933 0.650448
vt 0.284867 0.651086
vt 0.285613 0.649143
vt 0.255947 0.667251
vt 0.256889 0.665394
vt 0.257832 0.667251
vt 0.251096 0.669141
vt 0.249776 0.670446
vt 0.249030 0.668503
vt 0.220109 0.652341
vt 0.221994 0.652341
vt 0.221051 0.654198
vt 0.215258 0.650451
vt 0.213192 0.651089
vt 0.213938 0.649146
vt 0.184272 0.667253
vt 0.185214 0.665396
vt 0.186157 0.667253
vt 0.179421 0.669142
vt 0.178101 0.670448
vt 0.177355 0.668505
vt 0.148434 0.652341
vt 0.150320 0.652341
vt 0.149377 0.654198
vt 0.143584 0.650452
vt 0.141517 0.651089
vt 0.142264 0.649146
vt 0.112597 0.667252
vt 0.113539 0.665395
vt 0.114482 0.667252
vt 0.107746 0.669141
vt 0.106426 0.670447
vt 0.105680 0.668504
vt 0.076759 0.652339
vt 0.078645 0.652339
vt 0.077702 0.654196
vt 0.071909 0.650449
vt 0.069842 0.651087
vt 0.070589 0.649144
vt 0.040921 0.667249
vt 0.041863 0.665392
vt 0.042806 0.667249
vt 0.036070 0.669138
vt 0.034750 0.670444
vt 0.034004 0.668501
vt 0.291786 0.700166
vt 0.292729 0.698309
vt 0.293671 0.700166
vt 0.286936 0.702055
vt 0.285615 0.703361
vt 0.284869 0.701418
vt 0.255948 0.685255
vt 0.257833 0.685255
vt 0.256890 0.687112
vt 0.251097 0.683366
vt 0.249030 0.684003
vt 0.249776 0.682060
vt 0.220110 0.700168
vt 0.221052 0.698310
vt 0.221995 0.700167
vt 0.215260 0.702057
vt 0.213939 0.703363
vt 0.213193 0.701419
vt 0.184272 0.685256
vt 0.186157 0.685256
vt 0.185214 0.687113
vt 0.179421 0.683367
vt 0.177355 0.684004
vt 0.178101 0.682061
vt 0.148434 0.700168
vt 0.149377 0.698311
vt 0.150319 0.700168
vt 0.143584 0.702057
vt 0.142263 0.703363
vt 0.141517 0.701420
vt 0.112596 0.685256
vt 0.114482 0.685256
vt 0.113539 0.687113
vt 0.107746 0.683366
vt 0.105679 0.684004
vt 0.106425 0.682061
vt 0.076758 0.700167
vt 0.077700 0.698310
vt 0.078643 0.700167
vt 0.071907 0.702056
vt 0.070586 0.703362
vt 0.069840 0.701418
vt 0.040920 0.685253
vt 0.042805 0.685253
vt 0.041862 0.687110
vt 0.036070 0.683363
vt 0.034003 0.684001
vt 0.034749 0.682058
vt 0.291787 0.718169
vt 0.293672 0.718169
vt 0.292729 0.720026
vt 0.286937 0.716280
vt 0.284870 0.716918
vt 0.285616 0.714974
vt 0.255949 0.733082
vt 0.256892 0.731226
vt 0.257834 0.733082
vt 0.251099 0.734972
vt 0.249778 0.736278
vt 0.249032 0.734334
vt 0.220110 0.718171
vt 0.221996 0.718171
vt 0.221053 0.720028
vt 0.215260 0.716282
vt 0.213193 0.716919
vt 0.213939 0.714976
vt 0.184272 0.733083
vt 0.185215 0.731226
vt 0.186158 0.733083
vt 0.179422 0.734973
vt 0.178101 0.736278
vt 0.177355 0.734335
vt 0.148434 0.718172
vt 0.150319 0.718172
vt 0.149377 0.720029
vt 0.143584 0.716282
vt 0.141517 0.716920
vt 0.142263 0.714977
vt 0.112596 0.733083
vt 0.113538 0.731226
vt 0.114481 0.733083
vt 0.107745 0.734973
vt 0.106425 0.736278
vt 0.105679 0.734335
vt 0.076757 0.718171
vt 0.078643 0.718171
vt 0.077700 0.720028
vt 0.071907 0.716281
vt 0.069840 0.716919
vt 0.070586 0.714976
vt 0.040918 0.733083
vt 0.041861 0.731226
vt 0.042804 0.733083
vt 0.036068 0.734972
vt 0.034748 0.736278
vt 0.034001 0.734334
vt 0.291788 0.765998
vt 0.292731 0.764142
vt 0.293673 0.765998
vt 0.286938 0.767888
vt 0.285617 0.769193
vt 0.284871 0.767250
vt 0.255949 0.751087
vt 0.257835 0.751087
vt 0.256892 0.752944
vt 0.251099 0.749197
vt 0.249032 0.749835
vt 0.249778 0.747892
vt 0.220111 0.765999
vt 0.221054 0.764142
vt 0.221996 0.765999
vt 0.215261 0.767889
vt 0.213940 0.769194
vt 0.213194 0.767251
vt 0.184272 0.751087
vt 0.186158 0.751087
vt 0.185215 0.752944
vt 0.179422 0.749198
vt 0.177355 0.749835
vt 0.178101 0.747892
vt 0.148434 0.765999
vt 0.149377 0.764142
vt 0.150320 0.765999
vt 0.143584 0.767889
vt 0.142263 0.769194
vt 0.141517 0.767251
vt 0.112596 0.751087
vt 0.114481 0.751087
vt 0.113538 0.752944
vt 0.107745 0.749198
vt 0.105678 0.749835
vt 0.106425 0.747892
vt 0.076757 0.765999
vt 0.077700 0.764142
vt 0.078642 0.765999
vt 0.071906 0.767889
vt 0.070586 0.769194
vt 0.069839 0.767251
vt 0.040918 0.751086
vt 0.042804 0.751086
vt 0.041861 0.752943
vt 0.036068 0.749197
vt 0.034001 0.749834
vt 0.034747 0.747891
vt 0.291788 0.784002
vt 0.293674 0.784002
vt 0.292731 0.785859
vt 0.286938 0.782113
vt 0.284871 0.782750
vt 0.285618 0.780807
vt 0.255950 0.798915
vt 0.256893 0.797058
vt 0.257835 0.798915
vt 0.251100 0.800804
vt 0.249779 0.802110
vt 0.249033 0.800167
vt 0.220111 0.784003
vt 0.221997 0.784003
vt 0.221054 0.785860
vt 0.215261 0.782113
vt 0.213194 0.782751
vt 0.213940 0.780808
vt 0.184273 0.798915
vt 0.185216 0.797058
vt 0.186158 0.798915
vt 0.179423 0.800805
vt 0.178102 0.802110
vt 0.177356 0.800167
vt 0.148434 0.784003
vt 0.150320 0.784003
vt 0.149377 0.785860
vt 0.143584 0.782114
vt 0.141517 0.782752
vt 0.142263 0.780808
vt 0.112596 0.798915
vt 0.113539 0.797058
vt 0.114481 0.798915
vt 0.107746 0.800805
vt 0.106425 0.802110
vt 0.105679 0.800167
vt 0.076757 0.784003
vt 0.078642 0.784003
vt 0.077700 0.785860
vt 0.071906 0.782114
vt 0.069839 0.782752
vt 0.070586 0.780808
vt 0.040918 0.798916
vt 0.041861 0.797059
vt 0.042804 0.798916
vt 0.036068 0.800806
vt 0.034748 0.802111
vt 0.034001 0.800168
vt 0.291789 0.831832
vt 0.292731 0.829975
vt 0.293674 0.831832
vt 0.286938 0.833721
vt 0.285618 0.835026
vt 0.284872 0.833083
vt 0.255950 0.816919
vt 0.257835 0.816919
vt 0.256893 0.818776
vt 0.251100 0.815029
vt 0.249033 0.815667
vt 0.249779 0.813724
vt 0.220111 0.831831
vt 0.221054 0.829974
vt 0.221997 0.831831
vt 0.215261 0.833720
vt 0.213940 0.835026
vt 0.213194 0.833083
vt 0.184273 0.816919
vt 0.186158 0.816919
vt 0.185216 0.818776
vt 0.179423 0.815029
vt 0.177356 0.815667
vt 0.178102 0.813724
vt 0.148435 0.831831
vt 0.149377 0.829974
vt 0.150320 0.831831
vt 0.143584 0.833720
vt 0.142264 0.835026
vt 0.141517 0.833083
vt 0.112596 0.816919
vt 0.114481 0.816919
vt 0.113539 0.818776
vt 0.107746 0.815030
vt 0.105679 0.815667
vt 0.106425 0.813724
vt 0.076757 0.831832
vt 0.077700 0.829975
vt 0.078643 0.831832
vt 0.071907 0.833721
vt 0.070586 0.835027
vt 0.069840 0.833084
vt 0.040919 0.816920
vt 0.042804 0.816920
vt 0.041861 0.818777
vt 0.036068 0.815030
vt 0.034002 0.815668
vt 0.034748 0.813725
vt 0.291789 0.849835
vt 0.293674 0.849835
vt 0.292731 0.851692
vt 0.286938 0.847946
vt 0.284872 0.848583
vt 0.285618 0.846640
vt 0.255950 0.864747
vt 0.256893 0.862890
vt 0.257835 0.864747
vt 0.251099 0.866637
vt 0.249779 0.867942
vt 0.249032 0.865999
vt 0.220111 0.849835
vt 0.221997 0.849835
vt 0.221054 0.851692
vt 0.215261 0.847945
vt 0.213194 0.848583
vt 0.213940 0.846640
vt 0.184273 0.864746
vt 0.185216 0.862889
vt 0.186158 0.864746
vt 0.179423 0.866636
vt 0.178102 0.867941
vt 0.177356 0.865998
vt 0.148435 0.849835
vt 0.150320 0.849835
vt 0.149377 0.851692
vt 0.143584 0.847945
vt 0.141517 0.848583
vt 0.142264 0.846640
vt 0.112597 0.864747
vt 0.113539 0.862890
vt 0.114482 0.864747
vt 0.107746 0.866636
vt 0.106426 0.867942
vt 0.105679 0.865999
vt 0.076758 0.849836
vt 0.078643 0.849836
vt 0.077700 0.851693
vt 0.071907 0.847946
vt 0.069840 0.848584
vt 0.070586 0.846641
vt 0.040920 0.864749
vt 0.041862 0.862892
vt 0.042805 0.864749
vt 0.036070 0.866639
vt 0.034749 0.867945
vt 0.034003 0.866002
vt 0.032807 0.874692
vt 0.030894 0.873751
vt 0.032807 0.872811
vt 0.034749 0.879558
vt 0.036070 0.880863
vt 0.034003 0.881501
vt 0.050918 0.874691
vt 0.050918 0.872810
vt 0.052832 0.873750
vt 0.104484 0.874689
vt 0.102570 0.873749
vt 0.104484 0.872808
vt 0.106426 0.879556
vt 0.107747 0.880861
vt 0.105680 0.881499
vt 0.122595 0.874689
vt 0.122595 0.872808
vt 0.124509 0.873748
vt 0.176160 0.874689
vt 0.174247 0.873748
vt 0.176160 0.872808
vt 0.178102 0.879555
vt 0.179423 0.880860
vt 0.177356 0.881498
vt 0.194271 0.874689
vt 0.194271 0.872808
vt 0.196185 0.873748
vt 0.247837 0.874690
vt 0.245923 0.873749
vt 0.247837 0.872808
vt 0.249778 0.879556
vt 0.251099 0.880861
vt 0.249032 0.881499
vt 0.265948 0.874690
vt 0.265948 0.872809
vt 0.267862 0.873749
vt 0.068644 0.841774
vt 0.066731 0.840834
vt 0.068644 0.839893
vt 0.086756 0.841774
vt 0.086756 0.839893
vt 0.088670 0.840834
vt 0.084814 0.846641
vt 0.085560 0.848584
vt 0.083493 0.847946
vt 0.140322 0.841773
vt 0.138408 0.840833
vt 0.140322 0.839892
vt 0.158433 0.841773
vt 0.158433 0.839892
vt 0.160347 0.840833
vt 0.156491 0.846640
vt 0.157237 0.848583
vt 0.155170 0.847945
vt 0.211998 0.841773
vt 0.210085 0.840833
vt 0.211998 0.839892
vt 0.230110 0.841773
vt 0.230110 0.839892
vt 0.232023 0.840833
vt 0.228168 0.846640
vt 0.228914 0.848583
vt 0.226847 0.847945
vt 0.283676 0.841774
vt 0.281762 0.840833
vt 0.283676 0.839893
vt 0.301787 0.841774
vt 0.301787 0.839893
vt 0.303700 0.840833
vt 0.299845 0.846640
vt 0.300591 0.848583
vt 0.298524 0.847946
vt 0.032806 0.808859
vt 0.030892 0.807918
vt 0.032806 0.806977
vt 0.050917 0.808858
vt 0.050917 0.806977
vt 0.052830 0.807918
vt 0.048975 0.813725
vt 0.049721 0.815668
vt 0.047654 0.815030
vt 0.104483 0.808858
vt 0.102569 0.807917
vt 0.104483 0.806977
vt 0.122594 0.808858
vt 0.122594 0.806977
vt 0.124508 0.807917
vt 0.120653 0.813724
vt 0.121399 0.815667
vt 0.119332 0.815030
vt 0.176160 0.808858
vt 0.174246 0.807917
vt 0.176160 0.806976
vt 0.194271 0.808858
vt 0.194271 0.806976
vt 0.196185 0.807917
vt 0.192329 0.813724
vt 0.193076 0.815667
vt 0.191009 0.815029
vt 0.247837 0.808857
vt 0.245923 0.807917
vt 0.247837 0.806976
vt 0.265949 0.808857
vt 0.265949 0.806976
vt 0.267862 0.807917
vt 0.264007 0.813724
vt 0.264753 0.815667
vt 0.262686 0.815029
vt 0.068644 0.775942
vt 0.066730 0.775001
vt 0.068644 0.774061
vt 0.086755 0.775942
vt 0.086755 0.774061
vt 0.088669 0.775001
vt 0.084813 0.780809
vt 0.085560 0.782752
vt 0.083493 0.782114
vt 0.140321 0.775942
vt 0.138408 0.775001
vt 0.140321 0.774061
vt 0.158433 0.775942
vt 0.158433 0.774061
vt 0.160346 0.775001
vt 0.156491 0.780808
vt 0.157237 0.782752
vt 0.155170 0.782114
vt 0.211998 0.775942
vt 0.210085 0.775001
vt 0.211998 0.774060
vt 0.230109 0.775941
vt 0.230109 0.774060
vt 0.232023 0.775001
vt 0.228168 0.780808
vt 0.228914 0.782751
vt 0.226847 0.782113
vt 0.283675 0.775941
vt 0.281762 0.775000
vt 0.283675 0.774060
vt 0.301786 0.775941
vt 0.301786 0.774059
vt 0.303700 0.775000
vt 0.299844 0.780807
vt 0.300591 0.782750
vt 0.298524 0.782112
vt 0.032806 0.743025
vt 0.030892 0.742084
vt 0.032806 0.741144
vt 0.050917 0.743025
vt 0.050917 0.741144
vt 0.052830 0.742085
vt 0.048975 0.747891
vt 0.049721 0.749835
vt 0.047654 0.749197
vt 0.104483 0.743026
vt 0.102569 0.742085
vt 0.104483 0.741145
vt 0.122594 0.743026
vt 0.122594 0.741145
vt 0.124508 0.742085
vt 0.120652 0.747892
vt 0.121398 0.749835
vt 0.119331 0.749198
vt 0.176159 0.743026
vt 0.174246 0.742086
vt 0.176159 0.741145
vt 0.194271 0.743026
vt 0.194271 0.741145
vt 0.196184 0.742085
vt 0.192329 0.747892
vt 0.193075 0.749835
vt 0.191008 0.749198
vt 0.247836 0.743025
vt 0.245923 0.742085
vt 0.247836 0.741144
vt 0.265948 0.743025
vt 0.265948 0.741144
vt 0.267861 0.742084
vt 0.264006 0.747891
vt 0.264752 0.749835
vt 0.262685 0.749197
vt 0.068644 0.710109
vt 0.066731 0.709168
vt 0.068644 0.708228
vt 0.086756 0.710110
vt 0.086756 0.708228
vt 0.088669 0.709169
vt 0.084814 0.714976
vt 0.085560 0.716919
vt 0.083493 0.716281
vt 0.140321 0.710110
vt 0.138408 0.709170
vt 0.140321 0.708229
vt 0.158432 0.710110
vt 0.158432 0.708229
vt 0.160346 0.709170
vt 0.156490 0.714977
vt 0.157237 0.716920
vt 0.155170 0.716282
vt 0.211997 0.710110
vt 0.210084 0.709170
vt 0.211997 0.708229
vt 0.230108 0.710110
vt 0.230108 0.708228
vt 0.232022 0.709169
vt 0.228166 0.714976
vt 0.228913 0.716919
vt 0.226846 0.716282
vt 0.283674 0.710108
vt 0.281760 0.709168
vt 0.283674 0.708227
vt 0.301784 0.710108
vt 0.301784 0.708226
vt 0.303698 0.709167
vt 0.299843 0.714974
vt 0.300589 0.716917
vt 0.298522 0.716279
vt 0.032807 0.677191
vt 0.030894 0.676250
vt 0.032808 0.675310
vt 0.050918 0.677192
vt 0.050918 0.675311
vt 0.052832 0.676252
vt 0.048976 0.682058
vt 0.049722 0.684001
vt 0.047655 0.683364
vt 0.104484 0.677194
vt 0.102570 0.676254
vt 0.104484 0.675313
vt 0.122595 0.677195
vt 0.122595 0.675314
vt 0.124508 0.676254
vt 0.120653 0.682061
vt 0.121399 0.684004
vt 0.119332 0.683366
vt 0.176159 0.677195
vt 0.174245 0.676255
vt 0.176159 0.675314
vt 0.194270 0.677195
vt 0.194270 0.675314
vt 0.196183 0.676254
vt 0.192328 0.682061
vt 0.193074 0.684004
vt 0.191007 0.683367
vt 0.247834 0.677194
vt 0.245921 0.676253
vt 0.247834 0.675313
vt 0.265946 0.677193
vt 0.265946 0.675312
vt 0.267859 0.676252
vt 0.264004 0.682060
vt 0.264750 0.684003
vt 0.262683 0.683365
vt 0.068647 0.644277
vt 0.066734 0.643337
vt 0.068647 0.642396
vt 0.086758 0.644278
vt 0.086758 0.642397
vt 0.088671 0.643338
vt 0.084816 0.649144
vt 0.085562 0.651088
vt 0.083495 0.650450
vt 0.140322 0.644280
vt 0.138408 0.643340
vt 0.140322 0.642399
vt 0.158432 0.644280
vt 0.158432 0.642399
vt 0.160346 0.643340
vt 0.156490 0.649146
vt 0.157237 0.651090
vt 0.155170 0.650452
vt 0.211996 0.644280
vt 0.210082 0.643340
vt 0.211996 0.642399
vt 0.230106 0.644280
vt 0.230106 0.642398
vt 0.232020 0.643339
vt 0.228165 0.649146
vt 0.228911 0.651089
vt 0.226844 0.650451
vt 0.283670 0.644277
vt 0.281757 0.643336
vt 0.283670 0.642396
vt 0.301781 0.644275
vt 0.301780 0.642394
vt 0.303694 0.643335
vt 0.299839 0.649142
vt 0.300586 0.651085
vt 0.298519 0.650447
vt 0.032813 0.611357
vt 0.030900 0.610416
vt 0.032813 0.609476
vt 0.050924 0.611360
vt 0.050924 0.609479
vt 0.052838 0.610419
vt 0.048981 0.616226
vt 0.049727 0.618169
vt 0.047661 0.617531
vt 0.104485 0.611364
vt 0.102572 0.610423
vt 0.104485 0.609483
vt 0.122597 0.611365
vt 0.122597 0.609484
vt 0.124510 0.610424
vt 0.120655 0.616231
vt 0.121401 0.618174
vt 0.119334 0.617537
vt 0.176158 0.611366
vt 0.174244 0.610425
vt 0.176158 0.609484
vt 0.194269 0.611365
vt 0.194269 0.609484
vt 0.196183 0.610425
vt 0.192327 0.616232
vt 0.193074 0.618175
vt 0.191007 0.617537
vt 0.247830 0.611364
vt 0.245917 0.610423
vt 0.247830 0.609482
vt 0.265942 0.611363
vt 0.265942 0.609481
vt 0.267856 0.610422
vt 0.264000 0.616229
vt 0.264747 0.618172
vt 0.262680 0.617535
vt 0.068651 0.973437
vt 0.066737 0.972497
vt 0.068650 0.971556
vt 0.086762 0.973435
vt 0.086762 0.971554
vt 0.088676 0.972495
vt 0.084821 0.978302
vt 0.085567 0.980245
vt 0.083500 0.979608
vt 0.140323 0.973433
vt 0.138409 0.972493
vt 0.140323 0.971552
vt 0.158434 0.973433
vt 0.158434 0.971552
vt 0.160348 0.972492
vt 0.156493 0.978299
vt 0.157239 0.980243
vt 0.155172 0.979605
vt 0.211995 0.973434
vt 0.210081 0.972493
vt 0.211995 0.971553
vt 0.230106 0.973434
vt 0.230107 0.971553
vt 0.232020 0.972494
vt 0.228164 0.978301
vt 0.228911 0.980244
vt 0.226844 0.979606
vt 0.283668 0.973439
vt 0.281754 0.972498
vt 0.283668 0.971558
vt 0.301779 0.973442
vt 0.301779 0.971560
vt 0.303693 0.972501
vt 0.299837 0.978308
vt 0.300583 0.980251
vt 0.298516 0.979613
vt 0.032812 0.940524
vt 0.030898 0.939584
vt 0.032812 0.938643
vt 0.050922 0.940523
vt 0.050922 0.938642
vt 0.052835 0.939582
vt 0.048980 0.945389
vt 0.049727 0.947332
vt 0.047660 0.946694
vt 0.104486 0.940520
vt 0.102573 0.939579
vt 0.104486 0.938638
vt 0.122596 0.940519
vt 0.122596 0.938638
vt 0.124510 0.939578
vt 0.120655 0.945385
vt 0.121401 0.947328
vt 0.119334 0.946690
vt 0.176160 0.940518
vt 0.174246 0.939578
vt 0.176160 0.938637
vt 0.194270 0.940518
vt 0.194270 0.938637
vt 0.196184 0.939578
vt 0.192328 0.945384
vt 0.193074 0.947327
vt 0.191008 0.946690
vt 0.247834 0.940520
vt 0.245921 0.939580
vt 0.247834 0.938639
vt 0.265945 0.940522
vt 0.265945 0.938641
vt 0.267859 0.939581
vt 0.264003 0.945388
vt 0.264749 0.947331
vt 0.262682 0.946693
vt 0.068647 0.907606
vt 0.066733 0.906666
vt 0.068647 0.905725
vt 0.086758 0.907606
vt 0.086758 0.905724
vt 0.088672 0.906665
vt 0.084816 0.912472
vt 0.085563 0.914415
vt 0.083496 0.913777
vt 0.140322 0.907604
vt 0.138409 0.906663
vt 0.140322 0.905723
vt 0.158433 0.907604
vt 0.158433 0.905723
vt 0.160347 0.906663
vt 0.156492 0.912470
vt 0.157238 0.914413
vt 0.155171 0.913776
vt 0.211998 0.907604
vt 0.210084 0.906663
vt 0.211998 0.905723
vt 0.230109 0.907605
vt 0.230109 0.905723
vt 0.232022 0.906664
vt 0.228167 0.912471
vt 0.228913 0.914414
vt 0.226846 0.913776
vt 0.283674 0.907607
vt 0.281761 0.906666
vt 0.283674 0.905726
vt 0.301785 0.907608
vt 0.301785 0.905727
vt 0.303698 0.906667
vt 0.299843 0.912474
vt 0.300589 0.914417
vt 0.298522 0.913779
vt 0.071909 0.899553
vt 0.070588 0.900859
vt 0.069842 0.898916
vt 0.143585 0.899551
vt 0.142264 0.900857
vt 0.141518 0.898914
vt 0.215260 0.899551
vt 0.213940 0.900857
vt 0.213194 0.898914
vt 0.286937 0.899554
vt 0.285616 0.900860
vt 0.284870 0.898916
vt 0.262683 0.932468
vt 0.264750 0.931831
vt 0.264004 0.933774
vt 0.191008 0.932466
vt 0.193075 0.931828
vt 0.192328 0.933771
vt 0.119334 0.932466
vt 0.121401 0.931829
vt 0.120654 0.933772
vt 0.047659 0.932471
vt 0.049726 0.931833
vt 0.048980 0.933776
vt 0.298518 0.965388
vt 0.300585 0.964751
vt 0.299838 0.966694
vt 0.226844 0.965381
vt 0.228911 0.964744
vt 0.228165 0.966687
vt 0.155171 0.965380
vt 0.157238 0.964742
vt 0.156492 0.966685
vt 0.083499 0.965382
vt 0.085566 0.964745
vt 0.084820 0.966688
vt 0.262679 0.603309
vt 0.264746 0.602672
vt 0.264000 0.604615
vt 0.191007 0.603312
vt 0.193074 0.602674
vt 0.192327 0.604618
vt 0.119335 0.603311
vt 0.121401 0.602674
vt 0.120655 0.604617
vt 0.047663 0.603306
vt 0.049730 0.602669
vt 0.048983 0.604612
vt 0.298518 0.636223
vt 0.300584 0.635585
vt 0.299838 0.637528
vt 0.226843 0.636227
vt 0.228910 0.635589
vt 0.228164 0.637532
vt 0.155170 0.636228
vt 0.157236 0.635590
vt 0.156490 0.637533
vt 0.083496 0.636226
vt 0.085563 0.635588
vt 0.084816 0.637531
vt 0.262683 0.669140
vt 0.264749 0.668503
vt 0.264003 0.670446
vt 0.191007 0.669142
vt 0.193074 0.668505
vt 0.192328 0.670448
vt 0.119332 0.669142
vt 0.121399 0.668504
vt 0.120653 0.670447
vt 0.047656 0.669139
vt 0.049723 0.668502
vt 0.048977 0.670445
vt 0.298522 0.702055
vt 0.300588 0.701417
vt 0.299842 0.703360
vt 0.226846 0.702057
vt 0.228912 0.701419
vt 0.228166 0.703362
vt 0.155170 0.702058
vt 0.157237 0.701420
vt 0.156490 0.703363
vt 0.083493 0.702056
vt 0.085560 0.701419
vt 0.084814 0.703362
vt 0.262685 0.734972
vt 0.264752 0.734334
vt 0.264006 0.736277
vt 0.191008 0.734973
vt 0.193075 0.734335
vt 0.192329 0.736278
vt 0.119332 0.734973
vt 0.121398 0.734335
vt 0.120652 0.736278
vt 0.047654 0.734972
vt 0.049721 0.734335
vt 0.048975 0.736278
vt 0.298524 0.767888
vt 0.300590 0.767250
vt 0.299844 0.769193
vt 0.226847 0.767888
vt 0.228914 0.767251
vt 0.228167 0.769194
vt 0.155170 0.767889
vt 0.157237 0.767251
vt 0.156491 0.769194
vt 0.083493 0.767889
vt 0.085560 0.767251
vt 0.084813 0.769194
vt 0.262686 0.800804
vt 0.264753 0.800166
vt 0.264007 0.802110
vt 0.191009 0.800804
vt 0.193076 0.800167
vt 0.192329 0.802110
vt 0.119332 0.800805
vt 0.121399 0.800167
vt 0.120652 0.802110
vt 0.047654 0.800806
vt 0.049721 0.800168
vt 0.048975 0.802111
vt 0.298524 0.833721
vt 0.300591 0.833084
vt 0.299845 0.835027
vt 0.226847 0.833720
vt 0.228914 0.833083
vt 0.228168 0.835026
vt 0.155170 0.833720
vt 0.157237 0.833083
vt 0.156491 0.835026
vt 0.083493 0.833721
vt 0.085560 0.833083
vt 0.084814 0.835027
vt 0.262686 0.866637
vt 0.264753 0.865999
vt 0.264006 0.867942
vt 0.191009 0.866636
vt 0.193075 0.865998
vt 0.192329 0.867941
vt 0.119332 0.866636
vt 0.121399 0.865998
vt 0.120653 0.867942
vt 0.047655 0.866638
vt 0.049722 0.866001
vt 0.048976 0.867944
vt 0.916495 0.502496
vt 0.917665 0.503665
vt 0.916495 0.503665
vt 0.872464 0.047033
vt 0.872465 0.048203
vt 0.871295 0.047033
vt 0.916495 0.198074
vt 0.917665 0.199244
vt 0.916495 0.200121
vt 0.872464 0.198074
vt 0.872464 0.200024
vt 0.871295 0.199244
vt 0.916495 0.350285
vt 0.917665 0.351455
vt 0.916495 0.352332
vt 0.872464 0.350675
vt 0.872464 0.352624
vt 0.871295 0.351455
vt 0.674920 0.604737
vt 0.674920 0.602895
vt 0.676863 0.603820
vt 0.720448 0.992323
vt 0.722066 0.993166
vt 0.720448 0.993249
vt 0.674920 0.990265
vt 0.674920 0.989348
vt 0.676534 0.990183
vt 0.720448 0.602428
vt 0.722397 0.603360
vt 0.720448 0.604286
vt 0.674920 0.956176
vt 0.674920 0.954334
vt 0.676863 0.955259
vt 0.720448 0.744256
vt 0.722397 0.745188
vt 0.720448 0.746114
vt 0.674920 0.815600
vt 0.674920 0.813759
vt 0.676863 0.814683
vt 0.722397 0.816102
vt 0.720448 0.817028
vt 0.720448 0.815170
vt 0.674920 0.745313
vt 0.674920 0.743471
vt 0.676863 0.744395
vt 0.652934 0.603820
vt 0.654878 0.602895
vt 0.654878 0.604737
vt 0.700353 0.567764
vt 0.700353 0.568697
vt 0.698735 0.567848
vt 0.654878 0.569463
vt 0.653264 0.568621
vt 0.654878 0.568538
vt 0.700353 0.602428
vt 0.700353 0.604285
vt 0.698404 0.603360
vt 0.654878 0.956176
vt 0.652934 0.955259
vt 0.654878 0.954334
vt 0.700353 0.744256
vt 0.700353 0.746114
vt 0.698404 0.745188
vt 0.652934 0.814683
vt 0.654878 0.813759
vt 0.654878 0.815600
vt 0.700353 0.815170
vt 0.700353 0.817028
vt 0.698404 0.816102
vt 0.654878 0.745313
vt 0.652934 0.744395
vt 0.654878 0.743471
vt 0.895650 0.047033
vt 0.895650 0.048203
vt 0.894480 0.047347
vt 0.893310 0.502496
vt 0.894480 0.503352
vt 0.893310 0.503665
vt 0.895650 0.198074
vt 0.895650 0.200121
vt 0.894480 0.199140
vt 0.893310 0.198074
vt 0.893310 0.200121
vt 0.895650 0.350577
vt 0.895650 0.352624
vt 0.894480 0.351559
vt 0.893310 0.350285
vt 0.894480 0.351350
vt 0.893310 0.352332
vt 0.010335 0.890210
vt 0.010337 0.923128
vt 0.009325 0.923128
vt 0.009323 0.890210
vt 0.324258 0.923126
vt 0.324260 0.890210
vt 0.325272 0.890210
vt 0.325270 0.923126
vt 0.010340 0.956043
vt 0.009328 0.956043
vt 0.324256 0.956046
vt 0.325267 0.956046
vt 0.324251 0.987951
vt 0.325263 0.988963
vt 0.023945 0.594963
vt 0.010341 0.594968
vt 0.010341 0.593956
vt 0.023952 0.593957
vt 0.010337 0.626872
vt 0.009325 0.626872
vt 0.009330 0.593956
vt 0.324252 0.626876
vt 0.325264 0.626876
vt 0.010335 0.659792
vt 0.009323 0.659791
vt 0.324255 0.659790
vt 0.325267 0.659790
vt 0.010333 0.692707
vt 0.009321 0.692707
vt 0.324257 0.692709
vt 0.325269 0.692709
vt 0.023936 0.726633
vt 0.023943 0.724615
vt 0.010332 0.758542
vt 0.009320 0.758542
vt 0.324260 0.758542
vt 0.325271 0.758542
vt 0.010332 0.791461
vt 0.009320 0.791461
vt 0.324260 0.791457
vt 0.325272 0.791457
vt 0.010332 0.824376
vt 0.009320 0.824376
vt 0.324261 0.824376
vt 0.325272 0.824376
vt 0.023937 0.858300
vt 0.023944 0.856283
vt 0.059789 0.889202
vt 0.059776 0.891214
vt 0.095614 0.889201
vt 0.095628 0.891212
vt 0.131466 0.889200
vt 0.131452 0.891212
vt 0.167290 0.889200
vt 0.167303 0.891211
vt 0.203141 0.889200
vt 0.203128 0.891212
vt 0.238966 0.889201
vt 0.238979 0.891212
vt 0.274818 0.889202
vt 0.274805 0.891214
vt 0.310637 0.594970
vt 0.310637 0.593958
vt 0.310641 0.988961
vt 0.274802 0.988956
vt 0.274794 0.987952
vt 0.310649 0.987956
vt 0.274813 0.594967
vt 0.238957 0.594969
vt 0.238965 0.593965
vt 0.274805 0.593963
vt 0.238970 0.988953
vt 0.203130 0.988952
vt 0.203122 0.987947
vt 0.238978 0.987949
vt 0.203142 0.594970
vt 0.167285 0.594970
vt 0.167294 0.593966
vt 0.203133 0.593966
vt 0.167299 0.988951
vt 0.131459 0.988952
vt 0.131451 0.987947
vt 0.167307 0.987946
vt 0.131470 0.594970
vt 0.095614 0.594969
vt 0.095622 0.593964
vt 0.131462 0.593966
vt 0.095627 0.988953
vt 0.059788 0.988956
vt 0.059779 0.987952
vt 0.095636 0.987948
vt 0.059798 0.594966
vt 0.059790 0.593962
vt 0.274803 0.693716
vt 0.274816 0.691705
vt 0.238978 0.693717
vt 0.238965 0.691706
vt 0.203127 0.693717
vt 0.203140 0.691706
vt 0.167302 0.693718
vt 0.167289 0.691707
vt 0.131451 0.693718
vt 0.131465 0.691706
vt 0.095626 0.693717
vt 0.095613 0.691706
vt 0.059774 0.693716
vt 0.059788 0.691704
vt 0.310648 0.726636
vt 0.310654 0.724618
vt 0.274818 0.726632
vt 0.274804 0.724620
vt 0.095613 0.726633
vt 0.095626 0.724621
vt 0.059787 0.726632
vt 0.059773 0.724621
vt 0.310649 0.858303
vt 0.310656 0.856285
vt 0.274819 0.858297
vt 0.274806 0.856285
vt 0.238966 0.858297
vt 0.238980 0.856285
vt 0.203141 0.858296
vt 0.203128 0.856284
vt 0.167290 0.858296
vt 0.167303 0.856285
vt 0.131465 0.858296
vt 0.131451 0.856285
vt 0.095613 0.858297
vt 0.095627 0.856286
vt 0.059788 0.858298
vt 0.059774 0.856286
vt 0.917665 0.389507
vt 0.917665 0.427560
vt 0.916495 0.427560
vt 0.916495 0.389507
vt 0.644510 0.638826
vt 0.644510 0.674108
vt 0.643522 0.674108
vt 0.643522 0.638826
vt 0.917665 0.465613
vt 0.916495 0.465613
vt 0.644510 0.603820
vt 0.643522 0.603820
vt 0.644510 0.568538
vt 0.643522 0.569623
vt 0.917665 0.047033
vt 0.917665 0.085086
vt 0.916495 0.085086
vt 0.916495 0.048203
vt 0.644510 0.955259
vt 0.644510 0.990265
vt 0.643522 0.989189
vt 0.643522 0.955259
vt 0.917665 0.123139
vt 0.916495 0.123139
vt 0.644510 0.919977
vt 0.643522 0.919977
vt 0.917665 0.161191
vt 0.916495 0.161191
vt 0.644510 0.884971
vt 0.643522 0.884971
vt 0.644510 0.849689
vt 0.643522 0.850774
vt 0.917665 0.237297
vt 0.916495 0.237297
vt 0.644510 0.814683
vt 0.643522 0.848613
vt 0.643522 0.814683
vt 0.917665 0.275349
vt 0.916495 0.275349
vt 0.644510 0.779402
vt 0.643522 0.779402
vt 0.917665 0.313402
vt 0.916495 0.313402
vt 0.644510 0.744395
vt 0.643522 0.744395
vt 0.644510 0.709114
vt 0.643522 0.710198
vt 0.643522 0.708038
vt 0.722397 0.887016
vt 0.722397 0.922334
vt 0.720448 0.922334
vt 0.720448 0.887016
vt 0.676863 0.638826
vt 0.676863 0.674108
vt 0.674920 0.674108
vt 0.674920 0.638826
vt 0.722397 0.957930
vt 0.720448 0.957930
vt 0.676863 0.568538
vt 0.674920 0.569463
vt 0.722397 0.567764
vt 0.720448 0.568697
vt 0.722397 0.638678
vt 0.720448 0.638678
vt 0.676863 0.919977
vt 0.674920 0.919977
vt 0.722397 0.674274
vt 0.720448 0.674274
vt 0.676863 0.884971
vt 0.674920 0.884971
vt 0.722397 0.709592
vt 0.720448 0.709592
vt 0.676863 0.849689
vt 0.674920 0.849689
vt 0.722397 0.780506
vt 0.720448 0.780506
vt 0.676863 0.779402
vt 0.674920 0.779402
vt 0.722397 0.851420
vt 0.720448 0.851420
vt 0.676863 0.709114
vt 0.674920 0.709114
vt 0.700353 0.887016
vt 0.700353 0.922334
vt 0.698404 0.922334
vt 0.698404 0.887016
vt 0.654878 0.638826
vt 0.654878 0.674108
vt 0.652934 0.674108
vt 0.652934 0.638826
vt 0.700353 0.957930
vt 0.698404 0.957930
vt 0.700353 0.992323
vt 0.698404 0.993249
vt 0.654878 0.989348
vt 0.652934 0.990265
vt 0.700353 0.638678
vt 0.698404 0.638678
vt 0.654878 0.919977
vt 0.652934 0.919977
vt 0.700353 0.674274
vt 0.698404 0.674274
vt 0.654878 0.884971
vt 0.652934 0.884971
vt 0.700353 0.709592
vt 0.698404 0.709592
vt 0.654878 0.849689
vt 0.652934 0.849689
vt 0.700353 0.780506
vt 0.698404 0.780506
vt 0.654878 0.779402
vt 0.652934 0.779402
vt 0.700353 0.851420
vt 0.698404 0.851420
vt 0.654878 0.709114
vt 0.652934 0.709114
vt 0.720448 0.567764
vt 0.654878 0.990265
vt 0.895650 0.389507
vt 0.895650 0.427560
vt 0.894480 0.427560
vt 0.894480 0.389507
vt 0.893310 0.427560
vt 0.893310 0.389507
vt 0.895650 0.465613
vt 0.894480 0.465613
vt 0.893310 0.465613
vt 0.894480 0.465613
vt 0.895650 0.502496
vt 0.894480 0.503352
vt 0.895650 0.085086
vt 0.894480 0.085086
vt 0.893310 0.085086
vt 0.893310 0.048203
vt 0.894480 0.047347
vt 0.894480 0.085086
vt 0.895650 0.123139
vt 0.894480 0.123139
vt 0.893310 0.123139
vt 0.895650 0.161191
vt 0.894480 0.161191
vt 0.893310 0.161191
vt 0.895650 0.237297
vt 0.894480 0.237297
vt 0.893310 0.237297
vt 0.894480 0.237297
vt 0.895650 0.275349
vt 0.894480 0.275349
vt 0.893310 0.275349
vt 0.895650 0.313402
vt 0.894480 0.313402
vt 0.893310 0.313402
vt 0.894480 0.313402
vt 0.916495 0.047033
vt 0.893310 0.047033
vt 0.730843 0.887016
vt 0.730843 0.922334
vt 0.023947 0.923128
vt 0.730843 0.851420
vt 0.685288 0.638826
vt 0.685288 0.674108
vt 0.685288 0.709114
vt 0.023950 0.956041
vt 0.730843 0.957930
vt 0.685288 0.603820
vt 0.023956 0.987949
vt 0.730843 0.993249
vt 0.685288 0.568538
vt 0.023948 0.626873
vt 0.730843 0.567764
vt 0.730843 0.603360
vt 0.685288 0.955259
vt 0.685288 0.990265
vt 0.023945 0.659793
vt 0.730843 0.638678
vt 0.685288 0.919977
vt 0.730843 0.674274
vt 0.685288 0.884971
vt 0.730843 0.709592
vt 0.685288 0.849689
vt 0.730843 0.745188
vt 0.310649 0.758543
vt 0.685288 0.814683
vt 0.023943 0.791461
vt 0.730843 0.780506
vt 0.310649 0.791457
vt 0.685288 0.779402
vt 0.023943 0.824375
vt 0.730843 0.816102
vt 0.685288 0.744395
vt 0.041863 0.873751
vt 0.077702 0.906665
vt 0.113539 0.873749
vt 0.149378 0.906663
vt 0.185216 0.873748
vt 0.221053 0.906664
vt 0.256892 0.873749
vt 0.292730 0.906667
vt 0.256890 0.939580
vt 0.185215 0.939578
vt 0.113541 0.939579
vt 0.041867 0.939583
vt 0.292724 0.972500
vt 0.221051 0.972493
vt 0.149379 0.972492
vt 0.077706 0.972495
vt 0.256886 0.610423
vt 0.185213 0.610425
vt 0.113541 0.610424
vt 0.041869 0.610418
vt 0.292726 0.643336
vt 0.221051 0.643339
vt 0.149377 0.643340
vt 0.077703 0.643337
vt 0.256890 0.676253
vt 0.185214 0.676255
vt 0.113539 0.676254
vt 0.041863 0.676251
vt 0.292729 0.709167
vt 0.221053 0.709169
vt 0.149377 0.709170
vt 0.077700 0.709169
vt 0.256892 0.742085
vt 0.185215 0.742085
vt 0.113538 0.742085
vt 0.041861 0.742085
vt 0.292731 0.775000
vt 0.221054 0.775001
vt 0.149377 0.775001
vt 0.077700 0.775001
vt 0.256893 0.807917
vt 0.185216 0.807917
vt 0.113539 0.807917
vt 0.041861 0.807918
vt 0.292731 0.840833
vt 0.221054 0.840833
vt 0.149377 0.840833
vt 0.077700 0.840834
vt 0.274812 0.758543
vt 0.238973 0.758543
vt 0.238973 0.824375
vt 0.203135 0.824375
vt 0.689958 0.887016
vt 0.689958 0.851420
vt 0.689958 0.922334
vt 0.689958 0.957930
vt 0.872464 0.427560
vt 0.872464 0.389507
vt 0.872464 0.465613
vt 0.689958 0.993249
vt 0.872464 0.502496
vt 0.689958 0.603360
vt 0.689958 0.567764
vt 0.872464 0.085086
vt 0.689958 0.638678
vt 0.872464 0.123139
vt 0.689958 0.674274
vt 0.872464 0.161191
vt 0.689958 0.709592
vt 0.689958 0.745188
vt 0.872464 0.237297
vt 0.689958 0.780506
vt 0.872464 0.275349
vt 0.689958 0.816102
vt 0.872464 0.313402
vt 0.124628 0.236036
vt 0.109606 0.262056
vt 0.083586 0.277078
vt 0.053540 0.277078
vt 0.027520 0.262056
vt 0.012497 0.236036
vt 0.012497 0.205990
vt 0.027520 0.179970
vt 0.053540 0.164947
vt 0.083586 0.164947
vt 0.109606 0.179970
vt 0.124628 0.205990
vt 0.981098 0.939970
vt 0.966075 0.965990
vt 0.940055 0.981013
vt 0.910010 0.981013
vt 0.883990 0.965990
vt 0.868967 0.939970
vt 0.868967 0.909925
vt 0.883990 0.883905
vt 0.910010 0.868882
vt 0.940055 0.868882
vt 0.966075 0.883905
vt 0.981098 0.909925
s 1
usemtl crusher
f 130/138/69 129/139/69 136/140/70 137/141/70
f 128/142/69 127/143/69 134/144/70 135/145/70
f 123/146/71 122/147/71 128/142/69 129/139/69
f 121/148/71 120/149/71 126/150/69 127/143/69
f 105/151/72 104/152/72 113/153/73 114/154/73
f 103/155/72 102/156/72 111/157/73 112/158/73
f 101/159/72 100/160/72 109/161/73 110/162/73
f 99/163/72 97/164/72 106/165/73 108/166/73
f 198/167/74 199/168/75 200/169/76
f 201/170/77 202/171/78 203/172/79
f 216/173/80 217/174/81 218/175/82
f 219/176/83 220/177/84 221/178/85
f 234/179/86 235/180/87 236/181/88
f 237/182/89 238/183/90 239/184/91
f 240/185/92 241/186/93 242/187/94
f 243/188/95 244/189/96 245/190/97
f 246/191/92 247/192/93 248/193/94
f 249/194/95 250/195/96 251/196/97
f 252/197/92 253/198/93 254/199/94
f 255/200/95 256/201/96 257/202/97
f 258/203/92 259/204/93 260/205/94
f 261/206/95 262/207/96 263/208/97
f 264/209/98 265/210/99 266/211/100
f 267/212/101 268/213/102 269/214/103
f 270/215/104 271/216/105 272/217/106
f 273/218/101 274/219/102 275/220/103
f 276/221/104 277/222/105 278/223/106
f 279/224/101 280/225/102 281/226/103
f 282/227/104 283/228/105 284/229/106
f 285/230/101 286/231/102 287/232/103
f 288/233/104 289/234/105 290/235/106
f 291/236/107 292/237/108 293/238/109
f 294/239/110 295/240/111 296/241/112
f 297/242/113 298/243/114 299/244/115
f 300/245/110 301/246/111 302/247/112
f 303/248/113 304/249/116 305/250/115
f 306/251/110 307/252/111 308/253/112
f 309/254/113 310/255/114 311/256/115
f 312/257/110 313/258/111 314/259/112
f 315/260/113 316/261/114 317/262/115
f 318/263/117 319/264/118 320/265/119
f 321/266/120 322/267/121 323/268/122
f 324/269/123 325/270/124 326/271/125
f 327/272/120 328/273/121 329/274/122
f 330/275/126 331/276/124 332/277/125
f 333/278/120 334/279/121 335/280/122
f 336/281/123 337/282/124 338/283/125
f 339/284/120 340/285/121 341/286/122
f 342/287/126 343/288/124 344/289/125
f 345/290/127 346/291/128 347/292/129
f 348/293/130 349/294/131 350/295/132
f 351/296/133 352/297/134 353/298/135
f 354/299/130 355/300/131 356/301/132
f 357/302/133 358/303/134 359/304/135
f 360/305/130 361/306/131 362/307/132
f 363/308/133 364/309/134 365/310/135
f 366/311/136 367/312/131 368/313/132
f 369/314/133 370/315/134 371/316/135
f 372/317/137 373/318/138 374/319/139
f 375/320/140 376/321/141 377/322/142
f 378/323/143 379/324/144 380/325/145
f 381/326/140 382/327/146 383/328/142
f 384/329/143 385/330/147 386/331/145
f 387/332/140 388/333/148 389/334/142
f 390/335/143 391/336/147 392/337/145
f 393/338/140 394/339/149 395/340/150
f 396/341/143 397/342/147 398/343/145
f 399/344/151 400/345/152 401/346/153
f 402/347/154 403/348/155 404/349/156
f 405/350/157 406/351/158 407/352/159
f 408/353/160 409/354/155 410/355/156
f 411/356/157 412/357/158 413/358/159
f 414/359/154 415/360/155 416/361/156
f 417/362/157 418/363/158 419/364/159
f 420/365/154 421/366/155 422/367/156
f 423/368/157 424/369/158 425/370/159
f 426/371/161 427/372/162 428/373/163
f 429/374/164 430/375/165 431/376/166
f 432/377/167 433/378/168 434/379/169
f 435/380/164 436/381/165 437/382/166
f 438/383/167 439/384/168 440/385/169
f 441/386/170 442/387/165 443/388/166
f 444/389/167 445/390/168 446/391/169
f 447/392/164 448/393/165 449/394/166
f 450/395/167 451/396/168 452/397/169
f 453/398/171 454/399/172 455/400/173
f 456/401/174 457/402/175 458/403/176
f 459/404/177 460/405/178 461/406/179
f 462/407/174 463/408/175 464/409/176
f 465/410/177 466/411/178 467/412/179
f 468/413/174 469/414/175 470/415/176
f 471/416/177 472/417/178 473/418/179
f 474/419/174 475/420/175 476/421/176
f 477/422/177 478/423/178 479/424/179
f 480/425/180 481/426/181 482/427/182
f 483/428/183 484/429/184 485/430/185
f 486/431/186 487/432/187 488/433/188
f 489/434/183 490/435/184 491/436/189
f 492/437/186 493/438/187 494/439/188
f 495/440/183 496/441/184 497/442/189
f 498/443/186 499/444/187 500/445/190
f 501/446/183 502/447/184 503/448/189
f 504/449/186 505/450/187 506/451/191
f 507/452/192 508/453/193 509/454/194
f 510/455/195 511/456/196 512/457/197
f 513/458/198 514/459/199 515/460/200
f 516/461/195 517/462/196 518/463/197
f 519/464/198 520/465/199 521/466/200
f 522/467/195 523/468/196 524/469/197
f 525/470/198 526/471/199 527/472/200
f 528/473/201 529/474/196 530/475/197
f 531/476/202 532/477/199 533/478/200
f 534/479/203 535/480/204 536/481/205
f 537/482/206 538/483/207 539/484/208
f 540/485/209 541/486/210 542/487/211
f 543/488/206 544/489/207 545/490/208
f 546/491/209 547/492/210 548/493/211
f 549/494/206 550/495/207 551/496/208
f 552/497/209 553/498/210 554/499/211
f 555/500/206 556/501/207 557/502/208
f 558/503/209 559/504/210 560/505/211
f 561/506/212 562/507/213 563/508/214
f 564/509/215 565/510/216 566/511/217 567/512/218
f 568/513/219 569/514/220 570/515/221 571/516/222
f 574/517/223 575/518/224 576/519/225
f 579/520/98 580/521/99 581/522/100
f 584/523/223 585/524/224 586/525/225
f 589/526/98 590/527/99 591/528/100
f 594/529/223 595/530/224 596/531/225
f 599/532/98 600/533/99 601/534/100
f 604/535/223 605/536/224 606/537/225
f 607/538/226 608/539/227 609/540/228
f 610/541/107 611/542/108 612/543/109
f 613/544/226 614/545/227 615/546/228
f 616/547/107 617/548/108 618/549/109
f 619/550/226 620/551/227 621/552/228
f 622/553/107 623/554/108 624/555/109
f 625/556/226 626/557/227 627/558/229
f 628/559/230 629/560/231 630/561/232
f 631/562/117 632/563/118 633/564/119
f 634/565/230 635/566/231 636/567/232
f 637/568/117 638/569/118 639/570/119
f 640/571/230 641/572/231 642/573/232
f 643/574/117 644/575/118 645/576/119
f 646/577/230 647/578/231 648/579/232
f 655/580/233 656/581/234 657/582/235
f 660/583/236 661/584/237 662/585/129
f 665/586/233 666/587/234 667/588/238
f 670/589/236 671/590/237 672/591/129
f 675/592/233 676/593/234 677/594/238
f 680/595/236 681/596/237 682/597/129
f 685/598/233 686/599/234 687/600/238
f 688/601/239 689/602/240 690/603/241 691/604/242
f 692/605/243 693/606/244 694/607/245 695/608/246 696/609/247
f 697/610/248 698/611/249 699/612/250
f 700/613/251 701/614/252 702/615/253 703/616/254 704/617/255
f 705/618/137 706/619/138 707/620/139
f 708/621/243 709/622/244 710/623/245 711/624/246 712/625/247
f 713/626/256 714/627/249 715/628/250
f 716/629/251 717/630/252 718/631/253 719/632/254 720/633/255
f 721/634/137 722/635/138 723/636/139
f 724/637/243 725/638/244 726/639/245 727/640/246 728/641/247
f 729/642/248 730/643/249 731/644/250
f 732/645/251 733/646/252 734/647/253 735/648/254 736/649/255
f 737/650/137 738/651/138 739/652/139
f 740/653/243 741/654/244 742/655/245 743/656/246 744/657/247
f 745/658/256 746/659/249 747/660/250
f 748/661/257 749/662/258 750/663/259 751/664/260
f 752/665/261 753/666/262 754/667/263 755/668/264 756/669/265
f 757/670/266 758/671/267 759/672/268
f 760/673/269 761/674/270 762/675/271 763/676/272 764/677/273
f 765/678/151 766/679/152 767/680/153
f 768/681/261 769/682/262 770/683/263 771/684/264 772/685/265
f 773/686/266 774/687/267 775/688/268
f 776/689/269 777/690/270 778/691/271 779/692/272 780/693/273
f 781/694/151 782/695/152 783/696/153
f 784/697/261 785/698/262 786/699/263 787/700/264 788/701/265
f 789/702/266 790/703/267 791/704/268
f 792/705/269 793/706/270 794/707/271 795/708/272 796/709/273
f 797/710/151 798/711/152 799/712/153
f 800/713/261 801/714/262 802/715/263 803/716/264 804/717/265
f 805/718/274 806/719/267 807/720/268
f 808/721/275 809/722/276 810/723/277 811/724/278
f 812/725/279 813/726/280 814/727/281 815/728/282
f 818/729/283 819/730/284 820/731/285
f 823/732/286 824/733/162 825/734/163
f 828/735/283 829/736/284 830/737/285
f 833/738/161 834/739/162 835/740/163
f 838/741/283 839/742/284 840/743/285
f 843/744/161 844/745/162 845/746/163
f 848/747/283 849/748/284 850/749/285
f 857/750/287 858/751/288 859/752/289
f 860/753/290 861/754/291 862/755/292 863/756/293 864/757/294
f 865/758/295 866/759/172 867/760/173
f 868/761/296 869/762/297 870/763/298 871/764/299 872/765/300
f 873/766/287 874/767/288 875/768/289
f 876/769/290 877/770/291 878/771/292 879/772/293 880/773/294
f 881/774/301 882/775/172 883/776/173
f 884/777/296 885/778/297 886/779/298 887/780/299 888/781/300
f 889/782/287 890/783/302 891/784/289
f 894/785/295 895/786/303 896/787/173
f 899/788/287 900/789/288 901/790/289
f 902/791/304 903/792/305 904/793/306 905/794/307
f 906/795/308 907/796/309 908/797/310
f 909/798/180 910/799/181 911/800/182
f 912/801/308 913/802/309 914/803/310
f 915/804/180 916/805/181 917/806/182
f 918/807/308 919/808/309 920/809/311
f 921/810/180 922/811/181 923/812/182
f 924/813/312 925/814/313 926/815/314 927/816/315 928/817/316
f 929/818/308 930/819/309 931/820/310
f 932/821/317 933/822/318 934/823/319 935/824/320 936/825/321
f 937/826/322 938/827/323 939/828/324
f 940/829/325 941/830/326 942/831/327 943/832/328 944/833/329
f 945/834/192 946/835/330 947/836/194
f 948/837/322 949/838/323 950/839/331
f 951/840/192 952/841/193 953/842/194
f 954/843/322 955/844/323 956/845/331
f 957/846/192 958/847/332 959/848/194
f 960/849/322 961/850/323 962/851/331
f 963/852/333 964/853/334 965/854/335 966/855/336
f 967/856/337 968/857/338 969/858/339 970/859/340 971/860/341
f 972/861/342 973/862/343 974/863/344
f 975/864/203 976/865/204 977/866/345
f 978/867/342 979/868/343 980/869/344
f 981/870/203 982/871/204 983/872/345
f 984/873/342 985/874/343 986/875/344
f 987/876/203 988/877/204 989/878/345
f 990/879/342 991/880/343 992/881/344
f 999/882/346 1000/883/347 1001/884/348
f 1004/885/212 1005/886/349 1006/887/350
f 1009/888/351 1010/889/347 1011/890/348
f 1014/891/212 1015/892/213 1016/893/350
f 1019/894/351 1020/895/347 1021/896/348
f 1024/897/212 1025/898/349 1026/899/214
f 1029/900/351 1030/901/347 1031/902/348
f 1032/903/352 1033/904/353 1034/905/354
f 1035/906/355 1036/907/356 1037/908/357
f 1038/909/352 1039/910/353 1040/911/354
f 1041/912/355 1042/913/356 1043/914/357
f 1044/915/352 1045/916/353 1046/917/354
f 1047/918/355 1048/919/356 1049/920/357
f 1050/921/352 1051/922/353 1052/923/354
f 1053/924/355 1054/925/356 1055/926/357
f 1056/927/358 1057/928/359 1058/929/360
f 1059/930/361 1060/931/362 1061/932/363
f 1062/933/358 1063/934/359 1064/935/360
f 1065/936/361 1066/937/362 1067/938/363
f 1068/939/358 1069/940/359 1070/941/360
f 1071/942/361 1072/943/362 1073/944/363
f 1074/945/358 1075/946/359 1076/947/360
f 1077/948/361 1078/949/362 1079/950/363
f 1080/951/364 1081/952/365 1082/953/366
f 1083/954/367 1084/955/368 1085/956/369
f 1086/957/370 1087/958/371 1088/959/366
f 1089/960/367 1090/961/368 1091/962/369
f 1092/963/364 1093/964/365 1094/965/366
f 1095/966/367 1096/967/368 1097/968/369
f 1098/969/364 1099/970/365 1100/971/366
f 1101/972/367 1102/973/368 1103/974/369
f 1104/975/372 1105/976/373 1106/977/374
f 1107/978/375 1108/979/376 1109/980/377
f 1110/981/372 1111/982/373 1112/983/374
f 1113/984/375 1114/985/376 1115/986/377
f 1116/987/372 1117/988/373 1118/989/374
f 1119/990/375 1120/991/378 1121/992/377
f 1122/993/372 1123/994/373 1124/995/374
f 1125/996/375 1126/997/376 1127/998/377
f 1128/999/379 1129/1000/380 1130/1001/381
f 1131/1002/382 1132/1003/383 1133/1004/384
f 1134/1005/379 1135/1006/380 1136/1007/381
f 1137/1008/385 1138/1009/383 1139/1010/386
f 1140/1011/379 1141/1012/380 1142/1013/381
f 1143/1014/385 1144/1015/383 1145/1016/386
f 1146/1017/379 1147/1018/380 1148/1019/381
f 1149/1020/385 1150/1021/387 1151/1022/386
f 1152/1023/388 1153/1024/389 1154/1025/390
f 1155/1026/391 1156/1027/392 1157/1028/393
f 1158/1029/388 1159/1030/389 1160/1031/390
f 1161/1032/391 1162/1033/392 1163/1034/393
f 1164/1035/388 1165/1036/389 1166/1037/390
f 1167/1038/391 1168/1039/392 1169/1040/393
f 1170/1041/388 1171/1042/389 1172/1043/394
f 1173/1044/391 1174/1045/392 1175/1046/393
f 1176/1047/395 1177/1048/396 1178/1049/397
f 1179/1050/398 1180/1051/399 1181/1052/400
f 1182/1053/395 1183/1054/401 1184/1055/397
f 1185/1056/402 1186/1057/399 1187/1058/400
f 1188/1059/403 1189/1060/396 1190/1061/397
f 1191/1062/402 1192/1063/399 1193/1064/400
f 1194/1065/395 1195/1066/396 1196/1067/397
f 1197/1068/402 1198/1069/399 1199/1070/400
f 1200/1071/404 1201/1072/405 1202/1073/406
f 1203/1074/407 1204/1075/408 1205/1076/409
f 1206/1077/410 1207/1078/405 1208/1079/411
f 1209/1080/407 1210/1081/408 1211/1082/409
f 1212/1083/404 1213/1084/405 1214/1085/411
f 1215/1086/407 1216/1087/408 1217/1088/409
f 1218/1089/404 1219/1090/405 1220/1091/406
f 1221/1092/407 1222/1093/408 1223/1094/409
f 1224/1095/412 1225/1096/413 1226/1097/414
f 1227/1098/415 1228/1099/416 1229/1100/417
f 1230/1101/412 1231/1102/413 1232/1103/418
f 1233/1104/415 1234/1105/416 1235/1106/417
f 1236/1107/412 1237/1108/413 1238/1109/418
f 1239/1110/415 1240/1111/416 1241/1112/417
f 1242/1113/412 1243/1114/413 1244/1115/418
f 1245/1116/415 1246/1117/416 1247/1118/417
f 1248/1119/419 1249/1120/420 1250/1121/421
f 1251/1122/422 1252/1123/423 1253/1124/424
f 1254/1125/419 1255/1126/420 1256/1127/421
f 1257/1128/422 1258/1129/423 1259/1130/424
f 1260/1131/419 1261/1132/420 1262/1133/421
f 1263/1134/422 1264/1135/423 1265/1136/424
f 1266/1137/419 1267/1138/420 1268/1139/421
f 1269/1140/422 1270/1141/423 1271/1142/424
f 1272/1143/425 1273/1144/426 1274/1145/427
f 1275/1146/428 1276/1147/429 1277/1148/430
f 1278/1149/425 1279/1150/426 1280/1151/427
f 1281/1152/428 1282/1153/431 1283/1154/430
f 1284/1155/425 1285/1156/426 1286/1157/427
f 1287/1158/428 1288/1159/431 1289/1160/430
f 1290/1161/425 1291/1162/426 1292/1163/427
f 1293/1164/428 1294/1165/429 1295/1166/430
f 1296/1167/432 1297/1168/433 1298/1169/434
f 1299/1170/435 1300/1171/436 1301/1172/437
f 1302/1173/432 1303/1174/433 1304/1175/434
f 1305/1176/435 1306/1177/436 1307/1178/437
f 1308/1179/432 1309/1180/433 1310/1181/434
f 1311/1182/435 1312/1183/436 1313/1184/437
f 1314/1185/432 1315/1186/433 1316/1187/434
f 1317/1188/435 1318/1189/436 1319/1190/437
f 1320/1191/438 1321/1192/439 1322/1193/440
f 1323/1194/441 1324/1195/442 1325/1196/443
f 1326/1197/438 1327/1198/439 1328/1199/440
f 1329/1200/441 1330/1201/442 1331/1202/443
f 1332/1203/438 1333/1204/439 1334/1205/440
f 1335/1206/441 1336/1207/442 1337/1208/443
f 1338/1209/438 1339/1210/439 1340/1211/440
f 1341/1212/441 1342/1213/442 1343/1214/443
f 1344/1215/444 1345/1216/445 1346/1217/446
f 1347/1218/447 1348/1219/448 1349/1220/449
f 1350/1221/444 1351/1222/445 1352/1223/446
f 1353/1224/447 1354/1225/448 1355/1226/449
f 1356/1227/444 1357/1228/445 1358/1229/446
f 1359/1230/447 1360/1231/448 1361/1232/449
f 1362/1233/444 1363/1234/445 1364/1235/446
f 1365/1236/447 1366/1237/448 1367/1238/449
f 1368/1239/450 1369/1240/451 1370/1241/452
f 1371/1242/453 1372/1243/454 1373/1244/455
f 1374/1245/450 1375/1246/451 1376/1247/452
f 1377/1248/453 1378/1249/454 1379/1250/455
f 1380/1251/450 1381/1252/451 1382/1253/452
f 1383/1254/453 1384/1255/454 1385/1256/455
f 1386/1257/450 1387/1258/451 1388/1259/452
f 1389/1260/453 1390/1261/454 1391/1262/455
f 1392/1263/456 1393/1264/457 1394/1265/458
f 1395/1266/459 1396/1267/460 1397/1268/461
f 1398/1269/456 1399/1270/457 1400/1271/458
f 1401/1272/459 1402/1273/460 1403/1274/461
f 1404/1275/456 1405/1276/457 1406/1277/458
f 1407/1278/459 1408/1279/460 1409/1280/461
f 1410/1281/456 1411/1282/457 1412/1283/458
f 1413/1284/459 1414/1285/460 1415/1286/461
f 1416/1287/462 1417/1288/463 1418/1289/464
f 1419/1290/465 1420/1291/466 1421/1292/467
f 1422/1293/462 1423/1294/468 1424/1295/464
f 1425/1296/465 1426/1297/466 1427/1298/467
f 1428/1299/462 1429/1300/463 1430/1301/464
f 1431/1302/465 1432/1303/466 1433/1304/469
f 1434/1305/462 1435/1306/463 1436/1307/464
f 1437/1308/465 1438/1309/466 1439/1310/469
f 1440/1311/470 1441/1312/471 1442/1313/472
f 1443/1314/473 1444/1315/474 1445/1316/475
f 1446/1317/470 1447/1318/471 1448/1319/472
f 1449/1320/473 1450/1321/474 1451/1322/475
f 1452/1323/470 1453/1324/471 1454/1325/472
f 1455/1326/473 1456/1327/474 1457/1328/475
f 1458/1329/470 1459/1330/471 1460/1331/472
f 1461/1332/473 1462/1333/474 1463/1334/475
f 1464/1335/476 1465/1336/477 1466/1337/478
f 1467/1338/479 1468/1339/480 1469/1340/481
f 1470/1341/476 1471/1342/477 1472/1343/478
f 1473/1344/479 1474/1345/480 1475/1346/481
f 1476/1347/476 1477/1348/477 1478/1349/478
f 1479/1350/479 1480/1351/480 1481/1352/481
f 1482/1353/476 1483/1354/477 1484/1355/478
f 1485/1356/479 1486/1357/480 1487/1358/481
f 1488/1359/482 1489/1360/483 1490/1361/484
f 1491/1362/485 1492/1363/486 1493/1364/487
f 1494/1365/482 1495/1366/483 1496/1367/484
f 1497/1368/485 1498/1369/486 1499/1370/487
f 1500/1371/482 1501/1372/483 1502/1373/484
f 1503/1374/485 1504/1375/486 1505/1376/487
f 1506/1377/482 1507/1378/483 1508/1379/484
f 1509/1380/485 1510/1381/486 1511/1382/487
f 1512/1383/488 1513/1384/489 1514/1385/490
f 1515/1386/491 1516/1387/492 1517/1388/493
f 1518/1389/488 1519/1390/489 1520/1391/490
f 1521/1392/491 1522/1393/492 1523/1394/493
f 1524/1395/488 1525/1396/489 1526/1397/490
f 1527/1398/491 1528/1399/492 1529/1400/493
f 1530/1401/488 1531/1402/489 1532/1403/490
f 1533/1404/491 1534/1405/492 1535/1406/493
f 1536/1407/494 1537/1408/495 1538/1409/496
f 1539/1410/497 1540/1411/498 1541/1412/499
f 1542/1413/494 1543/1414/495 1544/1415/496
f 1545/1416/497 1546/1417/498 1547/1418/499
f 1548/1419/494 1549/1420/495 1550/1421/496
f 1551/1422/497 1552/1423/498 1553/1424/499
f 1554/1425/494 1555/1426/495 1556/1427/496
f 1557/1428/497 1558/1429/498 1559/1430/499
f 1560/1431/500 1561/1432/501 1562/1433/502
f 1563/1434/503 1564/1435/504 1565/1436/505
f 1566/1437/500 1567/1438/501 1568/1439/502
f 1569/1440/506 1570/1441/504 1571/1442/505
f 1572/1443/500 1573/1444/501 1574/1445/502
f 1575/1446/506 1576/1447/504 1577/1448/505
f 1578/1449/500 1579/1450/501 1580/1451/502
f 1581/1452/506 1582/1453/504 1583/1454/505
f 1584/1455/507 1585/1456/508 1586/1457/509
f 1587/1458/510 1588/1459/511 1589/1460/512
f 1590/1461/507 1591/1462/508 1592/1463/509
f 1593/1464/510 1594/1465/511 1595/1466/512
f 1596/1467/507 1597/1468/508 1598/1469/509
f 1599/1470/510 1600/1471/511 1601/1472/512
f 1602/1473/507 1603/1474/508 1604/1475/509
f 1605/1476/510 1606/1477/511 1607/1478/512
f 1608/1479/513 1609/1480/514 1610/1481/515
f 1611/1482/516 1612/1483/517 1613/1484/518
f 1614/1485/519 1615/1486/520 1616/1487/521
f 1617/1488/522 1618/1489/523 1619/1490/524
f 1620/1491/513 1621/1492/514 1622/1493/515
f 1623/1494/516 1624/1495/517 1625/1496/518
f 1626/1497/519 1627/1498/520 1628/1499/521
f 1629/1500/522 1630/1501/523 1631/1502/524
f 1632/1503/513 1633/1504/514 1634/1505/515
f 1635/1506/516 1636/1507/517 1637/1508/518
f 1638/1509/519 1639/1510/520 1640/1511/521
f 1641/1512/522 1642/1513/523 1643/1514/524
f 1644/1515/513 1645/1516/514 1646/1517/515
f 1647/1518/516 1648/1519/517 1649/1520/518
f 1650/1521/519 1651/1522/520 1652/1523/521
f 1653/1524/522 1654/1525/523 1655/1526/524
f 1656/1527/525 1657/1528/526 1658/1529/527
f 1659/1530/528 1660/1531/529 1661/1532/530
f 1662/1533/531 1663/1534/532 1664/1535/533
f 1665/1536/534 1666/1537/535 1667/1538/536
f 1668/1539/525 1669/1540/526 1670/1541/527
f 1671/1542/528 1672/1543/529 1673/1544/530
f 1674/1545/531 1675/1546/532 1676/1547/533
f 1677/1548/534 1678/1549/535 1679/1550/536
f 1680/1551/525 1681/1552/526 1682/1553/527
f 1683/1554/528 1684/1555/529 1685/1556/530
f 1686/1557/531 1687/1558/532 1688/1559/533
f 1689/1560/534 1690/1561/535 1691/1562/536
f 1692/1563/525 1693/1564/526 1694/1565/527
f 1695/1566/528 1696/1567/529 1697/1568/530
f 1698/1569/531 1699/1570/532 1700/1571/533
f 1701/1572/534 1702/1573/535 1703/1574/536
f 1704/1575/537 1705/1576/538 1706/1577/539
f 1707/1578/540 1708/1579/541 1709/1580/542
f 1710/1581/543 1711/1582/544 1712/1583/545
f 1713/1584/546 1714/1585/547 1715/1586/548
f 1716/1587/537 1717/1588/538 1718/1589/539
f 1719/1590/540 1720/1591/541 1721/1592/542
f 1722/1593/543 1723/1594/544 1724/1595/545
f 1725/1596/546 1726/1597/547 1727/1598/548
f 1728/1599/537 1729/1600/538 1730/1601/539
f 1731/1602/540 1732/1603/541 1733/1604/542
f 1734/1605/543 1735/1606/544 1736/1607/545
f 1737/1608/546 1738/1609/547 1739/1610/548
f 1740/1611/537 1741/1612/538 1742/1613/539
f 1743/1614/540 1744/1615/541 1745/1616/542
f 1746/1617/543 1747/1618/544 1748/1619/545
f 1749/1620/546 1750/1621/547 1751/1622/548
f 1752/1623/549 1753/1624/550 1754/1625/551
f 1755/1626/552 1756/1627/553 1757/1628/554
f 1758/1629/555 1759/1630/556 1760/1631/557
f 1761/1632/558 1762/1633/559 1763/1634/560
f 1764/1635/549 1765/1636/550 1766/1637/551
f 1767/1638/552 1768/1639/553 1769/1640/561
f 1770/1641/555 1771/1642/556 1772/1643/557
f 1773/1644/558 1774/1645/559 1775/1646/560
f 1776/1647/549 1777/1648/550 1778/1649/551
f 1779/1650/552 1780/1651/553 1781/1652/561
f 1782/1653/555 1783/1654/556 1784/1655/557
f 1785/1656/558 1786/1657/559 1787/1658/560
f 1788/1659/549 1789/1660/550 1790/1661/551
f 1791/1662/552 1792/1663/553 1793/1664/554
f 1794/1665/555 1795/1666/556 1796/1667/557
f 1797/1668/558 1798/1669/562 1799/1670/560
f 1800/1671/563 1801/1672/564 1802/1673/565
f 1803/1674/566 1804/1675/567 1805/1676/568
f 1806/1677/569 1807/1678/570 1808/1679/571
f 1809/1680/572 1810/1681/573 1811/1682/574
f 1812/1683/563 1813/1684/564 1814/1685/565
f 1815/1686/566 1816/1687/567 1817/1688/568
f 1818/1689/569 1819/1690/570 1820/1691/571
f 1821/1692/572 1822/1693/573 1823/1694/574
f 1824/1695/563 1825/1696/564 1826/1697/565
f 1827/1698/566 1828/1699/575 1829/1700/568
f 1830/1701/569 1831/1702/570 1832/1703/571
f 1833/1704/572 1834/1705/573 1835/1706/574
f 1836/1707/563 1837/1708/564 1838/1709/565
f 1839/1710/566 1840/1711/567 1841/1712/568
f 1842/1713/569 1843/1714/570 1844/1715/571
f 1845/1716/572 1846/1717/573 1847/1718/574
f 1848/1719/576 1849/1720/577 1850/1721/578
f 1851/1722/579 1852/1723/580 1853/1724/581
f 1854/1725/582 1855/1726/583 1856/1727/584
f 1857/1728/585 1858/1729/586 1859/1730/587
f 1860/1731/576 1861/1732/577 1862/1733/578
f 1863/1734/579 1864/1735/580 1865/1736/581
f 1866/1737/582 1867/1738/583 1868/1739/584
f 1869/1740/585 1870/1741/586 1871/1742/587
f 1872/1743/576 1873/1744/577 1874/1745/578
f 1875/1746/579 1876/1747/580 1877/1748/581
f 1878/1749/582 1879/1750/583 1880/1751/584
f 1881/1752/585 1882/1753/586 1883/1754/587
f 1884/1755/576 1885/1756/577 1886/1757/578
f 1887/1758/579 1888/1759/580 1889/1760/581
f 1890/1761/582 1891/1762/583 1892/1763/584
f 1893/1764/585 1894/1765/586 1895/1766/587
f 1896/1767/588 1897/1768/589 1898/1769/590
f 1899/1770/591 1900/1771/592 1901/1772/593
f 1902/1773/594 1903/1774/595 1904/1775/596
f 1905/1776/597 1906/1777/598 1907/1778/599
f 1908/1779/588 1909/1780/589 1910/1781/590
f 1911/1782/591 1912/1783/592 1913/1784/593
f 1914/1785/594 1915/1786/595 1916/1787/596
f 1917/1788/597 1918/1789/598 1919/1790/599
f 1920/1791/588 1921/1792/589 1922/1793/590
f 1923/1794/591 1924/1795/592 1925/1796/593
f 1926/1797/594 1927/1798/595 1928/1799/596
f 1929/1800/597 1930/1801/598 1931/1802/599
f 1932/1803/588 1933/1804/589 1934/1805/590
f 1935/1806/591 1936/1807/592 1937/1808/593
f 1938/1809/594 1939/1810/595 1940/1811/596
f 1941/1812/597 1942/1813/598 1943/1814/599
f 1944/1815/600 1945/1816/601 1946/1817/602
f 1947/1818/603 1948/1819/604 1949/1820/605
f 1950/1821/606 1951/1822/607 1952/1823/608
f 1953/1824/609 1954/1825/610 1955/1826/611
f 1956/1827/600 1957/1828/601 1958/1829/602
f 1959/1830/603 1960/1831/604 1961/1832/605
f 1962/1833/606 1963/1834/607 1964/1835/608
f 1965/1836/609 1966/1837/610 1967/1838/611
f 1968/1839/600 1969/1840/601 1970/1841/602
f 1971/1842/603 1972/1843/604 1973/1844/605
f 1974/1845/606 1975/1846/607 1976/1847/608
f 1977/1848/609 1978/1849/610 1979/1850/611
f 1980/1851/600 1981/1852/601 1982/1853/602
f 1983/1854/603 1984/1855/604 1985/1856/605
f 1986/1857/606 1987/1858/607 1988/1859/608
f 1989/1860/609 1990/1861/612 1991/1862/611
f 1992/1863/613 1993/1864/614 1994/1865/615
f 1995/1866/616 1996/1867/617 1997/1868/618
f 1998/1869/619 1999/1870/620 2000/1871/621
f 2001/1872/622 2002/1873/623 2003/1874/624
f 2004/1875/613 2005/1876/614 2006/1877/615
f 2007/1878/616 2008/1879/617 2009/1880/618
f 2010/1881/619 2011/1882/620 2012/1883/621
f 2013/1884/622 2014/1885/623 2015/1886/624
f 2016/1887/613 2017/1888/614 2018/1889/615
f 2019/1890/616 2020/1891/617 2021/1892/618
f 2022/1893/619 2023/1894/620 2024/1895/621
f 2025/1896/622 2026/1897/623 2027/1898/624
f 2028/1899/613 2029/1900/614 2030/1901/615
f 2031/1902/616 2032/1903/617 2033/1904/618
f 2034/1905/619 2035/1906/620 2036/1907/621
f 2037/1908/622 2038/1909/623 2039/1910/624
f 2040/1911/625 2041/1912/626 2042/1913/627
f 2043/1914/628 2044/1915/629 2045/1916/630
f 2046/1917/631 2047/1918/632 2048/1919/633
f 2049/1920/634 2050/1921/635 2051/1922/636
f 2052/1923/625 2053/1924/626 2054/1925/627
f 2055/1926/628 2056/1927/629 2057/1928/630
f 2058/1929/631 2059/1930/632 2060/1931/633
f 2061/1932/634 2062/1933/635 2063/1934/637
f 2064/1935/625 2065/1936/626 2066/1937/627
f 2067/1938/628 2068/1939/629 2069/1940/630
f 2070/1941/631 2071/1942/632 2072/1943/633
f 2073/1944/634 2074/1945/638 2075/1946/637
f 2076/1947/625 2077/1948/626 2078/1949/627
f 2079/1950/628 2080/1951/629 2081/1952/630
f 2082/1953/631 2083/1954/632 2084/1955/633
f 2085/1956/634 2086/1957/635 2087/1958/636
f 2088/1959/639 2089/1960/640 2090/1961/641
f 2091/1962/642 2092/1963/643 2093/1964/644
f 2094/1965/645 2095/1966/646 2096/1967/647
f 2097/1968/648 2098/1969/649 2099/1970/650
f 2100/1971/639 2101/1972/640 2102/1973/641
f 2103/1974/642 2104/1975/643 2105/1976/644
f 2106/1977/645 2107/1978/651 2108/1979/647
f 2109/1980/648 2110/1981/649 2111/1982/650
f 2112/1983/639 2113/1984/640 2114/1985/641
f 2115/1986/642 2116/1987/643 2117/1988/644
f 2118/1989/645 2119/1990/651 2120/1991/647
f 2121/1992/648 2122/1993/649 2123/1994/650
f 2124/1995/639 2125/1996/640 2126/1997/641
f 2127/1998/642 2128/1999/643 2129/2000/644
f 2130/2001/645 2131/2002/646 2132/2003/647
f 2133/2004/648 2134/2005/649 2135/2006/650
f 2136/2007/652 2137/2008/653 2138/2009/654
f 2139/2010/655 2140/2011/656 2141/2012/657
f 2142/2013/658 2143/2014/659 2144/2015/660
f 2145/2016/661 2146/2017/662 2147/2018/663
f 2148/2019/652 2149/2020/653 2150/2021/654
f 2151/2022/655 2152/2023/656 2153/2024/657
f 2154/2025/664 2155/2026/659 2156/2027/665
f 2157/2028/661 2158/2029/662 2159/2030/663
f 2160/2031/652 2161/2032/653 2162/2033/654
f 2163/2034/655 2164/2035/656 2165/2036/657
f 2166/2037/658 2167/2038/659 2168/2039/660
f 2169/2040/661 2170/2041/662 2171/2042/663
f 2172/2043/652 2173/2044/653 2174/2045/654
f 2175/2046/655 2176/2047/656 2177/2048/657
f 2178/2049/664 2179/2050/659 2180/2051/660
f 2181/2052/661 2182/2053/662 2183/2054/663
f 2184/2055/666 2185/2056/667 2186/2057/668
f 2187/2058/669 2188/2059/670 2189/2060/671
f 2190/2061/672 2191/2062/673 2192/2063/674
f 2193/2064/666 2194/2065/667 2195/2066/668
f 2196/2067/675 2197/2068/670 2198/2069/671
f 2199/2070/672 2200/2071/673 2201/2072/674
f 2202/2073/666 2203/2074/667 2204/2075/668
f 2205/2076/669 2206/2077/670 2207/2078/671
f 2208/2079/672 2209/2080/673 2210/2081/674
f 2211/2082/666 2212/2083/667 2213/2084/668
f 2214/2085/676 2215/2086/670 2216/2087/671
f 2217/2088/672 2218/2089/673 2219/2090/674
f 2220/2091/677 2221/2092/678 2222/2093/679
f 2223/2094/680 2224/2095/681 2225/2096/682
f 2226/2097/683 2227/2098/684 2228/2099/685
f 2229/2100/677 2230/2101/678 2231/2102/679
f 2232/2103/680 2233/2104/681 2234/2105/682
f 2235/2106/683 2236/2107/684 2237/2108/685
f 2238/2109/677 2239/2110/678 2240/2111/679
f 2241/2112/680 2242/2113/681 2243/2114/682
f 2244/2115/683 2245/2116/684 2246/2117/685
f 2247/2118/677 2248/2119/678 2249/2120/679
f 2250/2121/680 2251/2122/681 2252/2123/682
f 2253/2124/683 2254/2125/684 2255/2126/685
f 2256/2127/686 2257/2128/687 2258/2129/688
f 2259/2130/689 2260/2131/690 2261/2132/691
f 2262/2133/692 2263/2134/693 2264/2135/694
f 2265/2136/695 2266/2137/687 2267/2138/688
f 2268/2139/696 2269/2140/690 2270/2141/691
f 2271/2142/692 2272/2143/693 2273/2144/694
f 2274/2145/695 2275/2146/687 2276/2147/688
f 2277/2148/689 2278/2149/690 2279/2150/691
f 2280/2151/697 2281/2152/693 2282/2153/694
f 2283/2154/686 2284/2155/687 2285/2156/688
f 2286/2157/696 2287/2158/690 2288/2159/691
f 2289/2160/692 2290/2161/693 2291/2162/694
f 2292/2163/698 2293/2164/699 2294/2165/700
f 2295/2166/701 2296/2167/702 2297/2168/703
f 2298/2169/704 2299/2170/705 2300/2171/706
f 2301/2172/698 2302/2173/699 2303/2174/700
f 2304/2175/701 2305/2176/707 2306/2177/703
f 2307/2178/704 2308/2179/705 2309/2180/706
f 2310/2181/698 2311/2182/699 2312/2183/700
f 2313/2184/701 2314/2185/702 2315/2186/703
f 2316/2187/704 2317/2188/705 2318/2189/706
f 2319/2190/698 2320/2191/699 2321/2192/708
f 2322/2193/701 2323/2194/702 2324/2195/703
f 2325/2196/704 2326/2197/705 2327/2198/706
f 2328/2199/709 2329/2200/710 2330/2201/711
f 2331/2202/712 2332/2203/713 2333/2204/714
f 2334/2205/715 2335/2206/716 2336/2207/717
f 2337/2208/709 2338/2209/710 2339/2210/711
f 2340/2211/712 2341/2212/713 2342/2213/714
f 2343/2214/715 2344/2215/716 2345/2216/717
f 2346/2217/709 2347/2218/710 2348/2219/711
f 2349/2220/712 2350/2221/713 2351/2222/714
f 2352/2223/715 2353/2224/716 2354/2225/717
f 2355/2226/709 2356/2227/710 2357/2228/711
f 2358/2229/712 2359/2230/713 2360/2231/714
f 2361/2232/715 2362/2233/716 2363/2234/717
f 2364/2235/718 2365/2236/719 2366/2237/720
f 2367/2238/721 2368/2239/722 2369/2240/723
f 2370/2241/724 2371/2242/725 2372/2243/726
f 2373/2244/718 2374/2245/727 2375/2246/720
f 2376/2247/721 2377/2248/722 2378/2249/723
f 2379/2250/724 2380/2251/725 2381/2252/726
f 2382/2253/718 2383/2254/727 2384/2255/720
f 2385/2256/728 2386/2257/722 2387/2258/723
f 2388/2259/724 2389/2260/725 2390/2261/726
f 2391/2262/718 2392/2263/727 2393/2264/720
f 2394/2265/721 2395/2266/722 2396/2267/723
f 2397/2268/724 2398/2269/725 2399/2270/726
f 2400/2271/729 2401/2272/730 2402/2273/731
f 2403/2274/732 2404/2275/733 2405/2276/734
f 2406/2277/735 2407/2278/736 2408/2279/737
f 2409/2280/729 2410/2281/738 2411/2282/731
f 2412/2283/732 2413/2284/733 2414/2285/734
f 2415/2286/735 2416/2287/736 2417/2288/737
f 2418/2289/729 2419/2290/738 2420/2291/731
f 2421/2292/732 2422/2293/733 2423/2294/734
f 2424/2295/735 2425/2296/736 2426/2297/737
f 2427/2298/729 2428/2299/738 2429/2300/731
f 2430/2301/732 2431/2302/733 2432/2303/734
f 2433/2304/735 2434/2305/736 2435/2306/737
f 2436/2307/739 2437/2308/740 2438/2309/741
f 2439/2310/742 2440/2311/743 2441/2312/744
f 2442/2313/745 2443/2314/746 2444/2315/747
f 2445/2316/739 2446/2317/740 2447/2318/741
f 2448/2319/742 2449/2320/743 2450/2321/744
f 2451/2322/745 2452/2323/746 2453/2324/747
f 2454/2325/739 2455/2326/740 2456/2327/741
f 2457/2328/742 2458/2329/743 2459/2330/744
f 2460/2331/745 2461/2332/746 2462/2333/747
f 2463/2334/739 2464/2335/740 2465/2336/741
f 2466/2337/742 2467/2338/743 2468/2339/744
f 2469/2340/745 2470/2341/746 2471/2342/747
f 2472/2343/748 2473/2344/749 2474/2345/750
f 2475/2346/751 2476/2347/752 2477/2348/753
f 2478/2349/754 2479/2350/755 2480/2351/756
f 2481/2352/748 2482/2353/749 2483/2354/750
f 2484/2355/751 2485/2356/752 2486/2357/753
f 2487/2358/754 2488/2359/755 2489/2360/756
f 2490/2361/748 2491/2362/749 2492/2363/750
f 2493/2364/751 2494/2365/752 2495/2366/753
f 2496/2367/754 2497/2368/755 2498/2369/756
f 2499/2370/748 2500/2371/749 2501/2372/750
f 2502/2373/751 2503/2374/752 2504/2375/753
f 2505/2376/754 2506/2377/755 2507/2378/756
f 2508/2379/757 2509/2380/758 2510/2381/759
f 2511/2382/760 2512/2383/761 2513/2384/762
f 2514/2385/763 2515/2386/764 2516/2387/765
f 2517/2388/757 2518/2389/758 2519/2390/759
f 2520/2391/760 2521/2392/761 2522/2393/762
f 2523/2394/763 2524/2395/764 2525/2396/765
f 2526/2397/757 2527/2398/758 2528/2399/759
f 2529/2400/760 2530/2401/761 2531/2402/762
f 2532/2403/763 2533/2404/764 2534/2405/765
f 2535/2406/757 2536/2407/758 2537/2408/759
f 2538/2409/760 2539/2410/761 2540/2411/762
f 2541/2412/763 2542/2413/764 2543/2414/765
f 2544/2415/766 2545/2416/767 2546/2417/768
f 2547/2418/769 2548/2419/770 2549/2420/771
f 2550/2421/772 2551/2422/773 2552/2423/774
f 2553/2424/766 2554/2425/767 2555/2426/768
f 2556/2427/769 2557/2428/770 2558/2429/771
f 2559/2430/772 2560/2431/773 2561/2432/774
f 2562/2433/766 2563/2434/767 2564/2435/768
f 2565/2436/769 2566/2437/770 2567/2438/771
f 2568/2439/772 2569/2440/773 2570/2441/774
f 2571/2442/766 2572/2443/767 2573/2444/768
f 2574/2445/769 2575/2446/770 2576/2447/771
f 2577/2448/772 2578/2449/773 2579/2450/774
f 2580/2451/775 2581/2452/776 2582/2453/777
f 2583/2454/778 2584/2455/779 2585/2456/780
f 2586/2457/781 2587/2458/782 2588/2459/783
f 2589/2460/775 2590/2461/776 2591/2462/777
f 2592/2463/778 2593/2464/779 2594/2465/780
f 2595/2466/781 2596/2467/782 2597/2468/783
f 2598/2469/775 2599/2470/776 2600/2471/777
f 2601/2472/778 2602/2473/779 2603/2474/780
f 2604/2475/781 2605/2476/782 2606/2477/783
f 2607/2478/775 2608/2479/776 2609/2480/777
f 2610/2481/778 2611/2482/779 2612/2483/784
f 2613/2484/781 2614/2485/782 2615/2486/783
f 2616/2487/785 2617/2488/786 2618/2489/787
f 2619/2490/785 2620/2491/786 2621/2492/787
f 2622/2493/785 2623/2494/786 2624/2495/787
f 2625/2496/785 2626/2497/786 2627/2498/787
f 2628/2499/788 2629/2500/789 2630/2501/790
f 2631/2502/788 2632/2503/789 2633/2504/791
f 2634/2505/788 2635/2506/789 2636/2507/790
f 2637/2508/788 2638/2509/789 2639/2510/791
f 2640/2511/792 2641/2512/793 2642/2513/794
f 2643/2514/792 2644/2515/793 2645/2516/794
f 2646/2517/792 2647/2518/793 2648/2519/794
f 2649/2520/792 2650/2521/793 2651/2522/794
f 2652/2523/795 2653/2524/796 2654/2525/797
f 2655/2526/795 2656/2527/796 2657/2528/797
f 2658/2529/795 2659/2530/796 2660/2531/798
f 2661/2532/795 2662/2533/796 2663/2534/797
f 2664/2535/799 2665/2536/800 2666/2537/801
f 2667/2538/799 2668/2539/800 2669/2540/801
f 2670/2541/799 2671/2542/800 2672/2543/801
f 2673/2544/799 2674/2545/800 2675/2546/801
f 2676/2547/802 2677/2548/803 2678/2549/804
f 2679/2550/802 2680/2551/803 2681/2552/804
f 2682/2553/802 2683/2554/803 2684/2555/804
f 2685/2556/802 2686/2557/803 2687/2558/804
f 2688/2559/805 2689/2560/806 2690/2561/807
f 2691/2562/805 2692/2563/806 2693/2564/808
f 2694/2565/805 2695/2566/806 2696/2567/807
f 2697/2568/805 2698/2569/806 2699/2570/808
f 2700/2571/809 2701/2572/810 2702/2573/811
f 2703/2574/809 2704/2575/810 2705/2576/811
f 2706/2577/809 2707/2578/810 2708/2579/811
f 2709/2580/809 2710/2581/810 2711/2582/811
f 2712/2583/812 2713/2584/813 2714/2585/814
f 2715/2586/812 2716/2587/813 2717/2588/814
f 2718/2589/812 2719/2590/813 2720/2591/814
f 2721/2592/812 2722/2593/813 2723/2594/814
f 2724/2595/815 2725/2596/816 2726/2597/817
f 2727/2598/815 2728/2599/816 2729/2600/817
f 2730/2601/815 2731/2602/816 2732/2603/817
f 2733/2604/815 2734/2605/816 2735/2606/817
f 2736/2607/818 2737/2608/819 2738/2609/820
f 2739/2610/818 2740/2611/819 2741/2612/820
f 2742/2613/818 2743/2614/819 2744/2615/820
f 2745/2616/818 2746/2617/819 2747/2618/821
f 2748/2619/822 2749/2620/823 2750/2621/824
f 2751/2622/822 2752/2623/823 2753/2624/824
f 2754/2625/822 2755/2626/823 2756/2627/824
f 2757/2628/822 2758/2629/823 2759/2630/824
f 2772/2631/79 2773/2632/77 2774/2633/78
f 2775/2634/74 2776/2635/75 2777/2636/76
f 2790/2637/85 2791/2638/83 2792/2639/84
f 2793/2640/80 2794/2641/81 2795/2642/82
f 2808/2643/91 2809/2644/89 2810/2645/90
f 2811/2646/86 2812/2647/87 2813/2648/88
f 2824/2649/825 2825/2650/826 2826/2651/827
f 2827/2652/828 2828/2653/829 2829/2654/830
f 2830/2655/831 2831/2656/832 2832/2657/833
f 2833/2658/834 2834/2659/835 2835/2660/836
f 2836/2661/837 2837/2662/838 2838/2663/839
f 2851/2664/840 2852/2665/841 2853/2666/842
f 2854/2667/843 2855/2668/844 2856/2669/845
f 2861/2670/846 2862/2671/847 2863/2672/848
f 2864/2673/849 2865/2674/850 2866/2675/851
f 2881/2676/852 2882/2677/853 2883/2678/854
f 2884/2679/855 2885/2680/856 2886/2681/833
f 2887/2682/857 2888/2683/829 2889/2684/858
f 2890/2685/837 2891/2686/838 2892/2687/839
f 2893/2688/834 2894/2689/835 2895/2690/836
f 2908/2691/843 2909/2692/844 2910/2693/845
f 2911/2694/841 2912/2695/842 2913/2696/840
f 2918/2697/849 2919/2698/850 2920/2699/851
f 2921/2700/848 2922/2701/846 2923/2702/847
f 2940/2703/855 2941/2704/856 2942/2705/833
f 2943/2706/857 2944/2707/829 2945/2708/858
f 2958/2709/859 2959/2710/860 2960/2711/861
f 2961/2712/862 2962/2711/863 2963/2713/864
f 2976/2714/865 2977/2715/866 2978/2716/867
f 2979/2717/868 2980/2718/869 2981/2719/870
f 187/2720/871 190/2721/872 191/2722/872 186/2723/871
f 193/2724/873 188/2725/874 189/2726/874 192/2727/873
f 190/2721/872 194/2728/875 195/2729/875 191/2722/872
f 197/2730/876 193/2724/873 192/2727/873 196/2731/876
f 194/2728/875 198/167/74 200/169/76 195/2729/875
f 203/2732/79 197/2730/876 196/2731/876 201/2733/77
f 652/2734/877 199/2735/877 198/2736/878 651/2737/878
f 199/2735/75 204/2738/879 205/2739/879 200/2740/76
f 207/2741/880 202/171/78 201/170/77 206/2742/880
f 204/2738/879 208/2743/881 209/2744/881 205/2739/879
f 211/2745/882 207/2741/880 206/2742/880 210/2746/882
f 208/2743/881 212/2747/883 213/2748/883 209/2744/881
f 215/2749/884 211/2745/882 210/2746/882 214/2750/884
f 212/2747/883 216/173/80 218/175/82 213/2748/883
f 221/178/85 215/2749/884 214/2750/884 219/176/83
f 854/2751/885 217/174/885 216/173/886 853/2752/886
f 217/174/81 222/2753/887 223/2754/887 218/175/82
f 225/2755/888 220/177/84 219/176/83 224/2756/888
f 222/2753/887 226/2757/889 227/2758/889 223/2754/887
f 229/2759/890 225/2755/888 224/2756/888 228/2760/890
f 226/2757/889 230/2761/891 231/2762/891 227/2758/889
f 233/2763/892 229/2759/890 228/2760/890 232/2764/892
f 230/2761/891 234/179/86 236/181/88 231/2762/891
f 239/184/91 233/2763/892 232/2764/892 237/182/89
f 996/2765/893 235/180/893 234/179/894 995/2766/894
f 235/180/87 187/2720/871 186/2723/871 236/181/88
f 188/2725/874 238/183/90 237/182/89 189/2726/874
f 564/509/215 572/2767/895 573/2768/896 565/510/216
f 572/2767/895 577/2769/895 578/2770/896 573/2768/896
f 577/2769/895 582/2771/895 583/2772/896 578/2770/896
f 582/2771/895 587/2773/895 588/2774/896 583/2772/896
f 587/2773/895 592/2775/895 593/2776/896 588/2774/896
f 592/2775/895 597/2777/895 598/2778/896 593/2776/896
f 597/2777/895 602/2779/895 603/2780/896 598/2778/896
f 602/2779/895 569/514/220 568/513/219 603/2780/896
f 202/171/877 649/2781/877 650/2782/878 203/172/878
f 649/2783/877 653/2784/877 654/2785/878 650/2786/878
f 653/2787/877 658/2788/877 659/2789/878 654/2790/878
f 658/2791/877 663/2792/877 664/2793/878 659/2794/878
f 663/2795/877 668/2796/877 669/2797/878 664/2798/878
f 668/2799/877 673/2800/877 674/2801/878 669/2802/878
f 673/2803/877 678/2804/877 679/2805/878 674/2806/878
f 678/2807/877 683/2808/877 684/2809/878 679/2810/878
f 683/2811/877 652/2734/877 651/2737/878 684/2812/878
f 688/601/239 693/606/244 692/605/243 689/602/240
f 700/613/251 709/622/244 708/621/243 701/614/252
f 716/629/251 725/638/244 724/637/243 717/630/252
f 732/645/251 741/654/244 740/653/243 733/646/252
f 748/661/257 753/666/262 752/665/261 749/662/258
f 760/673/269 769/682/262 768/681/261 761/674/270
f 776/689/269 785/698/262 784/697/261 777/690/270
f 792/705/269 801/714/262 800/713/261 793/706/270
f 808/721/275 816/2813/897 817/2814/898 809/722/276
f 816/2813/897 821/2815/897 822/2816/898 817/2814/898
f 821/2815/897 826/2817/897 827/2818/898 822/2816/898
f 826/2817/897 831/2819/897 832/2820/898 827/2818/898
f 831/2819/897 836/2821/897 837/2822/898 832/2820/898
f 836/2821/897 841/2823/897 842/2824/898 837/2822/898
f 841/2823/897 846/2825/897 847/2826/898 842/2824/898
f 846/2825/897 813/726/280 812/725/279 847/2826/898
f 220/177/885 851/2827/885 852/2828/886 221/178/886
f 851/2827/885 855/2829/885 856/2830/886 852/2828/886
f 855/2829/885 861/754/291 860/753/290 856/2830/886
f 868/761/296 877/770/291 876/769/290 869/762/297
f 884/777/296 892/2831/885 893/2832/886 885/778/297
f 892/2831/885 897/2833/885 898/2834/886 893/2832/886
f 897/2833/885 854/2751/885 853/2752/886 898/2834/886
f 924/813/312 903/792/305 902/791/304 925/814/313
f 932/821/317 941/830/326 940/829/325 933/822/318
f 963/852/333 968/857/338 967/856/337 964/853/334
f 238/183/893 993/2835/893 994/2836/894 239/184/894
f 993/2835/893 997/2837/893 998/2838/894 994/2836/894
f 997/2837/893 1002/2839/893 1003/2840/894 998/2838/894
f 1002/2839/893 1007/2841/893 1008/2842/894 1003/2840/894
f 1007/2841/893 1012/2843/893 1013/2844/894 1008/2842/894
f 1012/2843/893 1017/2845/893 1018/2846/894 1013/2844/894
f 1017/2845/893 1022/2847/893 1023/2848/894 1018/2846/894
f 1022/2847/893 1027/2849/893 1028/2850/894 1023/2848/894
f 1027/2849/893 996/2765/893 995/2766/894 1028/2850/894
f 1608/1479/513 1611/1482/516 1613/1484/518 1609/1480/514
f 1616/1487/521 1618/1489/523 1617/1488/522 1614/1485/519
f 1620/1491/513 1623/1494/516 1625/1496/518 1621/1492/514
f 1628/1499/521 1630/1501/523 1629/1500/522 1626/1497/519
f 1632/1503/513 1635/1506/516 1637/1508/518 1633/1504/514
f 1640/1511/521 1642/1513/523 1641/1512/522 1638/1509/519
f 1644/1515/513 1647/1518/516 1649/1520/518 1645/1516/514
f 1652/1523/521 1654/1525/523 1653/1524/522 1650/1521/519
f 1658/1529/527 1660/1531/529 1659/1530/528 1656/1527/525
f 1662/1533/531 1665/1536/534 1667/1538/536 1663/1534/532
f 1670/1541/527 1672/1543/529 1671/1542/528 1668/1539/525
f 1674/1545/531 1677/1548/534 1679/1550/536 1675/1546/532
f 1682/1553/527 1684/1555/529 1683/1554/528 1680/1551/525
f 1686/1557/531 1689/1560/534 1691/1562/536 1687/1558/532
f 1694/1565/527 1696/1567/529 1695/1566/528 1692/1563/525
f 1698/1569/531 1701/1572/534 1703/1574/536 1699/1570/532
f 1704/1575/537 1707/1578/540 1709/1580/542 1705/1576/538
f 1712/1583/545 1714/1585/547 1713/1584/546 1710/1581/543
f 1716/1587/537 1719/1590/540 1721/1592/542 1717/1588/538
f 1724/1595/545 1726/1597/547 1725/1596/546 1722/1593/543
f 1728/1599/537 1731/1602/540 1733/1604/542 1729/1600/538
f 1736/1607/545 1738/1609/547 1737/1608/546 1734/1605/543
f 1740/1611/537 1743/1614/540 1745/1616/542 1741/1612/538
f 1748/1619/545 1750/1621/547 1749/1620/546 1746/1617/543
f 1754/1625/551 1756/1627/553 1755/1626/552 1752/1623/549
f 1758/1629/555 1761/1632/558 1763/1634/560 1759/1630/556
f 1766/1637/551 1768/1639/553 1767/1638/552 1764/1635/549
f 1770/1641/555 1773/1644/558 1775/1646/560 1771/1642/556
f 1778/1649/551 1780/1651/553 1779/1650/552 1776/1647/549
f 1782/1653/555 1785/1656/558 1787/1658/560 1783/1654/556
f 1790/1661/551 1792/1663/553 1791/1662/552 1788/1659/549
f 1794/1665/555 1797/1668/558 1799/1670/560 1795/1666/556
f 1800/1671/563 1803/1674/566 1805/1676/568 1801/1672/564
f 1808/1679/571 1810/1681/573 1809/1680/572 1806/1677/569
f 1812/1683/563 1815/1686/566 1817/1688/568 1813/1684/564
f 1820/1691/571 1822/1693/573 1821/1692/572 1818/1689/569
f 1824/1695/563 1827/1698/566 1829/1700/568 1825/1696/564
f 1832/1703/571 1834/1705/573 1833/1704/572 1830/1701/569
f 1836/1707/563 1839/1710/566 1841/1712/568 1837/1708/564
f 1844/1715/571 1846/1717/573 1845/1716/572 1842/1713/569
f 1850/1721/578 1852/1723/580 1851/1722/579 1848/1719/576
f 1854/1725/582 1857/1728/585 1859/1730/587 1855/1726/583
f 1862/1733/578 1864/1735/580 1863/1734/579 1860/1731/576
f 1866/1737/582 1869/1740/585 1871/1742/587 1867/1738/583
f 1874/1745/578 1876/1747/580 1875/1746/579 1872/1743/576
f 1878/1749/582 1881/1752/585 1883/1754/587 1879/1750/583
f 1886/1757/578 1888/1759/580 1887/1758/579 1884/1755/576
f 1890/1761/582 1893/1764/585 1895/1766/587 1891/1762/583
f 1896/1767/588 1899/1770/591 1901/1772/593 1897/1768/589
f 1904/1775/596 1906/1777/598 1905/1776/597 1902/1773/594
f 1908/1779/588 1911/1782/591 1913/1784/593 1909/1780/589
f 1916/1787/596 1918/1789/598 1917/1788/597 1914/1785/594
f 1920/1791/588 1923/1794/591 1925/1796/593 1921/1792/589
f 1928/1799/596 1930/1801/598 1929/1800/597 1926/1797/594
f 1932/1803/588 1935/1806/591 1937/1808/593 1933/1804/589
f 1940/1811/596 1942/1813/598 1941/1812/597 1938/1809/594
f 1946/1817/602 1948/1819/604 1947/1818/603 1944/1815/600
f 1950/1821/606 1953/1824/609 1955/1826/611 1951/1822/607
f 1958/1829/602 1960/1831/604 1959/1830/603 1956/1827/600
f 1962/1833/606 1965/1836/609 1967/1838/611 1963/1834/607
f 1970/1841/602 1972/1843/604 1971/1842/603 1968/1839/600
f 1974/1845/606 1977/1848/609 1979/1850/611 1975/1846/607
f 1982/1853/602 1984/1855/604 1983/1854/603 1980/1851/600
f 1986/1857/606 1989/1860/609 1991/1862/611 1987/1858/607
f 1992/1863/613 1995/1866/616 1997/1868/618 1993/1864/614
f 2000/1871/621 2002/1873/623 2001/1872/622 1998/1869/619
f 2004/1875/613 2007/1878/616 2009/1880/618 2005/1876/614
f 2012/1883/621 2014/1885/623 2013/1884/622 2010/1881/619
f 2016/1887/613 2019/1890/616 2021/1892/618 2017/1888/614
f 2024/1895/621 2026/1897/623 2025/1896/622 2022/1893/619
f 2028/1899/613 2031/1902/616 2033/1904/618 2029/1900/614
f 2036/1907/621 2038/1909/623 2037/1908/622 2034/1905/619
f 2042/1913/627 2044/1915/629 2043/1914/628 2040/1911/625
f 2046/1917/631 2049/1920/634 2051/1922/636 2047/1918/632
f 2054/1925/627 2056/1927/629 2055/1926/628 2052/1923/625
f 2058/1929/631 2061/1932/634 2063/1934/637 2059/1930/632
f 2066/1937/627 2068/1939/629 2067/1938/628 2064/1935/625
f 2070/1941/631 2073/1944/634 2075/1946/637 2071/1942/632
f 2078/1949/627 2080/1951/629 2079/1950/628 2076/1947/625
f 2082/1953/631 2085/1956/634 2087/1958/636 2083/1954/632
f 2088/1959/639 2091/1962/642 2093/1964/644 2089/1960/640
f 2096/1967/647 2098/1969/649 2097/1968/648 2094/1965/645
f 2100/1971/639 2103/1974/642 2105/1976/644 2101/1972/640
f 2108/1979/647 2110/1981/649 2109/1980/648 2106/1977/645
f 2112/1983/639 2115/1986/642 2117/1988/644 2113/1984/640
f 2120/1991/647 2122/1993/649 2121/1992/648 2118/1989/645
f 2124/1995/639 2127/1998/642 2129/2000/644 2125/1996/640
f 2132/2003/647 2134/2005/649 2133/2004/648 2130/2001/645
f 2138/2009/654 2140/2011/656 2139/2010/655 2136/2007/652
f 2142/2013/658 2145/2016/661 2147/2018/663 2143/2014/659
f 2150/2021/654 2152/2023/656 2151/2022/655 2148/2019/652
f 2154/2025/664 2157/2028/661 2159/2030/663 2155/2026/659
f 2162/2033/654 2164/2035/656 2163/2034/655 2160/2031/652
f 2166/2037/658 2169/2040/661 2171/2042/663 2167/2038/659
f 2174/2045/654 2176/2047/656 2175/2046/655 2172/2043/652
f 2178/2049/664 2181/2052/661 2183/2054/663 2179/2050/659
f 2184/2055/666 2187/2058/669 2189/2060/671 2185/2056/667
f 2192/2063/674 1613/1484/518 1612/1483/517 2190/2061/672
f 2193/2064/666 2196/2067/675 2198/2069/671 2194/2065/667
f 2201/2072/674 1625/1496/518 1624/1495/517 2199/2070/672
f 2202/2073/666 2205/2076/669 2207/2078/671 2203/2074/667
f 2210/2081/674 1637/1508/518 1636/1507/517 2208/2079/672
f 2211/2082/666 2214/2085/676 2216/2087/671 2212/2083/667
f 2219/2090/674 1649/1520/518 1648/1519/517 2217/2088/672
f 2220/2091/677 2177/2048/657 2176/2047/656 2221/2092/678
f 2225/2096/682 2227/2098/684 2226/2097/683 2223/2094/680
f 2229/2100/677 2165/2036/657 2164/2035/656 2230/2101/678
f 2234/2105/682 2236/2107/684 2235/2106/683 2232/2103/680
f 2238/2109/677 2153/2024/657 2152/2023/656 2239/2110/678
f 2243/2114/682 2245/2116/684 2244/2115/683 2241/2112/680
f 2247/2118/677 2141/2012/657 2140/2011/656 2248/2119/678
f 2252/2123/682 2254/2125/684 2253/2124/683 2250/2121/680
f 2256/2127/686 2135/2006/650 2134/2005/649 2257/2128/687
f 2261/2132/691 2263/2134/693 2262/2133/692 2259/2130/689
f 2265/2136/695 2123/1994/650 2122/1993/649 2266/2137/687
f 2270/2141/691 2272/2143/693 2271/2142/692 2268/2139/696
f 2274/2145/695 2111/1982/650 2110/1981/649 2275/2146/687
f 2279/2150/691 2281/2152/693 2280/2151/697 2277/2148/689
f 2283/2154/686 2099/1970/650 2098/1969/649 2284/2155/687
f 2288/2159/691 2290/2161/693 2289/2160/692 2286/2157/696
f 2292/2163/698 2081/1952/630 2080/1951/629 2293/2164/699
f 2297/2168/703 2299/2170/705 2298/2169/704 2295/2166/701
f 2301/2172/698 2069/1940/630 2068/1939/629 2302/2173/699
f 2306/2177/703 2308/2179/705 2307/2178/704 2304/2175/701
f 2310/2181/698 2057/1928/630 2056/1927/629 2311/2182/699
f 2315/2186/703 2317/2188/705 2316/2187/704 2313/2184/701
f 2319/2190/698 2045/1916/630 2044/1915/629 2320/2191/699
f 2324/2195/703 2326/2197/705 2325/2196/704 2322/2193/701
f 2328/2199/709 2039/1910/624 2038/1909/623 2329/2200/710
f 2333/2204/714 2335/2206/716 2334/2205/715 2331/2202/712
f 2337/2208/709 2027/1898/624 2026/1897/623 2338/2209/710
f 2342/2213/714 2344/2215/716 2343/2214/715 2340/2211/712
f 2346/2217/709 2015/1886/624 2014/1885/623 2347/2218/710
f 2351/2222/714 2353/2224/716 2352/2223/715 2349/2220/712
f 2355/2226/709 2003/1874/624 2002/1873/623 2356/2227/710
f 2360/2231/714 2362/2233/716 2361/2232/715 2358/2229/712
f 2364/2235/718 1985/1856/605 1984/1855/604 2365/2236/719
f 2369/2240/723 2371/2242/725 2370/2241/724 2367/2238/721
f 2373/2244/718 1973/1844/605 1972/1843/604 2374/2245/727
f 2378/2249/723 2380/2251/725 2379/2250/724 2376/2247/721
f 2382/2253/718 1961/1832/605 1960/1831/604 2383/2254/727
f 2387/2258/723 2389/2260/725 2388/2259/724 2385/2256/728
f 2391/2262/718 1949/1820/605 1948/1819/604 2392/2263/727
f 2396/2267/723 2398/2269/725 2397/2268/724 2394/2265/721
f 2400/2271/729 1943/1814/599 1942/1813/598 2401/2272/730
f 2405/2276/734 2407/2278/736 2406/2277/735 2403/2274/732
f 2409/2280/729 1931/1802/599 1930/1801/598 2410/2281/738
f 2414/2285/734 2416/2287/736 2415/2286/735 2412/2283/732
f 2418/2289/729 1919/1790/599 1918/1789/598 2419/2290/738
f 2423/2294/734 2425/2296/736 2424/2295/735 2421/2292/732
f 2427/2298/729 1907/1778/599 1906/1777/598 2428/2299/738
f 2432/2303/734 2434/2305/736 2433/2304/735 2430/2301/732
f 2436/2307/739 1889/1760/581 1888/1759/580 2437/2308/740
f 2441/2312/744 2443/2314/746 2442/2313/745 2439/2310/742
f 2445/2316/739 1877/1748/581 1876/1747/580 2446/2317/740
f 2450/2321/744 2452/2323/746 2451/2322/745 2448/2319/742
f 2454/2325/739 1865/1736/581 1864/1735/580 2455/2326/740
f 2459/2330/744 2461/2332/746 2460/2331/745 2457/2328/742
f 2463/2334/739 1853/1724/581 1852/1723/580 2464/2335/740
f 2468/2339/744 2470/2341/746 2469/2340/745 2466/2337/742
f 2472/2343/748 1847/1718/574 1846/1717/573 2473/2344/749
f 2477/2348/753 2479/2350/755 2478/2349/754 2475/2346/751
f 2481/2352/748 1835/1706/574 1834/1705/573 2482/2353/749
f 2486/2357/753 2488/2359/755 2487/2358/754 2484/2355/751
f 2490/2361/748 1823/1694/574 1822/1693/573 2491/2362/749
f 2495/2366/753 2497/2368/755 2496/2367/754 2493/2364/751
f 2499/2370/748 1811/1682/574 1810/1681/573 2500/2371/749
f 2504/2375/753 2506/2377/755 2505/2376/754 2502/2373/751
f 2508/2379/757 1793/1664/554 1792/1663/553 2509/2380/758
f 2513/2384/762 2515/2386/764 2514/2385/763 2511/2382/760
f 2517/2388/757 1781/1652/561 1780/1651/553 2518/2389/758
f 2522/2393/762 2524/2395/764 2523/2394/763 2520/2391/760
f 2526/2397/757 1769/1640/561 1768/1639/553 2527/2398/758
f 2531/2402/762 2533/2404/764 2532/2403/763 2529/2400/760
f 2535/2406/757 1757/1628/554 1756/1627/553 2536/2407/758
f 2540/2411/762 2542/2413/764 2541/2412/763 2538/2409/760
f 2544/2415/766 1751/1622/548 1750/1621/547 2545/2416/767
f 2549/2420/771 2551/2422/773 2550/2421/772 2547/2418/769
f 2553/2424/766 1739/1610/548 1738/1609/547 2554/2425/767
f 2558/2429/771 2560/2431/773 2559/2430/772 2556/2427/769
f 2562/2433/766 1727/1598/548 1726/1597/547 2563/2434/767
f 2567/2438/771 2569/2440/773 2568/2439/772 2565/2436/769
f 2571/2442/766 1715/1586/548 1714/1585/547 2572/2443/767
f 2576/2447/771 2578/2449/773 2577/2448/772 2574/2445/769
f 2580/2451/775 1697/1568/530 1696/1567/529 2581/2452/776
f 2585/2456/780 2587/2458/782 2586/2457/781 2583/2454/778
f 2589/2460/775 1685/1556/530 1684/1555/529 2590/2461/776
f 2594/2465/780 2596/2467/782 2595/2466/781 2592/2463/778
f 2598/2469/775 1673/1544/530 1672/1543/529 2599/2470/776
f 2603/2474/780 2605/2476/782 2604/2475/781 2601/2472/778
f 2607/2478/775 1661/1532/530 1660/1531/529 2608/2479/776
f 2612/2483/784 2614/2485/782 2613/2484/781 2610/2481/778
f 2188/2059/670 1610/1481/515 1609/1480/514 2189/2060/671
f 2618/2489/787 1616/1487/521 1615/1486/520 2616/2487/785
f 2197/2068/670 1622/1493/515 1621/1492/514 2198/2069/671
f 2621/2492/787 1628/1499/521 1627/1498/520 2619/2490/785
f 2206/2077/670 1634/1505/515 1633/1504/514 2207/2078/671
f 2624/2495/787 1640/1511/521 1639/1510/520 2622/2493/785
f 2215/2086/670 1646/1517/515 1645/1516/514 2216/2087/671
f 2627/2498/787 1652/1523/521 1651/1522/520 2625/2496/785
f 2614/2485/782 1658/1529/527 1657/1528/526 2615/2486/783
f 2628/2499/788 1664/1535/533 1663/1534/532 2629/2500/789
f 2605/2476/782 1670/1541/527 1669/1540/526 2606/2477/783
f 2631/2502/788 1676/1547/533 1675/1546/532 2632/2503/789
f 2596/2467/782 1682/1553/527 1681/1552/526 2597/2468/783
f 2634/2505/788 1688/1559/533 1687/1558/532 2635/2506/789
f 2587/2458/782 1694/1565/527 1693/1564/526 2588/2459/783
f 2637/2508/788 1700/1571/533 1699/1570/532 2638/2509/789
f 2640/2511/792 1706/1577/539 1705/1576/538 2641/2512/793
f 2578/2449/773 1712/1583/545 1711/1582/544 2579/2450/774
f 2643/2514/792 1718/1589/539 1717/1588/538 2644/2515/793
f 2569/2440/773 1724/1595/545 1723/1594/544 2570/2441/774
f 2646/2517/792 1730/1601/539 1729/1600/538 2647/2518/793
f 2560/2431/773 1736/1607/545 1735/1606/544 2561/2432/774
f 2649/2520/792 1742/1613/539 1741/1612/538 2650/2521/793
f 2551/2422/773 1748/1619/545 1747/1618/544 2552/2423/774
f 2542/2413/764 1754/1625/551 1753/1624/550 2543/2414/765
f 2652/2523/795 1760/1631/557 1759/1630/556 2653/2524/796
f 2533/2404/764 1766/1637/551 1765/1636/550 2534/2405/765
f 2655/2526/795 1772/1643/557 1771/1642/556 2656/2527/796
f 2524/2395/764 1778/1649/551 1777/1648/550 2525/2396/765
f 2658/2529/795 1784/1655/557 1783/1654/556 2659/2530/796
f 2515/2386/764 1790/1661/551 1789/1660/550 2516/2387/765
f 2661/2532/795 1796/1667/557 1795/1666/556 2662/2533/796
f 2664/2535/799 1802/1673/565 1801/1672/564 2665/2536/800
f 2506/2377/755 1808/1679/571 1807/1678/570 2507/2378/756
f 2667/2538/799 1814/1685/565 1813/1684/564 2668/2539/800
f 2497/2368/755 1820/1691/571 1819/1690/570 2498/2369/756
f 2670/2541/799 1826/1697/565 1825/1696/564 2671/2542/800
f 2488/2359/755 1832/1703/571 1831/1702/570 2489/2360/756
f 2673/2544/799 1838/1709/565 1837/1708/564 2674/2545/800
f 2479/2350/755 1844/1715/571 1843/1714/570 2480/2351/756
f 2470/2341/746 1850/1721/578 1849/1720/577 2471/2342/747
f 2676/2547/802 1856/1727/584 1855/1726/583 2677/2548/803
f 2461/2332/746 1862/1733/578 1861/1732/577 2462/2333/747
f 2679/2550/802 1868/1739/584 1867/1738/583 2680/2551/803
f 2452/2323/746 1874/1745/578 1873/1744/577 2453/2324/747
f 2682/2553/802 1880/1751/584 1879/1750/583 2683/2554/803
f 2443/2314/746 1886/1757/578 1885/1756/577 2444/2315/747
f 2685/2556/802 1892/1763/584 1891/1762/583 2686/2557/803
f 2688/2559/805 1898/1769/590 1897/1768/589 2689/2560/806
f 2434/2305/736 1904/1775/596 1903/1774/595 2435/2306/737
f 2691/2562/805 1910/1781/590 1909/1780/589 2692/2563/806
f 2425/2296/736 1916/1787/596 1915/1786/595 2426/2297/737
f 2694/2565/805 1922/1793/590 1921/1792/589 2695/2566/806
f 2416/2287/736 1928/1799/596 1927/1798/595 2417/2288/737
f 2697/2568/805 1934/1805/590 1933/1804/589 2698/2569/806
f 2407/2278/736 1940/1811/596 1939/1810/595 2408/2279/737
f 2398/2269/725 1946/1817/602 1945/1816/601 2399/2270/726
f 2700/2571/809 1952/1823/608 1951/1822/607 2701/2572/810
f 2389/2260/725 1958/1829/602 1957/1828/601 2390/2261/726
f 2703/2574/809 1964/1835/608 1963/1834/607 2704/2575/810
f 2380/2251/725 1970/1841/602 1969/1840/601 2381/2252/726
f 2706/2577/809 1976/1847/608 1975/1846/607 2707/2578/810
f 2371/2242/725 1982/1853/602 1981/1852/601 2372/2243/726
f 2709/2580/809 1988/1859/608 1987/1858/607 2710/2581/810
f 2712/2583/812 1994/1865/615 1993/1864/614 2713/2584/813
f 2362/2233/716 2000/1871/621 1999/1870/620 2363/2234/717
f 2715/2586/812 2006/1877/615 2005/1876/614 2716/2587/813
f 2353/2224/716 2012/1883/621 2011/1882/620 2354/2225/717
f 2718/2589/812 2018/1889/615 2017/1888/614 2719/2590/813
f 2344/2215/716 2024/1895/621 2023/1894/620 2345/2216/717
f 2721/2592/812 2030/1901/615 2029/1900/614 2722/2593/813
f 2335/2206/716 2036/1907/621 2035/1906/620 2336/2207/717
f 2326/2197/705 2042/1913/627 2041/1912/626 2327/2198/706
f 2724/2595/815 2048/1919/633 2047/1918/632 2725/2596/816
f 2317/2188/705 2054/1925/627 2053/1924/626 2318/2189/706
f 2727/2598/815 2060/1931/633 2059/1930/632 2728/2599/816
f 2308/2179/705 2066/1937/627 2065/1936/626 2309/2180/706
f 2730/2601/815 2072/1943/633 2071/1942/632 2731/2602/816
f 2299/2170/705 2078/1949/627 2077/1948/626 2300/2171/706
f 2733/2604/815 2084/1955/633 2083/1954/632 2734/2605/816
f 2736/2607/818 2090/1961/641 2089/1960/640 2737/2608/819
f 2290/2161/693 2096/1967/647 2095/1966/646 2291/2162/694
f 2739/2610/818 2102/1973/641 2101/1972/640 2740/2611/819
f 2281/2152/693 2108/1979/647 2107/1978/651 2282/2153/694
f 2742/2613/818 2114/1985/641 2113/1984/640 2743/2614/819
f 2272/2143/693 2120/1991/647 2119/1990/651 2273/2144/694
f 2745/2616/818 2126/1997/641 2125/1996/640 2746/2617/819
f 2263/2134/693 2132/2003/647 2131/2002/646 2264/2135/694
f 2254/2125/684 2138/2009/654 2137/2008/653 2255/2126/685
f 2748/2619/822 2144/2015/660 2143/2014/659 2749/2620/823
f 2245/2116/684 2150/2021/654 2149/2020/653 2246/2117/685
f 2751/2622/822 2156/2027/665 2155/2026/659 2752/2623/823
f 2236/2107/684 2162/2033/654 2161/2032/653 2237/2108/685
f 2754/2625/822 2168/2039/660 2167/2038/659 2755/2626/823
f 2227/2098/684 2174/2045/654 2173/2044/653 2228/2099/685
f 2757/2628/822 2180/2051/660 2179/2050/659 2758/2629/823
f 2182/2053/662 2186/2057/668 2185/2056/667 2183/2054/663
f 2758/2629/823 2192/2063/674 2191/2062/673 2759/2630/824
f 2170/2041/662 2195/2066/668 2194/2065/667 2171/2042/663
f 2755/2626/823 2201/2072/674 2200/2071/673 2756/2627/824
f 2158/2029/662 2204/2075/668 2203/2074/667 2159/2030/663
f 2752/2623/823 2210/2081/674 2209/2080/673 2753/2624/824
f 2146/2017/662 2213/2084/668 2212/2083/667 2147/2018/663
f 2749/2620/823 2219/2090/674 2218/2089/673 2750/2621/824
f 2128/1999/643 2222/2093/679 2221/2092/678 2129/2000/644
f 2746/2617/819 2225/2096/682 2224/2095/681 2747/2618/821
f 2116/1987/643 2231/2102/679 2230/2101/678 2117/1988/644
f 2743/2614/819 2234/2105/682 2233/2104/681 2744/2615/820
f 2104/1975/643 2240/2111/679 2239/2110/678 2105/1976/644
f 2740/2611/819 2243/2114/682 2242/2113/681 2741/2612/820
f 2092/1963/643 2249/2120/679 2248/2119/678 2093/1964/644
f 2737/2608/819 2252/2123/682 2251/2122/681 2738/2609/820
f 2086/1957/635 2258/2129/688 2257/2128/687 2087/1958/636
f 2734/2605/816 2261/2132/691 2260/2131/690 2735/2606/817
f 2074/1945/638 2267/2138/688 2266/2137/687 2075/1946/637
f 2731/2602/816 2270/2141/691 2269/2140/690 2732/2603/817
f 2062/1933/635 2276/2147/688 2275/2146/687 2063/1934/637
f 2728/2599/816 2279/2150/691 2278/2149/690 2729/2600/817
f 2050/1921/635 2285/2156/688 2284/2155/687 2051/1922/636
f 2725/2596/816 2288/2159/691 2287/2158/690 2726/2597/817
f 2032/1903/617 2294/2165/700 2293/2164/699 2033/1904/618
f 2722/2593/813 2297/2168/703 2296/2167/702 2723/2594/814
f 2020/1891/617 2303/2174/700 2302/2173/699 2021/1892/618
f 2719/2590/813 2306/2177/703 2305/2176/707 2720/2591/814
f 2008/1879/617 2312/2183/700 2311/2182/699 2009/1880/618
f 2716/2587/813 2315/2186/703 2314/2185/702 2717/2588/814
f 1996/1867/617 2321/2192/708 2320/2191/699 1997/1868/618
f 2713/2584/813 2324/2195/703 2323/2194/702 2714/2585/814
f 1990/1861/612 2330/2201/711 2329/2200/710 1991/1862/611
f 2710/2581/810 2333/2204/714 2332/2203/713 2711/2582/811
f 1978/1849/610 2339/2210/711 2338/2209/710 1979/1850/611
f 2707/2578/810 2342/2213/714 2341/2212/713 2708/2579/811
f 1966/1837/610 2348/2219/711 2347/2218/710 1967/1838/611
f 2704/2575/810 2351/2222/714 2350/2221/713 2705/2576/811
f 1954/1825/610 2357/2228/711 2356/2227/710 1955/1826/611
f 2701/2572/810 2360/2231/714 2359/2230/713 2702/2573/811
f 1936/1807/592 2366/2237/720 2365/2236/719 1937/1808/593
f 2698/2569/806 2369/2240/723 2368/2239/722 2699/2570/808
f 1924/1795/592 2375/2246/720 2374/2245/727 1925/1796/593
f 2695/2566/806 2378/2249/723 2377/2248/722 2696/2567/807
f 1912/1783/592 2384/2255/720 2383/2254/727 1913/1784/593
f 2692/2563/806 2387/2258/723 2386/2257/722 2693/2564/808
f 1900/1771/592 2393/2264/720 2392/2263/727 1901/1772/593
f 2689/2560/806 2396/2267/723 2395/2266/722 2690/2561/807
f 1894/1765/586 2402/2273/731 2401/2272/730 1895/1766/587
f 2686/2557/803 2405/2276/734 2404/2275/733 2687/2558/804
f 1882/1753/586 2411/2282/731 2410/2281/738 1883/1754/587
f 2683/2554/803 2414/2285/734 2413/2284/733 2684/2555/804
f 1870/1741/586 2420/2291/731 2419/2290/738 1871/1742/587
f 2680/2551/803 2423/2294/734 2422/2293/733 2681/2552/804
f 1858/1729/586 2429/2300/731 2428/2299/738 1859/1730/587
f 2677/2548/803 2432/2303/734 2431/2302/733 2678/2549/804
f 1840/1711/567 2438/2309/741 2437/2308/740 1841/1712/568
f 2674/2545/800 2441/2312/744 2440/2311/743 2675/2546/801
f 1828/1699/575 2447/2318/741 2446/2317/740 1829/1700/568
f 2671/2542/800 2450/2321/744 2449/2320/743 2672/2543/801
f 1816/1687/567 2456/2327/741 2455/2326/740 1817/1688/568
f 2668/2539/800 2459/2330/744 2458/2329/743 2669/2540/801
f 1804/1675/567 2465/2336/741 2464/2335/740 1805/1676/568
f 2665/2536/800 2468/2339/744 2467/2338/743 2666/2537/801
f 1798/1669/562 2474/2345/750 2473/2344/749 1799/1670/560
f 2662/2533/796 2477/2348/753 2476/2347/752 2663/2534/797
f 1786/1657/559 2483/2354/750 2482/2353/749 1787/1658/560
f 2659/2530/796 2486/2357/753 2485/2356/752 2660/2531/798
f 1774/1645/559 2492/2363/750 2491/2362/749 1775/1646/560
f 2656/2527/796 2495/2366/753 2494/2365/752 2657/2528/797
f 1762/1633/559 2501/2372/750 2500/2371/749 1763/1634/560
f 2653/2524/796 2504/2375/753 2503/2374/752 2654/2525/797
f 1744/1615/541 2510/2381/759 2509/2380/758 1745/1616/542
f 2650/2521/793 2513/2384/762 2512/2383/761 2651/2522/794
f 1732/1603/541 2519/2390/759 2518/2389/758 1733/1604/542
f 2647/2518/793 2522/2393/762 2521/2392/761 2648/2519/794
f 1720/1591/541 2528/2399/759 2527/2398/758 1721/1592/542
f 2644/2515/793 2531/2402/762 2530/2401/761 2645/2516/794
f 1708/1579/541 2537/2408/759 2536/2407/758 1709/1580/542
f 2641/2512/793 2540/2411/762 2539/2410/761 2642/2513/794
f 1702/1573/535 2546/2417/768 2545/2416/767 1703/1574/536
f 2638/2509/789 2549/2420/771 2548/2419/770 2639/2510/791
f 1690/1561/535 2555/2426/768 2554/2425/767 1691/1562/536
f 2635/2506/789 2558/2429/771 2557/2428/770 2636/2507/790
f 1678/1549/535 2564/2435/768 2563/2434/767 1679/1550/536
f 2632/2503/789 2567/2438/771 2566/2437/770 2633/2504/791
f 1666/1537/535 2573/2444/768 2572/2443/767 1667/1538/536
f 2629/2500/789 2576/2447/771 2575/2446/770 2630/2501/790
f 2617/2488/786 2582/2453/777 2581/2452/776 2618/2489/787
f 1618/1489/523 2585/2456/780 2584/2455/779 1619/1490/524
f 2620/2491/786 2591/2462/777 2590/2461/776 2621/2492/787
f 1630/1501/523 2594/2465/780 2593/2464/779 1631/1502/524
f 2623/2494/786 2600/2471/777 2599/2470/776 2624/2495/787
f 1642/1513/523 2603/2474/780 2602/2473/779 1643/1514/524
f 2626/2497/786 2609/2480/777 2608/2479/776 2627/2498/787
f 1654/1525/523 2612/2483/784 2611/2482/779 1655/1526/524
f 1034/905/354 575/518/224 574/517/223 1032/903/352
f 1035/906/355 579/520/98 581/522/100 1036/907/356
f 1040/911/354 585/524/224 584/523/223 1038/909/352
f 1041/912/355 589/526/98 591/528/100 1042/913/356
f 1046/917/354 595/530/224 594/529/223 1044/915/352
f 1047/918/355 599/532/98 601/534/100 1048/919/356
f 1052/923/354 605/536/224 604/535/223 1050/921/352
f 1053/924/355 264/209/98 266/211/100 1054/925/356
f 1056/927/358 607/538/226 609/540/228 1057/928/359
f 1061/932/363 611/542/108 610/541/107 1059/930/361
f 1062/933/358 613/544/226 615/546/228 1063/934/359
f 1067/938/363 617/548/108 616/547/107 1065/936/361
f 1068/939/358 619/550/226 621/552/228 1069/940/359
f 1073/944/363 623/554/108 622/553/107 1071/942/361
f 1074/945/358 625/556/226 627/558/229 1075/946/359
f 1079/950/363 292/237/108 291/236/107 1077/948/361
f 1082/953/366 629/560/231 628/559/230 1080/951/364
f 1083/954/367 631/562/117 633/564/119 1084/955/368
f 1088/959/366 635/566/231 634/565/230 1086/957/370
f 1089/960/367 637/568/117 639/570/119 1090/961/368
f 1094/965/366 641/572/231 640/571/230 1092/963/364
f 1095/966/367 643/574/117 645/576/119 1096/967/368
f 1100/971/366 647/578/231 646/577/230 1098/969/364
f 1101/972/367 318/263/117 320/265/119 1102/973/368
f 1104/975/372 655/580/233 657/582/235 1105/976/373
f 1109/980/377 661/584/237 660/583/236 1107/978/375
f 1110/981/372 665/586/233 667/588/238 1111/982/373
f 1115/986/377 671/590/237 670/589/236 1113/984/375
f 1116/987/372 675/592/233 677/594/238 1117/988/373
f 1121/992/377 681/596/237 680/595/236 1119/990/375
f 1122/993/372 685/598/233 687/600/238 1123/994/373
f 1127/998/377 346/291/128 345/290/127 1125/996/375
f 1130/1001/381 698/611/249 697/610/248 1128/999/379
f 1131/1002/382 705/618/137 707/620/139 1132/1003/383
f 1136/1007/381 714/627/249 713/626/256 1134/1005/379
f 1137/1008/385 721/634/137 723/636/139 1138/1009/383
f 1142/1013/381 730/643/249 729/642/248 1140/1011/379
f 1143/1014/385 737/650/137 739/652/139 1144/1015/383
f 1148/1019/381 746/659/249 745/658/256 1146/1017/379
f 1149/1020/385 372/317/137 374/319/139 1150/1021/387
f 1152/1023/388 757/670/266 759/672/268 1153/1024/389
f 1157/1028/393 766/679/152 765/678/151 1155/1026/391
f 1158/1029/388 773/686/266 775/688/268 1159/1030/389
f 1163/1034/393 782/695/152 781/694/151 1161/1032/391
f 1164/1035/388 789/702/266 791/704/268 1165/1036/389
f 1169/1040/393 798/711/152 797/710/151 1167/1038/391
f 1170/1041/388 805/718/274 807/720/268 1171/1042/389
f 1175/1046/393 400/345/152 399/344/151 1173/1044/391
f 1178/1049/397 819/730/284 818/729/283 1176/1047/395
f 1179/1050/398 823/732/286 825/734/163 1180/1051/399
f 1184/1055/397 829/736/284 828/735/283 1182/1053/395
f 1185/1056/402 833/738/161 835/740/163 1186/1057/399
f 1190/1061/397 839/742/284 838/741/283 1188/1059/403
f 1191/1062/402 843/744/161 845/746/163 1192/1063/399
f 1196/1067/397 849/748/284 848/747/283 1194/1065/395
f 1197/1068/402 426/371/161 428/373/163 1198/1069/399
f 1200/1071/404 857/750/287 859/752/289 1201/1072/405
f 1205/1076/409 866/759/172 865/758/295 1203/1074/407
f 1206/1077/410 873/766/287 875/768/289 1207/1078/405
f 1211/1082/409 882/775/172 881/774/301 1209/1080/407
f 1212/1083/404 889/782/287 891/784/289 1213/1084/405
f 1217/1088/409 895/786/303 894/785/295 1215/1086/407
f 1218/1089/404 899/788/287 901/790/289 1219/1090/405
f 1223/1094/409 454/399/172 453/398/171 1221/1092/407
f 1226/1097/414 907/796/309 906/795/308 1224/1095/412
f 1227/1098/415 909/798/180 911/800/182 1228/1099/416
f 1232/1103/418 913/802/309 912/801/308 1230/1101/412
f 1233/1104/415 915/804/180 917/806/182 1234/1105/416
f 1238/1109/418 919/808/309 918/807/308 1236/1107/412
f 1239/1110/415 921/810/180 923/812/182 1240/1111/416
f 1244/1115/418 930/819/309 929/818/308 1242/1113/412
f 1245/1116/415 480/425/180 482/427/182 1246/1117/416
f 1248/1119/419 937/826/322 939/828/324 1249/1120/420
f 1253/1124/424 946/835/330 945/834/192 1251/1122/422
f 1254/1125/419 948/837/322 950/839/331 1255/1126/420
f 1259/1130/424 952/841/193 951/840/192 1257/1128/422
f 1260/1131/419 954/843/322 956/845/331 1261/1132/420
f 1265/1136/424 958/847/332 957/846/192 1263/1134/422
f 1266/1137/419 960/849/322 962/851/331 1267/1138/420
f 1271/1142/424 508/453/193 507/452/192 1269/1140/422
f 1274/1145/427 973/862/343 972/861/342 1272/1143/425
f 1275/1146/428 975/864/203 977/866/345 1276/1147/429
f 1280/1151/427 979/868/343 978/867/342 1278/1149/425
f 1281/1152/428 981/870/203 983/872/345 1282/1153/431
f 1286/1157/427 985/874/343 984/873/342 1284/1155/425
f 1287/1158/428 987/876/203 989/878/345 1288/1159/431
f 1292/1163/427 991/880/343 990/879/342 1290/1161/425
f 1293/1164/428 534/479/203 536/481/205 1294/1165/429
f 1296/1167/432 999/882/346 1001/884/348 1297/1168/433
f 1301/1172/437 1005/886/349 1004/885/212 1299/1170/435
f 1302/1173/432 1009/888/351 1011/890/348 1303/1174/433
f 1307/1178/437 1015/892/213 1014/891/212 1305/1176/435
f 1308/1179/432 1019/894/351 1021/896/348 1309/1180/433
f 1313/1184/437 1025/898/349 1024/897/212 1311/1182/435
f 1314/1185/432 1029/900/351 1031/902/348 1315/1186/433
f 1319/1190/437 562/507/213 561/506/212 1317/1188/435
f 1322/1193/440 241/186/93 240/185/92 1320/1191/438
f 1323/1194/441 576/519/225 575/518/224 1324/1195/442
f 1328/1199/440 247/192/93 246/191/92 1326/1197/438
f 1329/1200/441 586/525/225 585/524/224 1330/1201/442
f 1334/1205/440 253/198/93 252/197/92 1332/1203/438
f 1335/1206/441 596/531/225 595/530/224 1336/1207/442
f 1340/1211/440 259/204/93 258/203/92 1338/1209/438
f 1341/1212/441 606/537/225 605/536/224 1342/1213/442
f 1346/1217/446 1031/902/348 1030/901/347 1344/1215/444
f 1347/1218/447 555/500/206 557/502/208 1348/1219/448
f 1352/1223/446 1021/896/348 1020/895/347 1350/1221/444
f 1353/1224/447 549/494/206 551/496/208 1354/1225/448
f 1358/1229/446 1011/890/348 1010/889/347 1356/1227/444
f 1359/1230/447 543/488/206 545/490/208 1360/1231/448
f 1364/1235/446 1001/884/348 1000/883/347 1362/1233/444
f 1365/1236/447 537/482/206 539/484/208 1366/1237/448
f 1370/1241/452 536/481/205 535/480/204 1368/1239/450
f 1371/1242/453 531/476/202 533/478/200 1372/1243/454
f 1376/1247/452 989/878/345 988/877/204 1374/1245/450
f 1377/1248/453 525/470/198 527/472/200 1378/1249/454
f 1382/1253/452 983/872/345 982/871/204 1380/1251/450
f 1383/1254/453 519/464/198 521/466/200 1384/1255/454
f 1388/1259/452 977/866/345 976/865/204 1386/1257/450
f 1389/1260/453 513/458/198 515/460/200 1390/1261/454
f 1394/1265/458 962/851/331 961/850/323 1392/1263/456
f 1395/1266/459 501/446/183 503/448/189 1396/1267/460
f 1400/1271/458 956/845/331 955/844/323 1398/1269/456
f 1401/1272/459 495/440/183 497/442/189 1402/1273/460
f 1406/1277/458 950/839/331 949/838/323 1404/1275/456
f 1407/1278/459 489/434/183 491/436/189 1408/1279/460
f 1412/1283/458 939/828/324 938/827/323 1410/1281/456
f 1413/1284/459 483/428/183 485/430/185 1414/1285/460
f 1418/1289/464 482/427/182 481/426/181 1416/1287/462
f 1419/1290/465 477/422/177 479/424/179 1420/1291/466
f 1424/1295/464 923/812/182 922/811/181 1422/1293/462
f 1425/1296/465 471/416/177 473/418/179 1426/1297/466
f 1430/1301/464 917/806/182 916/805/181 1428/1299/462
f 1431/1302/465 465/410/177 467/412/179 1432/1303/466
f 1436/1307/464 911/800/182 910/799/181 1434/1305/462
f 1437/1308/465 459/404/177 461/406/179 1438/1309/466
f 1442/1313/472 901/790/289 900/789/288 1440/1311/470
f 1443/1314/473 447/392/164 449/394/166 1444/1315/474
f 1448/1319/472 891/784/289 890/783/302 1446/1317/470
f 1449/1320/473 441/386/170 443/388/166 1450/1321/474
f 1454/1325/472 875/768/289 874/767/288 1452/1323/470
f 1455/1326/473 435/380/164 437/382/166 1456/1327/474
f 1460/1331/472 859/752/289 858/751/288 1458/1329/470
f 1461/1332/473 429/374/164 431/376/166 1462/1333/474
f 1466/1337/478 428/373/163 427/372/162 1464/1335/476
f 1467/1338/479 423/368/157 425/370/159 1468/1339/480
f 1472/1343/478 845/746/163 844/745/162 1470/1341/476
f 1473/1344/479 417/362/157 419/364/159 1474/1345/480
f 1478/1349/478 835/740/163 834/739/162 1476/1347/476
f 1479/1350/479 411/356/157 413/358/159 1480/1351/480
f 1484/1355/478 825/734/163 824/733/162 1482/1353/476
f 1485/1356/479 405/350/157 407/352/159 1486/1357/480
f 1490/1361/484 807/720/268 806/719/267 1488/1359/482
f 1491/1362/485 393/338/140 395/340/150 1492/1363/486
f 1496/1367/484 791/704/268 790/703/267 1494/1365/482
f 1497/1368/485 387/332/140 389/334/142 1498/1369/486
f 1502/1373/484 775/688/268 774/687/267 1500/1371/482
f 1503/1374/485 381/326/140 383/328/142 1504/1375/486
f 1508/1379/484 759/672/268 758/671/267 1506/1377/482
f 1509/1380/485 375/320/140 377/322/142 1510/1381/486
f 1514/1385/490 374/319/139 373/318/138 1512/1383/488
f 1515/1386/491 369/314/133 371/316/135 1516/1387/492
f 1520/1391/490 739/652/139 738/651/138 1518/1389/488
f 1521/1392/491 363/308/133 365/310/135 1522/1393/492
f 1526/1397/490 723/636/139 722/635/138 1524/1395/488
f 1527/1398/491 357/302/133 359/304/135 1528/1399/492
f 1532/1403/490 707/620/139 706/619/138 1530/1401/488
f 1533/1404/491 351/296/133 353/298/135 1534/1405/492
f 1538/1409/496 687/600/238 686/599/234 1536/1407/494
f 1539/1410/497 339/284/120 341/286/122 1540/1411/498
f 1544/1415/496 677/594/238 676/593/234 1542/1413/494
f 1545/1416/497 333/278/120 335/280/122 1546/1417/498
f 1550/1421/496 667/588/238 666/587/234 1548/1419/494
f 1551/1422/497 327/272/120 329/274/122 1552/1423/498
f 1556/1427/496 657/582/235 656/581/234 1554/1425/494
f 1557/1428/497 321/266/120 323/268/122 1558/1429/498
f 1562/1433/502 320/265/119 319/264/118 1560/1431/500
f 1563/1434/503 315/260/113 317/262/115 1564/1435/504
f 1568/1439/502 645/576/119 644/575/118 1566/1437/500
f 1569/1440/506 309/254/113 311/256/115 1570/1441/504
f 1574/1445/502 639/570/119 638/569/118 1572/1443/500
f 1575/1446/506 303/248/113 305/250/115 1576/1447/504
f 1580/1451/502 633/564/119 632/563/118 1578/1449/500
f 1581/1452/506 297/242/113 299/244/115 1582/1453/504
f 1586/1457/509 627/558/229 626/557/227 1584/1455/507
f 1587/1458/510 285/230/101 287/232/103 1588/1459/511
f 1592/1463/509 621/552/228 620/551/227 1590/1461/507
f 1593/1464/510 279/224/101 281/226/103 1594/1465/511
f 1598/1469/509 615/546/228 614/545/227 1596/1467/507
f 1599/1470/510 273/218/101 275/220/103 1600/1471/511
f 1604/1475/509 609/540/228 608/539/227 1602/1473/507
f 1605/1476/510 267/212/101 269/214/103 1606/1477/511
f 241/186/93 1034/905/354 1033/904/353 242/187/94
f 243/188/95 1037/908/357 1036/907/356 244/189/96
f 247/192/93 1040/911/354 1039/910/353 248/193/94
f 249/194/95 1043/914/357 1042/913/356 250/195/96
f 253/198/93 1046/917/354 1045/916/353 254/199/94
f 255/200/95 1049/920/357 1048/919/356 256/201/96
f 259/204/93 1052/923/354 1051/922/353 260/205/94
f 261/206/95 1055/926/357 1054/925/356 262/207/96
f 268/213/102 1058/929/360 1057/928/359 269/214/103
f 272/217/106 1061/932/363 1060/931/362 270/215/104
f 274/219/102 1064/935/360 1063/934/359 275/220/103
f 278/223/106 1067/938/363 1066/937/362 276/221/104
f 280/225/102 1070/941/360 1069/940/359 281/226/103
f 284/229/106 1073/944/363 1072/943/362 282/227/104
f 286/231/102 1076/947/360 1075/946/359 287/232/103
f 290/235/106 1079/950/363 1078/949/362 288/233/104
f 296/241/112 1082/953/366 1081/952/365 294/239/110
f 298/243/114 1085/956/369 1084/955/368 299/244/115
f 302/247/112 1088/959/366 1087/958/371 300/245/110
f 304/249/116 1091/962/369 1090/961/368 305/250/115
f 308/253/112 1094/965/366 1093/964/365 306/251/110
f 310/255/114 1097/968/369 1096/967/368 311/256/115
f 314/259/112 1100/971/366 1099/970/365 312/257/110
f 316/261/114 1103/974/369 1102/973/368 317/262/115
f 322/267/121 1106/977/374 1105/976/373 323/268/122
f 326/271/125 1109/980/377 1108/979/376 324/269/123
f 328/273/121 1112/983/374 1111/982/373 329/274/122
f 332/277/125 1115/986/377 1114/985/376 330/275/126
f 334/279/121 1118/989/374 1117/988/373 335/280/122
f 338/283/125 1121/992/377 1120/991/378 336/281/123
f 340/285/121 1124/995/374 1123/994/373 341/286/122
f 344/289/125 1127/998/377 1126/997/376 342/287/126
f 350/295/132 1130/1001/381 1129/1000/380 348/293/130
f 352/297/134 1133/1004/384 1132/1003/383 353/298/135
f 356/301/132 1136/1007/381 1135/1006/380 354/299/130
f 358/303/134 1139/1010/386 1138/1009/383 359/304/135
f 362/307/132 1142/1013/381 1141/1012/380 360/305/130
f 364/309/134 1145/1016/386 1144/1015/383 365/310/135
f 368/313/132 1148/1019/381 1147/1018/380 366/311/136
f 370/315/134 1151/1022/386 1150/1021/387 371/316/135
f 376/321/141 1154/1025/390 1153/1024/389 377/322/142
f 380/325/145 1157/1028/393 1156/1027/392 378/323/143
f 382/327/146 1160/1031/390 1159/1030/389 383/328/142
f 386/331/145 1163/1034/393 1162/1033/392 384/329/143
f 388/333/148 1166/1037/390 1165/1036/389 389/334/142
f 392/337/145 1169/1040/393 1168/1039/392 390/335/143
f 394/339/149 1172/1043/394 1171/1042/389 395/340/150
f 398/343/145 1175/1046/393 1174/1045/392 396/341/143
f 404/349/156 1178/1049/397 1177/1048/396 402/347/154
f 406/351/158 1181/1052/400 1180/1051/399 407/352/159
f 410/355/156 1184/1055/397 1183/1054/401 408/353/160
f 412/357/158 1187/1058/400 1186/1057/399 413/358/159
f 416/361/156 1190/1061/397 1189/1060/396 414/359/154
f 418/363/158 1193/1064/400 1192/1063/399 419/364/159
f 422/367/156 1196/1067/397 1195/1066/396 420/365/154
f 424/369/158 1199/1070/400 1198/1069/399 425/370/159
f 430/375/165 1202/1073/406 1201/1072/405 431/376/166
f 434/379/169 1205/1076/409 1204/1075/408 432/377/167
f 436/381/165 1208/1079/411 1207/1078/405 437/382/166
f 440/385/169 1211/1082/409 1210/1081/408 438/383/167
f 442/387/165 1214/1085/411 1213/1084/405 443/388/166
f 446/391/169 1217/1088/409 1216/1087/408 444/389/167
f 448/393/165 1220/1091/406 1219/1090/405 449/394/166
f 452/397/169 1223/1094/409 1222/1093/408 450/395/167
f 458/403/176 1226/1097/414 1225/1096/413 456/401/174
f 460/405/178 1229/1100/417 1228/1099/416 461/406/179
f 464/409/176 1232/1103/418 1231/1102/413 462/407/174
f 466/411/178 1235/1106/417 1234/1105/416 467/412/179
f 470/415/176 1238/1109/418 1237/1108/413 468/413/174
f 472/417/178 1241/1112/417 1240/1111/416 473/418/179
f 476/421/176 1244/1115/418 1243/1114/413 474/419/174
f 478/423/178 1247/1118/417 1246/1117/416 479/424/179
f 484/429/184 1250/1121/421 1249/1120/420 485/430/185
f 488/433/188 1253/1124/424 1252/1123/423 486/431/186
f 490/435/184 1256/1127/421 1255/1126/420 491/436/189
f 494/439/188 1259/1130/424 1258/1129/423 492/437/186
f 496/441/184 1262/1133/421 1261/1132/420 497/442/189
f 500/445/190 1265/1136/424 1264/1135/423 498/443/186
f 502/447/184 1268/1139/421 1267/1138/420 503/448/189
f 506/451/191 1271/1142/424 1270/1141/423 504/449/186
f 512/457/197 1274/1145/427 1273/1144/426 510/455/195
f 514/459/199 1277/1148/430 1276/1147/429 515/460/200
f 518/463/197 1280/1151/427 1279/1150/426 516/461/195
f 520/465/199 1283/1154/430 1282/1153/431 521/466/200
f 524/469/197 1286/1157/427 1285/1156/426 522/467/195
f 526/471/199 1289/1160/430 1288/1159/431 527/472/200
f 530/475/197 1292/1163/427 1291/1162/426 528/473/201
f 532/477/199 1295/1166/430 1294/1165/429 533/478/200
f 538/483/207 1298/1169/434 1297/1168/433 539/484/208
f 542/487/211 1301/1172/437 1300/1171/436 540/485/209
f 544/489/207 1304/1175/434 1303/1174/433 545/490/208
f 548/493/211 1307/1178/437 1306/1177/436 546/491/209
f 550/495/207 1310/1181/434 1309/1180/433 551/496/208
f 554/499/211 1313/1184/437 1312/1183/436 552/497/209
f 556/501/207 1316/1187/434 1315/1186/433 557/502/208
f 560/505/211 1319/1190/437 1318/1189/436 558/503/209
f 562/507/213 1322/1193/440 1321/1192/439 563/508/214
f 559/504/210 1325/1196/443 1324/1195/442 560/505/211
f 1025/898/349 1328/1199/440 1327/1198/439 1026/899/214
f 553/498/210 1331/1202/443 1330/1201/442 554/499/211
f 1015/892/213 1334/1205/440 1333/1204/439 1016/893/350
f 547/492/210 1337/1208/443 1336/1207/442 548/493/211
f 1005/886/349 1340/1211/440 1339/1210/439 1006/887/350
f 541/486/210 1343/1214/443 1342/1213/442 542/487/211
f 991/880/343 1346/1217/446 1345/1216/445 992/881/344
f 529/474/196 1349/1220/449 1348/1219/448 530/475/197
f 985/874/343 1352/1223/446 1351/1222/445 986/875/344
f 523/468/196 1355/1226/449 1354/1225/448 524/469/197
f 979/868/343 1358/1229/446 1357/1228/445 980/869/344
f 517/462/196 1361/1232/449 1360/1231/448 518/463/197
f 973/862/343 1364/1235/446 1363/1234/445 974/863/344
f 511/456/196 1367/1238/449 1366/1237/448 512/457/197
f 508/453/193 1370/1241/452 1369/1240/451 509/454/194
f 505/450/187 1373/1244/455 1372/1243/454 506/451/191
f 958/847/332 1376/1247/452 1375/1246/451 959/848/194
f 499/444/187 1379/1250/455 1378/1249/454 500/445/190
f 952/841/193 1382/1253/452 1381/1252/451 953/842/194
f 493/438/187 1385/1256/455 1384/1255/454 494/439/188
f 946/835/330 1388/1259/452 1387/1258/451 947/836/194
f 487/432/187 1391/1262/455 1390/1261/454 488/433/188
f 930/819/309 1394/1265/458 1393/1264/457 931/820/310
f 475/420/175 1397/1268/461 1396/1267/460 476/421/176
f 919/808/309 1400/1271/458 1399/1270/457 920/809/311
f 469/414/175 1403/1274/461 1402/1273/460 470/415/176
f 913/802/309 1406/1277/458 1405/1276/457 914/803/310
f 463/408/175 1409/1280/461 1408/1279/460 464/409/176
f 907/796/309 1412/1283/458 1411/1282/457 908/797/310
f 457/402/175 1415/1286/461 1414/1285/460 458/403/176
f 454/399/172 1418/1289/464 1417/1288/463 455/400/173
f 451/396/168 1421/1292/467 1420/1291/466 452/397/169
f 895/786/303 1424/1295/464 1423/1294/468 896/787/173
f 445/390/168 1427/1298/467 1426/1297/466 446/391/169
f 882/775/172 1430/1301/464 1429/1300/463 883/776/173
f 439/384/168 1433/1304/469 1432/1303/466 440/385/169
f 866/759/172 1436/1307/464 1435/1306/463 867/760/173
f 433/378/168 1439/1310/469 1438/1309/466 434/379/169
f 849/748/284 1442/1313/472 1441/1312/471 850/749/285
f 421/366/155 1445/1316/475 1444/1315/474 422/367/156
f 839/742/284 1448/1319/472 1447/1318/471 840/743/285
f 415/360/155 1451/1322/475 1450/1321/474 416/361/156
f 829/736/284 1454/1325/472 1453/1324/471 830/737/285
f 409/354/155 1457/1328/475 1456/1327/474 410/355/156
f 819/730/284 1460/1331/472 1459/1330/471 820/731/285
f 403/348/155 1463/1334/475 1462/1333/474 404/349/156
f 400/345/152 1466/1337/478 1465/1336/477 401/346/153
f 397/342/147 1469/1340/481 1468/1339/480 398/343/145
f 798/711/152 1472/1343/478 1471/1342/477 799/712/153
f 391/336/147 1475/1346/481 1474/1345/480 392/337/145
f 782/695/152 1478/1349/478 1477/1348/477 783/696/153
f 385/330/147 1481/1352/481 1480/1351/480 386/331/145
f 766/679/152 1484/1355/478 1483/1354/477 767/680/153
f 379/324/144 1487/1358/481 1486/1357/480 380/325/145
f 746/659/249 1490/1361/484 1489/1360/483 747/660/250
f 367/312/131 1493/1364/487 1492/1363/486 368/313/132
f 730/643/249 1496/1367/484 1495/1366/483 731/644/250
f 361/306/131 1499/1370/487 1498/1369/486 362/307/132
f 714/627/249 1502/1373/484 1501/1372/483 715/628/250
f 355/300/131 1505/1376/487 1504/1375/486 356/301/132
f 698/611/249 1508/1379/484 1507/1378/483 699/612/250
f 349/294/131 1511/1382/487 1510/1381/486 350/295/132
f 346/291/128 1514/1385/490 1513/1384/489 347/292/129
f 343/288/124 1517/1388/493 1516/1387/492 344/289/125
f 681/596/237 1520/1391/490 1519/1390/489 682/597/129
f 337/282/124 1523/1394/493 1522/1393/492 338/283/125
f 671/590/237 1526/1397/490 1525/1396/489 672/591/129
f 331/276/124 1529/1400/493 1528/1399/492 332/277/125
f 661/584/237 1532/1403/490 1531/1402/489 662/585/129
f 325/270/124 1535/1406/493 1534/1405/492 326/271/125
f 647/578/231 1538/1409/496 1537/1408/495 648/579/232
f 313/258/111 1541/1412/499 1540/1411/498 314/259/112
f 641/572/231 1544/1415/496 1543/1414/495 642/573/232
f 307/252/111 1547/1418/499 1546/1417/498 308/253/112
f 635/566/231 1550/1421/496 1549/1420/495 636/567/232
f 301/246/111 1553/1424/499 1552/1423/498 302/247/112
f 629/560/231 1556/1427/496 1555/1426/495 630/561/232
f 295/240/111 1559/1430/499 1558/1429/498 296/241/112
f 292/237/108 1562/1433/502 1561/1432/501 293/238/109
f 289/234/105 1565/1436/505 1564/1435/504 290/235/106
f 623/554/108 1568/1439/502 1567/1438/501 624/555/109
f 283/228/105 1571/1442/505 1570/1441/504 284/229/106
f 617/548/108 1574/1445/502 1573/1444/501 618/549/109
f 277/222/105 1577/1448/505 1576/1447/504 278/223/106
f 611/542/108 1580/1451/502 1579/1450/501 612/543/109
f 271/216/105 1583/1454/505 1582/1453/504 272/217/106
f 244/189/96 1586/1457/509 1585/1456/508 245/190/97
f 580/521/99 1589/1460/512 1588/1459/511 581/522/100
f 250/195/96 1592/1463/509 1591/1462/508 251/196/97
f 590/527/99 1595/1466/512 1594/1465/511 591/528/100
f 256/201/96 1598/1469/509 1597/1468/508 257/202/97
f 600/533/99 1601/1472/512 1600/1471/511 601/534/100
f 262/207/96 1604/1475/509 1603/1474/508 263/208/97
f 265/210/99 1607/1478/512 1606/1477/511 266/211/100
f 1610/1481/899 1033/904/353 1032/903/352 1608/1479/900
f 576/519/225 1612/1483/901 1611/1482/902 574/517/223
f 1619/1490/903 580/521/99 579/520/98 1617/1488/904
f 1037/908/357 1615/1486/905 1614/1485/906 1035/906/355
f 1622/1493/899 1039/910/353 1038/909/352 1620/1491/900
f 586/525/225 1624/1495/901 1623/1494/902 584/523/223
f 1631/1502/903 590/527/99 589/526/98 1629/1500/904
f 1043/914/357 1627/1498/905 1626/1497/906 1041/912/355
f 1634/1505/899 1045/916/353 1044/915/352 1632/1503/900
f 596/531/225 1636/1507/901 1635/1506/902 594/529/223
f 1643/1514/903 600/533/99 599/532/98 1641/1512/904
f 1049/920/357 1639/1510/905 1638/1509/906 1047/918/355
f 1646/1517/899 1051/922/353 1050/921/352 1644/1515/900
f 606/537/225 1648/1519/901 1647/1518/902 604/535/223
f 1655/1526/903 265/210/99 264/209/98 1653/1524/904
f 1055/926/357 1651/1522/905 1650/1521/906 1053/924/355
f 1661/1532/907 608/539/227 607/538/226 1659/1530/908
f 1058/929/360 1657/1528/909 1656/1527/910 1056/927/358
f 1664/1535/911 1060/931/362 1059/930/361 1662/1533/912
f 612/543/109 1666/1537/913 1665/1536/914 610/541/107
f 1673/1544/907 614/545/227 613/544/226 1671/1542/908
f 1064/935/360 1669/1540/909 1668/1539/910 1062/933/358
f 1676/1547/911 1066/937/362 1065/936/361 1674/1545/912
f 618/549/109 1678/1549/913 1677/1548/914 616/547/107
f 1685/1556/907 620/551/227 619/550/226 1683/1554/908
f 1070/941/360 1681/1552/915 1680/1551/910 1068/939/358
f 1688/1559/911 1072/943/362 1071/942/361 1686/1557/912
f 624/555/109 1690/1561/913 1689/1560/914 622/553/107
f 1697/1568/907 626/557/227 625/556/226 1695/1566/908
f 1076/947/360 1693/1564/909 1692/1563/910 1074/945/358
f 1700/1571/911 1078/949/362 1077/948/361 1698/1569/912
f 293/238/109 1702/1573/916 1701/1572/914 291/236/107
f 1706/1577/917 1081/952/365 1080/951/364 1704/1575/918
f 630/561/232 1708/1579/919 1707/1578/920 628/559/230
f 1715/1586/921 632/563/118 631/562/117 1713/1584/922
f 1085/956/369 1711/1582/923 1710/1581/924 1083/954/367
f 1718/1589/917 1087/958/371 1086/957/370 1716/1587/918
f 636/567/232 1720/1591/919 1719/1590/920 634/565/230
f 1727/1598/921 638/569/118 637/568/117 1725/1596/922
f 1091/962/369 1723/1594/923 1722/1593/924 1089/960/367
f 1730/1601/917 1093/964/365 1092/963/364 1728/1599/918
f 642/573/232 1732/1603/919 1731/1602/920 640/571/230
f 1739/1610/921 644/575/118 643/574/117 1737/1608/922
f 1097/968/369 1735/1606/925 1734/1605/924 1095/966/367
f 1742/1613/917 1099/970/365 1098/969/364 1740/1611/918
f 648/579/232 1744/1615/919 1743/1614/920 646/577/230
f 1751/1622/926 319/264/118 318/263/117 1749/1620/922
f 1103/974/369 1747/1618/923 1746/1617/924 1101/972/367
f 1757/1628/927 656/581/234 655/580/233 1755/1626/928
f 1106/977/374 1753/1624/929 1752/1623/930 1104/975/372
f 1760/1631/931 1108/979/376 1107/978/375 1758/1629/932
f 662/585/129 1762/1633/933 1761/1632/934 660/583/236
f 1769/1640/927 666/587/234 665/586/233 1767/1638/928
f 1112/983/374 1765/1636/929 1764/1635/930 1110/981/372
f 1772/1643/931 1114/985/376 1113/984/375 1770/1641/932
f 672/591/129 1774/1645/933 1773/1644/934 670/589/236
f 1781/1652/927 676/593/234 675/592/233 1779/1650/928
f 1118/989/374 1777/1648/929 1776/1647/930 1116/987/372
f 1784/1655/931 1120/991/378 1119/990/375 1782/1653/932
f 682/597/129 1786/1657/933 1785/1656/934 680/595/236
f 1793/1664/927 686/599/234 685/598/233 1791/1662/928
f 1124/995/374 1789/1660/929 1788/1659/930 1122/993/372
f 1796/1667/931 1126/997/376 1125/996/375 1794/1665/932
f 347/292/129 1798/1669/933 1797/1668/934 345/290/127
f 1802/1673/935 1129/1000/380 1128/999/379 1800/1671/936
f 699/612/250 1804/1675/937 1803/1674/938 697/610/248
f 1811/1682/939 706/619/138 705/618/137 1809/1680/940
f 1133/1004/384 1807/1678/941 1806/1677/942 1131/1002/382
f 1814/1685/935 1135/1006/380 1134/1005/379 1812/1683/936
f 715/628/250 1816/1687/937 1815/1686/938 713/626/256
f 1823/1694/939 722/635/138 721/634/137 1821/1692/940
f 1139/1010/386 1819/1690/941 1818/1689/942 1137/1008/385
f 1826/1697/935 1141/1012/380 1140/1011/379 1824/1695/936
f 731/644/250 1828/1699/937 1827/1698/938 729/642/248
f 1835/1706/939 738/651/138 737/650/137 1833/1704/940
f 1145/1016/386 1831/1702/941 1830/1701/942 1143/1014/385
f 1838/1709/935 1147/1018/380 1146/1017/379 1836/1707/936
f 747/660/250 1840/1711/937 1839/1710/938 745/658/256
f 1847/1718/939 373/318/138 372/317/137 1845/1716/940
f 1151/1022/386 1843/1714/941 1842/1713/942 1149/1020/385
f 1853/1724/943 758/671/267 757/670/266 1851/1722/944
f 1154/1025/390 1849/1720/945 1848/1719/946 1152/1023/388
f 1856/1727/947 1156/1027/392 1155/1026/391 1854/1725/948
f 767/680/153 1858/1729/949 1857/1728/950 765/678/151
f 1865/1736/943 774/687/267 773/686/266 1863/1734/944
f 1160/1031/390 1861/1732/945 1860/1731/946 1158/1029/388
f 1868/1739/947 1162/1033/392 1161/1032/391 1866/1737/948
f 783/696/153 1870/1741/949 1869/1740/950 781/694/151
f 1877/1748/943 790/703/267 789/702/266 1875/1746/944
f 1166/1037/390 1873/1744/951 1872/1743/946 1164/1035/388
f 1880/1751/947 1168/1039/392 1167/1038/391 1878/1749/948
f 799/712/153 1882/1753/949 1881/1752/950 797/710/151
f 1889/1760/943 806/719/267 805/718/274 1887/1758/944
f 1172/1043/394 1885/1756/945 1884/1755/946 1170/1041/388
f 1892/1763/947 1174/1045/392 1173/1044/391 1890/1761/948
f 401/346/153 1894/1765/949 1893/1764/950 399/344/151
f 1898/1769/952 1177/1048/396 1176/1047/395 1896/1767/953
f 820/731/285 1900/1771/954 1899/1770/955 818/729/283
f 1907/1778/956 824/733/162 823/732/286 1905/1776/957
f 1181/1052/400 1903/1774/958 1902/1773/959 1179/1050/398
f 1910/1781/952 1183/1054/401 1182/1053/395 1908/1779/953
f 830/737/285 1912/1783/954 1911/1782/955 828/735/283
f 1919/1790/956 834/739/162 833/738/161 1917/1788/957
f 1187/1058/400 1915/1786/958 1914/1785/959 1185/1056/402
f 1922/1793/952 1189/1060/396 1188/1059/403 1920/1791/953
f 840/743/285 1924/1795/954 1923/1794/955 838/741/283
f 1931/1802/956 844/745/162 843/744/161 1929/1800/957
f 1193/1064/400 1927/1798/958 1926/1797/959 1191/1062/402
f 1934/1805/952 1195/1066/396 1194/1065/395 1932/1803/953
f 850/749/285 1936/1807/954 1935/1806/955 848/747/283
f 1943/1814/956 427/372/162 426/371/161 1941/1812/957
f 1199/1070/400 1939/1810/958 1938/1809/959 1197/1068/402
f 1949/1820/960 858/751/288 857/750/287 1947/1818/961
f 1202/1073/406 1945/1816/962 1944/1815/963 1200/1071/404
f 1952/1823/964 1204/1075/408 1203/1074/407 1950/1821/965
f 867/760/173 1954/1825/966 1953/1824/967 865/758/295
f 1961/1832/960 874/767/288 873/766/287 1959/1830/961
f 1208/1079/411 1957/1828/968 1956/1827/969 1206/1077/410
f 1964/1835/964 1210/1081/408 1209/1080/407 1962/1833/965
f 883/776/173 1966/1837/966 1965/1836/967 881/774/301
f 1973/1844/960 890/783/302 889/782/287 1971/1842/961
f 1214/1085/411 1969/1840/962 1968/1839/963 1212/1083/404
f 1976/1847/964 1216/1087/408 1215/1086/407 1974/1845/965
f 896/787/173 1978/1849/966 1977/1848/967 894/785/295
f 1985/1856/960 900/789/288 899/788/287 1983/1854/961
f 1220/1091/406 1981/1852/962 1980/1851/963 1218/1089/404
f 1988/1859/964 1222/1093/408 1221/1092/407 1986/1857/965
f 455/400/173 1990/1861/966 1989/1860/967 453/398/171
f 1994/1865/970 1225/1096/413 1224/1095/412 1992/1863/971
f 908/797/310 1996/1867/972 1995/1866/973 906/795/308
f 2003/1874/974 910/799/181 909/798/180 2001/1872/975
f 1229/1100/417 1999/1870/976 1998/1869/977 1227/1098/415
f 2006/1877/970 1231/1102/413 1230/1101/412 2004/1875/971
f 914/803/310 2008/1879/972 2007/1878/973 912/801/308
f 2015/1886/978 916/805/181 915/804/180 2013/1884/975
f 1235/1106/417 2011/1882/976 2010/1881/979 1233/1104/415
f 2018/1889/970 1237/1108/413 1236/1107/412 2016/1887/971
f 920/809/311 2020/1891/972 2019/1890/973 918/807/308
f 2027/1898/974 922/811/181 921/810/180 2025/1896/975
f 1241/1112/417 2023/1894/976 2022/1893/977 1239/1110/415
f 2030/1901/970 1243/1114/413 1242/1113/412 2028/1899/971
f 931/820/310 2032/1903/972 2031/1902/973 929/818/308
f 2039/1910/978 481/426/181 480/425/180 2037/1908/975
f 1247/1118/417 2035/1906/976 2034/1905/977 1245/1116/415
f 2045/1916/980 938/827/323 937/826/322 2043/1914/981
f 1250/1121/421 2041/1912/982 2040/1911/983 1248/1119/419
f 2048/1919/984 1252/1123/423 1251/1122/422 2046/1917/985
f 947/836/194 2050/1921/986 2049/1920/987 945/834/192
f 2057/1928/980 949/838/323 948/837/322 2055/1926/981
f 1256/1127/421 2053/1924/982 2052/1923/983 1254/1125/419
f 2060/1931/984 1258/1129/423 1257/1128/422 2058/1929/988
f 953/842/194 2062/1933/986 2061/1932/987 951/840/192
f 2069/1940/980 955/844/323 954/843/322 2067/1938/981
f 1262/1133/421 2065/1936/982 2064/1935/983 1260/1131/419
f 2072/1943/984 1264/1135/423 1263/1134/422 2070/1941/988
f 959/848/194 2074/1945/986 2073/1944/987 957/846/192
f 2081/1952/980 961/850/323 960/849/322 2079/1950/981
f 1268/1139/421 2077/1948/982 2076/1947/983 1266/1137/419
f 2084/1955/984 1270/1141/423 1269/1140/422 2082/1953/985
f 509/454/194 2086/1957/986 2085/1956/987 507/452/192
f 2090/1961/989 1273/1144/426 1272/1143/425 2088/1959/990
f 974/863/344 2092/1963/991 2091/1962/992 972/861/342
f 2099/1970/993 976/865/204 975/864/203 2097/1968/994
f 1277/1148/430 2095/1966/995 2094/1965/996 1275/1146/428
f 2102/1973/989 1279/1150/426 1278/1149/425 2100/1971/990
f 980/869/344 2104/1975/991 2103/1974/992 978/867/342
f 2111/1982/993 982/871/204 981/870/203 2109/1980/994
f 1283/1154/430 2107/1978/995 2106/1977/996 1281/1152/428
f 2114/1985/989 1285/1156/426 1284/1155/425 2112/1983/990
f 986/875/344 2116/1987/991 2115/1986/992 984/873/342
f 2123/1994/993 988/877/204 987/876/203 2121/1992/994
f 1289/1160/430 2119/1990/995 2118/1989/996 1287/1158/428
f 2126/1997/989 1291/1162/426 1290/1161/425 2124/1995/990
f 992/881/344 2128/1999/997 2127/1998/992 990/879/342
f 2135/2006/993 535/480/204 534/479/203 2133/2004/994
f 1295/1166/430 2131/2002/995 2130/2001/996 1293/1164/428
f 2141/2012/998 1000/883/347 999/882/346 2139/2010/999
f 1298/1169/434 2137/2008/1000 2136/2007/1001 1296/1167/432
f 2144/2015/1002 1300/1171/436 1299/1170/435 2142/2013/1003
f 1006/887/350 2146/2017/1004 2145/2016/1005 1004/885/212
f 2153/2024/1006 1010/889/347 1009/888/351 2151/2022/999
f 1304/1175/434 2149/2020/1000 2148/2019/1001 1302/1173/432
f 2156/2027/1002 1306/1177/436 1305/1176/435 2154/2025/1003
f 1016/893/350 2158/2029/1004 2157/2028/1005 1014/891/212
f 2165/2036/998 1020/895/347 1019/894/351 2163/2034/999
f 1310/1181/434 2161/2032/1000 2160/2031/1001 1308/1179/432
f 2168/2039/1002 1312/1183/436 1311/1182/435 2166/2037/1003
f 1026/899/214 2170/2041/1004 2169/2040/1005 1024/897/212
f 2177/2048/998 1030/901/347 1029/900/351 2175/2046/999
f 1316/1187/434 2173/2044/1000 2172/2043/1001 1314/1185/432
f 2180/2051/1002 1318/1189/436 1317/1188/435 2178/2049/1003
f 563/508/214 2182/2053/1004 2181/2052/1005 561/506/212
f 2186/2057/1007 1321/1192/439 1320/1191/438 2184/2055/1008
f 242/187/94 2188/2059/1009 2187/2058/1010 240/185/92
f 1325/1196/443 2191/2062/1011 2190/2061/1012 1323/1194/441
f 2195/2066/1007 1327/1198/439 1326/1197/438 2193/2064/1008
f 248/193/94 2197/2068/1009 2196/2067/1010 246/191/92
f 1331/1202/443 2200/2071/1011 2199/2070/1012 1329/1200/441
f 2204/2075/1007 1333/1204/439 1332/1203/438 2202/2073/1008
f 254/199/94 2206/2077/1009 2205/2076/1010 252/197/92
f 1337/1208/443 2209/2080/1011 2208/2079/1012 1335/1206/441
f 2213/2084/1007 1339/1210/439 1338/1209/438 2211/2082/1008
f 260/205/94 2215/2086/1009 2214/2085/1010 258/203/92
f 1343/1214/443 2218/2089/1011 2217/2088/1012 1341/1212/441
f 2222/2093/1013 1345/1216/445 1344/1215/444 2220/2091/1014
f 2228/2099/1015 556/501/207 555/500/206 2226/2097/1016
f 1349/1220/449 2224/2095/1017 2223/2094/1018 1347/1218/447
f 2231/2102/1013 1351/1222/445 1350/1221/444 2229/2100/1014
f 2237/2108/1015 550/495/207 549/494/206 2235/2106/1019
f 1355/1226/449 2233/2104/1017 2232/2103/1018 1353/1224/447
f 2240/2111/1013 1357/1228/445 1356/1227/444 2238/2109/1014
f 2246/2117/1015 544/489/207 543/488/206 2244/2115/1019
f 1361/1232/449 2242/2113/1017 2241/2112/1018 1359/1230/447
f 2249/2120/1013 1363/1234/445 1362/1233/444 2247/2118/1014
f 2255/2126/1015 538/483/207 537/482/206 2253/2124/1019
f 1367/1238/449 2251/2122/1017 2250/2121/1018 1365/1236/447
f 2258/2129/1020 1369/1240/451 1368/1239/450 2256/2127/1021
f 2264/2135/1022 532/477/199 531/476/202 2262/2133/1023
f 1373/1244/455 2260/2131/1024 2259/2130/1025 1371/1242/453
f 2267/2138/1020 1375/1246/451 1374/1245/450 2265/2136/1021
f 2273/2144/1022 526/471/199 525/470/198 2271/2142/1023
f 1379/1250/455 2269/2140/1024 2268/2139/1025 1377/1248/453
f 2276/2147/1020 1381/1252/451 1380/1251/450 2274/2145/1021
f 2282/2153/1022 520/465/199 519/464/198 2280/2151/1023
f 1385/1256/455 2278/2149/1024 2277/2148/1025 1383/1254/453
f 2285/2156/1020 1387/1258/451 1386/1257/450 2283/2154/1021
f 2291/2162/1022 514/459/199 513/458/198 2289/2160/1023
f 1391/1262/455 2287/2158/1024 2286/2157/1025 1389/1260/453
f 2294/2165/1026 1393/1264/457 1392/1263/456 2292/2163/1027
f 2300/2171/1028 502/447/184 501/446/183 2298/2169/1029
f 1397/1268/461 2296/2167/1030 2295/2166/1031 1395/1266/459
f 2303/2174/1026 1399/1270/457 1398/1269/456 2301/2172/1027
f 2309/2180/1028 496/441/184 495/440/183 2307/2178/1029
f 1403/1274/461 2305/2176/1030 2304/2175/1031 1401/1272/459
f 2312/2183/1026 1405/1276/457 1404/1275/456 2310/2181/1027
f 2318/2189/1028 490/435/184 489/434/183 2316/2187/1029
f 1409/1280/461 2314/2185/1030 2313/2184/1031 1407/1278/459
f 2321/2192/1026 1411/1282/457 1410/1281/456 2319/2190/1027
f 2327/2198/1028 484/429/184 483/428/183 2325/2196/1029
f 1415/1286/461 2323/2194/1030 2322/2193/1031 1413/1284/459
f 2330/2201/1032 1417/1288/463 1416/1287/462 2328/2199/1033
f 2336/2207/1034 478/423/178 477/422/177 2334/2205/1035
f 1421/1292/467 2332/2203/1036 2331/2202/1037 1419/1290/465
f 2339/2210/1032 1423/1294/468 1422/1293/462 2337/2208/1033
f 2345/2216/1034 472/417/178 471/416/177 2343/2214/1035
f 1427/1298/467 2341/2212/1036 2340/2211/1037 1425/1296/465
f 2348/2219/1032 1429/1300/463 1428/1299/462 2346/2217/1033
f 2354/2225/1034 466/411/178 465/410/177 2352/2223/1035
f 1433/1304/469 2350/2221/1036 2349/2220/1037 1431/1302/465
f 2357/2228/1032 1435/1306/463 1434/1305/462 2355/2226/1033
f 2363/2234/1034 460/405/178 459/404/177 2361/2232/1035
f 1439/1310/469 2359/2230/1036 2358/2229/1037 1437/1308/465
f 2366/2237/1038 1441/1312/471 1440/1311/470 2364/2235/1039
f 2372/2243/1040 448/393/165 447/392/164 2370/2241/1041
f 1445/1316/475 2368/2239/1042 2367/2238/1043 1443/1314/473
f 2375/2246/1038 1447/1318/471 1446/1317/470 2373/2244/1039
f 2381/2252/1040 442/387/165 441/386/170 2379/2250/1041
f 1451/1322/475 2377/2248/1042 2376/2247/1043 1449/1320/473
f 2384/2255/1038 1453/1324/471 1452/1323/470 2382/2253/1039
f 2390/2261/1040 436/381/165 435/380/164 2388/2259/1041
f 1457/1328/475 2386/2257/1042 2385/2256/1043 1455/1326/473
f 2393/2264/1038 1459/1330/471 1458/1329/470 2391/2262/1039
f 2399/2270/1040 430/375/165 429/374/164 2397/2268/1041
f 1463/1334/475 2395/2266/1042 2394/2265/1043 1461/1332/473
f 2402/2273/1044 1465/1336/477 1464/1335/476 2400/2271/1045
f 2408/2279/1046 424/369/158 423/368/157 2406/2277/1047
f 1469/1340/481 2404/2275/1048 2403/2274/1049 1467/1338/479
f 2411/2282/1044 1471/1342/477 1470/1341/476 2409/2280/1045
f 2417/2288/1046 418/363/158 417/362/157 2415/2286/1047
f 1475/1346/481 2413/2284/1048 2412/2283/1049 1473/1344/479
f 2420/2291/1044 1477/1348/477 1476/1347/476 2418/2289/1045
f 2426/2297/1046 412/357/158 411/356/157 2424/2295/1047
f 1481/1352/481 2422/2293/1048 2421/2292/1049 1479/1350/479
f 2429/2300/1044 1483/1354/477 1482/1353/476 2427/2298/1045
f 2435/2306/1046 406/351/158 405/350/157 2433/2304/1047
f 1487/1358/481 2431/2302/1048 2430/2301/1049 1485/1356/479
f 2438/2309/1050 1489/1360/483 1488/1359/482 2436/2307/1051
f 2444/2315/1052 394/339/149 393/338/140 2442/2313/1053
f 1493/1364/487 2440/2311/1054 2439/2310/1055 1491/1362/485
f 2447/2318/1050 1495/1366/483 1494/1365/482 2445/2316/1051
f 2453/2324/1052 388/333/148 387/332/140 2451/2322/1053
f 1499/1370/487 2449/2320/1054 2448/2319/1055 1497/1368/485
f 2456/2327/1050 1501/1372/483 1500/1371/482 2454/2325/1051
f 2462/2333/1052 382/327/146 381/326/140 2460/2331/1056
f 1505/1376/487 2458/2329/1054 2457/2328/1055 1503/1374/485
f 2465/2336/1050 1507/1378/483 1506/1377/482 2463/2334/1051
f 2471/2342/1052 376/321/141 375/320/140 2469/2340/1053
f 1511/1382/487 2467/2338/1054 2466/2337/1055 1509/1380/485
f 2474/2345/1057 1513/1384/489 1512/1383/488 2472/2343/1058
f 2480/2351/1059 370/315/134 369/314/133 2478/2349/1060
f 1517/1388/493 2476/2347/1061 2475/2346/1062 1515/1386/491
f 2483/2354/1057 1519/1390/489 1518/1389/488 2481/2352/1058
f 2489/2360/1059 364/309/134 363/308/133 2487/2358/1060
f 1523/1394/493 2485/2356/1061 2484/2355/1062 1521/1392/491
f 2492/2363/1057 1525/1396/489 1524/1395/488 2490/2361/1058
f 2498/2369/1059 358/303/134 357/302/133 2496/2367/1060
f 1529/1400/493 2494/2365/1061 2493/2364/1062 1527/1398/491
f 2501/2372/1057 1531/1402/489 1530/1401/488 2499/2370/1058
f 2507/2378/1059 352/297/134 351/296/133 2505/2376/1060
f 1535/1406/493 2503/2374/1061 2502/2373/1062 1533/1404/491
f 2510/2381/1063 1537/1408/495 1536/1407/494 2508/2379/1064
f 2516/2387/1065 340/285/121 339/284/120 2514/2385/1066
f 1541/1412/499 2512/2383/1067 2511/2382/1068 1539/1410/497
f 2519/2390/1063 1543/1414/495 1542/1413/494 2517/2388/1064
f 2525/2396/1065 334/279/121 333/278/120 2523/2394/1066
f 1547/1418/499 2521/2392/1067 2520/2391/1068 1545/1416/497
f 2528/2399/1063 1549/1420/495 1548/1419/494 2526/2397/1064
f 2534/2405/1065 328/273/121 327/272/120 2532/2403/1066
f 1553/1424/499 2530/2401/1067 2529/2400/1068 1551/1422/497
f 2537/2408/1063 1555/1426/495 1554/1425/494 2535/2406/1064
f 2543/2414/1065 322/267/121 321/266/120 2541/2412/1066
f 1559/1430/499 2539/2410/1067 2538/2409/1068 1557/1428/497
f 2546/2417/1069 1561/1432/501 1560/1431/500 2544/2415/1070
f 2552/2423/1071 316/261/114 315/260/113 2550/2421/1072
f 1565/1436/505 2548/2419/1073 2547/2418/1074 1563/1434/503
f 2555/2426/1069 1567/1438/501 1566/1437/500 2553/2424/1070
f 2561/2432/1071 310/255/114 309/254/113 2559/2430/1072
f 1571/1442/505 2557/2428/1073 2556/2427/1074 1569/1440/506
f 2564/2435/1069 1573/1444/501 1572/1443/500 2562/2433/1070
f 2570/2441/1071 304/249/116 303/248/113 2568/2439/1072
f 1577/1448/505 2566/2437/1073 2565/2436/1074 1575/1446/506
f 2573/2444/1069 1579/1450/501 1578/1449/500 2571/2442/1070
f 2579/2450/1071 298/243/114 297/242/113 2577/2448/1072
f 1583/1454/505 2575/2446/1073 2574/2445/1074 1581/1452/506
f 2582/2453/1075 1585/1456/508 1584/1455/507 2580/2451/1076
f 2588/2459/1077 286/231/102 285/230/101 2586/2457/1078
f 1589/1460/512 2584/2455/1079 2583/2454/1080 1587/1458/510
f 2591/2462/1075 1591/1462/508 1590/1461/507 2589/2460/1076
f 2597/2468/1077 280/225/102 279/224/101 2595/2466/1078
f 1595/1466/512 2593/2464/1079 2592/2463/1080 1593/1464/510
f 2600/2471/1075 1597/1468/508 1596/1467/507 2598/2469/1076
f 2606/2477/1077 274/219/102 273/218/101 2604/2475/1078
f 1601/1472/512 2602/2473/1079 2601/2472/1080 1599/1470/510
f 2609/2480/1075 1603/1474/508 1602/1473/507 2607/2478/1076
f 2615/2486/1077 268/213/102 267/212/101 2613/2484/1078
f 1607/1478/512 2611/2482/1079 2610/2481/1080 1605/1476/510
f 245/190/97 2617/2488/1081 2616/2487/1082 243/188/95
f 251/196/97 2620/2491/1081 2619/2490/1082 249/194/95
f 257/202/97 2623/2494/1081 2622/2493/1082 255/200/95
f 263/208/97 2626/2497/1081 2625/2496/1082 261/206/95
f 2630/2501/1083 271/216/105 270/215/104 2628/2499/1084
f 2633/2504/1083 277/222/105 276/221/104 2631/2502/1084
f 2636/2507/1083 283/228/105 282/227/104 2634/2505/1084
f 2639/2510/1083 289/234/105 288/233/104 2637/2508/1084
f 2642/2513/1085 295/240/111 294/239/110 2640/2511/1086
f 2645/2516/1085 301/246/111 300/245/110 2643/2514/1086
f 2648/2519/1085 307/252/111 306/251/110 2646/2517/1086
f 2651/2522/1085 313/258/111 312/257/110 2649/2520/1086
f 2654/2525/1087 325/270/124 324/269/123 2652/2523/1088
f 2657/2528/1087 331/276/124 330/275/126 2655/2526/1088
f 2660/2531/1087 337/282/124 336/281/123 2658/2529/1088
f 2663/2534/1087 343/288/124 342/287/126 2661/2532/1088
f 2666/2537/1089 349/294/131 348/293/130 2664/2535/1090
f 2669/2540/1089 355/300/131 354/299/130 2667/2538/1090
f 2672/2543/1089 361/306/131 360/305/130 2670/2541/1090
f 2675/2546/1089 367/312/131 366/311/136 2673/2544/1090
f 2678/2549/1091 379/324/144 378/323/143 2676/2547/1092
f 2681/2552/1091 385/330/147 384/329/143 2679/2550/1092
f 2684/2555/1091 391/336/147 390/335/143 2682/2553/1092
f 2687/2558/1091 397/342/147 396/341/143 2685/2556/1092
f 2690/2561/1093 403/348/155 402/347/154 2688/2559/1094
f 2693/2564/1093 409/354/155 408/353/160 2691/2562/1094
f 2696/2567/1093 415/360/155 414/359/154 2694/2565/1094
f 2699/2570/1093 421/366/155 420/365/154 2697/2568/1094
f 2702/2573/1095 433/378/168 432/377/167 2700/2571/1096
f 2705/2576/1097 439/384/168 438/383/167 2703/2574/1096
f 2708/2579/1097 445/390/168 444/389/167 2706/2577/1096
f 2711/2582/1095 451/396/168 450/395/167 2709/2580/1096
f 2714/2585/1098 457/402/175 456/401/174 2712/2583/1099
f 2717/2588/1098 463/408/175 462/407/174 2715/2586/1099
f 2720/2591/1098 469/414/175 468/413/174 2718/2589/1099
f 2723/2594/1098 475/420/175 474/419/174 2721/2592/1099
f 2726/2597/1100 487/432/187 486/431/186 2724/2595/1101
f 2729/2600/1100 493/438/187 492/437/186 2727/2598/1101
f 2732/2603/1100 499/444/187 498/443/186 2730/2601/1101
f 2735/2606/1100 505/450/187 504/449/186 2733/2604/1101
f 2738/2609/1102 511/456/196 510/455/195 2736/2607/1103
f 2741/2612/1104 517/462/196 516/461/195 2739/2610/1103
f 2744/2615/1104 523/468/196 522/467/195 2742/2613/1103
f 2747/2618/1102 529/474/196 528/473/201 2745/2616/1103
f 2750/2621/1105 541/486/210 540/485/209 2748/2619/1106
f 2753/2624/1105 547/492/210 546/491/209 2751/2622/1106
f 2756/2627/1105 553/498/210 552/497/209 2754/2625/1106
f 2759/2630/1105 559/504/210 558/503/209 2757/2628/1106
f 2761/2851/1107 2762/2852/873 2763/2853/873 2760/2854/1107
f 2765/2855/872 2766/2856/1108 2767/2857/1108 2764/2858/872
f 2762/2852/873 2768/2859/876 2769/2860/876 2763/2853/873
f 2771/2861/875 2765/2855/872 2764/2858/872 2770/2862/875
f 2768/2859/876 2773/2632/77 2772/2631/79 2769/2860/876
f 2777/2863/76 2771/2861/875 2770/2862/875 2775/2864/74
f 2773/2865/77 2778/2866/880 2779/2867/880 2774/2868/78
f 2781/2869/879 2777/2870/76 2776/2871/75 2780/2872/879
f 2778/2866/880 2782/2873/882 2783/2874/882 2779/2867/880
f 2785/2875/881 2781/2869/879 2780/2872/879 2784/2876/881
f 2782/2873/882 2786/2877/1109 2787/2878/1109 2783/2874/882
f 2789/2879/1110 2785/2875/881 2784/2876/881 2788/2880/1110
f 2786/2877/1109 2791/2638/83 2790/2637/85 2787/2878/1109
f 2795/2881/82 2789/2879/1110 2788/2880/1110 2793/2882/80
f 2791/2638/83 2796/2883/1111 2797/2884/1111 2792/2639/84
f 2799/2885/1112 2795/2881/82 2794/2886/81 2798/2887/1112
f 2796/2883/1111 2800/2888/1113 2801/2889/1113 2797/2884/1111
f 2803/2890/1114 2799/2885/1112 2798/2887/1112 2802/2891/1114
f 2800/2888/1113 2804/2892/892 2805/2893/892 2801/2889/1113
f 2807/2894/891 2803/2890/1114 2802/2891/1114 2806/2895/891
f 2804/2892/892 2809/2644/89 2808/2643/91 2805/2893/892
f 2813/2896/88 2807/2894/891 2806/2895/891 2811/2897/86
f 2809/2644/89 2761/2851/1107 2760/2854/1107 2810/2645/90
f 2766/2856/1108 2813/2896/88 2812/2898/87 2767/2857/1108
f 2815/2899/1108 2816/2900/872 2817/2901/872 2814/2902/1108
f 2819/2903/873 2820/2904/1107 2821/2905/1107 2818/2906/873
f 2816/2900/872 2822/2907/875 2823/2908/875 2817/2901/872
f 2826/2651/827 2819/2903/873 2818/2906/873 2824/2649/825
f 2822/2907/875 2828/2653/829 2827/2652/828 2823/2908/875
f 2832/2909/833 2826/2651/827 2825/2650/826 2830/2910/831
f 2828/2911/829 2834/2659/835 2833/2658/834 2829/2912/830
f 2838/2663/839 2832/2657/833 2831/2656/832 2836/2661/837
f 2834/2659/835 2839/2913/881 2840/2914/881 2835/2660/836
f 2842/2915/882 2838/2663/839 2837/2662/838 2841/2916/882
f 2839/2913/881 2843/2917/1110 2844/2918/1110 2840/2914/881
f 2846/2919/1109 2842/2915/882 2841/2916/882 2845/2920/1109
f 2843/2917/1110 2847/2921/1115 2848/2922/1115 2844/2918/1110
f 2850/2923/1116 2846/2919/1109 2845/2920/1109 2849/2924/1116
f 2847/2921/1115 2852/2665/841 2851/2664/840 2848/2922/1115
f 2856/2669/845 2850/2923/1116 2849/2924/1116 2854/2667/843
f 2852/2665/841 2857/2925/889 2858/2926/889 2853/2666/842
f 2860/2927/1117 2856/2669/845 2855/2668/844 2859/2928/1117
f 2857/2925/889 2861/2670/846 2863/2672/848 2858/2926/889
f 2866/2675/851 2860/2927/1117 2859/2928/1117 2864/2673/849
f 2861/2670/846 2867/2929/1118 2868/2930/1118 2862/2671/847
f 2870/2931/1119 2866/2675/851 2865/2674/850 2869/2932/1119
f 2867/2929/1118 2815/2899/1108 2814/2902/1108 2868/2930/1118
f 2820/2904/1107 2870/2931/1119 2869/2932/1119 2821/2905/1107
f 2872/2933/1107 2873/2934/873 2874/2935/873 2871/2936/1107
f 2876/2937/872 2877/2938/1108 2878/2939/1108 2875/2940/872
f 2873/2934/873 2879/2941/876 2880/2942/876 2874/2935/873
f 2883/2678/854 2876/2937/872 2875/2940/872 2881/2676/852
f 2879/2941/876 2884/2943/855 2886/2944/833 2880/2942/876
f 2887/2682/857 2882/2677/853 2881/2676/852 2888/2683/829
f 2885/2680/856 2890/2685/837 2892/2687/839 2886/2681/833
f 2893/2688/834 2889/2945/858 2888/2946/829 2894/2689/835
f 2891/2686/838 2896/2947/882 2897/2948/882 2892/2687/839
f 2899/2949/881 2895/2690/836 2894/2689/835 2898/2950/881
f 2896/2947/882 2900/2951/1109 2901/2952/1109 2897/2948/882
f 2903/2953/1110 2899/2949/881 2898/2950/881 2902/2954/1110
f 2900/2951/1109 2904/2955/1116 2905/2956/1116 2901/2952/1109
f 2907/2957/1115 2903/2953/1110 2902/2954/1110 2906/2958/1115
f 2904/2955/1116 2908/2691/843 2910/2693/845 2905/2956/1116
f 2913/2696/840 2907/2957/1115 2906/2958/1115 2911/2694/841
f 2909/2692/844 2914/2959/1117 2915/2960/1117 2910/2693/845
f 2917/2961/1120 2912/2695/842 2911/2694/841 2916/2962/1120
f 2914/2959/1117 2918/2697/849 2920/2699/851 2915/2960/1117
f 2921/2700/848 2917/2961/1120 2916/2962/1120 2922/2701/846
f 2919/2698/850 2924/2963/1119 2925/2964/1119 2920/2699/851
f 2927/2965/1121 2923/2702/847 2922/2701/846 2926/2966/1121
f 2924/2963/1119 2872/2933/1107 2871/2936/1107 2925/2964/1119
f 2877/2938/1108 2927/2965/1121 2926/2966/1121 2878/2939/1108
f 2890/2685/1122 2833/2658/1122 2835/2660/1123 2891/2686/1123
f 2862/2671/1124 2919/2698/1124 2918/2697/1125 2863/2672/1125
f 2836/2661/1122 2893/2688/1122 2895/2690/1123 2837/2662/1123
f 2923/2702/1124 2865/2674/1124 2864/2673/1125 2921/2700/1125
f 2829/2912/877 2885/2680/877 2884/2679/878 2827/2967/878
f 2853/2666/1126 2909/2692/1126 2908/2691/1127 2851/2664/1127
f 2824/2649/1128 2883/2678/1128 2882/2677/1129 2825/2650/1129
f 2889/2945/877 2831/2656/877 2830/2655/878 2887/2968/878
f 2912/2695/1126 2855/2668/1126 2854/2667/1127 2913/2696/1127
f 2929/2969/1107 2930/2970/873 2931/2971/873 2928/2972/1107
f 2933/2973/872 2934/2974/1108 2935/2972/1108 2932/2971/872
f 2930/2970/873 2936/2975/876 2937/2976/876 2931/2971/873
f 2939/2977/875 2933/2973/872 2932/2971/872 2938/2978/875
f 2936/2975/876 2940/2979/855 2942/2980/833 2937/2976/876
f 2943/2706/857 2939/2977/875 2938/2978/875 2944/2707/829
f 2941/2704/856 2946/2981/880 2947/2982/880 2942/2705/833
f 2949/2983/879 2945/2984/858 2944/2985/829 2948/2986/879
f 2946/2981/880 2950/2987/882 2951/2988/882 2947/2982/880
f 2953/2989/881 2949/2983/879 2948/2986/879 2952/2988/881
f 2950/2987/882 2954/2990/1109 2955/2991/1109 2951/2988/882
f 2957/2992/1110 2953/2989/881 2952/2988/881 2956/2991/1110
f 2954/2990/1109 2958/2709/859 2960/2711/861 2955/2991/1109
f 2961/2712/862 2957/2992/1110 2956/2991/1110 2962/2711/863
f 2959/2710/860 2964/2993/1111 2965/2994/1111 2960/2711/861
f 2967/2995/1112 2963/2713/864 2962/2711/863 2966/2996/1112
f 2964/2993/1111 2968/2997/1117 2969/2998/1117 2965/2994/1111
f 2971/2999/1120 2967/2995/1112 2966/2996/1112 2970/2998/1120
f 2968/2997/1117 2972/3000/892 2973/3001/892 2969/2998/1117
f 2975/3002/891 2971/2999/1120 2970/2998/1120 2974/3003/891
f 2972/3000/892 2976/2714/865 2978/2716/867 2973/3001/892
f 2979/2717/868 2975/3002/891 2974/3003/891 2980/2718/869
f 2977/2715/866 2929/2969/1107 2928/2972/1107 2978/2716/867
f 2934/2974/1108 2981/2719/870 2980/2718/869 2935/2972/1108
f 2774/2868/877 2941/2704/877 2940/2703/878 2772/3004/878
f 2792/2639/885 2959/2710/885 2958/2709/886 2790/2637/886
f 2945/2984/877 2776/2635/877 2775/2634/878 2943/3005/878
f 2810/2645/893 2977/2715/893 2976/2714/894 2808/2643/894
f 2963/2713/885 2794/2641/885 2793/2640/886 2961/2712/886
f 2981/2719/893 2812/2647/893 2811/2646/894 2979/2717/894
f 186/3006/1130 191/3007/1130 2816/2900/1130 2815/2899/1130
f 235/180/893 996/2765/893 567/512/218 566/511/217 187/2720/1131
f 187/2720/1132 566/511/217 565/510/216 98/3008/72 190/2721/72
f 236/3009/1130 186/3006/1130 2815/2899/1130 2867/2929/1130
f 192/3010/1133 189/3011/1133 2820/2904/1133 2819/2903/1133
f 571/516/222 570/515/221 188/2725/1132 193/2724/72 97/164/72
f 993/2835/893 238/183/893 188/2725/1131 570/515/221 569/514/220
f 189/3011/1133 237/3012/1133 2870/2931/1133 2820/2904/1133
f 190/2721/72 98/3008/72 107/3013/73 194/2728/73
f 191/3007/1130 195/3014/1130 2822/2907/1130 2816/2900/1130
f 97/164/72 193/2724/72 197/2730/73 106/165/73
f 196/3015/1133 192/3010/1133 2819/2903/1133 2826/2651/1133
f 194/2728/73 107/3013/73 651/3016/878 198/167/878
f 195/3014/1130 200/3017/1130 2828/2653/1130 2822/2907/1130
f 106/165/73 197/2730/73 203/2732/878 650/2786/878
f 201/3018/1133 196/3015/1133 2826/2651/1133 2832/2909/1133
f 199/2735/877 652/2734/877 115/3019/1134 204/2738/1134
f 200/3020/1130 205/3021/1130 2834/2659/1130 2828/2911/1130
f 649/2781/877 202/171/877 207/2741/1134 690/603/241 689/602/240
f 206/3022/1133 201/3023/1133 2832/2657/1133 2838/2663/1133
f 204/2738/1134 115/3019/1134 116/3024/1135 208/2743/1135
f 205/3021/1130 209/3025/1130 2839/2913/1130 2834/2659/1130
f 691/604/242 690/603/241 207/2741/1134 211/2745/1136 751/664/260 750/663/259
f 210/3026/1133 206/3022/1133 2838/2663/1133 2842/2915/1133
f 208/2743/1135 116/3024/1135 815/728/282 814/727/281 212/2747/1137
f 209/3025/1130 213/3027/1130 2843/2917/1130 2839/2913/1130
f 748/661/257 751/664/260 211/2745/1138 215/2749/1137 810/723/277 809/722/276
f 214/3028/1133 210/3026/1133 2842/2915/1133 2846/2919/1133
f 212/2747/1137 814/727/281 813/726/280 853/2752/886 216/173/886
f 213/3027/1130 218/3029/1130 2847/2921/1130 2843/2917/1130
f 811/724/278 810/723/277 215/2749/1137 221/178/886 852/2828/886
f 219/3030/1133 214/3028/1133 2846/2919/1133 2850/2923/1133
f 217/174/885 854/2751/885 905/794/307 904/793/306 222/2753/71
f 218/3029/1130 223/3031/1130 2852/2665/1130 2847/2921/1130
f 851/2827/885 220/177/885 225/2755/71 117/3032/71
f 224/3033/1133 219/3030/1133 2850/2923/1133 2856/2669/1133
f 222/2753/71 904/793/306 903/792/305 125/3034/69 226/2757/69
f 223/3031/1130 227/3035/1130 2857/2925/1130 2852/2665/1130
f 117/3032/71 225/2755/71 229/2759/69 124/3036/69
f 228/3037/1133 224/3033/1133 2856/2669/1133 2860/2927/1133
f 226/2757/69 125/3034/69 131/3038/70 230/2761/70
f 227/3035/1130 231/3039/1130 2861/2670/1130 2857/2925/1130
f 124/3036/69 229/2759/69 233/2763/70 965/854/335 964/853/334
f 232/3040/1133 228/3037/1133 2860/2927/1133 2866/2675/1133
f 230/2761/70 131/3038/70 995/2766/894 234/179/894
f 231/3039/1130 236/3009/1130 2867/2929/1130 2861/2670/1130
f 966/855/336 965/854/335 233/2763/70 239/184/894 994/2836/894
f 237/3012/1133 232/3040/1133 2866/2675/1133 2870/2931/1133
f 1320/1191/438 240/185/92 2187/2058/1010 2184/2055/1008
f 1322/1193/1131 185/3041/1131 1034/905/1131 241/186/1131
f 242/187/94 1033/904/353 1610/1481/899 2188/2059/1009
f 1037/908/357 243/188/95 2616/2487/1082 1615/1486/905
f 244/189/1132 1036/907/1132 141/3042/1132 1586/1457/1132
f 245/190/97 1585/1456/508 2582/2453/1075 2617/2488/1081
f 1326/1197/438 246/191/92 2196/2067/1010 2193/2064/1008
f 1328/1199/1131 184/3043/1131 1040/911/1131 247/192/1131
f 248/193/94 1039/910/353 1622/1493/899 2197/2068/1009
f 1043/914/357 249/194/95 2619/2490/1082 1627/1498/905
f 250/195/1132 1042/913/1132 140/3044/1132 1592/1463/1132
f 251/196/97 1591/1462/508 2591/2462/1075 2620/2491/1081
f 1332/1203/438 252/197/92 2205/2076/1010 2202/2073/1008
f 1334/1205/1131 183/3045/1131 1046/917/1131 253/198/1131
f 254/199/94 1045/916/353 1634/1505/899 2206/2077/1009
f 1049/920/357 255/200/95 2622/2493/1082 1639/1510/905
f 256/201/1132 1048/919/1132 139/3046/1132 1598/1469/1132
f 257/202/97 1597/1468/508 2600/2471/1075 2623/2494/1081
f 1338/1209/438 258/203/92 2214/2085/1010 2211/2082/1008
f 1340/1211/1131 182/3047/1131 1052/923/1131 259/204/1131
f 260/205/94 1051/922/353 1646/1517/899 2215/2086/1009
f 1055/926/357 261/206/95 2625/2496/1082 1651/1522/905
f 262/207/1132 1054/925/1132 138/3048/1132 1604/1475/1132
f 263/208/97 1603/1474/508 2609/2480/1075 2626/2497/1081
f 264/209/98 1053/924/355 1650/1521/906 1653/1524/904
f 1054/925/1132 266/211/1132 1606/1477/1132 138/3048/1132
f 1607/1478/512 265/210/99 1655/1526/903 2611/2482/1079
f 267/212/101 1605/1476/510 2610/2481/1080 2613/2484/1078
f 138/3048/1132 1606/1477/1132 269/214/1132 1057/928/1132
f 1058/929/360 268/213/102 2615/2486/1077 1657/1528/909
f 270/215/104 1060/931/362 1664/1535/911 2628/2499/1084
f 1061/932/1139 272/217/1139 1582/1453/1139 142/3049/1139
f 1583/1454/505 271/216/105 2630/2501/1083 2575/2446/1073
f 273/218/101 1599/1470/510 2601/2472/1080 2604/2475/1078
f 139/3046/1132 1600/1471/1132 275/220/1132 1063/934/1132
f 1064/935/360 274/219/102 2606/2477/1077 1669/1540/909
f 276/221/104 1066/937/362 1676/1547/911 2631/2502/1084
f 1067/938/1139 278/223/1139 1576/1447/1139 143/3050/1139
f 1577/1448/505 277/222/105 2633/2504/1083 2566/2437/1073
f 279/224/101 1593/1464/510 2592/2463/1080 2595/2466/1078
f 140/3044/1132 1594/1465/1132 281/226/1132 1069/940/1132
f 1070/941/360 280/225/102 2597/2468/1077 1681/1552/915
f 282/227/104 1072/943/362 1688/1559/911 2634/2505/1084
f 1073/944/1139 284/229/1139 1570/1441/1139 144/3051/1139
f 1571/1442/505 283/228/105 2636/2507/1083 2557/2428/1073
f 285/230/101 1587/1458/510 2583/2454/1080 2586/2457/1078
f 141/3042/1132 1588/1459/1132 287/232/1132 1075/946/1132
f 1076/947/360 286/231/102 2588/2459/1077 1693/1564/909
f 288/233/104 1078/949/362 1700/1571/911 2637/2508/1084
f 1079/950/1139 290/235/1139 1564/1435/1139 145/3052/1139
f 1565/1436/505 289/234/105 2639/2510/1083 2548/2419/1073
f 1077/948/361 291/236/107 1701/1572/914 1698/1569/912
f 292/237/1139 1079/950/1139 145/3052/1139 1562/1433/1139
f 293/238/109 1561/1432/501 2546/2417/1069 1702/1573/916
f 294/239/110 1081/952/365 1706/1577/917 2640/2511/1086
f 1082/953/1140 296/241/1140 1558/1429/1140 146/3053/1140
f 1559/1430/499 295/240/111 2642/2513/1085 2539/2410/1067
f 297/242/113 1581/1452/506 2574/2445/1074 2577/2448/1072
f 142/3049/1139 1582/1453/1139 299/244/1139 1084/955/1139
f 1085/956/369 298/243/114 2579/2450/1071 1711/1582/923
f 300/245/110 1087/958/371 1718/1589/917 2643/2514/1086
f 1088/959/1140 302/247/1140 1552/1423/1140 147/3054/1140
f 1553/1424/499 301/246/111 2645/2516/1085 2530/2401/1067
f 303/248/113 1575/1446/506 2565/2436/1074 2568/2439/1072
f 143/3050/1139 1576/1447/1139 305/250/1139 1090/961/1139
f 1091/962/369 304/249/116 2570/2441/1071 1723/1594/923
f 306/251/110 1093/964/365 1730/1601/917 2646/2517/1086
f 1094/965/1140 308/253/1140 1546/1417/1140 148/3055/1140
f 1547/1418/499 307/252/111 2648/2519/1085 2521/2392/1067
f 309/254/113 1569/1440/506 2556/2427/1074 2559/2430/1072
f 144/3051/1139 1570/1441/1139 311/256/1139 1096/967/1139
f 1097/968/369 310/255/114 2561/2432/1071 1735/1606/925
f 312/257/110 1099/970/365 1742/1613/917 2649/2520/1086
f 1100/971/1140 314/259/1140 1540/1411/1140 149/3056/1140
f 1541/1412/499 313/258/111 2651/2522/1085 2512/2383/1067
f 315/260/113 1563/1434/503 2547/2418/1074 2550/2421/1072
f 145/3052/1139 1564/1435/1139 317/262/1139 1102/973/1139
f 1103/974/369 316/261/114 2552/2423/1071 1747/1618/923
f 318/263/117 1101/972/367 1746/1617/924 1749/1620/922
f 1562/1433/1139 145/3052/1139 1102/973/1139 320/265/1139
f 1560/1431/500 319/264/118 1751/1622/926 2544/2415/1070
f 321/266/120 1557/1428/497 2538/2409/1068 2541/2412/1066
f 146/3053/1140 1558/1429/1140 323/268/1140 1105/976/1140
f 1106/977/374 322/267/121 2543/2414/1065 1753/1624/929
f 324/269/123 1108/979/376 1760/1631/931 2652/2523/1088
f 1109/980/1141 326/271/1141 1534/1405/1141 150/3057/1141
f 1535/1406/493 325/270/124 2654/2525/1087 2503/2374/1061
f 327/272/120 1551/1422/497 2529/2400/1068 2532/2403/1066
f 147/3054/1140 1552/1423/1140 329/274/1140 1111/982/1140
f 1112/983/374 328/273/121 2534/2405/1065 1765/1636/929
f 330/275/126 1114/985/376 1772/1643/931 2655/2526/1088
f 1115/986/1141 332/277/1141 1528/1399/1141 151/3058/1141
f 1529/1400/493 331/276/124 2657/2528/1087 2494/2365/1061
f 333/278/120 1545/1416/497 2520/2391/1068 2523/2394/1066
f 148/3055/1140 1546/1417/1140 335/280/1140 1117/988/1140
f 1118/989/374 334/279/121 2525/2396/1065 1777/1648/929
f 336/281/123 1120/991/378 1784/1655/931 2658/2529/1088
f 1121/992/1141 338/283/1141 1522/1393/1141 152/3059/1141
f 1523/1394/493 337/282/124 2660/2531/1087 2485/2356/1061
f 339/284/120 1539/1410/497 2511/2382/1068 2514/2385/1066
f 149/3056/1140 1540/1411/1140 341/286/1140 1123/994/1140
f 1124/995/374 340/285/121 2516/2387/1065 1789/1660/929
f 342/287/126 1126/997/376 1796/1667/931 2661/2532/1088
f 1127/998/1141 344/289/1141 1516/1387/1141 153/3060/1141
f 1517/1388/493 343/288/124 2663/2534/1087 2476/2347/1061
f 1125/996/375 345/290/127 1797/1668/934 1794/1665/932
f 346/291/1141 1127/998/1141 153/3060/1141 1514/1385/1141
f 347/292/129 1513/1384/489 2474/2345/1057 1798/1669/933
f 348/293/130 1129/1000/380 1802/1673/935 2664/2535/1090
f 1130/1001/1136 350/295/1136 1510/1381/1136 154/3061/1136
f 1511/1382/487 349/294/131 2666/2537/1089 2467/2338/1054
f 351/296/133 1533/1404/491 2502/2373/1062 2505/2376/1060
f 150/3057/1141 1534/1405/1141 353/298/1141 1132/1003/1141
f 1133/1004/384 352/297/134 2507/2378/1059 1807/1678/941
f 354/299/130 1135/1006/380 1814/1685/935 2667/2538/1090
f 1136/1007/1136 356/301/1136 1504/1375/1136 155/3062/1136
f 1505/1376/487 355/300/131 2669/2540/1089 2458/2329/1054
f 357/302/133 1527/1398/491 2493/2364/1062 2496/2367/1060
f 151/3058/1141 1528/1399/1141 359/304/1141 1138/1009/1141
f 1139/1010/386 358/303/134 2498/2369/1059 1819/1690/941
f 360/305/130 1141/1012/380 1826/1697/935 2670/2541/1090
f 1142/1013/1136 362/307/1136 1498/1369/1136 156/3063/1136
f 1499/1370/487 361/306/131 2672/2543/1089 2449/2320/1054
f 363/308/133 1521/1392/491 2484/2355/1062 2487/2358/1060
f 152/3059/1141 1522/1393/1141 365/310/1141 1144/1015/1141
f 1145/1016/386 364/309/134 2489/2360/1059 1831/1702/941
f 366/311/136 1147/1018/380 1838/1709/935 2673/2544/1090
f 1148/1019/1136 368/313/1136 1492/1363/1136 157/3064/1136
f 1493/1364/487 367/312/131 2675/2546/1089 2440/2311/1054
f 369/314/133 1515/1386/491 2475/2346/1062 2478/2349/1060
f 153/3060/1141 1516/1387/1141 371/316/1141 1150/1021/1141
f 1151/1022/386 370/315/134 2480/2351/1059 1843/1714/941
f 372/317/137 1149/1020/385 1842/1713/942 1845/1716/940
f 1514/1385/1141 153/3060/1141 1150/1021/1141 374/319/1141
f 1512/1383/488 373/318/138 1847/1718/939 2472/2343/1058
f 375/320/140 1509/1380/485 2466/2337/1055 2469/2340/1053
f 154/3061/1136 1510/1381/1136 377/322/1136 1153/1024/1136
f 1154/1025/390 376/321/141 2471/2342/1052 1849/1720/945
f 378/323/143 1156/1027/392 1856/1727/947 2676/2547/1092
f 1157/1028/1138 380/325/1138 1486/1357/1138 158/3065/1138
f 1487/1358/481 379/324/144 2678/2549/1091 2431/2302/1048
f 381/326/140 1503/1374/485 2457/2328/1055 2460/2331/1056
f 155/3062/1136 1504/1375/1136 383/328/1136 1159/1030/1136
f 1160/1031/390 382/327/146 2462/2333/1052 1861/1732/945
f 384/329/143 1162/1033/392 1868/1739/947 2679/2550/1092
f 1163/1034/1138 386/331/1138 1480/1351/1138 159/3066/1138
f 1481/1352/481 385/330/147 2681/2552/1091 2422/2293/1048
f 387/332/140 1497/1368/485 2448/2319/1055 2451/2322/1053
f 156/3063/1136 1498/1369/1136 389/334/1136 1165/1036/1136
f 1166/1037/390 388/333/148 2453/2324/1052 1873/1744/951
f 390/335/143 1168/1039/392 1880/1751/947 2682/2553/1092
f 1169/1040/1138 392/337/1138 1474/1345/1138 160/3067/1138
f 1475/1346/481 391/336/147 2684/2555/1091 2413/2284/1048
f 393/338/140 1491/1362/485 2439/2310/1055 2442/2313/1053
f 157/3064/1136 1492/1363/1136 395/340/1136 1171/1042/1136
f 1172/1043/394 394/339/149 2444/2315/1052 1885/1756/945
f 396/341/143 1174/1045/392 1892/1763/947 2685/2556/1092
f 1175/1046/1138 398/343/1138 1468/1339/1138 161/3068/1138
f 1469/1340/481 397/342/147 2687/2558/1091 2404/2275/1048
f 1173/1044/391 399/344/151 1893/1764/950 1890/1761/948
f 400/345/1138 1175/1046/1138 161/3068/1138 1466/1337/1138
f 401/346/153 1465/1336/477 2402/2273/1044 1894/1765/949
f 402/347/154 1177/1048/396 1898/1769/952 2688/2559/1094
f 1178/1049/1142 404/349/1142 1462/1333/1142 162/3069/1142
f 1463/1334/475 403/348/155 2690/2561/1093 2395/2266/1042
f 405/350/157 1485/1356/479 2430/2301/1049 2433/2304/1047
f 158/3065/1138 1486/1357/1138 407/352/1138 1180/1051/1138
f 1181/1052/400 406/351/158 2435/2306/1046 1903/1774/958
f 408/353/160 1183/1054/401 1910/1781/952 2691/2562/1094
f 1184/1055/1142 410/355/1142 1456/1327/1142 163/3070/1142
f 1457/1328/475 409/354/155 2693/2564/1093 2386/2257/1042
f 411/356/157 1479/1350/479 2421/2292/1049 2424/2295/1047
f 159/3066/1138 1480/1351/1138 413/358/1138 1186/1057/1138
f 1187/1058/400 412/357/158 2426/2297/1046 1915/1786/958
f 414/359/154 1189/1060/396 1922/1793/952 2694/2565/1094
f 1190/1061/1142 416/361/1142 1450/1321/1142 164/3071/1142
f 1451/1322/475 415/360/155 2696/2567/1093 2377/2248/1042
f 417/362/157 1473/1344/479 2412/2283/1049 2415/2286/1047
f 160/3067/1138 1474/1345/1138 419/364/1138 1192/1063/1138
f 1193/1064/400 418/363/158 2417/2288/1046 1927/1798/958
f 420/365/154 1195/1066/396 1934/1805/952 2697/2568/1094
f 1196/1067/1142 422/367/1142 1444/1315/1142 165/3072/1142
f 1445/1316/475 421/366/155 2699/2570/1093 2368/2239/1042
f 423/368/157 1467/1338/479 2403/2274/1049 2406/2277/1047
f 161/3068/1138 1468/1339/1138 425/370/1138 1198/1069/1138
f 1199/1070/400 424/369/158 2408/2279/1046 1939/1810/958
f 426/371/161 1197/1068/402 1938/1809/959 1941/1812/957
f 1466/1337/1138 161/3068/1138 1198/1069/1138 428/373/1138
f 1464/1335/476 427/372/162 1943/1814/956 2400/2271/1045
f 429/374/164 1461/1332/473 2394/2265/1043 2397/2268/1041
f 162/3069/1142 1462/1333/1142 431/376/1142 1201/1072/1142
f 1202/1073/406 430/375/165 2399/2270/1040 1945/1816/962
f 432/377/167 1204/1075/408 1952/1823/964 2700/2571/1096
f 1205/1076/1143 434/379/1143 1438/1309/1143 166/3073/1143
f 1439/1310/469 433/378/168 2702/2573/1095 2359/2230/1036
f 435/380/164 1455/1326/473 2385/2256/1043 2388/2259/1041
f 163/3070/1142 1456/1327/1142 437/382/1142 1207/1078/1142
f 1208/1079/411 436/381/165 2390/2261/1040 1957/1828/968
f 438/383/167 1210/1081/408 1964/1835/964 2703/2574/1096
f 1211/1082/1143 440/385/1143 1432/1303/1143 167/3074/1143
f 1433/1304/469 439/384/168 2705/2576/1097 2350/2221/1036
f 441/386/170 1449/1320/473 2376/2247/1043 2379/2250/1041
f 164/3071/1142 1450/1321/1142 443/388/1142 1213/1084/1142
f 1214/1085/411 442/387/165 2381/2252/1040 1969/1840/962
f 444/389/167 1216/1087/408 1976/1847/964 2706/2577/1096
f 1217/1088/1143 446/391/1143 1426/1297/1143 168/3075/1143
f 1427/1298/467 445/390/168 2708/2579/1097 2341/2212/1036
f 447/392/164 1443/1314/473 2367/2238/1043 2370/2241/1041
f 165/3072/1142 1444/1315/1142 449/394/1142 1219/1090/1142
f 1220/1091/406 448/393/165 2372/2243/1040 1981/1852/962
f 450/395/167 1222/1093/408 1988/1859/964 2709/2580/1096
f 1223/1094/1143 452/397/1143 1420/1291/1143 169/3076/1143
f 1421/1292/467 451/396/168 2711/2582/1095 2332/2203/1036
f 1221/1092/407 453/398/171 1989/1860/967 1986/1857/965
f 454/399/1143 1223/1094/1143 169/3076/1143 1418/1289/1143
f 455/400/173 1417/1288/463 2330/2201/1032 1990/1861/966
f 456/401/174 1225/1096/413 1994/1865/970 2712/2583/1099
f 1226/1097/1144 458/403/1144 1414/1285/1144 170/3077/1144
f 1415/1286/461 457/402/175 2714/2585/1098 2323/2194/1030
f 459/404/177 1437/1308/465 2358/2229/1037 2361/2232/1035
f 166/3073/1143 1438/1309/1143 461/406/1143 1228/1099/1143
f 1229/1100/417 460/405/178 2363/2234/1034 1999/1870/976
f 462/407/174 1231/1102/413 2006/1877/970 2715/2586/1099
f 1232/1103/1144 464/409/1144 1408/1279/1144 171/3078/1144
f 1409/1280/461 463/408/175 2717/2588/1098 2314/2185/1030
f 465/410/177 1431/1302/465 2349/2220/1037 2352/2223/1035
f 167/3074/1143 1432/1303/1143 467/412/1143 1234/1105/1143
f 1235/1106/417 466/411/178 2354/2225/1034 2011/1882/976
f 468/413/174 1237/1108/413 2018/1889/970 2718/2589/1099
f 1238/1109/1144 470/415/1144 1402/1273/1144 172/3079/1144
f 1403/1274/461 469/414/175 2720/2591/1098 2305/2176/1030
f 471/416/177 1425/1296/465 2340/2211/1037 2343/2214/1035
f 168/3075/1143 1426/1297/1143 473/418/1143 1240/1111/1143
f 1241/1112/417 472/417/178 2345/2216/1034 2023/1894/976
f 474/419/174 1243/1114/413 2030/1901/970 2721/2592/1099
f 1244/1115/1144 476/421/1144 1396/1267/1144 173/3080/1144
f 1397/1268/461 475/420/175 2723/2594/1098 2296/2167/1030
f 477/422/177 1419/1290/465 2331/2202/1037 2334/2205/1035
f 169/3076/1143 1420/1291/1143 479/424/1143 1246/1117/1143
f 1247/1118/417 478/423/178 2336/2207/1034 2035/1906/976
f 480/425/180 1245/1116/415 2034/1905/977 2037/1908/975
f 1418/1289/1143 169/3076/1143 1246/1117/1143 482/427/1143
f 1416/1287/462 481/426/181 2039/1910/978 2328/2199/1033
f 483/428/183 1413/1284/459 2322/2193/1031 2325/2196/1029
f 170/3077/1144 1414/1285/1144 485/430/1144 1249/1120/1144
f 1250/1121/421 484/429/184 2327/2198/1028 2041/1912/982
f 486/431/186 1252/1123/423 2048/1919/984 2724/2595/1101
f 1253/1124/1145 488/433/1145 1390/1261/1145 174/3081/1145
f 1391/1262/455 487/432/187 2726/2597/1100 2287/2158/1024
f 489/434/183 1407/1278/459 2313/2184/1031 2316/2187/1029
f 171/3078/1144 1408/1279/1144 491/436/1144 1255/1126/1144
f 1256/1127/421 490/435/184 2318/2189/1028 2053/1924/982
f 492/437/186 1258/1129/423 2060/1931/984 2727/2598/1101
f 1259/1130/1145 494/439/1145 1384/1255/1145 175/3082/1145
f 1385/1256/455 493/438/187 2729/2600/1100 2278/2149/1024
f 495/440/183 1401/1272/459 2304/2175/1031 2307/2178/1029
f 172/3079/1144 1402/1273/1144 497/442/1144 1261/1132/1144
f 1262/1133/421 496/441/184 2309/2180/1028 2065/1936/982
f 498/443/186 1264/1135/423 2072/1943/984 2730/2601/1101
f 1265/1136/1145 500/445/1145 1378/1249/1145 176/3083/1145
f 1379/1250/455 499/444/187 2732/2603/1100 2269/2140/1024
f 501/446/183 1395/1266/459 2295/2166/1031 2298/2169/1029
f 173/3080/1144 1396/1267/1144 503/448/1144 1267/1138/1144
f 1268/1139/421 502/447/184 2300/2171/1028 2077/1948/982
f 504/449/186 1270/1141/423 2084/1955/984 2733/2604/1101
f 1271/1142/1145 506/451/1145 1372/1243/1145 177/3084/1145
f 1373/1244/455 505/450/187 2735/2606/1100 2260/2131/1024
f 1269/1140/422 507/452/192 2085/1956/987 2082/1953/985
f 508/453/1145 1271/1142/1145 177/3084/1145 1370/1241/1145
f 509/454/194 1369/1240/451 2258/2129/1020 2086/1957/986
f 510/455/195 1273/1144/426 2090/1961/989 2736/2607/1103
f 1274/1145/1146 512/457/1146 1366/1237/1146 178/3085/1146
f 1367/1238/449 511/456/196 2738/2609/1102 2251/2122/1017
f 513/458/198 1389/1260/453 2286/2157/1025 2289/2160/1023
f 174/3081/1145 1390/1261/1145 515/460/1145 1276/1147/1145
f 1277/1148/430 514/459/199 2291/2162/1022 2095/1966/995
f 516/461/195 1279/1150/426 2102/1973/989 2739/2610/1103
f 1280/1151/1146 518/463/1146 1360/1231/1146 179/3086/1146
f 1361/1232/449 517/462/196 2741/2612/1104 2242/2113/1017
f 519/464/198 1383/1254/453 2277/2148/1025 2280/2151/1023
f 175/3082/1145 1384/1255/1145 521/466/1145 1282/1153/1145
f 1283/1154/430 520/465/199 2282/2153/1022 2107/1978/995
f 522/467/195 1285/1156/426 2114/1985/989 2742/2613/1103
f 1286/1157/1146 524/469/1146 1354/1225/1146 180/3087/1146
f 1355/1226/449 523/468/196 2744/2615/1104 2233/2104/1017
f 525/470/198 1377/1248/453 2268/2139/1025 2271/2142/1023
f 176/3083/1145 1378/1249/1145 527/472/1145 1288/1159/1145
f 1289/1160/430 526/471/199 2273/2144/1022 2119/1990/995
f 528/473/201 1291/1162/426 2126/1997/989 2745/2616/1103
f 1292/1163/1146 530/475/1146 1348/1219/1146 181/3088/1146
f 1349/1220/449 529/474/196 2747/2618/1102 2224/2095/1017
f 531/476/202 1371/1242/453 2259/2130/1025 2262/2133/1023
f 177/3084/1145 1372/1243/1145 533/478/1145 1294/1165/1145
f 1295/1166/430 532/477/199 2264/2135/1022 2131/2002/995
f 534/479/203 1293/1164/428 2130/2001/996 2133/2004/994
f 1370/1241/1145 177/3084/1145 1294/1165/1145 536/481/1145
f 1368/1239/450 535/480/204 2135/2006/993 2256/2127/1021
f 537/482/206 1365/1236/447 2250/2121/1018 2253/2124/1019
f 178/3085/1146 1366/1237/1146 539/484/1146 1297/1168/1146
f 1298/1169/434 538/483/207 2255/2126/1015 2137/2008/1000
f 540/485/209 1300/1171/436 2144/2015/1002 2748/2619/1106
f 1301/1172/1131 542/487/1131 1342/1213/1131 182/3047/1131
f 1343/1214/443 541/486/210 2750/2621/1105 2218/2089/1011
f 543/488/206 1359/1230/447 2241/2112/1018 2244/2115/1019
f 179/3086/1146 1360/1231/1146 545/490/1146 1303/1174/1146
f 1304/1175/434 544/489/207 2246/2117/1015 2149/2020/1000
f 546/491/209 1306/1177/436 2156/2027/1002 2751/2622/1106
f 1307/1178/1131 548/493/1131 1336/1207/1131 183/3045/1131
f 1337/1208/443 547/492/210 2753/2624/1105 2209/2080/1011
f 549/494/206 1353/1224/447 2232/2103/1018 2235/2106/1019
f 180/3087/1146 1354/1225/1146 551/496/1146 1309/1180/1146
f 1310/1181/434 550/495/207 2237/2108/1015 2161/2032/1000
f 552/497/209 1312/1183/436 2168/2039/1002 2754/2625/1106
f 1313/1184/1131 554/499/1131 1330/1201/1131 184/3043/1131
f 1331/1202/443 553/498/210 2756/2627/1105 2200/2071/1011
f 555/500/206 1347/1218/447 2223/2094/1018 2226/2097/1016
f 181/3088/1146 1348/1219/1146 557/502/1146 1315/1186/1146
f 1316/1187/434 556/501/207 2228/2099/1015 2173/2044/1000
f 558/503/209 1318/1189/436 2180/2051/1002 2757/2628/1106
f 1319/1190/1131 560/505/1131 1324/1195/1131 185/3041/1131
f 1325/1196/443 559/504/210 2759/2630/1105 2191/2062/1011
f 1317/1188/435 561/506/212 2181/2052/1005 2178/2049/1003
f 562/507/1131 1319/1190/1131 185/3041/1131 1322/1193/1131
f 563/508/214 1321/1192/439 2186/2057/1007 2182/2053/1004
f 2189/2060/1131 1609/1480/1131 1613/1484/1131 572/2767/895 564/509/215
f 565/510/216 573/2768/896 105/151/72 98/3008/72
f 2183/2054/1131 2185/2056/1131 2189/2060/1131 564/509/215 567/512/218 996/2765/893
f 2614/2485/1132 2612/2483/1132 1654/1525/1132 568/513/219 571/516/222 97/164/72
f 1654/1525/1132 1652/1523/1132 2627/2498/1132 603/2780/896 568/513/219
f 997/2837/893 993/2835/893 569/514/220 602/2779/895
f 1618/1489/1132 1616/1487/1132 2618/2489/1132 573/2768/896 578/2770/896
f 1027/2849/893 1022/2847/893 577/2769/895 572/2767/895
f 1613/1484/1131 2192/2063/1131 2758/2629/1131 1027/2849/893 572/2767/895
f 2618/2489/1132 2581/2452/1132 1696/1567/1132 105/151/72 573/2768/896
f 1032/903/352 574/517/223 1611/1482/902 1608/1479/900
f 185/3041/1131 1324/1195/1131 575/518/1131 1034/905/1131
f 576/519/225 1323/1194/441 2190/2061/1012 1612/1483/901
f 2198/2069/1131 1621/1492/1131 1625/1496/1131 582/2771/895 577/2769/895
f 578/2770/896 583/2772/896 103/155/72 104/152/72
f 2171/2042/1131 2194/2065/1131 2198/2069/1131 577/2769/895 1022/2847/893
f 2587/2458/1132 2585/2456/1132 1618/1489/1132 578/2770/896 104/152/72
f 579/520/98 1035/906/355 1614/1485/906 1617/1488/904
f 1036/907/1132 581/522/1132 1588/1459/1132 141/3042/1132
f 1589/1460/512 580/521/99 1619/1490/903 2584/2455/1079
f 1630/1501/1132 1628/1499/1132 2621/2492/1132 583/2772/896 588/2774/896
f 1017/2845/893 1012/2843/893 587/2773/895 582/2771/895
f 1625/1496/1131 2201/2072/1131 2755/2626/1131 1017/2845/893 582/2771/895
f 2621/2492/1132 2590/2461/1132 1684/1555/1132 103/155/72 583/2772/896
f 1038/909/352 584/523/223 1623/1494/902 1620/1491/900
f 184/3043/1131 1330/1201/1131 585/524/1131 1040/911/1131
f 586/525/225 1329/1200/441 2199/2070/1012 1624/1495/901
f 2207/2078/1131 1633/1504/1131 1637/1508/1131 592/2775/895 587/2773/895
f 588/2774/896 593/2776/896 101/159/72 102/156/72
f 2159/2030/1131 2203/2074/1131 2207/2078/1131 587/2773/895 1012/2843/893
f 2596/2467/1132 2594/2465/1132 1630/1501/1132 588/2774/896 102/156/72
f 589/526/98 1041/912/355 1626/1497/906 1629/1500/904
f 1042/913/1132 591/528/1132 1594/1465/1132 140/3044/1132
f 1595/1466/512 590/527/99 1631/1502/903 2593/2464/1079
f 1642/1513/1132 1640/1511/1132 2624/2495/1132 593/2776/896 598/2778/896
f 1007/2841/893 1002/2839/893 597/2777/895 592/2775/895
f 1637/1508/1131 2210/2081/1131 2752/2623/1131 1007/2841/893 592/2775/895
f 2624/2495/1132 2599/2470/1132 1672/1543/1132 101/159/72 593/2776/896
f 1044/915/352 594/529/223 1635/1506/902 1632/1503/900
f 183/3045/1131 1336/1207/1131 595/530/1131 1046/917/1131
f 596/531/225 1335/1206/441 2208/2079/1012 1636/1507/901
f 2216/2087/1131 1645/1516/1131 1649/1520/1131 602/2779/895 597/2777/895
f 598/2778/896 603/2780/896 99/163/72 100/160/72
f 2147/2018/1131 2212/2083/1131 2216/2087/1131 597/2777/895 1002/2839/893
f 2605/2476/1132 2603/2474/1132 1642/1513/1132 598/2778/896 100/160/72
f 599/532/98 1047/918/355 1638/1509/906 1641/1512/904
f 1048/919/1132 601/534/1132 1600/1471/1132 139/3046/1132
f 1601/1472/512 600/533/99 1643/1514/903 2602/2473/1079
f 1649/1520/1131 2219/2090/1131 2749/2620/1131 997/2837/893 602/2779/895
f 2627/2498/1132 2608/2479/1132 1660/1531/1132 99/163/72 603/2780/896
f 1050/921/352 604/535/223 1647/1518/902 1644/1515/900
f 182/3047/1131 1342/1213/1131 605/536/1131 1052/923/1131
f 606/537/225 1341/1212/441 2217/2088/1012 1648/1519/901
f 607/538/226 1056/927/358 1656/1527/910 1659/1530/908
f 1604/1475/1132 138/3048/1132 1057/928/1132 609/540/1132
f 1602/1473/507 608/539/227 1661/1532/907 2607/2478/1076
f 1059/930/361 610/541/107 1665/1536/914 1662/1533/912
f 611/542/1139 1061/932/1139 142/3049/1139 1580/1451/1139
f 612/543/109 1579/1450/501 2573/2444/1069 1666/1537/913
f 613/544/226 1062/933/358 1668/1539/910 1671/1542/908
f 1598/1469/1132 139/3046/1132 1063/934/1132 615/546/1132
f 1596/1467/507 614/545/227 1673/1544/907 2598/2469/1076
f 1065/936/361 616/547/107 1677/1548/914 1674/1545/912
f 617/548/1139 1067/938/1139 143/3050/1139 1574/1445/1139
f 618/549/109 1573/1444/501 2564/2435/1069 1678/1549/913
f 619/550/226 1068/939/358 1680/1551/910 1683/1554/908
f 1592/1463/1132 140/3044/1132 1069/940/1132 621/552/1132
f 1590/1461/507 620/551/227 1685/1556/907 2589/2460/1076
f 1071/942/361 622/553/107 1689/1560/914 1686/1557/912
f 623/554/1139 1073/944/1139 144/3051/1139 1568/1439/1139
f 624/555/109 1567/1438/501 2555/2426/1069 1690/1561/913
f 625/556/226 1074/945/358 1692/1563/910 1695/1566/908
f 1586/1457/1132 141/3042/1132 1075/946/1132 627/558/1132
f 1584/1455/507 626/557/227 1697/1568/907 2580/2451/1076
f 1080/951/364 628/559/230 1707/1578/920 1704/1575/918
f 629/560/1140 1082/953/1140 146/3053/1140 1556/1427/1140
f 630/561/232 1555/1426/495 2537/2408/1063 1708/1579/919
f 631/562/117 1083/954/367 1710/1581/924 1713/1584/922
f 1580/1451/1139 142/3049/1139 1084/955/1139 633/564/1139
f 1578/1449/500 632/563/118 1715/1586/921 2571/2442/1070
f 1086/957/370 634/565/230 1719/1590/920 1716/1587/918
f 635/566/1140 1088/959/1140 147/3054/1140 1550/1421/1140
f 636/567/232 1549/1420/495 2528/2399/1063 1720/1591/919
f 637/568/117 1089/960/367 1722/1593/924 1725/1596/922
f 1574/1445/1139 143/3050/1139 1090/961/1139 639/570/1139
f 1572/1443/500 638/569/118 1727/1598/921 2562/2433/1070
f 1092/963/364 640/571/230 1731/1602/920 1728/1599/918
f 641/572/1140 1094/965/1140 148/3055/1140 1544/1415/1140
f 642/573/232 1543/1414/495 2519/2390/1063 1732/1603/919
f 643/574/117 1095/966/367 1734/1605/924 1737/1608/922
f 1568/1439/1139 144/3051/1139 1096/967/1139 645/576/1139
f 1566/1437/500 644/575/118 1739/1610/921 2553/2424/1070
f 1098/969/364 646/577/230 1743/1614/920 1740/1611/918
f 647/578/1140 1100/971/1140 149/3056/1140 1538/1409/1140
f 648/579/232 1537/1408/495 2510/2381/1063 1744/1615/919
f 1756/1627/1140 1754/1625/1140 2542/2413/1140 650/2786/878 654/2785/878
f 653/2787/877 649/2781/877 689/602/240 692/605/243
f 2542/2413/1140 2540/2411/1140 2641/2512/1140 106/165/73 650/2786/878
f 2662/2533/1141 1795/1666/1141 1799/1670/1141 652/2734/877 683/2811/877
f 107/3013/73 114/154/73 684/2809/878 651/3016/878
f 1799/1670/1141 2473/2344/1141 1846/1717/1141 115/3019/1134 652/2734/877
f 2653/2524/1141 1759/1630/1141 1763/1634/1141 658/2788/877 653/2787/877
f 109/161/73 108/166/73 654/2785/878 659/2794/878
f 2506/2377/1141 2504/2375/1141 2653/2524/1141 653/2787/877 692/605/243 696/609/247
f 1709/1580/1140 2536/2407/1140 1756/1627/1140 654/2785/878 108/166/73
f 655/580/233 1104/975/372 1752/1623/930 1755/1626/928
f 1556/1427/1140 146/3053/1140 1105/976/1140 657/582/1140
f 1554/1425/494 656/581/234 1757/1628/927 2535/2406/1064
f 1768/1639/1140 1766/1637/1140 2533/2404/1140 659/2794/878 664/2793/878
f 663/2795/877 658/2788/877 701/614/252 708/621/243
f 1763/1634/1141 2500/2371/1141 1810/1681/1141 702/615/253 701/614/252 658/2788/877
f 2533/2404/1140 2531/2402/1140 2644/2515/1140 109/161/73 659/2794/878
f 1107/978/375 660/583/236 1761/1632/934 1758/1629/932
f 661/584/1141 1109/980/1141 150/3057/1141 1532/1403/1141
f 662/585/129 1531/1402/489 2501/2372/1057 1762/1633/933
f 2656/2527/1141 1771/1642/1141 1775/1646/1141 668/2796/877 663/2795/877
f 111/157/73 110/162/73 664/2793/878 669/2802/878
f 2497/2368/1141 2495/2366/1141 2656/2527/1141 663/2795/877 708/621/243 712/625/247
f 1721/1592/1140 2527/2398/1140 1768/1639/1140 664/2793/878 110/162/73
f 665/586/233 1110/981/372 1764/1635/930 1767/1638/928
f 1550/1421/1140 147/3054/1140 1111/982/1140 667/588/1140
f 1548/1419/494 666/587/234 1769/1640/927 2526/2397/1064
f 1780/1651/1140 1778/1649/1140 2524/2395/1140 669/2802/878 674/2801/878
f 673/2803/877 668/2796/877 717/630/252 724/637/243
f 1775/1646/1141 2491/2362/1141 1822/1693/1141 718/631/253 717/630/252 668/2796/877
f 2524/2395/1140 2522/2393/1140 2647/2518/1140 111/157/73 669/2802/878
f 1113/984/375 670/589/236 1773/1644/934 1770/1641/932
f 671/590/1141 1115/986/1141 151/3058/1141 1526/1397/1141
f 672/591/129 1525/1396/489 2492/2363/1057 1774/1645/933
f 2659/2530/1141 1783/1654/1141 1787/1658/1141 678/2804/877 673/2803/877
f 113/153/73 112/158/73 674/2801/878 679/2810/878
f 2488/2359/1141 2486/2357/1141 2659/2530/1141 673/2803/877 724/637/243 728/641/247
f 1733/1604/1140 2518/2389/1140 1780/1651/1140 674/2801/878 112/158/73
f 675/592/233 1116/987/372 1776/1647/930 1779/1650/928
f 1544/1415/1140 148/3055/1140 1117/988/1140 677/594/1140
f 1542/1413/494 676/593/234 1781/1652/927 2517/2388/1064
f 1792/1663/1140 1790/1661/1140 2515/2386/1140 679/2810/878 684/2809/878
f 683/2811/877 678/2804/877 733/646/252 740/653/243
f 1787/1658/1141 2482/2353/1141 1834/1705/1141 734/647/253 733/646/252 678/2804/877
f 2515/2386/1140 2513/2384/1140 2650/2521/1140 113/153/73 679/2810/878
f 1119/990/375 680/595/236 1785/1656/934 1782/1653/932
f 681/596/1141 1121/992/1141 152/3059/1141 1520/1391/1141
f 682/597/129 1519/1390/489 2483/2354/1057 1786/1657/933
f 2479/2350/1141 2477/2348/1141 2662/2533/1141 683/2811/877 740/653/243 744/657/247
f 1745/1616/1140 2509/2380/1140 1792/1663/1140 684/2809/878 114/154/73
f 685/598/233 1122/993/372 1788/1659/930 1791/1662/928
f 1538/1409/1140 149/3056/1140 1123/994/1140 687/600/1140
f 1536/1407/494 686/599/234 1793/1664/927 2508/2379/1064
f 2470/2341/1136 2468/2339/1136 2665/2536/1136 688/601/239 691/604/242 750/663/259 749/662/258
f 2665/2536/1136 1801/1672/1136 1805/1676/1136 693/606/244 688/601/239
f 1810/1681/1141 1808/1679/1141 2506/2377/1141 696/609/247 695/608/246 703/616/254 702/615/253
f 704/617/255 703/616/254 695/608/246 694/607/245 756/669/265 755/668/264 763/676/272 762/675/271
f 1805/1676/1136 2464/2335/1136 1852/1723/1136 752/665/261 756/669/265 694/607/245 693/606/244
f 1128/999/379 697/610/248 1803/1674/938 1800/1671/936
f 698/611/1136 1130/1001/1136 154/3061/1136 1508/1379/1136
f 699/612/250 1507/1378/483 2465/2336/1050 1804/1675/937
f 2668/2539/1136 1813/1684/1136 1817/1688/1136 709/622/244 700/613/251
f 2461/2332/1136 2459/2330/1136 2668/2539/1136 700/613/251 704/617/255 762/675/271 761/674/270
f 705/618/137 1131/1002/382 1806/1677/942 1809/1680/940
f 1532/1403/1141 150/3057/1141 1132/1003/1141 707/620/1141
f 1530/1401/488 706/619/138 1811/1682/939 2499/2370/1058
f 1822/1693/1141 1820/1691/1141 2497/2368/1141 712/625/247 711/624/246 719/632/254 718/631/253
f 720/633/255 719/632/254 711/624/246 710/623/245 772/685/265 771/684/264 779/692/272 778/691/271
f 1817/1688/1136 2455/2326/1136 1864/1735/1136 768/681/261 772/685/265 710/623/245 709/622/244
f 1134/1005/379 713/626/256 1815/1686/938 1812/1683/936
f 714/627/1136 1136/1007/1136 155/3062/1136 1502/1373/1136
f 715/628/250 1501/1372/483 2456/2327/1050 1816/1687/937
f 2671/2542/1136 1825/1696/1136 1829/1700/1136 725/638/244 716/629/251
f 2452/2323/1136 2450/2321/1136 2671/2542/1136 716/629/251 720/633/255 778/691/271 777/690/270
f 721/634/137 1137/1008/385 1818/1689/942 1821/1692/940
f 1526/1397/1141 151/3058/1141 1138/1009/1141 723/636/1141
f 1524/1395/488 722/635/138 1823/1694/939 2490/2361/1058
f 1834/1705/1141 1832/1703/1141 2488/2359/1141 728/641/247 727/640/246 735/648/254 734/647/253
f 736/649/255 735/648/254 727/640/246 726/639/245 788/701/265 787/700/264 795/708/272 794/707/271
f 1829/1700/1136 2446/2317/1136 1876/1747/1136 784/697/261 788/701/265 726/639/245 725/638/244
f 1140/1011/379 729/642/248 1827/1698/938 1824/1695/936
f 730/643/1136 1142/1013/1136 156/3063/1136 1496/1367/1136
f 731/644/250 1495/1366/483 2447/2318/1050 1828/1699/937
f 2674/2545/1136 1837/1708/1136 1841/1712/1136 741/654/244 732/645/251
f 2443/2314/1136 2441/2312/1136 2674/2545/1136 732/645/251 736/649/255 794/707/271 793/706/270
f 737/650/137 1143/1014/385 1830/1701/942 1833/1704/940
f 1520/1391/1141 152/3059/1141 1144/1015/1141 739/652/1141
f 1518/1389/488 738/651/138 1835/1706/939 2481/2352/1058
f 1846/1717/1141 1844/1715/1141 2479/2350/1141 744/657/247 743/656/246 115/3019/1134
f 115/3019/1134 743/656/246 742/655/245 804/717/265 803/716/264 116/3024/1135
f 1841/1712/1136 2437/2308/1136 1888/1759/1136 800/713/261 804/717/265 742/655/245 741/654/244
f 1146/1017/379 745/658/256 1839/1710/938 1836/1707/936
f 746/659/1136 1148/1019/1136 157/3064/1136 1490/1361/1136
f 747/660/250 1489/1360/483 2438/2309/1050 1840/1711/937
f 1852/1723/1136 1850/1721/1136 2470/2341/1136 749/662/258 752/665/261
f 753/666/262 748/661/257 809/722/276 817/2814/898
f 2677/2548/1138 1855/1726/1138 1859/1730/1138 764/677/273 763/676/272 755/668/264 754/667/263
f 2434/2305/1138 2432/2303/1138 2677/2548/1138 754/667/263 753/666/262 817/2814/898
f 757/670/266 1152/1023/388 1848/1719/946 1851/1722/944
f 1508/1379/1136 154/3061/1136 1153/1024/1136 759/672/1136
f 1506/1377/482 758/671/267 1853/1724/943 2463/2334/1051
f 1864/1735/1136 1862/1733/1136 2461/2332/1136 761/674/270 768/681/261
f 769/682/262 760/673/269 822/2816/898 827/2818/898
f 1859/1730/1138 2428/2299/1138 1906/1777/1138 822/2816/898 760/673/269 764/677/273
f 1155/1026/391 765/678/151 1857/1728/950 1854/1725/948
f 766/679/1138 1157/1028/1138 158/3065/1138 1484/1355/1138
f 767/680/153 1483/1354/477 2429/2300/1044 1858/1729/949
f 2680/2551/1138 1867/1738/1138 1871/1742/1138 780/693/273 779/692/272 771/684/264 770/683/263
f 2425/2296/1138 2423/2294/1138 2680/2551/1138 770/683/263 769/682/262 827/2818/898
f 773/686/266 1158/1029/388 1860/1731/946 1863/1734/944
f 1502/1373/1136 155/3062/1136 1159/1030/1136 775/688/1136
f 1500/1371/482 774/687/267 1865/1736/943 2454/2325/1051
f 1876/1747/1136 1874/1745/1136 2452/2323/1136 777/690/270 784/697/261
f 785/698/262 776/689/269 832/2820/898 837/2822/898
f 1871/1742/1138 2419/2290/1138 1918/1789/1138 832/2820/898 776/689/269 780/693/273
f 1161/1032/391 781/694/151 1869/1740/950 1866/1737/948
f 782/695/1138 1163/1034/1138 159/3066/1138 1478/1349/1138
f 783/696/153 1477/1348/477 2420/2291/1044 1870/1741/949
f 2683/2554/1138 1879/1750/1138 1883/1754/1138 796/709/273 795/708/272 787/700/264 786/699/263
f 2416/2287/1138 2414/2285/1138 2683/2554/1138 786/699/263 785/698/262 837/2822/898
f 789/702/266 1164/1035/388 1872/1743/946 1875/1746/944
f 1496/1367/1136 156/3063/1136 1165/1036/1136 791/704/1136
f 1494/1365/482 790/703/267 1877/1748/943 2445/2316/1051
f 1888/1759/1136 1886/1757/1136 2443/2314/1136 793/706/270 800/713/261
f 801/714/262 792/705/269 842/2824/898 847/2826/898
f 1883/1754/1138 2410/2281/1138 1930/1801/1138 842/2824/898 792/705/269 796/709/273
f 1167/1038/391 797/710/151 1881/1752/950 1878/1749/948
f 798/711/1138 1169/1040/1138 160/3067/1138 1472/1343/1138
f 799/712/153 1471/1342/477 2411/2282/1044 1882/1753/949
f 2686/2557/1138 1891/1762/1138 1895/1766/1138 116/3024/1135 803/716/264 802/715/263
f 2407/2278/1138 2405/2276/1138 2686/2557/1138 802/715/263 801/714/262 847/2826/898
f 805/718/274 1170/1041/388 1884/1755/946 1887/1758/944
f 1490/1361/1136 157/3064/1136 1171/1042/1136 807/720/1136
f 1488/1359/482 806/719/267 1889/1760/943 2436/2307/1051
f 2398/2269/1142 2396/2267/1142 2689/2560/1142 808/721/275 811/724/278 852/2828/886
f 2689/2560/1142 1897/1768/1142 1901/1772/1142 816/2813/897 808/721/275
f 813/726/280 846/2825/897 898/2834/886 853/2752/886
f 1895/1766/1138 2401/2272/1138 1942/1813/1138 812/725/279 815/728/282 116/3024/1135
f 1942/1813/1138 1940/1811/1138 2407/2278/1138 847/2826/898 812/725/279
f 1906/1777/1138 1904/1775/1138 2434/2305/1138 817/2814/898 822/2816/898
f 821/2815/897 816/2813/897 856/2830/886 860/753/290
f 1901/1772/1142 2392/2263/1142 1948/1819/1142 856/2830/886 816/2813/897
f 1176/1047/395 818/729/283 1899/1770/955 1896/1767/953
f 819/730/1142 1178/1049/1142 162/3069/1142 1460/1331/1142
f 820/731/285 1459/1330/471 2393/2264/1038 1900/1771/954
f 2692/2563/1142 1909/1780/1142 1913/1784/1142 826/2817/897 821/2815/897
f 2389/2260/1142 2387/2258/1142 2692/2563/1142 821/2815/897 860/753/290 864/757/294
f 823/732/286 1179/1050/398 1902/1773/959 1905/1776/957
f 1484/1355/1138 158/3065/1138 1180/1051/1138 825/734/1138
f 1482/1353/476 824/733/162 1907/1778/956 2427/2298/1045
f 1918/1789/1138 1916/1787/1138 2425/2296/1138 827/2818/898 832/2820/898
f 831/2819/897 826/2817/897 869/762/297 876/769/290
f 1913/1784/1142 2383/2254/1142 1960/1831/1142 870/763/298 869/762/297 826/2817/897
f 1182/1053/395 828/735/283 1911/1782/955 1908/1779/953
f 829/736/1142 1184/1055/1142 163/3070/1142 1454/1325/1142
f 830/737/285 1453/1324/471 2384/2255/1038 1912/1783/954
f 2695/2566/1142 1921/1792/1142 1925/1796/1142 836/2821/897 831/2819/897
f 2380/2251/1142 2378/2249/1142 2695/2566/1142 831/2819/897 876/769/290 880/773/294
f 833/738/161 1185/1056/402 1914/1785/959 1917/1788/957
f 1478/1349/1138 159/3066/1138 1186/1057/1138 835/740/1138
f 1476/1347/476 834/739/162 1919/1790/956 2418/2289/1045
f 1930/1801/1138 1928/1799/1138 2416/2287/1138 837/2822/898 842/2824/898
f 841/2823/897 836/2821/897 885/778/297 893/2832/886
f 1925/1796/1142 2374/2245/1142 1972/1843/1142 886/779/298 885/778/297 836/2821/897
f 1188/1059/403 838/741/283 1923/1794/955 1920/1791/953
f 839/742/1142 1190/1061/1142 164/3071/1142 1448/1319/1142
f 840/743/285 1447/1318/471 2375/2246/1038 1924/1795/954
f 2698/2569/1142 1933/1804/1142 1937/1808/1142 846/2825/897 841/2823/897
f 2371/2242/1142 2369/2240/1142 2698/2569/1142 841/2823/897 893/2832/886
f 843/744/161 1191/1062/402 1926/1797/959 1929/1800/957
f 1472/1343/1138 160/3067/1138 1192/1063/1138 845/746/1138
f 1470/1341/476 844/745/162 1931/1802/956 2409/2280/1045
f 1937/1808/1142 2365/2236/1142 1984/1855/1142 898/2834/886 846/2825/897
f 1194/1065/395 848/747/283 1935/1806/955 1932/1803/953
f 849/748/1142 1196/1067/1142 165/3072/1142 1442/1313/1142
f 850/749/285 1441/1312/471 2366/2237/1038 1936/1807/954
f 1948/1819/1142 1946/1817/1142 2398/2269/1142 852/2828/886 856/2830/886
f 855/2829/885 851/2827/885 117/3032/71 118/3089/71
f 2710/2581/1143 1987/1858/1143 1991/1862/1143 854/2751/885 897/2833/885
f 1991/1862/1143 2329/2200/1143 2038/1909/1143 902/791/304 905/794/307 854/2751/885
f 2701/2572/1143 1951/1822/1143 1955/1826/1143 861/754/291 855/2829/885
f 2362/2233/1143 2360/2231/1143 2701/2572/1143 855/2829/885 118/3089/71
f 857/750/287 1200/1071/404 1944/1815/963 1947/1818/961
f 1460/1331/1142 162/3069/1142 1201/1072/1142 859/752/1142
f 1458/1329/470 858/751/288 1949/1820/960 2391/2262/1039
f 1960/1831/1142 1958/1829/1142 2389/2260/1142 864/757/294 863/756/293 871/764/299 870/763/298
f 872/765/300 871/764/299 863/756/293 862/755/292 119/3090/71 120/149/71
f 1955/1826/1143 2356/2227/1143 2002/1873/1143 119/3090/71 862/755/292 861/754/291
f 1203/1074/407 865/758/295 1953/1824/967 1950/1821/965
f 866/759/1143 1205/1076/1143 166/3073/1143 1436/1307/1143
f 867/760/173 1435/1306/463 2357/2228/1032 1954/1825/966
f 2704/2575/1143 1963/1834/1143 1967/1838/1143 877/770/291 868/761/296
f 2353/2224/1143 2351/2222/1143 2704/2575/1143 868/761/296 872/765/300 120/149/71
f 873/766/287 1206/1077/410 1956/1827/969 1959/1830/961
f 1454/1325/1142 163/3070/1142 1207/1078/1142 875/768/1142
f 1452/1323/470 874/767/288 1961/1832/960 2382/2253/1039
f 1972/1843/1142 1970/1841/1142 2380/2251/1142 880/773/294 879/772/293 887/780/299 886/779/298
f 888/781/300 887/780/299 879/772/293 878/771/292 121/148/71 122/147/71
f 1967/1838/1143 2347/2218/1143 2014/1885/1143 121/148/71 878/771/292 877/770/291
f 1209/1080/407 881/774/301 1965/1836/967 1962/1833/965
f 882/775/1143 1211/1082/1143 167/3074/1143 1430/1301/1143
f 883/776/173 1429/1300/463 2348/2219/1032 1966/1837/966
f 2707/2578/1143 1975/1846/1143 1979/1850/1143 892/2831/885 884/777/296
f 2344/2215/1143 2342/2213/1143 2707/2578/1143 884/777/296 888/781/300 122/147/71
f 889/782/287 1212/1083/404 1968/1839/963 1971/1842/961
f 1448/1319/1142 164/3071/1142 1213/1084/1142 891/784/1142
f 1446/1317/470 890/783/302 1973/1844/960 2373/2244/1039
f 1984/1855/1142 1982/1853/1142 2371/2242/1142 893/2832/886 898/2834/886
f 897/2833/885 892/2831/885 123/146/71 927/816/315 926/815/314
f 1979/1850/1143 2338/2209/1143 2026/1897/1143 123/146/71 892/2831/885
f 1215/1086/407 894/785/295 1977/1848/967 1974/1845/965
f 895/786/1143 1217/1088/1143 168/3075/1143 1424/1295/1143
f 896/787/173 1423/1294/468 2339/2210/1032 1978/1849/966
f 2335/2206/1143 2333/2204/1143 2710/2581/1143 897/2833/885 926/815/314 925/814/313
f 899/788/287 1218/1089/404 1980/1851/963 1983/1854/961
f 1442/1313/1142 165/3072/1142 1219/1090/1142 901/790/1142
f 1440/1311/470 900/789/288 1985/1856/960 2364/2235/1039
f 903/792/305 924/813/312 130/138/69 125/3034/69
f 2038/1909/1143 2036/1907/1143 2335/2206/1143 925/814/313 902/791/304
f 1224/1095/412 906/795/308 1995/1866/973 1992/1863/971
f 907/796/1144 1226/1097/1144 170/3077/1144 1412/1283/1144
f 908/797/310 1411/1282/457 2321/2192/1026 1996/1867/972
f 909/798/180 1227/1098/415 1998/1869/977 2001/1872/975
f 1436/1307/1143 166/3073/1143 1228/1099/1143 911/800/1143
f 1434/1305/462 910/799/181 2003/1874/974 2355/2226/1033
f 1230/1101/412 912/801/308 2007/1878/973 2004/1875/971
f 913/802/1144 1232/1103/1144 171/3078/1144 1406/1277/1144
f 914/803/310 1405/1276/457 2312/2183/1026 2008/1879/972
f 915/804/180 1233/1104/415 2010/1881/979 2013/1884/975
f 1430/1301/1143 167/3074/1143 1234/1105/1143 917/806/1143
f 1428/1299/462 916/805/181 2015/1886/978 2346/2217/1033
f 1236/1107/412 918/807/308 2019/1890/973 2016/1887/971
f 919/808/1144 1238/1109/1144 172/3079/1144 1400/1271/1144
f 920/809/311 1399/1270/457 2303/2174/1026 2020/1891/972
f 921/810/180 1239/1110/415 2022/1893/977 2025/1896/975
f 1424/1295/1143 168/3075/1143 1240/1111/1143 923/812/1143
f 1422/1293/462 922/811/181 2027/1898/974 2337/2208/1033
f 2722/2593/1144 2029/1900/1144 2033/1904/1144 928/817/316 927/816/315 123/146/71
f 2033/1904/1144 2293/2164/1144 2080/1951/1144 130/138/69 924/813/312 928/817/316
f 1242/1113/412 929/818/308 2031/1902/973 2028/1899/971
f 930/819/1144 1244/1115/1144 173/3080/1144 1394/1265/1144
f 931/820/310 1393/1264/457 2294/2165/1026 2032/1903/972
f 2044/1915/1144 2042/1913/1144 2326/2197/1144 124/3036/69 935/824/320 934/823/319
f 2725/2596/1145 2047/1918/1145 2051/1922/1145 941/830/326 932/821/317
f 936/825/321 935/824/320 124/3036/69 964/853/334 967/856/337
f 119/3090/71 118/3089/71 933/822/318 940/829/325
f 2290/2161/1145 2288/2159/1145 2725/2596/1145 932/821/317 936/825/321 967/856/337 971/860/341
f 1997/1868/1144 2320/2191/1144 2044/1915/1144 934/823/319 933/822/318 118/3089/71
f 937/826/322 1248/1119/419 2040/1911/983 2043/1914/981
f 1412/1283/1144 170/3077/1144 1249/1120/1144 939/828/1144
f 1410/1281/456 938/827/323 2045/1916/980 2319/2190/1027
f 2056/1927/1144 2054/1925/1144 2317/2188/1144 944/833/329 943/832/328 126/150/69
f 126/150/69 943/832/328 942/831/327 132/3091/70 133/3092/70
f 2051/1922/1145 2284/2155/1145 2098/1969/1145 132/3091/70 942/831/327 941/830/326
f 2317/2188/1144 2315/2186/1144 2716/2587/1144 119/3090/71 940/829/325 944/833/329
f 1251/1122/422 945/834/192 2049/1920/987 2046/1917/985
f 946/835/1145 1253/1124/1145 174/3081/1145 1388/1259/1145
f 947/836/194 1387/1258/451 2285/2156/1020 2050/1921/986
f 948/837/322 1254/1125/419 2052/1923/983 2055/1926/981
f 1406/1277/1144 171/3078/1144 1255/1126/1144 950/839/1144
f 1404/1275/456 949/838/323 2057/1928/980 2310/2181/1027
f 1257/1128/422 951/840/192 2061/1932/987 2058/1929/988
f 952/841/1145 1259/1130/1145 175/3082/1145 1382/1253/1145
f 953/842/194 1381/1252/451 2276/2147/1020 2062/1933/986
f 954/843/322 1260/1131/419 2064/1935/983 2067/1938/981
f 1400/1271/1144 172/3079/1144 1261/1132/1144 956/845/1144
f 1398/1269/456 955/844/323 2069/1940/980 2301/2172/1027
f 1263/1134/422 957/846/192 2073/1944/987 2070/1941/988
f 958/847/1145 1265/1136/1145 176/3083/1145 1376/1247/1145
f 959/848/194 1375/1246/451 2267/2138/1020 2074/1945/986
f 960/849/322 1266/1137/419 2076/1947/983 2079/1950/981
f 1394/1265/1144 173/3080/1144 1267/1138/1144 962/851/1144
f 1392/1263/456 961/850/323 2081/1952/980 2292/2163/1027
f 2254/2125/1146 2252/2123/1146 2737/2608/1146 963/852/333 966/855/336 994/2836/894
f 2737/2608/1146 2089/1960/1146 2093/1964/1146 968/857/338 963/852/333
f 2098/1969/1145 2096/1967/1145 2290/2161/1145 971/860/341 970/859/340 132/3091/70
f 132/3091/70 970/859/340 969/858/339 998/2838/894 1003/2840/894
f 2093/1964/1146 2248/2119/1146 2140/2011/1146 998/2838/894 969/858/339 968/857/338
f 1272/1143/425 972/861/342 2091/1962/992 2088/1959/990
f 973/862/1146 1274/1145/1146 178/3085/1146 1364/1235/1146
f 974/863/344 1363/1234/445 2249/2120/1013 2092/1963/991
f 975/864/203 1275/1146/428 2094/1965/996 2097/1968/994
f 1388/1259/1145 174/3081/1145 1276/1147/1145 977/866/1145
f 1386/1257/450 976/865/204 2099/1970/993 2283/2154/1021
f 1278/1149/425 978/867/342 2103/1974/992 2100/1971/990
f 979/868/1146 1280/1151/1146 179/3086/1146 1358/1229/1146
f 980/869/344 1357/1228/445 2240/2111/1013 2104/1975/991
f 981/870/203 1281/1152/428 2106/1977/996 2109/1980/994
f 1382/1253/1145 175/3082/1145 1282/1153/1145 983/872/1145
f 1380/1251/450 982/871/204 2111/1982/993 2274/2145/1021
f 1284/1155/425 984/873/342 2115/1986/992 2112/1983/990
f 985/874/1146 1286/1157/1146 180/3087/1146 1352/1223/1146
f 986/875/344 1351/1222/445 2231/2102/1013 2116/1987/991
f 987/876/203 1287/1158/428 2118/1989/996 2121/1992/994
f 1376/1247/1145 176/3083/1145 1288/1159/1145 989/878/1145
f 1374/1245/450 988/877/204 2123/1994/993 2265/2136/1021
f 1290/1161/425 990/879/342 2127/1998/992 2124/1995/990
f 991/880/1146 1292/1163/1146 181/3088/1146 1346/1217/1146
f 992/881/344 1345/1216/445 2222/2093/1013 2128/1999/997
f 2140/2011/1146 2138/2009/1146 2254/2125/1146 994/2836/894 998/2838/894
f 2758/2629/1131 2179/2050/1131 2183/2054/1131 996/2765/893 1027/2849/893
f 131/3038/70 137/141/70 1028/2850/894 995/2766/894
f 2749/2620/1131 2143/2014/1131 2147/2018/1131 1002/2839/893 997/2837/893
f 999/882/346 1296/1167/432 2136/2007/1001 2139/2010/999
f 1364/1235/1146 178/3085/1146 1297/1168/1146 1001/884/1146
f 1362/1233/444 1000/883/347 2141/2012/998 2247/2118/1014
f 2152/2023/1146 2150/2021/1146 2245/2116/1146 1003/2840/894 1008/2842/894
f 2245/2116/1146 2243/2114/1146 2740/2611/1146 132/3091/70 1003/2840/894
f 1299/1170/435 1004/885/212 2145/2016/1005 2142/2013/1003
f 1005/886/1131 1301/1172/1131 182/3047/1131 1340/1211/1131
f 1006/887/350 1339/1210/439 2213/2084/1007 2146/2017/1004
f 2752/2623/1131 2155/2026/1131 2159/2030/1131 1012/2843/893 1007/2841/893
f 134/144/70 133/3092/70 1008/2842/894 1013/2844/894
f 2105/1976/1146 2239/2110/1146 2152/2023/1146 1008/2842/894 133/3092/70
f 1009/888/351 1302/1173/432 2148/2019/1001 2151/2022/999
f 1358/1229/1146 179/3086/1146 1303/1174/1146 1011/890/1146
f 1356/1227/444 1010/889/347 2153/2024/1006 2238/2109/1014
f 2164/2035/1146 2162/2033/1146 2236/2107/1146 1013/2844/894 1018/2846/894
f 2236/2107/1146 2234/2105/1146 2743/2614/1146 134/144/70 1013/2844/894
f 1305/1176/435 1014/891/212 2157/2028/1005 2154/2025/1003
f 1015/892/1131 1307/1178/1131 183/3045/1131 1334/1205/1131
f 1016/893/350 1333/1204/439 2204/2075/1007 2158/2029/1004
f 2755/2626/1131 2167/2038/1131 2171/2042/1131 1022/2847/893 1017/2845/893
f 136/140/70 135/145/70 1018/2846/894 1023/2848/894
f 2117/1988/1146 2230/2101/1146 2164/2035/1146 1018/2846/894 135/145/70
f 1019/894/351 1308/1179/432 2160/2031/1001 2163/2034/999
f 1352/1223/1146 180/3087/1146 1309/1180/1146 1021/896/1146
f 1350/1221/444 1020/895/347 2165/2036/998 2229/2100/1014
f 2176/2047/1146 2174/2045/1146 2227/2098/1146 1023/2848/894 1028/2850/894
f 2227/2098/1146 2225/2096/1146 2746/2617/1146 136/140/70 1023/2848/894
f 1311/1182/435 1024/897/212 2169/2040/1005 2166/2037/1003
f 1025/898/1131 1313/1184/1131 184/3043/1131 1328/1199/1131
f 1026/899/214 1327/1198/439 2195/2066/1007 2170/2041/1004
f 2129/2000/1146 2221/2092/1146 2176/2047/1146 1028/2850/894 137/141/70
f 1029/900/351 1314/1185/432 2172/2043/1001 2175/2046/999
f 1346/1217/1146 181/3088/1146 1315/1186/1146 1031/902/1146
f 1344/1215/444 1030/901/347 2177/2048/998 2220/2091/1014
f 1660/1531/1132 1658/1529/1132 2614/2485/1132 97/164/72 99/163/72
f 2629/2500/1139 1663/1534/1139 1667/1538/1139 100/160/72 99/163/72
f 1667/1538/1139 2572/2443/1139 1714/1585/1139 109/161/73 100/160/72
f 1672/1543/1132 1670/1541/1132 2605/2476/1132 100/160/72 101/159/72
f 2632/2503/1139 1675/1546/1139 1679/1550/1139 102/156/72 101/159/72
f 1679/1550/1139 2563/2434/1139 1726/1597/1139 111/157/73 102/156/72
f 1684/1555/1132 1682/1553/1132 2596/2467/1132 102/156/72 103/155/72
f 2635/2506/1139 1687/1558/1139 1691/1562/1139 104/152/72 103/155/72
f 1691/1562/1139 2554/2425/1139 1738/1609/1139 113/153/73 104/152/72
f 1696/1567/1132 1694/1565/1132 2587/2458/1132 104/152/72 105/151/72
f 2638/2509/1139 1699/1570/1139 1703/1574/1139 98/3008/72 105/151/72
f 1703/1574/1139 2545/2416/1139 1750/1621/1139 107/3013/73 98/3008/72
f 2641/2512/1140 1705/1576/1140 1709/1580/1140 108/166/73 106/165/73
f 1714/1585/1139 1712/1583/1139 2578/2449/1139 108/166/73 109/161/73
f 2644/2515/1140 1717/1588/1140 1721/1592/1140 110/162/73 109/161/73
f 1726/1597/1139 1724/1595/1139 2569/2440/1139 110/162/73 111/157/73
f 2647/2518/1140 1729/1600/1140 1733/1604/1140 112/158/73 111/157/73
f 1738/1609/1139 1736/1607/1139 2560/2431/1139 112/158/73 113/153/73
f 2650/2521/1140 1741/1612/1140 1745/1616/1140 114/154/73 113/153/73
f 1750/1621/1139 1748/1619/1139 2551/2422/1139 114/154/73 107/3013/73
f 2713/2584/1144 1993/1864/1144 1997/1868/1144 118/3089/71 117/3032/71
f 2002/1873/1143 2000/1871/1143 2362/2233/1143 118/3089/71 119/3090/71
f 2716/2587/1144 2005/1876/1144 2009/1880/1144 120/149/71 119/3090/71
f 2009/1880/1144 2311/2182/1144 2056/1927/1144 126/150/69 120/149/71
f 2014/1885/1143 2012/1883/1143 2353/2224/1143 120/149/71 121/148/71
f 2719/2590/1144 2017/1888/1144 2021/1892/1144 122/147/71 121/148/71
f 2021/1892/1144 2302/2173/1144 2068/1939/1144 128/142/69 122/147/71
f 2026/1897/1143 2024/1895/1143 2344/2215/1143 122/147/71 123/146/71
f 2728/2599/1145 2059/1930/1145 2063/1934/1145 127/143/69 126/150/69
f 2063/1934/1145 2275/2146/1145 2110/1981/1145 134/144/70 127/143/69
f 2068/1939/1144 2066/1937/1144 2308/2179/1144 127/143/69 128/142/69
f 2731/2602/1145 2071/1942/1145 2075/1946/1145 129/139/69 128/142/69
f 2075/1946/1145 2266/2137/1145 2122/1993/1145 136/140/70 129/139/69
f 2080/1951/1144 2078/1949/1144 2299/2170/1144 129/139/69 130/138/69
f 2734/2605/1145 2083/1954/1145 2087/1958/1145 125/3034/69 130/138/69
f 2087/1958/1145 2257/2128/1145 2134/2005/1145 131/3038/70 125/3034/69
f 2740/2611/1146 2101/1972/1146 2105/1976/1146 133/3092/70 132/3091/70
f 2110/1981/1145 2108/1979/1145 2281/2152/1145 133/3092/70 134/144/70
f 2743/2614/1146 2113/1984/1146 2117/1988/1146 135/145/70 134/144/70
f 2122/1993/1145 2120/1991/1145 2272/2143/1145 135/145/70 136/140/70
f 2746/2617/1146 2125/1996/1146 2129/2000/1146 137/141/70 136/140/70
f 2134/2005/1145 2132/2003/1145 2263/2134/1145 137/141/70 131/3038/70
f 2263/2134/1145 2261/2132/1145 2734/2605/1145 130/138/69 137/141/70
f 2272/2143/1145 2270/2141/1145 2731/2602/1145 128/142/69 135/145/70
f 2281/2152/1145 2279/2150/1145 2728/2599/1145 126/150/69 133/3092/70
f 2299/2170/1144 2297/2168/1144 2722/2593/1144 123/146/71 129/139/69
f 2308/2179/1144 2306/2177/1144 2719/2590/1144 121/148/71 127/143/69
f 2326/2197/1144 2324/2195/1144 2713/2584/1144 117/3032/71 124/3036/69
f 2551/2422/1139 2549/2420/1139 2638/2509/1139 105/151/72 114/154/73
f 2560/2431/1139 2558/2429/1139 2635/2506/1139 103/155/72 112/158/73
f 2569/2440/1139 2567/2438/1139 2632/2503/1139 101/159/72 110/162/73
f 2578/2449/1139 2576/2447/1139 2629/2500/1139 99/163/72 108/166/73
f 2760/2854/1147 2763/2853/72 2930/2970/72 2929/2969/1147
f 2761/3093/1133 2809/3094/1133 2925/2964/1133 2871/2936/1133
f 2762/3095/1133 2761/3093/1133 2871/2936/1133 2874/2935/1133
f 2810/2645/893 2760/2854/1147 2929/2969/1147 2977/2715/893
f 2763/2853/72 2769/2860/73 2936/2975/73 2930/2970/72
f 2768/3096/1133 2762/3095/1133 2874/2935/1133 2880/2942/1133
f 2764/3097/72 2767/3098/1147 2934/2974/1147 2933/2973/72
f 2765/2855/1130 2771/2861/1130 2881/2676/1130 2875/2940/1130
f 2766/2856/1130 2765/2855/1130 2875/2940/1130 2878/2939/1130
f 2770/3099/73 2764/3097/72 2933/2973/72 2939/2977/73
f 2767/3098/1147 2812/2647/893 2981/2719/893 2934/2974/1147
f 2813/2896/1130 2766/2856/1130 2878/2939/1130 2926/2966/1130
f 2769/2860/73 2772/2631/878 2940/2979/878 2936/2975/73
f 2773/3100/1133 2768/3096/1133 2880/2942/1133 2886/2944/1133
f 2771/2861/1130 2777/2863/1130 2888/2683/1130 2881/2676/1130
f 2775/3101/878 2770/3099/73 2939/2977/73 2943/2706/878
f 2774/2868/877 2779/2867/1134 2946/2981/1134 2941/2704/877
f 2778/3102/1133 2773/3103/1133 2886/2681/1133 2892/2687/1133
f 2777/2870/1130 2781/2869/1130 2894/2689/1130 2888/2946/1130
f 2780/3104/1134 2776/2635/877 2945/2984/877 2949/2983/1134
f 2779/2867/1134 2783/2874/1135 2950/2987/1135 2946/2981/1134
f 2782/3105/1133 2778/3102/1133 2892/2687/1133 2897/2948/1133
f 2781/2869/1130 2785/2875/1130 2898/2950/1130 2894/2689/1130
f 2784/3106/1135 2780/3104/1134 2949/2983/1134 2953/2989/1135
f 2783/2874/1135 2787/2878/1137 2954/2990/1137 2950/2987/1135
f 2786/3107/1133 2782/3105/1133 2897/2948/1133 2901/2952/1133
f 2785/2875/1130 2789/2879/1130 2902/2954/1130 2898/2950/1130
f 2788/3108/1137 2784/3106/1135 2953/2989/1135 2957/2992/1137
f 2787/2878/1137 2790/2637/886 2958/2709/886 2954/2990/1137
f 2791/3109/1133 2786/3107/1133 2901/2952/1133 2905/2956/1133
f 2789/2879/1130 2795/2881/1130 2906/2958/1130 2902/2954/1130
f 2793/2640/886 2788/3108/1137 2957/2992/1137 2961/2712/886
f 2792/2639/885 2797/2884/71 2964/2993/71 2959/2710/885
f 2796/3110/1133 2791/3109/1133 2905/2956/1133 2910/2693/1133
f 2795/2881/1130 2799/2885/1130 2911/2694/1130 2906/2958/1130
f 2798/3111/71 2794/2641/885 2963/2713/885 2967/2995/71
f 2797/2884/71 2801/2889/69 2968/2997/69 2964/2993/71
f 2800/3112/1133 2796/3110/1133 2910/2693/1133 2915/2960/1133
f 2799/2885/1130 2803/2890/1130 2916/2962/1130 2911/2694/1130
f 2802/3113/69 2798/3111/71 2967/2995/71 2971/2999/69
f 2801/2889/69 2805/2893/1145 2972/3000/1145 2968/2997/69
f 2804/3114/1133 2800/3112/1133 2915/2960/1133 2920/2699/1133
f 2803/2890/1130 2807/2894/1130 2922/2701/1130 2916/2962/1130
f 2806/3115/70 2802/3113/69 2971/2999/69 2975/3002/70
f 2805/2893/1146 2808/2643/894 2976/2714/894 2972/3000/1146
f 2809/3094/1133 2804/3114/1133 2920/2699/1133 2925/2964/1133
f 2811/2646/894 2806/3115/70 2975/3002/70 2979/2717/894
f 2807/2894/1130 2813/2896/1130 2926/2966/1130 2922/2701/1130
f 2814/2902/1132 2817/2901/72 2873/2934/72 2872/2933/1132
f 2868/2930/1131 2814/2902/1131 2872/2933/1131 2924/2963/1131
f 2817/2901/72 2823/2908/1139 2879/2941/1139 2873/2934/72
f 2818/2906/72 2821/2905/1132 2877/2938/1132 2876/2937/72
f 2824/2649/1128 2818/2906/72 2876/2937/72 2883/2678/1128
f 2821/2905/1131 2869/2932/1131 2927/2965/1131 2877/2938/1131
f 2823/2908/1140 2827/2652/878 2884/2943/878 2879/2941/1140
f 2830/2910/878 2825/2650/1129 2882/2677/1129 2887/2682/878
f 2829/2912/877 2833/2658/1122 2890/2685/1122 2885/2680/877
f 2836/2661/1122 2831/2656/877 2889/2945/877 2893/2688/1122
f 2835/2660/1123 2840/2914/1135 2896/2947/1135 2891/2686/1123
f 2841/2916/1135 2837/2662/1123 2895/2690/1123 2899/2949/1135
f 2840/2914/1135 2844/2918/1138 2900/2951/1138 2896/2947/1135
f 2845/2920/1138 2841/2916/1135 2899/2949/1135 2903/2953/1138
f 2844/2918/1142 2848/2922/1142 2904/2955/1142 2900/2951/1142
f 2849/2924/1142 2845/2920/1142 2903/2953/1142 2907/2957/1142
f 2848/2922/1143 2851/2664/1127 2908/2691/1127 2904/2955/1143
f 2854/2667/1127 2849/2924/1143 2907/2957/1143 2913/2696/1127
f 2853/2666/1126 2858/2926/69 2914/2959/69 2909/2692/1126
f 2859/2928/69 2855/2668/1126 2912/2695/1126 2917/2961/69
f 2858/2926/69 2863/2672/1125 2918/2697/1125 2914/2959/69
f 2864/2673/1125 2859/2928/69 2917/2961/69 2921/2700/1125
f 2862/2671/1124 2868/2930/1146 2924/2963/1146 2919/2698/1124
f 2869/2932/1146 2865/2674/1124 2923/2702/1124 2927/2965/1146
f 2928/3116/1133 2931/3117/1133 2937/3118/1133 2942/3119/1133 2947/3120/1133 2951/3121/1133 2955/3122/1133 2960/3123/1133 2965/3124/1133 2969/3125/1133 2973/3126/1133 2978/3127/1133
f 2932/3128/1130 2935/3129/1130 2980/3130/1130 2974/3131/1130 2970/3132/1130 2966/3133/1130 2962/3134/1130 2956/3135/1130 2952/3136/1130 2948/3137/1130 2944/3138/1130 2938/3139/1130
o Cylinder.003
v 4.961743 2.857280 -0.155910
v 5.380953 2.857280 -0.155910
v 4.961743 2.485235 -0.255599
v 8.315420 2.485235 -0.255600
v 5.380952 2.485235 -0.255599
v 5.800162 2.485235 -0.255599
v 6.219372 2.485235 -0.255599
v 6.638582 2.485235 -0.255599
v 7.057791 2.485235 -0.255600
v 7.477001 2.485235 -0.255600
v 7.896211 2.485235 -0.255600
v 4.961743 2.212879 -0.527955
v 8.315420 2.212879 -0.527956
v 5.380953 2.212879 -0.527955
v 5.800162 2.212879 -0.527955
v 6.219372 2.212879 -0.527955
v 6.638582 2.212879 -0.527955
v 7.057791 2.212879 -0.527955
v 7.477001 2.212879 -0.527955
v 7.896211 2.212879 -0.527956
v 8.315420 2.212879 -1.272045
v 8.315420 2.485235 -1.544401
v 4.961742 2.857280 -1.644089
v 4.961742 3.501681 -1.272044
v 6.219372 3.501681 -1.272045
v 6.638581 3.501681 -1.272045
v 7.057791 3.501681 -1.272045
v 7.477001 3.501681 -1.272045
v 4.961742 3.601370 -0.899999
v 6.219372 3.601370 -0.900000
v 6.638581 3.601370 -0.900000
v 7.057791 3.601370 -0.900000
v 7.477001 3.601370 -0.900000
v 4.961743 3.501681 -0.527955
v 8.315420 3.501681 -0.527956
v 5.380952 3.501681 -0.527955
v 5.800162 3.501681 -0.527955
v 6.219372 3.501681 -0.527955
v 6.638581 3.501681 -0.527955
v 7.057791 3.501681 -0.527955
v 7.477001 3.501681 -0.527955
v 7.896211 3.501681 -0.527956
v 5.171348 2.606487 0.035973
v 6.009767 2.606487 0.035973
v 6.848186 2.606487 0.035972
v 7.686606 2.606487 0.035972
v 5.590558 2.172100 -0.214820
v 6.428977 2.172100 -0.214821
v 7.267396 2.172100 -0.214821
v 8.105816 2.172100 -0.214821
v 5.171348 1.921307 -0.649207
v 6.009767 1.921307 -0.649207
v 6.848186 1.921307 -0.649207
v 7.686606 1.921307 -0.649207
v 5.590557 1.921307 -1.150793
v 6.428977 1.921307 -1.150793
v 7.267396 1.921307 -1.150793
v 8.105816 1.921307 -1.150794
v 5.171348 2.172100 -1.585179
v 6.009767 2.172100 -1.585179
v 6.848186 2.172100 -1.585180
v 7.686605 2.172100 -1.585180
v 5.590557 2.606487 -1.835972
v 6.428976 2.606487 -1.835972
v 7.267395 2.606487 -1.835973
v 8.105815 2.606487 -1.835973
v 5.171347 3.108073 -1.835972
v 6.009767 3.108073 -1.835972
v 6.848186 3.108073 -1.835973
v 7.686605 3.108073 -1.835973
v 5.590557 3.542459 -1.585179
v 6.428977 3.542459 -1.585179
v 7.267396 3.542459 -1.585180
v 8.105815 3.542459 -1.585180
v 5.171348 3.793252 -1.150793
v 6.009767 3.793252 -1.150793
v 6.848186 3.793252 -1.150793
v 7.686605 3.793252 -1.150793
v 5.590557 3.793252 -0.649207
v 6.428977 3.793252 -0.649207
v 7.267396 3.793252 -0.649207
v 8.105816 3.793252 -0.649207
v 5.171348 3.542459 -0.214820
v 6.009767 3.542459 -0.214821
v 6.848186 3.542459 -0.214821
v 7.686606 3.542459 -0.214821
v 5.590558 3.108073 0.035973
v 6.428977 3.108073 0.035972
v 7.267396 3.108073 0.035972
v 8.105816 3.108073 0.035972
v 8.486522 2.857280 -0.143653
v 8.474682 2.857280 -0.155911
v 4.802482 2.857280 -0.155910
v 4.790642 2.857280 -0.143652
v 8.474682 2.485235 -0.255600
v 8.486522 2.479106 -0.244984
v 4.790641 2.479106 -0.244983
v 4.802482 2.485235 -0.255599
v 8.474682 2.212879 -0.527956
v 8.486522 2.202264 -0.521827
v 4.790642 2.202264 -0.521826
v 4.802482 2.212879 -0.527955
v 8.474682 2.116255 -0.888564
v 8.474682 2.116255 -0.911437
v 8.486522 2.100932 -0.900001
v 4.790642 2.100932 -0.899999
v 4.802482 2.116255 -0.911436
v 4.802482 2.116255 -0.888563
v 8.474682 2.212879 -1.272045
v 8.486522 2.202264 -1.278174
v 4.790641 2.202264 -1.278173
v 4.802482 2.212879 -1.272044
v 8.474681 2.485235 -1.544401
v 8.486522 2.479106 -1.555017
v 4.790641 2.479106 -1.555016
v 4.802481 2.485235 -1.544400
v 8.474681 2.857280 -1.644090
v 8.486522 2.857280 -1.656348
v 4.790641 2.857280 -1.656347
v 4.802481 2.857280 -1.644089
v 8.474681 3.217888 -1.547466
v 8.474681 3.237697 -1.536029
v 8.486522 3.235454 -1.555017
v 4.790641 3.235454 -1.555016
v 4.802481 3.237697 -1.536028
v 4.802481 3.217888 -1.547464
v 8.474681 3.501681 -1.272045
v 8.486522 3.512296 -1.278174
v 4.790641 3.512296 -1.278173
v 4.802482 3.501681 -1.272044
v 8.474681 3.601370 -0.900001
v 8.486522 3.613627 -0.900001
v 4.790641 3.613627 -0.899999
v 4.802482 3.601370 -0.899999
v 8.474682 3.501681 -0.527956
v 8.486522 3.512296 -0.521827
v 4.790641 3.512296 -0.521826
v 4.802482 3.501681 -0.527955
v 8.474682 3.237697 -0.263972
v 8.474682 3.217888 -0.252536
v 8.486522 3.235454 -0.244984
v 4.790641 3.235454 -0.244983
v 4.802482 3.217888 -0.252534
v 4.802482 3.237697 -0.263971
v 8.130387 3.089974 0.029096
v 8.114125 3.092077 0.040258
v 8.116474 3.073356 0.033592
v 7.697265 2.641203 0.033592
v 7.694916 2.622482 0.040258
v 7.711177 2.624585 0.029096
v 7.291967 3.089974 0.029096
v 7.275706 3.092077 0.040258
v 7.278055 3.073356 0.033593
v 6.858845 2.641203 0.033593
v 6.856496 2.622482 0.040258
v 6.872757 2.624585 0.029097
v 6.453548 3.089974 0.029097
v 6.437286 3.092077 0.040259
v 6.439636 3.073356 0.033593
v 6.020426 2.641203 0.033593
v 6.018077 2.622482 0.040259
v 6.034338 2.624585 0.029097
v 5.615129 3.089974 0.029097
v 5.598867 3.092077 0.040259
v 5.601216 3.073356 0.033593
v 5.182006 2.641203 0.033593
v 5.179657 2.622482 0.040259
v 5.195919 2.624585 0.029097
v 5.160689 2.641203 0.033593
v 5.146777 2.624585 0.029097
v 5.163038 2.622482 0.040259
v 5.146777 2.594250 0.020969
v 5.160689 2.577611 0.016554
v 5.163038 2.590491 0.031687
v 5.579898 2.203355 -0.199523
v 5.565987 2.191211 -0.211726
v 5.582248 2.183809 -0.203111
v 5.985196 2.594251 0.020969
v 5.999108 2.577611 0.016554
v 6.001457 2.590491 0.031687
v 6.418318 2.203355 -0.199524
v 6.404406 2.191211 -0.211726
v 6.420667 2.183809 -0.203112
v 6.823616 2.594251 0.020969
v 6.837528 2.577611 0.016553
v 6.839877 2.590491 0.031686
v 7.256737 2.203355 -0.199524
v 7.242825 2.191211 -0.211726
v 7.259087 2.183809 -0.203112
v 7.662035 2.594251 0.020968
v 7.675947 2.577611 0.016553
v 7.678297 2.590491 0.031686
v 8.095157 2.203355 -0.199524
v 8.081244 2.191211 -0.211727
v 8.097506 2.183809 -0.203112
v 8.116474 2.203355 -0.199524
v 8.114125 2.183809 -0.203112
v 8.130386 2.191211 -0.211727
v 5.160689 1.940726 -0.620331
v 5.146777 1.936310 -0.636971
v 5.163038 1.925593 -0.633211
v 5.565987 2.169005 -0.233932
v 5.579899 2.156802 -0.246076
v 5.582248 2.160390 -0.226530
v 5.999108 1.940726 -0.620331
v 5.985196 1.936310 -0.636971
v 6.001458 1.925593 -0.633211
v 6.404406 2.169005 -0.233932
v 6.418318 2.156803 -0.246076
v 6.420668 2.160390 -0.226530
v 6.837528 1.940726 -0.620332
v 6.823616 1.936310 -0.636971
v 6.839877 1.925593 -0.633212
v 7.242825 2.169005 -0.233933
v 7.256737 2.156803 -0.246076
v 7.259087 2.160390 -0.226531
v 7.675947 1.940726 -0.620332
v 7.662035 1.936310 -0.636972
v 7.678296 1.925593 -0.633212
v 8.081244 2.169005 -0.233933
v 8.095157 2.156802 -0.246076
v 8.097507 2.160390 -0.226531
v 8.116474 2.156803 -0.246076
v 8.130386 2.169005 -0.233933
v 8.114125 2.160390 -0.226531
v 5.146777 1.928182 -0.667305
v 5.160689 1.923686 -0.683923
v 5.163038 1.917021 -0.665202
v 5.579898 1.923686 -1.116076
v 5.565987 1.928182 -1.132694
v 5.582248 1.917021 -1.134797
v 5.985196 1.928182 -0.667305
v 5.999108 1.923686 -0.683923
v 6.001458 1.917021 -0.665202
v 6.418318 1.923686 -1.116077
v 6.404406 1.928182 -1.132694
v 6.420667 1.917021 -1.134797
v 6.823616 1.928182 -0.667305
v 6.837528 1.923686 -0.683923
v 6.839877 1.917021 -0.665202
v 7.256737 1.923686 -1.116077
v 7.242825 1.928182 -1.132695
v 7.259087 1.917021 -1.134798
v 7.662035 1.928182 -0.667306
v 7.675947 1.923686 -0.683923
v 7.678296 1.917021 -0.665203
v 8.095157 1.923686 -1.116077
v 8.081244 1.928182 -1.132695
v 8.097506 1.917021 -1.134798
v 8.116474 1.923686 -1.116077
v 8.114125 1.917021 -1.134798
v 8.130386 1.928182 -1.132695
v 5.160688 2.156803 -1.553924
v 5.146776 2.169006 -1.566067
v 5.163038 2.160391 -1.573469
v 5.565986 1.936310 -1.163028
v 5.579898 1.940726 -1.179668
v 5.582248 1.925593 -1.166788
v 5.999108 2.156803 -1.553924
v 5.985196 2.169006 -1.566068
v 6.001457 2.160391 -1.573470
v 6.404406 1.936310 -1.163029
v 6.418318 1.940726 -1.179668
v 6.420667 1.925593 -1.166788
v 6.837527 2.156803 -1.553925
v 6.823615 2.169006 -1.566068
v 6.839877 2.160391 -1.573470
v 7.242825 1.936310 -1.163029
v 7.256737 1.940726 -1.179668
v 7.259087 1.925593 -1.166789
v 7.675947 2.156803 -1.553925
v 7.662035 2.169006 -1.566068
v 7.678296 2.160391 -1.573470
v 8.081244 1.936310 -1.163029
v 8.095157 1.940726 -1.179669
v 8.097506 1.925593 -1.166789
v 8.116474 1.940726 -1.179669
v 8.130386 1.936310 -1.163029
v 8.114125 1.925593 -1.166789
v 5.146776 2.191212 -1.588274
v 5.160688 2.203355 -1.600476
v 5.163038 2.183810 -1.596889
v 5.579898 2.577611 -1.816553
v 5.565986 2.594251 -1.820968
v 5.582247 2.590491 -1.831686
v 5.985196 2.191212 -1.588274
v 5.999108 2.203355 -1.600476
v 6.001457 2.183810 -1.596889
v 6.418317 2.577611 -1.816553
v 6.404405 2.594251 -1.820968
v 6.420667 2.590491 -1.831686
v 6.823615 2.191212 -1.588274
v 6.837527 2.203355 -1.600477
v 6.839877 2.183810 -1.596889
v 7.256737 2.577611 -1.816554
v 7.242825 2.594251 -1.820969
v 7.259086 2.590491 -1.831687
v 7.662035 2.191212 -1.588274
v 7.675947 2.203356 -1.600477
v 7.678296 2.183810 -1.596889
v 8.095157 2.577611 -1.816554
v 8.081244 2.594251 -1.820969
v 8.097506 2.590491 -1.831687
v 8.116474 2.577611 -1.816554
v 8.114124 2.590491 -1.831687
v 8.130386 2.594250 -1.820969
v 5.160688 3.073356 -1.833592
v 5.146776 3.089974 -1.829096
v 5.163038 3.092077 -1.840258
v 5.565986 2.624585 -1.829096
v 5.579898 2.641203 -1.833592
v 5.582247 2.622482 -1.840258
v 5.999107 3.073356 -1.833593
v 5.985195 3.089974 -1.829097
v 6.001457 3.092076 -1.840258
v 6.404405 2.624585 -1.829097
v 6.418317 2.641203 -1.833593
v 6.420667 2.622482 -1.840258
v 6.837527 3.073356 -1.833593
v 6.823615 3.089974 -1.829097
v 6.839877 3.092077 -1.840259
v 7.242825 2.624585 -1.829097
v 7.256737 2.641203 -1.833593
v 7.259086 2.622482 -1.840259
v 7.675947 3.073356 -1.833593
v 7.662034 3.089974 -1.829097
v 7.678296 3.092077 -1.840259
v 8.081244 2.624585 -1.829097
v 8.095157 2.641203 -1.833593
v 8.097506 2.622482 -1.840259
v 8.116474 2.641203 -1.833593
v 8.130386 2.624585 -1.829097
v 8.114124 2.622482 -1.840259
v 5.146776 3.120308 -1.820968
v 5.160688 3.136947 -1.816553
v 5.163037 3.124068 -1.831686
v 5.579898 3.511204 -1.600476
v 5.565986 3.523347 -1.588274
v 5.582247 3.530749 -1.596888
v 5.985196 3.120309 -1.820968
v 5.999108 3.136948 -1.816553
v 6.001457 3.124068 -1.831686
v 6.418317 3.511204 -1.600477
v 6.404405 3.523347 -1.588274
v 6.420667 3.530749 -1.596889
v 6.823615 3.120308 -1.820969
v 6.837527 3.136947 -1.816554
v 6.839876 3.124068 -1.831687
v 7.256737 3.511203 -1.600477
v 7.242825 3.523346 -1.588274
v 7.259086 3.530749 -1.596890
v 7.662035 3.120308 -1.820969
v 7.675947 3.136947 -1.816554
v 7.678296 3.124068 -1.831687
v 8.095157 3.511203 -1.600477
v 8.081244 3.523346 -1.588275
v 8.097506 3.530749 -1.596890
v 8.116474 3.511204 -1.600477
v 8.114124 3.530749 -1.596889
v 8.130386 3.523347 -1.588274
v 5.160688 3.773833 -1.179668
v 5.146776 3.778248 -1.163028
v 5.163038 3.788966 -1.166788
v 5.565986 3.545553 -1.566068
v 5.579898 3.557756 -1.553924
v 5.582247 3.554168 -1.573470
v 5.999108 3.773833 -1.179668
v 5.985196 3.778248 -1.163028
v 6.001457 3.788966 -1.166788
v 6.404405 3.545553 -1.566068
v 6.418317 3.557756 -1.553924
v 6.420667 3.554168 -1.573470
v 6.837527 3.773833 -1.179668
v 6.823615 3.778248 -1.163029
v 6.839877 3.788966 -1.166788
v 7.242825 3.545553 -1.566068
v 7.256737 3.557756 -1.553925
v 7.259086 3.554168 -1.573470
v 7.675947 3.773833 -1.179669
v 7.662035 3.778248 -1.163029
v 7.678296 3.788966 -1.166789
v 8.081244 3.545553 -1.566069
v 8.095156 3.557756 -1.553925
v 8.097506 3.554168 -1.573470
v 8.116474 3.557756 -1.553925
v 8.130386 3.545553 -1.566068
v 8.114124 3.554168 -1.573470
v 5.146776 3.786376 -1.132694
v 5.160688 3.790873 -1.116076
v 5.163038 3.797539 -1.134797
v 5.579898 3.790873 -0.683923
v 5.565986 3.786376 -0.667305
v 5.582248 3.797538 -0.665202
v 5.985196 3.786376 -1.132694
v 5.999108 3.790873 -1.116076
v 6.001457 3.797539 -1.134797
v 6.418318 3.790873 -0.683923
v 6.404406 3.786376 -0.667305
v 6.420667 3.797539 -0.665202
v 6.823615 3.786376 -1.132695
v 6.837527 3.790873 -1.116077
v 6.839877 3.797539 -1.134798
v 7.256737 3.790873 -0.683923
v 7.242825 3.786376 -0.667305
v 7.259086 3.797539 -0.665202
v 7.662035 3.786376 -1.132695
v 7.675947 3.790873 -1.116077
v 7.678296 3.797539 -1.134798
v 8.095157 3.790873 -0.683924
v 8.081244 3.786376 -0.667306
v 8.097506 3.797539 -0.665203
v 8.116474 3.790873 -0.683924
v 8.114125 3.797538 -0.665203
v 8.130386 3.786376 -0.667306
v 5.160689 3.557755 -0.246075
v 5.146777 3.545553 -0.233932
v 5.163038 3.554168 -0.226530
v 5.565986 3.778248 -0.636971
v 5.579898 3.773833 -0.620331
v 5.582248 3.788966 -0.633211
v 5.999108 3.557755 -0.246076
v 5.985196 3.545553 -0.233932
v 6.001457 3.554168 -0.226530
v 6.404406 3.778248 -0.636971
v 6.418318 3.773833 -0.620332
v 6.420667 3.788966 -0.633211
v 6.837528 3.557755 -0.246076
v 6.823615 3.545553 -0.233932
v 6.839877 3.554168 -0.226530
v 7.242825 3.778248 -0.636971
v 7.256737 3.773833 -0.620332
v 7.259086 3.788966 -0.633212
v 7.675947 3.557755 -0.246076
v 7.662035 3.545553 -0.233932
v 7.678296 3.554168 -0.226530
v 8.081244 3.778248 -0.636972
v 8.095157 3.773833 -0.620332
v 8.097506 3.788966 -0.633212
v 8.116474 3.773833 -0.620332
v 8.130386 3.778248 -0.636972
v 8.114125 3.788966 -0.633212
v 5.146777 3.523347 -0.211726
v 5.160689 3.511204 -0.199523
v 5.163038 3.530749 -0.203111
v 5.579899 3.136947 0.016554
v 5.565986 3.120308 0.020969
v 5.582248 3.124068 0.031687
v 5.985196 3.523347 -0.211726
v 5.999108 3.511204 -0.199523
v 6.001457 3.530749 -0.203111
v 6.418318 3.136947 0.016554
v 6.404406 3.120308 0.020969
v 6.420667 3.124068 0.031687
v 6.823616 3.523347 -0.211726
v 6.837528 3.511204 -0.199523
v 6.839877 3.530749 -0.203111
v 7.256738 3.136947 0.016553
v 7.242825 3.120308 0.020968
v 7.259087 3.124068 0.031686
v 7.662035 3.523347 -0.211726
v 7.675947 3.511204 -0.199524
v 7.678297 3.530749 -0.203111
v 8.095157 3.136947 0.016553
v 8.081244 3.120308 0.020968
v 8.097506 3.124068 0.031686
v 8.116474 3.136947 0.016553
v 8.114125 3.124068 0.031686
v 8.130386 3.120308 0.020968
v 8.301778 2.868717 -0.158975
v 8.315420 2.845843 -0.158975
v 8.327261 2.857280 -0.155911
v 8.315420 2.868717 -0.158975
v 7.896211 2.868717 -0.158975
v 7.896211 2.845843 -0.158975
v 8.095157 3.073356 0.033592
v 8.097507 3.092077 0.040258
v 8.081244 3.089974 0.029096
v 7.477001 2.868717 -0.158975
v 7.477001 2.845843 -0.158975
v 7.675947 2.641203 0.033592
v 7.662035 2.624585 0.029096
v 7.678297 2.622482 0.040258
v 7.057791 2.868717 -0.158975
v 7.057791 2.845843 -0.158975
v 7.256737 3.073356 0.033593
v 7.259087 3.092077 0.040258
v 7.242825 3.089974 0.029096
v 6.638582 2.868717 -0.158975
v 6.638582 2.845843 -0.158975
v 6.837528 2.641203 0.033593
v 6.823616 2.624585 0.029097
v 6.839877 2.622482 0.040258
v 6.219372 2.868717 -0.158975
v 6.219372 2.845843 -0.158975
v 6.418318 3.073356 0.033593
v 6.420667 3.092077 0.040259
v 6.404406 3.089974 0.029097
v 5.813805 2.845843 -0.158974
v 5.800162 2.868717 -0.158974
v 5.791220 2.864776 -0.157919
v 5.788322 2.857280 -0.155910
v 5.800162 2.845843 -0.158974
v 5.999108 2.641203 0.033593
v 5.985196 2.624585 0.029097
v 6.001458 2.622482 0.040259
v 5.579899 3.073356 0.033593
v 5.582248 3.092077 0.040259
v 5.565986 3.089974 0.029097
v 5.182007 2.577611 0.016554
v 5.195919 2.594251 0.020969
v 5.179657 2.590491 0.031687
v 5.601216 2.203355 -0.199523
v 5.598867 2.183809 -0.203111
v 5.615129 2.191211 -0.211726
v 6.020426 2.577611 0.016554
v 6.034338 2.594251 0.020969
v 6.018077 2.590491 0.031687
v 6.439636 2.203355 -0.199524
v 6.437286 2.183809 -0.203112
v 6.453548 2.191211 -0.211726
v 6.858845 2.577611 0.016553
v 6.872758 2.594251 0.020968
v 6.856496 2.590491 0.031686
v 7.278055 2.203355 -0.199524
v 7.275706 2.183809 -0.203112
v 7.291967 2.191211 -0.211726
v 7.697265 2.577611 0.016553
v 7.711177 2.594251 0.020968
v 7.694916 2.590491 0.031686
v 5.182006 1.940726 -0.620331
v 5.179657 1.925593 -0.633211
v 5.195919 1.936310 -0.636971
v 5.601216 2.156803 -0.246075
v 5.615129 2.169005 -0.233932
v 5.598867 2.160390 -0.226530
v 6.020426 1.940726 -0.620332
v 6.018077 1.925593 -0.633211
v 6.034338 1.936310 -0.636971
v 6.439636 2.156803 -0.246076
v 6.453548 2.169005 -0.233932
v 6.437286 2.160390 -0.226530
v 6.858845 1.940726 -0.620332
v 6.856496 1.925593 -0.633212
v 6.872757 1.936310 -0.636971
v 7.278055 2.156803 -0.246076
v 7.291967 2.169005 -0.233933
v 7.275706 2.160390 -0.226531
v 7.697265 1.940726 -0.620332
v 7.694916 1.925593 -0.633212
v 7.711177 1.936310 -0.636972
v 4.961743 2.116255 -0.911436
v 4.961743 2.116255 -0.888563
v 8.315420 2.116255 -0.888564
v 8.315420 2.116255 -0.911437
v 5.380953 2.116255 -0.911436
v 5.380953 2.116255 -0.888563
v 5.182006 1.923686 -0.683923
v 5.195919 1.928182 -0.667305
v 5.179657 1.917021 -0.665202
v 5.800162 2.116255 -0.911436
v 5.800162 2.116255 -0.888563
v 5.601216 1.923686 -1.116077
v 5.598867 1.917021 -1.134797
v 5.615129 1.928182 -1.132694
v 6.219372 2.116255 -0.911437
v 6.219372 2.116255 -0.888563
v 6.020426 1.923686 -0.683923
v 6.034338 1.928182 -0.667305
v 6.018077 1.917021 -0.665202
v 6.638582 2.116255 -0.911437
v 6.638582 2.116255 -0.888563
v 6.439635 1.923686 -1.116077
v 6.437286 1.917021 -1.134797
v 6.453548 1.928182 -1.132694
v 7.057791 2.116255 -0.911437
v 7.057791 2.116255 -0.888563
v 6.858845 1.923686 -0.683923
v 6.872757 1.928182 -0.667305
v 6.856496 1.917021 -0.665202
v 7.477001 2.116255 -0.911437
v 7.477001 2.116255 -0.888564
v 7.278055 1.923686 -1.116077
v 7.275705 1.917021 -1.134798
v 7.291967 1.928182 -1.132695
v 7.896211 2.116255 -0.911437
v 7.896211 2.116255 -0.888564
v 7.697265 1.923686 -0.683923
v 7.711177 1.928182 -0.667306
v 7.694916 1.917021 -0.665203
v 4.975385 2.221252 -1.280416
v 4.961743 2.209815 -1.260607
v 4.949903 2.212879 -1.272044
v 4.961743 2.221252 -1.280416
v 5.380952 2.209815 -1.260608
v 5.367310 2.221252 -1.280417
v 5.380952 2.221252 -1.280417
v 5.392793 2.212879 -1.272044
v 5.389894 2.210871 -1.264548
v 5.182006 2.156803 -1.553924
v 5.179657 2.160391 -1.573469
v 5.195919 2.169006 -1.566067
v 5.813805 2.221252 -1.280417
v 5.800162 2.209815 -1.260608
v 5.791220 2.210871 -1.264548
v 5.788322 2.212879 -1.272045
v 5.800162 2.221252 -1.280417
v 5.601216 1.940726 -1.179668
v 5.615129 1.936310 -1.163028
v 5.598867 1.925593 -1.166788
v 6.219372 2.209815 -1.260608
v 6.205729 2.221252 -1.280417
v 6.219372 2.221252 -1.280417
v 6.231212 2.212879 -1.272045
v 6.228314 2.210871 -1.264548
v 6.020426 2.156803 -1.553924
v 6.018076 2.160391 -1.573470
v 6.034338 2.169006 -1.566068
v 6.652224 2.221252 -1.280417
v 6.638581 2.209815 -1.260608
v 6.629640 2.210871 -1.264548
v 6.626741 2.212879 -1.272045
v 6.638581 2.221252 -1.280417
v 6.439635 1.940726 -1.179668
v 6.453548 1.936310 -1.163029
v 6.437286 1.925593 -1.166788
v 7.057791 2.209815 -1.260608
v 7.044148 2.221252 -1.280417
v 7.057791 2.221252 -1.280417
v 7.069632 2.212879 -1.272045
v 7.066733 2.210871 -1.264549
v 6.858845 2.156803 -1.553924
v 6.856496 2.160391 -1.573470
v 6.872757 2.169006 -1.566068
v 7.490644 2.221252 -1.280417
v 7.477001 2.209815 -1.260608
v 7.468059 2.210871 -1.264549
v 7.465160 2.212879 -1.272045
v 7.477001 2.221252 -1.280417
v 7.278055 1.940726 -1.179669
v 7.291967 1.936310 -1.163029
v 7.275706 1.925593 -1.166789
v 7.896211 2.209815 -1.260608
v 7.882568 2.221252 -1.280417
v 7.896211 2.221252 -1.280417
v 7.908051 2.212879 -1.272045
v 7.905153 2.210871 -1.264549
v 7.697265 2.156803 -1.553925
v 7.694915 2.160391 -1.573470
v 7.711177 2.169006 -1.566068
v 4.961742 2.496672 -1.547464
v 4.975385 2.476863 -1.536028
v 4.961742 2.476863 -1.536028
v 4.949902 2.485235 -1.544400
v 5.367310 2.476863 -1.536028
v 5.380952 2.496672 -1.547465
v 5.389894 2.492732 -1.546409
v 5.392792 2.485235 -1.544400
v 5.380952 2.476863 -1.536028
v 5.182006 2.203355 -1.600476
v 5.195919 2.191212 -1.588274
v 5.179657 2.183810 -1.596889
v 5.800162 2.496672 -1.547465
v 5.813804 2.476863 -1.536028
v 5.800162 2.476863 -1.536028
v 5.788321 2.485235 -1.544400
v 5.791220 2.492732 -1.546409
v 5.601215 2.577611 -1.816553
v 5.598866 2.590491 -1.831686
v 5.615128 2.594250 -1.820968
v 6.205729 2.476863 -1.536028
v 6.219371 2.496672 -1.547465
v 6.228313 2.492732 -1.546409
v 6.231212 2.485235 -1.544400
v 6.219371 2.476863 -1.536028
v 6.020425 2.203355 -1.600476
v 6.034338 2.191212 -1.588274
v 6.018076 2.183810 -1.596889
v 6.638581 2.496672 -1.547465
v 6.652224 2.476863 -1.536028
v 6.638581 2.476863 -1.536028
v 6.626741 2.485235 -1.544401
v 6.629639 2.492732 -1.546409
v 6.439635 2.577611 -1.816553
v 6.437286 2.590491 -1.831686
v 6.453547 2.594251 -1.820968
v 7.044148 2.476863 -1.536028
v 7.057791 2.496672 -1.547465
v 7.066733 2.492732 -1.546409
v 7.069631 2.485235 -1.544401
v 7.057791 2.476863 -1.536028
v 6.858845 2.203355 -1.600477
v 6.872757 2.191212 -1.588274
v 6.856496 2.183810 -1.596889
v 7.477001 2.496672 -1.547465
v 7.490643 2.476863 -1.536029
v 7.477001 2.476863 -1.536029
v 7.465160 2.485235 -1.544401
v 7.468059 2.492732 -1.546409
v 7.278054 2.577611 -1.816554
v 7.275705 2.590491 -1.831687
v 7.291967 2.594251 -1.820969
v 7.882568 2.476863 -1.536029
v 7.896211 2.496672 -1.547465
v 7.905152 2.492732 -1.546410
v 7.908051 2.485235 -1.544401
v 7.896211 2.476863 -1.536029
v 7.697265 2.203356 -1.600477
v 7.711176 2.191212 -1.588274
v 7.694915 2.183810 -1.596889
v 8.301778 2.845843 -1.641026
v 8.315420 2.868717 -1.641026
v 8.327260 2.857280 -1.644090
v 8.315420 2.845843 -1.641026
v 5.380952 2.868717 -1.641025
v 5.394595 2.845843 -1.641025
v 5.380952 2.845843 -1.641025
v 5.369112 2.857280 -1.644089
v 5.372010 2.864776 -1.642081
v 5.182006 3.073356 -1.833592
v 5.179657 3.092077 -1.840258
v 5.195918 3.089974 -1.829096
v 5.800162 2.868717 -1.641025
v 5.800162 2.845843 -1.641025
v 5.601215 2.641203 -1.833592
v 5.615128 2.624585 -1.829096
v 5.598866 2.622482 -1.840258
v 6.219371 2.868717 -1.641025
v 6.219371 2.845843 -1.641025
v 6.020426 3.073355 -1.833593
v 6.018076 3.092076 -1.840258
v 6.034338 3.089973 -1.829097
v 6.624938 2.845843 -1.641025
v 6.638581 2.868717 -1.641025
v 6.647523 2.864776 -1.642081
v 6.650422 2.857280 -1.644090
v 6.638581 2.845843 -1.641025
v 6.439635 2.641203 -1.833593
v 6.453547 2.624585 -1.829097
v 6.437286 2.622482 -1.840258
v 7.057791 2.868717 -1.641025
v 7.071434 2.845843 -1.641025
v 7.057791 2.845843 -1.641025
v 7.045951 2.857280 -1.644090
v 7.048849 2.864776 -1.642081
v 6.858845 3.073356 -1.833593
v 6.856495 3.092077 -1.840259
v 6.872757 3.089974 -1.829097
v 7.463358 2.845843 -1.641025
v 7.477001 2.868717 -1.641025
v 7.485943 2.864776 -1.642081
v 7.488841 2.857280 -1.644090
v 7.477001 2.845843 -1.641025
v 7.278054 2.641203 -1.833593
v 7.291967 2.624585 -1.829097
v 7.275705 2.622482 -1.840259
v 7.896211 2.868717 -1.641026
v 7.909853 2.845843 -1.641026
v 7.896211 2.845843 -1.641026
v 7.884370 2.857280 -1.644090
v 7.887268 2.864776 -1.642081
v 7.697264 3.073356 -1.833593
v 7.694915 3.092077 -1.840259
v 7.711177 3.089974 -1.829097
v 4.961742 3.237697 -1.536028
v 4.961742 3.217888 -1.547464
v 8.315420 3.217888 -1.547466
v 8.315420 3.237697 -1.536029
v 5.380952 3.237697 -1.536028
v 5.380952 3.217888 -1.547465
v 5.182006 3.136948 -1.816553
v 5.195918 3.120308 -1.820968
v 5.179657 3.124068 -1.831686
v 5.800162 3.237697 -1.536028
v 5.800162 3.217888 -1.547465
v 5.601216 3.511204 -1.600476
v 5.598866 3.530749 -1.596889
v 5.615128 3.523347 -1.588274
v 6.219371 3.237697 -1.536028
v 6.219371 3.217888 -1.547465
v 6.020426 3.136948 -1.816553
v 6.034338 3.120308 -1.820969
v 6.018076 3.124068 -1.831687
v 6.638581 3.237697 -1.536028
v 6.638581 3.217888 -1.547465
v 6.439635 3.511204 -1.600477
v 6.437286 3.530749 -1.596889
v 6.453547 3.523347 -1.588274
v 7.057791 3.237697 -1.536028
v 7.057791 3.217888 -1.547465
v 6.858845 3.136947 -1.816554
v 6.872757 3.120308 -1.820969
v 6.856496 3.124068 -1.831687
v 7.477001 3.237697 -1.536029
v 7.477001 3.217888 -1.547465
v 7.278054 3.511203 -1.600477
v 7.275705 3.530749 -1.596890
v 7.291967 3.523346 -1.588274
v 7.896211 3.237697 -1.536029
v 7.896211 3.217888 -1.547465
v 7.697265 3.136948 -1.816554
v 7.711176 3.120308 -1.820969
v 7.694915 3.124068 -1.831687
v 8.301778 3.493308 -1.280418
v 8.315420 3.504745 -1.260609
v 8.327260 3.501681 -1.272045
v 8.315420 3.493308 -1.280418
v 5.380952 3.504745 -1.260608
v 5.394595 3.493308 -1.280417
v 5.380952 3.493308 -1.280417
v 5.369112 3.501681 -1.272044
v 5.372010 3.503689 -1.264548
v 5.182006 3.773833 -1.179668
v 5.179657 3.788966 -1.166788
v 5.195919 3.778248 -1.163028
v 5.786519 3.493308 -1.280417
v 5.800162 3.504745 -1.260608
v 5.809104 3.503689 -1.264548
v 5.812002 3.501681 -1.272045
v 5.800162 3.493308 -1.280417
v 5.601216 3.557755 -1.553924
v 5.615128 3.545553 -1.566068
v 5.598866 3.554168 -1.573470
v 6.020426 3.773833 -1.179668
v 6.018076 3.788966 -1.166788
v 6.034338 3.778248 -1.163028
v 6.439635 3.557755 -1.553924
v 6.453547 3.545553 -1.566068
v 6.437286 3.554168 -1.573470
v 6.858845 3.773833 -1.179668
v 6.856496 3.788966 -1.166789
v 6.872757 3.778248 -1.163029
v 7.278055 3.557755 -1.553925
v 7.291967 3.545553 -1.566068
v 7.275705 3.554168 -1.573470
v 7.896211 3.504745 -1.260608
v 7.909853 3.493308 -1.280417
v 7.896211 3.493308 -1.280417
v 7.884370 3.501681 -1.272045
v 7.887268 3.503689 -1.264549
v 7.697265 3.773833 -1.179669
v 7.694915 3.788966 -1.166789
v 7.711177 3.778248 -1.163029
v 8.315420 3.598305 -0.911437
v 8.301778 3.598305 -0.888564
v 8.315420 3.598305 -0.888564
v 8.327260 3.601370 -0.900001
v 5.394595 3.598305 -0.888563
v 5.380952 3.598305 -0.911436
v 5.372010 3.599361 -0.907496
v 5.369112 3.601370 -0.900000
v 5.380952 3.598305 -0.888563
v 5.182006 3.790873 -1.116076
v 5.195919 3.786376 -1.132694
v 5.179657 3.797539 -1.134797
v 5.800162 3.598305 -0.911436
v 5.786520 3.598305 -0.888563
v 5.800162 3.598305 -0.888563
v 5.812002 3.601370 -0.900000
v 5.809104 3.599361 -0.907496
v 5.601216 3.790873 -0.683923
v 5.598866 3.797539 -0.665202
v 5.615129 3.786376 -0.667305
v 6.020426 3.790873 -1.116076
v 6.034338 3.786376 -1.132694
v 6.018076 3.797539 -1.134797
v 6.439635 3.790873 -0.683923
v 6.437286 3.797538 -0.665202
v 6.453547 3.786376 -0.667305
v 6.858845 3.790873 -1.116077
v 6.872757 3.786376 -1.132695
v 6.856496 3.797539 -1.134798
v 7.278055 3.790873 -0.683923
v 7.275705 3.797539 -0.665203
v 7.291967 3.786376 -0.667306
v 7.909853 3.598305 -0.888564
v 7.896211 3.598305 -0.911437
v 7.887269 3.599361 -0.907497
v 7.884370 3.601370 -0.900000
v 7.896211 3.598305 -0.888564
v 7.697265 3.790873 -1.116077
v 7.711177 3.786376 -1.132695
v 7.694915 3.797539 -1.134798
v 5.182006 3.557756 -0.246075
v 5.179657 3.554168 -0.226530
v 5.195919 3.545553 -0.233932
v 5.601216 3.773833 -0.620331
v 5.615128 3.778248 -0.636971
v 5.598866 3.788966 -0.633211
v 6.020426 3.557756 -0.246076
v 6.018077 3.554168 -0.226530
v 6.034338 3.545553 -0.233932
v 6.439635 3.773833 -0.620332
v 6.453547 3.778248 -0.636971
v 6.437286 3.788966 -0.633211
v 6.858845 3.557756 -0.246076
v 6.856496 3.554168 -0.226530
v 6.872758 3.545553 -0.233932
v 7.278055 3.773833 -0.620332
v 7.291967 3.778248 -0.636971
v 7.275705 3.788966 -0.633212
v 7.697265 3.557756 -0.246076
v 7.694916 3.554168 -0.226530
v 7.711177 3.545553 -0.233932
v 4.961743 3.217888 -0.252534
v 4.961743 3.237697 -0.263971
v 8.315420 3.237697 -0.263972
v 8.315420 3.217888 -0.252535
v 5.380952 3.217888 -0.252535
v 5.380952 3.237697 -0.263971
v 5.182006 3.511204 -0.199523
v 5.195919 3.523347 -0.211726
v 5.179657 3.530749 -0.203111
v 5.800162 3.217888 -0.252535
v 5.800162 3.237697 -0.263971
v 5.601216 3.136947 0.016554
v 5.598867 3.124068 0.031687
v 5.615129 3.120308 0.020969
v 6.219372 3.217888 -0.252535
v 6.219372 3.237697 -0.263972
v 6.020426 3.511204 -0.199523
v 6.034338 3.523347 -0.211726
v 6.018076 3.530749 -0.203111
v 6.638582 3.217888 -0.252535
v 6.638582 3.237697 -0.263972
v 6.439636 3.136947 0.016554
v 6.437286 3.124068 0.031687
v 6.453548 3.120308 0.020969
v 7.057791 3.217888 -0.252535
v 7.057791 3.237697 -0.263972
v 6.858845 3.511204 -0.199523
v 6.872757 3.523347 -0.211726
v 6.856496 3.530749 -0.203111
v 7.477001 3.217888 -0.252535
v 7.477001 3.237697 -0.263972
v 7.278055 3.136947 0.016553
v 7.275706 3.124068 0.031686
v 7.291967 3.120308 0.020968
v 7.896211 3.217888 -0.252535
v 7.896211 3.237697 -0.263972
v 7.697265 3.511204 -0.199524
v 7.711177 3.523347 -0.211726
v 7.694916 3.530750 -0.203111
v 8.095364 3.073681 0.033375
v 8.116268 3.073681 0.033375
v 8.105816 3.087595 0.041459
v 7.676154 2.640878 0.033375
v 7.686606 2.626964 0.041459
v 7.697058 2.640878 0.033375
v 7.256944 3.073681 0.033375
v 7.277848 3.073681 0.033375
v 7.267396 3.087595 0.041459
v 6.837735 2.640878 0.033375
v 6.848186 2.626964 0.041459
v 6.858639 2.640878 0.033375
v 6.418525 3.073681 0.033376
v 6.439429 3.073681 0.033376
v 6.428977 3.087595 0.041460
v 5.999315 2.640878 0.033376
v 6.009767 2.626964 0.041460
v 6.020219 2.640878 0.033376
v 5.580106 3.073681 0.033376
v 5.601009 3.073681 0.033376
v 5.590558 3.087595 0.041460
v 5.160896 2.640878 0.033376
v 5.171348 2.626964 0.041460
v 5.181800 2.640878 0.033376
v 5.181800 2.578001 0.016528
v 5.171348 2.586009 0.030486
v 5.160896 2.578001 0.016528
v 5.601009 2.203182 -0.199874
v 5.580106 2.203182 -0.199874
v 5.590558 2.187091 -0.199830
v 6.020219 2.578001 0.016528
v 6.009767 2.586009 0.030486
v 5.999315 2.578001 0.016528
v 6.439429 2.203182 -0.199874
v 6.418525 2.203182 -0.199874
v 6.428977 2.187091 -0.199830
v 6.858639 2.578001 0.016527
v 6.848186 2.586009 0.030485
v 6.837735 2.578001 0.016527
v 7.277848 2.203182 -0.199874
v 7.256944 2.203182 -0.199874
v 7.267396 2.187091 -0.199830
v 7.697058 2.578001 0.016527
v 7.686606 2.586009 0.030485
v 7.676154 2.578001 0.016527
v 8.116267 2.203182 -0.199875
v 8.095364 2.203182 -0.199875
v 8.105816 2.187091 -0.199831
v 5.181799 1.940752 -0.620721
v 5.160896 1.940752 -0.620721
v 5.171348 1.926794 -0.628729
v 5.601009 2.157153 -0.245903
v 5.590558 2.157109 -0.229811
v 5.580106 2.157153 -0.245903
v 6.020219 1.940752 -0.620721
v 5.999315 1.940752 -0.620721
v 6.009767 1.926794 -0.628729
v 6.439429 2.157153 -0.245903
v 6.428977 2.157109 -0.229812
v 6.418525 2.157153 -0.245903
v 6.858638 1.940752 -0.620722
v 6.837735 1.940752 -0.620722
v 6.848186 1.926794 -0.628729
v 7.277848 2.157153 -0.245904
v 7.267396 2.157109 -0.229812
v 7.256945 2.157153 -0.245904
v 7.697058 1.940752 -0.620722
v 7.676154 1.940752 -0.620722
v 7.686606 1.926794 -0.628730
v 8.116267 2.157153 -0.245904
v 8.105816 2.157109 -0.229812
v 8.095364 2.157153 -0.245904
v 5.181799 1.923904 -0.683598
v 5.171348 1.915820 -0.669684
v 5.160896 1.923904 -0.683598
v 5.601009 1.923904 -1.116401
v 5.580105 1.923904 -1.116401
v 5.590557 1.915820 -1.130315
v 6.020219 1.923904 -0.683598
v 6.009767 1.915820 -0.669684
v 5.999315 1.923904 -0.683598
v 6.439429 1.923904 -1.116401
v 6.418525 1.923904 -1.116401
v 6.428977 1.915820 -1.130315
v 6.858638 1.923904 -0.683599
v 6.848186 1.915820 -0.669685
v 6.837735 1.923904 -0.683599
v 7.277848 1.923904 -1.116402
v 7.256944 1.923904 -1.116402
v 7.267396 1.915820 -1.130316
v 7.697058 1.923904 -0.683599
v 7.686606 1.915820 -0.669685
v 7.676154 1.923904 -0.683599
v 8.116267 1.923904 -1.116402
v 8.095364 1.923904 -1.116402
v 8.105816 1.915820 -1.130316
v 5.181799 2.157154 -1.554096
v 5.160895 2.157154 -1.554096
v 5.171348 2.157109 -1.570188
v 5.601009 1.940752 -1.179278
v 5.590557 1.926794 -1.171270
v 5.580105 1.940752 -1.179278
v 6.020219 2.157154 -1.554096
v 5.999315 2.157154 -1.554096
v 6.009767 2.157109 -1.570188
v 6.439429 1.940752 -1.179278
v 6.428977 1.926794 -1.171271
v 6.418525 1.940752 -1.179278
v 6.858638 2.157154 -1.554097
v 6.837734 2.157154 -1.554097
v 6.848186 2.157109 -1.570189
v 7.277848 1.940752 -1.179279
v 7.267396 1.926794 -1.171271
v 7.256944 1.940752 -1.179279
v 7.697058 2.157154 -1.554097
v 7.676154 2.157154 -1.554097
v 7.686605 2.157109 -1.570189
v 8.116267 1.940752 -1.179279
v 8.105816 1.926794 -1.171271
v 8.095364 1.940752 -1.179279
v 5.181799 2.203183 -1.600126
v 5.171348 2.187091 -1.600170
v 5.160895 2.203183 -1.600126
v 5.601008 2.578001 -1.816527
v 5.580105 2.578001 -1.816527
v 5.590557 2.586009 -1.830485
v 6.020219 2.203183 -1.600126
v 6.009767 2.187091 -1.600170
v 5.999315 2.203183 -1.600126
v 6.439428 2.578001 -1.816527
v 6.418524 2.578001 -1.816527
v 6.428976 2.586009 -1.830485
v 6.858638 2.203183 -1.600126
v 6.848186 2.187091 -1.600170
v 6.837734 2.203183 -1.600126
v 7.277848 2.578001 -1.816528
v 7.256944 2.578001 -1.816528
v 7.267395 2.586009 -1.830486
v 7.697058 2.203183 -1.600127
v 7.686605 2.187091 -1.600170
v 7.676154 2.203183 -1.600127
v 8.116267 2.578001 -1.816528
v 8.095364 2.578001 -1.816528
v 8.105815 2.586009 -1.830486
v 5.181799 3.073681 -1.833375
v 5.160895 3.073681 -1.833375
v 5.171347 3.087595 -1.841459
v 5.601009 2.640878 -1.833375
v 5.590557 2.626964 -1.841459
v 5.580105 2.640878 -1.833375
v 6.020219 3.073680 -1.833375
v 5.999315 3.073680 -1.833375
v 6.009767 3.087594 -1.841459
v 6.439428 2.640878 -1.833375
v 6.428976 2.626964 -1.841459
v 6.418524 2.640878 -1.833375
v 6.858638 3.073681 -1.833376
v 6.837734 3.073681 -1.833376
v 6.848186 3.087595 -1.841460
v 7.277848 2.640878 -1.833376
v 7.267395 2.626964 -1.841460
v 7.256944 2.640878 -1.833376
v 7.697058 3.073681 -1.833376
v 7.676153 3.073681 -1.833376
v 7.686605 3.087595 -1.841460
v 8.116267 2.640878 -1.833376
v 8.105815 2.626964 -1.841460
v 8.095364 2.640878 -1.833376
v 5.181799 3.136558 -1.816527
v 5.171347 3.128550 -1.830485
v 5.160895 3.136558 -1.816527
v 5.601009 3.511376 -1.600126
v 5.580105 3.511376 -1.600126
v 5.590557 3.527468 -1.600170
v 6.020218 3.136558 -1.816527
v 6.009767 3.128550 -1.830485
v 5.999314 3.136558 -1.816527
v 6.439428 3.511376 -1.600126
v 6.418524 3.511376 -1.600126
v 6.428977 3.527468 -1.600170
v 6.858638 3.136558 -1.816528
v 6.848186 3.128550 -1.830486
v 6.837734 3.136558 -1.816528
v 7.277848 3.511376 -1.600127
v 7.256944 3.511376 -1.600127
v 7.267396 3.527468 -1.600171
v 7.697058 3.136558 -1.816528
v 7.686605 3.128550 -1.830486
v 7.676154 3.136558 -1.816528
v 8.116267 3.511376 -1.600127
v 8.095363 3.511376 -1.600127
v 8.105815 3.527468 -1.600171
v 5.181799 3.773807 -1.179278
v 5.160895 3.773807 -1.179278
v 5.171348 3.787765 -1.171270
v 5.601009 3.557405 -1.554096
v 5.590557 3.557449 -1.570188
v 5.580105 3.557405 -1.554096
v 6.020219 3.773807 -1.179278
v 5.999315 3.773807 -1.179278
v 6.009767 3.787765 -1.171270
v 6.439428 3.557405 -1.554097
v 6.428977 3.557449 -1.570189
v 6.418524 3.557405 -1.554097
v 6.858638 3.773807 -1.179278
v 6.837734 3.773807 -1.179278
v 6.848186 3.787765 -1.171271
v 7.277848 3.557405 -1.554097
v 7.267396 3.557449 -1.570189
v 7.256944 3.557405 -1.554097
v 7.697058 3.773807 -1.179279
v 7.676154 3.773807 -1.179279
v 7.686605 3.787765 -1.171271
v 8.116267 3.557405 -1.554097
v 8.105815 3.557449 -1.570189
v 8.095364 3.557405 -1.554097
v 5.181799 3.790655 -1.116401
v 5.171348 3.798739 -1.130315
v 5.160895 3.790655 -1.116401
v 5.601009 3.790655 -0.683598
v 5.580105 3.790655 -0.683598
v 5.590557 3.798739 -0.669684
v 6.020219 3.790655 -1.116401
v 6.009767 3.798739 -1.130315
v 5.999315 3.790655 -1.116401
v 6.439428 3.790655 -0.683599
v 6.418525 3.790655 -0.683599
v 6.428977 3.798739 -0.669685
v 6.858638 3.790655 -1.116401
v 6.848186 3.798739 -1.130315
v 6.837734 3.790655 -1.116401
v 7.277848 3.790655 -0.683599
v 7.256944 3.790655 -0.683599
v 7.267396 3.798739 -0.669685
v 7.697058 3.790655 -1.116402
v 7.686605 3.798739 -1.130316
v 7.676154 3.790655 -1.116402
v 8.116267 3.790655 -0.683599
v 8.095364 3.790655 -0.683599
v 8.105816 3.798739 -0.669685
v 5.181799 3.557405 -0.245903
v 5.160896 3.557405 -0.245903
v 5.171348 3.557449 -0.229811
v 5.601009 3.773807 -0.620721
v 5.590557 3.787765 -0.628729
v 5.580105 3.773807 -0.620721
v 6.020219 3.557405 -0.245903
v 5.999315 3.557405 -0.245903
v 6.009767 3.557449 -0.229811
v 6.439428 3.773807 -0.620721
v 6.428977 3.787765 -0.628729
v 6.418525 3.773807 -0.620721
v 6.858638 3.557405 -0.245904
v 6.837735 3.557405 -0.245903
v 6.848186 3.557449 -0.229811
v 7.277848 3.773807 -0.620722
v 7.267396 3.787765 -0.628730
v 7.256944 3.773807 -0.620722
v 7.697058 3.557405 -0.245904
v 7.676154 3.557405 -0.245904
v 7.686606 3.557449 -0.229812
v 8.116267 3.773807 -0.620722
v 8.105816 3.787765 -0.628730
v 8.095364 3.773807 -0.620722
v 5.181799 3.511376 -0.199873
v 5.171348 3.527468 -0.199829
v 5.160896 3.511376 -0.199873
v 5.601009 3.136558 0.016528
v 5.580105 3.136558 0.016528
v 5.590558 3.128550 0.030486
v 6.020219 3.511376 -0.199874
v 6.009767 3.527468 -0.199830
v 5.999315 3.511376 -0.199874
v 6.439429 3.136558 0.016528
v 6.418525 3.136558 0.016528
v 6.428977 3.128550 0.030486
v 6.858638 3.511376 -0.199874
v 6.848186 3.527468 -0.199830
v 6.837735 3.511376 -0.199874
v 7.277848 3.136558 0.016527
v 7.256944 3.136558 0.016527
v 7.267396 3.128550 0.030485
v 7.697058 3.511376 -0.199874
v 7.686606 3.527468 -0.199830
v 7.676154 3.511376 -0.199874
v 8.116268 3.136558 0.016527
v 8.095364 3.136558 0.016527
v 8.105816 3.128550 0.030485
v 8.132070 3.094184 0.028080
v 8.132070 3.116154 0.022193
v 8.119213 3.108073 0.035972
v 8.079561 3.094184 0.028080
v 8.092419 3.108073 0.035972
v 8.079561 3.116154 0.022193
v 7.293650 3.094184 0.028081
v 7.293650 3.116154 0.022194
v 7.280794 3.108073 0.035972
v 7.241142 3.094184 0.028081
v 7.253999 3.108073 0.035972
v 7.241142 3.116154 0.022194
v 6.455231 3.094184 0.028081
v 6.455231 3.116154 0.022194
v 6.442374 3.108073 0.035973
v 6.402723 3.094184 0.028081
v 6.415579 3.108073 0.035973
v 6.402723 3.116154 0.022194
v 5.616811 3.094184 0.028081
v 5.616812 3.116154 0.022194
v 5.603955 3.108073 0.035973
v 5.564303 3.094184 0.028081
v 5.577160 3.108073 0.035973
v 5.564303 3.116154 0.022194
v 7.712860 3.526485 -0.214711
v 7.712860 3.542568 -0.230795
v 7.700004 3.542459 -0.214821
v 7.660352 3.526485 -0.214711
v 7.673209 3.542459 -0.214821
v 7.660352 3.542568 -0.230795
v 6.874441 3.526485 -0.214711
v 6.874441 3.542568 -0.230794
v 6.861584 3.542459 -0.214821
v 6.821932 3.526485 -0.214711
v 6.834789 3.542459 -0.214821
v 6.821932 3.542568 -0.230794
v 6.036021 3.526485 -0.214711
v 6.036021 3.542568 -0.230794
v 6.023164 3.542459 -0.214821
v 5.983513 3.526485 -0.214711
v 5.996370 3.542459 -0.214821
v 5.983513 3.542568 -0.230794
v 5.197602 3.526485 -0.214710
v 5.197601 3.542568 -0.230794
v 5.184745 3.542459 -0.214820
v 5.145093 3.526485 -0.214710
v 5.157950 3.542459 -0.214820
v 5.145094 3.542568 -0.230794
v 8.132070 3.779474 -0.641126
v 8.132070 3.785360 -0.663096
v 8.119213 3.793252 -0.649207
v 8.079561 3.779474 -0.641126
v 8.092419 3.793252 -0.649207
v 8.079561 3.785360 -0.663096
v 7.293650 3.779474 -0.641126
v 7.293650 3.785360 -0.663096
v 7.280793 3.793252 -0.649207
v 7.241142 3.779474 -0.641125
v 7.253999 3.793252 -0.649207
v 7.241142 3.785360 -0.663095
v 6.455231 3.779474 -0.641125
v 6.455231 3.785360 -0.663095
v 6.442374 3.793252 -0.649207
v 6.402722 3.779474 -0.641125
v 6.415579 3.793252 -0.649207
v 6.402722 3.785360 -0.663095
v 5.616811 3.779474 -0.641125
v 5.616811 3.785360 -0.663095
v 5.603954 3.793252 -0.649207
v 5.564303 3.779474 -0.641125
v 5.577160 3.793252 -0.649207
v 5.564303 3.785360 -0.663095
v 7.712860 3.785360 -1.136905
v 7.712860 3.779474 -1.158875
v 7.700003 3.793252 -1.150793
v 7.660352 3.785360 -1.136905
v 7.673208 3.793252 -1.150793
v 7.660352 3.779474 -1.158875
v 6.874440 3.785360 -1.136905
v 6.874440 3.779474 -1.158875
v 6.861583 3.793252 -1.150793
v 6.821932 3.785360 -1.136905
v 6.834789 3.793252 -1.150793
v 6.821932 3.779474 -1.158875
v 6.036021 3.785360 -1.136904
v 6.036021 3.779474 -1.158875
v 6.023164 3.793252 -1.150793
v 5.983513 3.785360 -1.136904
v 5.996369 3.793252 -1.150793
v 5.983513 3.779474 -1.158875
v 5.197601 3.785360 -1.136904
v 5.197601 3.779474 -1.158874
v 5.184745 3.793252 -1.150792
v 5.145093 3.785360 -1.136904
v 5.157950 3.793252 -1.150792
v 5.145093 3.779474 -1.158874
v 8.132070 3.542569 -1.569206
v 8.132070 3.526485 -1.585289
v 8.119212 3.542459 -1.585180
v 8.079561 3.542568 -1.569206
v 8.092418 3.542459 -1.585180
v 8.079561 3.526485 -1.585289
v 7.293650 3.542568 -1.569206
v 7.293650 3.526485 -1.585289
v 7.280793 3.542459 -1.585180
v 7.241142 3.542568 -1.569206
v 7.253998 3.542459 -1.585180
v 7.241141 3.526485 -1.585289
v 6.455230 3.542568 -1.569206
v 6.455230 3.526485 -1.585289
v 6.442374 3.542459 -1.585179
v 6.402722 3.542568 -1.569206
v 6.415579 3.542459 -1.585179
v 6.402722 3.526485 -1.585289
v 5.616811 3.542568 -1.569206
v 5.616811 3.526485 -1.585289
v 5.603954 3.542459 -1.585179
v 5.564303 3.542568 -1.569206
v 5.577159 3.542459 -1.585179
v 5.564303 3.526485 -1.585289
v 7.712860 3.116154 -1.822194
v 7.712859 3.094184 -1.828081
v 7.700003 3.108073 -1.835973
v 7.660351 3.116154 -1.822194
v 7.673208 3.108073 -1.835973
v 7.660352 3.094184 -1.828081
v 6.874440 3.116154 -1.822194
v 6.874440 3.094184 -1.828081
v 6.861583 3.108073 -1.835973
v 6.821932 3.116154 -1.822194
v 6.834789 3.108073 -1.835973
v 6.821932 3.094184 -1.828081
v 6.036021 3.116154 -1.822194
v 6.036021 3.094184 -1.828081
v 6.023164 3.108073 -1.835972
v 5.983512 3.116154 -1.822194
v 5.996369 3.108073 -1.835972
v 5.983512 3.094184 -1.828081
v 5.197601 3.116154 -1.822194
v 5.197601 3.094184 -1.828081
v 5.184744 3.108073 -1.835972
v 5.145093 3.116154 -1.822194
v 5.157950 3.108073 -1.835972
v 5.145093 3.094184 -1.828081
v 8.132070 2.620375 -1.828081
v 8.132070 2.598405 -1.822194
v 8.119212 2.606487 -1.835973
v 8.079561 2.620375 -1.828081
v 8.092418 2.606487 -1.835973
v 8.079561 2.598405 -1.822194
v 7.293650 2.620375 -1.828081
v 7.293650 2.598405 -1.822194
v 7.280793 2.606487 -1.835973
v 7.241142 2.620375 -1.828081
v 7.253998 2.606487 -1.835973
v 7.241141 2.598405 -1.822194
v 6.455230 2.620375 -1.828081
v 6.455230 2.598405 -1.822194
v 6.442374 2.606487 -1.835972
v 6.402722 2.620375 -1.828081
v 6.415579 2.606487 -1.835972
v 6.402722 2.598405 -1.822194
v 5.616811 2.620375 -1.828080
v 5.616811 2.598405 -1.822194
v 5.603954 2.606487 -1.835972
v 5.564302 2.620375 -1.828080
v 5.577159 2.606487 -1.835972
v 5.564302 2.598405 -1.822194
v 7.712860 2.188074 -1.585290
v 7.712860 2.171991 -1.569206
v 7.700003 2.172100 -1.585180
v 7.660352 2.188074 -1.585289
v 7.673208 2.172101 -1.585180
v 7.660352 2.171991 -1.569206
v 6.874440 2.188074 -1.585289
v 6.874440 2.171991 -1.569206
v 6.861584 2.172100 -1.585180
v 6.821932 2.188074 -1.585289
v 6.834789 2.172100 -1.585180
v 6.821932 2.171991 -1.569206
v 6.036021 2.188074 -1.585289
v 6.036021 2.171991 -1.569206
v 6.023164 2.172100 -1.585179
v 5.983513 2.188074 -1.585289
v 5.996369 2.172100 -1.585179
v 5.983513 2.171991 -1.569206
v 5.197601 2.188074 -1.585289
v 5.197601 2.171991 -1.569206
v 5.184745 2.172100 -1.585179
v 5.145093 2.188074 -1.585289
v 5.157950 2.172100 -1.585179
v 5.145093 2.171991 -1.569206
v 8.132070 1.935085 -1.158875
v 8.132070 1.929198 -1.136905
v 8.119213 1.921307 -1.150794
v 8.079561 1.935085 -1.158875
v 8.092419 1.921307 -1.150794
v 8.079561 1.929198 -1.136905
v 7.293650 1.935085 -1.158875
v 7.293650 1.929198 -1.136905
v 7.280793 1.921307 -1.150793
v 7.241142 1.935085 -1.158875
v 7.253999 1.921307 -1.150793
v 7.241142 1.929198 -1.136905
v 6.455231 1.935085 -1.158875
v 6.455231 1.929198 -1.136905
v 6.442374 1.921307 -1.150793
v 6.402723 1.935085 -1.158875
v 6.415579 1.921307 -1.150793
v 6.402723 1.929198 -1.136905
v 5.616811 1.935085 -1.158875
v 5.616811 1.929198 -1.136904
v 5.603955 1.921307 -1.150793
v 5.564303 1.935085 -1.158875
v 5.577160 1.921307 -1.150793
v 5.564303 1.929198 -1.136904
v 7.712860 1.929198 -0.663096
v 7.712860 1.935085 -0.641125
v 7.700003 1.921307 -0.649207
v 7.660352 1.929198 -0.663096
v 7.673209 1.921307 -0.649207
v 7.660352 1.935085 -0.641125
v 6.874441 1.929198 -0.663095
v 6.874441 1.935085 -0.641125
v 6.861584 1.921307 -0.649207
v 6.821932 1.929198 -0.663095
v 6.834789 1.921307 -0.649207
v 6.821932 1.935085 -0.641125
v 6.036021 1.929198 -0.663095
v 6.036021 1.935085 -0.641125
v 6.023164 1.921307 -0.649207
v 5.983513 1.929198 -0.663095
v 5.996370 1.921307 -0.649207
v 5.983513 1.935085 -0.641125
v 5.197602 1.929198 -0.663095
v 5.197602 1.935085 -0.641125
v 5.184745 1.921307 -0.649206
v 5.145093 1.929198 -0.663095
v 5.157950 1.921307 -0.649206
v 5.145093 1.935085 -0.641125
v 8.132070 2.171990 -0.230795
v 8.132070 2.188073 -0.214712
v 8.119213 2.172100 -0.214821
v 8.079561 2.171990 -0.230795
v 8.092419 2.172100 -0.214821
v 8.079561 2.188073 -0.214712
v 7.293650 2.171990 -0.230795
v 7.293650 2.188073 -0.214711
v 7.280794 2.172100 -0.214821
v 7.241142 2.171990 -0.230795
v 7.253999 2.172100 -0.214821
v 7.241142 2.188073 -0.214711
v 6.455231 2.171990 -0.230794
v 6.455231 2.188073 -0.214711
v 6.442374 2.172100 -0.214821
v 6.402723 2.171990 -0.230794
v 6.415580 2.172100 -0.214821
v 6.402723 2.188073 -0.214711
v 5.616812 2.171990 -0.230794
v 5.616812 2.188073 -0.214711
v 5.603955 2.172100 -0.214820
v 5.564303 2.171990 -0.230794
v 5.577160 2.172100 -0.214820
v 5.564303 2.188073 -0.214711
v 7.712860 2.598405 0.022193
v 7.712860 2.620375 0.028080
v 7.700004 2.606487 0.035972
v 7.660352 2.598405 0.022193
v 7.673209 2.606487 0.035972
v 7.660352 2.620375 0.028080
v 6.874441 2.598405 0.022194
v 6.874441 2.620375 0.028081
v 6.861584 2.606487 0.035972
v 6.821932 2.598405 0.022194
v 6.834789 2.606487 0.035972
v 6.821932 2.620375 0.028081
v 6.036021 2.598405 0.022194
v 6.036021 2.620375 0.028081
v 6.023164 2.606487 0.035973
v 5.983513 2.598405 0.022194
v 5.996370 2.606487 0.035973
v 5.983513 2.620375 0.028081
v 5.197602 2.598405 0.022194
v 5.197602 2.620375 0.028081
v 5.184745 2.606487 0.035973
v 5.145094 2.598405 0.022194
v 5.157950 2.606487 0.035973
v 5.145094 2.620375 0.028081
v 8.094803 2.943799 -0.167331
v 8.105816 2.920947 -0.172970
v 8.116829 2.943799 -0.167331
v 8.038920 2.966256 -0.173380
v 8.023309 2.981280 -0.177451
v 8.015350 2.957157 -0.182673
v 7.675593 2.770761 -0.167331
v 7.697619 2.770761 -0.167331
v 7.686606 2.793613 -0.172970
v 7.619711 2.748304 -0.173380
v 7.596141 2.757403 -0.182673
v 7.604099 2.733281 -0.177451
v 7.256383 2.943799 -0.167331
v 7.267396 2.920947 -0.172970
v 7.278409 2.943799 -0.167331
v 7.200501 2.966256 -0.173379
v 7.184890 2.981280 -0.177451
v 7.176931 2.957157 -0.182672
v 6.837173 2.770761 -0.167331
v 6.859200 2.770761 -0.167331
v 6.848186 2.793613 -0.172970
v 6.781291 2.748304 -0.173379
v 6.757721 2.757403 -0.182672
v 6.765680 2.733281 -0.177450
v 6.417964 2.943799 -0.167331
v 6.428977 2.920947 -0.172970
v 6.439990 2.943799 -0.167331
v 6.362082 2.966256 -0.173379
v 6.346470 2.981280 -0.177450
v 6.338511 2.957157 -0.182672
v 5.998754 2.770761 -0.167331
v 6.020780 2.770761 -0.167331
v 6.009767 2.793613 -0.172970
v 5.942872 2.748304 -0.173379
v 5.919302 2.757403 -0.182672
v 5.927260 2.733281 -0.177450
v 5.579545 2.943799 -0.167331
v 5.590558 2.920947 -0.172970
v 5.601571 2.943799 -0.167331
v 5.523662 2.966256 -0.173379
v 5.508051 2.981280 -0.177450
v 5.500092 2.957157 -0.182672
v 5.160335 2.770761 -0.167330
v 5.182361 2.770761 -0.167331
v 5.171348 2.793613 -0.172969
v 5.104453 2.748304 -0.173379
v 5.080883 2.757403 -0.182672
v 5.088841 2.733281 -0.177450
v 5.182361 2.565874 -0.222230
v 5.160335 2.565874 -0.222230
v 5.171348 2.548903 -0.238539
v 5.238243 2.588346 -0.216240
v 5.261813 2.585112 -0.228837
v 5.253854 2.603392 -0.212253
v 5.601571 2.416017 -0.308749
v 5.590558 2.438627 -0.302207
v 5.579545 2.416017 -0.308749
v 5.657453 2.399594 -0.325216
v 5.673064 2.388618 -0.336253
v 5.681023 2.412120 -0.328714
v 6.020780 2.565874 -0.222230
v 5.998754 2.565874 -0.222230
v 6.009767 2.548903 -0.238540
v 6.076662 2.588346 -0.216240
v 6.100232 2.585112 -0.228837
v 6.092274 2.603392 -0.212254
v 6.439990 2.416017 -0.308749
v 6.428977 2.438627 -0.302207
v 6.417964 2.416017 -0.308750
v 6.495872 2.399594 -0.325216
v 6.511483 2.388618 -0.336253
v 6.519442 2.412120 -0.328714
v 6.859200 2.565874 -0.222230
v 6.837173 2.565874 -0.222230
v 6.848186 2.548903 -0.238540
v 6.915082 2.588346 -0.216240
v 6.938652 2.585112 -0.228838
v 6.930693 2.603392 -0.212254
v 7.278409 2.416017 -0.308750
v 7.267396 2.438627 -0.302207
v 7.256383 2.416017 -0.308750
v 7.334291 2.399594 -0.325216
v 7.349903 2.388618 -0.336254
v 7.357862 2.412120 -0.328715
v 7.697619 2.565874 -0.222231
v 7.675593 2.565874 -0.222231
v 7.686606 2.548903 -0.238540
v 7.753501 2.588346 -0.216241
v 7.777071 2.585112 -0.228838
v 7.769113 2.603392 -0.212254
v 8.116829 2.416017 -0.308750
v 8.105816 2.438627 -0.302208
v 8.094803 2.416017 -0.308750
v 8.172710 2.399594 -0.325216
v 8.188322 2.388618 -0.336254
v 8.196280 2.412120 -0.328715
v 5.182361 2.179510 -0.608593
v 5.171348 2.195819 -0.591622
v 5.160335 2.179510 -0.608593
v 5.238243 2.173520 -0.631065
v 5.253854 2.169533 -0.646111
v 5.261813 2.186117 -0.627831
v 5.601571 2.266029 -0.458737
v 5.579545 2.266029 -0.458737
v 5.590558 2.259487 -0.481347
v 5.657453 2.282495 -0.442313
v 5.681023 2.285994 -0.454840
v 5.673064 2.293533 -0.431338
v 6.020780 2.179510 -0.608593
v 6.009767 2.195819 -0.591622
v 5.998754 2.179510 -0.608593
v 6.076663 2.173520 -0.631065
v 6.092274 2.169533 -0.646112
v 6.100232 2.186117 -0.627832
v 6.439990 2.266029 -0.458737
v 6.417964 2.266029 -0.458737
v 6.428977 2.259487 -0.481347
v 6.495872 2.282495 -0.442314
v 6.519442 2.285994 -0.454840
v 6.511483 2.293533 -0.431338
v 6.859200 2.179510 -0.608594
v 6.848186 2.195819 -0.591623
v 6.837173 2.179510 -0.608593
v 6.915082 2.173520 -0.631066
v 6.930693 2.169533 -0.646112
v 6.938652 2.186117 -0.627832
v 7.278409 2.266029 -0.458738
v 7.256383 2.266029 -0.458738
v 7.267396 2.259487 -0.481348
v 7.334291 2.282495 -0.442314
v 7.357862 2.285994 -0.454841
v 7.349903 2.293533 -0.431339
v 7.697619 2.179510 -0.608594
v 7.686606 2.195819 -0.591623
v 7.675593 2.179510 -0.608594
v 7.753501 2.173520 -0.631066
v 7.769113 2.169533 -0.646112
v 7.777071 2.186117 -0.627832
v 8.116829 2.266029 -0.458738
v 8.094803 2.266029 -0.458738
v 8.105816 2.259487 -0.481348
v 8.172710 2.282496 -0.442314
v 8.196281 2.285994 -0.454841
v 8.188322 2.293533 -0.431339
v 5.182361 2.124611 -0.813480
v 5.160335 2.124611 -0.813480
v 5.171348 2.130250 -0.836332
v 5.238243 2.130659 -0.791024
v 5.261813 2.139952 -0.800123
v 5.253854 2.134730 -0.776000
v 5.601570 2.124611 -0.986519
v 5.590557 2.130250 -0.963667
v 5.579544 2.124611 -0.986519
v 5.657453 2.130659 -1.008975
v 5.673064 2.134730 -1.023999
v 5.681023 2.139952 -0.999876
v 6.020780 2.124611 -0.813480
v 5.998754 2.124611 -0.813480
v 6.009767 2.130250 -0.836332
v 6.076662 2.130659 -0.791024
v 6.100232 2.139952 -0.800123
v 6.092274 2.134730 -0.776000
v 6.439990 2.124611 -0.986519
v 6.428977 2.130250 -0.963667
v 6.417964 2.124611 -0.986519
v 6.495872 2.130659 -1.008976
v 6.511483 2.134730 -1.023999
v 6.519442 2.139952 -0.999877
v 6.859200 2.124611 -0.813481
v 6.837173 2.124611 -0.813481
v 6.848186 2.130250 -0.836333
v 6.915082 2.130659 -0.791024
v 6.938652 2.139952 -0.800123
v 6.930693 2.134730 -0.776001
v 7.278409 2.124611 -0.986520
v 7.267396 2.130250 -0.963667
v 7.256383 2.124611 -0.986520
v 7.334291 2.130659 -1.008976
v 7.349903 2.134730 -1.024000
v 7.357861 2.139952 -0.999877
v 7.697619 2.124611 -0.813481
v 7.675593 2.124611 -0.813481
v 7.686606 2.130250 -0.836333
v 7.753501 2.130659 -0.791024
v 7.777071 2.139952 -0.800123
v 7.769113 2.134730 -0.776001
v 8.116829 2.124611 -0.986520
v 8.105816 2.130250 -0.963668
v 8.094803 2.124611 -0.986520
v 8.172710 2.130659 -1.008976
v 8.188322 2.134730 -1.024000
v 8.196280 2.139952 -0.999877
v 5.182361 2.266030 -1.341262
v 5.171348 2.259488 -1.318652
v 5.160335 2.266030 -1.341262
v 5.238243 2.282496 -1.357685
v 5.253854 2.293534 -1.368661
v 5.261813 2.285995 -1.345159
v 5.601570 2.179510 -1.191406
v 5.579544 2.179510 -1.191406
v 5.590557 2.195819 -1.208377
v 5.657453 2.173520 -1.168934
v 5.681023 2.186117 -1.172168
v 5.673064 2.169533 -1.153888
v 6.020780 2.266030 -1.341262
v 6.009767 2.259488 -1.318652
v 5.998754 2.266030 -1.341262
v 6.076662 2.282496 -1.357686
v 6.092273 2.293534 -1.368661
v 6.100232 2.285995 -1.345160
v 6.439990 2.179510 -1.191406
v 6.417964 2.179510 -1.191406
v 6.428977 2.195819 -1.208377
v 6.495872 2.173520 -1.168934
v 6.519442 2.186117 -1.172168
v 6.511483 2.169533 -1.153888
v 6.859200 2.266030 -1.341262
v 6.848186 2.259488 -1.318653
v 6.837173 2.266030 -1.341262
v 6.915082 2.282496 -1.357686
v 6.930693 2.293534 -1.368662
v 6.938652 2.285995 -1.345160
v 7.278409 2.179510 -1.191407
v 7.256383 2.179510 -1.191407
v 7.267396 2.195819 -1.208378
v 7.334291 2.173520 -1.168935
v 7.357861 2.186117 -1.172168
v 7.349903 2.169533 -1.153888
v 7.697618 2.266030 -1.341263
v 7.686605 2.259488 -1.318653
v 7.675592 2.266030 -1.341263
v 7.753501 2.282496 -1.357686
v 7.769112 2.293534 -1.368662
v 7.777071 2.285995 -1.345160
v 8.116829 2.179510 -1.191407
v 8.094803 2.179510 -1.191407
v 8.105816 2.195819 -1.208378
v 8.172710 2.173520 -1.168935
v 8.196280 2.186117 -1.172168
v 8.188322 2.169533 -1.153889
v 5.182361 2.416018 -1.491250
v 5.160335 2.416018 -1.491250
v 5.171348 2.438628 -1.497792
v 5.238243 2.399594 -1.474783
v 5.261813 2.412121 -1.471285
v 5.253854 2.388619 -1.463746
v 5.601570 2.565874 -1.577769
v 5.590557 2.548903 -1.561460
v 5.579544 2.565874 -1.577769
v 5.657452 2.588346 -1.583760
v 5.673063 2.603392 -1.587746
v 5.681022 2.585112 -1.571162
v 6.020780 2.416018 -1.491250
v 5.998754 2.416018 -1.491250
v 6.009767 2.438628 -1.497792
v 6.076662 2.399594 -1.474784
v 6.100232 2.412121 -1.471285
v 6.092273 2.388619 -1.463746
v 6.439990 2.565874 -1.577770
v 6.428977 2.548903 -1.561460
v 6.417964 2.565874 -1.577770
v 6.495872 2.588346 -1.583760
v 6.511483 2.603392 -1.587746
v 6.519442 2.585112 -1.571163
v 6.859199 2.416018 -1.491250
v 6.837173 2.416018 -1.491250
v 6.848186 2.438628 -1.497793
v 6.915082 2.399594 -1.474784
v 6.938652 2.412121 -1.471286
v 6.930693 2.388619 -1.463747
v 7.278409 2.565874 -1.577770
v 7.267396 2.548903 -1.561460
v 7.256383 2.565874 -1.577770
v 7.334291 2.588346 -1.583760
v 7.349902 2.603392 -1.587746
v 7.357861 2.585112 -1.571163
v 7.697618 2.416018 -1.491251
v 7.675592 2.416018 -1.491251
v 7.686605 2.438628 -1.497793
v 7.753501 2.399594 -1.474784
v 7.777071 2.412121 -1.471286
v 7.769112 2.388619 -1.463747
v 8.116828 2.565874 -1.577770
v 8.105815 2.548903 -1.561461
v 8.094802 2.565874 -1.577770
v 8.172710 2.588346 -1.583760
v 8.188322 2.603392 -1.587747
v 8.196280 2.585112 -1.571163
v 5.182360 2.943799 -1.632669
v 5.171347 2.920947 -1.627030
v 5.160334 2.943799 -1.632669
v 5.238243 2.966256 -1.626620
v 5.253854 2.981280 -1.622549
v 5.261813 2.957157 -1.617327
v 5.601570 2.770761 -1.632669
v 5.579544 2.770761 -1.632669
v 5.590557 2.793613 -1.627030
v 5.657452 2.748304 -1.626620
v 5.681022 2.757403 -1.617327
v 5.673063 2.733281 -1.622549
v 6.020780 2.943799 -1.632669
v 6.009767 2.920947 -1.627030
v 5.998754 2.943799 -1.632669
v 6.076662 2.966255 -1.626621
v 6.092273 2.981279 -1.622550
v 6.100232 2.957156 -1.617328
v 6.439990 2.770761 -1.632669
v 6.417964 2.770761 -1.632669
v 6.428977 2.793613 -1.627030
v 6.495872 2.748304 -1.626621
v 6.519442 2.757403 -1.617328
v 6.511483 2.733281 -1.622550
v 6.859199 2.943799 -1.632669
v 6.848186 2.920947 -1.627030
v 6.837173 2.943799 -1.632669
v 6.915082 2.966256 -1.626621
v 6.930693 2.981280 -1.622550
v 6.938652 2.957157 -1.617328
v 7.278409 2.770761 -1.632669
v 7.256383 2.770761 -1.632669
v 7.267396 2.793613 -1.627030
v 7.334291 2.748304 -1.626621
v 7.357861 2.757403 -1.617328
v 7.349902 2.733281 -1.622550
v 7.697618 2.943799 -1.632669
v 7.686605 2.920947 -1.627030
v 7.675592 2.943799 -1.632669
v 7.753501 2.966256 -1.626621
v 7.769112 2.981280 -1.622550
v 7.777071 2.957157 -1.617328
v 8.116828 2.770761 -1.632670
v 8.094802 2.770761 -1.632670
v 8.105815 2.793613 -1.627031
v 8.172710 2.748304 -1.626621
v 8.196280 2.757403 -1.617328
v 8.188322 2.733281 -1.622550
v 5.182360 3.148687 -1.577769
v 5.160334 3.148687 -1.577769
v 5.171347 3.165658 -1.561460
v 5.238243 3.126214 -1.583760
v 5.261813 3.129448 -1.571162
v 5.253854 3.111168 -1.587746
v 5.601570 3.298542 -1.491250
v 5.590557 3.275933 -1.497792
v 5.579544 3.298542 -1.491250
v 5.657452 3.314966 -1.474784
v 5.673063 3.325941 -1.463746
v 5.681022 3.302439 -1.471285
v 6.020780 3.148687 -1.577770
v 5.998754 3.148687 -1.577770
v 6.009767 3.165658 -1.561460
v 6.076662 3.126214 -1.583760
v 6.100232 3.129448 -1.571162
v 6.092273 3.111168 -1.587746
v 6.439990 3.298542 -1.491250
v 6.428977 3.275933 -1.497793
v 6.417964 3.298542 -1.491250
v 6.495872 3.314966 -1.474784
v 6.511483 3.325941 -1.463747
v 6.519442 3.302439 -1.471286
v 6.859199 3.148687 -1.577770
v 6.837173 3.148687 -1.577770
v 6.848186 3.165658 -1.561460
v 6.915082 3.126214 -1.583760
v 6.938651 3.129448 -1.571163
v 6.930693 3.111168 -1.587746
v 7.278409 3.298542 -1.491251
v 7.267396 3.275933 -1.497793
v 7.256383 3.298542 -1.491251
v 7.334291 3.314966 -1.474784
v 7.349902 3.325941 -1.463747
v 7.357861 3.302439 -1.471286
v 7.697618 3.148687 -1.577770
v 7.675592 3.148687 -1.577770
v 7.686605 3.165658 -1.561461
v 7.753501 3.126214 -1.583760
v 7.777071 3.129448 -1.571163
v 7.769112 3.111168 -1.587747
v 8.116828 3.298542 -1.491251
v 8.105815 3.275933 -1.497793
v 8.094802 3.298542 -1.491251
v 8.172710 3.314966 -1.474784
v 8.188322 3.325942 -1.463747
v 8.196280 3.302440 -1.471286
v 5.182361 3.535050 -1.191406
v 5.171348 3.518741 -1.208377
v 5.160335 3.535050 -1.191406
v 5.238243 3.541040 -1.168934
v 5.253854 3.545026 -1.153888
v 5.261813 3.528443 -1.172167
v 5.601570 3.448530 -1.341262
v 5.579544 3.448530 -1.341262
v 5.590557 3.455073 -1.318652
v 5.657452 3.432064 -1.357686
v 5.681022 3.428566 -1.345159
v 5.673063 3.421027 -1.368661
v 6.020780 3.535050 -1.191406
v 6.009767 3.518741 -1.208377
v 5.998754 3.535050 -1.191406
v 6.076662 3.541040 -1.168934
v 6.092273 3.545026 -1.153888
v 6.100232 3.528443 -1.172168
v 6.439990 3.448530 -1.341263
v 6.417964 3.448530 -1.341263
v 6.428977 3.455073 -1.318653
v 6.495872 3.432064 -1.357686
v 6.519442 3.428566 -1.345160
v 6.511483 3.421027 -1.368662
v 6.859199 3.535050 -1.191406
v 6.848186 3.518741 -1.208377
v 6.837173 3.535050 -1.191406
v 6.915082 3.541040 -1.168934
v 6.930693 3.545026 -1.153888
v 6.938651 3.528443 -1.172168
v 7.278409 3.448530 -1.341263
v 7.256383 3.448530 -1.341263
v 7.267396 3.455073 -1.318653
v 7.334291 3.432064 -1.357686
v 7.357861 3.428566 -1.345160
v 7.349902 3.421027 -1.368662
v 7.697618 3.535050 -1.191407
v 7.686605 3.518741 -1.208378
v 7.675592 3.535050 -1.191407
v 7.753501 3.541040 -1.168935
v 7.769112 3.545026 -1.153888
v 7.777071 3.528443 -1.172168
v 8.116828 3.448530 -1.341263
v 8.094802 3.448530 -1.341263
v 8.105815 3.455073 -1.318653
v 8.172710 3.432064 -1.357687
v 8.196280 3.428566 -1.345160
v 8.188322 3.421027 -1.368662
v 5.182361 3.589949 -0.986519
v 5.160335 3.589949 -0.986519
v 5.171348 3.584310 -0.963667
v 5.238243 3.583900 -1.008975
v 5.261813 3.574608 -0.999876
v 5.253854 3.579829 -1.023999
v 5.601570 3.589949 -0.813480
v 5.590557 3.584310 -0.836332
v 5.579544 3.589949 -0.813480
v 5.657452 3.583900 -0.791024
v 5.673064 3.579829 -0.776000
v 5.681022 3.574608 -0.800123
v 6.020780 3.589949 -0.986519
v 5.998754 3.589949 -0.986519
v 6.009767 3.584310 -0.963667
v 6.076662 3.583900 -1.008975
v 6.100232 3.574608 -0.999876
v 6.092273 3.579829 -1.023999
v 6.439990 3.589949 -0.813480
v 6.428977 3.584310 -0.836333
v 6.417964 3.589949 -0.813481
v 6.495872 3.583901 -0.791024
v 6.511483 3.579830 -0.776000
v 6.519442 3.574608 -0.800123
v 6.859199 3.589949 -0.986519
v 6.837173 3.589949 -0.986519
v 6.848186 3.584310 -0.963667
v 6.915082 3.583900 -1.008976
v 6.938652 3.574608 -0.999877
v 6.930693 3.579829 -1.023999
v 7.278409 3.589949 -0.813481
v 7.267396 3.584310 -0.836333
v 7.256383 3.589949 -0.813481
v 7.334291 3.583901 -0.791024
v 7.349902 3.579830 -0.776001
v 7.357861 3.574608 -0.800123
v 7.697618 3.589949 -0.986520
v 7.675592 3.589949 -0.986520
v 7.686605 3.584310 -0.963668
v 7.753501 3.583900 -1.008976
v 7.777071 3.574608 -0.999877
v 7.769112 3.579829 -1.024000
v 8.116829 3.589949 -0.813481
v 8.105816 3.584310 -0.836333
v 8.094803 3.589949 -0.813481
v 8.172710 3.583900 -0.791025
v 8.188322 3.579829 -0.776001
v 8.196280 3.574608 -0.800124
v 5.182361 3.448530 -0.458737
v 5.171348 3.455073 -0.481347
v 5.160335 3.448530 -0.458737
v 5.238243 3.432064 -0.442313
v 5.253854 3.421027 -0.431338
v 5.261813 3.428566 -0.454840
v 5.601570 3.535050 -0.608593
v 5.579544 3.535050 -0.608593
v 5.590557 3.518741 -0.591622
v 5.657452 3.541040 -0.631065
v 5.681022 3.528443 -0.627832
v 5.673064 3.545027 -0.646112
v 6.020780 3.448530 -0.458737
v 6.009767 3.455073 -0.481347
v 5.998754 3.448530 -0.458737
v 6.076662 3.432064 -0.442314
v 6.092274 3.421027 -0.431338
v 6.100232 3.428566 -0.454840
v 6.439990 3.535050 -0.608593
v 6.417964 3.535050 -0.608593
v 6.428977 3.518741 -0.591622
v 6.495872 3.541040 -0.631065
v 6.519442 3.528443 -0.627832
v 6.511483 3.545027 -0.646112
v 6.859200 3.448530 -0.458737
v 6.848186 3.455073 -0.481347
v 6.837173 3.448530 -0.458737
v 6.915082 3.432064 -0.442314
v 6.930693 3.421027 -0.431338
v 6.938652 3.428566 -0.454840
v 7.278409 3.535050 -0.608594
v 7.256383 3.535050 -0.608594
v 7.267396 3.518741 -0.591623
v 7.334291 3.541040 -0.631066
v 7.357861 3.528443 -0.627832
v 7.349902 3.545027 -0.646112
v 7.697619 3.448530 -0.458738
v 7.686606 3.455073 -0.481348
v 7.675593 3.448530 -0.458738
v 7.753501 3.432064 -0.442314
v 7.769113 3.421027 -0.431339
v 7.777071 3.428566 -0.454841
v 8.116828 3.535050 -0.608594
v 8.094802 3.535050 -0.608594
v 8.105815 3.518741 -0.591623
v 8.172710 3.541040 -0.631066
v 8.196280 3.528443 -0.627832
v 8.188322 3.545027 -0.646112
v 5.182361 3.298542 -0.308749
v 5.160335 3.298542 -0.308749
v 5.171348 3.275933 -0.302207
v 5.238243 3.314966 -0.325216
v 5.261813 3.302439 -0.328714
v 5.253854 3.325941 -0.336253
v 5.601570 3.148687 -0.222230
v 5.590557 3.165658 -0.238539
v 5.579544 3.148687 -0.222230
v 5.657453 3.126214 -0.216240
v 5.673064 3.111168 -0.212254
v 5.681023 3.129448 -0.228837
v 6.020780 3.298542 -0.308749
v 5.998754 3.298542 -0.308750
v 6.009767 3.275933 -0.302207
v 6.076662 3.314966 -0.325216
v 6.100232 3.302439 -0.328714
v 6.092274 3.325941 -0.336253
v 6.439990 3.148687 -0.222230
v 6.428977 3.165658 -0.238540
v 6.417964 3.148687 -0.222230
v 6.495872 3.126214 -0.216240
v 6.511483 3.111168 -0.212254
v 6.519442 3.129448 -0.228837
v 6.859200 3.298542 -0.308750
v 6.837173 3.298542 -0.308750
v 6.848186 3.275933 -0.302207
v 6.915082 3.314966 -0.325216
v 6.938652 3.302439 -0.328714
v 6.930693 3.325941 -0.336254
v 7.278409 3.148687 -0.222230
v 7.267396 3.165658 -0.238540
v 7.256383 3.148687 -0.222230
v 7.334291 3.126214 -0.216240
v 7.349903 3.111168 -0.212254
v 7.357862 3.129448 -0.228838
v 7.697619 3.298542 -0.308750
v 7.675593 3.298542 -0.308750
v 7.686606 3.275933 -0.302208
v 7.753501 3.314966 -0.325216
v 7.777071 3.302439 -0.328715
v 7.769113 3.325941 -0.336254
v 8.116829 3.148687 -0.222231
v 8.105816 3.165658 -0.238540
v 8.094803 3.148687 -0.222231
v 8.172710 3.126214 -0.216241
v 8.188322 3.111168 -0.212254
v 8.196281 3.129448 -0.228838
v 8.211496 3.035562 -0.192029
v 8.233209 3.043302 -0.205755
v 8.211496 3.056869 -0.197738
v 8.188322 2.981280 -0.177451
v 8.172710 2.966256 -0.173380
v 8.196281 2.957157 -0.182673
v 8.000135 3.035562 -0.192029
v 8.000135 3.056869 -0.197738
v 7.978423 3.043302 -0.205755
v 7.373077 3.035562 -0.192029
v 7.394789 3.043302 -0.205755
v 7.373077 3.056869 -0.197738
v 7.349903 2.981280 -0.177451
v 7.334291 2.966256 -0.173379
v 7.357862 2.957157 -0.182672
v 7.161716 3.035562 -0.192029
v 7.161716 3.056869 -0.197738
v 7.140004 3.043302 -0.205755
v 6.534657 3.035562 -0.192028
v 6.556369 3.043302 -0.205755
v 6.534657 3.056869 -0.197737
v 6.511483 2.981280 -0.177450
v 6.495872 2.966256 -0.173379
v 6.519442 2.957157 -0.182672
v 6.323296 3.035562 -0.192028
v 6.323296 3.056869 -0.197737
v 6.301584 3.043302 -0.205755
v 5.696238 3.035562 -0.192028
v 5.717950 3.043302 -0.205755
v 5.696238 3.056869 -0.197737
v 5.673064 2.981280 -0.177450
v 5.657453 2.966256 -0.173379
v 5.681023 2.957157 -0.182672
v 5.484877 3.035562 -0.192028
v 5.484877 3.056869 -0.197737
v 5.463165 3.043302 -0.205754
v 7.792286 3.365663 -0.376020
v 7.813999 3.365503 -0.391778
v 7.792286 3.381260 -0.391618
v 7.580925 3.365663 -0.376020
v 7.580925 3.381260 -0.391617
v 7.559213 3.365503 -0.391778
v 7.604099 3.325941 -0.336254
v 7.596141 3.302439 -0.328715
v 7.619711 3.314966 -0.325216
v 6.953867 3.365663 -0.376020
v 6.975579 3.365503 -0.391777
v 6.953867 3.381260 -0.391617
v 6.742506 3.365663 -0.376020
v 6.742506 3.381260 -0.391617
v 6.720794 3.365503 -0.391777
v 6.765680 3.325941 -0.336253
v 6.757721 3.302439 -0.328714
v 6.781291 3.314966 -0.325216
v 6.115448 3.365663 -0.376020
v 6.137159 3.365503 -0.391777
v 6.115448 3.381260 -0.391617
v 5.904087 3.365663 -0.376020
v 5.904086 3.381260 -0.391617
v 5.882374 3.365503 -0.391777
v 5.927260 3.325941 -0.336253
v 5.919302 3.302439 -0.328714
v 5.942872 3.314966 -0.325216
v 5.277028 3.365663 -0.376019
v 5.298740 3.365503 -0.391777
v 5.277028 3.381260 -0.391617
v 5.065667 3.365663 -0.376019
v 5.065667 3.381260 -0.391617
v 5.043955 3.365503 -0.391777
v 5.088841 3.325941 -0.336253
v 5.080883 3.302439 -0.328714
v 5.104452 3.314966 -0.325215
v 8.211496 3.559543 -0.700412
v 8.233208 3.551525 -0.713978
v 8.211496 3.565252 -0.721718
v 8.000134 3.559543 -0.700412
v 8.000134 3.565252 -0.721718
v 7.978423 3.551525 -0.713978
v 8.023309 3.545027 -0.646112
v 8.015350 3.528443 -0.627833
v 8.038920 3.541040 -0.631066
v 7.373076 3.559543 -0.700412
v 7.394789 3.551525 -0.713978
v 7.373076 3.565252 -0.721718
v 7.161716 3.559543 -0.700411
v 7.161715 3.565252 -0.721718
v 7.140003 3.551525 -0.713978
v 7.184889 3.545026 -0.646112
v 7.176931 3.528443 -0.627832
v 7.200500 3.541040 -0.631066
v 6.534657 3.559543 -0.700411
v 6.556369 3.551525 -0.713978
v 6.534657 3.565252 -0.721718
v 6.323296 3.559543 -0.700411
v 6.323296 3.565252 -0.721717
v 6.301584 3.551525 -0.713977
v 6.346470 3.545026 -0.646112
v 6.338511 3.528443 -0.627832
v 6.362082 3.541040 -0.631065
v 5.696238 3.559543 -0.700411
v 5.717950 3.551525 -0.713977
v 5.696238 3.565252 -0.721717
v 5.484877 3.559543 -0.700411
v 5.484877 3.565252 -0.721717
v 5.463164 3.551525 -0.713977
v 5.508051 3.545027 -0.646112
v 5.500092 3.528443 -0.627832
v 5.523662 3.541040 -0.631065
v 7.792286 3.565252 -1.078283
v 7.813998 3.551525 -1.086023
v 7.792286 3.559543 -1.099589
v 7.580925 3.565252 -1.078283
v 7.580925 3.559543 -1.099589
v 7.559213 3.551525 -1.086022
v 7.604099 3.579830 -1.024000
v 7.596140 3.574608 -0.999877
v 7.619710 3.583901 -1.008976
v 6.953867 3.565252 -1.078282
v 6.975579 3.551525 -1.086022
v 6.953867 3.559543 -1.099589
v 6.742506 3.565252 -1.078282
v 6.742506 3.559543 -1.099589
v 6.720794 3.551525 -1.086022
v 6.765680 3.579830 -1.023999
v 6.757721 3.574608 -0.999877
v 6.781291 3.583901 -1.008976
v 6.115448 3.565252 -1.078282
v 6.137159 3.551525 -1.086022
v 6.115448 3.559543 -1.099588
v 5.904086 3.565252 -1.078282
v 5.904086 3.559543 -1.099588
v 5.882374 3.551525 -1.086022
v 5.927260 3.579830 -1.023999
v 5.919302 3.574608 -0.999876
v 5.942872 3.583901 -1.008975
v 5.277028 3.565252 -1.078282
v 5.298740 3.551525 -1.086022
v 5.277028 3.559543 -1.099588
v 5.065667 3.565252 -1.078282
v 5.065667 3.559543 -1.099588
v 5.043955 3.551525 -1.086022
v 5.088841 3.579830 -1.023999
v 5.080882 3.574608 -0.999876
v 5.104452 3.583901 -1.008975
v 8.211496 3.381260 -1.408383
v 8.233208 3.365503 -1.408223
v 8.211495 3.365663 -1.423981
v 8.000134 3.381260 -1.408383
v 8.000134 3.365663 -1.423981
v 7.978423 3.365503 -1.408223
v 8.023309 3.421026 -1.368662
v 8.015350 3.428565 -1.345160
v 8.038919 3.432064 -1.357687
v 7.373076 3.381260 -1.408383
v 7.394788 3.365503 -1.408223
v 7.373076 3.365663 -1.423980
v 7.161715 3.381260 -1.408383
v 7.161715 3.365663 -1.423980
v 7.140003 3.365503 -1.408223
v 7.184889 3.421027 -1.368662
v 7.176930 3.428566 -1.345160
v 7.200500 3.432064 -1.357687
v 6.534657 3.381260 -1.408383
v 6.556369 3.365503 -1.408223
v 6.534657 3.365663 -1.423980
v 6.323296 3.381260 -1.408383
v 6.323296 3.365663 -1.423980
v 6.301584 3.365503 -1.408223
v 6.346470 3.421027 -1.368662
v 6.338511 3.428566 -1.345160
v 6.362081 3.432064 -1.357686
v 5.696238 3.381260 -1.408382
v 5.717949 3.365503 -1.408222
v 5.696238 3.365663 -1.423980
v 5.484876 3.381260 -1.408382
v 5.484876 3.365663 -1.423980
v 5.463164 3.365503 -1.408222
v 5.508050 3.421027 -1.368661
v 5.500092 3.428566 -1.345159
v 5.523662 3.432064 -1.357686
v 7.792286 3.056869 -1.602263
v 7.813998 3.043302 -1.594246
v 7.792286 3.035562 -1.607972
v 7.580925 3.056869 -1.602263
v 7.580925 3.035562 -1.607972
v 7.559213 3.043302 -1.594246
v 7.604099 3.111168 -1.587747
v 7.596140 3.129448 -1.571163
v 7.619710 3.126214 -1.583760
v 6.953867 3.056869 -1.602263
v 6.975579 3.043302 -1.594245
v 6.953867 3.035562 -1.607972
v 6.742506 3.056869 -1.602263
v 6.742506 3.035562 -1.607972
v 6.720793 3.043302 -1.594245
v 6.765679 3.111168 -1.587746
v 6.757721 3.129448 -1.571163
v 6.781291 3.126214 -1.583760
v 6.115448 3.056869 -1.602262
v 6.137159 3.043302 -1.594245
v 6.115448 3.035562 -1.607972
v 5.904086 3.056869 -1.602262
v 5.904086 3.035562 -1.607971
v 5.882374 3.043302 -1.594245
v 5.927260 3.111168 -1.587746
v 5.919302 3.129448 -1.571162
v 5.942872 3.126215 -1.583760
v 5.277028 3.056869 -1.602262
v 5.298740 3.043302 -1.594245
v 5.277028 3.035562 -1.607971
v 5.065667 3.056869 -1.602262
v 5.065667 3.035562 -1.607971
v 5.043955 3.043302 -1.594245
v 5.088840 3.111168 -1.587746
v 5.080882 3.129448 -1.571162
v 5.104452 3.126214 -1.583760
v 8.211496 2.678998 -1.607972
v 8.233208 2.671258 -1.594246
v 8.211496 2.657691 -1.602263
v 8.000134 2.678998 -1.607972
v 8.000134 2.657691 -1.602263
v 7.978423 2.671258 -1.594246
v 8.023309 2.733281 -1.622550
v 8.015350 2.757403 -1.617328
v 8.038920 2.748304 -1.626621
v 7.373076 2.678998 -1.607972
v 7.394788 2.671258 -1.594245
v 7.373076 2.657691 -1.602263
v 7.161715 2.678998 -1.607972
v 7.161715 2.657691 -1.602263
v 7.140003 2.671258 -1.594245
v 7.184889 2.733281 -1.622550
v 7.176930 2.757403 -1.617328
v 7.200500 2.748304 -1.626621
v 6.534657 2.678998 -1.607972
v 6.556369 2.671258 -1.594245
v 6.534657 2.657691 -1.602263
v 6.323296 2.678998 -1.607972
v 6.323296 2.657691 -1.602262
v 6.301584 2.671258 -1.594245
v 6.346470 2.733281 -1.622550
v 6.338511 2.757403 -1.617328
v 6.362081 2.748304 -1.626621
v 5.696238 2.678998 -1.607971
v 5.717949 2.671258 -1.594245
v 5.696238 2.657691 -1.602262
v 5.484876 2.678998 -1.607971
v 5.484876 2.657691 -1.602262
v 5.463164 2.671258 -1.594245
v 5.508050 2.733281 -1.622549
v 5.500092 2.757403 -1.617327
v 5.523662 2.748304 -1.626620
v 7.792286 2.348897 -1.423981
v 7.813998 2.349058 -1.408223
v 7.792286 2.333300 -1.408383
v 7.580925 2.348897 -1.423980
v 7.580925 2.333300 -1.408383
v 7.559213 2.349058 -1.408223
v 7.604099 2.388619 -1.463747
v 7.596140 2.412120 -1.471286
v 7.619710 2.399594 -1.474784
v 6.953867 2.348897 -1.423980
v 6.975579 2.349058 -1.408223
v 6.953867 2.333300 -1.408383
v 6.742506 2.348897 -1.423980
v 6.742506 2.333300 -1.408383
v 6.720794 2.349058 -1.408223
v 6.765680 2.388619 -1.463746
v 6.757721 2.412121 -1.471286
v 6.781291 2.399594 -1.474784
v 6.115448 2.348897 -1.423980
v 6.137159 2.349058 -1.408223
v 6.115448 2.333300 -1.408383
v 5.904086 2.348897 -1.423980
v 5.904086 2.333300 -1.408383
v 5.882374 2.349058 -1.408222
v 5.927260 2.388619 -1.463746
v 5.919302 2.412121 -1.471285
v 5.942872 2.399594 -1.474784
v 5.277028 2.348897 -1.423980
v 5.298740 2.349058 -1.408222
v 5.277028 2.333300 -1.408382
v 5.065667 2.348897 -1.423980
v 5.065667 2.333300 -1.408382
v 5.043955 2.349058 -1.408222
v 5.088841 2.388619 -1.463746
v 5.080882 2.412121 -1.471285
v 5.104452 2.399594 -1.474783
v 8.211496 2.155017 -1.099589
v 8.233208 2.163035 -1.086023
v 8.211496 2.149308 -1.078283
v 8.000135 2.155017 -1.099589
v 8.000135 2.149308 -1.078283
v 7.978423 2.163035 -1.086023
v 8.023309 2.169533 -1.153888
v 8.015350 2.186117 -1.172168
v 8.038920 2.173520 -1.168935
v 7.373076 2.155017 -1.099589
v 7.394789 2.163035 -1.086023
v 7.373076 2.149308 -1.078283
v 7.161716 2.155017 -1.099589
v 7.161716 2.149308 -1.078282
v 7.140003 2.163035 -1.086022
v 7.184889 2.169533 -1.153888
v 7.176931 2.186117 -1.172168
v 7.200501 2.173520 -1.168935
v 6.534657 2.155017 -1.099589
v 6.556369 2.163035 -1.086022
v 6.534657 2.149308 -1.078282
v 6.323296 2.155017 -1.099589
v 6.323296 2.149308 -1.078282
v 6.301584 2.163035 -1.086022
v 6.346470 2.169533 -1.153888
v 6.338511 2.186117 -1.172168
v 6.362082 2.173520 -1.168934
v 5.696238 2.155017 -1.099588
v 5.717950 2.163035 -1.086022
v 5.696238 2.149308 -1.078282
v 5.484877 2.155017 -1.099588
v 5.484877 2.149308 -1.078282
v 5.463165 2.163035 -1.086022
v 5.508051 2.169533 -1.153888
v 5.500092 2.186117 -1.172168
v 5.523662 2.173520 -1.168934
v 7.792287 2.149308 -0.721718
v 7.813999 2.163035 -0.713978
v 7.792287 2.155017 -0.700412
v 7.580925 2.149308 -0.721718
v 7.580925 2.155017 -0.700412
v 7.559213 2.163035 -0.713978
v 7.604099 2.134730 -0.776001
v 7.596141 2.139952 -0.800123
v 7.619711 2.130659 -0.791024
v 6.953867 2.149308 -0.721718
v 6.975579 2.163035 -0.713978
v 6.953867 2.155017 -0.700411
v 6.742506 2.149308 -0.721718
v 6.742506 2.155017 -0.700411
v 6.720794 2.163035 -0.713978
v 6.765680 2.134730 -0.776000
v 6.757721 2.139952 -0.800123
v 6.781291 2.130659 -0.791024
v 6.115448 2.149308 -0.721717
v 6.137160 2.163035 -0.713977
v 6.115448 2.155017 -0.700411
v 5.904087 2.149308 -0.721717
v 5.904087 2.155017 -0.700411
v 5.882375 2.163035 -0.713977
v 5.927260 2.134730 -0.776000
v 5.919302 2.139952 -0.800123
v 5.942872 2.130659 -0.791024
v 5.277028 2.149308 -0.721717
v 5.298740 2.163035 -0.713977
v 5.277028 2.155017 -0.700411
v 5.065667 2.149308 -0.721717
v 5.065667 2.155017 -0.700411
v 5.043955 2.163035 -0.713977
v 5.088841 2.134730 -0.776000
v 5.080883 2.139952 -0.800123
v 5.104453 2.130659 -0.791024
v 8.211496 2.333299 -0.391618
v 8.233208 2.349057 -0.391778
v 8.211496 2.348897 -0.376020
v 8.000135 2.333299 -0.391618
v 8.000135 2.348897 -0.376020
v 7.978423 2.349057 -0.391778
v 8.023310 2.293533 -0.431339
v 8.015350 2.285994 -0.454841
v 8.038920 2.282495 -0.442314
v 7.373077 2.333299 -0.391617
v 7.394789 2.349057 -0.391778
v 7.373077 2.348897 -0.376020
v 7.161716 2.333299 -0.391617
v 7.161716 2.348897 -0.376020
v 7.140004 2.349057 -0.391778
v 7.184890 2.293533 -0.431339
v 7.176931 2.285994 -0.454840
v 7.200501 2.282495 -0.442314
v 6.534657 2.333299 -0.391617
v 6.556369 2.349057 -0.391777
v 6.534657 2.348897 -0.376020
v 6.323296 2.333299 -0.391617
v 6.323297 2.348897 -0.376020
v 6.301584 2.349057 -0.391777
v 6.346470 2.293533 -0.431338
v 6.338511 2.285994 -0.454840
v 6.362082 2.282495 -0.442314
v 5.696238 2.333299 -0.391617
v 5.717950 2.349057 -0.391777
v 5.696238 2.348897 -0.376019
v 5.484877 2.333299 -0.391617
v 5.484877 2.348897 -0.376019
v 5.463165 2.349057 -0.391777
v 5.508051 2.293533 -0.431338
v 5.500093 2.285994 -0.454840
v 5.523662 2.282495 -0.442313
v 7.792287 2.657691 -0.197738
v 7.813999 2.671258 -0.205755
v 7.792287 2.678998 -0.192029
v 7.580925 2.657691 -0.197738
v 7.580925 2.678998 -0.192029
v 7.559213 2.671258 -0.205755
v 7.604099 2.603392 -0.212254
v 7.596141 2.585112 -0.228838
v 7.619711 2.588346 -0.216240
v 6.953867 2.657691 -0.197738
v 6.975579 2.671258 -0.205755
v 6.953867 2.678998 -0.192029
v 6.742506 2.657691 -0.197737
v 6.742506 2.678998 -0.192028
v 6.720794 2.671258 -0.205755
v 6.765680 2.603392 -0.212254
v 6.757721 2.585112 -0.228838
v 6.781291 2.588346 -0.216240
v 6.115448 2.657691 -0.197737
v 6.137160 2.671258 -0.205755
v 6.115448 2.678998 -0.192028
v 5.904086 2.657691 -0.197737
v 5.904087 2.678998 -0.192028
v 5.882374 2.671258 -0.205755
v 5.927260 2.603392 -0.212254
v 5.919302 2.585112 -0.228837
v 5.942872 2.588346 -0.216240
v 5.277028 2.657691 -0.197737
v 5.298740 2.671258 -0.205754
v 5.277028 2.678998 -0.192028
v 5.065667 2.657691 -0.197737
v 5.065667 2.678998 -0.192028
v 5.043955 2.671258 -0.205754
v 5.088841 2.603392 -0.212253
v 5.080883 2.585112 -0.228837
v 5.104453 2.588346 -0.216240
v 7.753501 2.748304 -0.173380
v 7.769113 2.733281 -0.177451
v 7.777071 2.757403 -0.182673
v 6.915082 2.748304 -0.173379
v 6.930693 2.733281 -0.177451
v 6.938652 2.757403 -0.182672
v 6.076662 2.748304 -0.173379
v 6.092274 2.733281 -0.177450
v 6.100232 2.757403 -0.182672
v 5.238243 2.748304 -0.173379
v 5.253854 2.733281 -0.177450
v 5.261813 2.757403 -0.182672
v 5.523662 2.399594 -0.325216
v 5.500092 2.412120 -0.328714
v 5.508051 2.388618 -0.336253
v 6.362082 2.399594 -0.325216
v 6.338511 2.412120 -0.328714
v 6.346470 2.388618 -0.336253
v 7.200501 2.399594 -0.325216
v 7.176931 2.412120 -0.328715
v 7.184890 2.388618 -0.336254
v 8.038920 2.399593 -0.325217
v 8.015350 2.412120 -0.328715
v 8.023309 2.388618 -0.336254
v 5.104452 2.173520 -0.631065
v 5.080883 2.186117 -0.627831
v 5.088841 2.169533 -0.646111
v 5.942872 2.173520 -0.631065
v 5.919302 2.186117 -0.627832
v 5.927260 2.169533 -0.646112
v 6.781291 2.173520 -0.631065
v 6.757721 2.186117 -0.627832
v 6.765680 2.169533 -0.646112
v 7.619711 2.173520 -0.631066
v 7.596141 2.186117 -0.627832
v 7.604099 2.169533 -0.646112
v 5.523662 2.130659 -1.008975
v 5.500092 2.139952 -0.999876
v 5.508051 2.134730 -1.023999
v 6.362082 2.130659 -1.008976
v 6.338511 2.139952 -0.999877
v 6.346470 2.134730 -1.023999
v 7.200501 2.130659 -1.008976
v 7.176931 2.139952 -0.999877
v 7.184889 2.134730 -1.024000
v 8.038920 2.130659 -1.008976
v 8.015350 2.139952 -0.999877
v 8.023309 2.134730 -1.024000
v 5.104452 2.282496 -1.357685
v 5.080882 2.285995 -1.345159
v 5.088841 2.293534 -1.368661
v 5.942872 2.282496 -1.357686
v 5.919302 2.285995 -1.345159
v 5.927260 2.293534 -1.368661
v 6.781291 2.282496 -1.357686
v 6.757721 2.285995 -1.345160
v 6.765680 2.293534 -1.368661
v 7.619710 2.282496 -1.357686
v 7.596140 2.285995 -1.345160
v 7.604099 2.293534 -1.368662
v 5.523662 2.588346 -1.583760
v 5.500092 2.585112 -1.571162
v 5.508050 2.603392 -1.587746
v 6.362081 2.588346 -1.583760
v 6.338511 2.585112 -1.571162
v 6.346470 2.603392 -1.587746
v 7.200500 2.588346 -1.583760
v 7.176930 2.585112 -1.571163
v 7.184889 2.603392 -1.587746
v 8.038920 2.588346 -1.583760
v 8.015350 2.585112 -1.571163
v 8.023309 2.603392 -1.587747
v 5.104452 2.966256 -1.626620
v 5.080882 2.957157 -1.617327
v 5.088840 2.981280 -1.622549
v 5.942871 2.966256 -1.626620
v 5.919302 2.957157 -1.617328
v 5.927260 2.981280 -1.622549
v 6.781291 2.966256 -1.626621
v 6.757721 2.957157 -1.617328
v 6.765679 2.981280 -1.622550
v 7.619710 2.966256 -1.626621
v 7.596140 2.957157 -1.617328
v 7.604099 2.981280 -1.622550
v 5.523662 3.314966 -1.474784
v 5.500092 3.302439 -1.471285
v 5.508050 3.325941 -1.463746
v 6.362081 3.314966 -1.474784
v 6.338511 3.302439 -1.471286
v 6.346470 3.325941 -1.463747
v 7.200500 3.314966 -1.474784
v 7.176930 3.302439 -1.471286
v 7.184889 3.325941 -1.463747
v 8.038920 3.314966 -1.474785
v 8.015350 3.302439 -1.471286
v 8.023309 3.325941 -1.463747
v 5.104452 3.541040 -1.168934
v 5.080882 3.528443 -1.172167
v 5.088841 3.545027 -1.153888
v 5.942872 3.541040 -1.168934
v 5.919302 3.528443 -1.172168
v 5.927260 3.545027 -1.153888
v 6.781291 3.541040 -1.168934
v 6.757721 3.528443 -1.172168
v 6.765680 3.545027 -1.153888
v 7.619710 3.541040 -1.168935
v 7.596140 3.528443 -1.172168
v 7.604099 3.545027 -1.153888
v 5.523662 3.583900 -0.791024
v 5.500092 3.574608 -0.800123
v 5.508050 3.579829 -0.776000
v 6.362082 3.583900 -0.791024
v 6.338511 3.574608 -0.800123
v 6.346470 3.579829 -0.776000
v 7.200500 3.583900 -0.791024
v 7.176930 3.574608 -0.800123
v 7.184889 3.579829 -0.776001
v 8.038920 3.583900 -0.791025
v 8.015350 3.574608 -0.800124
v 8.023309 3.579829 -0.776001
v 5.104453 3.432064 -0.442313
v 5.080883 3.428566 -0.454840
v 5.088841 3.421027 -0.431338
v 5.942872 3.432064 -0.442314
v 5.919302 3.428566 -0.454840
v 5.927260 3.421027 -0.431338
v 6.781291 3.432064 -0.442314
v 6.757721 3.428566 -0.454840
v 6.765680 3.421027 -0.431338
v 7.619710 3.432064 -0.442314
v 7.596141 3.428566 -0.454840
v 7.604099 3.421027 -0.431339
v 5.523662 3.126214 -0.216240
v 5.500092 3.129448 -0.228837
v 5.508051 3.111168 -0.212254
v 6.362082 3.126214 -0.216240
v 6.338511 3.129448 -0.228837
v 6.346470 3.111168 -0.212254
v 7.200501 3.126214 -0.216240
v 7.176931 3.129448 -0.228838
v 7.184890 3.111168 -0.212254
v 8.038920 3.126214 -0.216241
v 8.015350 3.129448 -0.228838
v 8.023309 3.111168 -0.212254
v 8.770572 2.857280 -0.155911
v 8.758732 2.857280 -0.143653
v 8.758732 2.479106 -0.244984
v 8.770572 2.485235 -0.255600
v 4.506592 2.485235 -0.255599
v 4.518432 2.479106 -0.244983
v 4.518432 2.857280 -0.143652
v 4.506592 2.857280 -0.155910
v 8.758731 2.202264 -0.521827
v 8.770571 2.212879 -0.527956
v 4.506592 2.212879 -0.527954
v 4.518433 2.202264 -0.521825
v 8.770571 2.116255 -0.888564
v 8.758731 2.100932 -0.900001
v 8.770571 2.116255 -0.911437
v 4.506592 2.116255 -0.888563
v 4.506592 2.116255 -0.911436
v 4.518433 2.100932 -0.899999
v 8.758731 2.202264 -1.278174
v 8.770571 2.212879 -1.272045
v 4.506592 2.212879 -1.272044
v 4.518432 2.202264 -1.278173
v 8.758731 2.479106 -1.555017
v 8.770571 2.485235 -1.544401
v 4.506592 2.485235 -1.544400
v 4.518432 2.479106 -1.555015
v 8.758731 2.857280 -1.656348
v 8.770571 2.857280 -1.644090
v 4.506592 2.857280 -1.644089
v 4.518432 2.857280 -1.656347
v 8.770571 3.217888 -1.547466
v 8.758731 3.235454 -1.555017
v 8.770571 3.237697 -1.536029
v 4.506592 3.217888 -1.547464
v 4.506592 3.237697 -1.536028
v 4.518432 3.235454 -1.555015
v 8.758730 3.512296 -1.278174
v 8.770571 3.501681 -1.272045
v 4.506592 3.501681 -1.272044
v 4.518432 3.512296 -1.278173
v 8.758731 3.613627 -0.900001
v 8.770571 3.601370 -0.900001
v 4.506592 3.601370 -0.899999
v 4.518432 3.613627 -0.899999
v 8.758731 3.512296 -0.521827
v 8.770571 3.501681 -0.527956
v 4.506592 3.501681 -0.527954
v 4.518432 3.512296 -0.521825
v 8.770572 3.237697 -0.263972
v 8.758732 3.235454 -0.244984
v 8.770572 3.217888 -0.252536
v 4.506592 3.237697 -0.263971
v 4.506592 3.217888 -0.252534
v 4.518432 3.235454 -0.244983
v 8.498363 2.857280 -0.026933
v 8.486522 2.857280 -0.039191
v 8.486522 2.426876 -0.154518
v 8.498363 2.420747 -0.143902
v 4.778801 2.420747 -0.143901
v 4.790642 2.426876 -0.154516
v 4.790642 2.857280 -0.039190
v 4.778801 2.857280 -0.026932
v 8.486522 2.111797 -0.469596
v 8.498362 2.098117 -0.474904
v 8.498362 2.109554 -0.455095
v 4.778801 2.109554 -0.455093
v 4.778801 2.098117 -0.474902
v 4.790642 2.111797 -0.469595
v 8.486522 1.996470 -0.900001
v 8.498362 1.984213 -0.900001
v 4.778801 1.984213 -0.899999
v 4.790642 1.996470 -0.899999
v 8.498362 2.098117 -1.325098
v 8.486522 2.111797 -1.330405
v 8.498362 2.109554 -1.344907
v 4.778801 2.098117 -1.325096
v 4.778801 2.109554 -1.344905
v 4.790641 2.111797 -1.330404
v 8.486522 2.426876 -1.645483
v 8.498362 2.420747 -1.656099
v 4.778801 2.420747 -1.656098
v 4.790641 2.426876 -1.645482
v 8.486522 2.857280 -1.760810
v 8.498362 2.857280 -1.773068
v 4.778801 2.857280 -1.773067
v 4.790641 2.857280 -1.760809
v 8.486522 3.287685 -1.645483
v 8.498362 3.293814 -1.656099
v 4.778801 3.282377 -1.659162
v 4.778801 3.302186 -1.647726
v 4.790641 3.287685 -1.645482
v 8.498362 3.605006 -1.344907
v 8.486521 3.602763 -1.330405
v 8.498362 3.616443 -1.325098
v 4.778801 3.605006 -1.344905
v 4.778801 3.616443 -1.325096
v 4.790641 3.602763 -1.330404
v 8.486522 3.718090 -0.900001
v 8.498362 3.730347 -0.900001
v 4.778801 3.730347 -0.899999
v 4.790641 3.718090 -0.899999
v 8.486522 3.602763 -0.469596
v 8.498362 3.605006 -0.455095
v 8.498362 3.616443 -0.474904
v 4.778801 3.616443 -0.474902
v 4.778801 3.605006 -0.455093
v 4.790641 3.602763 -0.469595
v 8.486522 3.287685 -0.154518
v 8.498363 3.293814 -0.143902
v 4.778801 3.293814 -0.143901
v 4.790642 3.287685 -0.154516
v 8.758732 2.857280 -0.039191
v 8.746891 2.857280 -0.026933
v 8.746891 2.420747 -0.143902
v 8.758732 2.426876 -0.154518
v 4.518432 2.426876 -0.154516
v 4.530272 2.420747 -0.143901
v 4.530272 2.857280 -0.026932
v 4.518432 2.857280 -0.039190
v 8.746891 2.109554 -0.455095
v 8.746891 2.098117 -0.474904
v 8.758731 2.111797 -0.469596
v 4.518433 2.111797 -0.469595
v 4.530272 2.098117 -0.474902
v 4.530272 2.109554 -0.455093
v 8.746891 1.984213 -0.900001
v 8.758731 1.996470 -0.900001
v 4.518433 1.996470 -0.899999
v 4.530272 1.984213 -0.899999
v 8.746891 2.098117 -1.325098
v 8.746891 2.109554 -1.344907
v 8.758731 2.111797 -1.330405
v 4.530272 2.098117 -1.325096
v 4.518432 2.111797 -1.330404
v 4.530272 2.109554 -1.344905
v 8.746891 2.420747 -1.656099
v 8.758731 2.426876 -1.645484
v 4.518432 2.426876 -1.645482
v 4.530272 2.420747 -1.656098
v 8.746891 2.857280 -1.773068
v 8.758731 2.857280 -1.760810
v 4.518432 2.857280 -1.760809
v 4.530272 2.857280 -1.773067
v 8.746891 3.293814 -1.656099
v 8.758731 3.287685 -1.645484
v 4.518432 3.287685 -1.645482
v 4.530272 3.302186 -1.647725
v 4.530272 3.282377 -1.659162
v 8.746890 3.605006 -1.344907
v 8.746890 3.616443 -1.325098
v 8.758730 3.602763 -1.330405
v 4.518432 3.602763 -1.330404
v 4.530272 3.616443 -1.325096
v 4.530272 3.605006 -1.344905
v 8.746891 3.730347 -0.900001
v 8.758731 3.718090 -0.900001
v 4.518432 3.718090 -0.899999
v 4.530272 3.730347 -0.899999
v 8.746891 3.616443 -0.474904
v 8.746891 3.605006 -0.455095
v 8.758731 3.602763 -0.469596
v 4.530272 3.616443 -0.474902
v 4.518432 3.602763 -0.469595
v 4.530272 3.605006 -0.455093
v 8.746891 3.293814 -0.143902
v 8.758732 3.287685 -0.154518
v 4.518432 3.287685 -0.154516
v 4.530272 3.293814 -0.143901
v 8.993412 2.857280 -0.168169
v 8.981571 2.857280 -0.155911
v 8.981571 2.485235 -0.255600
v 8.993412 2.491364 -0.266216
v 4.283752 2.491364 -0.266214
v 4.295592 2.485235 -0.255599
v 4.295592 2.857280 -0.155910
v 4.283752 2.857280 -0.168167
v 8.981571 2.212879 -0.527956
v 8.993411 2.223495 -0.534085
v 4.283752 2.223495 -0.534083
v 4.295592 2.212879 -0.527954
v 8.981571 2.116255 -0.888564
v 8.981571 2.116255 -0.911438
v 8.993411 2.125448 -0.900001
v 4.295592 2.116255 -0.888562
v 4.283752 2.125448 -0.899999
v 4.295592 2.116255 -0.911436
v 8.981571 2.212879 -1.272045
v 8.993411 2.223495 -1.265916
v 4.283752 2.223495 -1.265915
v 4.295592 2.212879 -1.272044
v 8.981571 2.485235 -1.544401
v 8.993411 2.491364 -1.533786
v 4.283751 2.491364 -1.533784
v 4.295591 2.485235 -1.544400
v 8.981571 2.857280 -1.644090
v 8.993411 2.857280 -1.631833
v 4.283751 2.857280 -1.631831
v 4.295591 2.857280 -1.644089
v 8.981571 3.217888 -1.547466
v 8.981571 3.237697 -1.536029
v 8.993411 3.223196 -1.533786
v 4.295591 3.217888 -1.547464
v 4.283751 3.223196 -1.533784
v 4.295591 3.237697 -1.536028
v 8.981570 3.501681 -1.272045
v 8.993410 3.491065 -1.265916
v 4.283751 3.491065 -1.265915
v 4.295591 3.501681 -1.272044
v 8.981571 3.601370 -0.900001
v 8.993411 3.589112 -0.900001
v 4.283751 3.589112 -0.899999
v 4.295592 3.601370 -0.899999
v 8.981571 3.501681 -0.527956
v 8.993411 3.491065 -0.534085
v 4.283751 3.491065 -0.534083
v 4.295592 3.501681 -0.527954
v 8.981571 3.237697 -0.263972
v 8.981571 3.217888 -0.252536
v 8.993412 3.223196 -0.266216
v 4.295592 3.237697 -0.263971
v 4.283752 3.223196 -0.266214
v 4.295592 3.217888 -0.252534
vn -0.0000 1.0000 -0.0000
vn -0.0000 0.8660 0.5000
vn -0.0000 0.8660 -0.5000
vn -0.0000 -0.5000 0.8660
vn -0.0000 -0.8660 0.5000
vn -0.7369 -0.6640 0.1268
vn -0.7369 -0.6640 -0.1268
vn -0.7486 -0.6630 -0.0000
vn 0.7486 -0.6630 -0.0000
vn 0.7369 -0.6640 -0.1268
vn 0.7369 -0.6640 0.1268
vn -0.7369 0.2222 -0.6385
vn -0.7369 0.4418 -0.5117
vn -0.7486 0.3315 -0.5742
vn 0.7486 0.3315 -0.5742
vn 0.7369 0.4418 -0.5117
vn 0.7369 0.2222 -0.6385
vn -0.7369 0.4418 0.5117
vn -0.7369 0.2222 0.6385
vn -0.7486 0.3315 0.5742
vn 0.7486 0.3315 0.5742
vn 0.7369 0.2222 0.6385
vn 0.7369 0.4418 0.5117
vn 0.7188 -0.2491 0.6490
vn 0.4576 -0.1701 0.8727
vn 0.5104 -0.5401 0.6691
vn 0.5104 0.5401 0.6691
vn 0.4576 0.1701 0.8727
vn 0.7188 0.2491 0.6490
vn -0.5104 0.5401 0.6691
vn -0.7188 0.2491 0.6490
vn -0.4576 0.1701 0.8727
vn -0.7188 -0.5402 0.4376
vn -0.5104 -0.8023 0.3094
vn -0.4576 -0.5837 0.6707
vn -0.5104 0.1333 0.8495
vn -0.7188 -0.1088 0.6866
vn -0.4576 -0.2890 0.8409
vn 0.5104 0.1333 0.8495
vn 0.4576 -0.2890 0.8409
vn 0.7188 -0.1088 0.6866
vn -0.5104 -0.3094 0.8023
vn -0.7188 -0.4376 0.5402
vn -0.4576 -0.6707 0.5837
vn -0.7188 -0.6866 0.1088
vn -0.5104 -0.8495 -0.1332
vn -0.4576 -0.8409 0.2890
vn -0.5104 -0.8496 -0.1332
vn 0.5104 -0.8495 -0.1332
vn 0.7188 -0.6866 0.1088
vn 0.4576 -0.8409 0.2890
vn -0.7188 -0.6490 -0.2491
vn -0.5104 -0.6691 -0.5401
vn -0.4576 -0.8727 -0.1701
vn -0.5104 -0.6691 0.5401
vn -0.7188 -0.6490 0.2491
vn -0.4576 -0.8727 0.1701
vn 0.5104 -0.6691 0.5401
vn 0.4576 -0.8727 0.1701
vn 0.7188 -0.6490 0.2491
vn -0.5104 -0.8495 0.1332
vn -0.7188 -0.6866 -0.1088
vn -0.4576 -0.8409 -0.2890
vn -0.7188 -0.4376 -0.5402
vn -0.5104 -0.3094 -0.8023
vn -0.4576 -0.6707 -0.5837
vn -0.5104 -0.8496 0.1332
vn 0.5104 -0.3094 -0.8023
vn 0.7188 -0.4376 -0.5402
vn 0.4576 -0.6707 -0.5837
vn -0.7188 -0.1088 -0.6866
vn -0.5104 0.1332 -0.8496
vn -0.4576 -0.2890 -0.8409
vn -0.5104 -0.8023 -0.3094
vn -0.7188 -0.5402 -0.4376
vn -0.4576 -0.5837 -0.6707
vn -0.5104 0.1331 -0.8496
vn -0.5104 0.1332 -0.8495
vn -0.5104 0.1333 -0.8495
vn -0.4577 -0.2890 -0.8408
vn 0.5104 -0.8023 -0.3094
vn 0.4576 -0.5837 -0.6707
vn 0.7188 -0.5402 -0.4376
vn -0.5104 -0.5401 -0.6691
vn -0.7188 -0.2491 -0.6490
vn -0.4576 -0.1701 -0.8727
vn -0.7188 0.2491 -0.6490
vn -0.5104 0.5401 -0.6691
vn -0.4576 0.1702 -0.8727
vn -0.5104 -0.5401 -0.6692
vn -0.4576 0.1701 -0.8727
vn 0.5104 0.5401 -0.6692
vn 0.7188 0.2491 -0.6490
vn 0.4576 0.1701 -0.8727
vn -0.7188 0.5402 -0.4375
vn -0.5104 0.8023 -0.3094
vn -0.4576 0.5837 -0.6707
vn -0.5104 -0.1332 -0.8495
vn -0.7188 0.1088 -0.6866
vn -0.4576 0.2890 -0.8409
vn -0.7188 0.5402 -0.4376
vn 0.5104 -0.1332 -0.8496
vn 0.4577 0.2890 -0.8409
vn 0.7188 0.1088 -0.6866
vn -0.5104 0.3094 -0.8023
vn -0.7188 0.4376 -0.5402
vn -0.4576 0.6707 -0.5837
vn -0.7188 0.6866 -0.1088
vn -0.5104 0.8496 0.1332
vn -0.4576 0.8409 -0.2890
vn 0.5104 0.8495 0.1332
vn 0.7188 0.6866 -0.1088
vn 0.4576 0.8409 -0.2890
vn -0.7188 0.6490 0.2491
vn -0.5104 0.6691 0.5401
vn -0.4576 0.8727 0.1702
vn -0.5104 0.6691 -0.5401
vn -0.7188 0.6490 -0.2491
vn -0.4577 0.8727 -0.1701
vn -0.4577 0.8727 -0.1702
vn -0.4576 0.8727 0.1701
vn -0.4576 0.8727 -0.1701
vn 0.5104 0.6691 -0.5401
vn 0.4576 0.8727 -0.1701
vn 0.7188 0.6490 -0.2491
vn -0.5104 0.8496 -0.1332
vn -0.7188 0.6866 0.1088
vn -0.4576 0.8409 0.2890
vn -0.7188 0.4375 0.5402
vn -0.5104 0.3094 0.8023
vn -0.4576 0.6707 0.5837
vn -0.5104 0.8495 -0.1332
vn -0.7188 0.4376 0.5402
vn 0.5104 0.3094 0.8023
vn 0.7188 0.4375 0.5402
vn 0.4577 0.6707 0.5837
vn -0.7188 0.1088 0.6866
vn -0.5104 -0.1332 0.8496
vn -0.4576 0.2890 0.8409
vn -0.5104 0.8023 0.3094
vn -0.7188 0.5402 0.4376
vn -0.4576 0.5837 0.6707
vn 0.5104 0.8023 0.3094
vn 0.4576 0.5837 0.6707
vn 0.7188 0.5402 0.4376
vn -0.0198 0.1307 0.9912
vn -0.0257 -0.1627 0.9863
vn -0.0297 -0.0000 0.9996
vn -0.0452 0.1633 0.9855
vn -0.5104 -0.5401 0.6691
vn -0.4576 -0.1701 0.8727
vn -0.7188 -0.2491 0.6490
vn 0.0181 -0.1269 0.9918
vn 0.0296 0.1543 0.9876
vn 0.0412 0.1718 0.9843
vn 0.0344 -0.0110 0.9993
vn 0.0414 -0.1547 0.9871
vn 0.5104 -0.8023 0.3094
vn 0.7188 -0.5402 0.4376
vn 0.4576 -0.5837 0.6707
vn 0.7188 -0.5402 0.4375
vn 0.5104 -0.3094 0.8023
vn 0.4576 -0.6707 0.5837
vn 0.7188 -0.4376 0.5402
vn 0.4577 -0.8409 0.2890
vn 0.5104 -0.6691 -0.5401
vn 0.7188 -0.6490 -0.2491
vn 0.4576 -0.8727 -0.1701
vn 0.4576 -0.8727 0.1702
vn 0.5104 -0.6692 0.5401
vn 0.4576 -0.8727 -0.1702
vn 0.0198 -0.7931 -0.6088
vn 0.0257 -0.9356 -0.3523
vn 0.0297 -0.8656 -0.4998
vn 0.0452 -0.7718 -0.6342
vn -0.0296 -0.9324 -0.3601
vn -0.0181 -0.7955 -0.6057
vn -0.0414 -0.7775 -0.6276
vn -0.0344 -0.8599 -0.5092
vn -0.0412 -0.9383 -0.3433
vn 0.5104 -0.8495 0.1332
vn 0.4576 -0.8409 -0.2890
vn 0.7188 -0.6866 -0.1088
vn 0.0181 -0.7955 -0.6057
vn 0.0296 -0.9324 -0.3601
vn 0.0412 -0.9383 -0.3433
vn 0.0344 -0.8599 -0.5092
vn 0.0414 -0.7775 -0.6276
vn 0.5104 -0.8496 0.1332
vn 0.0257 -0.3523 -0.9356
vn 0.0198 -0.6088 -0.7931
vn 0.0452 -0.6342 -0.7718
vn 0.0297 -0.4998 -0.8656
vn -0.0181 -0.6057 -0.7955
vn -0.0296 -0.3601 -0.9324
vn -0.0412 -0.3433 -0.9383
vn -0.0344 -0.5092 -0.8599
vn -0.0414 -0.6276 -0.7775
vn 0.5104 0.1331 -0.8496
vn 0.7188 -0.1088 -0.6866
vn 0.4576 -0.2890 -0.8409
vn 0.0296 -0.3601 -0.9324
vn 0.0181 -0.6057 -0.7955
vn 0.0414 -0.6276 -0.7775
vn 0.0344 -0.5092 -0.8599
vn 0.0412 -0.3433 -0.9383
vn 0.5104 0.1333 -0.8495
vn -0.0198 -0.1307 -0.9912
vn -0.0257 0.1627 -0.9863
vn -0.0297 -0.0000 -0.9996
vn -0.0452 -0.1633 -0.9855
vn 0.0296 0.1543 -0.9876
vn 0.0181 -0.1269 -0.9918
vn 0.0414 -0.1547 -0.9871
vn 0.0344 -0.0110 -0.9993
vn 0.0412 0.1718 -0.9843
vn 0.5104 -0.5401 -0.6691
vn 0.4576 -0.1701 -0.8727
vn 0.7188 -0.2491 -0.6490
vn 0.5104 0.5401 -0.6691
vn -0.0181 -0.1269 -0.9918
vn -0.0296 0.1543 -0.9876
vn -0.0412 0.1718 -0.9843
vn -0.0344 -0.0110 -0.9993
vn -0.0414 -0.1547 -0.9871
vn 0.4576 0.1702 -0.8727
vn 0.0181 -0.1268 -0.9918
vn 0.5104 0.8023 -0.3094
vn 0.7188 0.5402 -0.4376
vn 0.4576 0.5837 -0.6707
vn 0.5104 -0.1332 -0.8495
vn 0.4576 0.2890 -0.8409
vn 0.7188 0.5402 -0.4375
vn 0.5104 -0.1331 -0.8496
vn -0.0198 0.7931 -0.6088
vn -0.0257 0.9356 -0.3523
vn -0.0297 0.8656 -0.4998
vn -0.0452 0.7718 -0.6342
vn 0.0296 0.9324 -0.3601
vn 0.0181 0.7955 -0.6057
vn 0.0414 0.7775 -0.6276
vn 0.0344 0.8599 -0.5092
vn 0.0412 0.9383 -0.3433
vn 0.5104 0.3094 -0.8023
vn 0.4576 0.6707 -0.5837
vn 0.7188 0.4376 -0.5402
vn -0.0181 0.7955 -0.6057
vn -0.0296 0.9324 -0.3601
vn -0.0412 0.9383 -0.3433
vn -0.0344 0.8599 -0.5092
vn -0.0414 0.7775 -0.6276
vn 0.5104 0.8496 0.1332
vn 0.7188 0.4375 -0.5402
vn -0.0257 0.9863 -0.1627
vn -0.0198 0.9912 0.1307
vn -0.0452 0.9855 0.1633
vn -0.0297 0.9996 -0.0000
vn 0.0181 0.9918 0.1269
vn 0.0296 0.9876 -0.1543
vn 0.0412 0.9843 -0.1718
vn 0.0344 0.9993 0.0110
vn 0.0414 0.9871 0.1547
vn 0.5104 0.6691 0.5401
vn 0.7188 0.6490 0.2491
vn 0.4577 0.8727 0.1701
vn -0.0296 0.9876 -0.1543
vn -0.0181 0.9918 0.1269
vn -0.0414 0.9871 0.1547
vn -0.0344 0.9993 0.0110
vn -0.0412 0.9843 -0.1718
vn 0.5104 0.8496 -0.1332
vn 0.4576 0.8409 0.2890
vn 0.7188 0.6866 0.1088
vn 0.4576 0.6707 0.5837
vn 0.7188 0.4376 0.5402
vn 0.5104 0.8495 -0.1332
vn 0.5104 -0.1332 0.8495
vn 0.7188 0.1088 0.6866
vn 0.4576 0.2890 0.8409
vn 0.5104 -0.1332 0.8496
vn 0.4577 0.5837 0.6707
vn 0.7188 0.5402 0.4375
vn -0.1903 -0.6264 0.7559
vn 0.1903 -0.6264 0.7559
vn -0.0000 -0.3786 0.9256
vn -0.1903 0.6265 0.7559
vn -0.0000 0.3786 0.9256
vn 0.1903 0.6265 0.7559
vn 0.1903 -0.9205 0.3414
vn -0.0000 -0.7907 0.6123
vn -0.1903 -0.9205 0.3414
vn 0.1903 0.1645 0.9678
vn -0.1903 0.1645 0.9678
vn -0.0000 -0.1349 0.9909
vn 0.1903 -0.3414 0.9205
vn -0.1903 -0.3414 0.9205
vn -0.0000 -0.6123 0.7907
vn 0.1903 -0.9678 -0.1646
vn -0.0000 -0.9909 0.1349
vn -0.1903 -0.9678 -0.1646
vn 0.1903 -0.3414 0.9204
vn -0.1903 -0.3414 0.9204
vn 0.1903 -0.7559 -0.6265
vn -0.0000 -0.9256 -0.3786
vn -0.1903 -0.7559 -0.6265
vn 0.1903 -0.7559 0.6265
vn -0.1903 -0.7559 0.6265
vn -0.0000 -0.9256 0.3786
vn 0.1903 -0.9678 0.1646
vn -0.1903 -0.9678 0.1646
vn -0.0000 -0.9909 -0.1349
vn 0.1903 -0.3414 -0.9205
vn -0.0000 -0.6123 -0.7907
vn -0.1903 -0.3414 -0.9205
vn -0.1903 -0.3414 -0.9204
vn -0.0000 -0.6123 -0.7906
vn 0.1903 0.1646 -0.9678
vn -0.0000 -0.1349 -0.9909
vn -0.1903 0.1646 -0.9678
vn 0.1903 -0.9205 -0.3414
vn -0.1903 -0.9205 -0.3414
vn -0.0000 -0.7907 -0.6123
vn 0.1903 0.1645 -0.9678
vn -0.1903 0.1645 -0.9678
vn 0.1903 -0.6265 -0.7559
vn -0.1903 -0.6265 -0.7559
vn -0.0000 -0.3786 -0.9256
vn 0.1903 0.6264 -0.7559
vn -0.0000 0.3786 -0.9256
vn -0.1903 0.6265 -0.7559
vn -0.1904 -0.6264 -0.7559
vn 0.1903 0.6265 -0.7558
vn 0.1903 -0.6264 -0.7559
vn 0.1903 0.9204 -0.3414
vn -0.0000 0.7907 -0.6123
vn -0.1903 0.9204 -0.3414
vn 0.1903 -0.1646 -0.9678
vn -0.1903 -0.1646 -0.9678
vn -0.0000 0.1349 -0.9909
vn 0.1903 0.9205 -0.3414
vn -0.1903 0.9205 -0.3414
vn 0.1903 0.3414 -0.9205
vn -0.1903 0.3414 -0.9205
vn -0.0000 0.6122 -0.7907
vn 0.1903 0.9678 0.1646
vn -0.0000 0.9909 -0.1349
vn -0.1903 0.9678 0.1646
vn -0.0000 0.6123 -0.7907
vn 0.1903 0.7559 0.6264
vn -0.0000 0.9256 0.3786
vn -0.1903 0.7559 0.6265
vn 0.1903 0.7559 -0.6265
vn -0.1903 0.7559 -0.6265
vn -0.0000 0.9256 -0.3786
vn 0.1903 0.7559 0.6265
vn 0.1903 0.9678 -0.1646
vn -0.1903 0.9678 -0.1646
vn -0.0000 0.9909 0.1349
vn 0.1903 0.3414 0.9205
vn -0.0000 0.6122 0.7907
vn -0.1903 0.3414 0.9205
vn 0.1903 -0.1646 0.9678
vn -0.0000 0.1349 0.9909
vn -0.1903 -0.1646 0.9678
vn 0.1903 0.9205 0.3414
vn -0.1903 0.9205 0.3414
vn -0.0000 0.7907 0.6123
vn 0.8053 -0.0120 0.5928
vn 0.8053 0.3068 0.5074
vn 0.5988 0.2073 0.7736
vn -0.8053 -0.0120 0.5928
vn -0.5988 0.2073 0.7736
vn -0.8053 0.3068 0.5074
vn 0.8053 0.2860 0.5194
vn 0.8053 0.5194 0.2860
vn 0.5988 0.5663 0.5663
vn -0.8053 0.2860 0.5193
vn -0.5988 0.5663 0.5663
vn -0.8053 0.5194 0.2860
vn -0.8053 0.2860 0.5194
vn 0.8053 0.5074 0.3068
vn 0.8053 0.5928 -0.0120
vn 0.5988 0.7736 0.2073
vn -0.8053 0.5074 0.3068
vn -0.5988 0.7736 0.2073
vn -0.8053 0.5928 -0.0120
vn 0.8053 0.5928 0.0120
vn 0.8053 0.5074 -0.3068
vn 0.5988 0.7736 -0.2073
vn -0.8053 0.5928 0.0120
vn -0.5988 0.7736 -0.2073
vn -0.8053 0.5074 -0.3068
vn 0.8053 0.5194 -0.2860
vn 0.8053 0.2860 -0.5194
vn 0.5988 0.5663 -0.5663
vn -0.8053 0.5194 -0.2860
vn -0.5988 0.5663 -0.5663
vn -0.8053 0.2860 -0.5193
vn 0.8053 0.2860 -0.5193
vn -0.8053 0.2860 -0.5194
vn 0.8053 0.3068 -0.5074
vn 0.8053 -0.0120 -0.5928
vn 0.5988 0.2073 -0.7736
vn -0.8053 0.3068 -0.5074
vn -0.5988 0.2073 -0.7736
vn -0.8053 -0.0120 -0.5928
vn 0.8053 0.0120 -0.5928
vn 0.8053 -0.3068 -0.5074
vn 0.5988 -0.2073 -0.7736
vn -0.8053 0.0120 -0.5928
vn -0.5988 -0.2073 -0.7736
vn -0.8053 -0.3068 -0.5074
vn 0.8053 -0.2860 -0.5194
vn 0.8053 -0.5194 -0.2860
vn 0.5988 -0.5663 -0.5663
vn -0.8053 -0.2860 -0.5194
vn -0.5988 -0.5663 -0.5663
vn -0.8053 -0.5194 -0.2860
vn 0.8053 -0.5074 -0.3068
vn 0.8053 -0.5928 0.0120
vn 0.5988 -0.7736 -0.2073
vn -0.8053 -0.5074 -0.3068
vn -0.5988 -0.7736 -0.2073
vn -0.8053 -0.5928 0.0120
vn 0.8053 -0.5928 -0.0120
vn 0.8053 -0.5074 0.3068
vn 0.5988 -0.7736 0.2073
vn -0.8053 -0.5928 -0.0120
vn -0.5988 -0.7736 0.2073
vn -0.8053 -0.5074 0.3068
vn 0.8053 -0.5194 0.2860
vn 0.8053 -0.2860 0.5194
vn 0.5988 -0.5663 0.5663
vn -0.8053 -0.5193 0.2860
vn -0.5988 -0.5663 0.5663
vn -0.8053 -0.2860 0.5194
vn -0.8053 -0.5194 0.2860
vn 0.8053 -0.3068 0.5074
vn 0.8053 0.0120 0.5928
vn 0.5988 -0.2073 0.7736
vn -0.8053 -0.3068 0.5074
vn -0.5988 -0.2073 0.7736
vn -0.8053 0.0120 0.5928
vn -0.1579 -0.3063 0.9388
vn -0.0000 -0.3073 0.9516
vn 0.1579 -0.3063 0.9388
vn -0.2668 -0.2604 0.9279
vn -0.4710 -0.0341 0.8815
vn -0.3786 -0.1404 0.9148
vn -0.1579 0.3063 0.9388
vn 0.1579 0.3063 0.9388
vn -0.0000 0.3073 0.9516
vn -0.2668 0.2604 0.9279
vn -0.3786 0.1404 0.9148
vn -0.4710 0.0341 0.8815
vn 0.1579 -0.7346 0.6598
vn -0.1579 -0.7346 0.6598
vn -0.0000 -0.7420 0.6704
vn 0.2668 -0.6895 0.6734
vn 0.3786 -0.5790 0.7221
vn 0.4710 -0.4702 0.7463
vn 0.1579 -0.2041 0.9661
vn -0.0000 -0.2096 0.9778
vn -0.1579 -0.2041 0.9661
vn 0.2668 -0.2385 0.9338
vn 0.4710 -0.4112 0.7804
vn 0.3786 -0.3358 0.8625
vn 0.1579 -0.6598 0.7346
vn -0.0000 -0.6704 0.7420
vn -0.1579 -0.6598 0.7346
vn 0.2668 -0.6734 0.6895
vn 0.4710 -0.7463 0.4702
vn 0.3786 -0.7221 0.5790
vn 0.1579 -0.9661 0.2041
vn -0.1579 -0.9661 0.2041
vn -0.0000 -0.9778 0.2096
vn 0.2668 -0.9338 0.2385
vn 0.3786 -0.8625 0.3358
vn 0.4710 -0.7804 0.4112
vn 0.1579 -0.9388 -0.3063
vn -0.1579 -0.9388 -0.3063
vn -0.0000 -0.9516 -0.3073
vn 0.2668 -0.9279 -0.2604
vn 0.3786 -0.9148 -0.1404
vn 0.4710 -0.8814 -0.0341
vn 0.1579 -0.9388 0.3063
vn -0.0000 -0.9516 0.3073
vn -0.1579 -0.9388 0.3063
vn 0.2668 -0.9279 0.2604
vn 0.4711 -0.8814 0.0341
vn 0.3786 -0.9148 0.1404
vn 0.4710 -0.8815 -0.0341
vn 0.4711 -0.8814 -0.0341
vn 0.4710 -0.8815 0.0341
vn 0.1579 -0.9661 -0.2041
vn -0.0000 -0.9778 -0.2096
vn -0.1579 -0.9661 -0.2041
vn 0.2668 -0.9338 -0.2385
vn 0.4711 -0.7804 -0.4112
vn 0.3786 -0.8625 -0.3358
vn 0.1579 -0.6598 -0.7346
vn -0.1579 -0.6598 -0.7346
vn -0.0000 -0.6704 -0.7420
vn 0.2668 -0.6734 -0.6895
vn 0.3786 -0.7221 -0.5790
vn 0.4710 -0.7463 -0.4702
vn 0.4710 -0.7804 -0.4112
vn 0.1579 -0.2041 -0.9661
vn -0.1579 -0.2041 -0.9661
vn -0.0000 -0.2096 -0.9778
vn 0.2668 -0.2385 -0.9338
vn 0.3786 -0.3358 -0.8625
vn 0.4710 -0.4112 -0.7804
vn 0.1579 -0.7346 -0.6599
vn -0.0000 -0.7420 -0.6704
vn -0.1579 -0.7346 -0.6598
vn 0.2668 -0.6895 -0.6734
vn 0.4710 -0.4702 -0.7463
vn 0.3786 -0.5790 -0.7221
vn 0.1579 -0.7346 -0.6598
vn 0.1579 -0.3063 -0.9388
vn -0.0000 -0.3073 -0.9516
vn -0.1579 -0.3063 -0.9388
vn 0.2668 -0.2604 -0.9279
vn 0.4710 -0.0341 -0.8814
vn 0.3786 -0.1404 -0.9148
vn 0.1579 0.3063 -0.9388
vn -0.1579 0.3063 -0.9388
vn -0.0000 0.3073 -0.9516
vn 0.2668 0.2604 -0.9279
vn 0.3786 0.1404 -0.9148
vn 0.4710 0.0341 -0.8815
vn 0.4710 -0.0341 -0.8815
vn 0.4710 0.0341 -0.8814
vn 0.1579 0.7346 -0.6598
vn -0.1579 0.7346 -0.6599
vn -0.0000 0.7420 -0.6704
vn 0.2668 0.6895 -0.6734
vn 0.3786 0.5790 -0.7221
vn 0.4710 0.4702 -0.7463
vn 0.1579 0.2041 -0.9661
vn -0.0000 0.2096 -0.9778
vn -0.1579 0.2041 -0.9661
vn 0.2668 0.2385 -0.9338
vn 0.4710 0.4112 -0.7804
vn 0.3786 0.3358 -0.8625
vn 0.1579 0.7346 -0.6599
vn -0.1579 0.7346 -0.6598
vn 0.1579 0.6599 -0.7346
vn -0.0000 0.6704 -0.7420
vn -0.1579 0.6598 -0.7346
vn 0.2668 0.6734 -0.6895
vn 0.4711 0.7463 -0.4702
vn 0.3786 0.7221 -0.5790
vn 0.1579 0.9661 -0.2041
vn -0.1579 0.9661 -0.2041
vn -0.0000 0.9778 -0.2096
vn 0.2668 0.9338 -0.2385
vn 0.3786 0.8625 -0.3358
vn 0.4710 0.7804 -0.4112
vn 0.1579 0.6598 -0.7346
vn -0.1579 0.6599 -0.7346
vn 0.1579 0.9388 0.3063
vn -0.1579 0.9388 0.3063
vn -0.0000 0.9516 0.3073
vn 0.2668 0.9279 0.2604
vn 0.3786 0.9148 0.1404
vn 0.4710 0.8815 0.0341
vn 0.1579 0.9388 -0.3063
vn -0.0000 0.9516 -0.3073
vn -0.1579 0.9388 -0.3063
vn 0.2668 0.9279 -0.2604
vn 0.4710 0.8815 -0.0341
vn 0.3786 0.9149 -0.1404
vn 0.3786 0.9148 -0.1404
vn 0.1579 0.9661 0.2041
vn -0.0000 0.9778 0.2096
vn -0.1579 0.9661 0.2041
vn 0.2668 0.9338 0.2385
vn 0.4710 0.7804 0.4112
vn 0.3786 0.8625 0.3358
vn 0.1579 0.6598 0.7346
vn -0.1579 0.6598 0.7346
vn -0.0000 0.6704 0.7420
vn 0.2668 0.6734 0.6895
vn 0.3786 0.7221 0.5790
vn 0.4710 0.7463 0.4702
vn -0.1579 0.6599 0.7346
vn 0.1579 0.2041 0.9661
vn -0.1579 0.2041 0.9661
vn -0.0000 0.2096 0.9778
vn 0.2668 0.2385 0.9338
vn 0.3786 0.3358 0.8625
vn 0.4710 0.4112 0.7804
vn 0.1579 0.7346 0.6599
vn -0.0000 0.7420 0.6704
vn -0.1579 0.7346 0.6599
vn 0.2668 0.6895 0.6734
vn 0.4710 0.4702 0.7463
vn 0.3786 0.5790 0.7221
vn 0.1579 0.7346 0.6598
vn 0.5150 0.0739 0.8540
vn 0.5197 0.2211 0.8252
vn 0.5150 0.3630 0.7765
vn 0.4711 -0.0341 0.8814
vn 0.2668 -0.2604 0.9279
vn 0.3786 -0.1404 0.9148
vn -0.5150 0.0739 0.8540
vn -0.5150 0.3630 0.7765
vn -0.5197 0.2211 0.8253
vn 0.5197 0.2211 0.8253
vn 0.4710 -0.0341 0.8815
vn 0.5150 0.4910 0.7026
vn 0.5197 0.6041 0.6041
vn 0.5150 0.7026 0.4910
vn -0.5150 0.4910 0.7026
vn -0.5150 0.7026 0.4910
vn -0.5197 0.6041 0.6041
vn -0.4710 0.4112 0.7804
vn -0.3786 0.3358 0.8625
vn -0.2668 0.2385 0.9338
vn 0.5150 0.7765 0.3629
vn 0.5197 0.8253 0.2211
vn 0.5150 0.8540 0.0739
vn -0.5150 0.7765 0.3629
vn -0.5150 0.8540 0.0739
vn -0.5197 0.8253 0.2211
vn -0.4710 0.7463 0.4702
vn -0.3786 0.7221 0.5790
vn -0.2668 0.6734 0.6895
vn -0.4711 0.7463 0.4702
vn 0.5150 0.7765 0.3630
vn -0.5150 0.7765 0.3630
vn 0.5150 0.8540 -0.0739
vn 0.5197 0.8253 -0.2211
vn 0.5150 0.7765 -0.3630
vn -0.5150 0.8540 -0.0739
vn -0.5150 0.7765 -0.3629
vn -0.5197 0.8253 -0.2211
vn -0.4710 0.8814 0.0341
vn -0.3786 0.9148 0.1404
vn -0.2668 0.9279 0.2604
vn -0.5150 0.7765 -0.3630
vn -0.4710 0.8815 0.0341
vn 0.5150 0.7765 -0.3629
vn 0.5150 0.7026 -0.4910
vn 0.5197 0.6041 -0.6041
vn 0.5150 0.4910 -0.7026
vn -0.5150 0.7026 -0.4910
vn -0.5150 0.4910 -0.7026
vn -0.5197 0.6041 -0.6041
vn -0.4710 0.7804 -0.4112
vn -0.3786 0.8625 -0.3358
vn -0.2668 0.9338 -0.2385
vn 0.5150 0.3630 -0.7765
vn 0.5197 0.2211 -0.8253
vn 0.5150 0.0739 -0.8540
vn -0.5150 0.3630 -0.7765
vn -0.5150 0.0739 -0.8540
vn -0.5197 0.2211 -0.8253
vn -0.4710 0.4702 -0.7463
vn -0.3786 0.5790 -0.7221
vn -0.2668 0.6895 -0.6734
vn -0.5150 0.3629 -0.7765
vn 0.5150 -0.0739 -0.8540
vn 0.5197 -0.2211 -0.8253
vn 0.5150 -0.3630 -0.7765
vn -0.5150 -0.0739 -0.8540
vn -0.5150 -0.3630 -0.7765
vn -0.5197 -0.2211 -0.8253
vn -0.4710 0.0341 -0.8815
vn -0.3786 0.1404 -0.9148
vn -0.2668 0.2604 -0.9279
vn 0.5150 -0.4910 -0.7026
vn 0.5197 -0.6041 -0.6041
vn 0.5150 -0.7026 -0.4910
vn -0.5150 -0.4910 -0.7026
vn -0.5150 -0.7026 -0.4910
vn -0.5197 -0.6041 -0.6041
vn -0.4710 -0.4112 -0.7804
vn -0.3786 -0.3358 -0.8625
vn -0.2668 -0.2385 -0.9338
vn 0.5150 -0.7765 -0.3630
vn 0.5197 -0.8253 -0.2211
vn 0.5150 -0.8540 -0.0739
vn -0.5150 -0.7765 -0.3630
vn -0.5150 -0.8540 -0.0739
vn -0.5197 -0.8253 -0.2211
vn -0.4710 -0.7463 -0.4702
vn -0.3786 -0.7221 -0.5790
vn -0.2668 -0.6734 -0.6895
vn 0.5150 -0.8540 0.0739
vn 0.5197 -0.8253 0.2211
vn 0.5150 -0.7765 0.3630
vn -0.5150 -0.8540 0.0739
vn -0.5150 -0.7765 0.3630
vn -0.5197 -0.8253 0.2211
vn -0.4710 -0.8815 -0.0341
vn -0.3786 -0.9148 -0.1404
vn -0.2668 -0.9279 -0.2604
vn -0.4710 -0.8814 -0.0341
vn 0.5150 -0.7026 0.4910
vn 0.5197 -0.6041 0.6041
vn 0.5150 -0.4910 0.7026
vn -0.5150 -0.7026 0.4910
vn -0.5150 -0.4910 0.7026
vn -0.5197 -0.6041 0.6041
vn -0.4710 -0.7804 0.4112
vn -0.3786 -0.8625 0.3358
vn -0.2668 -0.9338 0.2385
vn 0.5150 -0.3630 0.7765
vn 0.5197 -0.2211 0.8253
vn 0.5150 -0.0739 0.8540
vn -0.5150 -0.3630 0.7765
vn -0.5150 -0.0739 0.8540
vn -0.5197 -0.2211 0.8253
vn -0.4710 -0.4702 0.7463
vn -0.3786 -0.5790 0.7221
vn -0.2668 -0.6895 0.6734
vn 0.2668 0.2604 0.9279
vn 0.4710 0.0341 0.8815
vn 0.3786 0.1404 0.9148
vn -0.2668 -0.2385 0.9338
vn -0.3786 -0.3358 0.8625
vn -0.4710 -0.4112 0.7804
vn -0.4711 -0.4112 0.7804
vn -0.2668 -0.6734 0.6895
vn -0.3786 -0.7221 0.5790
vn -0.4710 -0.7463 0.4702
vn -0.2668 -0.9279 0.2604
vn -0.3786 -0.9148 0.1404
vn -0.4710 -0.8815 0.0341
vn -0.2668 -0.9338 -0.2385
vn -0.3786 -0.8625 -0.3358
vn -0.4711 -0.7804 -0.4112
vn -0.2668 -0.6895 -0.6734
vn -0.3786 -0.5790 -0.7221
vn -0.4710 -0.4702 -0.7463
vn -0.2668 -0.2604 -0.9279
vn -0.3786 -0.1404 -0.9148
vn -0.4710 -0.0341 -0.8815
vn -0.4710 -0.0341 -0.8814
vn -0.2668 0.2385 -0.9338
vn -0.3786 0.3358 -0.8625
vn -0.4710 0.4112 -0.7804
vn -0.2668 0.6734 -0.6895
vn -0.3786 0.7221 -0.5790
vn -0.4710 0.7463 -0.4702
vn -0.2668 0.9279 -0.2604
vn -0.3786 0.9149 -0.1404
vn -0.4710 0.8815 -0.0341
vn -0.2668 0.9338 0.2385
vn -0.3786 0.8625 0.3358
vn -0.4710 0.7804 0.4112
vn -0.2668 0.6895 0.6734
vn -0.3786 0.5790 0.7221
vn -0.4710 0.4702 0.7463
vn -0.6809 -0.6343 0.3662
vn -0.6820 -0.6873 0.2501
vn -0.6820 -0.5602 0.4702
vn 0.6820 -0.5602 0.4702
vn 0.6820 -0.6873 0.2501
vn 0.6809 -0.6343 0.3662
vn -0.6820 -0.6873 -0.2501
vn -0.6809 -0.6343 -0.3662
vn -0.6820 -0.5602 -0.4702
vn 0.6820 -0.6873 -0.2501
vn 0.6820 -0.5602 -0.4702
vn 0.6809 -0.6343 -0.3662
vn 0.6820 0.2501 -0.6873
vn 0.6820 0.4702 -0.5602
vn 0.6809 0.3662 -0.6343
vn -0.6820 0.5602 -0.4702
vn -0.6809 0.6343 -0.3662
vn -0.6820 0.6873 -0.2501
vn 0.6820 0.5602 -0.4702
vn 0.6820 0.6873 -0.2501
vn 0.6809 0.6343 -0.3662
vn -0.6809 0.6343 0.3662
vn -0.6820 0.5602 0.4702
vn -0.6820 0.6873 0.2501
vn 0.6820 0.6873 0.2501
vn 0.6820 0.5602 0.4702
vn 0.6809 0.6343 0.3662
vn -0.6809 0.3662 -0.6343
vn -0.6820 0.4702 -0.5602
vn -0.6820 0.2501 -0.6873
vn 0.6820 -0.7202 0.1271
vn 0.6820 -0.7202 -0.1271
vn 0.6809 -0.7324 -0.0000
vn -0.6820 -0.7202 0.1271
vn -0.6809 -0.7324 -0.0000
vn -0.6820 -0.7202 -0.1271
vn 0.6820 0.4702 0.5602
vn 0.6820 0.2501 0.6873
vn 0.6809 0.3662 0.6343
vn -0.6820 0.4702 0.5602
vn -0.6809 0.3662 0.6343
vn -0.6820 0.2501 0.6873
vn -0.7193 -0.0000 0.6948
vn -0.7193 -0.3474 0.6017
vn 0.7193 -0.3474 0.6017
vn 0.7193 -0.0000 0.6947
vn -0.7193 -0.6017 0.3474
vn 0.7193 -0.6017 0.3474
vn -0.0000 -0.9914 -0.1305
vn -0.0000 -0.9914 0.1305
vn -0.7193 -0.6017 -0.3474
vn 0.7193 -0.6017 -0.3474
vn -0.7193 -0.3474 -0.6017
vn 0.7193 -0.3474 -0.6017
vn -0.7193 -0.0000 -0.6948
vn 0.7192 -0.0000 -0.6948
vn -0.0000 0.6088 -0.7934
vn -0.0000 0.3827 -0.9239
vn -0.7192 0.6017 -0.3474
vn 0.7192 0.6017 -0.3474
vn -0.7192 0.6948 -0.0000
vn 0.7192 0.6948 -0.0000
vn -0.7193 0.6017 0.3474
vn 0.7193 0.6017 0.3474
vn -0.0000 0.3827 0.9239
vn -0.0000 0.6088 0.7934
vn -0.0000 0.1305 0.9914
vn -0.0000 -0.1305 0.9914
vn -0.0000 0.1305 -0.9914
vn -0.0000 -0.1305 -0.9914
vn 0.1771 -0.8265 0.5343
vn -0.1771 -0.8265 0.5343
vn -0.8008 -0.4093 0.4373
vn -0.5551 -0.6654 0.4991
vn -0.8008 0.4093 0.4373
vn -0.5551 0.6654 0.4991
vn 0.1771 0.8265 0.5343
vn -0.1771 0.8265 0.5343
vn -0.1770 -0.8265 0.5343
vn 0.8008 -0.5731 0.1741
vn 0.5551 -0.8258 0.0995
vn -0.1771 -0.9830 0.0494
vn 0.1771 -0.9830 0.0494
vn -0.1771 0.4487 0.8760
vn 0.1771 0.4487 0.8760
vn 0.8008 0.1358 0.5834
vn 0.5551 0.3267 0.7649
vn -0.1771 -0.0494 0.9830
vn 0.1771 -0.0494 0.9830
vn 0.8008 -0.1741 0.5731
vn 0.5551 -0.0995 0.8258
vn 0.8008 -0.5833 -0.1358
vn 0.5551 -0.7649 -0.3267
vn -0.1770 -0.8760 -0.4487
vn 0.1771 -0.8760 -0.4487
vn -0.1771 -0.8760 -0.4487
vn 0.8008 -0.5834 -0.1358
vn 0.8008 -0.4373 -0.4093
vn 0.5551 -0.4991 -0.6654
vn -0.1771 -0.5343 -0.8265
vn 0.1771 -0.5343 -0.8265
vn -0.1771 -0.5343 0.8265
vn 0.1771 -0.5343 0.8265
vn 0.8008 -0.4373 0.4093
vn 0.5551 -0.4991 0.6654
vn -0.1771 -0.8760 0.4487
vn 0.1771 -0.8760 0.4487
vn 0.8008 -0.5833 0.1358
vn 0.5551 -0.7649 0.3267
vn 0.8008 -0.1741 -0.5731
vn 0.5551 -0.0995 -0.8258
vn -0.1771 -0.0494 -0.9830
vn 0.1771 -0.0494 -0.9830
vn 0.8008 0.1358 -0.5834
vn 0.5551 0.3267 -0.7649
vn -0.1771 0.4487 -0.8760
vn 0.1771 0.4487 -0.8760
vn -0.1771 -0.9830 -0.0494
vn 0.1771 -0.9830 -0.0494
vn 0.8008 -0.5731 -0.1741
vn 0.5551 -0.8258 -0.0995
vn 0.8008 0.1358 -0.5833
vn -0.1771 -0.8265 -0.5343
vn 0.1771 -0.8265 -0.5343
vn 0.8008 -0.4093 -0.4373
vn 0.5551 -0.6654 -0.4991
vn 0.8008 0.4093 -0.4373
vn 0.5551 0.6654 -0.4991
vn -0.1771 0.8265 -0.5343
vn 0.1771 0.8265 -0.5343
vn 0.8008 0.5731 -0.1741
vn 0.5551 0.8258 -0.0995
vn -0.1771 0.9830 -0.0495
vn 0.1771 0.9830 -0.0494
vn -0.1771 -0.4487 -0.8760
vn 0.1771 -0.4487 -0.8760
vn 0.8008 -0.1358 -0.5834
vn 0.5551 -0.3267 -0.7649
vn -0.1770 0.9830 -0.0494
vn 0.8008 -0.1358 -0.5833
vn 0.1771 0.9830 -0.0495
vn -0.1771 0.0494 -0.9830
vn 0.1771 0.0494 -0.9830
vn 0.8008 0.1741 -0.5731
vn 0.5551 0.0995 -0.8258
vn 0.8008 0.5833 0.1358
vn 0.5551 0.7649 0.3267
vn -0.1771 0.8760 0.4487
vn 0.1771 0.8760 0.4487
vn 0.8008 0.5834 0.1358
vn 0.1770 0.8760 0.4487
vn 0.8008 0.4373 0.4093
vn 0.5551 0.4991 0.6654
vn -0.1771 0.5343 0.8265
vn 0.1771 0.5343 0.8265
vn -0.1771 0.5343 -0.8265
vn 0.1771 0.5343 -0.8265
vn 0.8008 0.4373 -0.4093
vn 0.5551 0.4991 -0.6654
vn -0.1770 0.5343 0.8265
vn 0.1770 0.5343 -0.8265
vn -0.1771 0.8760 -0.4487
vn 0.1771 0.8760 -0.4487
vn 0.8008 0.5833 -0.1358
vn 0.5551 0.7649 -0.3267
vn 0.8008 0.1741 0.5731
vn 0.5551 0.0995 0.8258
vn -0.1771 0.0494 0.9830
vn 0.1771 0.0494 0.9830
vn 0.1770 0.8760 -0.4487
vn 0.8008 0.5834 -0.1358
vn 0.8008 -0.1358 0.5834
vn 0.5551 -0.3267 0.7649
vn -0.1771 -0.4487 0.8760
vn 0.1771 -0.4487 0.8760
vn -0.1771 0.9830 0.0495
vn 0.1771 0.9830 0.0495
vn 0.8008 0.5731 0.1741
vn 0.5551 0.8258 0.0995
vn 0.8008 -0.1358 0.5833
vn 0.9296 0.2540 0.2671
vn 0.9296 -0.0864 0.3583
vn 0.5551 -0.6654 0.4991
vn 0.8008 -0.4093 0.4373
vn -0.9296 0.2540 0.2671
vn -0.9296 -0.0864 0.3583
vn 0.9296 0.3535 0.1043
vn 0.9296 0.1043 0.3535
vn -0.5551 -0.3267 0.7649
vn -0.8008 -0.1358 0.5833
vn -0.9296 0.3535 0.1043
vn -0.9296 0.1043 0.3535
vn -0.8008 -0.1358 0.5834
vn 0.9296 0.3583 -0.0864
vn 0.9296 0.2671 0.2540
vn -0.5551 0.0995 0.8258
vn -0.8008 0.1741 0.5731
vn -0.9296 0.3583 -0.0864
vn -0.9296 0.2671 0.2540
vn 0.9296 0.2671 -0.2540
vn 0.9296 0.3583 0.0864
vn -0.5551 0.4991 0.6654
vn -0.8008 0.4373 0.4093
vn -0.9296 0.2671 -0.2540
vn -0.9296 0.3583 0.0864
vn 0.9296 0.1043 -0.3535
vn 0.9296 0.3535 -0.1043
vn -0.5551 0.7649 0.3267
vn -0.8008 0.5833 0.1358
vn -0.9296 0.1043 -0.3535
vn -0.9296 0.3535 -0.1043
vn -0.8008 0.5834 0.1358
vn 0.9296 -0.0864 -0.3583
vn 0.9296 0.2540 -0.2671
vn -0.5551 0.8258 -0.0995
vn -0.8008 0.5731 -0.1741
vn -0.9296 -0.0864 -0.3583
vn -0.9296 0.2540 -0.2671
vn 0.9296 -0.2540 -0.2671
vn 0.9296 0.0864 -0.3583
vn -0.5551 0.6654 -0.4991
vn -0.8008 0.4093 -0.4373
vn -0.9296 -0.2540 -0.2671
vn -0.9296 0.0864 -0.3583
vn 0.9296 -0.3535 -0.1043
vn 0.9296 -0.1043 -0.3535
vn -0.5551 0.3267 -0.7649
vn -0.8008 0.1358 -0.5833
vn -0.9296 -0.3535 -0.1043
vn -0.9296 -0.1043 -0.3535
vn -0.8008 0.1358 -0.5834
vn 0.9296 -0.3583 0.0864
vn 0.9296 -0.2671 -0.2540
vn -0.5551 -0.0995 -0.8258
vn -0.8008 -0.1741 -0.5731
vn -0.9296 -0.3583 0.0864
vn -0.9296 -0.2671 -0.2540
vn 0.9296 -0.2671 0.2540
vn 0.9296 -0.3583 -0.0864
vn -0.5551 -0.4991 -0.6654
vn -0.8008 -0.4373 -0.4093
vn -0.9296 -0.2671 0.2540
vn -0.9296 -0.3583 -0.0864
vn 0.9296 -0.1043 0.3535
vn 0.9296 -0.3535 0.1043
vn -0.5551 -0.7649 -0.3267
vn -0.8008 -0.5833 -0.1358
vn -0.9296 -0.1043 0.3535
vn -0.9296 -0.3535 0.1043
vn 0.9296 0.0864 0.3583
vn 0.9296 -0.2540 0.2671
vn -0.5551 -0.8258 0.0995
vn -0.8008 -0.5731 0.1741
vn -0.9296 0.0864 0.3583
vn -0.9296 -0.2540 0.2671
vn 0.8008 0.4093 0.4373
vn 0.5551 0.6654 0.4991
vn -0.8008 0.1358 0.5834
vn -0.5551 0.3267 0.7649
vn -0.8008 0.1358 0.5833
vn -0.8008 -0.1741 0.5731
vn -0.5551 -0.0995 0.8258
vn -0.8008 -0.4373 0.4093
vn -0.5551 -0.4991 0.6654
vn -0.8008 -0.5833 0.1358
vn -0.5551 -0.7649 0.3267
vn -0.8008 -0.5834 0.1358
vn -0.8008 -0.5731 -0.1741
vn -0.5551 -0.8258 -0.0995
vn -0.8008 -0.4093 -0.4373
vn -0.5551 -0.6654 -0.4991
vn -0.8008 -0.1358 -0.5834
vn -0.5551 -0.3267 -0.7649
vn -0.8008 -0.1358 -0.5833
vn -0.8008 0.1741 -0.5731
vn -0.5551 0.0995 -0.8258
vn -0.8008 0.4373 -0.4093
vn -0.5551 0.4991 -0.6654
vn -0.8008 0.5834 -0.1358
vn -0.5551 0.7649 -0.3267
vn -0.8008 0.5833 -0.1358
vn -0.8008 0.5731 0.1741
vn -0.5551 0.8258 0.0995
vn -0.7193 -0.0000 0.6947
vn 0.7193 -0.0000 -0.6947
vn -0.7193 -0.0000 -0.6947
vn 0.7193 0.6017 -0.3474
vn -0.7193 0.6017 -0.3474
vn 0.7193 0.6948 -0.0000
vn -0.7193 0.6948 -0.0000
vn -0.7193 -0.6947 -0.0000
vn 0.7193 -0.6947 -0.0000
vn 0.7193 -0.0000 -0.6948
vn -0.7193 0.3474 -0.6017
vn 0.7193 0.6947 -0.0000
vn -0.7193 0.3474 0.6017
vn 0.7193 0.3474 0.6017
vn 0.7193 0.3474 -0.6017
vn -0.0000 -0.9239 -0.3827
vn -0.0000 -0.7934 -0.6088
vn -0.0000 0.7934 0.6088
vn -0.0000 0.9239 0.3827
vn -0.0000 -0.7934 0.6088
vn -0.0000 -0.9239 0.3827
vn -0.0000 0.9239 -0.3827
vn -0.0000 0.7934 -0.6088
vn -0.7193 0.6947 -0.0000
vn -1.0000 -0.0000 -0.0000
vn -0.0000 0.2588 0.9659
vn -0.0000 -0.2588 0.9659
vn 1.0000 -0.0000 -0.0000
vn -0.0000 -0.0000 1.0000
vn -0.0000 -0.8660 -0.5000
vn -0.0000 -0.5000 -0.8660
vn -0.0000 -0.2588 -0.9659
vn -0.0000 -0.0000 -1.0000
vn -0.0000 0.2588 -0.9659
vn -0.0000 -0.7071 0.7071
vn -0.0000 -0.9659 0.2588
vn -0.0000 -0.9659 -0.2588
vn -0.0000 -0.7071 -0.7071
vn -0.0000 0.7071 -0.7071
vn -0.0000 0.9659 -0.2588
vn -0.0000 0.9659 0.2588
vn -0.0000 0.7071 0.7071
vt 0.516569 0.788892
vt 0.481196 0.788892
vt 0.481195 0.756405
vt 0.516568 0.756404
vt 0.551942 0.821380
vt 0.516569 0.821380
vt 0.551941 0.788892
vt 0.481196 0.821380
vt 0.445823 0.821381
vt 0.445823 0.788893
vt 0.587311 0.658938
vt 0.551938 0.658940
vt 0.551936 0.626454
vt 0.587309 0.626451
vt 0.516566 0.658941
vt 0.481195 0.658941
vt 0.481195 0.626455
vt 0.516566 0.626455
vt 0.445823 0.658941
vt 0.410451 0.658940
vt 0.410452 0.626454
vt 0.445824 0.626455
vt 0.375078 0.658939
vt 0.339707 0.658938
vt 0.339709 0.626446
vt 0.375081 0.626451
vt 0.636108 0.594954
vt 0.636108 0.593956
vt 0.637107 0.593956
vt 0.325286 0.983828
vt 0.326284 0.982830
vt 0.326284 0.983828
vt 0.636120 0.854868
vt 0.636120 0.853121
vt 0.637119 0.853870
vt 0.325275 0.853873
vt 0.326274 0.852874
vt 0.326274 0.854622
vt 0.636119 0.724910
vt 0.636119 0.723163
vt 0.637118 0.723912
vt 0.325273 0.723916
vt 0.326271 0.722918
vt 0.326271 0.724665
vt 0.605750 0.707244
vt 0.605156 0.707353
vt 0.605329 0.706754
vt 0.569955 0.676098
vt 0.569782 0.675499
vt 0.570377 0.675608
vt 0.535005 0.707247
vt 0.534410 0.707356
vt 0.534583 0.706756
vt 0.499210 0.676100
vt 0.499037 0.675501
vt 0.499632 0.675610
vt 0.464260 0.707247
vt 0.463665 0.707356
vt 0.463838 0.706757
vt 0.428466 0.676100
vt 0.428293 0.675501
vt 0.428888 0.675610
vt 0.393515 0.707247
vt 0.392920 0.707356
vt 0.393093 0.706756
vt 0.357721 0.676098
vt 0.357548 0.675498
vt 0.358143 0.675607
vt 0.357062 0.676098
vt 0.356640 0.675607
vt 0.357235 0.675498
vt 0.356640 0.674757
vt 0.357062 0.674267
vt 0.357235 0.674866
vt 0.392436 0.643611
vt 0.392014 0.643121
vt 0.392609 0.643012
vt 0.427385 0.674759
vt 0.427807 0.674269
vt 0.427980 0.674868
vt 0.463180 0.643614
vt 0.462758 0.643123
vt 0.463353 0.643014
vt 0.498129 0.674760
vt 0.498551 0.674269
vt 0.498724 0.674869
vt 0.533922 0.643613
vt 0.533500 0.643122
vt 0.534095 0.643013
vt 0.568874 0.674758
vt 0.569296 0.674267
vt 0.569468 0.674867
vt 0.604666 0.643608
vt 0.604244 0.643118
vt 0.604838 0.643009
vt 0.605325 0.643608
vt 0.605152 0.643009
vt 0.605747 0.643118
vt 0.357068 0.611120
vt 0.356646 0.610629
vt 0.357241 0.610520
vt 0.392015 0.642271
vt 0.392436 0.641780
vt 0.392609 0.642380
vt 0.427810 0.611126
vt 0.427388 0.610635
vt 0.427982 0.610526
vt 0.462758 0.642273
vt 0.463180 0.641783
vt 0.463353 0.642382
vt 0.498551 0.611127
vt 0.498129 0.610636
vt 0.498723 0.610527
vt 0.533500 0.642272
vt 0.533922 0.641782
vt 0.534095 0.642381
vt 0.569292 0.611124
vt 0.568870 0.610633
vt 0.569465 0.610525
vt 0.604244 0.642268
vt 0.604665 0.641777
vt 0.604838 0.642377
vt 0.605324 0.641777
vt 0.605746 0.642268
vt 0.605152 0.642377
vt 0.356646 0.609779
vt 0.357068 0.609289
vt 0.357241 0.609888
vt 0.392441 0.968492
vt 0.392019 0.968001
vt 0.392614 0.967892
vt 0.427388 0.609785
vt 0.427810 0.609295
vt 0.427983 0.609894
vt 0.463182 0.968489
vt 0.462760 0.967999
vt 0.463355 0.967890
vt 0.498129 0.609786
vt 0.498551 0.609296
vt 0.498724 0.609895
vt 0.533923 0.968490
vt 0.533501 0.968000
vt 0.534096 0.967891
vt 0.568870 0.609783
vt 0.569292 0.609293
vt 0.569465 0.609892
vt 0.604664 0.968496
vt 0.604242 0.968005
vt 0.604837 0.967897
vt 0.605323 0.968496
vt 0.605150 0.967897
vt 0.605745 0.968006
vt 0.357068 0.936007
vt 0.356646 0.935516
vt 0.357241 0.935408
vt 0.392019 0.967151
vt 0.392441 0.966661
vt 0.392614 0.967260
vt 0.427811 0.936003
vt 0.427389 0.935512
vt 0.427983 0.935404
vt 0.462760 0.967149
vt 0.463182 0.966658
vt 0.463355 0.967258
vt 0.498553 0.936002
vt 0.498131 0.935512
vt 0.498726 0.935403
vt 0.533501 0.967149
vt 0.533923 0.966659
vt 0.534096 0.967258
vt 0.569296 0.936005
vt 0.568874 0.935514
vt 0.569469 0.935405
vt 0.604242 0.967155
vt 0.604664 0.966665
vt 0.604837 0.967264
vt 0.605323 0.966665
vt 0.605745 0.967155
vt 0.605150 0.967264
vt 0.356646 0.934666
vt 0.357068 0.934176
vt 0.357240 0.934775
vt 0.392437 0.903517
vt 0.392015 0.903027
vt 0.392610 0.902918
vt 0.427389 0.934662
vt 0.427811 0.934172
vt 0.427983 0.934771
vt 0.463181 0.903515
vt 0.462759 0.903025
vt 0.463354 0.902916
vt 0.498131 0.934662
vt 0.498553 0.934171
vt 0.498726 0.934771
vt 0.533925 0.903516
vt 0.533503 0.903026
vt 0.534098 0.902917
vt 0.568874 0.934664
vt 0.569296 0.934174
vt 0.569469 0.934773
vt 0.604670 0.903519
vt 0.604248 0.903028
vt 0.604843 0.902919
vt 0.605329 0.903519
vt 0.605156 0.902919
vt 0.605751 0.903028
vt 0.357064 0.871031
vt 0.356642 0.870540
vt 0.357237 0.870431
vt 0.392015 0.902176
vt 0.392437 0.901686
vt 0.392610 0.902285
vt 0.427809 0.871028
vt 0.427387 0.870538
vt 0.427981 0.870429
vt 0.462759 0.902175
vt 0.463181 0.901685
vt 0.463354 0.902284
vt 0.498553 0.871028
vt 0.498131 0.870537
vt 0.498726 0.870429
vt 0.533503 0.902175
vt 0.533925 0.901685
vt 0.534098 0.902284
vt 0.569298 0.871029
vt 0.568876 0.870538
vt 0.569471 0.870429
vt 0.604248 0.902178
vt 0.604670 0.901688
vt 0.604843 0.902287
vt 0.605329 0.901688
vt 0.605751 0.902178
vt 0.605156 0.902287
vt 0.356642 0.869690
vt 0.357064 0.869200
vt 0.357237 0.869799
vt 0.392435 0.838541
vt 0.392013 0.838051
vt 0.392608 0.837942
vt 0.427387 0.869688
vt 0.427809 0.869197
vt 0.427981 0.869797
vt 0.463181 0.838540
vt 0.462759 0.838050
vt 0.463353 0.837941
vt 0.498131 0.869687
vt 0.498553 0.869197
vt 0.498726 0.869796
vt 0.533926 0.838540
vt 0.533504 0.838050
vt 0.534098 0.837941
vt 0.568876 0.869688
vt 0.569298 0.869198
vt 0.569471 0.869797
vt 0.604671 0.838541
vt 0.604249 0.838050
vt 0.604844 0.837941
vt 0.605330 0.838541
vt 0.605158 0.837941
vt 0.605752 0.838050
vt 0.357062 0.806053
vt 0.356640 0.805563
vt 0.357235 0.805454
vt 0.392013 0.837201
vt 0.392435 0.836710
vt 0.392608 0.837309
vt 0.427807 0.806052
vt 0.427385 0.805562
vt 0.427980 0.805453
vt 0.462759 0.837200
vt 0.463180 0.836709
vt 0.463353 0.837308
vt 0.498553 0.806052
vt 0.498131 0.805561
vt 0.498726 0.805453
vt 0.533504 0.837199
vt 0.533926 0.836709
vt 0.534098 0.837308
vt 0.569299 0.806052
vt 0.568877 0.805561
vt 0.569472 0.805452
vt 0.604250 0.837200
vt 0.604671 0.836710
vt 0.604844 0.837309
vt 0.605330 0.836710
vt 0.605752 0.837200
vt 0.605157 0.837309
vt 0.356640 0.804713
vt 0.357062 0.804222
vt 0.357235 0.804822
vt 0.392434 0.773564
vt 0.392012 0.773074
vt 0.392607 0.772965
vt 0.427385 0.804712
vt 0.427807 0.804221
vt 0.427980 0.804821
vt 0.463180 0.773564
vt 0.462758 0.773074
vt 0.463353 0.772965
vt 0.498131 0.804711
vt 0.498553 0.804221
vt 0.498726 0.804820
vt 0.533925 0.773563
vt 0.533503 0.773073
vt 0.534098 0.772964
vt 0.568877 0.804711
vt 0.569299 0.804221
vt 0.569472 0.804820
vt 0.604671 0.773563
vt 0.604249 0.773072
vt 0.604844 0.772963
vt 0.605330 0.773563
vt 0.605157 0.772963
vt 0.605752 0.773072
vt 0.357061 0.741076
vt 0.356639 0.740585
vt 0.357234 0.740476
vt 0.392012 0.772224
vt 0.392434 0.771733
vt 0.392607 0.772333
vt 0.427807 0.741076
vt 0.427385 0.740586
vt 0.427980 0.740477
vt 0.462758 0.772223
vt 0.463180 0.771733
vt 0.463353 0.772332
vt 0.498552 0.741076
vt 0.498130 0.740585
vt 0.498725 0.740476
vt 0.533503 0.772223
vt 0.533925 0.771732
vt 0.534098 0.772332
vt 0.569298 0.741075
vt 0.568876 0.740584
vt 0.569471 0.740475
vt 0.604249 0.772222
vt 0.604671 0.771732
vt 0.604844 0.772331
vt 0.605330 0.771732
vt 0.605752 0.772222
vt 0.605157 0.772331
vt 0.356639 0.739735
vt 0.357061 0.739245
vt 0.357234 0.739844
vt 0.392434 0.708587
vt 0.392012 0.708097
vt 0.392607 0.707988
vt 0.427385 0.739735
vt 0.427807 0.739245
vt 0.427980 0.739844
vt 0.463179 0.708588
vt 0.462757 0.708098
vt 0.463352 0.707989
vt 0.498130 0.739735
vt 0.498552 0.739245
vt 0.498725 0.739844
vt 0.533924 0.708587
vt 0.533502 0.708097
vt 0.534097 0.707988
vt 0.568876 0.739734
vt 0.569298 0.739244
vt 0.569471 0.739843
vt 0.604670 0.708585
vt 0.604248 0.708095
vt 0.604843 0.707986
vt 0.605329 0.708585
vt 0.605156 0.707986
vt 0.605751 0.708095
vt 0.621547 0.692410
vt 0.622682 0.690463
vt 0.623683 0.691425
vt 0.622684 0.692424
vt 0.604670 0.706754
vt 0.604842 0.707353
vt 0.604248 0.707244
vt 0.569296 0.676098
vt 0.568874 0.675608
vt 0.569468 0.675499
vt 0.533924 0.706756
vt 0.534097 0.707356
vt 0.533502 0.707247
vt 0.498551 0.676100
vt 0.498129 0.675610
vt 0.498724 0.675501
vt 0.463179 0.706757
vt 0.463352 0.707356
vt 0.462757 0.707247
vt 0.411587 0.690444
vt 0.410452 0.692391
vt 0.409705 0.692073
vt 0.409451 0.691428
vt 0.410450 0.690429
vt 0.427807 0.676100
vt 0.427385 0.675610
vt 0.427980 0.675501
vt 0.392434 0.706756
vt 0.392607 0.707356
vt 0.392012 0.707247
vt 0.357721 0.674267
vt 0.358143 0.674757
vt 0.357548 0.674866
vt 0.393095 0.643611
vt 0.392923 0.643012
vt 0.393517 0.643121
vt 0.428466 0.674269
vt 0.428888 0.674759
vt 0.428293 0.674868
vt 0.463839 0.643614
vt 0.463666 0.643014
vt 0.464261 0.643123
vt 0.499210 0.674269
vt 0.499632 0.674760
vt 0.499037 0.674869
vt 0.534581 0.643613
vt 0.534408 0.643013
vt 0.535003 0.643122
vt 0.569954 0.674267
vt 0.570376 0.674758
vt 0.569782 0.674867
vt 0.357727 0.611120
vt 0.357554 0.610520
vt 0.358149 0.610629
vt 0.393095 0.641780
vt 0.393517 0.642271
vt 0.392923 0.642380
vt 0.428468 0.611126
vt 0.428296 0.610526
vt 0.428890 0.610635
vt 0.463839 0.641783
vt 0.464261 0.642273
vt 0.463666 0.642382
vt 0.499210 0.611127
vt 0.499037 0.610527
vt 0.499632 0.610636
vt 0.534581 0.641782
vt 0.535003 0.642272
vt 0.534408 0.642381
vt 0.569951 0.611124
vt 0.569778 0.610524
vt 0.570373 0.610633
vt 0.357727 0.609289
vt 0.358149 0.609779
vt 0.357554 0.609888
vt 0.393100 0.968492
vt 0.392927 0.967892
vt 0.393522 0.968001
vt 0.428469 0.609295
vt 0.428890 0.609785
vt 0.428296 0.609894
vt 0.463841 0.968489
vt 0.463668 0.967890
vt 0.464263 0.967999
vt 0.499210 0.609296
vt 0.499632 0.609786
vt 0.499037 0.609895
vt 0.534582 0.968490
vt 0.534409 0.967891
vt 0.535004 0.968000
vt 0.569951 0.609293
vt 0.570373 0.609783
vt 0.569778 0.609892
vt 0.340851 0.950351
vt 0.339716 0.952298
vt 0.338715 0.951336
vt 0.339714 0.950337
vt 0.375083 0.952332
vt 0.373943 0.950379
vt 0.375083 0.950335
vt 0.376082 0.951333
vt 0.375829 0.951978
vt 0.357727 0.936007
vt 0.357554 0.935408
vt 0.358148 0.935516
vt 0.411592 0.950347
vt 0.410458 0.952293
vt 0.409710 0.951976
vt 0.409457 0.951331
vt 0.410456 0.950332
vt 0.393100 0.966661
vt 0.393522 0.967151
vt 0.392927 0.967260
vt 0.445826 0.952329
vt 0.444685 0.950376
vt 0.445826 0.950331
vt 0.446825 0.951330
vt 0.446571 0.951975
vt 0.428470 0.936003
vt 0.428297 0.935403
vt 0.428891 0.935512
vt 0.482334 0.950345
vt 0.481199 0.952292
vt 0.480452 0.951975
vt 0.480198 0.951329
vt 0.481197 0.950331
vt 0.463841 0.966658
vt 0.464263 0.967149
vt 0.463668 0.967257
vt 0.516567 0.952329
vt 0.515427 0.950376
vt 0.516567 0.950332
vt 0.517566 0.951330
vt 0.517312 0.951975
vt 0.499212 0.936002
vt 0.499039 0.935403
vt 0.499634 0.935512
vt 0.553076 0.950347
vt 0.551941 0.952294
vt 0.551194 0.951976
vt 0.550940 0.951331
vt 0.551939 0.950333
vt 0.534582 0.966659
vt 0.535004 0.967150
vt 0.534409 0.967258
vt 0.587310 0.952333
vt 0.586169 0.950380
vt 0.587310 0.950335
vt 0.588309 0.951334
vt 0.588055 0.951979
vt 0.569955 0.936005
vt 0.569782 0.935405
vt 0.570377 0.935514
vt 0.339711 0.917851
vt 0.340851 0.919804
vt 0.339711 0.919849
vt 0.338712 0.918850
vt 0.373944 0.919831
vt 0.375079 0.917884
vt 0.375826 0.918201
vt 0.376080 0.918846
vt 0.375081 0.919845
vt 0.357726 0.934176
vt 0.358148 0.934666
vt 0.357554 0.934775
vt 0.410454 0.917846
vt 0.411594 0.919799
vt 0.410454 0.919843
vt 0.409455 0.918845
vt 0.409709 0.918200
vt 0.393096 0.903517
vt 0.392923 0.902918
vt 0.393518 0.903027
vt 0.444688 0.919828
vt 0.445823 0.917881
vt 0.446570 0.918198
vt 0.446824 0.918843
vt 0.445825 0.919842
vt 0.428470 0.934172
vt 0.428891 0.934662
vt 0.428297 0.934771
vt 0.481197 0.917845
vt 0.482337 0.919798
vt 0.481197 0.919842
vt 0.480198 0.918844
vt 0.480452 0.918198
vt 0.463840 0.903515
vt 0.463667 0.902916
vt 0.464262 0.903025
vt 0.515431 0.919827
vt 0.516566 0.917881
vt 0.517313 0.918198
vt 0.517567 0.918843
vt 0.516568 0.919842
vt 0.499212 0.934171
vt 0.499634 0.934662
vt 0.499039 0.934770
vt 0.551940 0.917846
vt 0.553080 0.919799
vt 0.551940 0.919843
vt 0.550941 0.918845
vt 0.551195 0.918200
vt 0.534584 0.903516
vt 0.534411 0.902916
vt 0.535006 0.903026
vt 0.586176 0.919830
vt 0.587311 0.917884
vt 0.588058 0.918201
vt 0.588312 0.918846
vt 0.587313 0.919845
vt 0.569955 0.934174
vt 0.570377 0.934664
vt 0.569782 0.934773
vt 0.621549 0.887345
vt 0.622684 0.885398
vt 0.623684 0.886361
vt 0.622686 0.887359
vt 0.375080 0.885360
vt 0.376221 0.887313
vt 0.375080 0.887357
vt 0.374081 0.886358
vt 0.374335 0.885713
vt 0.357723 0.871031
vt 0.357550 0.870431
vt 0.358145 0.870540
vt 0.393096 0.901686
vt 0.393518 0.902177
vt 0.392923 0.902285
vt 0.428468 0.871028
vt 0.428295 0.870429
vt 0.428890 0.870538
vt 0.480060 0.887340
vt 0.481195 0.885394
vt 0.481942 0.885711
vt 0.482196 0.886356
vt 0.481197 0.887355
vt 0.463840 0.901684
vt 0.464262 0.902175
vt 0.463667 0.902284
vt 0.516568 0.885358
vt 0.517709 0.887311
vt 0.516569 0.887355
vt 0.515569 0.886356
vt 0.515823 0.885711
vt 0.499212 0.871028
vt 0.499039 0.870428
vt 0.499634 0.870537
vt 0.550804 0.887341
vt 0.551939 0.885394
vt 0.552686 0.885712
vt 0.552940 0.886357
vt 0.551941 0.887356
vt 0.534584 0.901685
vt 0.535006 0.902175
vt 0.534411 0.902284
vt 0.587314 0.885360
vt 0.588454 0.887313
vt 0.587314 0.887357
vt 0.586315 0.886358
vt 0.586568 0.885713
vt 0.569957 0.871029
vt 0.569784 0.870429
vt 0.570379 0.870538
vt 0.357723 0.869200
vt 0.358145 0.869690
vt 0.357550 0.869799
vt 0.393094 0.838541
vt 0.392921 0.837942
vt 0.393516 0.838051
vt 0.428468 0.869197
vt 0.428890 0.869688
vt 0.428295 0.869797
vt 0.463839 0.838540
vt 0.463667 0.837941
vt 0.464261 0.838050
vt 0.499212 0.869197
vt 0.499634 0.869687
vt 0.499039 0.869796
vt 0.534585 0.838540
vt 0.534412 0.837941
vt 0.535006 0.838050
vt 0.569957 0.869198
vt 0.570379 0.869688
vt 0.569784 0.869797
vt 0.621550 0.822366
vt 0.622685 0.820420
vt 0.623686 0.821382
vt 0.622687 0.822381
vt 0.375078 0.820383
vt 0.376218 0.822336
vt 0.375078 0.822380
vt 0.374079 0.821381
vt 0.374333 0.820736
vt 0.357721 0.806053
vt 0.357548 0.805454
vt 0.358143 0.805563
vt 0.409314 0.822365
vt 0.410449 0.820419
vt 0.411196 0.820736
vt 0.411450 0.821381
vt 0.410451 0.822380
vt 0.393094 0.836710
vt 0.393516 0.837200
vt 0.392921 0.837309
vt 0.428466 0.806052
vt 0.428293 0.805453
vt 0.428888 0.805562
vt 0.463839 0.836709
vt 0.464261 0.837200
vt 0.463667 0.837308
vt 0.499212 0.806052
vt 0.499039 0.805453
vt 0.499634 0.805561
vt 0.534585 0.836709
vt 0.535007 0.837199
vt 0.534412 0.837308
vt 0.587315 0.820382
vt 0.588455 0.822335
vt 0.587315 0.822380
vt 0.586316 0.821381
vt 0.586570 0.820736
vt 0.569958 0.806052
vt 0.569785 0.805452
vt 0.570380 0.805561
vt 0.622687 0.789889
vt 0.621546 0.787936
vt 0.622687 0.787892
vt 0.623685 0.788891
vt 0.376214 0.787909
vt 0.375079 0.789856
vt 0.374332 0.789539
vt 0.374078 0.788893
vt 0.375077 0.787895
vt 0.357721 0.804222
vt 0.358143 0.804713
vt 0.357548 0.804822
vt 0.410450 0.789891
vt 0.409310 0.787938
vt 0.410450 0.787894
vt 0.411450 0.788893
vt 0.411196 0.789538
vt 0.393093 0.773564
vt 0.392920 0.772965
vt 0.393515 0.773074
vt 0.428466 0.804222
vt 0.428888 0.804712
vt 0.428293 0.804821
vt 0.463839 0.773564
vt 0.463666 0.772965
vt 0.464261 0.773074
vt 0.499212 0.804221
vt 0.499634 0.804711
vt 0.499039 0.804820
vt 0.534584 0.773563
vt 0.534411 0.772964
vt 0.535006 0.773073
vt 0.588452 0.787908
vt 0.587317 0.789854
vt 0.586570 0.789537
vt 0.586316 0.788892
vt 0.587315 0.787893
vt 0.569958 0.804221
vt 0.570380 0.804711
vt 0.569785 0.804820
vt 0.357720 0.741076
vt 0.357547 0.740476
vt 0.358142 0.740585
vt 0.393093 0.771733
vt 0.393515 0.772224
vt 0.392920 0.772333
vt 0.428466 0.741076
vt 0.428293 0.740477
vt 0.428888 0.740586
vt 0.463839 0.771733
vt 0.464261 0.772223
vt 0.463666 0.772332
vt 0.499211 0.741076
vt 0.499038 0.740476
vt 0.499633 0.740585
vt 0.534584 0.771732
vt 0.535006 0.772223
vt 0.534411 0.772332
vt 0.569957 0.741075
vt 0.569784 0.740475
vt 0.570379 0.740584
vt 0.357720 0.739245
vt 0.358142 0.739735
vt 0.357547 0.739844
vt 0.393093 0.708587
vt 0.392920 0.707988
vt 0.393515 0.708097
vt 0.428466 0.739245
vt 0.428888 0.739735
vt 0.428293 0.739844
vt 0.463838 0.708588
vt 0.463665 0.707989
vt 0.464260 0.708098
vt 0.499211 0.739245
vt 0.499633 0.739735
vt 0.499038 0.739844
vt 0.534583 0.708587
vt 0.534410 0.707988
vt 0.535005 0.708097
vt 0.569957 0.739244
vt 0.570379 0.739734
vt 0.569784 0.739843
vt 0.604671 0.706753
vt 0.605327 0.706753
vt 0.604999 0.707255
vt 0.569297 0.676099
vt 0.569625 0.675597
vt 0.569954 0.676099
vt 0.533925 0.706756
vt 0.534582 0.706756
vt 0.534254 0.707257
vt 0.498552 0.676101
vt 0.498881 0.675600
vt 0.499209 0.676101
vt 0.463180 0.706756
vt 0.463837 0.706757
vt 0.463509 0.707258
vt 0.427808 0.676100
vt 0.428137 0.675599
vt 0.428465 0.676101
vt 0.392435 0.706756
vt 0.393092 0.706756
vt 0.392764 0.707257
vt 0.357063 0.676098
vt 0.357392 0.675597
vt 0.357720 0.676098
vt 0.357720 0.674266
vt 0.357392 0.674767
vt 0.357063 0.674266
vt 0.393094 0.643612
vt 0.392437 0.643612
vt 0.392766 0.643110
vt 0.428465 0.674269
vt 0.428137 0.674770
vt 0.427808 0.674269
vt 0.463838 0.643614
vt 0.463181 0.643614
vt 0.463509 0.643113
vt 0.499209 0.674269
vt 0.498881 0.674770
vt 0.498552 0.674269
vt 0.534580 0.643613
vt 0.533923 0.643613
vt 0.534252 0.643112
vt 0.569954 0.674267
vt 0.569625 0.674768
vt 0.569297 0.674267
vt 0.605324 0.643609
vt 0.604667 0.643609
vt 0.604995 0.643108
vt 0.357726 0.611120
vt 0.357069 0.611120
vt 0.357397 0.610619
vt 0.393094 0.641780
vt 0.392766 0.642281
vt 0.392437 0.641780
vt 0.428468 0.611126
vt 0.427811 0.611126
vt 0.428139 0.610625
vt 0.463838 0.641782
vt 0.463509 0.642283
vt 0.463181 0.641782
vt 0.499209 0.611127
vt 0.498552 0.611127
vt 0.498880 0.610626
vt 0.534580 0.641781
vt 0.534252 0.642283
vt 0.533923 0.641781
vt 0.569950 0.611124
vt 0.569293 0.611124
vt 0.569621 0.610623
vt 0.605323 0.641777
vt 0.604995 0.642278
vt 0.604667 0.641777
vt 0.357726 0.609288
vt 0.357397 0.609790
vt 0.357069 0.609288
vt 0.393099 0.968492
vt 0.392442 0.968492
vt 0.392771 0.967991
vt 0.428468 0.609294
vt 0.428139 0.609796
vt 0.427811 0.609294
vt 0.463840 0.968490
vt 0.463183 0.968490
vt 0.463512 0.967988
vt 0.499209 0.609295
vt 0.498880 0.609796
vt 0.498552 0.609295
vt 0.534581 0.968491
vt 0.533924 0.968491
vt 0.534253 0.967989
vt 0.569950 0.609292
vt 0.569621 0.609794
vt 0.569293 0.609292
vt 0.605322 0.968496
vt 0.604665 0.968496
vt 0.604994 0.967995
vt 0.357726 0.936007
vt 0.357069 0.936007
vt 0.357397 0.935506
vt 0.393099 0.966660
vt 0.392771 0.967162
vt 0.392442 0.966660
vt 0.428468 0.936003
vt 0.427812 0.936003
vt 0.428140 0.935502
vt 0.463840 0.966658
vt 0.463512 0.967159
vt 0.463183 0.966658
vt 0.499211 0.936003
vt 0.498554 0.936003
vt 0.498882 0.935501
vt 0.534581 0.966658
vt 0.534253 0.967160
vt 0.533924 0.966659
vt 0.569954 0.936005
vt 0.569297 0.936005
vt 0.569625 0.935504
vt 0.605322 0.966664
vt 0.604994 0.967166
vt 0.604665 0.966664
vt 0.357725 0.934175
vt 0.357397 0.934677
vt 0.357069 0.934175
vt 0.393095 0.903518
vt 0.392438 0.903518
vt 0.392767 0.903016
vt 0.428468 0.934171
vt 0.428140 0.934673
vt 0.427812 0.934171
vt 0.463839 0.903516
vt 0.463182 0.903516
vt 0.463511 0.903014
vt 0.499211 0.934171
vt 0.498882 0.934672
vt 0.498554 0.934171
vt 0.534583 0.903516
vt 0.533926 0.903516
vt 0.534254 0.903015
vt 0.569954 0.934173
vt 0.569625 0.934674
vt 0.569297 0.934173
vt 0.605328 0.903519
vt 0.604671 0.903519
vt 0.604999 0.903018
vt 0.357722 0.871031
vt 0.357065 0.871031
vt 0.357393 0.870530
vt 0.393095 0.901686
vt 0.392767 0.902187
vt 0.392438 0.901686
vt 0.428467 0.871029
vt 0.427810 0.871029
vt 0.428138 0.870527
vt 0.463839 0.901684
vt 0.463511 0.902185
vt 0.463182 0.901684
vt 0.499211 0.871028
vt 0.498554 0.871028
vt 0.498883 0.870527
vt 0.534583 0.901684
vt 0.534254 0.902186
vt 0.533926 0.901684
vt 0.569956 0.871029
vt 0.569299 0.871029
vt 0.569628 0.870528
vt 0.605328 0.901687
vt 0.604999 0.902188
vt 0.604671 0.901687
vt 0.357722 0.869199
vt 0.357393 0.869701
vt 0.357065 0.869199
vt 0.393093 0.838542
vt 0.392436 0.838542
vt 0.392765 0.838040
vt 0.428467 0.869197
vt 0.428138 0.869698
vt 0.427810 0.869197
vt 0.463838 0.838541
vt 0.463181 0.838541
vt 0.463510 0.838039
vt 0.499211 0.869196
vt 0.498883 0.869698
vt 0.498554 0.869196
vt 0.534584 0.838541
vt 0.533927 0.838540
vt 0.534255 0.838039
vt 0.569956 0.869197
vt 0.569628 0.869699
vt 0.569299 0.869197
vt 0.605329 0.838541
vt 0.604672 0.838541
vt 0.605001 0.838040
vt 0.357720 0.806054
vt 0.357063 0.806054
vt 0.357391 0.805552
vt 0.393093 0.836710
vt 0.392765 0.837211
vt 0.392436 0.836710
vt 0.428465 0.806053
vt 0.427808 0.806053
vt 0.428137 0.805551
vt 0.463838 0.836709
vt 0.463510 0.837210
vt 0.463181 0.836709
vt 0.499211 0.806052
vt 0.498554 0.806052
vt 0.498882 0.805551
vt 0.534584 0.836708
vt 0.534255 0.837210
vt 0.533927 0.836708
vt 0.569957 0.806052
vt 0.569300 0.806052
vt 0.569628 0.805551
vt 0.605329 0.836709
vt 0.605001 0.837211
vt 0.604673 0.836709
vt 0.357720 0.804222
vt 0.357391 0.804723
vt 0.357063 0.804222
vt 0.393092 0.773565
vt 0.392435 0.773565
vt 0.392763 0.773063
vt 0.428465 0.804221
vt 0.428137 0.804722
vt 0.427808 0.804221
vt 0.463838 0.773564
vt 0.463181 0.773565
vt 0.463509 0.773063
vt 0.499211 0.804220
vt 0.498882 0.804722
vt 0.498554 0.804220
vt 0.534583 0.773564
vt 0.533926 0.773564
vt 0.534255 0.773063
vt 0.569957 0.804220
vt 0.569628 0.804722
vt 0.569300 0.804220
vt 0.605329 0.773563
vt 0.604672 0.773563
vt 0.605001 0.773062
vt 0.357719 0.741076
vt 0.357062 0.741076
vt 0.357391 0.740575
vt 0.393092 0.771733
vt 0.392763 0.772234
vt 0.392435 0.771733
vt 0.428465 0.741077
vt 0.427808 0.741076
vt 0.428136 0.740575
vt 0.463838 0.771732
vt 0.463509 0.772234
vt 0.463181 0.771732
vt 0.499210 0.741076
vt 0.498553 0.741076
vt 0.498882 0.740575
vt 0.534583 0.771732
vt 0.534255 0.772233
vt 0.533926 0.771732
vt 0.569956 0.741075
vt 0.569299 0.741075
vt 0.569627 0.740574
vt 0.605329 0.771731
vt 0.605001 0.772233
vt 0.604672 0.771731
vt 0.357719 0.739244
vt 0.357391 0.739746
vt 0.357062 0.739244
vt 0.393092 0.708588
vt 0.392435 0.708588
vt 0.392764 0.708086
vt 0.428465 0.739244
vt 0.428136 0.739746
vt 0.427808 0.739244
vt 0.463837 0.708588
vt 0.463180 0.708588
vt 0.463509 0.708087
vt 0.499210 0.739244
vt 0.498882 0.739746
vt 0.498553 0.739244
vt 0.534582 0.708588
vt 0.533925 0.708588
vt 0.534254 0.708086
vt 0.569956 0.739243
vt 0.569627 0.739745
vt 0.569299 0.739243
vt 0.605328 0.708586
vt 0.604671 0.708586
vt 0.604999 0.708084
vt 0.605782 0.707353
vt 0.605782 0.707986
vt 0.605240 0.707669
vt 0.604217 0.707353
vt 0.604758 0.707669
vt 0.604217 0.707986
vt 0.535036 0.707356
vt 0.535037 0.707988
vt 0.534495 0.707672
vt 0.533471 0.707356
vt 0.534013 0.707672
vt 0.533471 0.707988
vt 0.464292 0.707356
vt 0.464291 0.707989
vt 0.463750 0.707673
vt 0.462726 0.707356
vt 0.463268 0.707673
vt 0.462726 0.707989
vt 0.393546 0.707356
vt 0.393546 0.707988
vt 0.393005 0.707672
vt 0.391981 0.707356
vt 0.392523 0.707672
vt 0.391981 0.707988
vt 0.570410 0.739843
vt 0.570410 0.740475
vt 0.569868 0.740159
vt 0.568845 0.739843
vt 0.569387 0.740159
vt 0.568845 0.740475
vt 0.499664 0.739844
vt 0.499664 0.740476
vt 0.499122 0.740160
vt 0.498099 0.739844
vt 0.498641 0.740160
vt 0.498099 0.740476
vt 0.428919 0.739844
vt 0.428919 0.740477
vt 0.428377 0.740160
vt 0.427354 0.739844
vt 0.427896 0.740160
vt 0.427354 0.740477
vt 0.358173 0.739844
vt 0.358173 0.740476
vt 0.357631 0.740160
vt 0.356608 0.739844
vt 0.357150 0.740160
vt 0.356608 0.740476
vt 0.605783 0.772331
vt 0.605784 0.772963
vt 0.605242 0.772647
vt 0.604218 0.772331
vt 0.604760 0.772647
vt 0.604218 0.772963
vt 0.535037 0.772332
vt 0.535037 0.772964
vt 0.534496 0.772648
vt 0.533472 0.772332
vt 0.534014 0.772648
vt 0.533472 0.772964
vt 0.464292 0.772332
vt 0.464292 0.772965
vt 0.463750 0.772649
vt 0.462727 0.772332
vt 0.463268 0.772649
vt 0.462727 0.772965
vt 0.393546 0.772333
vt 0.393546 0.772965
vt 0.393004 0.772649
vt 0.391981 0.772333
vt 0.392523 0.772649
vt 0.391981 0.772965
vt 0.570411 0.804820
vt 0.570411 0.805452
vt 0.569869 0.805136
vt 0.568846 0.804820
vt 0.569387 0.805136
vt 0.568845 0.805452
vt 0.499665 0.804820
vt 0.499665 0.805452
vt 0.499123 0.805136
vt 0.498100 0.804820
vt 0.498641 0.805136
vt 0.498100 0.805453
vt 0.428920 0.804821
vt 0.428920 0.805453
vt 0.428378 0.805137
vt 0.427354 0.804821
vt 0.427896 0.805137
vt 0.427354 0.805453
vt 0.358174 0.804822
vt 0.358174 0.805454
vt 0.357632 0.805138
vt 0.356609 0.804822
vt 0.357150 0.805138
vt 0.356609 0.805454
vt 0.605784 0.837309
vt 0.605784 0.837941
vt 0.605242 0.837625
vt 0.604218 0.837309
vt 0.604760 0.837625
vt 0.604218 0.837941
vt 0.535038 0.837308
vt 0.535038 0.837941
vt 0.534496 0.837624
vt 0.533472 0.837308
vt 0.534014 0.837624
vt 0.533472 0.837941
vt 0.464293 0.837308
vt 0.464293 0.837941
vt 0.463751 0.837625
vt 0.462727 0.837308
vt 0.463269 0.837625
vt 0.462727 0.837941
vt 0.393547 0.837309
vt 0.393547 0.837942
vt 0.393005 0.837626
vt 0.391982 0.837309
vt 0.392524 0.837626
vt 0.391982 0.837942
vt 0.570410 0.869797
vt 0.570410 0.870429
vt 0.569869 0.870113
vt 0.568845 0.869797
vt 0.569387 0.870113
vt 0.568845 0.870429
vt 0.499665 0.869796
vt 0.499665 0.870428
vt 0.499123 0.870112
vt 0.498100 0.869796
vt 0.498642 0.870112
vt 0.498100 0.870428
vt 0.428921 0.869797
vt 0.428921 0.870429
vt 0.428379 0.870113
vt 0.427355 0.869797
vt 0.427897 0.870113
vt 0.427355 0.870429
vt 0.358176 0.869799
vt 0.358176 0.870431
vt 0.357634 0.870115
vt 0.356611 0.869799
vt 0.357153 0.870115
vt 0.356611 0.870431
vt 0.605782 0.902287
vt 0.605782 0.902919
vt 0.605240 0.902603
vt 0.604217 0.902287
vt 0.604758 0.902603
vt 0.604217 0.902919
vt 0.535037 0.902284
vt 0.535037 0.902916
vt 0.534495 0.902600
vt 0.533472 0.902284
vt 0.534014 0.902600
vt 0.533472 0.902916
vt 0.464293 0.902284
vt 0.464293 0.902916
vt 0.463752 0.902600
vt 0.462728 0.902284
vt 0.463270 0.902600
vt 0.462728 0.902916
vt 0.393549 0.902285
vt 0.393550 0.902918
vt 0.393008 0.902602
vt 0.391984 0.902286
vt 0.392526 0.902602
vt 0.391984 0.902918
vt 0.570408 0.934773
vt 0.570408 0.935405
vt 0.569866 0.935089
vt 0.568843 0.934773
vt 0.569385 0.935089
vt 0.568843 0.935405
vt 0.499665 0.934771
vt 0.499665 0.935403
vt 0.499123 0.935087
vt 0.498100 0.934771
vt 0.498641 0.935087
vt 0.498100 0.935403
vt 0.428923 0.934771
vt 0.428923 0.935404
vt 0.428381 0.935087
vt 0.427357 0.934771
vt 0.427899 0.935087
vt 0.427357 0.935404
vt 0.358180 0.934775
vt 0.358180 0.935407
vt 0.357638 0.935091
vt 0.356615 0.934775
vt 0.357156 0.935091
vt 0.356615 0.935408
vt 0.605776 0.967264
vt 0.605776 0.967897
vt 0.605235 0.967580
vt 0.604211 0.967264
vt 0.604753 0.967580
vt 0.604211 0.967896
vt 0.535035 0.967259
vt 0.535035 0.967891
vt 0.534493 0.967575
vt 0.533470 0.967258
vt 0.534012 0.967575
vt 0.533470 0.967891
vt 0.464294 0.967257
vt 0.464294 0.967890
vt 0.463752 0.967574
vt 0.462729 0.967257
vt 0.463271 0.967574
vt 0.462729 0.967890
vt 0.393553 0.967260
vt 0.393553 0.967892
vt 0.393012 0.967576
vt 0.391988 0.967260
vt 0.392530 0.967576
vt 0.391988 0.967892
vt 0.570404 0.609892
vt 0.570404 0.610524
vt 0.569862 0.610208
vt 0.568839 0.609892
vt 0.569380 0.610208
vt 0.568839 0.610525
vt 0.499663 0.609895
vt 0.499663 0.610527
vt 0.499121 0.610211
vt 0.498097 0.609895
vt 0.498639 0.610211
vt 0.498098 0.610527
vt 0.428922 0.609894
vt 0.428922 0.610526
vt 0.428380 0.610210
vt 0.427356 0.609894
vt 0.427898 0.610210
vt 0.427356 0.610526
vt 0.358180 0.609888
vt 0.358180 0.610521
vt 0.357638 0.610204
vt 0.356615 0.609888
vt 0.357156 0.610204
vt 0.356615 0.610520
vt 0.605778 0.642377
vt 0.605778 0.643009
vt 0.605236 0.642693
vt 0.604213 0.642377
vt 0.604754 0.642693
vt 0.604213 0.643009
vt 0.535034 0.642381
vt 0.535034 0.643013
vt 0.534493 0.642697
vt 0.533469 0.642381
vt 0.534011 0.642697
vt 0.533469 0.643013
vt 0.464292 0.642382
vt 0.464292 0.643014
vt 0.463750 0.642698
vt 0.462727 0.642382
vt 0.463269 0.642698
vt 0.462727 0.643014
vt 0.393549 0.642380
vt 0.393549 0.643012
vt 0.393007 0.642696
vt 0.391983 0.642380
vt 0.392525 0.642696
vt 0.391983 0.643012
vt 0.570408 0.674867
vt 0.570408 0.675499
vt 0.569866 0.675183
vt 0.568842 0.674867
vt 0.569384 0.675183
vt 0.568842 0.675499
vt 0.499663 0.674869
vt 0.499663 0.675501
vt 0.499122 0.675185
vt 0.498098 0.674869
vt 0.498640 0.675185
vt 0.498098 0.675501
vt 0.428920 0.674868
vt 0.428920 0.675501
vt 0.428378 0.675184
vt 0.427354 0.674868
vt 0.427896 0.675184
vt 0.427354 0.675501
vt 0.358174 0.674866
vt 0.358174 0.675498
vt 0.357633 0.675182
vt 0.356609 0.674866
vt 0.357151 0.675182
vt 0.356609 0.675498
vt 0.604068 0.698785
vt 0.604999 0.696952
vt 0.605929 0.698785
vt 0.599281 0.700650
vt 0.597978 0.701938
vt 0.597241 0.700021
vt 0.568695 0.684068
vt 0.570556 0.684068
vt 0.569626 0.685901
vt 0.563908 0.682203
vt 0.561868 0.682833
vt 0.562604 0.680915
vt 0.533323 0.698787
vt 0.534253 0.696954
vt 0.535184 0.698787
vt 0.528536 0.700652
vt 0.527232 0.701941
vt 0.526496 0.700023
vt 0.497950 0.684070
vt 0.499811 0.684070
vt 0.498881 0.685902
vt 0.493163 0.682205
vt 0.491123 0.682834
vt 0.491860 0.680916
vt 0.462578 0.698788
vt 0.463509 0.696955
vt 0.464439 0.698788
vt 0.457791 0.700653
vt 0.456488 0.701941
vt 0.455751 0.700023
vt 0.427206 0.684069
vt 0.429067 0.684069
vt 0.428137 0.685902
vt 0.422419 0.682204
vt 0.420379 0.682834
vt 0.421116 0.680916
vt 0.391833 0.698787
vt 0.392764 0.696954
vt 0.393694 0.698787
vt 0.387046 0.700651
vt 0.385742 0.701940
vt 0.385006 0.700022
vt 0.356461 0.684067
vt 0.358322 0.684067
vt 0.357391 0.685900
vt 0.351674 0.682202
vt 0.349634 0.682831
vt 0.350370 0.680913
vt 0.358322 0.666297
vt 0.356462 0.666297
vt 0.357392 0.664464
vt 0.363110 0.668162
vt 0.365150 0.667533
vt 0.364413 0.669451
vt 0.393696 0.651581
vt 0.392765 0.653413
vt 0.391835 0.651581
vt 0.398483 0.649716
vt 0.399787 0.648428
vt 0.400523 0.650345
vt 0.429067 0.666300
vt 0.427207 0.666300
vt 0.428137 0.664467
vt 0.433855 0.668165
vt 0.435895 0.667536
vt 0.435158 0.669453
vt 0.464440 0.651583
vt 0.463509 0.653415
vt 0.462579 0.651583
vt 0.469227 0.649718
vt 0.470530 0.648429
vt 0.471267 0.650347
vt 0.499811 0.666300
vt 0.497950 0.666300
vt 0.498881 0.664467
vt 0.504598 0.668165
vt 0.506638 0.667536
vt 0.505902 0.669453
vt 0.535182 0.651582
vt 0.534252 0.653414
vt 0.533322 0.651582
vt 0.539970 0.649717
vt 0.541273 0.648428
vt 0.542010 0.650346
vt 0.570555 0.666298
vt 0.568694 0.666298
vt 0.569625 0.664465
vt 0.575343 0.668163
vt 0.577383 0.667533
vt 0.576646 0.669451
vt 0.605926 0.651577
vt 0.604996 0.653410
vt 0.604065 0.651578
vt 0.610713 0.649712
vt 0.612016 0.648423
vt 0.612753 0.650341
vt 0.358326 0.619089
vt 0.357396 0.620922
vt 0.356466 0.619089
vt 0.363114 0.617225
vt 0.364418 0.615937
vt 0.365154 0.617855
vt 0.393697 0.633811
vt 0.391836 0.633811
vt 0.392767 0.631978
vt 0.398484 0.635676
vt 0.400524 0.635047
vt 0.399787 0.636965
vt 0.429069 0.619095
vt 0.428139 0.620928
vt 0.427208 0.619095
vt 0.433857 0.617230
vt 0.435160 0.615942
vt 0.435897 0.617860
vt 0.464440 0.633814
vt 0.462579 0.633814
vt 0.463509 0.631981
vt 0.469227 0.635679
vt 0.471267 0.635049
vt 0.470530 0.636967
vt 0.499811 0.619096
vt 0.498880 0.620929
vt 0.497950 0.619096
vt 0.504598 0.617231
vt 0.505902 0.615942
vt 0.506638 0.617860
vt 0.535182 0.633813
vt 0.533321 0.633813
vt 0.534252 0.631980
vt 0.539969 0.635677
vt 0.542009 0.635048
vt 0.541272 0.636966
vt 0.570552 0.619093
vt 0.569622 0.620926
vt 0.568691 0.619093
vt 0.575340 0.617228
vt 0.576643 0.615939
vt 0.577380 0.617857
vt 0.605925 0.633808
vt 0.604064 0.633809
vt 0.604994 0.631976
vt 0.610712 0.635673
vt 0.612752 0.635043
vt 0.612015 0.636961
vt 0.358329 0.601319
vt 0.356468 0.601319
vt 0.357399 0.599486
vt 0.363116 0.603185
vt 0.365156 0.602556
vt 0.364419 0.604473
vt 0.393702 0.976462
vt 0.392771 0.978295
vt 0.391841 0.976462
vt 0.398489 0.974596
vt 0.399792 0.973308
vt 0.400529 0.975226
vt 0.429070 0.601325
vt 0.427209 0.601325
vt 0.428140 0.599492
vt 0.433857 0.603190
vt 0.435897 0.602561
vt 0.435161 0.604479
vt 0.464442 0.976459
vt 0.463512 0.978292
vt 0.462581 0.976459
vt 0.469230 0.974594
vt 0.470533 0.973305
vt 0.471270 0.975223
vt 0.499810 0.601326
vt 0.497950 0.601326
vt 0.498880 0.599493
vt 0.504598 0.603191
vt 0.506638 0.602561
vt 0.505901 0.604479
vt 0.535183 0.976460
vt 0.534252 0.978293
vt 0.533322 0.976460
vt 0.539970 0.974595
vt 0.541274 0.973307
vt 0.542010 0.975225
vt 0.570551 0.601323
vt 0.568690 0.601323
vt 0.569620 0.599490
vt 0.575339 0.603187
vt 0.577379 0.602558
vt 0.576642 0.604476
vt 0.605923 0.976466
vt 0.604992 0.978299
vt 0.604062 0.976466
vt 0.610710 0.974601
vt 0.612014 0.973313
vt 0.612750 0.975231
vt 0.358328 0.943976
vt 0.357398 0.945808
vt 0.356467 0.943976
vt 0.363115 0.942110
vt 0.364418 0.940822
vt 0.365155 0.942739
vt 0.393701 0.958691
vt 0.391840 0.958691
vt 0.392770 0.956858
vt 0.398488 0.960556
vt 0.400528 0.959926
vt 0.399792 0.961844
vt 0.429071 0.943972
vt 0.428140 0.945804
vt 0.427210 0.943972
vt 0.433858 0.942107
vt 0.435161 0.940818
vt 0.435898 0.942736
vt 0.464442 0.958689
vt 0.462581 0.958689
vt 0.463512 0.956856
vt 0.469229 0.960554
vt 0.471269 0.959924
vt 0.470533 0.961842
vt 0.499813 0.943971
vt 0.498882 0.945804
vt 0.497952 0.943971
vt 0.504600 0.942106
vt 0.505903 0.940818
vt 0.506640 0.942736
vt 0.535183 0.958690
vt 0.533322 0.958690
vt 0.534253 0.956857
vt 0.539971 0.960555
vt 0.542011 0.959926
vt 0.541274 0.961843
vt 0.570555 0.943974
vt 0.569625 0.945806
vt 0.568694 0.943974
vt 0.575342 0.942109
vt 0.576646 0.940821
vt 0.577382 0.942739
vt 0.605925 0.958696
vt 0.604064 0.958695
vt 0.604995 0.956863
vt 0.610712 0.960561
vt 0.612752 0.959932
vt 0.612016 0.961850
vt 0.358327 0.926207
vt 0.356466 0.926207
vt 0.357396 0.924374
vt 0.363114 0.928071
vt 0.365154 0.927442
vt 0.364417 0.929360
vt 0.393698 0.911487
vt 0.392767 0.913319
vt 0.391837 0.911487
vt 0.398485 0.909621
vt 0.399788 0.908333
vt 0.400525 0.910251
vt 0.429070 0.926203
vt 0.427209 0.926203
vt 0.428140 0.924370
vt 0.433857 0.928067
vt 0.435897 0.927438
vt 0.435161 0.929356
vt 0.464441 0.911484
vt 0.463511 0.913317
vt 0.462580 0.911484
vt 0.469228 0.909620
vt 0.470532 0.908331
vt 0.471268 0.910249
vt 0.499813 0.926202
vt 0.497952 0.926202
vt 0.498882 0.924369
vt 0.504600 0.928067
vt 0.506640 0.927438
vt 0.505903 0.929355
vt 0.535185 0.911485
vt 0.534254 0.913318
vt 0.533324 0.911485
vt 0.539972 0.909620
vt 0.541275 0.908332
vt 0.542012 0.910250
vt 0.570556 0.926204
vt 0.568695 0.926204
vt 0.569626 0.924372
vt 0.575343 0.928069
vt 0.577383 0.927440
vt 0.576647 0.929358
vt 0.605929 0.911488
vt 0.604999 0.913321
vt 0.604068 0.911488
vt 0.610716 0.909623
vt 0.612020 0.908335
vt 0.612756 0.910253
vt 0.358324 0.879000
vt 0.357394 0.880833
vt 0.356463 0.879000
vt 0.363111 0.877135
vt 0.364415 0.875846
vt 0.365151 0.877764
vt 0.393697 0.893717
vt 0.391836 0.893717
vt 0.392766 0.891884
vt 0.398484 0.895581
vt 0.400524 0.894952
vt 0.399788 0.896870
vt 0.429069 0.878998
vt 0.428138 0.880831
vt 0.427208 0.878998
vt 0.433856 0.877133
vt 0.435159 0.875844
vt 0.435896 0.877762
vt 0.464441 0.893715
vt 0.462580 0.893715
vt 0.463511 0.891882
vt 0.469228 0.895580
vt 0.471268 0.894951
vt 0.470532 0.896868
vt 0.499813 0.878997
vt 0.498882 0.880830
vt 0.497952 0.878997
vt 0.504600 0.877132
vt 0.505904 0.875844
vt 0.506640 0.877762
vt 0.535185 0.893716
vt 0.533324 0.893715
vt 0.534255 0.891883
vt 0.539972 0.895581
vt 0.542012 0.894951
vt 0.541276 0.896869
vt 0.570558 0.878998
vt 0.569627 0.880831
vt 0.568697 0.878998
vt 0.575345 0.877134
vt 0.576649 0.875845
vt 0.577385 0.877763
vt 0.605930 0.893718
vt 0.604069 0.893718
vt 0.605000 0.891886
vt 0.610717 0.895583
vt 0.612757 0.894954
vt 0.612021 0.896872
vt 0.358323 0.861230
vt 0.356462 0.861230
vt 0.357393 0.859398
vt 0.363111 0.863095
vt 0.365150 0.862466
vt 0.364414 0.864383
vt 0.393695 0.846511
vt 0.392765 0.848344
vt 0.391834 0.846511
vt 0.398483 0.844646
vt 0.399786 0.843357
vt 0.400523 0.845275
vt 0.429068 0.861228
vt 0.427208 0.861228
vt 0.428138 0.859395
vt 0.433856 0.863093
vt 0.435896 0.862463
vt 0.435159 0.864381
vt 0.464440 0.846509
vt 0.463510 0.848342
vt 0.462580 0.846509
vt 0.469228 0.844644
vt 0.470531 0.843356
vt 0.471268 0.845274
vt 0.499813 0.861227
vt 0.497952 0.861227
vt 0.498883 0.859395
vt 0.504600 0.863092
vt 0.506640 0.862463
vt 0.505904 0.864381
vt 0.535185 0.846510
vt 0.534255 0.848342
vt 0.533325 0.846509
vt 0.539973 0.844645
vt 0.541276 0.843356
vt 0.542013 0.845274
vt 0.570558 0.861228
vt 0.568697 0.861228
vt 0.569628 0.859395
vt 0.575346 0.863093
vt 0.577386 0.862464
vt 0.576649 0.864382
vt 0.605931 0.846510
vt 0.605001 0.848343
vt 0.604071 0.846510
vt 0.610718 0.844645
vt 0.612022 0.843357
vt 0.612758 0.845275
vt 0.358322 0.814023
vt 0.357392 0.815855
vt 0.356461 0.814023
vt 0.363109 0.812158
vt 0.364412 0.810869
vt 0.365149 0.812787
vt 0.393695 0.828741
vt 0.391834 0.828741
vt 0.392764 0.826908
vt 0.398482 0.830606
vt 0.400522 0.829976
vt 0.399786 0.831894
vt 0.429067 0.814022
vt 0.428137 0.815855
vt 0.427207 0.814022
vt 0.433855 0.812157
vt 0.435158 0.810868
vt 0.435895 0.812786
vt 0.464440 0.828740
vt 0.462579 0.828740
vt 0.463510 0.826907
vt 0.469228 0.830604
vt 0.471268 0.829975
vt 0.470531 0.831893
vt 0.499813 0.814021
vt 0.498882 0.815854
vt 0.497952 0.814021
vt 0.504600 0.812156
vt 0.505904 0.810868
vt 0.506640 0.812786
vt 0.535186 0.828740
vt 0.533325 0.828740
vt 0.534255 0.826907
vt 0.539973 0.830604
vt 0.542013 0.829975
vt 0.541276 0.831893
vt 0.570559 0.814021
vt 0.569628 0.815854
vt 0.568698 0.814021
vt 0.575346 0.812156
vt 0.576650 0.810868
vt 0.577386 0.812786
vt 0.605931 0.828740
vt 0.604071 0.828740
vt 0.605001 0.826908
vt 0.610719 0.830605
vt 0.612759 0.829976
vt 0.612022 0.831894
vt 0.358321 0.796253
vt 0.356461 0.796253
vt 0.357391 0.794420
vt 0.363109 0.798118
vt 0.365149 0.797488
vt 0.364412 0.799406
vt 0.393694 0.781534
vt 0.392764 0.783367
vt 0.391833 0.781534
vt 0.398481 0.779669
vt 0.399785 0.778380
vt 0.400522 0.780298
vt 0.429067 0.796252
vt 0.427206 0.796252
vt 0.428137 0.794419
vt 0.433855 0.798117
vt 0.435895 0.797487
vt 0.435158 0.799405
vt 0.464440 0.781533
vt 0.463509 0.783366
vt 0.462579 0.781533
vt 0.469227 0.779669
vt 0.470531 0.778380
vt 0.471267 0.780298
vt 0.499813 0.796251
vt 0.497952 0.796251
vt 0.498882 0.794419
vt 0.504600 0.798116
vt 0.506640 0.797487
vt 0.505904 0.799405
vt 0.535185 0.781533
vt 0.534255 0.783366
vt 0.533324 0.781533
vt 0.539973 0.779668
vt 0.541276 0.778379
vt 0.542013 0.780297
vt 0.570559 0.796251
vt 0.568698 0.796251
vt 0.569628 0.794418
vt 0.575346 0.798116
vt 0.577386 0.797487
vt 0.576650 0.799405
vt 0.605931 0.781532
vt 0.605001 0.783365
vt 0.604071 0.781532
vt 0.610719 0.779667
vt 0.612022 0.778378
vt 0.612759 0.780296
vt 0.358321 0.749045
vt 0.357391 0.750878
vt 0.356460 0.749045
vt 0.363108 0.747180
vt 0.364412 0.745892
vt 0.365148 0.747809
vt 0.393694 0.763764
vt 0.391833 0.763764
vt 0.392763 0.761931
vt 0.398481 0.765629
vt 0.400521 0.764999
vt 0.399785 0.766917
vt 0.429067 0.749045
vt 0.428136 0.750878
vt 0.427206 0.749045
vt 0.433854 0.747180
vt 0.435158 0.745892
vt 0.435894 0.747810
vt 0.464440 0.763764
vt 0.462579 0.763764
vt 0.463509 0.761931
vt 0.469227 0.765628
vt 0.471267 0.764999
vt 0.470531 0.766917
vt 0.499812 0.749045
vt 0.498882 0.750878
vt 0.497951 0.749045
vt 0.504599 0.747180
vt 0.505903 0.745892
vt 0.506639 0.747809
vt 0.535185 0.763763
vt 0.533324 0.763763
vt 0.534255 0.761930
vt 0.539972 0.765628
vt 0.542012 0.764998
vt 0.541276 0.766916
vt 0.570558 0.749044
vt 0.569628 0.750877
vt 0.568697 0.749044
vt 0.575345 0.747179
vt 0.576649 0.745891
vt 0.577385 0.747809
vt 0.605931 0.763762
vt 0.604070 0.763762
vt 0.605001 0.761930
vt 0.610718 0.765627
vt 0.612758 0.764998
vt 0.612022 0.766916
vt 0.358321 0.731275
vt 0.356460 0.731275
vt 0.357391 0.729443
vt 0.363108 0.733140
vt 0.365148 0.732511
vt 0.364412 0.734429
vt 0.393694 0.716557
vt 0.392763 0.718390
vt 0.391833 0.716557
vt 0.398481 0.714692
vt 0.399785 0.713403
vt 0.400521 0.715321
vt 0.429067 0.731275
vt 0.427206 0.731275
vt 0.428136 0.729443
vt 0.433854 0.733141
vt 0.435894 0.732511
vt 0.435158 0.734429
vt 0.464439 0.716557
vt 0.463509 0.718390
vt 0.462578 0.716557
vt 0.469227 0.714692
vt 0.470530 0.713404
vt 0.471267 0.715322
vt 0.499812 0.731275
vt 0.497951 0.731275
vt 0.498882 0.729442
vt 0.504599 0.733140
vt 0.506639 0.732511
vt 0.505903 0.734429
vt 0.535184 0.716557
vt 0.534254 0.718390
vt 0.533324 0.716557
vt 0.539972 0.714692
vt 0.541275 0.713403
vt 0.542012 0.715321
vt 0.570558 0.731274
vt 0.568697 0.731274
vt 0.569627 0.729441
vt 0.575345 0.733139
vt 0.577385 0.732510
vt 0.576649 0.734427
vt 0.605930 0.716554
vt 0.605000 0.718387
vt 0.604069 0.716554
vt 0.610717 0.714689
vt 0.612020 0.713400
vt 0.612757 0.715318
vt 0.613937 0.706741
vt 0.615825 0.707669
vt 0.613937 0.708597
vt 0.612020 0.701938
vt 0.610716 0.700649
vt 0.612756 0.700020
vt 0.596061 0.706741
vt 0.596061 0.708598
vt 0.594173 0.707670
vt 0.543192 0.706743
vt 0.545080 0.707672
vt 0.543192 0.708600
vt 0.541275 0.701940
vt 0.539971 0.700652
vt 0.542011 0.700022
vt 0.525316 0.706744
vt 0.525316 0.708600
vt 0.523427 0.707672
vt 0.472447 0.706744
vt 0.474335 0.707673
vt 0.472447 0.708601
vt 0.470530 0.701941
vt 0.469227 0.700653
vt 0.471267 0.700023
vt 0.454571 0.706744
vt 0.454571 0.708601
vt 0.452682 0.707672
vt 0.401702 0.706744
vt 0.403591 0.707672
vt 0.401702 0.708600
vt 0.399785 0.701940
vt 0.398482 0.700652
vt 0.400522 0.700023
vt 0.383825 0.706743
vt 0.383825 0.708600
vt 0.381937 0.707672
vt 0.578566 0.739230
vt 0.580454 0.740159
vt 0.578566 0.741087
vt 0.560689 0.739231
vt 0.560689 0.741088
vt 0.558801 0.740159
vt 0.562606 0.734428
vt 0.561869 0.732510
vt 0.563909 0.733139
vt 0.507820 0.739232
vt 0.509708 0.740160
vt 0.507820 0.741089
vt 0.489944 0.739232
vt 0.489944 0.741089
vt 0.488055 0.740160
vt 0.491860 0.734429
vt 0.491124 0.732511
vt 0.493164 0.733140
vt 0.437074 0.739232
vt 0.438963 0.740160
vt 0.437074 0.741089
vt 0.419198 0.739232
vt 0.419198 0.741089
vt 0.417310 0.740160
vt 0.421115 0.734429
vt 0.420379 0.732511
vt 0.422419 0.733140
vt 0.366328 0.739232
vt 0.368217 0.740160
vt 0.366328 0.741089
vt 0.348453 0.739232
vt 0.348453 0.741089
vt 0.346564 0.740160
vt 0.350369 0.734429
vt 0.349633 0.732511
vt 0.351673 0.733140
vt 0.613939 0.771719
vt 0.615827 0.772647
vt 0.613939 0.773575
vt 0.596063 0.771719
vt 0.596063 0.773576
vt 0.594174 0.772647
vt 0.597980 0.766916
vt 0.597243 0.764998
vt 0.599283 0.765627
vt 0.543193 0.771719
vt 0.545081 0.772648
vt 0.543193 0.773576
vt 0.525317 0.771720
vt 0.525317 0.773576
vt 0.523428 0.772648
vt 0.527233 0.766917
vt 0.526497 0.764999
vt 0.528537 0.765628
vt 0.472447 0.771720
vt 0.474336 0.772648
vt 0.472447 0.773577
vt 0.454571 0.771720
vt 0.454571 0.773577
vt 0.452683 0.772649
vt 0.456488 0.766917
vt 0.455751 0.764999
vt 0.457791 0.765629
vt 0.401702 0.771720
vt 0.403590 0.772649
vt 0.401702 0.773577
vt 0.383825 0.771720
vt 0.383825 0.773577
vt 0.381937 0.772649
vt 0.385742 0.766917
vt 0.385006 0.764999
vt 0.387046 0.765629
vt 0.578566 0.804208
vt 0.580455 0.805136
vt 0.578566 0.806065
vt 0.560690 0.804208
vt 0.560690 0.806065
vt 0.558801 0.805136
vt 0.562607 0.799405
vt 0.561870 0.797487
vt 0.563910 0.798116
vt 0.507820 0.804208
vt 0.509709 0.805136
vt 0.507820 0.806065
vt 0.489944 0.804208
vt 0.489944 0.806065
vt 0.488056 0.805136
vt 0.491861 0.799405
vt 0.491124 0.797487
vt 0.493164 0.798116
vt 0.437075 0.804208
vt 0.438964 0.805137
vt 0.437075 0.806065
vt 0.419199 0.804209
vt 0.419199 0.806065
vt 0.417310 0.805137
vt 0.421116 0.799405
vt 0.420379 0.797488
vt 0.422419 0.798117
vt 0.366329 0.804209
vt 0.368218 0.805138
vt 0.366329 0.806066
vt 0.348454 0.804210
vt 0.348454 0.806066
vt 0.346565 0.805138
vt 0.350370 0.799407
vt 0.349634 0.797489
vt 0.351674 0.798118
vt 0.613939 0.836697
vt 0.615827 0.837625
vt 0.613939 0.838554
vt 0.596063 0.836697
vt 0.596063 0.838554
vt 0.594174 0.837625
vt 0.597980 0.831894
vt 0.597243 0.829976
vt 0.599283 0.830605
vt 0.543193 0.836696
vt 0.545082 0.837625
vt 0.543193 0.838553
vt 0.525317 0.836696
vt 0.525317 0.838553
vt 0.523428 0.837624
vt 0.527234 0.831893
vt 0.526497 0.829975
vt 0.528537 0.830604
vt 0.472448 0.836696
vt 0.474337 0.837624
vt 0.472448 0.838553
vt 0.454572 0.836696
vt 0.454572 0.838553
vt 0.452683 0.837625
vt 0.456489 0.831893
vt 0.455752 0.829975
vt 0.457792 0.830605
vt 0.401703 0.836697
vt 0.403591 0.837625
vt 0.401703 0.838554
vt 0.383826 0.836697
vt 0.383827 0.838554
vt 0.381938 0.837626
vt 0.385743 0.831894
vt 0.385007 0.829976
vt 0.387047 0.830606
vt 0.578566 0.869185
vt 0.580454 0.870113
vt 0.578566 0.871042
vt 0.560690 0.869185
vt 0.560689 0.871041
vt 0.558801 0.870113
vt 0.562606 0.864382
vt 0.561870 0.862464
vt 0.563910 0.863093
vt 0.507820 0.869184
vt 0.509709 0.870112
vt 0.507820 0.871041
vt 0.489945 0.869184
vt 0.489945 0.871041
vt 0.488056 0.870112
vt 0.491861 0.864381
vt 0.491125 0.862463
vt 0.493165 0.863092
vt 0.437076 0.869184
vt 0.438965 0.870113
vt 0.437076 0.871041
vt 0.419200 0.869185
vt 0.419200 0.871042
vt 0.417312 0.870113
vt 0.421117 0.864381
vt 0.420380 0.862464
vt 0.422420 0.863093
vt 0.366331 0.869186
vt 0.368220 0.870115
vt 0.366331 0.871043
vt 0.348456 0.869187
vt 0.348456 0.871044
vt 0.346567 0.870116
vt 0.350372 0.864384
vt 0.349636 0.862466
vt 0.351675 0.863096
vt 0.613937 0.901675
vt 0.615825 0.902604
vt 0.613937 0.903532
vt 0.596061 0.901674
vt 0.596061 0.903531
vt 0.594173 0.902603
vt 0.597978 0.896871
vt 0.597242 0.894954
vt 0.599282 0.895583
vt 0.543192 0.901672
vt 0.545081 0.902601
vt 0.543192 0.903529
vt 0.525316 0.901672
vt 0.525317 0.903529
vt 0.523428 0.902600
vt 0.527233 0.896869
vt 0.526497 0.894951
vt 0.528537 0.895580
vt 0.472449 0.901671
vt 0.474337 0.902600
vt 0.472449 0.903528
vt 0.454573 0.901672
vt 0.454573 0.903528
vt 0.452684 0.902600
vt 0.456490 0.896869
vt 0.455753 0.894951
vt 0.457793 0.895580
vt 0.401705 0.901673
vt 0.403593 0.902601
vt 0.401705 0.903530
vt 0.383829 0.901674
vt 0.383829 0.903530
vt 0.381940 0.902602
vt 0.385745 0.896870
vt 0.385009 0.894953
vt 0.387049 0.895582
vt 0.578563 0.934161
vt 0.580452 0.935090
vt 0.578563 0.936018
vt 0.560688 0.934160
vt 0.560688 0.936017
vt 0.558799 0.935088
vt 0.562604 0.929357
vt 0.561868 0.927440
vt 0.563908 0.928069
vt 0.507820 0.934158
vt 0.509708 0.935087
vt 0.507820 0.936015
vt 0.489945 0.934158
vt 0.489945 0.936015
vt 0.488056 0.935087
vt 0.491861 0.929355
vt 0.491125 0.927438
vt 0.493165 0.928067
vt 0.437078 0.934159
vt 0.438966 0.935087
vt 0.437078 0.936015
vt 0.419202 0.934159
vt 0.419203 0.936016
vt 0.417314 0.935088
vt 0.421119 0.929356
vt 0.420382 0.927439
vt 0.422422 0.928068
vt 0.366334 0.934162
vt 0.368223 0.935090
vt 0.366335 0.936019
vt 0.348460 0.934164
vt 0.348460 0.936020
vt 0.346571 0.935092
vt 0.350376 0.929361
vt 0.349639 0.927443
vt 0.351679 0.928072
vt 0.613932 0.966653
vt 0.615820 0.967582
vt 0.613931 0.968510
vt 0.596056 0.966651
vt 0.596056 0.968508
vt 0.594167 0.967579
vt 0.597973 0.961848
vt 0.597237 0.959930
vt 0.599277 0.960560
vt 0.543191 0.966647
vt 0.545079 0.967575
vt 0.543191 0.968503
vt 0.525315 0.966646
vt 0.525315 0.968503
vt 0.523426 0.967574
vt 0.527232 0.961843
vt 0.526495 0.959925
vt 0.528535 0.960554
vt 0.472450 0.966645
vt 0.474338 0.967574
vt 0.472450 0.968502
vt 0.454574 0.966646
vt 0.454574 0.968502
vt 0.452685 0.967574
vt 0.456490 0.961842
vt 0.455754 0.959925
vt 0.457794 0.960554
vt 0.401709 0.966647
vt 0.403597 0.967576
vt 0.401709 0.968504
vt 0.383833 0.966649
vt 0.383833 0.968505
vt 0.381944 0.967577
vt 0.385749 0.961845
vt 0.385012 0.959927
vt 0.387052 0.960557
vt 0.578559 0.609279
vt 0.580448 0.610207
vt 0.578559 0.611136
vt 0.560683 0.609280
vt 0.560683 0.611137
vt 0.558794 0.610209
vt 0.562599 0.604477
vt 0.561863 0.602559
vt 0.563903 0.603188
vt 0.507818 0.609282
vt 0.509707 0.610211
vt 0.507818 0.611139
vt 0.489942 0.609283
vt 0.489942 0.611139
vt 0.488053 0.610211
vt 0.491859 0.604479
vt 0.491122 0.602561
vt 0.493162 0.603191
vt 0.437077 0.609282
vt 0.438966 0.610210
vt 0.437077 0.611139
vt 0.419201 0.609281
vt 0.419201 0.611138
vt 0.417312 0.610210
vt 0.421118 0.604478
vt 0.420381 0.602560
vt 0.422421 0.603190
vt 0.366335 0.609277
vt 0.368224 0.610206
vt 0.366335 0.611134
vt 0.348459 0.609275
vt 0.348459 0.611131
vt 0.346570 0.610203
vt 0.350377 0.604472
vt 0.349640 0.602553
vt 0.351680 0.603183
vt 0.613932 0.641764
vt 0.615821 0.642692
vt 0.613933 0.643621
vt 0.596058 0.641765
vt 0.596058 0.643622
vt 0.594169 0.642694
vt 0.597974 0.636962
vt 0.597237 0.635045
vt 0.599277 0.635674
vt 0.543189 0.641769
vt 0.545078 0.642697
vt 0.543189 0.643625
vt 0.525314 0.641769
vt 0.525314 0.643626
vt 0.523426 0.642698
vt 0.527231 0.636966
vt 0.526494 0.635049
vt 0.528534 0.635678
vt 0.472447 0.641770
vt 0.474335 0.642698
vt 0.472447 0.643627
vt 0.454572 0.641770
vt 0.454572 0.643626
vt 0.452683 0.642698
vt 0.456489 0.636967
vt 0.455752 0.635049
vt 0.457792 0.635678
vt 0.401704 0.641768
vt 0.403592 0.642696
vt 0.401704 0.643625
vt 0.383828 0.641767
vt 0.383828 0.643624
vt 0.381939 0.642695
vt 0.385745 0.636964
vt 0.385009 0.635046
vt 0.387049 0.635676
vt 0.578563 0.674254
vt 0.580452 0.675182
vt 0.578563 0.676111
vt 0.560687 0.674255
vt 0.560687 0.676112
vt 0.558798 0.675183
vt 0.562604 0.669452
vt 0.561867 0.667534
vt 0.563907 0.668163
vt 0.507819 0.674256
vt 0.509707 0.675185
vt 0.507819 0.676113
vt 0.489943 0.674257
vt 0.489943 0.676113
vt 0.488054 0.675185
vt 0.491860 0.669454
vt 0.491123 0.667536
vt 0.493163 0.668165
vt 0.437075 0.674256
vt 0.438963 0.675185
vt 0.437075 0.676113
vt 0.419199 0.674256
vt 0.419199 0.676113
vt 0.417310 0.675184
vt 0.421116 0.669453
vt 0.420379 0.667535
vt 0.422419 0.668164
vt 0.366330 0.674254
vt 0.368218 0.675183
vt 0.366330 0.676111
vt 0.348454 0.674253
vt 0.348454 0.676110
vt 0.346565 0.675182
vt 0.350371 0.669450
vt 0.349634 0.667533
vt 0.351674 0.668162
vt 0.575343 0.682203
vt 0.576647 0.680914
vt 0.577383 0.682832
vt 0.504599 0.682205
vt 0.505902 0.680916
vt 0.506639 0.682834
vt 0.433854 0.682205
vt 0.435158 0.680916
vt 0.435894 0.682834
vt 0.363109 0.682202
vt 0.364413 0.680914
vt 0.365149 0.682832
vt 0.387048 0.649715
vt 0.385008 0.650345
vt 0.385744 0.648427
vt 0.457792 0.649718
vt 0.455752 0.650347
vt 0.456488 0.648429
vt 0.528535 0.649717
vt 0.526495 0.650347
vt 0.527231 0.648429
vt 0.599278 0.649713
vt 0.597238 0.650343
vt 0.597975 0.648425
vt 0.351678 0.617224
vt 0.349638 0.617853
vt 0.350375 0.615935
vt 0.422421 0.617230
vt 0.420381 0.617859
vt 0.421118 0.615941
vt 0.493163 0.617231
vt 0.491123 0.617861
vt 0.491859 0.615943
vt 0.563904 0.617229
vt 0.561864 0.617858
vt 0.562600 0.615940
vt 0.387053 0.974597
vt 0.385013 0.975227
vt 0.385750 0.973309
vt 0.457794 0.974594
vt 0.455754 0.975224
vt 0.456490 0.973306
vt 0.528534 0.974595
vt 0.526494 0.975224
vt 0.527231 0.973306
vt 0.599275 0.974600
vt 0.597235 0.975229
vt 0.597972 0.973311
vt 0.351680 0.942111
vt 0.349641 0.942741
vt 0.350377 0.940823
vt 0.422423 0.942107
vt 0.420383 0.942737
vt 0.421119 0.940819
vt 0.493165 0.942106
vt 0.491125 0.942735
vt 0.491861 0.940818
vt 0.563907 0.942108
vt 0.561867 0.942738
vt 0.562604 0.940820
vt 0.387049 0.909622
vt 0.385009 0.910251
vt 0.385746 0.908333
vt 0.457793 0.909620
vt 0.455753 0.910249
vt 0.456490 0.908331
vt 0.528537 0.909620
vt 0.526497 0.910249
vt 0.527233 0.908332
vt 0.599281 0.909623
vt 0.597241 0.910252
vt 0.597978 0.908334
vt 0.351676 0.877135
vt 0.349636 0.877765
vt 0.350373 0.875847
vt 0.422421 0.877133
vt 0.420381 0.877762
vt 0.421117 0.875844
vt 0.493165 0.877132
vt 0.491125 0.877761
vt 0.491861 0.875844
vt 0.563910 0.877133
vt 0.561870 0.877762
vt 0.562606 0.875845
vt 0.387047 0.844646
vt 0.385007 0.845275
vt 0.385743 0.843357
vt 0.457792 0.844645
vt 0.455752 0.845274
vt 0.456489 0.843356
vt 0.528537 0.844644
vt 0.526497 0.845274
vt 0.527234 0.843356
vt 0.599283 0.844645
vt 0.597243 0.845274
vt 0.597980 0.843357
vt 0.351674 0.812158
vt 0.349634 0.812787
vt 0.350370 0.810869
vt 0.422419 0.812157
vt 0.420379 0.812786
vt 0.421116 0.810868
vt 0.493165 0.812156
vt 0.491125 0.812786
vt 0.491861 0.810868
vt 0.563910 0.812156
vt 0.561870 0.812786
vt 0.562607 0.810868
vt 0.387046 0.779669
vt 0.385006 0.780298
vt 0.385742 0.778381
vt 0.457792 0.779669
vt 0.455751 0.780298
vt 0.456488 0.778380
vt 0.528537 0.779668
vt 0.526497 0.780297
vt 0.527233 0.778379
vt 0.599283 0.779667
vt 0.597243 0.780297
vt 0.597980 0.778379
vt 0.351673 0.747180
vt 0.349633 0.747809
vt 0.350369 0.745892
vt 0.422419 0.747181
vt 0.420379 0.747810
vt 0.421115 0.745892
vt 0.493164 0.747180
vt 0.491124 0.747810
vt 0.491860 0.745892
vt 0.563910 0.747179
vt 0.561870 0.747809
vt 0.562606 0.745891
vt 0.387046 0.714692
vt 0.385006 0.715321
vt 0.385742 0.713403
vt 0.457791 0.714693
vt 0.455751 0.715322
vt 0.456488 0.713404
vt 0.528536 0.714692
vt 0.526496 0.715321
vt 0.527233 0.713403
vt 0.599282 0.714690
vt 0.597242 0.715319
vt 0.597978 0.713401
vt 0.941704 0.048188
vt 0.940549 0.047033
vt 0.941704 0.047033
vt 0.939394 0.497731
vt 0.939394 0.496577
vt 0.940549 0.497731
vt 0.941704 0.348653
vt 0.940549 0.347499
vt 0.941704 0.346633
vt 0.939394 0.348653
vt 0.939394 0.346729
vt 0.940549 0.347499
vt 0.941704 0.198420
vt 0.940549 0.197266
vt 0.941704 0.196400
vt 0.939394 0.198036
vt 0.939394 0.196111
vt 0.940549 0.197266
vt 0.813438 0.952365
vt 0.811524 0.953275
vt 0.811524 0.951449
vt 0.765812 0.603827
vt 0.765812 0.601984
vt 0.767729 0.602909
vt 0.811524 0.602952
vt 0.813438 0.603868
vt 0.811524 0.604778
vt 0.765812 0.955636
vt 0.765812 0.953792
vt 0.767729 0.954718
vt 0.765812 0.849963
vt 0.765812 0.848119
vt 0.767729 0.849037
vt 0.811524 0.742351
vt 0.813438 0.743267
vt 0.811524 0.744177
vt 0.765812 0.814912
vt 0.765812 0.813069
vt 0.767729 0.813994
vt 0.813438 0.812967
vt 0.811524 0.813876
vt 0.811524 0.812050
vt 0.765812 0.744550
vt 0.765812 0.742707
vt 0.767729 0.743632
vt 0.791788 0.951449
vt 0.791788 0.953275
vt 0.789874 0.952365
vt 0.744126 0.602909
vt 0.746043 0.601984
vt 0.746043 0.603827
vt 0.791787 0.602952
vt 0.791787 0.604778
vt 0.789874 0.603868
vt 0.746043 0.955636
vt 0.744126 0.954718
vt 0.746043 0.953792
vt 0.744126 0.849037
vt 0.746043 0.848119
vt 0.746043 0.849963
vt 0.791787 0.742351
vt 0.791788 0.744177
vt 0.789874 0.743267
vt 0.744126 0.813994
vt 0.746043 0.813069
vt 0.746043 0.814912
vt 0.791787 0.812050
vt 0.791788 0.813876
vt 0.789874 0.812967
vt 0.746043 0.744550
vt 0.744126 0.743632
vt 0.746043 0.742707
vt 0.962278 0.497731
vt 0.962278 0.496577
vt 0.963433 0.497422
vt 0.918820 0.048188
vt 0.917665 0.047343
vt 0.918820 0.047033
vt 0.962278 0.348653
vt 0.962278 0.346633
vt 0.963433 0.347602
vt 0.918820 0.348653
vt 0.917665 0.347602
vt 0.918820 0.346633
vt 0.962279 0.198132
vt 0.962278 0.196111
vt 0.963433 0.197163
vt 0.918820 0.198420
vt 0.917665 0.197369
vt 0.918820 0.196400
vt 0.636117 0.691424
vt 0.636115 0.658934
vt 0.637114 0.658934
vt 0.637116 0.691424
vt 0.326273 0.658937
vt 0.326271 0.691425
vt 0.325273 0.691425
vt 0.325274 0.658937
vt 0.636112 0.626447
vt 0.637111 0.626447
vt 0.326275 0.626445
vt 0.325276 0.626445
vt 0.326279 0.594954
vt 0.325280 0.593956
vt 0.622684 0.982835
vt 0.636111 0.982830
vt 0.636111 0.983829
vt 0.622678 0.983827
vt 0.636115 0.951340
vt 0.637114 0.951340
vt 0.637110 0.983829
vt 0.326280 0.951337
vt 0.325282 0.951337
vt 0.636118 0.918849
vt 0.637116 0.918849
vt 0.326278 0.918851
vt 0.325279 0.918851
vt 0.636119 0.886361
vt 0.637118 0.886361
vt 0.326275 0.886360
vt 0.325276 0.886360
vt 0.622693 0.852876
vt 0.622686 0.854868
vt 0.636121 0.821382
vt 0.637119 0.821382
vt 0.326272 0.821382
vt 0.325274 0.821382
vt 0.636121 0.788891
vt 0.637119 0.788891
vt 0.326272 0.788895
vt 0.325273 0.788895
vt 0.636120 0.756403
vt 0.637119 0.756403
vt 0.326271 0.756404
vt 0.325272 0.756404
vt 0.622692 0.722919
vt 0.622685 0.724911
vt 0.587306 0.692419
vt 0.587319 0.690434
vt 0.551946 0.692420
vt 0.551933 0.690435
vt 0.516561 0.692421
vt 0.516574 0.690436
vt 0.481201 0.692422
vt 0.481188 0.690436
vt 0.445816 0.692421
vt 0.445829 0.690436
vt 0.339719 0.982828
vt 0.339719 0.983827
vt 0.339713 0.593957
vt 0.375086 0.593962
vt 0.375094 0.594953
vt 0.339704 0.594948
vt 0.375077 0.982831
vt 0.410467 0.982829
vt 0.410459 0.983820
vt 0.375085 0.983822
vt 0.410453 0.593965
vt 0.445827 0.593966
vt 0.445835 0.594957
vt 0.410444 0.594956
vt 0.445817 0.982827
vt 0.481207 0.982828
vt 0.481199 0.983819
vt 0.445825 0.983819
vt 0.481193 0.593967
vt 0.516567 0.593966
vt 0.516575 0.594957
vt 0.481185 0.594958
vt 0.516557 0.982828
vt 0.551947 0.982829
vt 0.551939 0.983820
vt 0.516565 0.983819
vt 0.551933 0.593965
vt 0.587307 0.593962
vt 0.587315 0.594953
vt 0.551925 0.594956
vt 0.587297 0.982831
vt 0.587305 0.983823
vt 0.410446 0.885364
vt 0.410459 0.887350
vt 0.445831 0.885364
vt 0.445818 0.887349
vt 0.339707 0.852874
vt 0.339701 0.854865
vt 0.375072 0.852878
vt 0.375085 0.854863
vt 0.410458 0.852877
vt 0.410445 0.854862
vt 0.445817 0.852876
vt 0.445830 0.854861
vt 0.481203 0.852876
vt 0.481190 0.854861
vt 0.516562 0.852876
vt 0.516575 0.854861
vt 0.551948 0.852876
vt 0.551935 0.854861
vt 0.587308 0.852877
vt 0.587322 0.854862
vt 0.339705 0.722918
vt 0.339699 0.724909
vt 0.375070 0.722923
vt 0.375083 0.724909
vt 0.410457 0.722924
vt 0.410444 0.724909
vt 0.445816 0.722924
vt 0.445829 0.724909
vt 0.481202 0.722924
vt 0.481189 0.724909
vt 0.516561 0.722924
vt 0.516575 0.724909
vt 0.551947 0.722923
vt 0.551934 0.724908
vt 0.587307 0.722922
vt 0.587321 0.724907
vt 0.940549 0.159708
vt 0.940549 0.122150
vt 0.941704 0.122150
vt 0.941704 0.159708
vt 0.735817 0.637952
vt 0.735817 0.673271
vt 0.734842 0.673271
vt 0.734842 0.637952
vt 0.940549 0.084591
vt 0.941704 0.084591
vt 0.735817 0.602909
vt 0.734842 0.602909
vt 0.735817 0.567590
vt 0.734842 0.568676
vt 0.940549 0.497731
vt 0.940549 0.460173
vt 0.941704 0.460173
vt 0.941704 0.496577
vt 0.735817 0.954718
vt 0.735817 0.989761
vt 0.734842 0.988683
vt 0.734842 0.954718
vt 0.940549 0.422615
vt 0.941704 0.422615
vt 0.735817 0.919399
vt 0.734842 0.919399
vt 0.940549 0.385057
vt 0.941704 0.385057
vt 0.735817 0.884356
vt 0.734842 0.884356
vt 0.735817 0.849037
vt 0.734842 0.850123
vt 0.940549 0.309940
vt 0.941704 0.309940
vt 0.735817 0.813994
vt 0.734842 0.847960
vt 0.734842 0.813994
vt 0.940549 0.272382
vt 0.941704 0.272382
vt 0.735817 0.778675
vt 0.734842 0.778675
vt 0.940549 0.234824
vt 0.941704 0.234824
vt 0.735817 0.743632
vt 0.734842 0.743632
vt 0.735817 0.708314
vt 0.734842 0.709399
vt 0.734842 0.707236
vt 0.813438 0.882666
vt 0.813438 0.917379
vt 0.811524 0.917379
vt 0.811524 0.882666
vt 0.767729 0.637952
vt 0.767729 0.673271
vt 0.765812 0.673271
vt 0.765812 0.637952
vt 0.813438 0.987079
vt 0.811524 0.987079
vt 0.767729 0.567590
vt 0.765812 0.567590
vt 0.813438 0.568882
vt 0.811524 0.568882
vt 0.767729 0.989761
vt 0.765812 0.989761
vt 0.813438 0.638581
vt 0.811524 0.638581
vt 0.767729 0.919399
vt 0.765812 0.919399
vt 0.813438 0.673568
vt 0.811524 0.673568
vt 0.767729 0.884356
vt 0.765812 0.884356
vt 0.813438 0.708281
vt 0.811524 0.708281
vt 0.813438 0.777980
vt 0.811524 0.777980
vt 0.767729 0.778675
vt 0.765812 0.778675
vt 0.813438 0.847680
vt 0.811524 0.847680
vt 0.767729 0.708314
vt 0.765812 0.708314
vt 0.791788 0.882666
vt 0.791788 0.917379
vt 0.789874 0.917379
vt 0.789874 0.882666
vt 0.746043 0.637952
vt 0.746043 0.673271
vt 0.744126 0.673271
vt 0.744126 0.637952
vt 0.791787 0.987079
vt 0.789874 0.987079
vt 0.746043 0.567590
vt 0.744126 0.567590
vt 0.791788 0.568882
vt 0.789874 0.568882
vt 0.746043 0.989761
vt 0.744126 0.989761
vt 0.791788 0.638581
vt 0.789874 0.638581
vt 0.746043 0.919399
vt 0.744126 0.919399
vt 0.791788 0.673568
vt 0.789874 0.673568
vt 0.746043 0.884356
vt 0.744126 0.884356
vt 0.791787 0.708281
vt 0.789874 0.708281
vt 0.791788 0.777980
vt 0.789874 0.777980
vt 0.746043 0.778675
vt 0.744126 0.778675
vt 0.791788 0.847680
vt 0.789874 0.847680
vt 0.746043 0.708314
vt 0.744126 0.708314
vt 0.962278 0.159708
vt 0.962278 0.122150
vt 0.963433 0.122150
vt 0.963433 0.159708
vt 0.918820 0.122150
vt 0.918820 0.159708
vt 0.917665 0.159708
vt 0.917665 0.122150
vt 0.962278 0.084591
vt 0.963433 0.084591
vt 0.918820 0.084591
vt 0.917665 0.084591
vt 0.962279 0.048188
vt 0.963433 0.047343
vt 0.962278 0.460173
vt 0.963433 0.460173
vt 0.918820 0.460173
vt 0.918820 0.496577
vt 0.917665 0.497422
vt 0.917665 0.460173
vt 0.962278 0.422615
vt 0.963433 0.422615
vt 0.918820 0.422615
vt 0.917665 0.422615
vt 0.962278 0.385057
vt 0.963433 0.385057
vt 0.918820 0.385057
vt 0.917665 0.385057
vt 0.962278 0.309940
vt 0.963433 0.309940
vt 0.918820 0.309940
vt 0.917665 0.309940
vt 0.962278 0.272382
vt 0.963433 0.272382
vt 0.918820 0.272382
vt 0.917665 0.272382
vt 0.962278 0.234824
vt 0.963433 0.234824
vt 0.918820 0.234824
vt 0.917665 0.234824
vt 0.941704 0.497731
vt 0.918820 0.497731
vt 0.821734 0.882666
vt 0.821734 0.917379
vt 0.622682 0.658934
vt 0.821734 0.847680
vt 0.776038 0.637952
vt 0.776038 0.673271
vt 0.339705 0.691425
vt 0.776038 0.708314
vt 0.622678 0.626449
vt 0.821734 0.952365
vt 0.776038 0.602909
vt 0.622673 0.594956
vt 0.821734 0.987079
vt 0.776038 0.567590
vt 0.622681 0.951339
vt 0.821734 0.568882
vt 0.821734 0.603868
vt 0.776038 0.954718
vt 0.776038 0.989761
vt 0.622684 0.918848
vt 0.821734 0.638581
vt 0.776038 0.919399
vt 0.821734 0.673568
vt 0.339709 0.886359
vt 0.776038 0.884356
vt 0.821734 0.708281
vt 0.776038 0.849037
vt 0.821734 0.743267
vt 0.339706 0.821381
vt 0.776038 0.813994
vt 0.821734 0.777980
vt 0.339706 0.788895
vt 0.776038 0.778675
vt 0.622686 0.756404
vt 0.821734 0.812967
vt 0.339705 0.756403
vt 0.776038 0.743632
vt 0.604999 0.707669
vt 0.569625 0.675183
vt 0.534254 0.707672
vt 0.498881 0.675185
vt 0.463509 0.707672
vt 0.428137 0.675184
vt 0.392764 0.707672
vt 0.357392 0.675182
vt 0.392766 0.642696
vt 0.463509 0.642698
vt 0.534252 0.642697
vt 0.604995 0.642693
vt 0.357397 0.610204
vt 0.428139 0.610210
vt 0.498880 0.610211
vt 0.569621 0.610208
vt 0.392771 0.967576
vt 0.463512 0.967574
vt 0.534253 0.967575
vt 0.604994 0.967580
vt 0.357397 0.935091
vt 0.428140 0.935087
vt 0.498882 0.935087
vt 0.569625 0.935089
vt 0.392767 0.902602
vt 0.463511 0.902600
vt 0.534254 0.902600
vt 0.604999 0.902603
vt 0.357393 0.870115
vt 0.428138 0.870113
vt 0.498883 0.870112
vt 0.569628 0.870113
vt 0.392765 0.837626
vt 0.463510 0.837625
vt 0.534255 0.837624
vt 0.605001 0.837625
vt 0.357391 0.805138
vt 0.428137 0.805137
vt 0.498882 0.805136
vt 0.569628 0.805136
vt 0.392764 0.772649
vt 0.463509 0.772649
vt 0.534255 0.772648
vt 0.605001 0.772647
vt 0.357391 0.740160
vt 0.428136 0.740160
vt 0.498882 0.740160
vt 0.569627 0.740159
vt 0.375077 0.691427
vt 0.375077 0.756404
vt 0.410450 0.756405
vt 0.445823 0.756404
vt 0.551941 0.756404
vt 0.587314 0.756403
vt 0.781578 0.882666
vt 0.781578 0.847680
vt 0.781578 0.917379
vt 0.781578 0.952365
vt 0.939394 0.122150
vt 0.939394 0.159708
vt 0.939394 0.084591
vt 0.781578 0.987079
vt 0.939394 0.048188
vt 0.781578 0.603868
vt 0.781578 0.568882
vt 0.939394 0.460173
vt 0.781578 0.638581
vt 0.939394 0.422615
vt 0.781578 0.673568
vt 0.939394 0.385057
vt 0.781578 0.708281
vt 0.781578 0.743267
vt 0.939394 0.309940
vt 0.781578 0.777980
vt 0.939394 0.272382
vt 0.781578 0.812967
vt 0.939394 0.234824
vt 0.902656 0.844025
vt 0.876961 0.829190
vt 0.862126 0.803495
vt 0.862126 0.773825
vt 0.876961 0.748130
vt 0.902656 0.733295
vt 0.932326 0.733295
vt 0.958021 0.748130
vt 0.972856 0.773825
vt 0.972856 0.803495
vt 0.958021 0.829190
vt 0.932326 0.844025
vt 0.045931 0.148712
vt 0.020236 0.133877
vt 0.005401 0.108182
vt 0.005401 0.078512
vt 0.020236 0.052818
vt 0.045931 0.037983
vt 0.075601 0.037983
vt 0.101296 0.052817
vt 0.116131 0.078512
vt 0.116131 0.108182
vt 0.101296 0.133877
vt 0.075601 0.148712
s 1
usemtl crusher
f 3013/3140/1148 3012/3141/1148 3020/3142/1149 3021/3143/1149
f 3009/3144/1150 3008/3145/1150 3013/3140/1148 3014/3146/1148
f 3007/3147/1150 3006/3148/1150 3011/3149/1148 3012/3141/1148
f 2992/3150/1151 2991/3151/1151 3000/3152/1152 3001/3153/1152
f 2990/3154/1151 2989/3155/1151 2998/3156/1152 2999/3157/1152
f 2988/3158/1151 2987/3159/1151 2996/3160/1152 2997/3161/1152
f 2986/3162/1151 2984/3163/1151 2993/3164/1152 2995/3165/1152
f 3084/3166/1153 3085/3167/1154 3086/3168/1155
f 3087/3169/1156 3088/3170/1157 3089/3171/1158
f 3102/3172/1159 3103/3173/1160 3104/3174/1161
f 3105/3175/1162 3106/3176/1163 3107/3177/1164
f 3120/3178/1165 3121/3179/1166 3122/3180/1167
f 3123/3181/1168 3124/3182/1169 3125/3183/1170
f 3126/3184/1171 3127/3185/1172 3128/3186/1173
f 3129/3187/1174 3130/3188/1175 3131/3189/1176
f 3132/3190/1171 3133/3191/1172 3134/3192/1173
f 3135/3193/1174 3136/3194/1175 3137/3195/1176
f 3138/3196/1171 3139/3197/1172 3140/3198/1173
f 3141/3199/1174 3142/3200/1175 3143/3201/1176
f 3144/3202/1171 3145/3203/1172 3146/3204/1173
f 3147/3205/1174 3148/3206/1175 3149/3207/1176
f 3150/3208/1177 3151/3209/1178 3152/3210/1179
f 3153/3211/1180 3154/3212/1181 3155/3213/1182
f 3156/3214/1183 3157/3215/1184 3158/3216/1185
f 3159/3217/1180 3160/3218/1181 3161/3219/1182
f 3162/3220/1183 3163/3221/1184 3164/3222/1185
f 3165/3223/1180 3166/3224/1181 3167/3225/1182
f 3168/3226/1183 3169/3227/1184 3170/3228/1185
f 3171/3229/1180 3172/3230/1181 3173/3231/1182
f 3174/3232/1183 3175/3233/1184 3176/3234/1185
f 3177/3235/1186 3178/3236/1187 3179/3237/1188
f 3180/3238/1189 3181/3239/1190 3182/3240/1191
f 3183/3241/1192 3184/3242/1193 3185/3243/1194
f 3186/3244/1189 3187/3245/1190 3188/3246/1191
f 3189/3247/1192 3190/3248/1195 3191/3249/1194
f 3192/3250/1189 3193/3251/1190 3194/3252/1191
f 3195/3253/1192 3196/3254/1193 3197/3255/1194
f 3198/3256/1189 3199/3257/1190 3200/3258/1191
f 3201/3259/1192 3202/3260/1193 3203/3261/1194
f 3204/3262/1196 3205/3263/1197 3206/3264/1198
f 3207/3265/1199 3208/3266/1200 3209/3267/1201
f 3210/3268/1202 3211/3269/1203 3212/3270/1204
f 3213/3271/1199 3214/3272/1200 3215/3273/1201
f 3216/3274/1202 3217/3275/1203 3218/3276/1204
f 3219/3277/1199 3220/3278/1200 3221/3279/1201
f 3222/3280/1202 3223/3281/1203 3224/3282/1204
f 3225/3283/1199 3226/3284/1200 3227/3285/1201
f 3228/3286/1202 3229/3287/1203 3230/3288/1204
f 3231/3289/1205 3232/3290/1206 3233/3291/1207
f 3234/3292/1208 3235/3293/1209 3236/3294/1210
f 3237/3295/1211 3238/3296/1212 3239/3297/1213
f 3240/3298/1208 3241/3299/1209 3242/3300/1210
f 3243/3301/1211 3244/3302/1212 3245/3303/1213
f 3246/3304/1208 3247/3305/1209 3248/3306/1210
f 3249/3307/1211 3250/3308/1212 3251/3309/1213
f 3252/3310/1214 3253/3311/1209 3254/3312/1210
f 3255/3313/1211 3256/3314/1212 3257/3315/1213
f 3258/3316/1215 3259/3317/1216 3260/3318/1217
f 3261/3319/1218 3262/3320/1219 3263/3321/1220
f 3264/3322/1221 3265/3323/1222 3266/3324/1223
f 3267/3325/1218 3268/3326/1224 3269/3327/1220
f 3270/3328/1221 3271/3329/1222 3272/3330/1223
f 3273/3331/1218 3274/3332/1225 3275/3333/1220
f 3276/3334/1221 3277/3335/1222 3278/3336/1223
f 3279/3337/1218 3280/3338/1226 3281/3339/1227
f 3282/3340/1221 3283/3341/1222 3284/3342/1223
f 3285/3343/1228 3286/3344/1229 3287/3345/1230
f 3288/3346/1231 3289/3347/1232 3290/3348/1233
f 3291/3349/1234 3292/3350/1235 3293/3351/1236
f 3294/3352/1237 3295/3353/1232 3296/3354/1233
f 3297/3355/1234 3298/3356/1235 3299/3357/1238
f 3300/3358/1231 3301/3359/1232 3302/3360/1233
f 3303/3361/1234 3304/3362/1235 3305/3363/1238
f 3306/3364/1231 3307/3365/1232 3308/3366/1233
f 3309/3367/1234 3310/3368/1235 3311/3369/1238
f 3312/3370/1239 3313/3371/1240 3314/3372/1241
f 3315/3373/1242 3316/3374/1243 3317/3375/1244
f 3318/3376/1245 3319/3377/1246 3320/3378/1247
f 3321/3379/1248 3322/3380/1243 3323/3381/1244
f 3324/3382/1245 3325/3383/1246 3326/3384/1247
f 3327/3385/1242 3328/3386/1243 3329/3387/1244
f 3330/3388/1245 3331/3389/1246 3332/3390/1247
f 3333/3391/1242 3334/3392/1243 3335/3393/1244
f 3336/3394/1245 3337/3395/1246 3338/3396/1247
f 3339/3397/1249 3340/3398/1250 3341/3399/1251
f 3342/3400/1252 3343/3401/1253 3344/3402/1254
f 3345/3403/1255 3346/3404/1256 3347/3405/1257
f 3348/3406/1252 3349/3407/1253 3350/3408/1254
f 3351/3409/1255 3352/3410/1256 3353/3411/1257
f 3354/3412/1252 3355/3413/1253 3356/3414/1254
f 3357/3415/1255 3358/3416/1256 3359/3417/1257
f 3360/3418/1252 3361/3419/1253 3362/3420/1254
f 3363/3421/1255 3364/3422/1256 3365/3423/1257
f 3366/3424/1258 3367/3425/1259 3368/3426/1260
f 3369/3427/1261 3370/3428/1262 3371/3429/1263
f 3372/3430/1264 3373/3431/1265 3374/3432/1266
f 3375/3433/1261 3376/3434/1262 3377/3435/1263
f 3378/3436/1264 3379/3437/1265 3380/3438/1267
f 3381/3439/1261 3382/3440/1262 3383/3441/1263
f 3384/3442/1264 3385/3443/1265 3386/3444/1267
f 3387/3445/1261 3388/3446/1262 3389/3447/1268
f 3390/3448/1264 3391/3449/1265 3392/3450/1269
f 3393/3451/1270 3394/3452/1271 3395/3453/1272
f 3396/3454/1273 3397/3455/1274 3398/3456/1275
f 3399/3457/1276 3400/3458/1277 3401/3459/1278
f 3402/3460/1273 3403/3461/1274 3404/3462/1275
f 3405/3463/1276 3406/3464/1277 3407/3465/1278
f 3408/3466/1273 3409/3467/1274 3410/3468/1275
f 3411/3469/1276 3412/3470/1277 3413/3471/1278
f 3414/3472/1279 3415/3473/1274 3416/3474/1275
f 3417/3475/1280 3418/3476/1277 3419/3477/1278
f 3420/3478/1281 3421/3479/1282 3422/3480/1283
f 3423/3481/1284 3424/3482/1285 3425/3483/1286
f 3426/3484/1287 3427/3485/1288 3428/3486/1289
f 3429/3487/1284 3430/3488/1285 3431/3489/1286
f 3432/3490/1287 3433/3491/1288 3434/3492/1289
f 3435/3493/1284 3436/3494/1285 3437/3495/1286
f 3438/3496/1287 3439/3497/1288 3440/3498/1289
f 3441/3499/1284 3442/3500/1285 3443/3501/1286
f 3444/3502/1287 3445/3503/1288 3446/3504/1289
f 3447/3505/1290 3448/3506/1291 3449/3507/1292
f 3450/3508/1293 3451/3509/1294 3452/3510/1295 3453/3511/1296
f 3456/3512/1297 3457/3513/1298 3458/3514/1299
f 3461/3515/1177 3462/3516/1178 3463/3517/1179
f 3466/3518/1297 3467/3519/1298 3468/3520/1299
f 3471/3521/1177 3472/3522/1178 3473/3523/1179
f 3476/3524/1297 3477/3525/1298 3478/3526/1299
f 3479/3527/1300 3480/3528/1301 3481/3529/1302 3482/3530/1303 3483/3531/1304
f 3484/3532/1177 3485/3533/1178 3486/3534/1179
f 3487/3535/1297 3488/3536/1298 3489/3537/1299
f 3490/3538/1305 3491/3539/1306 3492/3540/1307
f 3493/3541/1186 3494/3542/1187 3495/3543/1188
f 3496/3544/1305 3497/3545/1306 3498/3546/1307
f 3499/3547/1186 3500/3548/1187 3501/3549/1188
f 3502/3550/1305 3503/3551/1306 3504/3552/1307
f 3505/3553/1186 3506/3554/1187 3507/3555/1188
f 3508/3556/1305 3509/3557/1308 3510/3558/1307
f 3511/3559/1309 3512/3560/1310 3513/3561/1311
f 3514/3562/1196 3515/3563/1197 3516/3564/1198
f 3517/3565/1309 3518/3566/1310 3519/3567/1311
f 3520/3568/1196 3521/3569/1197 3522/3570/1312
f 3523/3571/1309 3524/3572/1310 3525/3573/1311
f 3526/3574/1196 3527/3575/1197 3528/3576/1312
f 3529/3577/1309 3530/3578/1310 3531/3579/1311
f 3538/3580/1313 3539/3581/1314 3540/3582/1315
f 3543/3583/1205 3544/3584/1316 3545/3585/1207
f 3548/3586/1313 3549/3587/1314 3550/3588/1315
f 3553/3589/1317 3554/3590/1206 3555/3591/1207
f 3558/3592/1313 3559/3593/1314 3560/3594/1315
f 3563/3595/1205 3564/3596/1206 3565/3597/1207
f 3568/3598/1313 3569/3599/1314 3570/3600/1318
f 3571/3601/1319 3572/3602/1320 3573/3603/1321 3574/3604/1322
f 3575/3605/1323 3576/3606/1324 3577/3607/1325 3578/3608/1326 3579/3609/1327
f 3580/3610/1328 3581/3611/1329 3582/3612/1330
f 3583/3613/1331 3584/3614/1332 3585/3615/1333 3586/3616/1334 3587/3617/1335
f 3588/3618/1215 3589/3619/1216 3590/3620/1217
f 3591/3621/1323 3592/3622/1324 3593/3623/1325 3594/3624/1326 3595/3625/1327
f 3596/3626/1328 3597/3627/1329 3598/3628/1330
f 3599/3629/1331 3600/3630/1332 3601/3631/1333 3602/3632/1334 3603/3633/1335
f 3604/3634/1215 3605/3635/1216 3606/3636/1217
f 3607/3637/1323 3608/3638/1324 3609/3639/1325 3610/3640/1326 3611/3641/1327
f 3612/3642/1328 3613/3643/1329 3614/3644/1330
f 3615/3645/1331 3616/3646/1332 3617/3647/1333 3618/3648/1334 3619/3649/1335
f 3620/3650/1215 3621/3651/1216 3622/3652/1217
f 3623/3653/1323 3624/3654/1324 3625/3655/1325 3626/3656/1326 3627/3657/1327
f 3628/3658/1336 3629/3659/1329 3630/3660/1330
f 3631/3661/1337 3632/3662/1338 3633/3663/1339 3634/3664/1340
f 3635/3665/1341 3636/3666/1342 3637/3667/1343 3638/3668/1344 3639/3669/1345
f 3640/3670/1346 3641/3671/1347 3642/3672/1348
f 3643/3673/1349 3644/3674/1350 3645/3675/1351 3646/3676/1352 3647/3677/1353
f 3648/3678/1228 3649/3679/1229 3650/3680/1230
f 3651/3681/1341 3652/3682/1342 3653/3683/1343 3654/3684/1344 3655/3685/1345
f 3656/3686/1346 3657/3687/1347 3658/3688/1348
f 3659/3689/1349 3660/3690/1350 3661/3691/1351 3662/3692/1352 3663/3693/1353
f 3664/3694/1228 3665/3695/1229 3666/3696/1230
f 3667/3697/1341 3668/3698/1342 3669/3699/1343 3670/3700/1344 3671/3701/1345
f 3672/3702/1346 3673/3703/1347 3674/3704/1348
f 3675/3705/1349 3676/3706/1350 3677/3707/1351 3678/3708/1352 3679/3709/1353
f 3680/3710/1228 3681/3711/1229 3682/3712/1230
f 3683/3713/1341 3684/3714/1342 3685/3715/1343 3686/3716/1344 3687/3717/1345
f 3688/3718/1354 3689/3719/1347 3690/3720/1348
f 3691/3721/1355 3692/3722/1356 3693/3723/1357 3694/3724/1358
f 3695/3725/1359 3696/3726/1360 3697/3727/1361 3698/3728/1362 3699/3729/1363
f 3700/3730/1364 3701/3731/1365 3702/3732/1366
f 3705/3733/1367 3706/3734/1240 3707/3735/1241
f 3710/3736/1364 3711/3737/1365 3712/3738/1366
f 3713/3739/1368 3714/3740/1369 3715/3741/1370 3716/3742/1371 3717/3743/1372
f 3718/3744/1239 3719/3745/1240 3720/3746/1241
f 3721/3747/1359 3722/3748/1360 3723/3749/1361 3724/3750/1362 3725/3751/1363
f 3726/3752/1364 3727/3753/1365 3728/3754/1366
f 3729/3755/1368 3730/3756/1369 3731/3757/1370 3732/3758/1371 3733/3759/1372
f 3734/3760/1239 3735/3761/1240 3736/3762/1373
f 3737/3763/1359 3738/3764/1374 3739/3765/1361 3740/3766/1362 3741/3767/1363
f 3742/3768/1364 3743/3769/1365 3744/3770/1366
f 3751/3771/1375 3752/3772/1376 3753/3773/1377
f 3756/3774/1378 3757/3775/1379 3758/3776/1251
f 3761/3777/1375 3762/3778/1380 3763/3779/1377
f 3766/3780/1381 3767/3781/1379 3768/3782/1251
f 3771/3783/1375 3772/3784/1380 3773/3785/1377
f 3776/3786/1378 3777/3787/1250 3778/3788/1251
f 3781/3789/1375 3782/3790/1376 3783/3791/1377
f 3784/3792/1382 3785/3793/1383 3786/3794/1384 3787/3795/1385
f 3788/3796/1386 3789/3797/1387 3790/3798/1388 3791/3799/1389 3792/3800/1390
f 3793/3801/1391 3794/3802/1392 3795/3803/1393
f 3796/3804/1394 3797/3805/1395 3798/3806/1396 3799/3807/1397 3800/3808/1398
f 3801/3809/1399 3802/3810/1259 3803/3811/1260
f 3804/3812/1391 3805/3813/1392 3806/3814/1393
f 3807/3815/1258 3808/3816/1259 3809/3817/1260
f 3810/3818/1391 3811/3819/1392 3812/3820/1400
f 3813/3821/1258 3814/3822/1259 3815/3823/1260
f 3816/3824/1386 3817/3825/1387 3818/3826/1388 3819/3827/1389 3820/3828/1390
f 3821/3829/1391 3822/3830/1392 3823/3831/1400
f 3824/3832/1401 3825/3833/1402 3826/3834/1403 3827/3835/1404
f 3828/3836/1405 3829/3837/1406 3830/3838/1407 3831/3839/1408 3832/3840/1409
f 3833/3841/1410 3834/3842/1411 3835/3843/1412
f 3836/3844/1413 3837/3845/1414 3838/3846/1415 3839/3847/1416 3840/3848/1417
f 3841/3849/1270 3842/3850/1271 3843/3851/1272
f 3844/3852/1410 3845/3853/1411 3846/3854/1412
f 3847/3855/1270 3848/3856/1271 3849/3857/1272
f 3850/3858/1410 3851/3859/1411 3852/3860/1412
f 3853/3861/1270 3854/3862/1271 3855/3863/1272
f 3856/3864/1405 3857/3865/1406 3858/3866/1407 3859/3867/1408 3860/3868/1409
f 3861/3869/1410 3862/3870/1411 3863/3871/1412
f 3864/3872/1418 3865/3873/1419 3866/3874/1420
f 3867/3875/1281 3868/3876/1282 3869/3877/1421
f 3870/3878/1418 3871/3879/1419 3872/3880/1420
f 3873/3881/1281 3874/3882/1282 3875/3883/1421
f 3876/3884/1418 3877/3885/1419 3878/3886/1420
f 3879/3887/1281 3880/3888/1422 3881/3889/1421
f 3882/3890/1423 3883/3891/1419 3884/3892/1420
f 3891/3893/1424 3892/3894/1425 3893/3895/1426
f 3896/3896/1290 3897/3897/1291 3898/3898/1292
f 3901/3899/1427 3902/3900/1425 3903/3901/1426
f 3906/3902/1290 3907/3903/1428 3908/3904/1292
f 3911/3905/1427 3912/3906/1425 3913/3907/1426
f 3916/3908/1290 3917/3909/1291 3918/3910/1429
f 3921/3911/1427 3922/3912/1425 3923/3913/1426
f 3924/3914/1430 3925/3915/1431 3926/3916/1432
f 3927/3917/1433 3928/3918/1434 3929/3919/1435
f 3930/3920/1430 3931/3921/1431 3932/3922/1432
f 3933/3923/1433 3934/3924/1434 3935/3925/1435
f 3936/3926/1430 3937/3927/1431 3938/3928/1432
f 3939/3929/1433 3940/3930/1434 3941/3931/1435
f 3942/3932/1430 3943/3933/1431 3944/3934/1432
f 3945/3935/1433 3946/3936/1434 3947/3937/1435
f 3948/3938/1436 3949/3939/1437 3950/3940/1438
f 3951/3941/1439 3952/3942/1440 3953/3943/1441
f 3954/3944/1436 3955/3945/1437 3956/3946/1438
f 3957/3947/1439 3958/3948/1440 3959/3949/1441
f 3960/3950/1436 3961/3951/1437 3962/3952/1438
f 3963/3953/1439 3964/3954/1440 3965/3955/1441
f 3966/3956/1436 3967/3957/1437 3968/3958/1438
f 3969/3959/1439 3970/3960/1440 3971/3961/1441
f 3972/3962/1442 3973/3963/1443 3974/3964/1444
f 3975/3965/1445 3976/3966/1446 3977/3967/1447
f 3978/3968/1448 3979/3969/1449 3980/3970/1444
f 3981/3971/1445 3982/3972/1446 3983/3973/1447
f 3984/3974/1442 3985/3975/1449 3986/3976/1444
f 3987/3977/1445 3988/3978/1446 3989/3979/1447
f 3990/3980/1442 3991/3981/1443 3992/3982/1444
f 3993/3983/1445 3994/3984/1446 3995/3985/1447
f 3996/3986/1450 3997/3987/1451 3998/3988/1452
f 3999/3989/1453 4000/3990/1454 4001/3991/1455
f 4002/3992/1450 4003/3993/1451 4004/3994/1452
f 4005/3995/1453 4006/3996/1454 4007/3997/1455
f 4008/3998/1450 4009/3999/1451 4010/4000/1452
f 4011/4001/1453 4012/4002/1454 4013/4003/1455
f 4014/4004/1450 4015/4005/1451 4016/4006/1452
f 4017/4007/1453 4018/4008/1454 4019/4009/1455
f 4020/4010/1456 4021/4011/1457 4022/4012/1458
f 4023/4013/1459 4024/4014/1460 4025/4015/1461
f 4026/4016/1456 4027/4017/1457 4028/4018/1458
f 4029/4019/1459 4030/4020/1460 4031/4021/1461
f 4032/4022/1456 4033/4023/1457 4034/4024/1458
f 4035/4025/1459 4036/4026/1460 4037/4027/1462
f 4038/4028/1456 4039/4029/1457 4040/4030/1458
f 4041/4031/1459 4042/4032/1463 4043/4033/1461
f 4044/4034/1464 4045/4035/1465 4046/4036/1466
f 4047/4037/1467 4048/4038/1468 4049/4039/1469
f 4050/4040/1464 4051/4041/1465 4052/4042/1466
f 4053/4043/1467 4054/4044/1468 4055/4045/1469
f 4056/4046/1464 4057/4047/1465 4058/4048/1466
f 4059/4049/1467 4060/4050/1468 4061/4051/1469
f 4062/4052/1470 4063/4053/1465 4064/4054/1471
f 4065/4055/1467 4066/4056/1468 4067/4057/1469
f 4068/4058/1472 4069/4059/1473 4070/4060/1474
f 4071/4061/1475 4072/4062/1476 4073/4063/1477
f 4074/4064/1472 4075/4065/1478 4076/4066/1474
f 4077/4067/1479 4078/4068/1476 4079/4069/1477
f 4080/4070/1480 4081/4071/1473 4082/4072/1474
f 4083/4073/1479 4084/4074/1476 4085/4075/1477
f 4086/4076/1472 4087/4077/1473 4088/4078/1474
f 4089/4079/1479 4090/4080/1476 4091/4081/1477
f 4092/4082/1481 4093/4083/1482 4094/4084/1483
f 4095/4085/1484 4096/4086/1485 4097/4087/1486
f 4098/4088/1487 4099/4089/1482 4100/4090/1488
f 4101/4091/1484 4102/4092/1485 4103/4093/1486
f 4104/4094/1481 4105/4095/1482 4106/4096/1483
f 4107/4097/1484 4108/4098/1485 4109/4099/1486
f 4110/4100/1487 4111/4101/1482 4112/4102/1483
f 4113/4103/1484 4114/4104/1485 4115/4105/1486
f 4116/4106/1489 4117/4107/1490 4118/4108/1491
f 4119/4109/1492 4120/4110/1493 4121/4111/1494
f 4122/4112/1489 4123/4113/1490 4124/4114/1491
f 4125/4115/1492 4126/4116/1493 4127/4117/1494
f 4128/4118/1489 4129/4119/1490 4130/4120/1495
f 4131/4121/1492 4132/4122/1493 4133/4123/1494
f 4134/4124/1489 4135/4125/1490 4136/4126/1495
f 4137/4127/1492 4138/4128/1493 4139/4129/1494
f 4140/4130/1496 4141/4131/1497 4142/4132/1498
f 4143/4133/1499 4144/4134/1500 4145/4135/1501
f 4146/4136/1502 4147/4137/1497 4148/4138/1498
f 4149/4139/1499 4150/4140/1500 4151/4141/1501
f 4152/4142/1502 4153/4143/1497 4154/4144/1498
f 4155/4145/1499 4156/4146/1500 4157/4147/1501
f 4158/4148/1496 4159/4149/1497 4160/4150/1498
f 4161/4151/1499 4162/4152/1500 4163/4153/1501
f 4164/4154/1503 4165/4155/1504 4166/4156/1505
f 4167/4157/1506 4168/4158/1507 4169/4159/1508
f 4170/4160/1503 4171/4161/1504 4172/4162/1505
f 4173/4163/1506 4174/4164/1507 4175/4165/1508
f 4176/4166/1503 4177/4167/1504 4178/4168/1505
f 4179/4169/1506 4180/4170/1507 4181/4171/1508
f 4182/4172/1503 4183/4173/1504 4184/4174/1505
f 4185/4175/1506 4186/4176/1507 4187/4177/1508
f 4188/4178/1509 4189/4179/1510 4190/4180/1511
f 4191/4181/1512 4192/4182/1513 4193/4183/1514
f 4194/4184/1509 4195/4185/1510 4196/4186/1511
f 4197/4187/1512 4198/4188/1513 4199/4189/1514
f 4200/4190/1509 4201/4191/1510 4202/4192/1511
f 4203/4193/1512 4204/4194/1513 4205/4195/1514
f 4206/4196/1509 4207/4197/1510 4208/4198/1511
f 4209/4199/1512 4210/4200/1513 4211/4201/1514
f 4212/4202/1515 4213/4203/1516 4214/4204/1517
f 4215/4205/1518 4216/4206/1519 4217/4207/1520
f 4218/4208/1515 4219/4209/1516 4220/4210/1517
f 4221/4211/1518 4222/4212/1519 4223/4213/1520
f 4224/4214/1515 4225/4215/1516 4226/4216/1517
f 4227/4217/1518 4228/4218/1519 4229/4219/1520
f 4230/4220/1515 4231/4221/1516 4232/4222/1517
f 4233/4223/1518 4234/4224/1519 4235/4225/1520
f 4236/4226/1521 4237/4227/1522 4238/4228/1523
f 4239/4229/1524 4240/4230/1525 4241/4231/1526
f 4242/4232/1521 4243/4233/1522 4244/4234/1523
f 4245/4235/1527 4246/4236/1525 4247/4237/1526
f 4248/4238/1521 4249/4239/1522 4250/4240/1523
f 4251/4241/1527 4252/4242/1525 4253/4243/1526
f 4254/4244/1521 4255/4245/1522 4256/4246/1523
f 4257/4247/1527 4258/4248/1525 4259/4249/1526
f 4260/4250/1528 4261/4251/1529 4262/4252/1530
f 4263/4253/1531 4264/4254/1532 4265/4255/1533
f 4266/4256/1528 4267/4257/1529 4268/4258/1530
f 4269/4259/1531 4270/4260/1532 4271/4261/1533
f 4272/4262/1528 4273/4263/1529 4274/4264/1530
f 4275/4265/1531 4276/4266/1532 4277/4267/1533
f 4278/4268/1528 4279/4269/1529 4280/4270/1530
f 4281/4271/1531 4282/4272/1532 4283/4273/1533
f 4284/4274/1534 4285/4275/1535 4286/4276/1536
f 4287/4277/1537 4288/4278/1538 4289/4279/1539
f 4290/4280/1534 4291/4281/1535 4292/4282/1536
f 4293/4283/1537 4294/4284/1538 4295/4285/1539
f 4296/4286/1534 4297/4287/1535 4298/4288/1536
f 4299/4289/1537 4300/4290/1538 4301/4291/1539
f 4302/4292/1534 4303/4293/1535 4304/4294/1536
f 4305/4295/1537 4306/4296/1538 4307/4297/1539
f 4308/4298/1540 4309/4299/1541 4310/4300/1542
f 4311/4301/1543 4312/4302/1544 4313/4303/1545
f 4314/4304/1540 4315/4305/1546 4316/4306/1542
f 4317/4307/1543 4318/4308/1544 4319/4309/1545
f 4320/4310/1540 4321/4311/1541 4322/4312/1542
f 4323/4313/1543 4324/4314/1544 4325/4315/1547
f 4326/4316/1540 4327/4317/1541 4328/4318/1542
f 4329/4319/1543 4330/4320/1544 4331/4321/1547
f 4332/4322/1548 4333/4323/1549 4334/4324/1550
f 4335/4325/1551 4336/4326/1552 4337/4327/1553
f 4338/4328/1548 4339/4329/1549 4340/4330/1550
f 4341/4331/1551 4342/4332/1552 4343/4333/1553
f 4344/4334/1548 4345/4335/1549 4346/4336/1550
f 4347/4337/1551 4348/4338/1552 4349/4339/1553
f 4350/4340/1548 4351/4341/1549 4352/4342/1550
f 4353/4343/1551 4354/4344/1552 4355/4345/1553
f 4356/4346/1554 4357/4347/1555 4358/4348/1556
f 4359/4349/1557 4360/4350/1558 4361/4351/1559
f 4362/4352/1554 4363/4353/1555 4364/4354/1556
f 4365/4355/1557 4366/4356/1558 4367/4357/1559
f 4368/4358/1554 4369/4359/1555 4370/4360/1556
f 4371/4361/1557 4372/4362/1558 4373/4363/1559
f 4374/4364/1554 4375/4365/1555 4376/4366/1556
f 4377/4367/1557 4378/4368/1558 4379/4369/1559
f 4380/4370/1560 4381/4371/1561 4382/4372/1562
f 4383/4373/1563 4384/4374/1564 4385/4375/1565
f 4386/4376/1560 4387/4377/1561 4388/4378/1562
f 4389/4379/1563 4390/4380/1564 4391/4381/1565
f 4392/4382/1560 4393/4383/1561 4394/4384/1562
f 4395/4385/1563 4396/4386/1564 4397/4387/1565
f 4398/4388/1560 4399/4389/1561 4400/4390/1562
f 4401/4391/1563 4402/4392/1564 4403/4393/1565
f 4404/4394/1566 4405/4395/1567 4406/4396/1568
f 4407/4397/1569 4408/4398/1570 4409/4399/1571
f 4410/4400/1566 4411/4401/1567 4412/4402/1568
f 4413/4403/1569 4414/4404/1570 4415/4405/1571
f 4416/4406/1566 4417/4407/1567 4418/4408/1568
f 4419/4409/1569 4420/4410/1570 4421/4411/1571
f 4422/4412/1566 4423/4413/1567 4424/4414/1568
f 4425/4415/1569 4426/4416/1570 4427/4417/1571
f 4428/4418/1572 4429/4419/1573 4430/4420/1574
f 4431/4421/1575 4432/4422/1576 4433/4423/1577
f 4434/4424/1572 4435/4425/1573 4436/4426/1574
f 4437/4427/1575 4438/4428/1576 4439/4429/1577
f 4440/4430/1572 4441/4431/1573 4442/4432/1574
f 4443/4433/1575 4444/4434/1576 4445/4435/1577
f 4446/4436/1572 4447/4437/1573 4448/4438/1574
f 4449/4439/1575 4450/4440/1576 4451/4441/1577
f 4452/4442/1578 4453/4443/1579 4454/4444/1580
f 4455/4445/1581 4456/4446/1582 4457/4447/1583
f 4458/4448/1578 4459/4449/1579 4460/4450/1580
f 4461/4451/1584 4462/4452/1582 4463/4453/1583
f 4464/4454/1578 4465/4455/1579 4466/4456/1580
f 4467/4457/1584 4468/4458/1582 4469/4459/1583
f 4470/4460/1578 4471/4461/1579 4472/4462/1580
f 4473/4463/1584 4474/4464/1582 4475/4465/1583
f 4476/4466/1585 4477/4467/1586 4478/4468/1587
f 4479/4469/1588 4480/4470/1589 4481/4471/1590
f 4482/4472/1585 4483/4473/1586 4484/4474/1587
f 4485/4475/1588 4486/4476/1589 4487/4477/1590
f 4488/4478/1585 4489/4479/1586 4490/4480/1587
f 4491/4481/1588 4492/4482/1589 4493/4483/1590
f 4494/4484/1585 4495/4485/1586 4496/4486/1587
f 4497/4487/1588 4498/4488/1589 4499/4489/1590
f 4500/4490/1591 4501/4491/1592 4502/4492/1593
f 4503/4493/1594 4504/4494/1595 4505/4495/1596
f 4506/4496/1597 4507/4497/1598 4508/4498/1599
f 4509/4499/1600 4510/4500/1601 4511/4501/1602
f 4512/4502/1591 4513/4503/1592 4514/4504/1593
f 4515/4505/1594 4516/4506/1595 4517/4507/1596
f 4518/4508/1597 4519/4509/1598 4520/4510/1599
f 4521/4511/1600 4522/4512/1601 4523/4513/1602
f 4524/4514/1591 4525/4515/1592 4526/4516/1593
f 4527/4517/1594 4528/4518/1595 4529/4519/1596
f 4530/4520/1597 4531/4521/1598 4532/4522/1599
f 4533/4523/1600 4534/4524/1601 4535/4525/1602
f 4536/4526/1591 4537/4527/1592 4538/4528/1593
f 4539/4529/1594 4540/4530/1595 4541/4531/1596
f 4542/4532/1597 4543/4533/1598 4544/4534/1599
f 4545/4535/1600 4546/4536/1601 4547/4537/1602
f 4548/4538/1603 4549/4539/1604 4550/4540/1605
f 4551/4541/1606 4552/4542/1607 4553/4543/1608
f 4554/4544/1609 4555/4545/1610 4556/4546/1611
f 4557/4547/1612 4558/4548/1613 4559/4549/1614
f 4560/4550/1603 4561/4551/1604 4562/4552/1605
f 4563/4553/1606 4564/4554/1607 4565/4555/1608
f 4566/4556/1609 4567/4557/1610 4568/4558/1611
f 4569/4559/1612 4570/4560/1613 4571/4561/1614
f 4572/4562/1603 4573/4563/1604 4574/4564/1605
f 4575/4565/1606 4576/4566/1607 4577/4567/1608
f 4578/4568/1609 4579/4569/1610 4580/4570/1611
f 4581/4571/1612 4582/4572/1613 4583/4573/1614
f 4584/4574/1603 4585/4575/1604 4586/4576/1605
f 4587/4577/1606 4588/4578/1607 4589/4579/1608
f 4590/4580/1609 4591/4581/1610 4592/4582/1611
f 4593/4583/1612 4594/4584/1613 4595/4585/1614
f 4596/4586/1615 4597/4587/1616 4598/4588/1617
f 4599/4589/1618 4600/4590/1619 4601/4591/1620
f 4602/4592/1621 4603/4593/1622 4604/4594/1623
f 4605/4595/1624 4606/4596/1625 4607/4597/1626
f 4608/4598/1615 4609/4599/1616 4610/4600/1617
f 4611/4601/1618 4612/4602/1619 4613/4603/1620
f 4614/4604/1621 4615/4605/1622 4616/4606/1623
f 4617/4607/1624 4618/4608/1625 4619/4609/1626
f 4620/4610/1615 4621/4611/1616 4622/4612/1617
f 4623/4613/1618 4624/4614/1619 4625/4615/1620
f 4626/4616/1621 4627/4617/1622 4628/4618/1623
f 4629/4619/1624 4630/4620/1625 4631/4621/1626
f 4632/4622/1615 4633/4623/1616 4634/4624/1617
f 4635/4625/1618 4636/4626/1619 4637/4627/1620
f 4638/4628/1621 4639/4629/1622 4640/4630/1623
f 4641/4631/1624 4642/4632/1625 4643/4633/1626
f 4644/4634/1627 4645/4635/1628 4646/4636/1629
f 4647/4637/1630 4648/4638/1631 4649/4639/1632
f 4650/4640/1633 4651/4641/1634 4652/4642/1635
f 4653/4643/1636 4654/4644/1637 4655/4645/1638
f 4656/4646/1627 4657/4647/1628 4658/4648/1629
f 4659/4649/1630 4660/4650/1631 4661/4651/1639
f 4662/4652/1633 4663/4653/1634 4664/4654/1635
f 4665/4655/1636 4666/4656/1637 4667/4657/1638
f 4668/4658/1627 4669/4659/1628 4670/4660/1629
f 4671/4661/1630 4672/4662/1631 4673/4663/1640
f 4674/4664/1633 4675/4665/1634 4676/4666/1635
f 4677/4667/1636 4678/4668/1637 4679/4669/1638
f 4680/4670/1627 4681/4671/1628 4682/4672/1629
f 4683/4673/1630 4684/4674/1631 4685/4675/1632
f 4686/4676/1633 4687/4677/1634 4688/4678/1635
f 4689/4679/1636 4690/4680/1641 4691/4681/1638
f 4692/4682/1642 4693/4683/1643 4694/4684/1644
f 4695/4685/1645 4696/4686/1646 4697/4687/1647
f 4698/4688/1648 4699/4689/1649 4700/4690/1650
f 4701/4691/1651 4702/4692/1652 4703/4693/1653
f 4704/4694/1642 4705/4695/1643 4706/4696/1644
f 4707/4697/1645 4708/4698/1646 4709/4699/1647
f 4710/4700/1648 4711/4701/1649 4712/4702/1650
f 4713/4703/1651 4714/4704/1652 4715/4705/1653
f 4716/4706/1642 4717/4707/1643 4718/4708/1644
f 4719/4709/1645 4720/4710/1646 4721/4711/1647
f 4722/4712/1648 4723/4713/1649 4724/4714/1650
f 4725/4715/1651 4726/4716/1652 4727/4717/1653
f 4728/4718/1642 4729/4719/1643 4730/4720/1644
f 4731/4721/1645 4732/4722/1654 4733/4723/1647
f 4734/4724/1648 4735/4725/1649 4736/4726/1650
f 4737/4727/1651 4738/4728/1652 4739/4729/1653
f 4740/4730/1655 4741/4731/1656 4742/4732/1657
f 4743/4733/1658 4744/4734/1659 4745/4735/1660
f 4746/4736/1661 4747/4737/1662 4748/4738/1663
f 4749/4739/1664 4750/4740/1665 4751/4741/1666
f 4752/4742/1655 4753/4743/1656 4754/4744/1657
f 4755/4745/1658 4756/4746/1659 4757/4747/1660
f 4758/4748/1667 4759/4749/1662 4760/4750/1663
f 4761/4751/1664 4762/4752/1665 4763/4753/1666
f 4764/4754/1655 4765/4755/1656 4766/4756/1657
f 4767/4757/1658 4768/4758/1659 4769/4759/1660
f 4770/4760/1667 4771/4761/1662 4772/4762/1663
f 4773/4763/1664 4774/4764/1665 4775/4765/1666
f 4776/4766/1655 4777/4767/1656 4778/4768/1657
f 4779/4769/1658 4780/4770/1659 4781/4771/1660
f 4782/4772/1667 4783/4773/1662 4784/4774/1663
f 4785/4775/1664 4786/4776/1665 4787/4777/1666
f 4788/4778/1668 4789/4779/1669 4790/4780/1670
f 4791/4781/1671 4792/4782/1672 4793/4783/1673
f 4794/4784/1674 4795/4785/1675 4796/4786/1676
f 4797/4787/1677 4798/4788/1678 4799/4789/1679
f 4800/4790/1668 4801/4791/1669 4802/4792/1670
f 4803/4793/1671 4804/4794/1680 4805/4795/1673
f 4806/4796/1674 4807/4797/1675 4808/4798/1676
f 4809/4799/1677 4810/4800/1678 4811/4801/1681
f 4812/4802/1668 4813/4803/1669 4814/4804/1670
f 4815/4805/1671 4816/4806/1680 4817/4807/1673
f 4818/4808/1674 4819/4809/1675 4820/4810/1676
f 4821/4811/1677 4822/4812/1678 4823/4813/1681
f 4824/4814/1668 4825/4815/1669 4826/4816/1670
f 4827/4817/1671 4828/4818/1680 4829/4819/1673
f 4830/4820/1674 4831/4821/1675 4832/4822/1676
f 4833/4823/1677 4834/4824/1678 4835/4825/1679
f 4836/4826/1682 4837/4827/1683 4838/4828/1684
f 4839/4829/1685 4840/4830/1686 4841/4831/1687
f 4842/4832/1688 4843/4833/1689 4844/4834/1690
f 4845/4835/1691 4846/4836/1692 4847/4837/1693
f 4848/4838/1694 4849/4839/1695 4850/4840/1684
f 4851/4841/1685 4852/4842/1686 4853/4843/1687
f 4854/4844/1688 4855/4845/1689 4856/4846/1690
f 4857/4847/1691 4858/4848/1692 4859/4849/1693
f 4860/4850/1694 4861/4851/1683 4862/4852/1684
f 4863/4853/1685 4864/4854/1686 4865/4855/1687
f 4866/4856/1688 4867/4857/1689 4868/4858/1690
f 4869/4859/1691 4870/4860/1692 4871/4861/1693
f 4872/4862/1682 4873/4863/1695 4874/4864/1684
f 4875/4865/1685 4876/4866/1686 4877/4867/1687
f 4878/4868/1688 4879/4869/1689 4880/4870/1690
f 4881/4871/1691 4882/4872/1692 4883/4873/1693
f 4884/4874/1696 4885/4875/1697 4886/4876/1698
f 4887/4877/1699 4888/4878/1700 4889/4879/1701
f 4890/4880/1702 4891/4881/1703 4892/4882/1704
f 4893/4883/1705 4894/4884/1706 4895/4885/1707
f 4896/4886/1708 4897/4887/1697 4898/4888/1698
f 4899/4889/1699 4900/4890/1700 4901/4891/1701
f 4902/4892/1702 4903/4893/1703 4904/4894/1704
f 4905/4895/1705 4906/4896/1706 4907/4897/1707
f 4908/4898/1696 4909/4899/1697 4910/4900/1709
f 4911/4901/1699 4912/4902/1700 4913/4903/1701
f 4914/4904/1702 4915/4905/1703 4916/4906/1704
f 4917/4907/1705 4918/4908/1706 4919/4909/1707
f 4920/4910/1708 4921/4911/1697 4922/4912/1698
f 4923/4913/1699 4924/4914/1700 4925/4915/1701
f 4926/4916/1702 4927/4917/1703 4928/4918/1704
f 4929/4919/1705 4930/4920/1706 4931/4921/1707
f 4932/4922/1710 4933/4923/1711 4934/4924/1712
f 4935/4925/1713 4936/4926/1714 4937/4927/1715
f 4938/4928/1716 4939/4929/1717 4940/4930/1718
f 4941/4931/1719 4942/4932/1720 4943/4933/1721
f 4944/4934/1710 4945/4935/1711 4946/4936/1712
f 4947/4937/1713 4948/4938/1714 4949/4939/1715
f 4950/4940/1716 4951/4941/1717 4952/4942/1718
f 4953/4943/1719 4954/4944/1720 4955/4945/1722
f 4956/4946/1710 4957/4947/1711 4958/4948/1712
f 4959/4949/1713 4960/4950/1714 4961/4951/1715
f 4962/4952/1716 4963/4953/1717 4964/4954/1718
f 4965/4955/1719 4966/4956/1720 4967/4957/1722
f 4968/4958/1710 4969/4959/1711 4970/4960/1712
f 4971/4961/1713 4972/4962/1714 4973/4963/1715
f 4974/4964/1716 4975/4965/1717 4976/4966/1718
f 4977/4967/1719 4978/4968/1720 4979/4969/1722
f 4980/4970/1723 4981/4971/1724 4982/4972/1725
f 4983/4973/1726 4984/4974/1727 4985/4975/1728
f 4986/4976/1729 4987/4977/1730 4988/4978/1731
f 4989/4979/1732 4990/4980/1733 4991/4981/1734
f 4992/4982/1723 4993/4983/1724 4994/4984/1725
f 4995/4985/1726 4996/4986/1727 4997/4987/1728
f 4998/4988/1729 4999/4989/1735 5000/4990/1731
f 5001/4991/1732 5002/4992/1733 5003/4993/1734
f 5004/4994/1723 5005/4995/1724 5006/4996/1725
f 5007/4997/1726 5008/4998/1727 5009/4999/1728
f 5010/5000/1729 5011/5001/1735 5012/5002/1731
f 5013/5003/1732 5014/5004/1733 5015/5005/1734
f 5016/5006/1723 5017/5007/1724 5018/5008/1725
f 5019/5009/1726 5020/5010/1727 5021/5011/1728
f 5022/5012/1729 5023/5013/1730 5024/5014/1731
f 5025/5015/1732 5026/5016/1733 5027/5017/1734
f 5028/5018/1736 5029/5019/1737 5030/5020/1738
f 5031/5021/1739 5032/5022/1740 5033/5023/1741
f 5034/5024/1742 5035/5025/1743 5036/5026/1744
f 5037/5027/1745 5038/5028/1746 5039/5029/1747
f 5040/5030/1736 5041/5031/1737 5042/5032/1738
f 5043/5033/1739 5044/5034/1740 5045/5035/1741
f 5046/5036/1742 5047/5037/1743 5048/5038/1744
f 5049/5039/1745 5050/5040/1746 5051/5041/1747
f 5052/5042/1736 5053/5043/1737 5054/5044/1738
f 5055/5045/1739 5056/5046/1740 5057/5047/1741
f 5058/5048/1742 5059/5049/1743 5060/5050/1744
f 5061/5051/1745 5062/5052/1746 5063/5053/1747
f 5064/5054/1736 5065/5055/1737 5066/5056/1738
f 5067/5057/1739 5068/5058/1740 5069/5059/1741
f 5070/5060/1748 5071/5061/1743 5072/5062/1744
f 5073/5063/1745 5074/5064/1746 5075/5065/1747
f 5076/5066/1749 5077/5067/1750 5078/5068/1751
f 5079/5069/1752 5080/5070/1753 5081/5071/1754
f 5082/5072/1755 5083/5073/1756 5084/5074/1757
f 5085/5075/1749 5086/5076/1758 5087/5077/1751
f 5088/5078/1752 5089/5079/1753 5090/5080/1754
f 5091/5081/1755 5092/5082/1756 5093/5083/1757
f 5094/5084/1749 5095/5085/1758 5096/5086/1751
f 5097/5087/1759 5098/5088/1753 5099/5089/1754
f 5100/5090/1755 5101/5091/1756 5102/5092/1757
f 5103/5093/1749 5104/5094/1758 5105/5095/1751
f 5106/5096/1752 5107/5097/1753 5108/5098/1754
f 5109/5099/1755 5110/5100/1756 5111/5101/1757
f 5112/5102/1760 5113/5103/1761 5114/5104/1762
f 5115/5105/1763 5116/5106/1764 5117/5107/1765
f 5118/5108/1766 5119/5109/1767 5120/5110/1768
f 5121/5111/1760 5122/5112/1761 5123/5113/1762
f 5124/5114/1763 5125/5115/1764 5126/5116/1765
f 5127/5117/1766 5128/5118/1767 5129/5119/1768
f 5130/5120/1760 5131/5121/1761 5132/5122/1762
f 5133/5123/1763 5134/5124/1764 5135/5125/1765
f 5136/5126/1766 5137/5127/1767 5138/5128/1768
f 5139/5129/1760 5140/5130/1761 5141/5131/1762
f 5142/5132/1763 5143/5133/1764 5144/5134/1765
f 5145/5135/1766 5146/5136/1767 5147/5137/1768
f 5148/5138/1769 5149/5139/1770 5150/5140/1771
f 5151/5141/1772 5152/5142/1773 5153/5143/1774
f 5154/5144/1775 5155/5145/1776 5156/5146/1777
f 5157/5147/1769 5158/5148/1770 5159/5149/1771
f 5160/5150/1772 5161/5151/1773 5162/5152/1774
f 5163/5153/1778 5164/5154/1776 5165/5155/1777
f 5166/5156/1769 5167/5157/1770 5168/5158/1771
f 5169/5159/1772 5170/5160/1773 5171/5161/1774
f 5172/5162/1778 5173/5163/1776 5174/5164/1777
f 5175/5165/1779 5176/5166/1770 5177/5167/1771
f 5178/5168/1780 5179/5169/1773 5180/5170/1774
f 5181/5171/1775 5182/5172/1776 5183/5173/1777
f 5184/5174/1781 5185/5175/1782 5186/5176/1783
f 5187/5177/1784 5188/5178/1785 5189/5179/1786
f 5190/5180/1787 5191/5181/1788 5192/5182/1789
f 5193/5183/1781 5194/5184/1782 5195/5185/1783
f 5196/5186/1784 5197/5187/1790 5198/5188/1786
f 5199/5189/1791 5200/5190/1788 5201/5191/1789
f 5202/5192/1781 5203/5193/1782 5204/5194/1792
f 5205/5195/1784 5206/5196/1785 5207/5197/1786
f 5208/5198/1787 5209/5199/1788 5210/5200/1789
f 5211/5201/1781 5212/5202/1782 5213/5203/1792
f 5214/5204/1784 5215/5205/1790 5216/5206/1786
f 5217/5207/1791 5218/5208/1788 5219/5209/1789
f 5220/5210/1793 5221/5211/1794 5222/5212/1795
f 5223/5213/1796 5224/5214/1797 5225/5215/1798
f 5226/5216/1799 5227/5217/1800 5228/5218/1801
f 5229/5219/1793 5230/5220/1794 5231/5221/1795
f 5232/5222/1796 5233/5223/1797 5234/5224/1798
f 5235/5225/1799 5236/5226/1800 5237/5227/1801
f 5238/5228/1793 5239/5229/1794 5240/5230/1795
f 5241/5231/1796 5242/5232/1797 5243/5233/1798
f 5244/5234/1799 5245/5235/1800 5246/5236/1801
f 5247/5237/1793 5248/5238/1794 5249/5239/1795
f 5250/5240/1796 5251/5241/1797 5252/5242/1798
f 5253/5243/1799 5254/5244/1800 5255/5245/1801
f 5256/5246/1802 5257/5247/1803 5258/5248/1804
f 5259/5249/1805 5260/5250/1806 5261/5251/1807
f 5262/5252/1808 5263/5253/1809 5264/5254/1810
f 5265/5255/1802 5266/5256/1803 5267/5257/1804
f 5268/5258/1805 5269/5259/1806 5270/5260/1807
f 5271/5261/1808 5272/5262/1809 5273/5263/1810
f 5274/5264/1802 5275/5265/1803 5276/5266/1804
f 5277/5267/1805 5278/5268/1806 5279/5269/1807
f 5280/5270/1808 5281/5271/1809 5282/5272/1810
f 5283/5273/1802 5284/5274/1803 5285/5275/1804
f 5286/5276/1811 5287/5277/1806 5288/5278/1807
f 5289/5279/1808 5290/5280/1809 5291/5281/1810
f 5292/5282/1812 5293/5283/1813 5294/5284/1814
f 5295/5285/1815 5296/5286/1816 5297/5287/1817
f 5298/5288/1818 5299/5289/1819 5300/5290/1820
f 5301/5291/1812 5302/5292/1813 5303/5293/1814
f 5304/5294/1815 5305/5295/1816 5306/5296/1817
f 5307/5297/1818 5308/5298/1819 5309/5299/1820
f 5310/5300/1812 5311/5301/1813 5312/5302/1814
f 5313/5303/1815 5314/5304/1816 5315/5305/1817
f 5316/5306/1818 5317/5307/1819 5318/5308/1820
f 5319/5309/1812 5320/5310/1813 5321/5311/1814
f 5322/5312/1815 5323/5313/1816 5324/5314/1817
f 5325/5315/1818 5326/5316/1819 5327/5317/1820
f 5328/5318/1821 5329/5319/1822 5330/5320/1823
f 5331/5321/1824 5332/5322/1825 5333/5323/1826
f 5334/5324/1827 5335/5325/1828 5336/5326/1829
f 5337/5327/1821 5338/5328/1822 5339/5329/1823
f 5340/5330/1824 5341/5331/1825 5342/5332/1826
f 5343/5333/1827 5344/5334/1828 5345/5335/1829
f 5346/5336/1821 5347/5337/1822 5348/5338/1823
f 5349/5339/1824 5350/5340/1825 5351/5341/1826
f 5352/5342/1827 5353/5343/1828 5354/5344/1829
f 5355/5345/1821 5356/5346/1822 5357/5347/1823
f 5358/5348/1824 5359/5349/1825 5360/5350/1826
f 5361/5351/1827 5362/5352/1828 5363/5353/1829
f 5364/5354/1830 5365/5355/1831 5366/5356/1832
f 5367/5357/1833 5368/5358/1834 5369/5359/1835
f 5370/5360/1836 5371/5361/1837 5372/5362/1838
f 5373/5363/1830 5374/5364/1831 5375/5365/1832
f 5376/5366/1833 5377/5367/1834 5378/5368/1835
f 5379/5369/1836 5380/5370/1837 5381/5371/1838
f 5382/5372/1830 5383/5373/1831 5384/5374/1832
f 5385/5375/1833 5386/5376/1834 5387/5377/1835
f 5388/5378/1836 5389/5379/1837 5390/5380/1838
f 5391/5381/1830 5392/5382/1831 5393/5383/1832
f 5394/5384/1833 5395/5385/1834 5396/5386/1835
f 5397/5387/1836 5398/5388/1837 5399/5389/1838
f 5400/5390/1839 5401/5391/1840 5402/5392/1841
f 5403/5393/1842 5404/5394/1843 5405/5395/1844
f 5406/5396/1845 5407/5397/1846 5408/5398/1847
f 5409/5399/1839 5410/5400/1840 5411/5401/1841
f 5412/5402/1842 5413/5403/1843 5414/5404/1844
f 5415/5405/1848 5416/5406/1846 5417/5407/1847
f 5418/5408/1839 5419/5409/1840 5420/5410/1841
f 5421/5411/1842 5422/5412/1843 5423/5413/1844
f 5424/5414/1848 5425/5415/1846 5426/5416/1847
f 5427/5417/1839 5428/5418/1840 5429/5419/1841
f 5430/5420/1842 5431/5421/1843 5432/5422/1844
f 5433/5423/1848 5434/5424/1846 5435/5425/1847
f 5436/5426/1849 5437/5427/1850 5438/5428/1851
f 5439/5429/1852 5440/5430/1853 5441/5431/1854
f 5442/5432/1855 5443/5433/1856 5444/5434/1857
f 5445/5435/1849 5446/5436/1850 5447/5437/1851
f 5448/5438/1852 5449/5439/1853 5450/5440/1854
f 5451/5441/1855 5452/5442/1856 5453/5443/1857
f 5454/5444/1849 5455/5445/1850 5456/5446/1851
f 5457/5447/1852 5458/5448/1853 5459/5449/1854
f 5460/5450/1855 5461/5451/1856 5462/5452/1857
f 5463/5453/1849 5464/5454/1850 5465/5455/1851
f 5466/5456/1852 5467/5457/1853 5468/5458/1854
f 5469/5459/1855 5470/5460/1856 5471/5461/1857
f 5472/5462/1858 5473/5463/1859 5474/5464/1860
f 5475/5465/1861 5476/5466/1862 5477/5467/1863
f 5478/5468/1864 5479/5469/1865 5480/5470/1866
f 5481/5471/1858 5482/5472/1859 5483/5473/1860
f 5484/5474/1861 5485/5475/1862 5486/5476/1863
f 5487/5477/1864 5488/5478/1865 5489/5479/1866
f 5490/5480/1858 5491/5481/1859 5492/5482/1860
f 5493/5483/1861 5494/5484/1862 5495/5485/1863
f 5496/5486/1864 5497/5487/1865 5498/5488/1866
f 5499/5489/1858 5500/5490/1859 5501/5491/1860
f 5502/5492/1861 5503/5493/1862 5504/5494/1863
f 5505/5495/1864 5506/5496/1865 5507/5497/1866
f 5508/5498/1867 5509/5499/1868 5510/5500/1869
f 5511/5501/1867 5512/5502/1868 5513/5503/1869
f 5514/5504/1867 5515/5505/1868 5516/5506/1869
f 5517/5507/1867 5518/5508/1868 5519/5509/1869
f 5520/5510/1870 5521/5511/1871 5522/5512/1872
f 5523/5513/1870 5524/5514/1871 5525/5515/1872
f 5526/5516/1870 5527/5517/1871 5528/5518/1872
f 5529/5519/1870 5530/5520/1871 5531/5521/1873
f 5532/5522/1874 5533/5523/1875 5534/5524/1876
f 5535/5525/1874 5536/5526/1875 5537/5527/1876
f 5538/5528/1874 5539/5529/1875 5540/5530/1876
f 5541/5531/1874 5542/5532/1875 5543/5533/1876
f 5544/5534/1877 5545/5535/1878 5546/5536/1879
f 5547/5537/1877 5548/5538/1878 5549/5539/1879
f 5550/5540/1877 5551/5541/1878 5552/5542/1879
f 5553/5543/1877 5554/5544/1878 5555/5545/1879
f 5556/5546/1880 5557/5547/1881 5558/5548/1882
f 5559/5549/1880 5560/5550/1881 5561/5551/1882
f 5562/5552/1880 5563/5553/1881 5564/5554/1882
f 5565/5555/1880 5566/5556/1881 5567/5557/1882
f 5568/5558/1883 5569/5559/1884 5570/5560/1885
f 5571/5561/1883 5572/5562/1884 5573/5563/1885
f 5574/5564/1883 5575/5565/1884 5576/5566/1885
f 5577/5567/1883 5578/5568/1884 5579/5569/1885
f 5580/5570/1886 5581/5571/1887 5582/5572/1888
f 5583/5573/1886 5584/5574/1887 5585/5575/1888
f 5586/5576/1886 5587/5577/1887 5588/5578/1889
f 5589/5579/1886 5590/5580/1887 5591/5581/1888
f 5592/5582/1890 5593/5583/1891 5594/5584/1892
f 5595/5585/1890 5596/5586/1891 5597/5587/1892
f 5598/5588/1890 5599/5589/1891 5600/5590/1892
f 5601/5591/1890 5602/5592/1891 5603/5593/1892
f 5604/5594/1893 5605/5595/1894 5606/5596/1895
f 5607/5597/1893 5608/5598/1894 5609/5599/1895
f 5610/5600/1893 5611/5601/1894 5612/5602/1895
f 5613/5603/1893 5614/5604/1894 5615/5605/1895
f 5616/5606/1896 5617/5607/1897 5618/5608/1898
f 5619/5609/1896 5620/5610/1897 5621/5611/1898
f 5622/5612/1896 5623/5613/1897 5624/5614/1898
f 5625/5615/1896 5626/5616/1897 5627/5617/1898
f 5628/5618/1899 5629/5619/1900 5630/5620/1901
f 5631/5621/1899 5632/5622/1900 5633/5623/1901
f 5634/5624/1899 5635/5625/1900 5636/5626/1901
f 5637/5627/1899 5638/5628/1900 5639/5629/1901
f 5640/5630/1902 5641/5631/1903 5642/5632/1904
f 5643/5633/1902 5644/5634/1903 5645/5635/1904
f 5646/5636/1902 5647/5637/1903 5648/5638/1904
f 5649/5639/1902 5650/5640/1903 5651/5641/1904
f 5664/5642/1158 5665/5643/1156 5666/5644/1157
f 5667/5645/1153 5668/5646/1154 5669/5647/1155
f 5682/5648/1164 5683/5649/1162 5684/5650/1163
f 5685/5651/1159 5686/5652/1160 5687/5653/1161
f 5700/5654/1170 5701/5655/1168 5702/5656/1169
f 5703/5657/1165 5704/5658/1166 5705/5659/1167
f 5714/5660/1905 5715/5661/1906 5716/5662/1907
f 5717/5663/1908 5718/5664/1909 5719/5665/1910
f 5724/5666/1911 5725/5667/1912 5726/5668/1913
f 5727/5669/1914 5728/5670/1915 5729/5671/1916
f 5740/5672/1917 5741/5673/1918 5742/5674/1919
f 5743/5675/1920 5744/5676/1921 5745/5677/1922
f 5746/5678/1923 5747/5679/1924 5748/5680/1925
f 5753/5681/1926 5754/5682/1927 5755/5683/1928
f 5756/5684/1929 5757/5685/1930 5758/5686/1931
f 5771/5687/1908 5772/5688/1909 5773/5689/1910
f 5774/5690/1905 5775/5691/1906 5776/5692/1907
f 5781/5693/1914 5782/5694/1915 5783/5695/1916
f 5784/5696/1911 5785/5697/1912 5786/5698/1913
f 5797/5699/1932 5798/5700/1933 5799/5701/1934
f 5800/5702/1923 5801/5703/1924 5802/5704/1925
f 5803/5705/1921 5804/5706/1922 5805/5707/1920
f 5810/5708/1929 5811/5709/1930 5812/5710/1931
f 5813/5711/1928 5814/5712/1926 5815/5713/1927
f 5832/5714/1935 5833/5715/1936 5834/5716/1937
f 5835/5717/1938 5836/5718/1939 5837/5719/1940
f 5850/5720/1917 5851/5721/1918 5852/5722/1919
f 5853/5723/1934 5854/5724/1932 5855/5725/1933
f 5868/5726/1941 5869/5727/1942 5870/5728/1943
f 5871/5729/1944 5872/5730/1945 5873/5731/1946
f 3073/5732/1947 3076/5733/1948 3077/5734/1948 3072/5735/1947
f 3079/5736/1949 3074/5737/1950 3075/5738/1950 3078/5739/1949
f 3076/5733/1948 3080/5740/1951 3081/5741/1951 3077/5734/1948
f 3083/5742/1952 3079/5736/1949 3078/5739/1949 3082/5743/1952
f 3080/5740/1951 3084/3166/1153 3086/3168/1155 3081/5741/1951
f 3089/5744/1158 3083/5742/1952 3082/5743/1952 3087/5745/1156
f 3535/5746/1953 3085/5747/1953 3084/5748/1954 3534/5749/1954
f 3085/5747/1154 3090/5750/1955 3091/5751/1955 3086/5752/1155
f 3093/5753/1956 3088/3170/1157 3087/3169/1156 3092/5754/1956
f 3090/5750/1955 3094/5755/1957 3095/5756/1957 3091/5751/1955
f 3097/5757/1958 3093/5753/1956 3092/5754/1956 3096/5758/1958
f 3094/5755/1957 3098/5759/1959 3099/5760/1959 3095/5756/1957
f 3101/5761/1960 3097/5757/1958 3096/5758/1958 3100/5762/1960
f 3098/5759/1959 3102/3172/1159 3104/3174/1161 3099/5760/1959
f 3107/3177/1164 3101/5761/1960 3100/5762/1960 3105/3175/1162
f 3748/5763/1961 3103/3173/1961 3102/3172/1962 3747/5764/1962
f 3103/3173/1160 3108/5765/1963 3109/5766/1963 3104/3174/1161
f 3111/5767/1964 3106/3176/1163 3105/3175/1162 3110/5768/1964
f 3108/5765/1963 3112/5769/1965 3113/5770/1965 3109/5766/1963
f 3115/5771/1966 3111/5767/1964 3110/5768/1964 3114/5772/1966
f 3112/5769/1965 3116/5773/1967 3117/5774/1967 3113/5770/1965
f 3119/5775/1968 3115/5771/1966 3114/5772/1966 3118/5776/1968
f 3116/5773/1967 3120/3178/1165 3122/3180/1167 3117/5774/1967
f 3125/3183/1170 3119/5775/1968 3118/5776/1968 3123/3181/1168
f 3888/5777/1969 3121/3179/1969 3120/3178/1970 3887/5778/1970
f 3121/3179/1166 3073/5732/1947 3072/5735/1947 3122/3180/1167
f 3074/5737/1950 3124/3182/1169 3123/3181/1168 3075/5738/1950
f 3450/3508/1293 3454/5779/1971 3455/5780/1972 3451/3509/1294
f 3454/5779/1971 3459/5781/1971 3460/5782/1972 3455/5780/1972
f 3459/5781/1971 3464/5783/1971 3465/5784/1972 3460/5782/1972
f 3464/5783/1971 3469/5785/1971 3470/5786/1972 3465/5784/1972
f 3469/5785/1971 3474/5787/1971 3475/5788/1972 3470/5786/1972
f 3474/5787/1971 3480/3528/1301 3479/3527/1300 3475/5788/1972
f 3088/3170/1953 3532/5789/1953 3533/5790/1954 3089/3171/1954
f 3532/5791/1953 3536/5792/1953 3537/5793/1954 3533/5794/1954
f 3536/5795/1953 3541/5796/1953 3542/5797/1954 3537/5798/1954
f 3541/5799/1953 3546/5800/1953 3547/5801/1954 3542/5802/1954
f 3546/5803/1953 3551/5804/1953 3552/5805/1954 3547/5806/1954
f 3551/5807/1953 3556/5808/1953 3557/5809/1954 3552/5810/1954
f 3556/5811/1953 3561/5812/1953 3562/5813/1954 3557/5814/1954
f 3561/5815/1953 3566/5816/1953 3567/5817/1954 3562/5818/1954
f 3566/5819/1953 3535/5746/1953 3534/5749/1954 3567/5820/1954
f 3571/3601/1319 3576/3606/1324 3575/3605/1323 3572/3602/1320
f 3583/3613/1331 3592/3622/1324 3591/3621/1323 3584/3614/1332
f 3599/3629/1331 3608/3638/1324 3607/3637/1323 3600/3630/1332
f 3615/3645/1331 3624/3654/1324 3623/3653/1323 3616/3646/1332
f 3631/3661/1337 3636/3666/1342 3635/3665/1341 3632/3662/1338
f 3643/3673/1349 3652/3682/1342 3651/3681/1341 3644/3674/1350
f 3659/3689/1349 3668/3698/1342 3667/3697/1341 3660/3690/1350
f 3675/3705/1349 3684/3714/1342 3683/3713/1341 3676/3706/1350
f 3695/3725/1359 3703/5821/1973 3704/5822/1974 3696/3726/1360
f 3703/5821/1973 3708/5823/1973 3709/5824/1974 3704/5822/1974
f 3708/5823/1973 3714/3740/1369 3713/3739/1368 3709/5824/1974
f 3721/3747/1359 3730/3756/1369 3729/3755/1368 3722/3748/1360
f 3737/3763/1359 3692/3722/1356 3691/3721/1355 3738/3764/1374
f 3106/3176/1961 3745/5825/1961 3746/5826/1962 3107/3177/1962
f 3745/5825/1961 3749/5827/1961 3750/5828/1962 3746/5826/1962
f 3749/5827/1961 3754/5829/1961 3755/5830/1962 3750/5828/1962
f 3754/5829/1961 3759/5831/1961 3760/5832/1962 3755/5830/1962
f 3759/5831/1961 3764/5833/1961 3765/5834/1962 3760/5832/1962
f 3764/5833/1961 3769/5835/1961 3770/5836/1962 3765/5834/1962
f 3769/5835/1961 3774/5837/1961 3775/5838/1962 3770/5836/1962
f 3774/5837/1961 3779/5839/1961 3780/5840/1962 3775/5838/1962
f 3779/5839/1961 3748/5763/1961 3747/5764/1962 3780/5840/1962
f 3788/3796/1386 3797/3805/1395 3796/3804/1394 3789/3797/1387
f 3816/3824/1386 3785/3793/1383 3784/3792/1382 3817/3825/1387
f 3828/3836/1405 3837/3845/1414 3836/3844/1413 3829/3837/1406
f 3856/3864/1405 3825/3833/1402 3824/3832/1401 3857/3865/1406
f 3124/3182/1969 3885/5841/1969 3886/5842/1970 3125/3183/1970
f 3885/5841/1969 3889/5843/1969 3890/5844/1970 3886/5842/1970
f 3889/5843/1969 3894/5845/1969 3895/5846/1970 3890/5844/1970
f 3894/5845/1969 3899/5847/1969 3900/5848/1970 3895/5846/1970
f 3899/5847/1969 3904/5849/1969 3905/5850/1970 3900/5848/1970
f 3904/5849/1969 3909/5851/1969 3910/5852/1970 3905/5850/1970
f 3909/5851/1969 3914/5853/1969 3915/5854/1970 3910/5852/1970
f 3914/5853/1969 3919/5855/1969 3920/5856/1970 3915/5854/1970
f 3919/5855/1969 3888/5777/1969 3887/5778/1970 3920/5856/1970
f 4500/4490/1591 4503/4493/1594 4505/4495/1596 4501/4491/1592
f 4508/4498/1599 4510/4500/1601 4509/4499/1600 4506/4496/1597
f 4512/4502/1591 4515/4505/1594 4517/4507/1596 4513/4503/1592
f 4520/4510/1599 4522/4512/1601 4521/4511/1600 4518/4508/1597
f 4524/4514/1591 4527/4517/1594 4529/4519/1596 4525/4515/1592
f 4532/4522/1599 4534/4524/1601 4533/4523/1600 4530/4520/1597
f 4536/4526/1591 4539/4529/1594 4541/4531/1596 4537/4527/1592
f 4544/4534/1599 4546/4536/1601 4545/4535/1600 4542/4532/1597
f 4550/4540/1605 4552/4542/1607 4551/4541/1606 4548/4538/1603
f 4554/4544/1609 4557/4547/1612 4559/4549/1614 4555/4545/1610
f 4562/4552/1605 4564/4554/1607 4563/4553/1606 4560/4550/1603
f 4566/4556/1609 4569/4559/1612 4571/4561/1614 4567/4557/1610
f 4574/4564/1605 4576/4566/1607 4575/4565/1606 4572/4562/1603
f 4578/4568/1609 4581/4571/1612 4583/4573/1614 4579/4569/1610
f 4586/4576/1605 4588/4578/1607 4587/4577/1606 4584/4574/1603
f 4590/4580/1609 4593/4583/1612 4595/4585/1614 4591/4581/1610
f 4596/4586/1615 4599/4589/1618 4601/4591/1620 4597/4587/1616
f 4604/4594/1623 4606/4596/1625 4605/4595/1624 4602/4592/1621
f 4608/4598/1615 4611/4601/1618 4613/4603/1620 4609/4599/1616
f 4616/4606/1623 4618/4608/1625 4617/4607/1624 4614/4604/1621
f 4620/4610/1615 4623/4613/1618 4625/4615/1620 4621/4611/1616
f 4628/4618/1623 4630/4620/1625 4629/4619/1624 4626/4616/1621
f 4632/4622/1615 4635/4625/1618 4637/4627/1620 4633/4623/1616
f 4640/4630/1623 4642/4632/1625 4641/4631/1624 4638/4628/1621
f 4646/4636/1629 4648/4638/1631 4647/4637/1630 4644/4634/1627
f 4650/4640/1633 4653/4643/1636 4655/4645/1638 4651/4641/1634
f 4658/4648/1629 4660/4650/1631 4659/4649/1630 4656/4646/1627
f 4662/4652/1633 4665/4655/1636 4667/4657/1638 4663/4653/1634
f 4670/4660/1629 4672/4662/1631 4671/4661/1630 4668/4658/1627
f 4674/4664/1633 4677/4667/1636 4679/4669/1638 4675/4665/1634
f 4682/4672/1629 4684/4674/1631 4683/4673/1630 4680/4670/1627
f 4686/4676/1633 4689/4679/1636 4691/4681/1638 4687/4677/1634
f 4692/4682/1642 4695/4685/1645 4697/4687/1647 4693/4683/1643
f 4700/4690/1650 4702/4692/1652 4701/4691/1651 4698/4688/1648
f 4704/4694/1642 4707/4697/1645 4709/4699/1647 4705/4695/1643
f 4712/4702/1650 4714/4704/1652 4713/4703/1651 4710/4700/1648
f 4716/4706/1642 4719/4709/1645 4721/4711/1647 4717/4707/1643
f 4724/4714/1650 4726/4716/1652 4725/4715/1651 4722/4712/1648
f 4728/4718/1642 4731/4721/1645 4733/4723/1647 4729/4719/1643
f 4736/4726/1650 4738/4728/1652 4737/4727/1651 4734/4724/1648
f 4742/4732/1657 4744/4734/1659 4743/4733/1658 4740/4730/1655
f 4746/4736/1661 4749/4739/1664 4751/4741/1666 4747/4737/1662
f 4754/4744/1657 4756/4746/1659 4755/4745/1658 4752/4742/1655
f 4758/4748/1667 4761/4751/1664 4763/4753/1666 4759/4749/1662
f 4766/4756/1657 4768/4758/1659 4767/4757/1658 4764/4754/1655
f 4770/4760/1667 4773/4763/1664 4775/4765/1666 4771/4761/1662
f 4778/4768/1657 4780/4770/1659 4779/4769/1658 4776/4766/1655
f 4782/4772/1667 4785/4775/1664 4787/4777/1666 4783/4773/1662
f 4788/4778/1668 4791/4781/1671 4793/4783/1673 4789/4779/1669
f 4796/4786/1676 4798/4788/1678 4797/4787/1677 4794/4784/1674
f 4800/4790/1668 4803/4793/1671 4805/4795/1673 4801/4791/1669
f 4808/4798/1676 4810/4800/1678 4809/4799/1677 4806/4796/1674
f 4812/4802/1668 4815/4805/1671 4817/4807/1673 4813/4803/1669
f 4820/4810/1676 4822/4812/1678 4821/4811/1677 4818/4808/1674
f 4824/4814/1668 4827/4817/1671 4829/4819/1673 4825/4815/1669
f 4832/4822/1676 4834/4824/1678 4833/4823/1677 4830/4820/1674
f 4838/4828/1684 4840/4830/1686 4839/4829/1685 4836/4826/1682
f 4842/4832/1688 4845/4835/1691 4847/4837/1693 4843/4833/1689
f 4850/4840/1684 4852/4842/1686 4851/4841/1685 4848/4838/1694
f 4854/4844/1688 4857/4847/1691 4859/4849/1693 4855/4845/1689
f 4862/4852/1684 4864/4854/1686 4863/4853/1685 4860/4850/1694
f 4866/4856/1688 4869/4859/1691 4871/4861/1693 4867/4857/1689
f 4874/4864/1684 4876/4866/1686 4875/4865/1685 4872/4862/1682
f 4878/4868/1688 4881/4871/1691 4883/4873/1693 4879/4869/1689
f 4884/4874/1696 4887/4877/1699 4889/4879/1701 4885/4875/1697
f 4892/4882/1704 4894/4884/1706 4893/4883/1705 4890/4880/1702
f 4896/4886/1708 4899/4889/1699 4901/4891/1701 4897/4887/1697
f 4904/4894/1704 4906/4896/1706 4905/4895/1705 4902/4892/1702
f 4908/4898/1696 4911/4901/1699 4913/4903/1701 4909/4899/1697
f 4916/4906/1704 4918/4908/1706 4917/4907/1705 4914/4904/1702
f 4920/4910/1708 4923/4913/1699 4925/4915/1701 4921/4911/1697
f 4928/4918/1704 4930/4920/1706 4929/4919/1705 4926/4916/1702
f 4934/4924/1712 4936/4926/1714 4935/4925/1713 4932/4922/1710
f 4938/4928/1716 4941/4931/1719 4943/4933/1721 4939/4929/1717
f 4946/4936/1712 4948/4938/1714 4947/4937/1713 4944/4934/1710
f 4950/4940/1716 4953/4943/1719 4955/4945/1722 4951/4941/1717
f 4958/4948/1712 4960/4950/1714 4959/4949/1713 4956/4946/1710
f 4962/4952/1716 4965/4955/1719 4967/4957/1722 4963/4953/1717
f 4970/4960/1712 4972/4962/1714 4971/4961/1713 4968/4958/1710
f 4974/4964/1716 4977/4967/1719 4979/4969/1722 4975/4965/1717
f 4980/4970/1723 4983/4973/1726 4985/4975/1728 4981/4971/1724
f 4988/4978/1731 4990/4980/1733 4989/4979/1732 4986/4976/1729
f 4992/4982/1723 4995/4985/1726 4997/4987/1728 4993/4983/1724
f 5000/4990/1731 5002/4992/1733 5001/4991/1732 4998/4988/1729
f 5004/4994/1723 5007/4997/1726 5009/4999/1728 5005/4995/1724
f 5012/5002/1731 5014/5004/1733 5013/5003/1732 5010/5000/1729
f 5016/5006/1723 5019/5009/1726 5021/5011/1728 5017/5007/1724
f 5024/5014/1731 5026/5016/1733 5025/5015/1732 5022/5012/1729
f 5030/5020/1738 5032/5022/1740 5031/5021/1739 5028/5018/1736
f 5034/5024/1742 5037/5027/1745 5039/5029/1747 5035/5025/1743
f 5042/5032/1738 5044/5034/1740 5043/5033/1739 5040/5030/1736
f 5046/5036/1742 5049/5039/1745 5051/5041/1747 5047/5037/1743
f 5054/5044/1738 5056/5046/1740 5055/5045/1739 5052/5042/1736
f 5058/5048/1742 5061/5051/1745 5063/5053/1747 5059/5049/1743
f 5066/5056/1738 5068/5058/1740 5067/5057/1739 5064/5054/1736
f 5070/5060/1748 5073/5063/1745 5075/5065/1747 5071/5061/1743
f 5076/5066/1749 5079/5069/1752 5081/5071/1754 5077/5067/1750
f 5084/5074/1757 4505/4495/1596 4504/4494/1595 5082/5072/1755
f 5085/5075/1749 5088/5078/1752 5090/5080/1754 5086/5076/1758
f 5093/5083/1757 4517/4507/1596 4516/4506/1595 5091/5081/1755
f 5094/5084/1749 5097/5087/1759 5099/5089/1754 5095/5085/1758
f 5102/5092/1757 4529/4519/1596 4528/4518/1595 5100/5090/1755
f 5103/5093/1749 5106/5096/1752 5108/5098/1754 5104/5094/1758
f 5111/5101/1757 4541/4531/1596 4540/4530/1595 5109/5099/1755
f 5112/5102/1760 5069/5059/1741 5068/5058/1740 5113/5103/1761
f 5117/5107/1765 5119/5109/1767 5118/5108/1766 5115/5105/1763
f 5121/5111/1760 5057/5047/1741 5056/5046/1740 5122/5112/1761
f 5126/5116/1765 5128/5118/1767 5127/5117/1766 5124/5114/1763
f 5130/5120/1760 5045/5035/1741 5044/5034/1740 5131/5121/1761
f 5135/5125/1765 5137/5127/1767 5136/5126/1766 5133/5123/1763
f 5139/5129/1760 5033/5023/1741 5032/5022/1740 5140/5130/1761
f 5144/5134/1765 5146/5136/1767 5145/5135/1766 5142/5132/1763
f 5148/5138/1769 5027/5017/1734 5026/5016/1733 5149/5139/1770
f 5153/5143/1774 5155/5145/1776 5154/5144/1775 5151/5141/1772
f 5157/5147/1769 5015/5005/1734 5014/5004/1733 5158/5148/1770
f 5162/5152/1774 5164/5154/1776 5163/5153/1778 5160/5150/1772
f 5166/5156/1769 5003/4993/1734 5002/4992/1733 5167/5157/1770
f 5171/5161/1774 5173/5163/1776 5172/5162/1778 5169/5159/1772
f 5175/5165/1779 4991/4981/1734 4990/4980/1733 5176/5166/1770
f 5180/5170/1774 5182/5172/1776 5181/5171/1775 5178/5168/1780
f 5184/5174/1781 4973/4963/1715 4972/4962/1714 5185/5175/1782
f 5189/5179/1786 5191/5181/1788 5190/5180/1787 5187/5177/1784
f 5193/5183/1781 4961/4951/1715 4960/4950/1714 5194/5184/1782
f 5198/5188/1786 5200/5190/1788 5199/5189/1791 5196/5186/1784
f 5202/5192/1781 4949/4939/1715 4948/4938/1714 5203/5193/1782
f 5207/5197/1786 5209/5199/1788 5208/5198/1787 5205/5195/1784
f 5211/5201/1781 4937/4927/1715 4936/4926/1714 5212/5202/1782
f 5216/5206/1786 5218/5208/1788 5217/5207/1791 5214/5204/1784
f 5220/5210/1793 4931/4921/1707 4930/4920/1706 5221/5211/1794
f 5225/5215/1798 5227/5217/1800 5226/5216/1799 5223/5213/1796
f 5229/5219/1793 4919/4909/1707 4918/4908/1706 5230/5220/1794
f 5234/5224/1798 5236/5226/1800 5235/5225/1799 5232/5222/1796
f 5238/5228/1793 4907/4897/1707 4906/4896/1706 5239/5229/1794
f 5243/5233/1798 5245/5235/1800 5244/5234/1799 5241/5231/1796
f 5247/5237/1793 4895/4885/1707 4894/4884/1706 5248/5238/1794
f 5252/5242/1798 5254/5244/1800 5253/5243/1799 5250/5240/1796
f 5256/5246/1802 4877/4867/1687 4876/4866/1686 5257/5247/1803
f 5261/5251/1807 5263/5253/1809 5262/5252/1808 5259/5249/1805
f 5265/5255/1802 4865/4855/1687 4864/4854/1686 5266/5256/1803
f 5270/5260/1807 5272/5262/1809 5271/5261/1808 5268/5258/1805
f 5274/5264/1802 4853/4843/1687 4852/4842/1686 5275/5265/1803
f 5279/5269/1807 5281/5271/1809 5280/5270/1808 5277/5267/1805
f 5283/5273/1802 4841/4831/1687 4840/4830/1686 5284/5274/1803
f 5288/5278/1807 5290/5280/1809 5289/5279/1808 5286/5276/1811
f 5292/5282/1812 4835/4825/1679 4834/4824/1678 5293/5283/1813
f 5297/5287/1817 5299/5289/1819 5298/5288/1818 5295/5285/1815
f 5301/5291/1812 4823/4813/1681 4822/4812/1678 5302/5292/1813
f 5306/5296/1817 5308/5298/1819 5307/5297/1818 5304/5294/1815
f 5310/5300/1812 4811/4801/1681 4810/4800/1678 5311/5301/1813
f 5315/5305/1817 5317/5307/1819 5316/5306/1818 5313/5303/1815
f 5319/5309/1812 4799/4789/1679 4798/4788/1678 5320/5310/1813
f 5324/5314/1817 5326/5316/1819 5325/5315/1818 5322/5312/1815
f 5328/5318/1821 4781/4771/1660 4780/4770/1659 5329/5319/1822
f 5333/5323/1826 5335/5325/1828 5334/5324/1827 5331/5321/1824
f 5337/5327/1821 4769/4759/1660 4768/4758/1659 5338/5328/1822
f 5342/5332/1826 5344/5334/1828 5343/5333/1827 5340/5330/1824
f 5346/5336/1821 4757/4747/1660 4756/4746/1659 5347/5337/1822
f 5351/5341/1826 5353/5343/1828 5352/5342/1827 5349/5339/1824
f 5355/5345/1821 4745/4735/1660 4744/4734/1659 5356/5346/1822
f 5360/5350/1826 5362/5352/1828 5361/5351/1827 5358/5348/1824
f 5364/5354/1830 4739/4729/1653 4738/4728/1652 5365/5355/1831
f 5369/5359/1835 5371/5361/1837 5370/5360/1836 5367/5357/1833
f 5373/5363/1830 4727/4717/1653 4726/4716/1652 5374/5364/1831
f 5378/5368/1835 5380/5370/1837 5379/5369/1836 5376/5366/1833
f 5382/5372/1830 4715/4705/1653 4714/4704/1652 5383/5373/1831
f 5387/5377/1835 5389/5379/1837 5388/5378/1836 5385/5375/1833
f 5391/5381/1830 4703/4693/1653 4702/4692/1652 5392/5382/1831
f 5396/5386/1835 5398/5388/1837 5397/5387/1836 5394/5384/1833
f 5400/5390/1839 4685/4675/1632 4684/4674/1631 5401/5391/1840
f 5405/5395/1844 5407/5397/1846 5406/5396/1845 5403/5393/1842
f 5409/5399/1839 4673/4663/1640 4672/4662/1631 5410/5400/1840
f 5414/5404/1844 5416/5406/1846 5415/5405/1848 5412/5402/1842
f 5418/5408/1839 4661/4651/1639 4660/4650/1631 5419/5409/1840
f 5423/5413/1844 5425/5415/1846 5424/5414/1848 5421/5411/1842
f 5427/5417/1839 4649/4639/1632 4648/4638/1631 5428/5418/1840
f 5432/5422/1844 5434/5424/1846 5433/5423/1848 5430/5420/1842
f 5436/5426/1849 4643/4633/1626 4642/4632/1625 5437/5427/1850
f 5441/5431/1854 5443/5433/1856 5442/5432/1855 5439/5429/1852
f 5445/5435/1849 4631/4621/1626 4630/4620/1625 5446/5436/1850
f 5450/5440/1854 5452/5442/1856 5451/5441/1855 5448/5438/1852
f 5454/5444/1849 4619/4609/1626 4618/4608/1625 5455/5445/1850
f 5459/5449/1854 5461/5451/1856 5460/5450/1855 5457/5447/1852
f 5463/5453/1849 4607/4597/1626 4606/4596/1625 5464/5454/1850
f 5468/5458/1854 5470/5460/1856 5469/5459/1855 5466/5456/1852
f 5472/5462/1858 4589/4579/1608 4588/4578/1607 5473/5463/1859
f 5477/5467/1863 5479/5469/1865 5478/5468/1864 5475/5465/1861
f 5481/5471/1858 4577/4567/1608 4576/4566/1607 5482/5472/1859
f 5486/5476/1863 5488/5478/1865 5487/5477/1864 5484/5474/1861
f 5490/5480/1858 4565/4555/1608 4564/4554/1607 5491/5481/1859
f 5495/5485/1863 5497/5487/1865 5496/5486/1864 5493/5483/1861
f 5499/5489/1858 4553/4543/1608 4552/4542/1607 5500/5490/1859
f 5504/5494/1863 5506/5496/1865 5505/5495/1864 5502/5492/1861
f 5080/5070/1753 4502/4492/1593 4501/4491/1592 5081/5071/1754
f 5510/5500/1869 4508/4498/1599 4507/4497/1598 5508/5498/1867
f 5089/5079/1753 4514/4504/1593 4513/4503/1592 5090/5080/1754
f 5513/5503/1869 4520/4510/1599 4519/4509/1598 5511/5501/1867
f 5098/5088/1753 4526/4516/1593 4525/4515/1592 5099/5089/1754
f 5516/5506/1869 4532/4522/1599 4531/4521/1598 5514/5504/1867
f 5107/5097/1753 4538/4528/1593 4537/4527/1592 5108/5098/1754
f 5519/5509/1869 4544/4534/1599 4543/4533/1598 5517/5507/1867
f 5506/5496/1865 4550/4540/1605 4549/4539/1604 5507/5497/1866
f 5520/5510/1870 4556/4546/1611 4555/4545/1610 5521/5511/1871
f 5497/5487/1865 4562/4552/1605 4561/4551/1604 5498/5488/1866
f 5523/5513/1870 4568/4558/1611 4567/4557/1610 5524/5514/1871
f 5488/5478/1865 4574/4564/1605 4573/4563/1604 5489/5479/1866
f 5526/5516/1870 4580/4570/1611 4579/4569/1610 5527/5517/1871
f 5479/5469/1865 4586/4576/1605 4585/4575/1604 5480/5470/1866
f 5529/5519/1870 4592/4582/1611 4591/4581/1610 5530/5520/1871
f 5532/5522/1874 4598/4588/1617 4597/4587/1616 5533/5523/1875
f 5470/5460/1856 4604/4594/1623 4603/4593/1622 5471/5461/1857
f 5535/5525/1874 4610/4600/1617 4609/4599/1616 5536/5526/1875
f 5461/5451/1856 4616/4606/1623 4615/4605/1622 5462/5452/1857
f 5538/5528/1874 4622/4612/1617 4621/4611/1616 5539/5529/1875
f 5452/5442/1856 4628/4618/1623 4627/4617/1622 5453/5443/1857
f 5541/5531/1874 4634/4624/1617 4633/4623/1616 5542/5532/1875
f 5443/5433/1856 4640/4630/1623 4639/4629/1622 5444/5434/1857
f 5434/5424/1846 4646/4636/1629 4645/4635/1628 5435/5425/1847
f 5544/5534/1877 4652/4642/1635 4651/4641/1634 5545/5535/1878
f 5425/5415/1846 4658/4648/1629 4657/4647/1628 5426/5416/1847
f 5547/5537/1877 4664/4654/1635 4663/4653/1634 5548/5538/1878
f 5416/5406/1846 4670/4660/1629 4669/4659/1628 5417/5407/1847
f 5550/5540/1877 4676/4666/1635 4675/4665/1634 5551/5541/1878
f 5407/5397/1846 4682/4672/1629 4681/4671/1628 5408/5398/1847
f 5553/5543/1877 4688/4678/1635 4687/4677/1634 5554/5544/1878
f 5556/5546/1880 4694/4684/1644 4693/4683/1643 5557/5547/1881
f 5398/5388/1837 4700/4690/1650 4699/4689/1649 5399/5389/1838
f 5559/5549/1880 4706/4696/1644 4705/4695/1643 5560/5550/1881
f 5389/5379/1837 4712/4702/1650 4711/4701/1649 5390/5380/1838
f 5562/5552/1880 4718/4708/1644 4717/4707/1643 5563/5553/1881
f 5380/5370/1837 4724/4714/1650 4723/4713/1649 5381/5371/1838
f 5565/5555/1880 4730/4720/1644 4729/4719/1643 5566/5556/1881
f 5371/5361/1837 4736/4726/1650 4735/4725/1649 5372/5362/1838
f 5362/5352/1828 4742/4732/1657 4741/4731/1656 5363/5353/1829
f 5568/5558/1883 4748/4738/1663 4747/4737/1662 5569/5559/1884
f 5353/5343/1828 4754/4744/1657 4753/4743/1656 5354/5344/1829
f 5571/5561/1883 4760/4750/1663 4759/4749/1662 5572/5562/1884
f 5344/5334/1828 4766/4756/1657 4765/4755/1656 5345/5335/1829
f 5574/5564/1883 4772/4762/1663 4771/4761/1662 5575/5565/1884
f 5335/5325/1828 4778/4768/1657 4777/4767/1656 5336/5326/1829
f 5577/5567/1883 4784/4774/1663 4783/4773/1662 5578/5568/1884
f 5580/5570/1886 4790/4780/1670 4789/4779/1669 5581/5571/1887
f 5326/5316/1819 4796/4786/1676 4795/4785/1675 5327/5317/1820
f 5583/5573/1886 4802/4792/1670 4801/4791/1669 5584/5574/1887
f 5317/5307/1819 4808/4798/1676 4807/4797/1675 5318/5308/1820
f 5586/5576/1886 4814/4804/1670 4813/4803/1669 5587/5577/1887
f 5308/5298/1819 4820/4810/1676 4819/4809/1675 5309/5299/1820
f 5589/5579/1886 4826/4816/1670 4825/4815/1669 5590/5580/1887
f 5299/5289/1819 4832/4822/1676 4831/4821/1675 5300/5290/1820
f 5290/5280/1809 4838/4828/1684 4837/4827/1683 5291/5281/1810
f 5592/5582/1890 4844/4834/1690 4843/4833/1689 5593/5583/1891
f 5281/5271/1809 4850/4840/1684 4849/4839/1695 5282/5272/1810
f 5595/5585/1890 4856/4846/1690 4855/4845/1689 5596/5586/1891
f 5272/5262/1809 4862/4852/1684 4861/4851/1683 5273/5263/1810
f 5598/5588/1890 4868/4858/1690 4867/4857/1689 5599/5589/1891
f 5263/5253/1809 4874/4864/1684 4873/4863/1695 5264/5254/1810
f 5601/5591/1890 4880/4870/1690 4879/4869/1689 5602/5592/1891
f 5604/5594/1893 4886/4876/1698 4885/4875/1697 5605/5595/1894
f 5254/5244/1800 4892/4882/1704 4891/4881/1703 5255/5245/1801
f 5607/5597/1893 4898/4888/1698 4897/4887/1697 5608/5598/1894
f 5245/5235/1800 4904/4894/1704 4903/4893/1703 5246/5236/1801
f 5610/5600/1893 4910/4900/1709 4909/4899/1697 5611/5601/1894
f 5236/5226/1800 4916/4906/1704 4915/4905/1703 5237/5227/1801
f 5613/5603/1893 4922/4912/1698 4921/4911/1697 5614/5604/1894
f 5227/5217/1800 4928/4918/1704 4927/4917/1703 5228/5218/1801
f 5218/5208/1788 4934/4924/1712 4933/4923/1711 5219/5209/1789
f 5616/5606/1896 4940/4930/1718 4939/4929/1717 5617/5607/1897
f 5209/5199/1788 4946/4936/1712 4945/4935/1711 5210/5200/1789
f 5619/5609/1896 4952/4942/1718 4951/4941/1717 5620/5610/1897
f 5200/5190/1788 4958/4948/1712 4957/4947/1711 5201/5191/1789
f 5622/5612/1896 4964/4954/1718 4963/4953/1717 5623/5613/1897
f 5191/5181/1788 4970/4960/1712 4969/4959/1711 5192/5182/1789
f 5625/5615/1896 4976/4966/1718 4975/4965/1717 5626/5616/1897
f 5628/5618/1899 4982/4972/1725 4981/4971/1724 5629/5619/1900
f 5182/5172/1776 4988/4978/1731 4987/4977/1730 5183/5173/1777
f 5631/5621/1899 4994/4984/1725 4993/4983/1724 5632/5622/1900
f 5173/5163/1776 5000/4990/1731 4999/4989/1735 5174/5164/1777
f 5634/5624/1899 5006/4996/1725 5005/4995/1724 5635/5625/1900
f 5164/5154/1776 5012/5002/1731 5011/5001/1735 5165/5155/1777
f 5637/5627/1899 5018/5008/1725 5017/5007/1724 5638/5628/1900
f 5155/5145/1776 5024/5014/1731 5023/5013/1730 5156/5146/1777
f 5146/5136/1767 5030/5020/1738 5029/5019/1737 5147/5137/1768
f 5640/5630/1902 5036/5026/1744 5035/5025/1743 5641/5631/1903
f 5137/5127/1767 5042/5032/1738 5041/5031/1737 5138/5128/1768
f 5643/5633/1902 5048/5038/1744 5047/5037/1743 5644/5634/1903
f 5128/5118/1767 5054/5044/1738 5053/5043/1737 5129/5119/1768
f 5646/5636/1902 5060/5050/1744 5059/5049/1743 5647/5637/1903
f 5119/5109/1767 5066/5056/1738 5065/5055/1737 5120/5110/1768
f 5649/5639/1902 5072/5062/1744 5071/5061/1743 5650/5640/1903
f 5074/5064/1746 5078/5068/1751 5077/5067/1750 5075/5065/1747
f 5650/5640/1903 5084/5074/1757 5083/5073/1756 5651/5641/1904
f 5062/5052/1746 5087/5077/1751 5086/5076/1758 5063/5053/1747
f 5647/5637/1903 5093/5083/1757 5092/5082/1756 5648/5638/1904
f 5050/5040/1746 5096/5086/1751 5095/5085/1758 5051/5041/1747
f 5644/5634/1903 5102/5092/1757 5101/5091/1756 5645/5635/1904
f 5038/5028/1746 5105/5095/1751 5104/5094/1758 5039/5029/1747
f 5641/5631/1903 5111/5101/1757 5110/5100/1756 5642/5632/1904
f 5020/5010/1727 5114/5104/1762 5113/5103/1761 5021/5011/1728
f 5638/5628/1900 5117/5107/1765 5116/5106/1764 5639/5629/1901
f 5008/4998/1727 5123/5113/1762 5122/5112/1761 5009/4999/1728
f 5635/5625/1900 5126/5116/1765 5125/5115/1764 5636/5626/1901
f 4996/4986/1727 5132/5122/1762 5131/5121/1761 4997/4987/1728
f 5632/5622/1900 5135/5125/1765 5134/5124/1764 5633/5623/1901
f 4984/4974/1727 5141/5131/1762 5140/5130/1761 4985/4975/1728
f 5629/5619/1900 5144/5134/1765 5143/5133/1764 5630/5620/1901
f 4978/4968/1720 5150/5140/1771 5149/5139/1770 4979/4969/1722
f 5626/5616/1897 5153/5143/1774 5152/5142/1773 5627/5617/1898
f 4966/4956/1720 5159/5149/1771 5158/5148/1770 4967/4957/1722
f 5623/5613/1897 5162/5152/1774 5161/5151/1773 5624/5614/1898
f 4954/4944/1720 5168/5158/1771 5167/5157/1770 4955/4945/1722
f 5620/5610/1897 5171/5161/1774 5170/5160/1773 5621/5611/1898
f 4942/4932/1720 5177/5167/1771 5176/5166/1770 4943/4933/1721
f 5617/5607/1897 5180/5170/1774 5179/5169/1773 5618/5608/1898
f 4924/4914/1700 5186/5176/1783 5185/5175/1782 4925/4915/1701
f 5614/5604/1894 5189/5179/1786 5188/5178/1785 5615/5605/1895
f 4912/4902/1700 5195/5185/1783 5194/5184/1782 4913/4903/1701
f 5611/5601/1894 5198/5188/1786 5197/5187/1790 5612/5602/1895
f 4900/4890/1700 5204/5194/1792 5203/5193/1782 4901/4891/1701
f 5608/5598/1894 5207/5197/1786 5206/5196/1785 5609/5599/1895
f 4888/4878/1700 5213/5203/1792 5212/5202/1782 4889/4879/1701
f 5605/5595/1894 5216/5206/1786 5215/5205/1790 5606/5596/1895
f 4882/4872/1692 5222/5212/1795 5221/5211/1794 4883/4873/1693
f 5602/5592/1891 5225/5215/1798 5224/5214/1797 5603/5593/1892
f 4870/4860/1692 5231/5221/1795 5230/5220/1794 4871/4861/1693
f 5599/5589/1891 5234/5224/1798 5233/5223/1797 5600/5590/1892
f 4858/4848/1692 5240/5230/1795 5239/5229/1794 4859/4849/1693
f 5596/5586/1891 5243/5233/1798 5242/5232/1797 5597/5587/1892
f 4846/4836/1692 5249/5239/1795 5248/5238/1794 4847/4837/1693
f 5593/5583/1891 5252/5242/1798 5251/5241/1797 5594/5584/1892
f 4828/4818/1680 5258/5248/1804 5257/5247/1803 4829/4819/1673
f 5590/5580/1887 5261/5251/1807 5260/5250/1806 5591/5581/1888
f 4816/4806/1680 5267/5257/1804 5266/5256/1803 4817/4807/1673
f 5587/5577/1887 5270/5260/1807 5269/5259/1806 5588/5578/1889
f 4804/4794/1680 5276/5266/1804 5275/5265/1803 4805/4795/1673
f 5584/5574/1887 5279/5269/1807 5278/5268/1806 5585/5575/1888
f 4792/4782/1672 5285/5275/1804 5284/5274/1803 4793/4783/1673
f 5581/5571/1887 5288/5278/1807 5287/5277/1806 5582/5572/1888
f 4786/4776/1665 5294/5284/1814 5293/5283/1813 4787/4777/1666
f 5578/5568/1884 5297/5287/1817 5296/5286/1816 5579/5569/1885
f 4774/4764/1665 5303/5293/1814 5302/5292/1813 4775/4765/1666
f 5575/5565/1884 5306/5296/1817 5305/5295/1816 5576/5566/1885
f 4762/4752/1665 5312/5302/1814 5311/5301/1813 4763/4753/1666
f 5572/5562/1884 5315/5305/1817 5314/5304/1816 5573/5563/1885
f 4750/4740/1665 5321/5311/1814 5320/5310/1813 4751/4741/1666
f 5569/5559/1884 5324/5314/1817 5323/5313/1816 5570/5560/1885
f 4732/4722/1654 5330/5320/1823 5329/5319/1822 4733/4723/1647
f 5566/5556/1881 5333/5323/1826 5332/5322/1825 5567/5557/1882
f 4720/4710/1646 5339/5329/1823 5338/5328/1822 4721/4711/1647
f 5563/5553/1881 5342/5332/1826 5341/5331/1825 5564/5554/1882
f 4708/4698/1646 5348/5338/1823 5347/5337/1822 4709/4699/1647
f 5560/5550/1881 5351/5341/1826 5350/5340/1825 5561/5551/1882
f 4696/4686/1646 5357/5347/1823 5356/5346/1822 4697/4687/1647
f 5557/5547/1881 5360/5350/1826 5359/5349/1825 5558/5548/1882
f 4690/4680/1641 5366/5356/1832 5365/5355/1831 4691/4681/1638
f 5554/5544/1878 5369/5359/1835 5368/5358/1834 5555/5545/1879
f 4678/4668/1637 5375/5365/1832 5374/5364/1831 4679/4669/1638
f 5551/5541/1878 5378/5368/1835 5377/5367/1834 5552/5542/1879
f 4666/4656/1637 5384/5374/1832 5383/5373/1831 4667/4657/1638
f 5548/5538/1878 5387/5377/1835 5386/5376/1834 5549/5539/1879
f 4654/4644/1637 5393/5383/1832 5392/5382/1831 4655/4645/1638
f 5545/5535/1878 5396/5386/1835 5395/5385/1834 5546/5536/1879
f 4636/4626/1619 5402/5392/1841 5401/5391/1840 4637/4627/1620
f 5542/5532/1875 5405/5395/1844 5404/5394/1843 5543/5533/1876
f 4624/4614/1619 5411/5401/1841 5410/5400/1840 4625/4615/1620
f 5539/5529/1875 5414/5404/1844 5413/5403/1843 5540/5530/1876
f 4612/4602/1619 5420/5410/1841 5419/5409/1840 4613/4603/1620
f 5536/5526/1875 5423/5413/1844 5422/5412/1843 5537/5527/1876
f 4600/4590/1619 5429/5419/1841 5428/5418/1840 4601/4591/1620
f 5533/5523/1875 5432/5422/1844 5431/5421/1843 5534/5524/1876
f 4594/4584/1613 5438/5428/1851 5437/5427/1850 4595/4585/1614
f 5530/5520/1871 5441/5431/1854 5440/5430/1853 5531/5521/1873
f 4582/4572/1613 5447/5437/1851 5446/5436/1850 4583/4573/1614
f 5527/5517/1871 5450/5440/1854 5449/5439/1853 5528/5518/1872
f 4570/4560/1613 5456/5446/1851 5455/5445/1850 4571/4561/1614
f 5524/5514/1871 5459/5449/1854 5458/5448/1853 5525/5515/1872
f 4558/4548/1613 5465/5455/1851 5464/5454/1850 4559/4549/1614
f 5521/5511/1871 5468/5458/1854 5467/5457/1853 5522/5512/1872
f 5509/5499/1868 5474/5464/1860 5473/5463/1859 5510/5500/1869
f 4510/4500/1601 5477/5467/1863 5476/5466/1862 4511/4501/1602
f 5512/5502/1868 5483/5473/1860 5482/5472/1859 5513/5503/1869
f 4522/4512/1601 5486/5476/1863 5485/5475/1862 4523/4513/1602
f 5515/5505/1868 5492/5482/1860 5491/5481/1859 5516/5506/1869
f 4534/4524/1601 5495/5485/1863 5494/5484/1862 4535/4525/1602
f 5518/5508/1868 5501/5491/1860 5500/5490/1859 5519/5509/1869
f 4546/4536/1601 5504/5494/1863 5503/5493/1862 4547/4537/1602
f 3926/3916/1432 3457/3513/1298 3456/3512/1297 3924/3914/1430
f 3927/3917/1433 3461/3515/1177 3463/3517/1179 3928/3918/1434
f 3932/3922/1432 3467/3519/1298 3466/3518/1297 3930/3920/1430
f 3933/3923/1433 3471/3521/1177 3473/3523/1179 3934/3924/1434
f 3938/3928/1432 3477/3525/1298 3476/3524/1297 3936/3926/1430
f 3939/3929/1433 3484/3532/1177 3486/3534/1179 3940/3930/1434
f 3944/3934/1432 3488/3536/1298 3487/3535/1297 3942/3932/1430
f 3945/3935/1433 3150/3208/1177 3152/3210/1179 3946/3936/1434
f 3948/3938/1436 3490/3538/1305 3492/3540/1307 3949/3939/1437
f 3953/3943/1441 3494/3542/1187 3493/3541/1186 3951/3941/1439
f 3954/3944/1436 3496/3544/1305 3498/3546/1307 3955/3945/1437
f 3959/3949/1441 3500/3548/1187 3499/3547/1186 3957/3947/1439
f 3960/3950/1436 3502/3550/1305 3504/3552/1307 3961/3951/1437
f 3965/3955/1441 3506/3554/1187 3505/3553/1186 3963/3953/1439
f 3966/3956/1436 3508/3556/1305 3510/3558/1307 3967/3957/1437
f 3971/3961/1441 3178/3236/1187 3177/3235/1186 3969/3959/1439
f 3974/3964/1444 3512/3560/1310 3511/3559/1309 3972/3962/1442
f 3975/3965/1445 3514/3562/1196 3516/3564/1198 3976/3966/1446
f 3980/3970/1444 3518/3566/1310 3517/3565/1309 3978/3968/1448
f 3981/3971/1445 3520/3568/1196 3522/3570/1312 3982/3972/1446
f 3986/3976/1444 3524/3572/1310 3523/3571/1309 3984/3974/1442
f 3987/3977/1445 3526/3574/1196 3528/3576/1312 3988/3978/1446
f 3992/3982/1444 3530/3578/1310 3529/3577/1309 3990/3980/1442
f 3993/3983/1445 3204/3262/1196 3206/3264/1198 3994/3984/1446
f 3996/3986/1450 3538/3580/1313 3540/3582/1315 3997/3987/1451
f 4001/3991/1455 3544/3584/1316 3543/3583/1205 3999/3989/1453
f 4002/3992/1450 3548/3586/1313 3550/3588/1315 4003/3993/1451
f 4007/3997/1455 3554/3590/1206 3553/3589/1317 4005/3995/1453
f 4008/3998/1450 3558/3592/1313 3560/3594/1315 4009/3999/1451
f 4013/4003/1455 3564/3596/1206 3563/3595/1205 4011/4001/1453
f 4014/4004/1450 3568/3598/1313 3570/3600/1318 4015/4005/1451
f 4019/4009/1455 3232/3290/1206 3231/3289/1205 4017/4007/1453
f 4022/4012/1458 3581/3611/1329 3580/3610/1328 4020/4010/1456
f 4023/4013/1459 3588/3618/1215 3590/3620/1217 4024/4014/1460
f 4028/4018/1458 3597/3627/1329 3596/3626/1328 4026/4016/1456
f 4029/4019/1459 3604/3634/1215 3606/3636/1217 4030/4020/1460
f 4034/4024/1458 3613/3643/1329 3612/3642/1328 4032/4022/1456
f 4035/4025/1459 3620/3650/1215 3622/3652/1217 4036/4026/1460
f 4040/4030/1458 3629/3659/1329 3628/3658/1336 4038/4028/1456
f 4041/4031/1459 3258/3316/1215 3260/3318/1217 4042/4032/1463
f 4044/4034/1464 3640/3670/1346 3642/3672/1348 4045/4035/1465
f 4049/4039/1469 3649/3679/1229 3648/3678/1228 4047/4037/1467
f 4050/4040/1464 3656/3686/1346 3658/3688/1348 4051/4041/1465
f 4055/4045/1469 3665/3695/1229 3664/3694/1228 4053/4043/1467
f 4056/4046/1464 3672/3702/1346 3674/3704/1348 4057/4047/1465
f 4061/4051/1469 3681/3711/1229 3680/3710/1228 4059/4049/1467
f 4062/4052/1470 3688/3718/1354 3690/3720/1348 4063/4053/1465
f 4067/4057/1469 3286/3344/1229 3285/3343/1228 4065/4055/1467
f 4070/4060/1474 3701/3731/1365 3700/3730/1364 4068/4058/1472
f 4071/4061/1475 3705/3733/1367 3707/3735/1241 4072/4062/1476
f 4076/4066/1474 3711/3737/1365 3710/3736/1364 4074/4064/1472
f 4077/4067/1479 3718/3744/1239 3720/3746/1241 4078/4068/1476
f 4082/4072/1474 3727/3753/1365 3726/3752/1364 4080/4070/1480
f 4083/4073/1479 3734/3760/1239 3736/3762/1373 4084/4074/1476
f 4088/4078/1474 3743/3769/1365 3742/3768/1364 4086/4076/1472
f 4089/4079/1479 3312/3370/1239 3314/3372/1241 4090/4080/1476
f 4092/4082/1481 3751/3771/1375 3753/3773/1377 4093/4083/1482
f 4097/4087/1486 3757/3775/1379 3756/3774/1378 4095/4085/1484
f 4098/4088/1487 3761/3777/1375 3763/3779/1377 4099/4089/1482
f 4103/4093/1486 3767/3781/1379 3766/3780/1381 4101/4091/1484
f 4104/4094/1481 3771/3783/1375 3773/3785/1377 4105/4095/1482
f 4109/4099/1486 3777/3787/1250 3776/3786/1378 4107/4097/1484
f 4110/4100/1487 3781/3789/1375 3783/3791/1377 4111/4101/1482
f 4115/4105/1486 3340/3398/1250 3339/3397/1249 4113/4103/1484
f 4118/4108/1491 3794/3802/1392 3793/3801/1391 4116/4106/1489
f 4119/4109/1492 3801/3809/1399 3803/3811/1260 4120/4110/1493
f 4124/4114/1491 3805/3813/1392 3804/3812/1391 4122/4112/1489
f 4125/4115/1492 3807/3815/1258 3809/3817/1260 4126/4116/1493
f 4130/4120/1495 3811/3819/1392 3810/3818/1391 4128/4118/1489
f 4131/4121/1492 3813/3821/1258 3815/3823/1260 4132/4122/1493
f 4136/4126/1495 3822/3830/1392 3821/3829/1391 4134/4124/1489
f 4137/4127/1492 3366/3424/1258 3368/3426/1260 4138/4128/1493
f 4140/4130/1496 3833/3841/1410 3835/3843/1412 4141/4131/1497
f 4145/4135/1501 3842/3850/1271 3841/3849/1270 4143/4133/1499
f 4146/4136/1502 3844/3852/1410 3846/3854/1412 4147/4137/1497
f 4151/4141/1501 3848/3856/1271 3847/3855/1270 4149/4139/1499
f 4152/4142/1502 3850/3858/1410 3852/3860/1412 4153/4143/1497
f 4157/4147/1501 3854/3862/1271 3853/3861/1270 4155/4145/1499
f 4158/4148/1496 3861/3869/1410 3863/3871/1412 4159/4149/1497
f 4163/4153/1501 3394/3452/1271 3393/3451/1270 4161/4151/1499
f 4166/4156/1505 3865/3873/1419 3864/3872/1418 4164/4154/1503
f 4167/4157/1506 3867/3875/1281 3869/3877/1421 4168/4158/1507
f 4172/4162/1505 3871/3879/1419 3870/3878/1418 4170/4160/1503
f 4173/4163/1506 3873/3881/1281 3875/3883/1421 4174/4164/1507
f 4178/4168/1505 3877/3885/1419 3876/3884/1418 4176/4166/1503
f 4179/4169/1506 3879/3887/1281 3881/3889/1421 4180/4170/1507
f 4184/4174/1505 3883/3891/1419 3882/3890/1423 4182/4172/1503
f 4185/4175/1506 3420/3478/1281 3422/3480/1283 4186/4176/1507
f 4188/4178/1509 3891/3893/1424 3893/3895/1426 4189/4179/1510
f 4193/4183/1514 3897/3897/1291 3896/3896/1290 4191/4181/1512
f 4194/4184/1509 3901/3899/1427 3903/3901/1426 4195/4185/1510
f 4199/4189/1514 3907/3903/1428 3906/3902/1290 4197/4187/1512
f 4200/4190/1509 3911/3905/1427 3913/3907/1426 4201/4191/1510
f 4205/4195/1514 3917/3909/1291 3916/3908/1290 4203/4193/1512
f 4206/4196/1509 3921/3911/1427 3923/3913/1426 4207/4197/1510
f 4211/4201/1514 3448/3506/1291 3447/3505/1290 4209/4199/1512
f 4214/4204/1517 3127/3185/1172 3126/3184/1171 4212/4202/1515
f 4215/4205/1518 3458/3514/1299 3457/3513/1298 4216/4206/1519
f 4220/4210/1517 3133/3191/1172 3132/3190/1171 4218/4208/1515
f 4221/4211/1518 3468/3520/1299 3467/3519/1298 4222/4212/1519
f 4226/4216/1517 3139/3197/1172 3138/3196/1171 4224/4214/1515
f 4227/4217/1518 3478/3526/1299 3477/3525/1298 4228/4218/1519
f 4232/4222/1517 3145/3203/1172 3144/3202/1171 4230/4220/1515
f 4233/4223/1518 3489/3537/1299 3488/3536/1298 4234/4224/1519
f 4238/4228/1523 3923/3913/1426 3922/3912/1425 4236/4226/1521
f 4239/4229/1524 3441/3499/1284 3443/3501/1286 4240/4230/1525
f 4244/4234/1523 3913/3907/1426 3912/3906/1425 4242/4232/1521
f 4245/4235/1527 3435/3493/1284 3437/3495/1286 4246/4236/1525
f 4250/4240/1523 3903/3901/1426 3902/3900/1425 4248/4238/1521
f 4251/4241/1527 3429/3487/1284 3431/3489/1286 4252/4242/1525
f 4256/4246/1523 3893/3895/1426 3892/3894/1425 4254/4244/1521
f 4257/4247/1527 3423/3481/1284 3425/3483/1286 4258/4248/1525
f 4262/4252/1530 3422/3480/1283 3421/3479/1282 4260/4250/1528
f 4263/4253/1531 3417/3475/1280 3419/3477/1278 4264/4254/1532
f 4268/4258/1530 3881/3889/1421 3880/3888/1422 4266/4256/1528
f 4269/4259/1531 3411/3469/1276 3413/3471/1278 4270/4260/1532
f 4274/4264/1530 3875/3883/1421 3874/3882/1282 4272/4262/1528
f 4275/4265/1531 3405/3463/1276 3407/3465/1278 4276/4266/1532
f 4280/4270/1530 3869/3877/1421 3868/3876/1282 4278/4268/1528
f 4281/4271/1531 3399/3457/1276 3401/3459/1278 4282/4272/1532
f 4286/4276/1536 3863/3871/1412 3862/3870/1411 4284/4274/1534
f 4287/4277/1537 3387/3445/1261 3389/3447/1268 4288/4278/1538
f 4292/4282/1536 3852/3860/1412 3851/3859/1411 4290/4280/1534
f 4293/4283/1537 3381/3439/1261 3383/3441/1263 4294/4284/1538
f 4298/4288/1536 3846/3854/1412 3845/3853/1411 4296/4286/1534
f 4299/4289/1537 3375/3433/1261 3377/3435/1263 4300/4290/1538
f 4304/4294/1536 3835/3843/1412 3834/3842/1411 4302/4292/1534
f 4305/4295/1537 3369/3427/1261 3371/3429/1263 4306/4296/1538
f 4310/4300/1542 3368/3426/1260 3367/3425/1259 4308/4298/1540
f 4311/4301/1543 3363/3421/1255 3365/3423/1257 4312/4302/1544
f 4316/4306/1542 3815/3823/1260 3814/3822/1259 4314/4304/1540
f 4317/4307/1543 3357/3415/1255 3359/3417/1257 4318/4308/1544
f 4322/4312/1542 3809/3817/1260 3808/3816/1259 4320/4310/1540
f 4323/4313/1543 3351/3409/1255 3353/3411/1257 4324/4314/1544
f 4328/4318/1542 3803/3811/1260 3802/3810/1259 4326/4316/1540
f 4329/4319/1543 3345/3403/1255 3347/3405/1257 4330/4320/1544
f 4334/4324/1550 3783/3791/1377 3782/3790/1376 4332/4322/1548
f 4335/4325/1551 3333/3391/1242 3335/3393/1244 4336/4326/1552
f 4340/4330/1550 3773/3785/1377 3772/3784/1380 4338/4328/1548
f 4341/4331/1551 3327/3385/1242 3329/3387/1244 4342/4332/1552
f 4346/4336/1550 3763/3779/1377 3762/3778/1380 4344/4334/1548
f 4347/4337/1551 3321/3379/1248 3323/3381/1244 4348/4338/1552
f 4352/4342/1550 3753/3773/1377 3752/3772/1376 4350/4340/1548
f 4353/4343/1551 3315/3373/1242 3317/3375/1244 4354/4344/1552
f 4358/4348/1556 3314/3372/1241 3313/3371/1240 4356/4346/1554
f 4359/4349/1557 3309/3367/1234 3311/3369/1238 4360/4350/1558
f 4364/4354/1556 3736/3762/1373 3735/3761/1240 4362/4352/1554
f 4365/4355/1557 3303/3361/1234 3305/3363/1238 4366/4356/1558
f 4370/4360/1556 3720/3746/1241 3719/3745/1240 4368/4358/1554
f 4371/4361/1557 3297/3355/1234 3299/3357/1238 4372/4362/1558
f 4376/4366/1556 3707/3735/1241 3706/3734/1240 4374/4364/1554
f 4377/4367/1557 3291/3349/1234 3293/3351/1236 4378/4368/1558
f 4382/4372/1562 3690/3720/1348 3689/3719/1347 4380/4370/1560
f 4383/4373/1563 3279/3337/1218 3281/3339/1227 4384/4374/1564
f 4388/4378/1562 3674/3704/1348 3673/3703/1347 4386/4376/1560
f 4389/4379/1563 3273/3331/1218 3275/3333/1220 4390/4380/1564
f 4394/4384/1562 3658/3688/1348 3657/3687/1347 4392/4382/1560
f 4395/4385/1563 3267/3325/1218 3269/3327/1220 4396/4386/1564
f 4400/4390/1562 3642/3672/1348 3641/3671/1347 4398/4388/1560
f 4401/4391/1563 3261/3319/1218 3263/3321/1220 4402/4392/1564
f 4406/4396/1568 3260/3318/1217 3259/3317/1216 4404/4394/1566
f 4407/4397/1569 3255/3313/1211 3257/3315/1213 4408/4398/1570
f 4412/4402/1568 3622/3652/1217 3621/3651/1216 4410/4400/1566
f 4413/4403/1569 3249/3307/1211 3251/3309/1213 4414/4404/1570
f 4418/4408/1568 3606/3636/1217 3605/3635/1216 4416/4406/1566
f 4419/4409/1569 3243/3301/1211 3245/3303/1213 4420/4410/1570
f 4424/4414/1568 3590/3620/1217 3589/3619/1216 4422/4412/1566
f 4425/4415/1569 3237/3295/1211 3239/3297/1213 4426/4416/1570
f 4430/4420/1574 3570/3600/1318 3569/3599/1314 4428/4418/1572
f 4431/4421/1575 3225/3283/1199 3227/3285/1201 4432/4422/1576
f 4436/4426/1574 3560/3594/1315 3559/3593/1314 4434/4424/1572
f 4437/4427/1575 3219/3277/1199 3221/3279/1201 4438/4428/1576
f 4442/4432/1574 3550/3588/1315 3549/3587/1314 4440/4430/1572
f 4443/4433/1575 3213/3271/1199 3215/3273/1201 4444/4434/1576
f 4448/4438/1574 3540/3582/1315 3539/3581/1314 4446/4436/1572
f 4449/4439/1575 3207/3265/1199 3209/3267/1201 4450/4440/1576
f 4454/4444/1580 3206/3264/1198 3205/3263/1197 4452/4442/1578
f 4455/4445/1581 3201/3259/1192 3203/3261/1194 4456/4446/1582
f 4460/4450/1580 3528/3576/1312 3527/3575/1197 4458/4448/1578
f 4461/4451/1584 3195/3253/1192 3197/3255/1194 4462/4452/1582
f 4466/4456/1580 3522/3570/1312 3521/3569/1197 4464/4454/1578
f 4467/4457/1584 3189/3247/1192 3191/3249/1194 4468/4458/1582
f 4472/4462/1580 3516/3564/1198 3515/3563/1197 4470/4460/1578
f 4473/4463/1584 3183/3241/1192 3185/3243/1194 4474/4464/1582
f 4478/4468/1587 3510/3558/1307 3509/3557/1308 4476/4466/1585
f 4479/4469/1588 3171/3229/1180 3173/3231/1182 4480/4470/1589
f 4484/4474/1587 3504/3552/1307 3503/3551/1306 4482/4472/1585
f 4485/4475/1588 3165/3223/1180 3167/3225/1182 4486/4476/1589
f 4490/4480/1587 3498/3546/1307 3497/3545/1306 4488/4478/1585
f 4491/4481/1588 3159/3217/1180 3161/3219/1182 4492/4482/1589
f 4496/4486/1587 3492/3540/1307 3491/3539/1306 4494/4484/1585
f 4497/4487/1588 3153/3211/1180 3155/3213/1182 4498/4488/1589
f 3127/3185/1172 3926/3916/1432 3925/3915/1431 3128/3186/1173
f 3129/3187/1174 3929/3919/1435 3928/3918/1434 3130/3188/1175
f 3133/3191/1172 3932/3922/1432 3931/3921/1431 3134/3192/1173
f 3135/3193/1174 3935/3925/1435 3934/3924/1434 3136/3194/1175
f 3139/3197/1172 3938/3928/1432 3937/3927/1431 3140/3198/1173
f 3141/3199/1174 3941/3931/1435 3940/3930/1434 3142/3200/1175
f 3145/3203/1172 3944/3934/1432 3943/3933/1431 3146/3204/1173
f 3147/3205/1174 3947/3937/1435 3946/3936/1434 3148/3206/1175
f 3154/3212/1181 3950/3940/1438 3949/3939/1437 3155/3213/1182
f 3158/3216/1185 3953/3943/1441 3952/3942/1440 3156/3214/1183
f 3160/3218/1181 3956/3946/1438 3955/3945/1437 3161/3219/1182
f 3164/3222/1185 3959/3949/1441 3958/3948/1440 3162/3220/1183
f 3166/3224/1181 3962/3952/1438 3961/3951/1437 3167/3225/1182
f 3170/3228/1185 3965/3955/1441 3964/3954/1440 3168/3226/1183
f 3172/3230/1181 3968/3958/1438 3967/3957/1437 3173/3231/1182
f 3176/3234/1185 3971/3961/1441 3970/3960/1440 3174/3232/1183
f 3182/3240/1191 3974/3964/1444 3973/3963/1443 3180/3238/1189
f 3184/3242/1193 3977/3967/1447 3976/3966/1446 3185/3243/1194
f 3188/3246/1191 3980/3970/1444 3979/3969/1449 3186/3244/1189
f 3190/3248/1195 3983/3973/1447 3982/3972/1446 3191/3249/1194
f 3194/3252/1191 3986/3976/1444 3985/3975/1449 3192/3250/1189
f 3196/3254/1193 3989/3979/1447 3988/3978/1446 3197/3255/1194
f 3200/3258/1191 3992/3982/1444 3991/3981/1443 3198/3256/1189
f 3202/3260/1193 3995/3985/1447 3994/3984/1446 3203/3261/1194
f 3208/3266/1200 3998/3988/1452 3997/3987/1451 3209/3267/1201
f 3212/3270/1204 4001/3991/1455 4000/3990/1454 3210/3268/1202
f 3214/3272/1200 4004/3994/1452 4003/3993/1451 3215/3273/1201
f 3218/3276/1204 4007/3997/1455 4006/3996/1454 3216/3274/1202
f 3220/3278/1200 4010/4000/1452 4009/3999/1451 3221/3279/1201
f 3224/3282/1204 4013/4003/1455 4012/4002/1454 3222/3280/1202
f 3226/3284/1200 4016/4006/1452 4015/4005/1451 3227/3285/1201
f 3230/3288/1204 4019/4009/1455 4018/4008/1454 3228/3286/1202
f 3236/3294/1210 4022/4012/1458 4021/4011/1457 3234/3292/1208
f 3238/3296/1212 4025/4015/1461 4024/4014/1460 3239/3297/1213
f 3242/3300/1210 4028/4018/1458 4027/4017/1457 3240/3298/1208
f 3244/3302/1212 4031/4021/1461 4030/4020/1460 3245/3303/1213
f 3248/3306/1210 4034/4024/1458 4033/4023/1457 3246/3304/1208
f 3250/3308/1212 4037/4027/1462 4036/4026/1460 3251/3309/1213
f 3254/3312/1210 4040/4030/1458 4039/4029/1457 3252/3310/1214
f 3256/3314/1212 4043/4033/1461 4042/4032/1463 3257/3315/1213
f 3262/3320/1219 4046/4036/1466 4045/4035/1465 3263/3321/1220
f 3266/3324/1223 4049/4039/1469 4048/4038/1468 3264/3322/1221
f 3268/3326/1224 4052/4042/1466 4051/4041/1465 3269/3327/1220
f 3272/3330/1223 4055/4045/1469 4054/4044/1468 3270/3328/1221
f 3274/3332/1225 4058/4048/1466 4057/4047/1465 3275/3333/1220
f 3278/3336/1223 4061/4051/1469 4060/4050/1468 3276/3334/1221
f 3280/3338/1226 4064/4054/1471 4063/4053/1465 3281/3339/1227
f 3284/3342/1223 4067/4057/1469 4066/4056/1468 3282/3340/1221
f 3290/3348/1233 4070/4060/1474 4069/4059/1473 3288/3346/1231
f 3292/3350/1235 4073/4063/1477 4072/4062/1476 3293/3351/1236
f 3296/3354/1233 4076/4066/1474 4075/4065/1478 3294/3352/1237
f 3298/3356/1235 4079/4069/1477 4078/4068/1476 3299/3357/1238
f 3302/3360/1233 4082/4072/1474 4081/4071/1473 3300/3358/1231
f 3304/3362/1235 4085/4075/1477 4084/4074/1476 3305/3363/1238
f 3308/3366/1233 4088/4078/1474 4087/4077/1473 3306/3364/1231
f 3310/3368/1235 4091/4081/1477 4090/4080/1476 3311/3369/1238
f 3316/3374/1243 4094/4084/1483 4093/4083/1482 3317/3375/1244
f 3320/3378/1247 4097/4087/1486 4096/4086/1485 3318/3376/1245
f 3322/3380/1243 4100/4090/1488 4099/4089/1482 3323/3381/1244
f 3326/3384/1247 4103/4093/1486 4102/4092/1485 3324/3382/1245
f 3328/3386/1243 4106/4096/1483 4105/4095/1482 3329/3387/1244
f 3332/3390/1247 4109/4099/1486 4108/4098/1485 3330/3388/1245
f 3334/3392/1243 4112/4102/1483 4111/4101/1482 3335/3393/1244
f 3338/3396/1247 4115/4105/1486 4114/4104/1485 3336/3394/1245
f 3344/3402/1254 4118/4108/1491 4117/4107/1490 3342/3400/1252
f 3346/3404/1256 4121/4111/1494 4120/4110/1493 3347/3405/1257
f 3350/3408/1254 4124/4114/1491 4123/4113/1490 3348/3406/1252
f 3352/3410/1256 4127/4117/1494 4126/4116/1493 3353/3411/1257
f 3356/3414/1254 4130/4120/1495 4129/4119/1490 3354/3412/1252
f 3358/3416/1256 4133/4123/1494 4132/4122/1493 3359/3417/1257
f 3362/3420/1254 4136/4126/1495 4135/4125/1490 3360/3418/1252
f 3364/3422/1256 4139/4129/1494 4138/4128/1493 3365/3423/1257
f 3370/3428/1262 4142/4132/1498 4141/4131/1497 3371/3429/1263
f 3374/3432/1266 4145/4135/1501 4144/4134/1500 3372/3430/1264
f 3376/3434/1262 4148/4138/1498 4147/4137/1497 3377/3435/1263
f 3380/3438/1267 4151/4141/1501 4150/4140/1500 3378/3436/1264
f 3382/3440/1262 4154/4144/1498 4153/4143/1497 3383/3441/1263
f 3386/3444/1267 4157/4147/1501 4156/4146/1500 3384/3442/1264
f 3388/3446/1262 4160/4150/1498 4159/4149/1497 3389/3447/1268
f 3392/3450/1269 4163/4153/1501 4162/4152/1500 3390/3448/1264
f 3398/3456/1275 4166/4156/1505 4165/4155/1504 3396/3454/1273
f 3400/3458/1277 4169/4159/1508 4168/4158/1507 3401/3459/1278
f 3404/3462/1275 4172/4162/1505 4171/4161/1504 3402/3460/1273
f 3406/3464/1277 4175/4165/1508 4174/4164/1507 3407/3465/1278
f 3410/3468/1275 4178/4168/1505 4177/4167/1504 3408/3466/1273
f 3412/3470/1277 4181/4171/1508 4180/4170/1507 3413/3471/1278
f 3416/3474/1275 4184/4174/1505 4183/4173/1504 3414/3472/1279
f 3418/3476/1277 4187/4177/1508 4186/4176/1507 3419/3477/1278
f 3424/3482/1285 4190/4180/1511 4189/4179/1510 3425/3483/1286
f 3428/3486/1289 4193/4183/1514 4192/4182/1513 3426/3484/1287
f 3430/3488/1285 4196/4186/1511 4195/4185/1510 3431/3489/1286
f 3434/3492/1289 4199/4189/1514 4198/4188/1513 3432/3490/1287
f 3436/3494/1285 4202/4192/1511 4201/4191/1510 3437/3495/1286
f 3440/3498/1289 4205/4195/1514 4204/4194/1513 3438/3496/1287
f 3442/3500/1285 4208/4198/1511 4207/4197/1510 3443/3501/1286
f 3446/3504/1289 4211/4201/1514 4210/4200/1513 3444/3502/1287
f 3448/3506/1291 4214/4204/1517 4213/4203/1516 3449/3507/1292
f 3445/3503/1288 4217/4207/1520 4216/4206/1519 3446/3504/1289
f 3917/3909/1291 4220/4210/1517 4219/4209/1516 3918/3910/1429
f 3439/3497/1288 4223/4213/1520 4222/4212/1519 3440/3498/1289
f 3907/3903/1428 4226/4216/1517 4225/4215/1516 3908/3904/1292
f 3433/3491/1288 4229/4219/1520 4228/4218/1519 3434/3492/1289
f 3897/3897/1291 4232/4222/1517 4231/4221/1516 3898/3898/1292
f 3427/3485/1288 4235/4225/1520 4234/4224/1519 3428/3486/1289
f 3883/3891/1419 4238/4228/1523 4237/4227/1522 3884/3892/1420
f 3415/3473/1274 4241/4231/1526 4240/4230/1525 3416/3474/1275
f 3877/3885/1419 4244/4234/1523 4243/4233/1522 3878/3886/1420
f 3409/3467/1274 4247/4237/1526 4246/4236/1525 3410/3468/1275
f 3871/3879/1419 4250/4240/1523 4249/4239/1522 3872/3880/1420
f 3403/3461/1274 4253/4243/1526 4252/4242/1525 3404/3462/1275
f 3865/3873/1419 4256/4246/1523 4255/4245/1522 3866/3874/1420
f 3397/3455/1274 4259/4249/1526 4258/4248/1525 3398/3456/1275
f 3394/3452/1271 4262/4252/1530 4261/4251/1529 3395/3453/1272
f 3391/3449/1265 4265/4255/1533 4264/4254/1532 3392/3450/1269
f 3854/3862/1271 4268/4258/1530 4267/4257/1529 3855/3863/1272
f 3385/3443/1265 4271/4261/1533 4270/4260/1532 3386/3444/1267
f 3848/3856/1271 4274/4264/1530 4273/4263/1529 3849/3857/1272
f 3379/3437/1265 4277/4267/1533 4276/4266/1532 3380/3438/1267
f 3842/3850/1271 4280/4270/1530 4279/4269/1529 3843/3851/1272
f 3373/3431/1265 4283/4273/1533 4282/4272/1532 3374/3432/1266
f 3822/3830/1392 4286/4276/1536 4285/4275/1535 3823/3831/1400
f 3361/3419/1253 4289/4279/1539 4288/4278/1538 3362/3420/1254
f 3811/3819/1392 4292/4282/1536 4291/4281/1535 3812/3820/1400
f 3355/3413/1253 4295/4285/1539 4294/4284/1538 3356/3414/1254
f 3805/3813/1392 4298/4288/1536 4297/4287/1535 3806/3814/1393
f 3349/3407/1253 4301/4291/1539 4300/4290/1538 3350/3408/1254
f 3794/3802/1392 4304/4294/1536 4303/4293/1535 3795/3803/1393
f 3343/3401/1253 4307/4297/1539 4306/4296/1538 3344/3402/1254
f 3340/3398/1250 4310/4300/1542 4309/4299/1541 3341/3399/1251
f 3337/3395/1246 4313/4303/1545 4312/4302/1544 3338/3396/1247
f 3777/3787/1250 4316/4306/1542 4315/4305/1546 3778/3788/1251
f 3331/3389/1246 4319/4309/1545 4318/4308/1544 3332/3390/1247
f 3767/3781/1379 4322/4312/1542 4321/4311/1541 3768/3782/1251
f 3325/3383/1246 4325/4315/1547 4324/4314/1544 3326/3384/1247
f 3757/3775/1379 4328/4318/1542 4327/4317/1541 3758/3776/1251
f 3319/3377/1246 4331/4321/1547 4330/4320/1544 3320/3378/1247
f 3743/3769/1365 4334/4324/1550 4333/4323/1549 3744/3770/1366
f 3307/3365/1232 4337/4327/1553 4336/4326/1552 3308/3366/1233
f 3727/3753/1365 4340/4330/1550 4339/4329/1549 3728/3754/1366
f 3301/3359/1232 4343/4333/1553 4342/4332/1552 3302/3360/1233
f 3711/3737/1365 4346/4336/1550 4345/4335/1549 3712/3738/1366
f 3295/3353/1232 4349/4339/1553 4348/4338/1552 3296/3354/1233
f 3701/3731/1365 4352/4342/1550 4351/4341/1549 3702/3732/1366
f 3289/3347/1232 4355/4345/1553 4354/4344/1552 3290/3348/1233
f 3286/3344/1229 4358/4348/1556 4357/4347/1555 3287/3345/1230
f 3283/3341/1222 4361/4351/1559 4360/4350/1558 3284/3342/1223
f 3681/3711/1229 4364/4354/1556 4363/4353/1555 3682/3712/1230
f 3277/3335/1222 4367/4357/1559 4366/4356/1558 3278/3336/1223
f 3665/3695/1229 4370/4360/1556 4369/4359/1555 3666/3696/1230
f 3271/3329/1222 4373/4363/1559 4372/4362/1558 3272/3330/1223
f 3649/3679/1229 4376/4366/1556 4375/4365/1555 3650/3680/1230
f 3265/3323/1222 4379/4369/1559 4378/4368/1558 3266/3324/1223
f 3629/3659/1329 4382/4372/1562 4381/4371/1561 3630/3660/1330
f 3253/3311/1209 4385/4375/1565 4384/4374/1564 3254/3312/1210
f 3613/3643/1329 4388/4378/1562 4387/4377/1561 3614/3644/1330
f 3247/3305/1209 4391/4381/1565 4390/4380/1564 3248/3306/1210
f 3597/3627/1329 4394/4384/1562 4393/4383/1561 3598/3628/1330
f 3241/3299/1209 4397/4387/1565 4396/4386/1564 3242/3300/1210
f 3581/3611/1329 4400/4390/1562 4399/4389/1561 3582/3612/1330
f 3235/3293/1209 4403/4393/1565 4402/4392/1564 3236/3294/1210
f 3232/3290/1206 4406/4396/1568 4405/4395/1567 3233/3291/1207
f 3229/3287/1203 4409/4399/1571 4408/4398/1570 3230/3288/1204
f 3564/3596/1206 4412/4402/1568 4411/4401/1567 3565/3597/1207
f 3223/3281/1203 4415/4405/1571 4414/4404/1570 3224/3282/1204
f 3554/3590/1206 4418/4408/1568 4417/4407/1567 3555/3591/1207
f 3217/3275/1203 4421/4411/1571 4420/4410/1570 3218/3276/1204
f 3544/3584/1316 4424/4414/1568 4423/4413/1567 3545/3585/1207
f 3211/3269/1203 4427/4417/1571 4426/4416/1570 3212/3270/1204
f 3530/3578/1310 4430/4420/1574 4429/4419/1573 3531/3579/1311
f 3199/3257/1190 4433/4423/1577 4432/4422/1576 3200/3258/1191
f 3524/3572/1310 4436/4426/1574 4435/4425/1573 3525/3573/1311
f 3193/3251/1190 4439/4429/1577 4438/4428/1576 3194/3252/1191
f 3518/3566/1310 4442/4432/1574 4441/4431/1573 3519/3567/1311
f 3187/3245/1190 4445/4435/1577 4444/4434/1576 3188/3246/1191
f 3512/3560/1310 4448/4438/1574 4447/4437/1573 3513/3561/1311
f 3181/3239/1190 4451/4441/1577 4450/4440/1576 3182/3240/1191
f 3178/3236/1187 4454/4444/1580 4453/4443/1579 3179/3237/1188
f 3175/3233/1184 4457/4447/1583 4456/4446/1582 3176/3234/1185
f 3506/3554/1187 4460/4450/1580 4459/4449/1579 3507/3555/1188
f 3169/3227/1184 4463/4453/1583 4462/4452/1582 3170/3228/1185
f 3500/3548/1187 4466/4456/1580 4465/4455/1579 3501/3549/1188
f 3163/3221/1184 4469/4459/1583 4468/4458/1582 3164/3222/1185
f 3494/3542/1187 4472/4462/1580 4471/4461/1579 3495/3543/1188
f 3157/3215/1184 4475/4465/1583 4474/4464/1582 3158/3216/1185
f 3130/3188/1175 4478/4468/1587 4477/4467/1586 3131/3189/1176
f 3462/3516/1178 4481/4471/1590 4480/4470/1589 3463/3517/1179
f 3136/3194/1175 4484/4474/1587 4483/4473/1586 3137/3195/1176
f 3472/3522/1178 4487/4477/1590 4486/4476/1589 3473/3523/1179
f 3142/3200/1175 4490/4480/1587 4489/4479/1586 3143/3201/1176
f 3485/3533/1178 4493/4483/1590 4492/4482/1589 3486/3534/1179
f 3148/3206/1175 4496/4486/1587 4495/4485/1586 3149/3207/1176
f 3151/3209/1178 4499/4489/1590 4498/4488/1589 3152/3210/1179
f 4502/4492/1975 3925/3915/1431 3924/3914/1430 4500/4490/1976
f 3458/3514/1299 4504/4494/1977 4503/4493/1978 3456/3512/1297
f 4511/4501/1979 3462/3516/1178 3461/3515/1177 4509/4499/1980
f 3929/3919/1435 4507/4497/1981 4506/4496/1982 3927/3917/1433
f 4514/4504/1975 3931/3921/1431 3930/3920/1430 4512/4502/1976
f 3468/3520/1299 4516/4506/1977 4515/4505/1978 3466/3518/1297
f 4523/4513/1979 3472/3522/1178 3471/3521/1177 4521/4511/1980
f 3935/3925/1435 4519/4509/1981 4518/4508/1982 3933/3923/1433
f 4526/4516/1975 3937/3927/1431 3936/3926/1430 4524/4514/1983
f 3478/3526/1299 4528/4518/1977 4527/4517/1978 3476/3524/1297
f 4535/4525/1979 3485/3533/1178 3484/3532/1177 4533/4523/1980
f 3941/3931/1435 4531/4521/1981 4530/4520/1982 3939/3929/1433
f 4538/4528/1975 3943/3933/1431 3942/3932/1430 4536/4526/1976
f 3489/3537/1299 4540/4530/1977 4539/4529/1978 3487/3535/1297
f 4547/4537/1979 3151/3209/1178 3150/3208/1177 4545/4535/1980
f 3947/3937/1435 4543/4533/1981 4542/4532/1982 3945/3935/1433
f 4553/4543/1984 3491/3539/1306 3490/3538/1305 4551/4541/1985
f 3950/3940/1438 4549/4539/1986 4548/4538/1987 3948/3938/1436
f 4556/4546/1988 3952/3942/1440 3951/3941/1439 4554/4544/1989
f 3495/3543/1188 4558/4548/1990 4557/4547/1991 3493/3541/1186
f 4565/4555/1984 3497/3545/1306 3496/3544/1305 4563/4553/1985
f 3956/3946/1438 4561/4551/1986 4560/4550/1987 3954/3944/1436
f 4568/4558/1988 3958/3948/1440 3957/3947/1439 4566/4556/1989
f 3501/3549/1188 4570/4560/1990 4569/4559/1991 3499/3547/1186
f 4577/4567/1984 3503/3551/1306 3502/3550/1305 4575/4565/1985
f 3962/3952/1438 4573/4563/1986 4572/4562/1987 3960/3950/1436
f 4580/4570/1988 3964/3954/1440 3963/3953/1439 4578/4568/1989
f 3507/3555/1188 4582/4572/1990 4581/4571/1991 3505/3553/1186
f 4589/4579/1984 3509/3557/1308 3508/3556/1305 4587/4577/1985
f 3968/3958/1438 4585/4575/1986 4584/4574/1987 3966/3956/1436
f 4592/4582/1988 3970/3960/1440 3969/3959/1439 4590/4580/1989
f 3179/3237/1188 4594/4584/1990 4593/4583/1991 3177/3235/1186
f 4598/4588/1992 3973/3963/1443 3972/3962/1442 4596/4586/1993
f 3513/3561/1311 4600/4590/1994 4599/4589/1995 3511/3559/1309
f 4607/4597/1996 3515/3563/1197 3514/3562/1196 4605/4595/1997
f 3977/3967/1447 4603/4593/1998 4602/4592/1999 3975/3965/1445
f 4610/4600/1992 3979/3969/1449 3978/3968/1448 4608/4598/1993
f 3519/3567/1311 4612/4602/1994 4611/4601/1995 3517/3565/1309
f 4619/4609/1996 3521/3569/1197 3520/3568/1196 4617/4607/1997
f 3983/3973/1447 4615/4605/2000 4614/4604/1999 3981/3971/1445
f 4622/4612/1992 3985/3975/1449 3984/3974/1442 4620/4610/1993
f 3525/3573/1311 4624/4614/1994 4623/4613/1995 3523/3571/1309
f 4631/4621/1996 3527/3575/1197 3526/3574/1196 4629/4619/1997
f 3989/3979/1447 4627/4617/2000 4626/4616/1999 3987/3977/1445
f 4634/4624/1992 3991/3981/1443 3990/3980/1442 4632/4622/1993
f 3531/3579/1311 4636/4626/1994 4635/4625/1995 3529/3577/1309
f 4643/4633/2001 3205/3263/1197 3204/3262/1196 4641/4631/1997
f 3995/3985/1447 4639/4629/1998 4638/4628/1999 3993/3983/1445
f 4649/4639/2002 3539/3581/1314 3538/3580/1313 4647/4637/2003
f 3998/3988/1452 4645/4635/2004 4644/4634/2005 3996/3986/1450
f 4652/4642/2006 4000/3990/1454 3999/3989/1453 4650/4640/2007
f 3545/3585/1207 4654/4644/2008 4653/4643/2009 3543/3583/1205
f 4661/4651/2002 3549/3587/1314 3548/3586/1313 4659/4649/2003
f 4004/3994/1452 4657/4647/2004 4656/4646/2005 4002/3992/1450
f 4664/4654/2006 4006/3996/1454 4005/3995/1453 4662/4652/2007
f 3555/3591/1207 4666/4656/2008 4665/4655/2009 3553/3589/1317
f 4673/4663/2002 3559/3593/1314 3558/3592/1313 4671/4661/2003
f 4010/4000/1452 4669/4659/2004 4668/4658/2005 4008/3998/1450
f 4676/4666/2006 4012/4002/1454 4011/4001/1453 4674/4664/2007
f 3565/3597/1207 4678/4668/2008 4677/4667/2009 3563/3595/1205
f 4685/4675/2002 3569/3599/1314 3568/3598/1313 4683/4673/2003
f 4016/4006/1452 4681/4671/2004 4680/4670/2005 4014/4004/1450
f 4688/4678/2006 4018/4008/1454 4017/4007/1453 4686/4676/2007
f 3233/3291/1207 4690/4680/2008 4689/4679/2009 3231/3289/1205
f 4694/4684/2010 4021/4011/1457 4020/4010/1456 4692/4682/2011
f 3582/3612/1330 4696/4686/2012 4695/4685/2013 3580/3610/1328
f 4703/4693/2014 3589/3619/1216 3588/3618/1215 4701/4691/2015
f 4025/4015/1461 4699/4689/2016 4698/4688/2017 4023/4013/1459
f 4706/4696/2010 4027/4017/1457 4026/4016/1456 4704/4694/2011
f 3598/3628/1330 4708/4698/2012 4707/4697/2013 3596/3626/1328
f 4715/4705/2014 3605/3635/1216 3604/3634/1215 4713/4703/2015
f 4031/4021/1461 4711/4701/2016 4710/4700/2017 4029/4019/1459
f 4718/4708/2010 4033/4023/1457 4032/4022/1456 4716/4706/2011
f 3614/3644/1330 4720/4710/2012 4719/4709/2013 3612/3642/1328
f 4727/4717/2014 3621/3651/1216 3620/3650/1215 4725/4715/2015
f 4037/4027/1462 4723/4713/2016 4722/4712/2017 4035/4025/1459
f 4730/4720/2010 4039/4029/1457 4038/4028/1456 4728/4718/2011
f 3630/3660/1330 4732/4722/2012 4731/4721/2013 3628/3658/1336
f 4739/4729/2014 3259/3317/1216 3258/3316/1215 4737/4727/2015
f 4043/4033/1461 4735/4725/2016 4734/4724/2017 4041/4031/1459
f 4745/4735/2018 3641/3671/1347 3640/3670/1346 4743/4733/2019
f 4046/4036/1466 4741/4731/2020 4740/4730/2021 4044/4034/1464
f 4748/4738/2022 4048/4038/1468 4047/4037/1467 4746/4736/2023
f 3650/3680/1230 4750/4740/2024 4749/4739/2025 3648/3678/1228
f 4757/4747/2018 3657/3687/1347 3656/3686/1346 4755/4745/2019
f 4052/4042/1466 4753/4743/2020 4752/4742/2021 4050/4040/1464
f 4760/4750/2022 4054/4044/1468 4053/4043/1467 4758/4748/2023
f 3666/3696/1230 4762/4752/2024 4761/4751/2025 3664/3694/1228
f 4769/4759/2018 3673/3703/1347 3672/3702/1346 4767/4757/2019
f 4058/4048/1466 4765/4755/2020 4764/4754/2021 4056/4046/1464
f 4772/4762/2022 4060/4050/1468 4059/4049/1467 4770/4760/2023
f 3682/3712/1230 4774/4764/2024 4773/4763/2025 3680/3710/1228
f 4781/4771/2026 3689/3719/1347 3688/3718/1354 4779/4769/2019
f 4064/4054/1471 4777/4767/2020 4776/4766/2021 4062/4052/1470
f 4784/4774/2022 4066/4056/1468 4065/4055/1467 4782/4772/2023
f 3287/3345/1230 4786/4776/2024 4785/4775/2025 3285/3343/1228
f 4790/4780/2027 4069/4059/1473 4068/4058/1472 4788/4778/2028
f 3702/3732/1366 4792/4782/2029 4791/4781/2030 3700/3730/1364
f 4799/4789/2031 3706/3734/1240 3705/3733/1367 4797/4787/2032
f 4073/4063/1477 4795/4785/2033 4794/4784/2034 4071/4061/1475
f 4802/4792/2027 4075/4065/1478 4074/4064/1472 4800/4790/2028
f 3712/3738/1366 4804/4794/2029 4803/4793/2030 3710/3736/1364
f 4811/4801/2031 3719/3745/1240 3718/3744/1239 4809/4799/2032
f 4079/4069/1477 4807/4797/2033 4806/4796/2034 4077/4067/1479
f 4814/4804/2027 4081/4071/1473 4080/4070/1480 4812/4802/2028
f 3728/3754/1366 4816/4806/2029 4815/4805/2030 3726/3752/1364
f 4823/4813/2031 3735/3761/1240 3734/3760/1239 4821/4811/2032
f 4085/4075/1477 4819/4809/2033 4818/4808/2034 4083/4073/1479
f 4826/4816/2027 4087/4077/1473 4086/4076/1472 4824/4814/2028
f 3744/3770/1366 4828/4818/2029 4827/4817/2030 3742/3768/1364
f 4835/4825/2031 3313/3371/1240 3312/3370/1239 4833/4823/2032
f 4091/4081/1477 4831/4821/2033 4830/4820/2034 4089/4079/1479
f 4841/4831/2035 3752/3772/1376 3751/3771/1375 4839/4829/2036
f 4094/4084/1483 4837/4827/2037 4836/4826/2038 4092/4082/1481
f 4844/4834/2039 4096/4086/1485 4095/4085/1484 4842/4832/2040
f 3758/3776/1251 4846/4836/2041 4845/4835/2042 3756/3774/1378
f 4853/4843/2035 3762/3778/1380 3761/3777/1375 4851/4841/2036
f 4100/4090/1488 4849/4839/2043 4848/4838/2038 4098/4088/1487
f 4856/4846/2039 4102/4092/1485 4101/4091/1484 4854/4844/2040
f 3768/3782/1251 4858/4848/2044 4857/4847/2042 3766/3780/1381
f 4865/4855/2035 3772/3784/1380 3771/3783/1375 4863/4853/2036
f 4106/4096/1483 4861/4851/2037 4860/4850/2045 4104/4094/1481
f 4868/4858/2039 4108/4098/1485 4107/4097/1484 4866/4856/2040
f 3778/3788/1251 4870/4860/2041 4869/4859/2042 3776/3786/1378
f 4877/4867/2035 3782/3790/1376 3781/3789/1375 4875/4865/2036
f 4112/4102/1483 4873/4863/2037 4872/4862/2038 4110/4100/1487
f 4880/4870/2039 4114/4104/1485 4113/4103/1484 4878/4868/2040
f 3341/3399/1251 4882/4872/2041 4881/4871/2042 3339/3397/1249
f 4886/4876/2046 4117/4107/1490 4116/4106/1489 4884/4874/2047
f 3795/3803/1393 4888/4878/2048 4887/4877/2049 3793/3801/1391
f 4895/4885/2050 3802/3810/1259 3801/3809/1399 4893/4883/2051
f 4121/4111/1494 4891/4881/2052 4890/4880/2053 4119/4109/1492
f 4898/4888/2046 4123/4113/1490 4122/4112/1489 4896/4886/2047
f 3806/3814/1393 4900/4890/2048 4899/4889/2049 3804/3812/1391
f 4907/4897/2054 3808/3816/1259 3807/3815/1258 4905/4895/2051
f 4127/4117/1494 4903/4893/2052 4902/4892/2055 4125/4115/1492
f 4910/4900/2046 4129/4119/1490 4128/4118/1489 4908/4898/2047
f 3812/3820/1400 4912/4902/2048 4911/4901/2049 3810/3818/1391
f 4919/4909/2054 3814/3822/1259 3813/3821/1258 4917/4907/2051
f 4133/4123/1494 4915/4905/2052 4914/4904/2053 4131/4121/1492
f 4922/4912/2046 4135/4125/1490 4134/4124/1489 4920/4910/2047
f 3823/3831/1400 4924/4914/2048 4923/4913/2049 3821/3829/1391
f 4931/4921/2054 3367/3425/1259 3366/3424/1258 4929/4919/2051
f 4139/4129/1494 4927/4917/2052 4926/4916/2053 4137/4127/1492
f 4937/4927/2056 3834/3842/1411 3833/3841/1410 4935/4925/2057
f 4142/4132/1498 4933/4923/2058 4932/4922/2059 4140/4130/1496
f 4940/4930/2060 4144/4134/1500 4143/4133/1499 4938/4928/2061
f 3843/3851/1272 4942/4932/2062 4941/4931/2063 3841/3849/1270
f 4949/4939/2056 3845/3853/1411 3844/3852/1410 4947/4937/2057
f 4148/4138/1498 4945/4935/2064 4944/4934/2059 4146/4136/1502
f 4952/4942/2060 4150/4140/1500 4149/4139/1499 4950/4940/2065
f 3849/3857/1272 4954/4944/2062 4953/4943/2063 3847/3855/1270
f 4961/4951/2056 3851/3859/1411 3850/3858/1410 4959/4949/2057
f 4154/4144/1498 4957/4947/2064 4956/4946/2059 4152/4142/1502
f 4964/4954/2060 4156/4146/1500 4155/4145/1499 4962/4952/2065
f 3855/3863/1272 4966/4956/2062 4965/4955/2063 3853/3861/1270
f 4973/4963/2056 3862/3870/1411 3861/3869/1410 4971/4961/2057
f 4160/4150/1498 4969/4959/2064 4968/4958/2059 4158/4148/1496
f 4976/4966/2060 4162/4152/1500 4161/4151/1499 4974/4964/2061
f 3395/3453/1272 4978/4968/2062 4977/4967/2063 3393/3451/1270
f 4982/4972/2066 4165/4155/1504 4164/4154/1503 4980/4970/2067
f 3866/3874/1420 4984/4974/2068 4983/4973/2069 3864/3872/1418
f 4991/4981/2070 3868/3876/1282 3867/3875/1281 4989/4979/2071
f 4169/4159/1508 4987/4977/2072 4986/4976/2073 4167/4157/1506
f 4994/4984/2066 4171/4161/1504 4170/4160/1503 4992/4982/2074
f 3872/3880/1420 4996/4986/2075 4995/4985/2069 3870/3878/1418
f 5003/4993/2070 3874/3882/1282 3873/3881/1281 5001/4991/2071
f 4175/4165/1508 4999/4989/2072 4998/4988/2073 4173/4163/1506
f 5006/4996/2066 4177/4167/1504 4176/4166/1503 5004/4994/2074
f 3878/3886/1420 5008/4998/2075 5007/4997/2069 3876/3884/1418
f 5015/5005/2070 3880/3888/1422 3879/3887/1281 5013/5003/2071
f 4181/4171/1508 5011/5001/2072 5010/5000/2073 4179/4169/1506
f 5018/5008/2066 4183/4173/1504 4182/4172/1503 5016/5006/2067
f 3884/3892/1420 5020/5010/2068 5019/5009/2069 3882/3890/1423
f 5027/5017/2070 3421/3479/1282 3420/3478/1281 5025/5015/2071
f 4187/4177/1508 5023/5013/2072 5022/5012/2073 4185/4175/1506
f 5033/5023/2076 3892/3894/1425 3891/3893/1424 5031/5021/2077
f 4190/4180/1511 5029/5019/2078 5028/5018/2079 4188/4178/1509
f 5036/5026/2080 4192/4182/1513 4191/4181/1512 5034/5024/2081
f 3898/3898/1292 5038/5028/2082 5037/5027/2083 3896/3896/1290
f 5045/5035/2084 3902/3900/1425 3901/3899/1427 5043/5033/2077
f 4196/4186/1511 5041/5031/2078 5040/5030/2079 4194/4184/1509
f 5048/5038/2080 4198/4188/1513 4197/4187/1512 5046/5036/2081
f 3908/3904/1292 5050/5040/2082 5049/5039/2083 3906/3902/1290
f 5057/5047/2076 3912/3906/1425 3911/3905/1427 5055/5045/2077
f 4202/4192/1511 5053/5043/2078 5052/5042/2079 4200/4190/1509
f 5060/5050/2080 4204/4194/1513 4203/4193/1512 5058/5048/2081
f 3918/3910/1429 5062/5052/2082 5061/5051/2083 3916/3908/1290
f 5069/5059/2076 3922/3912/1425 3921/3911/1427 5067/5057/2077
f 4208/4198/1511 5065/5055/2078 5064/5054/2079 4206/4196/1509
f 5072/5062/2080 4210/4200/1513 4209/4199/1512 5070/5060/2081
f 3449/3507/1292 5074/5064/2082 5073/5063/2083 3447/3505/1290
f 5078/5068/2085 4213/4203/1516 4212/4202/1515 5076/5066/2086
f 3128/3186/1173 5080/5070/2087 5079/5069/2088 3126/3184/1171
f 4217/4207/1520 5083/5073/2089 5082/5072/2090 4215/4205/1518
f 5087/5077/2085 4219/4209/1516 4218/4208/1515 5085/5075/2086
f 3134/3192/1173 5089/5079/2087 5088/5078/2088 3132/3190/1171
f 4223/4213/1520 5092/5082/2089 5091/5081/2090 4221/4211/1518
f 5096/5086/2085 4225/4215/1516 4224/4214/1515 5094/5084/2086
f 3140/3198/1173 5098/5088/2087 5097/5087/2088 3138/3196/1171
f 4229/4219/1520 5101/5091/2089 5100/5090/2090 4227/4217/1518
f 5105/5095/2085 4231/4221/1516 4230/4220/1515 5103/5093/2086
f 3146/3204/1173 5107/5097/2087 5106/5096/2088 3144/3202/1171
f 4235/4225/1520 5110/5100/2089 5109/5099/2090 4233/4223/1518
f 5114/5104/2091 4237/4227/1522 4236/4226/1521 5112/5102/2092
f 5120/5110/2093 3442/3500/1285 3441/3499/1284 5118/5108/2094
f 4241/4231/1526 5116/5106/2095 5115/5105/2096 4239/4229/1524
f 5123/5113/2091 4243/4233/1522 4242/4232/1521 5121/5111/2092
f 5129/5119/2093 3436/3494/1285 3435/3493/1284 5127/5117/2094
f 4247/4237/1526 5125/5115/2095 5124/5114/2096 4245/4235/1527
f 5132/5122/2091 4249/4239/1522 4248/4238/1521 5130/5120/2092
f 5138/5128/2093 3430/3488/1285 3429/3487/1284 5136/5126/2097
f 4253/4243/1526 5134/5124/2095 5133/5123/2096 4251/4241/1527
f 5141/5131/2091 4255/4245/1522 4254/4244/1521 5139/5129/2092
f 5147/5137/2093 3424/3482/1285 3423/3481/1284 5145/5135/2094
f 4259/4249/1526 5143/5133/2095 5142/5132/2096 4257/4247/1527
f 5150/5140/2098 4261/4251/1529 4260/4250/1528 5148/5138/2099
f 5156/5146/2100 3418/3476/1277 3417/3475/1280 5154/5144/2101
f 4265/4255/1533 5152/5142/2102 5151/5141/2103 4263/4253/1531
f 5159/5149/2098 4267/4257/1529 4266/4256/1528 5157/5147/2099
f 5165/5155/2100 3412/3470/1277 3411/3469/1276 5163/5153/2101
f 4271/4261/1533 5161/5151/2102 5160/5150/2103 4269/4259/1531
f 5168/5158/2098 4273/4263/1529 4272/4262/1528 5166/5156/2099
f 5174/5164/2100 3406/3464/1277 3405/3463/1276 5172/5162/2101
f 4277/4267/1533 5170/5160/2102 5169/5159/2103 4275/4265/1531
f 5177/5167/2098 4279/4269/1529 4278/4268/1528 5175/5165/2099
f 5183/5173/2100 3400/3458/1277 3399/3457/1276 5181/5171/2101
f 4283/4273/1533 5179/5169/2102 5178/5168/2103 4281/4271/1531
f 5186/5176/2104 4285/4275/1535 4284/4274/1534 5184/5174/2105
f 5192/5182/2106 3388/3446/1262 3387/3445/1261 5190/5180/2107
f 4289/4279/1539 5188/5178/2108 5187/5177/2109 4287/4277/1537
f 5195/5185/2104 4291/4281/1535 4290/4280/1534 5193/5183/2105
f 5201/5191/2106 3382/3440/1262 3381/3439/1261 5199/5189/2107
f 4295/4285/1539 5197/5187/2108 5196/5186/2109 4293/4283/1537
f 5204/5194/2104 4297/4287/1535 4296/4286/1534 5202/5192/2105
f 5210/5200/2106 3376/3434/1262 3375/3433/1261 5208/5198/2107
f 4301/4291/1539 5206/5196/2108 5205/5195/2109 4299/4289/1537
f 5213/5203/2104 4303/4293/1535 4302/4292/1534 5211/5201/2105
f 5219/5209/2106 3370/3428/1262 3369/3427/1261 5217/5207/2107
f 4307/4297/1539 5215/5205/2108 5214/5204/2109 4305/4295/1537
f 5222/5212/2110 4309/4299/1541 4308/4298/1540 5220/5210/2111
f 5228/5218/2112 3364/3422/1256 3363/3421/1255 5226/5216/2113
f 4313/4303/1545 5224/5214/2114 5223/5213/2115 4311/4301/1543
f 5231/5221/2110 4315/4305/1546 4314/4304/1540 5229/5219/2111
f 5237/5227/2112 3358/3416/1256 3357/3415/1255 5235/5225/2116
f 4319/4309/1545 5233/5223/2114 5232/5222/2115 4317/4307/1543
f 5240/5230/2110 4321/4311/1541 4320/4310/1540 5238/5228/2111
f 5246/5236/2112 3352/3410/1256 3351/3409/1255 5244/5234/2116
f 4325/4315/1547 5242/5232/2114 5241/5231/2115 4323/4313/1543
f 5249/5239/2110 4327/4317/1541 4326/4316/1540 5247/5237/2111
f 5255/5245/2112 3346/3404/1256 3345/3403/1255 5253/5243/2113
f 4331/4321/1547 5251/5241/2114 5250/5240/2115 4329/4319/1543
f 5258/5248/2117 4333/4323/1549 4332/4322/1548 5256/5246/2118
f 5264/5254/2119 3334/3392/1243 3333/3391/1242 5262/5252/2120
f 4337/4327/1553 5260/5250/2121 5259/5249/2122 4335/4325/1551
f 5267/5257/2117 4339/4329/1549 4338/4328/1548 5265/5255/2118
f 5273/5263/2119 3328/3386/1243 3327/3385/1242 5271/5261/2120
f 4343/4333/1553 5269/5259/2121 5268/5258/2122 4341/4331/1551
f 5276/5266/2117 4345/4335/1549 4344/4334/1548 5274/5264/2118
f 5282/5272/2119 3322/3380/1243 3321/3379/1248 5280/5270/2120
f 4349/4339/1553 5278/5268/2121 5277/5267/2122 4347/4337/1551
f 5285/5275/2117 4351/4341/1549 4350/4340/1548 5283/5273/2118
f 5291/5281/2119 3316/3374/1243 3315/3373/1242 5289/5279/2120
f 4355/4345/1553 5287/5277/2121 5286/5276/2122 4353/4343/1551
f 5294/5284/2123 4357/4347/1555 4356/4346/1554 5292/5282/2124
f 5300/5290/2125 3310/3368/1235 3309/3367/1234 5298/5288/2126
f 4361/4351/1559 5296/5286/2127 5295/5285/2128 4359/4349/1557
f 5303/5293/2123 4363/4353/1555 4362/4352/1554 5301/5291/2124
f 5309/5299/2125 3304/3362/1235 3303/3361/1234 5307/5297/2126
f 4367/4357/1559 5305/5295/2127 5304/5294/2128 4365/4355/1557
f 5312/5302/2123 4369/4359/1555 4368/4358/1554 5310/5300/2124
f 5318/5308/2125 3298/3356/1235 3297/3355/1234 5316/5306/2126
f 4373/4363/1559 5314/5304/2127 5313/5303/2128 4371/4361/1557
f 5321/5311/2123 4375/4365/1555 4374/4364/1554 5319/5309/2124
f 5327/5317/2125 3292/3350/1235 3291/3349/1234 5325/5315/2126
f 4379/4369/1559 5323/5313/2127 5322/5312/2128 4377/4367/1557
f 5330/5320/2129 4381/4371/1561 4380/4370/1560 5328/5318/2130
f 5336/5326/2131 3280/3338/1226 3279/3337/1218 5334/5324/2132
f 4385/4375/1565 5332/5322/2133 5331/5321/2134 4383/4373/1563
f 5339/5329/2129 4387/4377/1561 4386/4376/1560 5337/5327/2130
f 5345/5335/2131 3274/3332/1225 3273/3331/1218 5343/5333/2132
f 4391/4381/1565 5341/5331/2133 5340/5330/2134 4389/4379/1563
f 5348/5338/2129 4393/4383/1561 4392/4382/1560 5346/5336/2130
f 5354/5344/2131 3268/3326/1224 3267/3325/1218 5352/5342/2135
f 4397/4387/1565 5350/5340/2133 5349/5339/2134 4395/4385/1563
f 5357/5347/2129 4399/4389/1561 4398/4388/1560 5355/5345/2130
f 5363/5353/2131 3262/3320/1219 3261/3319/1218 5361/5351/2135
f 4403/4393/1565 5359/5349/2133 5358/5348/2134 4401/4391/1563
f 5366/5356/2136 4405/4395/1567 4404/4394/1566 5364/5354/2137
f 5372/5362/2138 3256/3314/1212 3255/3313/1211 5370/5360/2139
f 4409/4399/1571 5368/5358/2140 5367/5357/2141 4407/4397/1569
f 5375/5365/2136 4411/4401/1567 4410/4400/1566 5373/5363/2137
f 5381/5371/2138 3250/3308/1212 3249/3307/1211 5379/5369/2139
f 4415/4405/1571 5377/5367/2140 5376/5366/2141 4413/4403/1569
f 5384/5374/2136 4417/4407/1567 4416/4406/1566 5382/5372/2137
f 5390/5380/2138 3244/3302/1212 3243/3301/1211 5388/5378/2139
f 4421/4411/1571 5386/5376/2140 5385/5375/2141 4419/4409/1569
f 5393/5383/2136 4423/4413/1567 4422/4412/1566 5391/5381/2137
f 5399/5389/2138 3238/3296/1212 3237/3295/1211 5397/5387/2139
f 4427/4417/1571 5395/5385/2140 5394/5384/2141 4425/4415/1569
f 5402/5392/2142 4429/4419/1573 4428/4418/1572 5400/5390/2143
f 5408/5398/2144 3226/3284/1200 3225/3283/1199 5406/5396/2145
f 4433/4423/1577 5404/5394/2146 5403/5393/2147 4431/4421/1575
f 5411/5401/2142 4435/4425/1573 4434/4424/1572 5409/5399/2143
f 5417/5407/2144 3220/3278/1200 3219/3277/1199 5415/5405/2145
f 4439/4429/1577 5413/5403/2146 5412/5402/2147 4437/4427/1575
f 5420/5410/2142 4441/4431/1573 4440/4430/1572 5418/5408/2143
f 5426/5416/2144 3214/3272/1200 3213/3271/1199 5424/5414/2145
f 4445/4435/1577 5422/5412/2146 5421/5411/2147 4443/4433/1575
f 5429/5419/2142 4447/4437/1573 4446/4436/1572 5427/5417/2143
f 5435/5425/2144 3208/3266/1200 3207/3265/1199 5433/5423/2145
f 4451/4441/1577 5431/5421/2146 5430/5420/2147 4449/4439/1575
f 5438/5428/2148 4453/4443/1579 4452/4442/1578 5436/5426/2149
f 5444/5434/2150 3202/3260/1193 3201/3259/1192 5442/5432/2151
f 4457/4447/1583 5440/5430/2152 5439/5429/2153 4455/4445/1581
f 5447/5437/2148 4459/4449/1579 4458/4448/1578 5445/5435/2149
f 5453/5443/2150 3196/3254/1193 3195/3253/1192 5451/5441/2151
f 4463/4453/1583 5449/5439/2152 5448/5438/2153 4461/4451/1584
f 5456/5446/2148 4465/4455/1579 4464/4454/1578 5454/5444/2149
f 5462/5452/2150 3190/3248/1195 3189/3247/1192 5460/5450/2151
f 4469/4459/1583 5458/5448/2152 5457/5447/2153 4467/4457/1584
f 5465/5455/2148 4471/4461/1579 4470/4460/1578 5463/5453/2149
f 5471/5461/2150 3184/3242/1193 3183/3241/1192 5469/5459/2151
f 4475/4465/1583 5467/5457/2152 5466/5456/2153 4473/4463/1584
f 5474/5464/2154 4477/4467/1586 4476/4466/1585 5472/5462/2155
f 5480/5470/2156 3172/3230/1181 3171/3229/1180 5478/5468/2157
f 4481/4471/1590 5476/5466/2158 5475/5465/2159 4479/4469/1588
f 5483/5473/2154 4483/4473/1586 4482/4472/1585 5481/5471/2155
f 5489/5479/2156 3166/3224/1181 3165/3223/1180 5487/5477/2157
f 4487/4477/1590 5485/5475/2158 5484/5474/2159 4485/4475/1588
f 5492/5482/2154 4489/4479/1586 4488/4478/1585 5490/5480/2155
f 5498/5488/2156 3160/3218/1181 3159/3217/1180 5496/5486/2157
f 4493/4483/1590 5494/5484/2158 5493/5483/2159 4491/4481/1588
f 5501/5491/2154 4495/4485/1586 4494/4484/1585 5499/5489/2155
f 5507/5497/2156 3154/3212/1181 3153/3211/1180 5505/5495/2157
f 4499/4489/1590 5503/5493/2158 5502/5492/2159 4497/4487/1588
f 3131/3189/1176 5509/5499/2160 5508/5498/2161 3129/3187/1174
f 3137/3195/1176 5512/5502/2160 5511/5501/2161 3135/3193/1174
f 3143/3201/1176 5515/5505/2160 5514/5504/2161 3141/3199/1174
f 3149/3207/1176 5518/5508/2160 5517/5507/2161 3147/3205/1174
f 5522/5512/2162 3157/3215/1184 3156/3214/1183 5520/5510/2163
f 5525/5515/2164 3163/3221/1184 3162/3220/1183 5523/5513/2163
f 5528/5518/2162 3169/3227/1184 3168/3226/1183 5526/5516/2163
f 5531/5521/2162 3175/3233/1184 3174/3232/1183 5529/5519/2163
f 5534/5524/2165 3181/3239/1190 3180/3238/1189 5532/5522/2166
f 5537/5527/2165 3187/3245/1190 3186/3244/1189 5535/5525/2166
f 5540/5530/2165 3193/3251/1190 3192/3250/1189 5538/5528/2166
f 5543/5533/2165 3199/3257/1190 3198/3256/1189 5541/5531/2166
f 5546/5536/2167 3211/3269/1203 3210/3268/1202 5544/5534/2168
f 5549/5539/2167 3217/3275/1203 3216/3274/1202 5547/5537/2168
f 5552/5542/2167 3223/3281/1203 3222/3280/1202 5550/5540/2168
f 5555/5545/2167 3229/3287/1203 3228/3286/1202 5553/5543/2168
f 5558/5548/2169 3235/3293/1209 3234/3292/1208 5556/5546/2170
f 5561/5551/2169 3241/3299/1209 3240/3298/1208 5559/5549/2170
f 5564/5554/2169 3247/3305/1209 3246/3304/1208 5562/5552/2170
f 5567/5557/2171 3253/3311/1209 3252/3310/1214 5565/5555/2170
f 5570/5560/2172 3265/3323/1222 3264/3322/1221 5568/5558/2173
f 5573/5563/2172 3271/3329/1222 3270/3328/1221 5571/5561/2173
f 5576/5566/2172 3277/3335/1222 3276/3334/1221 5574/5564/2173
f 5579/5569/2172 3283/3341/1222 3282/3340/1221 5577/5567/2173
f 5582/5572/2174 3289/3347/1232 3288/3346/1231 5580/5570/2175
f 5585/5575/2174 3295/3353/1232 3294/3352/1237 5583/5573/2175
f 5588/5578/2174 3301/3359/1232 3300/3358/1231 5586/5576/2175
f 5591/5581/2174 3307/3365/1232 3306/3364/1231 5589/5579/2175
f 5594/5584/2176 3319/3377/1246 3318/3376/1245 5592/5582/2177
f 5597/5587/2178 3325/3383/1246 3324/3382/1245 5595/5585/2177
f 5600/5590/2178 3331/3389/1246 3330/3388/1245 5598/5588/2177
f 5603/5593/2176 3337/3395/1246 3336/3394/1245 5601/5591/2177
f 5606/5596/2179 3343/3401/1253 3342/3400/1252 5604/5594/2180
f 5609/5599/2179 3349/3407/1253 3348/3406/1252 5607/5597/2180
f 5612/5602/2179 3355/3413/1253 3354/3412/1252 5610/5600/2180
f 5615/5605/2179 3361/3419/1253 3360/3418/1252 5613/5603/2180
f 5618/5608/2181 3373/3431/1265 3372/3430/1264 5616/5606/2182
f 5621/5611/2181 3379/3437/1265 3378/3436/1264 5619/5609/2182
f 5624/5614/2181 3385/3443/1265 3384/3442/1264 5622/5612/2182
f 5627/5617/2181 3391/3449/1265 3390/3448/1264 5625/5615/2182
f 5630/5620/2183 3397/3455/1274 3396/3454/1273 5628/5618/2184
f 5633/5623/2185 3403/3461/1274 3402/3460/1273 5631/5621/2184
f 5636/5626/2183 3409/3467/1274 3408/3466/1273 5634/5624/2184
f 5639/5629/2183 3415/3473/1274 3414/3472/1279 5637/5627/2184
f 5642/5632/2186 3427/3485/1288 3426/3484/1287 5640/5630/2187
f 5645/5635/2186 3433/3491/1288 3432/3490/1287 5643/5633/2187
f 5648/5638/2186 3439/3497/1288 3438/3496/1287 5646/5636/2187
f 5651/5641/2186 3445/3503/1288 3444/3502/1287 5649/5639/2187
f 5653/5857/1950 5654/5858/1949 5655/5859/1949 5652/5860/1950
f 5657/5861/1948 5658/5862/2188 5659/5863/2188 5656/5864/1948
f 5654/5858/1949 5660/5865/1952 5661/5866/1952 5655/5859/1949
f 5663/5867/1951 5657/5861/1948 5656/5864/1948 5662/5868/1951
f 5660/5865/1952 5665/5643/1156 5664/5642/1158 5661/5866/1952
f 5669/5869/1155 5663/5867/1951 5662/5868/1951 5667/5870/1153
f 5665/5871/1156 5670/5872/1956 5671/5873/1956 5666/5874/1157
f 5673/5875/1955 5669/5876/1155 5668/5877/1154 5672/5878/1955
f 5670/5872/1956 5674/5879/1958 5675/5880/1958 5671/5873/1956
f 5677/5881/1957 5673/5875/1955 5672/5878/1955 5676/5882/1957
f 5674/5879/1958 5678/5883/2189 5679/5884/2189 5675/5880/1958
f 5681/5885/2190 5677/5881/1957 5676/5882/1957 5680/5886/2190
f 5678/5883/2189 5683/5649/1162 5682/5648/1164 5679/5884/2189
f 5687/5887/1161 5681/5885/2190 5680/5886/2190 5685/5888/1159
f 5683/5649/1162 5688/5889/2191 5689/5890/2191 5684/5650/1163
f 5691/5891/2192 5687/5887/1161 5686/5892/1160 5690/5893/2192
f 5688/5889/2191 5692/5894/2193 5693/5895/2193 5689/5890/2191
f 5695/5896/2194 5691/5891/2192 5690/5893/2192 5694/5897/2194
f 5692/5894/2193 5696/5898/1968 5697/5899/1968 5693/5895/2193
f 5699/5900/1967 5695/5896/2194 5694/5897/2194 5698/5901/1967
f 5696/5898/1968 5701/5655/1168 5700/5654/1170 5697/5899/1968
f 5705/5902/1167 5699/5900/1967 5698/5901/1967 5703/5903/1165
f 5701/5655/1168 5653/5857/1950 5652/5860/1950 5702/5656/1169
f 5658/5862/2188 5705/5902/1167 5704/5904/1166 5659/5863/2188
f 5707/5905/2188 5708/5906/1948 5709/5907/1948 5706/5908/2188
f 5711/5909/1949 5712/5910/1950 5713/5911/1950 5710/5912/1949
f 5708/5906/1948 5714/5660/1905 5716/5662/1907 5709/5907/1948
f 5719/5665/1910 5711/5909/1949 5710/5912/1949 5717/5663/1908
f 5714/5660/1905 5720/5913/2195 5721/5914/2195 5715/5661/1906
f 5723/5915/2196 5719/5665/1910 5718/5664/1909 5722/5916/2196
f 5720/5917/2195 5725/5667/1912 5724/5666/1911 5721/5918/2195
f 5729/5671/1916 5723/5919/2196 5722/5920/2196 5727/5669/1914
f 5725/5667/1912 5730/5921/1957 5731/5922/1957 5726/5668/1913
f 5733/5923/1958 5729/5671/1916 5728/5670/1915 5732/5924/1958
f 5730/5921/1957 5734/5925/2190 5735/5926/2190 5731/5922/1957
f 5737/5927/2197 5733/5923/1958 5732/5924/1958 5736/5928/2197
f 5734/5925/2190 5738/5929/2198 5739/5930/2198 5735/5926/2190
f 5742/5674/1919 5737/5927/2197 5736/5928/2197 5740/5672/1917
f 5738/5929/2198 5744/5676/1921 5743/5675/1920 5739/5930/2198
f 5748/5680/1925 5742/5674/1919 5741/5673/1918 5746/5678/1923
f 5744/5676/1921 5749/5931/1965 5750/5932/1965 5745/5677/1922
f 5752/5933/2199 5748/5680/1925 5747/5679/1924 5751/5934/2199
f 5749/5931/1965 5753/5681/1926 5755/5683/1928 5750/5932/1965
f 5758/5686/1931 5752/5933/2199 5751/5934/2199 5756/5684/1929
f 5753/5681/1926 5759/5935/2200 5760/5936/2200 5754/5682/1927
f 5762/5937/2201 5758/5686/1931 5757/5685/1930 5761/5938/2201
f 5759/5935/2200 5707/5905/2188 5706/5908/2188 5760/5936/2200
f 5712/5910/1950 5762/5937/2201 5761/5938/2201 5713/5911/1950
f 5764/5939/1950 5765/5940/1949 5766/5941/1949 5763/5942/1950
f 5768/5943/1948 5769/5944/2188 5770/5945/2188 5767/5946/1948
f 5765/5940/1949 5771/5687/1908 5773/5689/1910 5766/5941/1949
f 5776/5692/1907 5768/5943/1948 5767/5946/1948 5774/5690/1905
f 5772/5688/1909 5777/5947/2196 5778/5948/2196 5773/5689/1910
f 5780/5949/2195 5775/5691/1906 5774/5690/1905 5779/5950/2195
f 5777/5951/2196 5781/5693/1914 5783/5695/1916 5778/5952/2196
f 5784/5696/1911 5780/5953/2195 5779/5954/2195 5785/5697/1912
f 5782/5694/1915 5787/5955/1958 5788/5956/1958 5783/5695/1916
f 5790/5957/1957 5786/5698/1913 5785/5697/1912 5789/5958/1957
f 5787/5955/1958 5791/5959/2189 5792/5960/2189 5788/5956/1958
f 5794/5961/2190 5790/5957/1957 5789/5958/1957 5793/5962/2190
f 5791/5959/2189 5795/5963/2202 5796/5964/2202 5792/5960/2189
f 5799/5701/1934 5794/5961/2190 5793/5962/2190 5797/5699/1932
f 5795/5963/2202 5800/5702/1923 5802/5704/1925 5796/5964/2202
f 5805/5707/1920 5798/5700/1933 5797/5699/1932 5803/5705/1921
f 5801/5703/1924 5806/5965/2199 5807/5966/2199 5802/5704/1925
f 5809/5967/1965 5804/5706/1922 5803/5705/1921 5808/5968/1965
f 5806/5965/2199 5810/5708/1929 5812/5710/1931 5807/5966/2199
f 5813/5711/1928 5809/5967/1965 5808/5968/1965 5814/5712/1926
f 5811/5709/1930 5816/5969/2201 5817/5970/2201 5812/5710/1931
f 5819/5971/2200 5815/5713/1927 5814/5712/1926 5818/5972/2200
f 5816/5969/2201 5764/5939/1950 5763/5942/1950 5817/5970/2201
f 5769/5944/2188 5819/5971/2200 5818/5972/2200 5770/5945/2188
f 5798/5700/1961 5741/5673/1961 5740/5672/1962 5799/5701/1962
f 5781/5693/2203 5724/5666/2203 5726/5668/2204 5782/5694/2204
f 5754/5682/2205 5811/5709/2205 5810/5708/2206 5755/5683/2206
f 5727/5669/2203 5784/5696/2203 5786/5698/2204 5728/5670/2204
f 5815/5713/2205 5757/5685/2205 5756/5684/2206 5813/5711/2206
f 5771/5687/2207 5716/5662/2207 5715/5661/2208 5772/5688/2208
f 5745/5677/2209 5801/5703/2209 5800/5702/2210 5743/5675/2210
f 5717/5663/2207 5776/5692/2207 5775/5691/2208 5718/5664/2208
f 5804/5706/2209 5747/5679/2209 5746/5678/2210 5805/5707/2210
f 5821/5973/1950 5822/5974/1949 5823/5975/1949 5820/5976/1950
f 5825/5977/1948 5826/5978/2188 5827/5979/2188 5824/5980/1948
f 5822/5974/1949 5828/5981/1952 5829/5982/1952 5823/5975/1949
f 5831/5983/1951 5825/5977/1948 5824/5980/1948 5830/5984/1951
f 5828/5981/1952 5832/5985/1935 5834/5986/1937 5829/5982/1952
f 5835/5717/1938 5831/5983/1951 5830/5984/1951 5836/5718/1939
f 5833/5715/1936 5838/5987/1956 5839/5988/1956 5834/5716/1937
f 5841/5989/1955 5837/5990/1940 5836/5991/1939 5840/5992/1955
f 5838/5987/1956 5842/5993/1958 5843/5994/1958 5839/5988/1956
f 5845/5995/1957 5841/5989/1955 5840/5992/1955 5844/5996/1957
f 5842/5993/1958 5846/5997/2189 5847/5998/2189 5843/5994/1958
f 5849/5999/2190 5845/5995/1957 5844/5996/1957 5848/6000/2190
f 5846/5997/2189 5850/5720/1917 5852/5722/1919 5847/5998/2189
f 5853/5723/1934 5849/5999/2190 5848/6000/2190 5854/5724/1932
f 5851/5721/1918 5856/6001/2191 5857/6002/2191 5852/5722/1919
f 5859/6003/2192 5855/5725/1933 5854/5724/1932 5858/6004/2192
f 5856/6001/2191 5860/6005/2199 5861/6006/2199 5857/6002/2191
f 5863/6007/2211 5859/6003/2192 5858/6004/2192 5862/6008/2211
f 5860/6005/2199 5864/6009/1968 5865/6010/1968 5861/6006/2199
f 5867/6011/1967 5863/6007/2211 5862/6008/2211 5866/6012/1967
f 5864/6009/1968 5868/5726/1941 5870/5728/1943 5865/6010/1968
f 5871/5729/1944 5867/6011/1967 5866/6012/1967 5872/5730/1945
f 5869/5727/1942 5821/5973/1950 5820/5976/1950 5870/5728/1943
f 5826/5978/2188 5873/5731/1946 5872/5730/1945 5827/5979/2188
f 5666/5874/1953 5833/5715/1953 5832/5714/1954 5664/6013/1954
f 5684/5650/1961 5851/5721/1961 5850/5720/1962 5682/5648/1962
f 5837/5990/1953 5668/5646/1953 5667/5645/1954 5835/6014/1954
f 5702/5656/1969 5869/5727/1969 5868/5726/1970 5700/5654/1970
f 5855/5725/1961 5686/5652/1961 5685/5651/1962 5853/5723/1962
f 5873/5731/1969 5704/5658/1969 5703/5657/1970 5871/5729/1970
f 3072/6015/2212 3077/6016/2212 5708/5906/2212 5707/5905/2212
f 3121/3179/1969 3888/5777/1969 3453/3511/1296 3452/3510/1295 3073/5732/2213
f 3073/5732/2214 3452/3510/1295 3451/3509/1294 2985/6017/1151 3076/5733/1151
f 3122/6018/2212 3072/6015/2212 5707/5905/2212 5759/5935/2212
f 3078/6019/2215 3075/6020/2215 5712/5910/2215 5711/5909/2215
f 2982/6021/2216 3074/5737/2216 3079/5736/1151 2984/3163/1151
f 3885/5841/1969 3124/3182/1969 3074/5737/2216 2982/6021/2216
f 3075/6020/2215 3123/6022/2215 5762/5937/2215 5712/5910/2215
f 3076/5733/1151 2985/6017/1151 2994/6023/1152 3080/5740/1152
f 3077/6016/2212 3081/6024/2212 5714/5660/2212 5708/5906/2212
f 2984/3163/1151 3079/5736/1151 3083/5742/1152 2993/3164/1152
f 3082/6025/2215 3078/6019/2215 5711/5909/2215 5719/5665/2215
f 3080/5740/1152 2994/6023/1152 3534/6026/1954 3084/3166/1954
f 3081/6024/2212 3086/6027/2212 5720/5913/2212 5714/5660/2212
f 2993/3164/1152 3083/5742/1152 3089/5744/1954 3533/5794/1954
f 3087/6028/2215 3082/6025/2215 5719/5665/2215 5723/5915/2215
f 3085/5747/1953 3535/5746/1953 3002/6029/2217 3090/5750/2217
f 3086/6030/2212 3091/6031/2212 5725/5667/2212 5720/5917/2212
f 3532/5789/1953 3088/3170/1953 3093/5753/2217 3573/3603/1321 3572/3602/1320
f 3092/6032/2215 3087/6033/2215 5723/5919/2215 5729/5671/2215
f 3090/5750/2217 3002/6029/2217 3003/6034/2218 3094/5755/2218
f 3091/6031/2212 3095/6035/2212 5730/5921/2212 5725/5667/2212
f 3574/3604/1322 3573/3603/1321 3093/5753/2217 3097/5757/2218 3634/3664/1340 3633/3663/1339
f 3096/6036/2215 3092/6032/2215 5729/5671/2215 5733/5923/2215
f 3094/5755/2218 3003/6034/2218 3694/3724/1358 3693/3723/1357 3098/5759/2219
f 3095/6035/2212 3099/6037/2212 5734/5925/2212 5730/5921/2212
f 3631/3661/1337 3634/3664/1340 3097/5757/2218 3101/5761/2220 3004/6038/2220
f 3100/6039/2215 3096/6036/2215 5733/5923/2215 5737/5927/2215
f 3098/5759/2221 3693/3723/1357 3692/3722/1356 3747/5764/1962 3102/3172/1962
f 3099/6037/2212 3104/6040/2212 5738/5929/2212 5734/5925/2212
f 3004/6038/2220 3101/5761/2220 3107/3177/1962 3746/5826/1962
f 3105/6041/2215 3100/6039/2215 5737/5927/2215 5742/5674/2215
f 3103/3173/1961 3748/5763/1961 3787/3795/1385 3786/3794/1384 3108/5765/1150
f 3104/6040/2212 3109/6042/2212 5744/5676/2212 5738/5929/2212
f 3745/5825/1961 3106/3176/1961 3111/5767/1150 3005/6043/1150
f 3110/6044/2215 3105/6041/2215 5742/5674/2215 5748/5680/2215
f 3108/5765/1150 3786/3794/1384 3785/3793/1383 3824/3832/1401 3827/3835/1404 3112/5769/1148
f 3109/6042/2212 3113/6045/2212 5749/5931/2212 5744/5676/2212
f 3005/6043/1150 3111/5767/1150 3115/5771/1148 3010/6046/1148
f 3114/6047/2215 3110/6044/2215 5748/5680/2215 5752/5933/2215
f 3112/5769/1148 3827/3835/1404 3826/3834/1403 3016/6048/1149 3116/5773/1149
f 3113/6045/2212 3117/6049/2212 5753/5681/2212 5749/5931/2212
f 3010/6046/1148 3115/5771/1148 3119/5775/1149 3015/6050/1149
f 3118/6051/2215 3114/6047/2215 5752/5933/2215 5758/5686/2215
f 3116/5773/1149 3016/6048/1149 3887/5778/1970 3120/3178/1970
f 3117/6049/2212 3122/6018/2212 5759/5935/2212 5753/5681/2212
f 3015/6050/1149 3119/5775/1149 3125/3183/1970 3886/5842/1970
f 3123/6022/2215 3118/6051/2215 5758/5686/2215 5762/5937/2215
f 4212/4202/1515 3126/3184/1171 5079/5069/2088 5076/5066/2086
f 4214/4204/2213 3071/6052/2213 3926/3916/2213 3127/3185/2213
f 3128/3186/1173 3925/3915/1431 4502/4492/1975 5080/5070/2087
f 3929/3919/1435 3129/3187/1174 5508/5498/2161 4507/4497/1981
f 3130/3188/2214 3928/3918/2214 3027/6053/2214 4478/4468/2214
f 3131/3189/1176 4477/4467/1586 5474/5464/2154 5509/5499/2160
f 4218/4208/1515 3132/3190/1171 5088/5078/2088 5085/5075/2086
f 4220/4210/2213 3070/6054/2213 3932/3922/2213 3133/3191/2213
f 3134/3192/1173 3931/3921/1431 4514/4504/1975 5089/5079/2087
f 3935/3925/1435 3135/3193/1174 5511/5501/2161 4519/4509/1981
f 3136/3194/2214 3934/3924/2214 3026/6055/2214 4484/4474/2214
f 3137/3195/1176 4483/4473/1586 5483/5473/2154 5512/5502/2160
f 4224/4214/1515 3138/3196/1171 5097/5087/2088 5094/5084/2086
f 4226/4216/2213 3069/6056/2213 3938/3928/2213 3139/3197/2213
f 3140/3198/1173 3937/3927/1431 4526/4516/1975 5098/5088/2087
f 3941/3931/1435 3141/3199/1174 5514/5504/2161 4531/4521/1981
f 3142/3200/2214 3940/3930/2214 3025/6057/2214 4490/4480/2214
f 3143/3201/1176 4489/4479/1586 5492/5482/2154 5515/5505/2160
f 4230/4220/1515 3144/3202/1171 5106/5096/2088 5103/5093/2086
f 4232/4222/2213 3068/6058/2213 3944/3934/2213 3145/3203/2213
f 3146/3204/1173 3943/3933/1431 4538/4528/1975 5107/5097/2087
f 3947/3937/1435 3147/3205/1174 5517/5507/2161 4543/4533/1981
f 3148/3206/2214 3946/3936/2214 3024/6059/2214 4496/4486/2214
f 3149/3207/1176 4495/4485/1586 5501/5491/2154 5518/5508/2160
f 3150/3208/1177 3945/3935/1433 4542/4532/1982 4545/4535/1980
f 3946/3936/2214 3152/3210/2214 4498/4488/2214 3024/6059/2214
f 4499/4489/1590 3151/3209/1178 4547/4537/1979 5503/5493/2158
f 3153/3211/1180 4497/4487/1588 5502/5492/2159 5505/5495/2157
f 3024/6059/2214 4498/4488/2214 3155/3213/2214 3949/3939/2214
f 3950/3940/1438 3154/3212/1181 5507/5497/2156 4549/4539/1986
f 3156/3214/1183 3952/3942/1440 4556/4546/1988 5520/5510/2163
f 3953/3943/2222 3158/3216/2222 4474/4464/2222 3028/6060/2222
f 4475/4465/1583 3157/3215/1184 5522/5512/2162 5467/5457/2152
f 3159/3217/1180 4491/4481/1588 5493/5483/2159 5496/5486/2157
f 3025/6057/2214 4492/4482/2214 3161/3219/2214 3955/3945/2214
f 3956/3946/1438 3160/3218/1181 5498/5488/2156 4561/4551/1986
f 3162/3220/1183 3958/3948/1440 4568/4558/1988 5523/5513/2163
f 3959/3949/2222 3164/3222/2222 4468/4458/2222 3029/6061/2222
f 4469/4459/1583 3163/3221/1184 5525/5515/2164 5458/5448/2152
f 3165/3223/1180 4485/4475/1588 5484/5474/2159 5487/5477/2157
f 3026/6055/2214 4486/4476/2214 3167/3225/2214 3961/3951/2214
f 3962/3952/1438 3166/3224/1181 5489/5479/2156 4573/4563/1986
f 3168/3226/1183 3964/3954/1440 4580/4570/1988 5526/5516/2163
f 3965/3955/2222 3170/3228/2222 4462/4452/2222 3030/6062/2222
f 4463/4453/1583 3169/3227/1184 5528/5518/2162 5449/5439/2152
f 3171/3229/1180 4479/4469/1588 5475/5465/2159 5478/5468/2157
f 3027/6053/2214 4480/4470/2214 3173/3231/2214 3967/3957/2214
f 3968/3958/1438 3172/3230/1181 5480/5470/2156 4585/4575/1986
f 3174/3232/1183 3970/3960/1440 4592/4582/1988 5529/5519/2163
f 3971/3961/2222 3176/3234/2222 4456/4446/2222 3031/6063/2222
f 4457/4447/1583 3175/3233/1184 5531/5521/2162 5440/5430/2152
f 3969/3959/1439 3177/3235/1186 4593/4583/1991 4590/4580/1989
f 3178/3236/2222 3971/3961/2222 3031/6063/2222 4454/4444/2222
f 3179/3237/1188 4453/4443/1579 5438/5428/2148 4594/4584/1990
f 3180/3238/1189 3973/3963/1443 4598/4588/1992 5532/5522/2166
f 3974/3964/2223 3182/3240/2223 4450/4440/2223 3032/6064/2223
f 4451/4441/1577 3181/3239/1190 5534/5524/2165 5431/5421/2146
f 3183/3241/1192 4473/4463/1584 5466/5456/2153 5469/5459/2151
f 3028/6060/2222 4474/4464/2222 3185/3243/2222 3976/3966/2222
f 3977/3967/1447 3184/3242/1193 5471/5461/2150 4603/4593/1998
f 3186/3244/1189 3979/3969/1449 4610/4600/1992 5535/5525/2166
f 3980/3970/2223 3188/3246/2223 4444/4434/2223 3033/6065/2223
f 4445/4435/1577 3187/3245/1190 5537/5527/2165 5422/5412/2146
f 3189/3247/1192 4467/4457/1584 5457/5447/2153 5460/5450/2151
f 3029/6061/2222 4468/4458/2222 3191/3249/2222 3982/3972/2222
f 3983/3973/1447 3190/3248/1195 5462/5452/2150 4615/4605/2000
f 3192/3250/1189 3985/3975/1449 4622/4612/1992 5538/5528/2166
f 3986/3976/2223 3194/3252/2223 4438/4428/2223 3034/6066/2223
f 4439/4429/1577 3193/3251/1190 5540/5530/2165 5413/5403/2146
f 3195/3253/1192 4461/4451/1584 5448/5438/2153 5451/5441/2151
f 3030/6062/2222 4462/4452/2222 3197/3255/2222 3988/3978/2222
f 3989/3979/1447 3196/3254/1193 5453/5443/2150 4627/4617/2000
f 3198/3256/1189 3991/3981/1443 4634/4624/1992 5541/5531/2166
f 3992/3982/2223 3200/3258/2223 4432/4422/2223 3035/6067/2223
f 4433/4423/1577 3199/3257/1190 5543/5533/2165 5404/5394/2146
f 3201/3259/1192 4455/4445/1581 5439/5429/2153 5442/5432/2151
f 3031/6063/2222 4456/4446/2222 3203/3261/2222 3994/3984/2222
f 3995/3985/1447 3202/3260/1193 5444/5434/2150 4639/4629/1998
f 3204/3262/1196 3993/3983/1445 4638/4628/1999 4641/4631/1997
f 4454/4444/2222 3031/6063/2222 3994/3984/2222 3206/3264/2222
f 4452/4442/1578 3205/3263/1197 4643/4633/2001 5436/5426/2149
f 3207/3265/1199 4449/4439/1575 5430/5420/2147 5433/5423/2145
f 3032/6064/2223 4450/4440/2223 3209/3267/2223 3997/3987/2223
f 3998/3988/1452 3208/3266/1200 5435/5425/2144 4645/4635/2004
f 3210/3268/1202 4000/3990/1454 4652/4642/2006 5544/5534/2168
f 4001/3991/2224 3212/3270/2224 4426/4416/2224 3036/6068/2224
f 4427/4417/1571 3211/3269/1203 5546/5536/2167 5395/5385/2140
f 3213/3271/1199 4443/4433/1575 5421/5411/2147 5424/5414/2145
f 3033/6065/2223 4444/4434/2223 3215/3273/2223 4003/3993/2223
f 4004/3994/1452 3214/3272/1200 5426/5416/2144 4657/4647/2004
f 3216/3274/1202 4006/3996/1454 4664/4654/2006 5547/5537/2168
f 4007/3997/2224 3218/3276/2224 4420/4410/2224 3037/6069/2224
f 4421/4411/1571 3217/3275/1203 5549/5539/2167 5386/5376/2140
f 3219/3277/1199 4437/4427/1575 5412/5402/2147 5415/5405/2145
f 3034/6066/2223 4438/4428/2223 3221/3279/2223 4009/3999/2223
f 4010/4000/1452 3220/3278/1200 5417/5407/2144 4669/4659/2004
f 3222/3280/1202 4012/4002/1454 4676/4666/2006 5550/5540/2168
f 4013/4003/2224 3224/3282/2224 4414/4404/2224 3038/6070/2224
f 4415/4405/1571 3223/3281/1203 5552/5542/2167 5377/5367/2140
f 3225/3283/1199 4431/4421/1575 5403/5393/2147 5406/5396/2145
f 3035/6067/2223 4432/4422/2223 3227/3285/2223 4015/4005/2223
f 4016/4006/1452 3226/3284/1200 5408/5398/2144 4681/4671/2004
f 3228/3286/1202 4018/4008/1454 4688/4678/2006 5553/5543/2168
f 4019/4009/2224 3230/3288/2224 4408/4398/2224 3039/6071/2224
f 4409/4399/1571 3229/3287/1203 5555/5545/2167 5368/5358/2140
f 4017/4007/1453 3231/3289/1205 4689/4679/2009 4686/4676/2007
f 3232/3290/2224 4019/4009/2224 3039/6071/2224 4406/4396/2224
f 3233/3291/1207 4405/4395/1567 5366/5356/2136 4690/4680/2008
f 3234/3292/1208 4021/4011/1457 4694/4684/2010 5556/5546/2170
f 4022/4012/2225 3236/3294/2225 4402/4392/2225 3040/6072/2225
f 4403/4393/1565 3235/3293/1209 5558/5548/2169 5359/5349/2133
f 3237/3295/1211 4425/4415/1569 5394/5384/2141 5397/5387/2139
f 3036/6068/2224 4426/4416/2224 3239/3297/2224 4024/4014/2224
f 4025/4015/1461 3238/3296/1212 5399/5389/2138 4699/4689/2016
f 3240/3298/1208 4027/4017/1457 4706/4696/2010 5559/5549/2170
f 4028/4018/2225 3242/3300/2225 4396/4386/2225 3041/6073/2225
f 4397/4387/1565 3241/3299/1209 5561/5551/2169 5350/5340/2133
f 3243/3301/1211 4419/4409/1569 5385/5375/2141 5388/5378/2139
f 3037/6069/2224 4420/4410/2224 3245/3303/2224 4030/4020/2224
f 4031/4021/1461 3244/3302/1212 5390/5380/2138 4711/4701/2016
f 3246/3304/1208 4033/4023/1457 4718/4708/2010 5562/5552/2170
f 4034/4024/2225 3248/3306/2225 4390/4380/2225 3042/6074/2225
f 4391/4381/1565 3247/3305/1209 5564/5554/2169 5341/5331/2133
f 3249/3307/1211 4413/4403/1569 5376/5366/2141 5379/5369/2139
f 3038/6070/2224 4414/4404/2224 3251/3309/2224 4036/4026/2224
f 4037/4027/1462 3250/3308/1212 5381/5371/2138 4723/4713/2016
f 3252/3310/1214 4039/4029/1457 4730/4720/2010 5565/5555/2170
f 4040/4030/2225 3254/3312/2225 4384/4374/2225 3043/6075/2225
f 4385/4375/1565 3253/3311/1209 5567/5557/2171 5332/5322/2133
f 3255/3313/1211 4407/4397/1569 5367/5357/2141 5370/5360/2139
f 3039/6071/2224 4408/4398/2224 3257/3315/2224 4042/4032/2224
f 4043/4033/1461 3256/3314/1212 5372/5362/2138 4735/4725/2016
f 3258/3316/1215 4041/4031/1459 4734/4724/2017 4737/4727/2015
f 4406/4396/2224 3039/6071/2224 4042/4032/2224 3260/3318/2224
f 4404/4394/1566 3259/3317/1216 4739/4729/2014 5364/5354/2137
f 3261/3319/1218 4401/4391/1563 5358/5348/2134 5361/5351/2135
f 3040/6072/2225 4402/4392/2225 3263/3321/2225 4045/4035/2225
f 4046/4036/1466 3262/3320/1219 5363/5353/2131 4741/4731/2020
f 3264/3322/1221 4048/4038/1468 4748/4738/2022 5568/5558/2173
f 4049/4039/2219 3266/3324/2219 4378/4368/2219 3044/6076/2219
f 4379/4369/1559 3265/3323/1222 5570/5560/2172 5323/5313/2127
f 3267/3325/1218 4395/4385/1563 5349/5339/2134 5352/5342/2135
f 3041/6073/2225 4396/4386/2225 3269/3327/2225 4051/4041/2225
f 4052/4042/1466 3268/3326/1224 5354/5344/2131 4753/4743/2020
f 3270/3328/1221 4054/4044/1468 4760/4750/2022 5571/5561/2173
f 4055/4045/2219 3272/3330/2219 4372/4362/2219 3045/6077/2219
f 4373/4363/1559 3271/3329/1222 5573/5563/2172 5314/5304/2127
f 3273/3331/1218 4389/4379/1563 5340/5330/2134 5343/5333/2132
f 3042/6074/2225 4390/4380/2225 3275/3333/2225 4057/4047/2225
f 4058/4048/1466 3274/3332/1225 5345/5335/2131 4765/4755/2020
f 3276/3334/1221 4060/4050/1468 4772/4762/2022 5574/5564/2173
f 4061/4051/2219 3278/3336/2219 4366/4356/2219 3046/6078/2219
f 4367/4357/1559 3277/3335/1222 5576/5566/2172 5305/5295/2127
f 3279/3337/1218 4383/4373/1563 5331/5321/2134 5334/5324/2132
f 3043/6075/2225 4384/4374/2225 3281/3339/2225 4063/4053/2225
f 4064/4054/1471 3280/3338/1226 5336/5326/2131 4777/4767/2020
f 3282/3340/1221 4066/4056/1468 4784/4774/2022 5577/5567/2173
f 4067/4057/2219 3284/3342/2219 4360/4350/2219 3047/6079/2219
f 4361/4351/1559 3283/3341/1222 5579/5569/2172 5296/5286/2127
f 4065/4055/1467 3285/3343/1228 4785/4775/2025 4782/4772/2023
f 3286/3344/2219 4067/4057/2219 3047/6079/2219 4358/4348/2219
f 3287/3345/1230 4357/4347/1555 5294/5284/2123 4786/4776/2024
f 3288/3346/1231 4069/4059/1473 4790/4780/2027 5580/5570/2175
f 4070/4060/2221 3290/3348/2221 4354/4344/2221 3048/6080/2221
f 4355/4345/1553 3289/3347/1232 5582/5572/2174 5287/5277/2121
f 3291/3349/1234 4377/4367/1557 5322/5312/2128 5325/5315/2126
f 3044/6076/2219 4378/4368/2219 3293/3351/2219 4072/4062/2219
f 4073/4063/1477 3292/3350/1235 5327/5317/2125 4795/4785/2033
f 3294/3352/1237 4075/4065/1478 4802/4792/2027 5583/5573/2175
f 4076/4066/2221 3296/3354/2221 4348/4338/2221 3049/6081/2221
f 4349/4339/1553 3295/3353/1232 5585/5575/2174 5278/5268/2121
f 3297/3355/1234 4371/4361/1557 5313/5303/2128 5316/5306/2126
f 3045/6077/2219 4372/4362/2219 3299/3357/2219 4078/4068/2219
f 4079/4069/1477 3298/3356/1235 5318/5308/2125 4807/4797/2033
f 3300/3358/1231 4081/4071/1473 4814/4804/2027 5586/5576/2175
f 4082/4072/2221 3302/3360/2221 4342/4332/2221 3050/6082/2221
f 4343/4333/1553 3301/3359/1232 5588/5578/2174 5269/5259/2121
f 3303/3361/1234 4365/4355/1557 5304/5294/2128 5307/5297/2126
f 3046/6078/2219 4366/4356/2219 3305/3363/2219 4084/4074/2219
f 4085/4075/1477 3304/3362/1235 5309/5299/2125 4819/4809/2033
f 3306/3364/1231 4087/4077/1473 4826/4816/2027 5589/5579/2175
f 4088/4078/2221 3308/3366/2221 4336/4326/2221 3051/6083/2221
f 4337/4327/1553 3307/3365/1232 5591/5581/2174 5260/5250/2121
f 3309/3367/1234 4359/4349/1557 5295/5285/2128 5298/5288/2126
f 3047/6079/2219 4360/4350/2219 3311/3369/2219 4090/4080/2219
f 4091/4081/1477 3310/3368/1235 5300/5290/2125 4831/4821/2033
f 3312/3370/1239 4089/4079/1479 4830/4820/2034 4833/4823/2032
f 4358/4348/2219 3047/6079/2219 4090/4080/2219 3314/3372/2219
f 4356/4346/1554 3313/3371/1240 4835/4825/2031 5292/5282/2124
f 3315/3373/1242 4353/4343/1551 5286/5276/2122 5289/5279/2120
f 3048/6080/2221 4354/4344/2221 3317/3375/2221 4093/4083/2221
f 4094/4084/1483 3316/3374/1243 5291/5281/2119 4837/4827/2037
f 3318/3376/1245 4096/4086/1485 4844/4834/2039 5592/5582/2177
f 4097/4087/2226 3320/3378/2226 4330/4320/2226 3052/6084/2226
f 4331/4321/1547 3319/3377/1246 5594/5584/2176 5251/5241/2114
f 3321/3379/1248 4347/4337/1551 5277/5267/2122 5280/5270/2120
f 3049/6081/2221 4348/4338/2221 3323/3381/2221 4099/4089/2221
f 4100/4090/1488 3322/3380/1243 5282/5272/2119 4849/4839/2043
f 3324/3382/1245 4102/4092/1485 4856/4846/2039 5595/5585/2177
f 4103/4093/2226 3326/3384/2226 4324/4314/2226 3053/6085/2226
f 4325/4315/1547 3325/3383/1246 5597/5587/2178 5242/5232/2114
f 3327/3385/1242 4341/4331/1551 5268/5258/2122 5271/5261/2120
f 3050/6082/2221 4342/4332/2221 3329/3387/2221 4105/4095/2221
f 4106/4096/1483 3328/3386/1243 5273/5263/2119 4861/4851/2037
f 3330/3388/1245 4108/4098/1485 4868/4858/2039 5598/5588/2177
f 4109/4099/2226 3332/3390/2226 4318/4308/2226 3054/6086/2226
f 4319/4309/1545 3331/3389/1246 5600/5590/2178 5233/5223/2114
f 3333/3391/1242 4335/4325/1551 5259/5249/2122 5262/5252/2120
f 3051/6083/2221 4336/4326/2221 3335/3393/2221 4111/4101/2221
f 4112/4102/1483 3334/3392/1243 5264/5254/2119 4873/4863/2037
f 3336/3394/1245 4114/4104/1485 4880/4870/2039 5601/5591/2177
f 4115/4105/2226 3338/3396/2226 4312/4302/2226 3055/6087/2226
f 4313/4303/1545 3337/3395/1246 5603/5593/2176 5224/5214/2114
f 4113/4103/1484 3339/3397/1249 4881/4871/2042 4878/4868/2040
f 3340/3398/2226 4115/4105/2226 3055/6087/2226 4310/4300/2226
f 3341/3399/1251 4309/4299/1541 5222/5212/2110 4882/4872/2041
f 3342/3400/1252 4117/4107/1490 4886/4876/2046 5604/5594/2180
f 4118/4108/2227 3344/3402/2227 4306/4296/2227 3056/6088/2227
f 4307/4297/1539 3343/3401/1253 5606/5596/2179 5215/5205/2108
f 3345/3403/1255 4329/4319/1543 5250/5240/2115 5253/5243/2113
f 3052/6084/2226 4330/4320/2226 3347/3405/2226 4120/4110/2226
f 4121/4111/1494 3346/3404/1256 5255/5245/2112 4891/4881/2052
f 3348/3406/1252 4123/4113/1490 4898/4888/2046 5607/5597/2180
f 4124/4114/2227 3350/3408/2227 4300/4290/2227 3057/6089/2227
f 4301/4291/1539 3349/3407/1253 5609/5599/2179 5206/5196/2108
f 3351/3409/1255 4323/4313/1543 5241/5231/2115 5244/5234/2116
f 3053/6085/2226 4324/4314/2226 3353/3411/2226 4126/4116/2226
f 4127/4117/1494 3352/3410/1256 5246/5236/2112 4903/4893/2052
f 3354/3412/1252 4129/4119/1490 4910/4900/2046 5610/5600/2180
f 4130/4120/2227 3356/3414/2227 4294/4284/2227 3058/6090/2227
f 4295/4285/1539 3355/3413/1253 5612/5602/2179 5197/5187/2108
f 3357/3415/1255 4317/4307/1543 5232/5222/2115 5235/5225/2116
f 3054/6086/2226 4318/4308/2226 3359/3417/2226 4132/4122/2226
f 4133/4123/1494 3358/3416/1256 5237/5227/2112 4915/4905/2052
f 3360/3418/1252 4135/4125/1490 4922/4912/2046 5613/5603/2180
f 4136/4126/2227 3362/3420/2227 4288/4278/2227 3059/6091/2227
f 4289/4279/1539 3361/3419/1253 5615/5605/2179 5188/5178/2108
f 3363/3421/1255 4311/4301/1543 5223/5213/2115 5226/5216/2113
f 3055/6087/2226 4312/4302/2226 3365/3423/2226 4138/4128/2226
f 4139/4129/1494 3364/3422/1256 5228/5218/2112 4927/4917/2052
f 3366/3424/1258 4137/4127/1492 4926/4916/2053 4929/4919/2051
f 4310/4300/2226 3055/6087/2226 4138/4128/2226 3368/3426/2226
f 4308/4298/1540 3367/3425/1259 4931/4921/2054 5220/5210/2111
f 3369/3427/1261 4305/4295/1537 5214/5204/2109 5217/5207/2107
f 3056/6088/2227 4306/4296/2227 3371/3429/2227 4141/4131/2227
f 4142/4132/1498 3370/3428/1262 5219/5209/2106 4933/4923/2058
f 3372/3430/1264 4144/4134/1500 4940/4930/2060 5616/5606/2182
f 4145/4135/2228 3374/3432/2228 4282/4272/2228 3060/6092/2228
f 4283/4273/1533 3373/3431/1265 5618/5608/2181 5179/5169/2102
f 3375/3433/1261 4299/4289/1537 5205/5195/2109 5208/5198/2107
f 3057/6089/2227 4300/4290/2227 3377/3435/2227 4147/4137/2227
f 4148/4138/1498 3376/3434/1262 5210/5200/2106 4945/4935/2064
f 3378/3436/1264 4150/4140/1500 4952/4942/2060 5619/5609/2182
f 4151/4141/2228 3380/3438/2228 4276/4266/2228 3061/6093/2228
f 4277/4267/1533 3379/3437/1265 5621/5611/2181 5170/5160/2102
f 3381/3439/1261 4293/4283/1537 5196/5186/2109 5199/5189/2107
f 3058/6090/2227 4294/4284/2227 3383/3441/2227 4153/4143/2227
f 4154/4144/1498 3382/3440/1262 5201/5191/2106 4957/4947/2064
f 3384/3442/1264 4156/4146/1500 4964/4954/2060 5622/5612/2182
f 4157/4147/2228 3386/3444/2228 4270/4260/2228 3062/6094/2228
f 4271/4261/1533 3385/3443/1265 5624/5614/2181 5161/5151/2102
f 3387/3445/1261 4287/4277/1537 5187/5177/2109 5190/5180/2107
f 3059/6091/2227 4288/4278/2227 3389/3447/2227 4159/4149/2227
f 4160/4150/1498 3388/3446/1262 5192/5182/2106 4969/4959/2064
f 3390/3448/1264 4162/4152/1500 4976/4966/2060 5625/5615/2182
f 4163/4153/2228 3392/3450/2228 4264/4254/2228 3063/6095/2228
f 4265/4255/1533 3391/3449/1265 5627/5617/2181 5152/5142/2102
f 4161/4151/1499 3393/3451/1270 4977/4967/2063 4974/4964/2061
f 3394/3452/2228 4163/4153/2228 3063/6095/2228 4262/4252/2228
f 3395/3453/1272 4261/4251/1529 5150/5140/2098 4978/4968/2062
f 3396/3454/1273 4165/4155/1504 4982/4972/2066 5628/5618/2184
f 4166/4156/2229 3398/3456/2229 4258/4248/2229 3064/6096/2229
f 4259/4249/1526 3397/3455/1274 5630/5620/2183 5143/5133/2095
f 3399/3457/1276 4281/4271/1531 5178/5168/2103 5181/5171/2101
f 3060/6092/2228 4282/4272/2228 3401/3459/2228 4168/4158/2228
f 4169/4159/1508 3400/3458/1277 5183/5173/2100 4987/4977/2072
f 3402/3460/1273 4171/4161/1504 4994/4984/2066 5631/5621/2184
f 4172/4162/2229 3404/3462/2229 4252/4242/2229 3065/6097/2229
f 4253/4243/1526 3403/3461/1274 5633/5623/2185 5134/5124/2095
f 3405/3463/1276 4275/4265/1531 5169/5159/2103 5172/5162/2101
f 3061/6093/2228 4276/4266/2228 3407/3465/2228 4174/4164/2228
f 4175/4165/1508 3406/3464/1277 5174/5164/2100 4999/4989/2072
f 3408/3466/1273 4177/4167/1504 5006/4996/2066 5634/5624/2184
f 4178/4168/2229 3410/3468/2229 4246/4236/2229 3066/6098/2229
f 4247/4237/1526 3409/3467/1274 5636/5626/2183 5125/5115/2095
f 3411/3469/1276 4269/4259/1531 5160/5150/2103 5163/5153/2101
f 3062/6094/2228 4270/4260/2228 3413/3471/2228 4180/4170/2228
f 4181/4171/1508 3412/3470/1277 5165/5155/2100 5011/5001/2072
f 3414/3472/1279 4183/4173/1504 5018/5008/2066 5637/5627/2184
f 4184/4174/2229 3416/3474/2229 4240/4230/2229 3067/6099/2229
f 4241/4231/1526 3415/3473/1274 5639/5629/2183 5116/5106/2095
f 3417/3475/1280 4263/4253/1531 5151/5141/2103 5154/5144/2101
f 3063/6095/2228 4264/4254/2228 3419/3477/2228 4186/4176/2228
f 4187/4177/1508 3418/3476/1277 5156/5146/2100 5023/5013/2072
f 3420/3478/1281 4185/4175/1506 5022/5012/2073 5025/5015/2071
f 4262/4252/2228 3063/6095/2228 4186/4176/2228 3422/3480/2228
f 4260/4250/1528 3421/3479/1282 5027/5017/2070 5148/5138/2099
f 3423/3481/1284 4257/4247/1527 5142/5132/2096 5145/5135/2094
f 3064/6096/2229 4258/4248/2229 3425/3483/2229 4189/4179/2229
f 4190/4180/1511 3424/3482/1285 5147/5137/2093 5029/5019/2078
f 3426/3484/1287 4192/4182/1513 5036/5026/2080 5640/5630/2187
f 4193/4183/2213 3428/3486/2213 4234/4224/2213 3068/6058/2213
f 4235/4225/1520 3427/3485/1288 5642/5632/2186 5110/5100/2089
f 3429/3487/1284 4251/4241/1527 5133/5123/2096 5136/5126/2097
f 3065/6097/2229 4252/4242/2229 3431/3489/2229 4195/4185/2229
f 4196/4186/1511 3430/3488/1285 5138/5128/2093 5041/5031/2078
f 3432/3490/1287 4198/4188/1513 5048/5038/2080 5643/5633/2187
f 4199/4189/2213 3434/3492/2213 4228/4218/2213 3069/6056/2213
f 4229/4219/1520 3433/3491/1288 5645/5635/2186 5101/5091/2089
f 3435/3493/1284 4245/4235/1527 5124/5114/2096 5127/5117/2094
f 3066/6098/2229 4246/4236/2229 3437/3495/2229 4201/4191/2229
f 4202/4192/1511 3436/3494/1285 5129/5119/2093 5053/5043/2078
f 3438/3496/1287 4204/4194/1513 5060/5050/2080 5646/5636/2187
f 4205/4195/2213 3440/3498/2213 4222/4212/2213 3070/6054/2213
f 4223/4213/1520 3439/3497/1288 5648/5638/2186 5092/5082/2089
f 3441/3499/1284 4239/4229/1524 5115/5105/2096 5118/5108/2094
f 3067/6099/2229 4240/4230/2229 3443/3501/2229 4207/4197/2229
f 4208/4198/1511 3442/3500/1285 5120/5110/2093 5065/5055/2078
f 3444/3502/1287 4210/4200/1513 5072/5062/2080 5649/5639/2187
f 4211/4201/2213 3446/3504/2213 4216/4206/2213 3071/6052/2213
f 4217/4207/1520 3445/3503/1288 5651/5641/2186 5083/5073/2089
f 4209/4199/1512 3447/3505/1290 5073/5063/2083 5070/5060/2081
f 3448/3506/2213 4211/4201/2213 3071/6052/2213 4214/4204/2213
f 3449/3507/1292 4213/4203/1516 5078/5068/2085 5074/5064/2082
f 5081/5071/2213 4501/4491/2213 4505/4495/2213 3454/5779/1971 3450/3508/1293
f 3451/3509/1294 3455/5780/1972 2992/3150/1151 2985/6017/1151
f 5075/5065/2213 5077/5067/2213 5081/5071/2213 3450/3508/1293 3453/3511/1296 3888/5777/1969
f 4510/4500/2214 4508/4498/2214 5510/5500/2214 3455/5780/1972 3460/5782/1972
f 3919/5855/1969 3914/5853/1969 3459/5781/1971 3454/5779/1971
f 4505/4495/2213 5084/5074/2213 5650/5640/2213 3919/5855/1969 3454/5779/1971
f 5510/5500/2214 5473/5463/2214 4588/4578/2214 2992/3150/1151 3455/5780/1972
f 3924/3914/1430 3456/3512/1297 4503/4493/1978 4500/4490/1976
f 3071/6052/2213 4216/4206/2213 3457/3513/2213 3926/3916/2213
f 3458/3514/1299 4215/4205/1518 5082/5072/2090 4504/4494/1977
f 5090/5080/2213 4513/4503/2213 4517/4507/2213 3464/5783/1971 3459/5781/1971
f 3460/5782/1972 3465/5784/1972 2990/3154/1151 2991/3151/1151
f 5063/5053/2213 5086/5076/2213 5090/5080/2213 3459/5781/1971 3914/5853/1969
f 5479/5469/2214 5477/5467/2214 4510/4500/2214 3460/5782/1972 2991/3151/1151
f 3461/3515/1177 3927/3917/1433 4506/4496/1982 4509/4499/1980
f 3928/3918/2214 3463/3517/2214 4480/4470/2214 3027/6053/2214
f 4481/4471/1590 3462/3516/1178 4511/4501/1979 5476/5466/2158
f 4522/4512/2214 4520/4510/2214 5513/5503/2214 3465/5784/1972 3470/5786/1972
f 3909/5851/1969 3904/5849/1969 3469/5785/1971 3464/5783/1971
f 4517/4507/2213 5093/5083/2213 5647/5637/2213 3909/5851/1969 3464/5783/1971
f 5513/5503/2214 5482/5472/2214 4576/4566/2214 2990/3154/1151 3465/5784/1972
f 3930/3920/1430 3466/3518/1297 4515/4505/1978 4512/4502/1976
f 3070/6054/2213 4222/4212/2213 3467/3519/2213 3932/3922/2213
f 3468/3520/1299 4221/4211/1518 5091/5081/2090 4516/4506/1977
f 5099/5089/2213 4525/4515/2213 4529/4519/2213 3474/5787/1971 3469/5785/1971
f 3470/5786/1972 3475/5788/1972 2988/3158/1151 2989/3155/1151
f 5051/5041/2213 5095/5085/2213 5099/5089/2213 3469/5785/1971 3904/5849/1969
f 5488/5478/2214 5486/5476/2214 4522/4512/2214 3470/5786/1972 2989/3155/1151
f 3471/3521/1177 3933/3923/1433 4518/4508/1982 4521/4511/1980
f 3934/3924/2214 3473/3523/2214 4486/4476/2214 3026/6055/2214
f 4487/4477/1590 3472/3522/1178 4523/4513/1979 5485/5475/2158
f 4534/4524/2214 4532/4522/2214 5516/5506/2214 3475/5788/1972 3479/3527/1300
f 3899/5847/1969 3894/5845/1969 3480/3528/1301 3474/5787/1971
f 4529/4519/2213 5102/5092/2213 5644/5634/2213 3899/5847/1969 3474/5787/1971
f 5516/5506/2214 5491/5481/2214 4564/4554/2214 2988/3158/1151 3475/5788/1972
f 3936/3926/1430 3476/3524/1297 4527/4517/1978 4524/4514/1983
f 3069/6056/2213 4228/4218/2213 3477/3525/2213 3938/3928/2213
f 3478/3526/1299 4227/4217/1518 5100/5090/2090 4528/4518/1977
f 5108/5098/2213 4537/4527/2213 4541/4531/2213 2983/6100/2213 3482/3530/1303 3481/3529/1302
f 3483/3531/1304 3482/3530/1303 2983/6100/2214 2986/3162/1151 2987/3159/1151
f 5039/5029/2213 5104/5094/2213 5108/5098/2213 3481/3529/1302 3480/3528/1301 3894/5845/1969
f 5497/5487/2214 5495/5485/2214 4534/4524/2214 3479/3527/1300 3483/3531/1304 2987/3159/1151
f 3484/3532/1177 3939/3929/1433 4530/4520/1982 4533/4523/1980
f 3940/3930/2214 3486/3534/2214 4492/4482/2214 3025/6057/2214
f 4493/4483/1590 3485/3533/1178 4535/4525/1979 5494/5484/2158
f 3942/3932/1430 3487/3535/1297 4539/4529/1978 4536/4526/1976
f 3068/6058/2213 4234/4224/2213 3488/3536/2213 3944/3934/2213
f 3489/3537/1299 4233/4223/1518 5109/5099/2090 4540/4530/1977
f 3490/3538/1305 3948/3938/1436 4548/4538/1987 4551/4541/1985
f 4496/4486/2214 3024/6059/2214 3949/3939/2214 3492/3540/2214
f 4494/4484/1585 3491/3539/1306 4553/4543/1984 5499/5489/2155
f 3951/3941/1439 3493/3541/1186 4557/4547/1991 4554/4544/1989
f 3494/3542/2222 3953/3943/2222 3028/6060/2222 4472/4462/2222
f 3495/3543/1188 4471/4461/1579 5465/5455/2148 4558/4548/1990
f 3496/3544/1305 3954/3944/1436 4560/4550/1987 4563/4553/1985
f 4490/4480/2214 3025/6057/2214 3955/3945/2214 3498/3546/2214
f 4488/4478/1585 3497/3545/1306 4565/4555/1984 5490/5480/2155
f 3957/3947/1439 3499/3547/1186 4569/4559/1991 4566/4556/1989
f 3500/3548/2222 3959/3949/2222 3029/6061/2222 4466/4456/2222
f 3501/3549/1188 4465/4455/1579 5456/5446/2148 4570/4560/1990
f 3502/3550/1305 3960/3950/1436 4572/4562/1987 4575/4565/1985
f 4484/4474/2214 3026/6055/2214 3961/3951/2214 3504/3552/2214
f 4482/4472/1585 3503/3551/1306 4577/4567/1984 5481/5471/2155
f 3963/3953/1439 3505/3553/1186 4581/4571/1991 4578/4568/1989
f 3506/3554/2222 3965/3955/2222 3030/6062/2222 4460/4450/2222
f 3507/3555/1188 4459/4449/1579 5447/5437/2148 4582/4572/1990
f 3508/3556/1305 3966/3956/1436 4584/4574/1987 4587/4577/1985
f 4478/4468/2214 3027/6053/2214 3967/3957/2214 3510/3558/2214
f 4476/4466/1585 3509/3557/1308 4589/4579/1984 5472/5462/2155
f 3972/3962/1442 3511/3559/1309 4599/4589/1995 4596/4586/1993
f 3512/3560/2223 3974/3964/2223 3032/6064/2223 4448/4438/2223
f 3513/3561/1311 4447/4437/1573 5429/5419/2142 4600/4590/1994
f 3514/3562/1196 3975/3965/1445 4602/4592/1999 4605/4595/1997
f 4472/4462/2222 3028/6060/2222 3976/3966/2222 3516/3564/2222
f 4470/4460/1578 3515/3563/1197 4607/4597/1996 5463/5453/2149
f 3978/3968/1448 3517/3565/1309 4611/4601/1995 4608/4598/1993
f 3518/3566/2223 3980/3970/2223 3033/6065/2223 4442/4432/2223
f 3519/3567/1311 4441/4431/1573 5420/5410/2142 4612/4602/1994
f 3520/3568/1196 3981/3971/1445 4614/4604/1999 4617/4607/1997
f 4466/4456/2222 3029/6061/2222 3982/3972/2222 3522/3570/2222
f 4464/4454/1578 3521/3569/1197 4619/4609/1996 5454/5444/2149
f 3984/3974/1442 3523/3571/1309 4623/4613/1995 4620/4610/1993
f 3524/3572/2223 3986/3976/2223 3034/6066/2223 4436/4426/2223
f 3525/3573/1311 4435/4425/1573 5411/5401/2142 4624/4614/1994
f 3526/3574/1196 3987/3977/1445 4626/4616/1999 4629/4619/1997
f 4460/4450/2222 3030/6062/2222 3988/3978/2222 3528/3576/2222
f 4458/4448/1578 3527/3575/1197 4631/4621/1996 5445/5435/2149
f 3990/3980/1442 3529/3577/1309 4635/4625/1995 4632/4622/1993
f 3530/3578/2223 3992/3982/2223 3035/6067/2223 4430/4420/2223
f 3531/3579/1311 4429/4419/1573 5402/5392/2142 4636/4626/1994
f 4648/4638/2223 4646/4636/2223 5434/5424/2223 3533/5794/1954 3537/5793/1954
f 3536/5795/1953 3532/5789/1953 3572/3602/1320 3575/3605/1323
f 5434/5424/2223 5432/5422/2223 5533/5523/2223 2993/3164/1152 3533/5794/1954
f 5554/5544/2224 4687/4677/2224 4691/4681/2224 3535/5746/1953 3566/5819/1953
f 2994/6023/1152 3001/3153/1152 3567/5817/1954 3534/6026/1954
f 4691/4681/2224 5365/5355/2224 4738/4728/2224 3002/6029/2217 3535/5746/1953
f 5545/5535/2224 4651/4641/2224 4655/4645/2224 3541/5796/1953 3536/5795/1953
f 2996/3160/1152 2995/3165/1152 3537/5793/1954 3542/5802/1954
f 5398/5388/2224 5396/5386/2224 5545/5535/2224 3536/5795/1953 3575/3605/1323 3579/3609/1327
f 4601/4591/2223 5428/5418/2223 4648/4638/2223 3537/5793/1954 2995/3165/1152
f 3538/3580/1313 3996/3986/1450 4644/4634/2005 4647/4637/2003
f 4448/4438/2223 3032/6064/2223 3997/3987/2223 3540/3582/2223
f 4446/4436/1572 3539/3581/1314 4649/4639/2002 5427/5417/2143
f 4660/4650/2223 4658/4648/2223 5425/5415/2223 3542/5802/1954 3547/5801/1954
f 3546/5803/1953 3541/5796/1953 3584/3614/1332 3591/3621/1323
f 4655/4645/2224 5392/5382/2224 4702/4692/2224 3585/3615/1333 3584/3614/1332 3541/5796/1953
f 5425/5415/2223 5423/5413/2223 5536/5526/2223 2996/3160/1152 3542/5802/1954
f 3999/3989/1453 3543/3583/1205 4653/4643/2009 4650/4640/2007
f 3544/3584/2224 4001/3991/2224 3036/6068/2224 4424/4414/2224
f 3545/3585/1207 4423/4413/1567 5393/5383/2136 4654/4644/2008
f 5548/5538/2224 4663/4653/2224 4667/4657/2224 3551/5804/1953 3546/5803/1953
f 2998/3156/1152 2997/3161/1152 3547/5801/1954 3552/5810/1954
f 5389/5379/2224 5387/5377/2224 5548/5538/2224 3546/5803/1953 3591/3621/1323 3595/3625/1327
f 4613/4603/2223 5419/5409/2223 4660/4650/2223 3547/5801/1954 2997/3161/1152
f 3548/3586/1313 4002/3992/1450 4656/4646/2005 4659/4649/2003
f 4442/4432/2223 3033/6065/2223 4003/3993/2223 3550/3588/2223
f 4440/4430/1572 3549/3587/1314 4661/4651/2002 5418/5408/2143
f 4672/4662/2223 4670/4660/2223 5416/5406/2223 3552/5810/1954 3557/5809/1954
f 3556/5811/1953 3551/5804/1953 3600/3630/1332 3607/3637/1323
f 4667/4657/2224 5383/5373/2224 4714/4704/2224 3601/3631/1333 3600/3630/1332 3551/5804/1953
f 5416/5406/2223 5414/5404/2223 5539/5529/2223 2998/3156/1152 3552/5810/1954
f 4005/3995/1453 3553/3589/1317 4665/4655/2009 4662/4652/2007
f 3554/3590/2224 4007/3997/2224 3037/6069/2224 4418/4408/2224
f 3555/3591/1207 4417/4407/1567 5384/5374/2136 4666/4656/2008
f 5551/5541/2224 4675/4665/2224 4679/4669/2224 3561/5812/1953 3556/5811/1953
f 3000/3152/1152 2999/3157/1152 3557/5809/1954 3562/5818/1954
f 5380/5370/2224 5378/5368/2224 5551/5541/2224 3556/5811/1953 3607/3637/1323 3611/3641/1327
f 4625/4615/2223 5410/5400/2223 4672/4662/2223 3557/5809/1954 2999/3157/1152
f 3558/3592/1313 4008/3998/1450 4668/4658/2005 4671/4661/2003
f 4436/4426/2223 3034/6066/2223 4009/3999/2223 3560/3594/2223
f 4434/4424/1572 3559/3593/1314 4673/4663/2002 5409/5399/2143
f 4684/4674/2223 4682/4672/2223 5407/5397/2223 3562/5818/1954 3567/5817/1954
f 3566/5819/1953 3561/5812/1953 3616/3646/1332 3623/3653/1323
f 4679/4669/2224 5374/5364/2224 4726/4716/2224 3617/3647/1333 3616/3646/1332 3561/5812/1953
f 5407/5397/2223 5405/5395/2223 5542/5532/2223 3000/3152/1152 3562/5818/1954
f 4011/4001/1453 3563/3595/1205 4677/4667/2009 4674/4664/2007
f 3564/3596/2224 4013/4003/2224 3038/6070/2224 4412/4402/2224
f 3565/3597/1207 4411/4401/1567 5375/5365/2136 4678/4668/2008
f 5371/5361/2224 5369/5359/2224 5554/5544/2224 3566/5819/1953 3623/3653/1323 3627/3657/1327
f 4637/4627/2223 5401/5391/2223 4684/4674/2223 3567/5817/1954 3001/3153/1152
f 3568/3598/1313 4014/4004/1450 4680/4670/2005 4683/4673/2003
f 4430/4420/2223 3035/6067/2223 4015/4005/2223 3570/3600/2223
f 4428/4418/1572 3569/3599/1314 4685/4675/2002 5400/5390/2143
f 5362/5352/2225 5360/5350/2225 5557/5547/2225 3571/3601/1319 3574/3604/1322 3633/3663/1339 3632/3662/1338
f 5557/5547/2225 4693/4683/2225 4697/4687/2225 3576/3606/1324 3571/3601/1319
f 4702/4692/2224 4700/4690/2224 5398/5388/2224 3579/3609/1327 3578/3608/1326 3586/3616/1334 3585/3615/1333
f 3587/3617/1335 3586/3616/1334 3578/3608/1326 3577/3607/1325 3639/3669/1345 3638/3668/1344 3646/3676/1352 3645/3675/1351
f 4697/4687/2225 5356/5346/2225 4744/4734/2225 3635/3665/1341 3639/3669/1345 3577/3607/1325 3576/3606/1324
f 4020/4010/1456 3580/3610/1328 4695/4685/2013 4692/4682/2011
f 3581/3611/2225 4022/4012/2225 3040/6072/2225 4400/4390/2225
f 3582/3612/1330 4399/4389/1561 5357/5347/2129 4696/4686/2012
f 5560/5550/2225 4705/4695/2225 4709/4699/2225 3592/3622/1324 3583/3613/1331
f 5353/5343/2225 5351/5341/2225 5560/5550/2225 3583/3613/1331 3587/3617/1335 3645/3675/1351 3644/3674/1350
f 3588/3618/1215 4023/4013/1459 4698/4688/2017 4701/4691/2015
f 4424/4414/2224 3036/6068/2224 4024/4014/2224 3590/3620/2224
f 4422/4412/1566 3589/3619/1216 4703/4693/2014 5391/5381/2137
f 4714/4704/2224 4712/4702/2224 5389/5379/2224 3595/3625/1327 3594/3624/1326 3602/3632/1334 3601/3631/1333
f 3603/3633/1335 3602/3632/1334 3594/3624/1326 3593/3623/1325 3655/3685/1345 3654/3684/1344 3662/3692/1352 3661/3691/1351
f 4709/4699/2225 5347/5337/2225 4756/4746/2225 3651/3681/1341 3655/3685/1345 3593/3623/1325 3592/3622/1324
f 4026/4016/1456 3596/3626/1328 4707/4697/2013 4704/4694/2011
f 3597/3627/2225 4028/4018/2225 3041/6073/2225 4394/4384/2225
f 3598/3628/1330 4393/4383/1561 5348/5338/2129 4708/4698/2012
f 5563/5553/2225 4717/4707/2225 4721/4711/2225 3608/3638/1324 3599/3629/1331
f 5344/5334/2225 5342/5332/2225 5563/5553/2225 3599/3629/1331 3603/3633/1335 3661/3691/1351 3660/3690/1350
f 3604/3634/1215 4029/4019/1459 4710/4700/2017 4713/4703/2015
f 4418/4408/2224 3037/6069/2224 4030/4020/2224 3606/3636/2224
f 4416/4406/1566 3605/3635/1216 4715/4705/2014 5382/5372/2137
f 4726/4716/2224 4724/4714/2224 5380/5370/2224 3611/3641/1327 3610/3640/1326 3618/3648/1334 3617/3647/1333
f 3619/3649/1335 3618/3648/1334 3610/3640/1326 3609/3639/1325 3671/3701/1345 3670/3700/1344 3678/3708/1352 3677/3707/1351
f 4721/4711/2225 5338/5328/2225 4768/4758/2225 3667/3697/1341 3671/3701/1345 3609/3639/1325 3608/3638/1324
f 4032/4022/1456 3612/3642/1328 4719/4709/2013 4716/4706/2011
f 3613/3643/2225 4034/4024/2225 3042/6074/2225 4388/4378/2225
f 3614/3644/1330 4387/4377/1561 5339/5329/2129 4720/4710/2012
f 5566/5556/2225 4729/4719/2225 4733/4723/2225 3624/3654/1324 3615/3645/1331
f 5335/5325/2225 5333/5323/2225 5566/5556/2225 3615/3645/1331 3619/3649/1335 3677/3707/1351 3676/3706/1350
f 3620/3650/1215 4035/4025/1459 4722/4712/2017 4725/4715/2015
f 4412/4402/2224 3038/6070/2224 4036/4026/2224 3622/3652/2224
f 4410/4400/1566 3621/3651/1216 4727/4717/2014 5373/5363/2137
f 4738/4728/2224 4736/4726/2224 5371/5361/2224 3627/3657/1327 3626/3656/1326 3002/6029/2217
f 3002/6029/2217 3626/3656/1326 3625/3655/1325 3687/3717/1345 3686/3716/1344 3003/6034/2218
f 4733/4723/2225 5329/5319/2225 4780/4770/2225 3683/3713/1341 3687/3717/1345 3625/3655/1325 3624/3654/1324
f 4038/4028/1456 3628/3658/1336 4731/4721/2013 4728/4718/2011
f 3629/3659/2225 4040/4030/2225 3043/6075/2225 4382/4372/2225
f 3630/3660/1330 4381/4371/1561 5330/5320/2129 4732/4722/2012
f 4744/4734/2225 4742/4732/2225 5362/5352/2225 3632/3662/1338 3635/3665/1341
f 3636/3666/1342 3631/3661/1337 3004/6038/2220 3698/3728/1362 3697/3727/1361
f 5569/5559/2219 4747/4737/2219 4751/4741/2219 3647/3677/1353 3646/3676/1352 3638/3668/1344 3637/3667/1343
f 5326/5316/2219 5324/5314/2219 5569/5559/2219 3637/3667/1343 3636/3666/1342 3697/3727/1361 3696/3726/1360
f 3640/3670/1346 4044/4034/1464 4740/4730/2021 4743/4733/2019
f 4400/4390/2225 3040/6072/2225 4045/4035/2225 3642/3672/2225
f 4398/4388/1560 3641/3671/1347 4745/4735/2018 5355/5345/2130
f 4756/4746/2225 4754/4744/2225 5353/5343/2225 3644/3674/1350 3651/3681/1341
f 3652/3682/1342 3643/3673/1349 3704/5822/1974 3709/5824/1974
f 4751/4741/2219 5320/5310/2219 4798/4788/2219 3704/5822/1974 3643/3673/1349 3647/3677/1353
f 4047/4037/1467 3648/3678/1228 4749/4739/2025 4746/4736/2023
f 3649/3679/2219 4049/4039/2219 3044/6076/2219 4376/4366/2219
f 3650/3680/1230 4375/4365/1555 5321/5311/2123 4750/4740/2024
f 5572/5562/2219 4759/4749/2219 4763/4753/2219 3663/3693/1353 3662/3692/1352 3654/3684/1344 3653/3683/1343
f 5317/5307/2219 5315/5305/2219 5572/5562/2219 3653/3683/1343 3652/3682/1342 3709/5824/1974
f 3656/3686/1346 4050/4040/1464 4752/4742/2021 4755/4745/2019
f 4394/4384/2225 3041/6073/2225 4051/4041/2225 3658/3688/2225
f 4392/4382/1560 3657/3687/1347 4757/4747/2018 5346/5336/2130
f 4768/4758/2225 4766/4756/2225 5344/5334/2225 3660/3690/1350 3667/3697/1341
f 3668/3698/1342 3659/3689/1349 3717/3743/1372 3716/3742/1371 3724/3750/1362 3723/3749/1361
f 4763/4753/2219 5311/5301/2219 4810/4800/2219 3713/3739/1368 3717/3743/1372 3659/3689/1349 3663/3693/1353
f 4053/4043/1467 3664/3694/1228 4761/4751/2025 4758/4748/2023
f 3665/3695/2219 4055/4045/2219 3045/6077/2219 4370/4360/2219
f 3666/3696/1230 4369/4359/1555 5312/5302/2123 4762/4752/2024
f 5575/5565/2219 4771/4761/2219 4775/4765/2219 3679/3709/1353 3678/3708/1352 3670/3700/1344 3669/3699/1343
f 5308/5298/2219 5306/5296/2219 5575/5565/2219 3669/3699/1343 3668/3698/1342 3723/3749/1361 3722/3748/1360
f 3672/3702/1346 4056/4046/1464 4764/4754/2021 4767/4757/2019
f 4388/4378/2225 3042/6074/2225 4057/4047/2225 3674/3704/2225
f 4386/4376/1560 3673/3703/1347 4769/4759/2018 5337/5327/2130
f 4780/4770/2225 4778/4768/2225 5335/5325/2225 3676/3706/1350 3683/3713/1341
f 3684/3714/1342 3675/3705/1349 3733/3759/1372 3732/3758/1371 3740/3766/1362 3739/3765/1361
f 4775/4765/2219 5302/5292/2219 4822/4812/2219 3729/3755/1368 3733/3759/1372 3675/3705/1349 3679/3709/1353
f 4059/4049/1467 3680/3710/1228 4773/4763/2025 4770/4760/2023
f 3681/3711/2219 4061/4051/2219 3046/6078/2219 4364/4354/2219
f 3682/3712/1230 4363/4353/1555 5303/5293/2123 4774/4764/2024
f 5578/5568/2219 4783/4773/2219 4787/4777/2219 3003/6034/2218 3686/3716/1344 3685/3715/1343
f 5299/5289/2219 5297/5287/2219 5578/5568/2219 3685/3715/1343 3684/3714/1342 3739/3765/1361 3738/3764/1374
f 3688/3718/1354 4062/4052/1470 4776/4766/2021 4779/4769/2019
f 4382/4372/2225 3043/6075/2225 4063/4053/2225 3690/3720/2225
f 4380/4370/1560 3689/3719/1347 4781/4771/2026 5328/5318/2130
f 3692/3722/1356 3737/3763/1359 3780/5840/1962 3747/5764/1962
f 4787/4777/2219 5293/5283/2219 4834/4824/2219 3691/3721/1355 3694/3724/1358 3003/6034/2218
f 4834/4824/2219 4832/4822/2219 5299/5289/2219 3738/3764/1374 3691/3721/1355
f 5581/5571/2221 4789/4779/2221 4793/4783/2221 3699/3729/1363 3698/3728/1362 3004/6038/2220
f 4798/4788/2219 4796/4786/2219 5326/5316/2219 3696/3726/1360 3704/5822/1974
f 3703/5821/1973 3695/3725/1359 3750/5828/1962 3755/5830/1962
f 4793/4783/2221 5284/5274/2221 4840/4830/2221 3750/5828/1962 3695/3725/1359 3699/3729/1363
f 4068/4058/1472 3700/3730/1364 4791/4781/2030 4788/4778/2028
f 3701/3731/2221 4070/4060/2221 3048/6080/2221 4352/4342/2221
f 3702/3732/1366 4351/4341/1549 5285/5275/2117 4792/4782/2029
f 5584/5574/2221 4801/4791/2221 4805/4795/2221 3708/5823/1973 3703/5821/1973
f 5281/5271/2221 5279/5269/2221 5584/5574/2221 3703/5821/1973 3755/5830/1962
f 3705/3733/1367 4071/4061/1475 4794/4784/2034 4797/4787/2032
f 4376/4366/2219 3044/6076/2219 4072/4062/2219 3707/3735/2219
f 4374/4364/1554 3706/3734/1240 4799/4789/2031 5319/5309/2124
f 4810/4800/2219 4808/4798/2219 5317/5307/2219 3709/5824/1974 3713/3739/1368
f 3714/3740/1369 3708/5823/1973 3760/5832/1962 3765/5834/1962
f 4805/4795/2221 5275/5265/2221 4852/4842/2221 3760/5832/1962 3708/5823/1973
f 4074/4064/1472 3710/3736/1364 4803/4793/2030 4800/4790/2028
f 3711/3737/2221 4076/4066/2221 3049/6081/2221 4346/4336/2221
f 3712/3738/1366 4345/4335/1549 5276/5266/2117 4804/4794/2029
f 5587/5577/2221 4813/4803/2221 4817/4807/2221 3725/3751/1363 3724/3750/1362 3716/3742/1371 3715/3741/1370
f 5272/5262/2221 5270/5260/2221 5587/5577/2221 3715/3741/1370 3714/3740/1369 3765/5834/1962
f 3718/3744/1239 4077/4067/1479 4806/4796/2034 4809/4799/2032
f 4370/4360/2219 3045/6077/2219 4078/4068/2219 3720/3746/2219
f 4368/4358/1554 3719/3745/1240 4811/4801/2031 5310/5300/2124
f 4822/4812/2219 4820/4810/2219 5308/5298/2219 3722/3748/1360 3729/3755/1368
f 3730/3756/1369 3721/3747/1359 3770/5836/1962 3775/5838/1962
f 4817/4807/2221 5266/5256/2221 4864/4854/2221 3770/5836/1962 3721/3747/1359 3725/3751/1363
f 4080/4070/1480 3726/3752/1364 4815/4805/2030 4812/4802/2028
f 3727/3753/2221 4082/4072/2221 3050/6082/2221 4340/4330/2221
f 3728/3754/1366 4339/4329/1549 5267/5257/2117 4816/4806/2029
f 5590/5580/2221 4825/4815/2221 4829/4819/2221 3741/3767/1363 3740/3766/1362 3732/3758/1371 3731/3757/1370
f 5263/5253/2221 5261/5251/2221 5590/5580/2221 3731/3757/1370 3730/3756/1369 3775/5838/1962
f 3734/3760/1239 4083/4073/1479 4818/4808/2034 4821/4811/2032
f 4364/4354/2219 3046/6078/2219 4084/4074/2219 3736/3762/2219
f 4362/4352/1554 3735/3761/1240 4823/4813/2031 5301/5291/2124
f 4829/4819/2221 5257/5247/2221 4876/4866/2221 3780/5840/1962 3737/3763/1359 3741/3767/1363
f 4086/4076/1472 3742/3768/1364 4827/4817/2030 4824/4814/2028
f 3743/3769/2221 4088/4078/2221 3051/6083/2221 4334/4324/2221
f 3744/3770/1366 4333/4323/1549 5258/5248/2117 4828/4818/2029
f 4840/4830/2221 4838/4828/2221 5290/5280/2221 3746/5826/1962 3750/5828/1962
f 3749/5827/1961 3745/5825/1961 3005/6043/1150 3791/3799/1389 3790/3798/1388
f 5290/5280/2221 5288/5278/2221 5581/5571/2221 3004/6038/2220 3746/5826/1962
f 5602/5592/2226 4879/4869/2226 4883/4873/2226 3748/5763/1961 3779/5839/1961
f 4883/4873/2226 5221/5211/2226 4930/4920/2226 3784/3792/1382 3787/3795/1385 3748/5763/1961
f 5593/5583/2226 4843/4833/2226 4847/4837/2226 3754/5829/1961 3749/5827/1961
f 5254/5244/2226 5252/5242/2226 5593/5583/2226 3749/5827/1961 3790/3798/1388 3789/3797/1387
f 3751/3771/1375 4092/4082/1481 4836/4826/2038 4839/4829/2036
f 4352/4342/2221 3048/6080/2221 4093/4083/2221 3753/3773/2221
f 4350/4340/1548 3752/3772/1376 4841/4831/2035 5283/5273/2118
f 4852/4842/2221 4850/4840/2221 5281/5271/2221 3755/5830/1962 3760/5832/1962
f 3759/5831/1961 3754/5829/1961 3800/3808/1398 3799/3807/1397 3006/3148/1150
f 4847/4837/2226 5248/5238/2226 4894/4884/2226 3796/3804/1394 3800/3808/1398 3754/5829/1961
f 4095/4085/1484 3756/3774/1378 4845/4835/2042 4842/4832/2040
f 3757/3775/2226 4097/4087/2226 3052/6084/2226 4328/4318/2226
f 3758/3776/1251 4327/4317/1541 5249/5239/2110 4846/4836/2041
f 5596/5586/2226 4855/4845/2226 4859/4849/2226 3764/5833/1961 3759/5831/1961
f 5245/5235/2226 5243/5233/2226 5596/5586/2226 3759/5831/1961 3006/3148/1150
f 3761/3777/1375 4098/4088/1487 4848/4838/2038 4851/4841/2036
f 4346/4336/2221 3049/6081/2221 4099/4089/2221 3763/3779/2221
f 4344/4334/1548 3762/3778/1380 4853/4843/2035 5274/5264/2118
f 4864/4854/2221 4862/4852/2221 5272/5262/2221 3765/5834/1962 3770/5836/1962
f 3769/5835/1961 3764/5833/1961 3007/3147/1150 3008/3145/1150
f 4859/4849/2226 5239/5229/2226 4906/4896/2226 3007/3147/1150 3764/5833/1961
f 4101/4091/1484 3766/3780/1381 4857/4847/2042 4854/4844/2040
f 3767/3781/2226 4103/4093/2226 3053/6085/2226 4322/4312/2226
f 3768/3782/1251 4321/4311/1541 5240/5230/2110 4858/4848/2044
f 5599/5589/2226 4867/4857/2226 4871/4861/2226 3774/5837/1961 3769/5835/1961
f 5236/5226/2226 5234/5224/2226 5599/5589/2226 3769/5835/1961 3008/3145/1150
f 3771/3783/1375 4104/4094/1481 4860/4850/2045 4863/4853/2036
f 4340/4330/2221 3050/6082/2221 4105/4095/2221 3773/3785/2221
f 4338/4328/1548 3772/3784/1380 4865/4855/2035 5265/5255/2118
f 4876/4866/2221 4874/4864/2221 5263/5253/2221 3775/5838/1962 3780/5840/1962
f 3779/5839/1961 3774/5837/1961 3009/3144/1150 3819/3827/1389 3818/3826/1388
f 4871/4861/2226 5230/5220/2226 4918/4908/2226 3009/3144/1150 3774/5837/1961
f 4107/4097/1484 3776/3786/1378 4869/4859/2042 4866/4856/2040
f 3777/3787/2226 4109/4099/2226 3054/6086/2226 4316/4306/2226
f 3778/3788/1251 4315/4305/1546 5231/5221/2110 4870/4860/2041
f 5227/5217/2226 5225/5215/2226 5602/5592/2226 3779/5839/1961 3818/3826/1388 3817/3825/1387
f 3781/3789/1375 4110/4100/1487 4872/4862/2038 4875/4865/2036
f 4334/4324/2221 3051/6083/2221 4111/4101/2221 3783/3791/2221
f 4332/4322/1548 3782/3790/1376 4877/4867/2035 5256/5246/2118
f 3785/3793/1383 3816/3824/1386 3857/3865/1406 3824/3832/1401
f 4930/4920/2226 4928/4918/2226 5227/5217/2226 3817/3825/1387 3784/3792/1382
f 5605/5595/2227 4885/4875/2227 4889/4879/2227 3792/3800/1390 3791/3799/1389 3005/6043/1150
f 4894/4884/2226 4892/4882/2226 5254/5244/2226 3789/3797/1387 3796/3804/1394
f 3797/3805/1395 3788/3796/1386 3829/3837/1406 3836/3844/1413
f 4889/4879/2227 5212/5202/2227 4936/4926/2227 3830/3838/1407 3829/3837/1406 3788/3796/1386 3792/3800/1390
f 4116/4106/1489 3793/3801/1391 4887/4877/2049 4884/4874/2047
f 3794/3802/2227 4118/4108/2227 3056/6088/2227 4304/4294/2227
f 3795/3803/1393 4303/4293/1535 5213/5203/2104 4888/4878/2048
f 5608/5598/2227 4897/4887/2227 4901/4891/2227 3006/3148/1150 3799/3807/1397 3798/3806/1396
f 5209/5199/2227 5207/5197/2227 5608/5598/2227 3798/3806/1396 3797/3805/1395 3836/3844/1413 3840/3848/1417
f 3801/3809/1399 4119/4109/1492 4890/4880/2053 4893/4883/2051
f 4328/4318/2226 3052/6084/2226 4120/4110/2226 3803/3811/2226
f 4326/4316/1540 3802/3810/1259 4895/4885/2050 5247/5237/2111
f 4122/4112/1489 3804/3812/1391 4899/4889/2049 4896/4886/2047
f 3805/3813/2227 4124/4114/2227 3057/6089/2227 4298/4288/2227
f 3806/3814/1393 4297/4287/1535 5204/5194/2104 4900/4890/2048
f 3807/3815/1258 4125/4115/1492 4902/4892/2055 4905/4895/2051
f 4322/4312/2226 3053/6085/2226 4126/4116/2226 3809/3817/2226
f 4320/4310/1540 3808/3816/1259 4907/4897/2054 5238/5228/2111
f 4128/4118/1489 3810/3818/1391 4911/4901/2049 4908/4898/2047
f 3811/3819/2227 4130/4120/2227 3058/6090/2227 4292/4282/2227
f 3812/3820/1400 4291/4281/1535 5195/5185/2104 4912/4902/2048
f 3813/3821/1258 4131/4121/1492 4914/4904/2053 4917/4907/2051
f 4316/4306/2226 3054/6086/2226 4132/4122/2226 3815/3823/2226
f 4314/4304/1540 3814/3822/1259 4919/4909/2054 5229/5219/2111
f 5614/5604/2227 4921/4911/2227 4925/4915/2227 3820/3828/1390 3819/3827/1389 3009/3144/1150
f 4925/4915/2227 5185/5175/2227 4972/4962/2227 3858/3866/1407 3857/3865/1406 3816/3824/1386 3820/3828/1390
f 4134/4124/1489 3821/3829/1391 4923/4913/2049 4920/4910/2047
f 3822/3830/2227 4136/4126/2227 3059/6091/2227 4286/4276/2227
f 3823/3831/1400 4285/4275/1535 5186/5176/2104 4924/4914/2048
f 5626/5616/2228 4975/4965/2228 4979/4969/2228 3825/3833/1402 3856/3864/1405
f 4979/4969/2228 5149/5139/2228 5026/5016/2228 3016/6048/1149 3826/3834/1403 3825/3833/1402
f 4936/4926/2227 4934/4924/2227 5218/5208/2227 3010/6046/1148 3831/3839/1408 3830/3838/1407
f 5617/5607/2228 4939/4929/2228 4943/4933/2228 3837/3845/1414 3828/3836/1405
f 3832/3840/1409 3831/3839/1408 3010/6046/1148 3015/6050/1149 3017/6101/1149
f 5182/5172/2228 5180/5170/2228 5617/5607/2228 3828/3836/1405 3832/3840/1409 3017/6101/1149
f 3833/3841/1410 4140/4130/1496 4932/4922/2059 4935/4925/2057
f 4304/4294/2227 3056/6088/2227 4141/4131/2227 3835/3843/2227
f 4302/4292/1534 3834/3842/1411 4937/4927/2056 5211/5201/2105
f 4948/4938/2227 4946/4936/2227 5209/5199/2227 3840/3848/1417 3839/3847/1416 3011/3149/1148
f 3011/3149/1148 3839/3847/1416 3838/3846/1415 3018/6102/1149 3019/6103/1149
f 4943/4933/2228 5176/5166/2228 4990/4980/2228 3018/6102/1149 3838/3846/1415 3837/3845/1414
f 4143/4133/1499 3841/3849/1270 4941/4931/2063 4938/4928/2061
f 3842/3850/2228 4145/4135/2228 3060/6092/2228 4280/4270/2228
f 3843/3851/1272 4279/4269/1529 5177/5167/2098 4942/4932/2062
f 3844/3852/1410 4146/4136/1502 4944/4934/2059 4947/4937/2057
f 4298/4288/2227 3057/6089/2227 4147/4137/2227 3846/3854/2227
f 4296/4286/1534 3845/3853/1411 4949/4939/2056 5202/5192/2105
f 4149/4139/1499 3847/3855/1270 4953/4943/2063 4950/4940/2065
f 3848/3856/2228 4151/4141/2228 3061/6093/2228 4274/4264/2228
f 3849/3857/1272 4273/4263/1529 5168/5158/2098 4954/4944/2062
f 3850/3858/1410 4152/4142/1502 4956/4946/2059 4959/4949/2057
f 4292/4282/2227 3058/6090/2227 4153/4143/2227 3852/3860/2227
f 4290/4280/1534 3851/3859/1411 4961/4951/2056 5193/5183/2105
f 4155/4145/1499 3853/3861/1270 4965/4955/2063 4962/4952/2065
f 3854/3862/2228 4157/4147/2228 3062/6094/2228 4268/4258/2228
f 3855/3863/1272 4267/4257/1529 5159/5149/2098 4966/4956/2062
f 4972/4962/2227 4970/4960/2227 5191/5181/2227 3014/3146/1148 3859/3867/1408 3858/3866/1407
f 3860/3868/1409 3859/3867/1408 3014/3146/1148 3022/6104/1149 3023/6105/1149
f 5155/5145/2228 5153/5143/2228 5626/5616/2228 3856/3864/1405 3860/3868/1409 3023/6105/1149
f 3861/3869/1410 4158/4148/1496 4968/4958/2059 4971/4961/2057
f 4286/4276/2227 3059/6091/2227 4159/4149/2227 3863/3871/2227
f 4284/4274/1534 3862/3870/1411 4973/4963/2056 5184/5174/2105
f 4164/4154/1503 3864/3872/1418 4983/4973/2069 4980/4970/2067
f 3865/3873/2229 4166/4156/2229 3064/6096/2229 4256/4246/2229
f 3866/3874/1420 4255/4245/1522 5141/5131/2091 4984/4974/2068
f 3867/3875/1281 4167/4157/1506 4986/4976/2073 4989/4979/2071
f 4280/4270/2228 3060/6092/2228 4168/4158/2228 3869/3877/2228
f 4278/4268/1528 3868/3876/1282 4991/4981/2070 5175/5165/2099
f 4170/4160/1503 3870/3878/1418 4995/4985/2069 4992/4982/2074
f 3871/3879/2229 4172/4162/2229 3065/6097/2229 4250/4240/2229
f 3872/3880/1420 4249/4239/1522 5132/5122/2091 4996/4986/2075
f 3873/3881/1281 4173/4163/1506 4998/4988/2073 5001/4991/2071
f 4274/4264/2228 3061/6093/2228 4174/4164/2228 3875/3883/2228
f 4272/4262/1528 3874/3882/1282 5003/4993/2070 5166/5156/2099
f 4176/4166/1503 3876/3884/1418 5007/4997/2069 5004/4994/2074
f 3877/3885/2229 4178/4168/2229 3066/6098/2229 4244/4234/2229
f 3878/3886/1420 4243/4233/1522 5123/5113/2091 5008/4998/2075
f 3879/3887/1281 4179/4169/1506 5010/5000/2073 5013/5003/2071
f 4268/4258/2228 3062/6094/2228 4180/4170/2228 3881/3889/2228
f 4266/4256/1528 3880/3888/1422 5015/5005/2070 5157/5147/2099
f 4182/4172/1503 3882/3890/1423 5019/5009/2069 5016/5006/2067
f 3883/3891/2229 4184/4174/2229 3067/6099/2229 4238/4228/2229
f 3884/3892/1420 4237/4227/1522 5114/5104/2091 5020/5010/2068
f 5032/5022/2229 5030/5020/2229 5146/5136/2229 3886/5842/1970 3890/5844/1970
f 3889/5843/1969 3885/5841/1969 2982/6021/2216 2983/6100/2213
f 5146/5136/2229 5144/5134/2229 5629/5619/2229 3015/6050/1149 3886/5842/1970
f 5650/5640/2213 5071/5061/2213 5075/5065/2213 3888/5777/1969 3919/5855/1969
f 3016/6048/1149 3023/6105/1149 3920/5856/1970 3887/5778/1970
f 5641/5631/2213 5035/5025/2213 5039/5029/2213 3894/5845/1969 3889/5843/1969
f 3018/6102/1149 3017/6101/1149 3890/5844/1970 3895/5846/1970
f 4541/4531/2213 5111/5101/2213 5641/5631/2213 3889/5843/1969 2983/6100/2213
f 4985/4975/2229 5140/5130/2229 5032/5022/2229 3890/5844/1970 3017/6101/1149
f 3891/3893/1424 4188/4178/1509 5028/5018/2079 5031/5021/2077
f 4256/4246/2229 3064/6096/2229 4189/4179/2229 3893/3895/2229
f 4254/4244/1521 3892/3894/1425 5033/5023/2076 5139/5129/2092
f 5044/5034/2229 5042/5032/2229 5137/5127/2229 3895/5846/1970 3900/5848/1970
f 5137/5127/2229 5135/5125/2229 5632/5622/2229 3018/6102/1149 3895/5846/1970
f 4191/4181/1512 3896/3896/1290 5037/5027/2083 5034/5024/2081
f 3897/3897/2213 4193/4183/2213 3068/6058/2213 4232/4222/2213
f 3898/3898/1292 4231/4221/1516 5105/5095/2085 5038/5028/2082
f 5644/5634/2213 5047/5037/2213 5051/5041/2213 3904/5849/1969 3899/5847/1969
f 3020/3142/1149 3019/6103/1149 3900/5848/1970 3905/5850/1970
f 4997/4987/2229 5131/5121/2229 5044/5034/2229 3900/5848/1970 3019/6103/1149
f 3901/3899/1427 4194/4184/1509 5040/5030/2079 5043/5033/2077
f 4250/4240/2229 3065/6097/2229 4195/4185/2229 3903/3901/2229
f 4248/4238/1521 3902/3900/1425 5045/5035/2084 5130/5120/2092
f 5056/5046/2229 5054/5044/2229 5128/5118/2229 3905/5850/1970 3910/5852/1970
f 5128/5118/2229 5126/5116/2229 5635/5625/2229 3020/3142/1149 3905/5850/1970
f 4197/4187/1512 3906/3902/1290 5049/5039/2083 5046/5036/2081
f 3907/3903/2213 4199/4189/2213 3069/6056/2213 4226/4216/2213
f 3908/3904/1292 4225/4215/1516 5096/5086/2085 5050/5040/2082
f 5647/5637/2213 5059/5049/2213 5063/5053/2213 3914/5853/1969 3909/5851/1969
f 3022/6104/1149 3021/3143/1149 3910/5852/1970 3915/5854/1970
f 5009/4999/2229 5122/5112/2229 5056/5046/2229 3910/5852/1970 3021/3143/1149
f 3911/3905/1427 4200/4190/1509 5052/5042/2079 5055/5045/2077
f 4244/4234/2229 3066/6098/2229 4201/4191/2229 3913/3907/2229
f 4242/4232/1521 3912/3906/1425 5057/5047/2076 5121/5111/2092
f 5068/5058/2229 5066/5056/2229 5119/5109/2229 3915/5854/1970 3920/5856/1970
f 5119/5109/2229 5117/5107/2229 5638/5628/2229 3022/6104/1149 3915/5854/1970
f 4203/4193/1512 3916/3908/1290 5061/5051/2083 5058/5048/2081
f 3917/3909/2213 4205/4195/2213 3070/6054/2213 4220/4210/2213
f 3918/3910/1429 4219/4209/1516 5087/5077/2085 5062/5052/2082
f 5021/5011/2229 5113/5103/2229 5068/5058/2229 3920/5856/1970 3023/6105/1149
f 3921/3911/1427 4206/4196/1509 5064/5054/2079 5067/5057/2077
f 4238/4228/2229 3067/6099/2229 4207/4197/2229 3923/3913/2229
f 4236/4226/1521 3922/3912/1425 5069/5059/2076 5112/5102/2092
f 4546/4536/2214 4544/4534/2214 5519/5509/2214 2983/6100/2214 2982/6021/2216
f 5506/5496/2214 5504/5494/2214 4546/4536/2214 2982/6021/2216 2984/3163/1151
f 4552/4542/2214 4550/4540/2214 5506/5496/2214 2984/3163/1151 2986/3162/1151
f 5519/5509/2214 5500/5490/2214 4552/4542/2214 2986/3162/1151 2983/6100/2214
f 5521/5511/2222 4555/4545/2222 4559/4549/2222 2987/3159/1151 2986/3162/1151
f 4559/4549/2222 5464/5454/2222 4606/4596/2222 2996/3160/1152 2987/3159/1151
f 4564/4554/2214 4562/4552/2214 5497/5487/2214 2987/3159/1151 2988/3158/1151
f 5524/5514/2222 4567/4557/2222 4571/4561/2222 2989/3155/1151 2988/3158/1151
f 4571/4561/2222 5455/5445/2222 4618/4608/2222 2998/3156/1152 2989/3155/1151
f 4576/4566/2214 4574/4564/2214 5488/5478/2214 2989/3155/1151 2990/3154/1151
f 5527/5517/2222 4579/4569/2222 4583/4573/2222 2991/3151/1151 2990/3154/1151
f 4583/4573/2222 5446/5436/2222 4630/4620/2222 3000/3152/1152 2991/3151/1151
f 4588/4578/2214 4586/4576/2214 5479/5469/2214 2991/3151/1151 2992/3150/1151
f 5530/5520/2222 4591/4581/2222 4595/4585/2222 2985/6017/1151 2992/3150/1151
f 4595/4585/2222 5437/5427/2222 4642/4632/2222 2994/6023/1152 2985/6017/1151
f 5533/5523/2223 4597/4587/2223 4601/4591/2223 2995/3165/1152 2993/3164/1152
f 4606/4596/2222 4604/4594/2222 5470/5460/2222 2995/3165/1152 2996/3160/1152
f 5536/5526/2223 4609/4599/2223 4613/4603/2223 2997/3161/1152 2996/3160/1152
f 4618/4608/2222 4616/4606/2222 5461/5451/2222 2997/3161/1152 2998/3156/1152
f 5539/5529/2223 4621/4611/2223 4625/4615/2223 2999/3157/1152 2998/3156/1152
f 4630/4620/2222 4628/4618/2222 5452/5442/2222 2999/3157/1152 3000/3152/1152
f 5542/5532/2223 4633/4623/2223 4637/4627/2223 3001/3153/1152 3000/3152/1152
f 4642/4632/2222 4640/4630/2222 5443/5433/2222 3001/3153/1152 2994/6023/1152
f 4901/4891/2227 5203/5193/2227 4948/4938/2227 3011/3149/1148 3006/3148/1150
f 4906/4896/2226 4904/4894/2226 5245/5235/2226 3006/3148/1150 3007/3147/1150
f 5611/5601/2227 4909/4899/2227 4913/4903/2227 3008/3145/1150 3007/3147/1150
f 4913/4903/2227 5194/5184/2227 4960/4950/2227 3013/3140/1148 3008/3145/1150
f 4918/4908/2226 4916/4906/2226 5236/5226/2226 3008/3145/1150 3009/3144/1150
f 5620/5610/2228 4951/4941/2228 4955/4945/2228 3012/3141/1148 3011/3149/1148
f 4955/4945/2228 5167/5157/2228 5002/4992/2228 3020/3142/1149 3012/3141/1148
f 4960/4950/2227 4958/4948/2227 5200/5190/2227 3012/3141/1148 3013/3140/1148
f 5623/5613/2228 4963/4953/2228 4967/4957/2228 3014/3146/1148 3013/3140/1148
f 4967/4957/2228 5158/5148/2228 5014/5004/2228 3022/6104/1149 3014/3146/1148
f 5629/5619/2229 4981/4971/2229 4985/4975/2229 3017/6101/1149 3015/6050/1149
f 4990/4980/2228 4988/4978/2228 5182/5172/2228 3017/6101/1149 3018/6102/1149
f 5632/5622/2229 4993/4983/2229 4997/4987/2229 3019/6103/1149 3018/6102/1149
f 5002/4992/2228 5000/4990/2228 5173/5163/2228 3019/6103/1149 3020/3142/1149
f 5635/5625/2229 5005/4995/2229 5009/4999/2229 3021/3143/1149 3020/3142/1149
f 5014/5004/2228 5012/5002/2228 5164/5154/2228 3021/3143/1149 3022/6104/1149
f 5638/5628/2229 5017/5007/2229 5021/5011/2229 3023/6105/1149 3022/6104/1149
f 5026/5016/2228 5024/5014/2228 5155/5145/2228 3023/6105/1149 3016/6048/1149
f 5164/5154/2228 5162/5152/2228 5623/5613/2228 3013/3140/1148 3021/3143/1149
f 5173/5163/2228 5171/5161/2228 5620/5610/2228 3011/3149/1148 3019/6103/1149
f 5191/5181/2227 5189/5179/2227 5614/5604/2227 3009/3144/1150 3014/3146/1148
f 5200/5190/2227 5198/5188/2227 5611/5601/2227 3007/3147/1150 3012/3141/1148
f 5218/5208/2227 5216/5206/2227 5605/5595/2227 3005/6043/1150 3010/6046/1148
f 5443/5433/2222 5441/5431/2222 5530/5520/2222 2992/3150/1151 3001/3153/1152
f 5452/5442/2222 5450/5440/2222 5527/5517/2222 2990/3154/1151 2999/3157/1152
f 5461/5451/2222 5459/5449/2222 5524/5514/2222 2988/3158/1151 2997/3161/1152
f 5470/5460/2222 5468/5458/2222 5521/5511/2222 2986/3162/1151 2995/3165/1152
f 5652/5860/2216 5655/5859/1151 5822/5974/1151 5821/5973/2216
f 5653/6106/2215 5701/6107/2215 5817/5970/2215 5763/5942/2215
f 5654/6108/2215 5653/6106/2215 5763/5942/2215 5766/5941/2215
f 5702/5656/1969 5652/5860/2216 5821/5973/2216 5869/5727/1969
f 5655/5859/1151 5661/5866/1152 5828/5981/1152 5822/5974/1151
f 5660/6109/2215 5654/6108/2215 5766/5941/2215 5773/5689/2215
f 5656/6110/1151 5659/6111/2216 5826/5978/2216 5825/5977/1151
f 5657/5861/2212 5663/5867/2212 5774/5690/2212 5767/5946/2212
f 5658/5862/2212 5657/5861/2212 5767/5946/2212 5770/5945/2212
f 5662/6112/1152 5656/6110/1151 5825/5977/1151 5831/5983/1152
f 5659/6111/2216 5704/5658/1969 5873/5731/1969 5826/5978/2216
f 5705/5902/2212 5658/5862/2212 5770/5945/2212 5818/5972/2212
f 5661/5866/1152 5664/5642/1954 5832/5985/1954 5828/5981/1152
f 5665/6113/2215 5660/6109/2215 5773/5689/2215 5778/5948/2215
f 5663/5867/2212 5669/5869/2212 5779/5950/2212 5774/5690/2212
f 5667/6114/1954 5662/6112/1152 5831/5983/1152 5835/5717/1954
f 5666/5874/1953 5671/5873/2217 5838/5987/2217 5833/5715/1953
f 5670/6115/2215 5665/6116/2215 5778/5952/2215 5783/5695/2215
f 5669/5876/2212 5673/5875/2212 5785/5697/2212 5779/5954/2212
f 5672/6117/2217 5668/5646/1953 5837/5990/1953 5841/5989/2217
f 5671/5873/2217 5675/5880/2218 5842/5993/2218 5838/5987/2217
f 5674/6118/2215 5670/6115/2215 5783/5695/2215 5788/5956/2215
f 5673/5875/2212 5677/5881/2212 5789/5958/2212 5785/5697/2212
f 5676/6119/2218 5672/6117/2217 5841/5989/2217 5845/5995/2218
f 5675/5880/2218 5679/5884/2220 5846/5997/2220 5842/5993/2218
f 5678/6120/2215 5674/6118/2215 5788/5956/2215 5792/5960/2215
f 5677/5881/2212 5681/5885/2212 5793/5962/2212 5789/5958/2212
f 5680/6121/2220 5676/6119/2218 5845/5995/2218 5849/5999/2220
f 5679/5884/2220 5682/5648/1962 5850/5720/1962 5846/5997/2220
f 5683/6122/2215 5678/6120/2215 5792/5960/2215 5796/5964/2215
f 5681/5885/2212 5687/5887/2212 5797/5699/2212 5793/5962/2212
f 5685/5651/1962 5680/6121/2220 5849/5999/2220 5853/5723/1962
f 5684/5650/1961 5689/5890/1150 5856/6001/1150 5851/5721/1961
f 5688/6123/2215 5683/6122/2215 5796/5964/2215 5802/5704/2215
f 5687/5887/2212 5691/5891/2212 5803/5705/2212 5797/5699/2212
f 5690/6124/1150 5686/5652/1961 5855/5725/1961 5859/6003/1150
f 5689/5890/1150 5693/5895/1148 5860/6005/1148 5856/6001/1150
f 5692/6125/2215 5688/6123/2215 5802/5704/2215 5807/5966/2215
f 5691/5891/2212 5695/5896/2212 5808/5968/2212 5803/5705/2212
f 5694/6126/1148 5690/6124/1150 5859/6003/1150 5863/6007/1148
f 5693/5895/1148 5697/5899/1149 5864/6009/1149 5860/6005/1148
f 5696/6127/2215 5692/6125/2215 5807/5966/2215 5812/5710/2215
f 5695/5896/2212 5699/5900/2212 5814/5712/2212 5808/5968/2212
f 5698/6128/1149 5694/6126/1148 5863/6007/1148 5867/6011/1149
f 5697/5899/1149 5700/5654/1970 5868/5726/1970 5864/6009/1149
f 5701/6107/2215 5696/6127/2215 5812/5710/2215 5817/5970/2215
f 5703/5657/1970 5698/6128/1149 5867/6011/1149 5871/5729/1970
f 5699/5900/2212 5705/5902/2212 5818/5972/2212 5814/5712/2212
f 5706/5908/2214 5709/5907/1151 5765/5940/1151 5764/5939/2214
f 5760/5936/2213 5706/5908/2213 5764/5939/2213 5816/5969/2213
f 5709/5907/1151 5716/5662/2207 5771/5687/2207 5765/5940/1151
f 5710/5912/1151 5713/5911/2214 5769/5944/2214 5768/5943/1151
f 5717/5663/2207 5710/5912/1151 5768/5943/1151 5776/5692/2207
f 5713/5911/2213 5761/5938/2213 5819/5971/2213 5769/5944/2213
f 5715/5661/2208 5721/5914/2223 5777/5947/2223 5772/5688/2208
f 5722/5916/2223 5718/5664/2208 5775/5691/2208 5780/5949/2223
f 5721/5918/2224 5724/5666/2203 5781/5693/2203 5777/5951/2224
f 5727/5669/2203 5722/5920/2224 5780/5953/2224 5784/5696/2203
f 5726/5668/2204 5731/5922/2218 5787/5955/2218 5782/5694/2204
f 5732/5924/2218 5728/5670/2204 5786/5698/2204 5790/5957/2218
f 5731/5922/2218 5735/5926/2219 5791/5959/2219 5787/5955/2218
f 5736/5928/2220 5732/5924/2218 5790/5957/2218 5794/5961/2220
f 5735/5926/2221 5739/5930/2221 5795/5963/2221 5791/5959/2221
f 5740/5672/1962 5736/5928/2220 5794/5961/2220 5799/5701/1962
f 5739/5930/2226 5743/5675/2210 5800/5702/2210 5795/5963/2226
f 5746/5678/2210 5741/5673/1961 5798/5700/1961 5805/5707/2210
f 5745/5677/2209 5750/5932/1148 5806/5965/1148 5801/5703/2209
f 5751/5934/1148 5747/5679/2209 5804/5706/2209 5809/5967/1148
f 5750/5932/1148 5755/5683/2206 5810/5708/2206 5806/5965/1148
f 5756/5684/2206 5751/5934/1148 5809/5967/1148 5813/5711/2206
f 5754/5682/2205 5760/5936/2229 5816/5969/2229 5811/5709/2205
f 5761/5938/2229 5757/5685/2205 5815/5713/2205 5819/5971/2229
f 5820/6129/2215 5823/6130/2215 5829/6131/2215 5834/6132/2215 5839/6133/2215 5843/6134/2215 5847/6135/2215 5852/6136/2215 5857/6137/2215 5861/6138/2215 5865/6139/2215 5870/6140/2215
f 5824/6141/2212 5827/6142/2212 5872/6143/2212 5866/6144/2212 5862/6145/2212 5858/6146/2212 5854/6147/2212 5848/6148/2212 5844/6149/2212 5840/6150/2212 5836/6151/2212 5830/6152/2212
