# Blender 5.0.1
# www.blender.org
mtllib davkovac.mtl
o BézierCurve
v 0.124506 6.094350 1.406830
v 0.206968 5.922636 1.424877
v 0.380798 5.851509 1.388331
v 0.544170 5.922636 1.318599
v 0.601381 6.094350 1.256530
v 0.518919 6.266065 1.238483
v 0.345089 6.337192 1.275030
v 0.181717 6.266065 1.344761
v 0.174038 6.134286 1.563772
v 0.262249 5.968587 1.600845
v 0.439385 5.900921 1.575243
v 0.601685 5.970926 1.501963
v 0.654074 6.137594 1.423932
v 0.565863 6.303293 1.386859
v 0.388727 6.370959 1.412461
v 0.226427 6.300954 1.485741
v 0.210985 6.206216 1.705712
v 0.308241 6.057695 1.777088
v 0.490482 5.999722 1.770840
v 0.650953 6.066255 1.690628
v 0.695653 6.218321 1.583439
v 0.598397 6.366841 1.512063
v 0.416157 6.424815 1.518311
v 0.255685 6.358282 1.598523
v 0.237596 6.305284 1.832804
v 0.340901 6.178924 1.932669
v 0.526397 6.132876 1.941752
v 0.685423 6.194114 1.854733
v 0.724824 6.326765 1.722586
v 0.621518 6.453125 1.622721
v 0.436023 6.499173 1.613638
v 0.276997 6.437935 1.700657
v 0.253984 6.424767 1.938315
v 0.361080 6.325849 2.062240
v 0.548501 6.293739 2.083543
v 0.706459 6.347246 1.989746
v 0.742424 6.455027 1.835793
v 0.635328 6.553945 1.711868
v 0.447907 6.586055 1.690565
v 0.289949 6.532548 1.784362
v 0.260380 6.557689 2.015617
v 0.369137 6.493808 2.159502
v 0.557351 6.478412 2.190326
v 0.714768 6.520518 2.090034
v 0.749176 6.595463 1.917375
v 0.640419 6.659343 1.773491
v 0.452205 6.674740 1.742666
v 0.294788 6.632633 1.842958
v 0.257080 6.697094 2.058184
v 0.364678 6.679219 2.215394
v 0.552370 6.684501 2.252208
v 0.710210 6.709846 2.147062
v 0.745737 6.740406 1.961547
v 0.638139 6.758281 1.804337
v 0.450447 6.752999 1.767523
v 0.292607 6.727654 1.872670
v 0.244365 6.836144 2.059334
v 0.346626 6.875786 2.216124
v 0.532037 6.905659 2.252758
v 0.691987 6.908263 2.147777
v 0.732779 6.882073 1.962678
v 0.630518 6.842432 1.805889
v 0.445107 6.812559 1.769254
v 0.285157 6.809955 1.874235
v 0.222482 6.967711 2.011967
v 0.314861 7.067021 2.146932
v 0.496210 7.121413 2.174598
v 0.660300 7.099025 2.078758
v 0.711007 7.012972 1.915555
v 0.618629 6.913662 1.780590
v 0.437279 6.859270 1.752925
v 0.273190 6.881658 1.848764
v 0.191812 7.083777 1.909082
v 0.272403 7.228655 2.004619
v 0.449062 7.301178 2.016597
v 0.618306 7.258863 1.937999
v 0.680994 7.126499 1.814867
v 0.600404 6.981621 1.719330
v 0.423744 6.909098 1.707352
v 0.254500 6.951412 1.785950
v 0.152959 7.175994 1.744607
v 0.223446 7.345765 1.797719
v 0.396199 7.427916 1.793290
v 0.570020 7.374322 1.733914
v 0.643089 7.216379 1.654374
v 0.572601 7.046608 1.601261
v 0.399849 6.964458 1.605690
v 0.226027 7.018051 1.665066
v 0.106559 7.236621 1.512996
v 0.169904 7.416299 1.530745
v 0.339966 7.502180 1.513000
v 0.517127 7.443955 1.470155
v 0.597607 7.275733 1.427308
v 0.534263 7.096055 1.409558
v 0.364200 7.010174 1.427304
v 0.187040 7.068399 1.470149
v 0.053327 7.258377 1.209510
v 0.113879 7.439869 1.211869
v 0.282906 7.526423 1.188415
v 0.461394 7.467336 1.152886
v 0.544788 7.297220 1.126096
v 0.484236 7.115727 1.123737
v 0.315210 7.029173 1.147191
v 0.136721 7.088261 1.182719
vn -0.9533 0.0013 0.3019
vn -0.6218 -0.6874 0.3753
vn -0.5909 -0.6827 0.4298
vn -0.9568 -0.0319 0.2889
vn 0.0740 -0.9698 0.2322
vn 0.1067 -0.9391 0.3266
vn 0.7253 -0.6869 -0.0471
vn 0.7430 -0.6681 0.0400
vn 0.9542 -0.0004 -0.2991
vn 0.9625 -0.0172 -0.2707
vn 0.6234 0.6892 -0.3694
vn 0.6256 0.6536 -0.4258
vn -0.0699 0.9733 -0.2186
vn -0.0942 0.9412 -0.3243
vn -0.7216 0.6899 0.0575
vn -0.7598 0.6497 -0.0232
vn -0.5647 -0.6298 0.5334
vn -0.9655 -0.0448 0.2564
vn 0.1526 -0.8504 0.5035
vn 0.7824 -0.5928 0.1909
vn 0.9726 0.0038 -0.2326
vn 0.5962 0.6062 -0.5264
vn -0.1446 0.8497 -0.5070
vn -0.7989 0.5747 -0.1775
vn -0.5460 -0.5572 0.6257
vn -0.9700 -0.0601 0.2357
vn 0.1839 -0.7323 0.6557
vn 0.8089 -0.4953 0.3167
vn 0.9784 0.0259 -0.2051
vn 0.5767 0.5393 -0.6137
vn -0.1775 0.7329 -0.6567
vn -0.8249 0.4796 -0.2993
vn -0.5325 -0.4624 0.7090
vn -0.9715 -0.0749 0.2247
vn 0.2036 -0.5835 0.7862
vn 0.8244 -0.3771 0.4220
vn 0.9816 0.0462 -0.1854
vn 0.5647 0.4500 -0.6918
vn -0.1985 0.5867 -0.7851
vn -0.8416 0.3642 -0.3989
vn -0.5244 -0.3340 0.7832
vn -0.9711 -0.0863 0.2227
vn 0.2120 -0.3899 0.8961
vn 0.8296 -0.2289 0.5094
vn 0.9833 0.0647 -0.1702
vn 0.5608 0.3292 -0.7597
vn -0.2084 0.3986 -0.8931
vn -0.8502 0.2207 -0.4779
vn -0.5258 -0.1559 0.8362
vn -0.9694 -0.0904 0.2282
vn 0.2045 -0.1326 0.9698
vn 0.8218 -0.0367 0.5687
vn 0.9839 0.0828 -0.1583
vn 0.5685 0.1634 -0.8063
vn -0.2033 0.1492 -0.9677
vn -0.8489 0.0375 -0.5272
vn -0.5442 0.0748 0.8356
vn -0.9685 -0.0828 0.2350
vn 0.1736 0.1894 0.9664
vn 0.7968 0.2004 0.5701
vn 0.9833 0.1007 -0.1514
vn 0.5938 -0.0544 -0.8027
vn -0.1749 -0.1754 -0.9688
vn -0.8325 -0.1897 -0.5205
vn -0.5842 0.3190 0.7462
vn -0.9706 -0.0667 0.2313
vn 0.1176 0.5234 0.8440
vn 0.7555 0.4431 0.4825
vn 0.9815 0.1143 -0.1538
vn 0.6348 -0.2918 -0.7154
vn -0.1182 -0.5266 -0.8418
vn -0.7955 -0.4248 -0.4322
vn -0.6362 0.5082 0.5804
vn -0.9754 -0.0549 0.2136
vn 0.0505 0.7815 0.6219
vn 0.7098 0.6265 0.3219
vn 0.9798 0.1161 -0.1627
vn 0.6776 -0.4795 -0.5576
vn -0.0498 -0.7907 -0.6101
vn -0.7460 -0.6030 -0.2827
vn -0.6838 0.6117 0.3978
vn -0.9799 -0.0529 0.1925
vn -0.0077 0.9255 0.3787
vn 0.6730 0.7246 0.1484
vn 0.9797 0.1087 -0.1682
vn 0.7131 -0.5848 -0.3866
vn 0.0074 -0.9295 -0.3687
vn -0.7028 -0.7002 -0.1257
vn -0.7188 0.6510 0.2441
vn -0.9828 -0.0566 0.1756
vn -0.0490 0.9835 0.1742
vn 0.6487 0.7610 0.0055
vn 0.9809 0.1000 -0.1670
vn 0.7390 -0.6293 -0.2403
vn 0.0480 -0.9847 -0.1677
vn -0.6720 -0.7406 0.0058
vn -0.7397 0.6490 0.1779
vn -0.9828 -0.0776 0.1673
vn -0.0643 0.9943 0.0851
vn 0.6488 0.7588 -0.0580
vn 0.9830 0.0775 -0.1663
vn 0.7403 -0.6493 -0.1743
vn 0.0653 -0.9947 -0.0795
vn -0.6482 -0.7590 0.0611
vn -0.2920 -0.2376 -0.9264
vn -0.1723 0.0703 -0.9825
vt 0.000000 1.000000
vt 0.000000 0.875000
vt 0.175048 0.875000
vt 0.175048 1.000000
vt 0.000000 0.750000
vt 0.175048 0.750000
vt 0.000000 0.625000
vt 0.175048 0.625000
vt 0.000000 0.500000
vt 0.175048 0.500000
vt 0.000000 0.375000
vt 0.175048 0.375000
vt 0.000000 0.250000
vt 0.175048 0.250000
vt 0.000000 0.125000
vt 0.175048 0.125000
vt 0.000000 0.000000
vt 0.175048 0.000000
vt 0.348499 0.875000
vt 0.348499 1.000000
vt 0.348499 0.750000
vt 0.348499 0.625000
vt 0.348499 0.500000
vt 0.348499 0.375000
vt 0.348499 0.250000
vt 0.348499 0.125000
vt 0.348499 0.000000
vt 0.519566 0.875000
vt 0.519566 1.000000
vt 0.519566 0.750000
vt 0.519566 0.625000
vt 0.519566 0.500000
vt 0.519566 0.375000
vt 0.519566 0.250000
vt 0.519566 0.125000
vt 0.519566 0.000000
vt 0.685677 0.875000
vt 0.685677 1.000000
vt 0.685677 0.750000
vt 0.685677 0.625000
vt 0.685677 0.500000
vt 0.685677 0.375000
vt 0.685677 0.250000
vt 0.685677 0.125000
vt 0.685677 0.000000
vt 0.843902 0.875000
vt 0.843902 1.000000
vt 0.843902 0.750000
vt 0.843902 0.625000
vt 0.843902 0.500000
vt 0.843902 0.375000
vt 0.843902 0.250000
vt 0.843902 0.125000
vt 0.843902 0.000000
vt 0.992582 0.875000
vt 0.992582 1.000000
vt 0.992582 0.750000
vt 0.992582 0.625000
vt 0.992582 0.500000
vt 0.992582 0.375000
vt 0.992582 0.250000
vt 0.992582 0.125000
vt 0.992582 0.000000
vt 1.133532 0.875000
vt 1.133532 1.000000
vt 1.133532 0.750000
vt 1.133532 0.625000
vt 1.133532 0.500000
vt 1.133532 0.375000
vt 1.133532 0.250000
vt 1.133532 0.125000
vt 1.133532 0.000000
vt 1.274707 0.875000
vt 1.274707 1.000000
vt 1.274707 0.750000
vt 1.274707 0.625000
vt 1.274707 0.500000
vt 1.274707 0.375000
vt 1.274707 0.250000
vt 1.274707 0.125000
vt 1.274707 0.000000
vt 1.431102 0.875000
vt 1.431102 1.000000
vt 1.431102 0.750000
vt 1.431102 0.625000
vt 1.431102 0.500000
vt 1.431102 0.375000
vt 1.431102 0.250000
vt 1.431102 0.125000
vt 1.431102 0.000000
vt 1.621270 0.875000
vt 1.621270 1.000000
vt 1.621270 0.750000
vt 1.621270 0.625000
vt 1.621270 0.500000
vt 1.621270 0.375000
vt 1.621270 0.250000
vt 1.621270 0.125000
vt 1.621270 0.000000
vt 1.862736 0.875000
vt 1.862736 1.000000
vt 1.862736 0.750000
vt 1.862736 0.625000
vt 1.862736 0.500000
vt 1.862736 0.375000
vt 1.862736 0.250000
vt 1.862736 0.125000
vt 1.862736 0.000000
vt 2.170460 0.875000
vt 2.170460 1.000000
vt 2.170460 0.750000
vt 2.170460 0.625000
vt 2.170460 0.500000
vt 2.170460 0.375000
vt 2.170460 0.250000
vt 2.170460 0.125000
vt 2.170460 0.000000
s 1
usemtl hadicky
f 1/1/1 2/2/2 10/3/3 9/4/4
f 2/2/2 3/5/5 11/6/6 10/3/3
f 3/5/5 4/7/7 12/8/8 11/6/6
f 4/7/7 5/9/9 13/10/10 12/8/8
f 5/9/9 6/11/11 14/12/12 13/10/10
f 6/11/11 7/13/13 15/14/14 14/12/12
f 7/13/13 8/15/15 16/16/16 15/14/14
f 8/15/15 1/17/1 9/18/4 16/16/16
f 9/4/4 10/3/3 18/19/17 17/20/18
f 10/3/3 11/6/6 19/21/19 18/19/17
f 11/6/6 12/8/8 20/22/20 19/21/19
f 12/8/8 13/10/10 21/23/21 20/22/20
f 13/10/10 14/12/12 22/24/22 21/23/21
f 14/12/12 15/14/14 23/25/23 22/24/22
f 15/14/14 16/16/16 24/26/24 23/25/23
f 16/16/16 9/18/4 17/27/18 24/26/24
f 17/20/18 18/19/17 26/28/25 25/29/26
f 18/19/17 19/21/19 27/30/27 26/28/25
f 19/21/19 20/22/20 28/31/28 27/30/27
f 20/22/20 21/23/21 29/32/29 28/31/28
f 21/23/21 22/24/22 30/33/30 29/32/29
f 22/24/22 23/25/23 31/34/31 30/33/30
f 23/25/23 24/26/24 32/35/32 31/34/31
f 24/26/24 17/27/18 25/36/26 32/35/32
f 25/29/26 26/28/25 34/37/33 33/38/34
f 26/28/25 27/30/27 35/39/35 34/37/33
f 27/30/27 28/31/28 36/40/36 35/39/35
f 28/31/28 29/32/29 37/41/37 36/40/36
f 29/32/29 30/33/30 38/42/38 37/41/37
f 30/33/30 31/34/31 39/43/39 38/42/38
f 31/34/31 32/35/32 40/44/40 39/43/39
f 32/35/32 25/36/26 33/45/34 40/44/40
f 33/38/34 34/37/33 42/46/41 41/47/42
f 34/37/33 35/39/35 43/48/43 42/46/41
f 35/39/35 36/40/36 44/49/44 43/48/43
f 36/40/36 37/41/37 45/50/45 44/49/44
f 37/41/37 38/42/38 46/51/46 45/50/45
f 38/42/38 39/43/39 47/52/47 46/51/46
f 39/43/39 40/44/40 48/53/48 47/52/47
f 40/44/40 33/45/34 41/54/42 48/53/48
f 41/47/42 42/46/41 50/55/49 49/56/50
f 42/46/41 43/48/43 51/57/51 50/55/49
f 43/48/43 44/49/44 52/58/52 51/57/51
f 44/49/44 45/50/45 53/59/53 52/58/52
f 45/50/45 46/51/46 54/60/54 53/59/53
f 46/51/46 47/52/47 55/61/55 54/60/54
f 47/52/47 48/53/48 56/62/56 55/61/55
f 48/53/48 41/54/42 49/63/50 56/62/56
f 49/56/50 50/55/49 58/64/57 57/65/58
f 50/55/49 51/57/51 59/66/59 58/64/57
f 51/57/51 52/58/52 60/67/60 59/66/59
f 52/58/52 53/59/53 61/68/61 60/67/60
f 53/59/53 54/60/54 62/69/62 61/68/61
f 54/60/54 55/61/55 63/70/63 62/69/62
f 55/61/55 56/62/56 64/71/64 63/70/63
f 56/62/56 49/63/50 57/72/58 64/71/64
f 57/65/58 58/64/57 66/73/65 65/74/66
f 58/64/57 59/66/59 67/75/67 66/73/65
f 59/66/59 60/67/60 68/76/68 67/75/67
f 60/67/60 61/68/61 69/77/69 68/76/68
f 61/68/61 62/69/62 70/78/70 69/77/69
f 62/69/62 63/70/63 71/79/71 70/78/70
f 63/70/63 64/71/64 72/80/72 71/79/71
f 64/71/64 57/72/58 65/81/66 72/80/72
f 65/74/66 66/73/65 74/82/73 73/83/74
f 66/73/65 67/75/67 75/84/75 74/82/73
f 67/75/67 68/76/68 76/85/76 75/84/75
f 68/76/68 69/77/69 77/86/77 76/85/76
f 69/77/69 70/78/70 78/87/78 77/86/77
f 70/78/70 71/79/71 79/88/79 78/87/78
f 71/79/71 72/80/72 80/89/80 79/88/79
f 72/80/72 65/81/66 73/90/74 80/89/80
f 73/83/74 74/82/73 82/91/81 81/92/82
f 74/82/73 75/84/75 83/93/83 82/91/81
f 75/84/75 76/85/76 84/94/84 83/93/83
f 76/85/76 77/86/77 85/95/85 84/94/84
f 77/86/77 78/87/78 86/96/86 85/95/85
f 78/87/78 79/88/79 87/97/87 86/96/86
f 79/88/79 80/89/80 88/98/88 87/97/87
f 80/89/80 73/90/74 81/99/82 88/98/88
f 81/92/82 82/91/81 90/100/89 89/101/90
f 82/91/81 83/93/83 91/102/91 90/100/89
f 83/93/83 84/94/84 92/103/92 91/102/91
f 84/94/84 85/95/85 93/104/93 92/103/92
f 85/95/85 86/96/86 94/105/94 93/104/93
f 86/96/86 87/97/87 95/106/95 94/105/94
f 87/97/87 88/98/88 96/107/96 95/106/95
f 88/98/88 81/99/82 89/108/90 96/107/96
f 89/101/90 90/100/89 98/109/97 97/110/98
f 90/100/89 91/102/91 99/111/99 98/109/97
f 91/102/91 92/103/92 100/112/100 99/111/99
f 92/103/92 93/104/93 101/113/101 100/112/100
f 93/104/93 94/105/94 102/114/102 101/113/101
f 94/105/94 95/106/95 103/115/103 102/114/102
f 95/106/95 96/107/96 104/116/104 103/115/103
f 96/107/96 89/108/90 97/117/98 104/116/104
f 8/15/105 7/13/105 6/11/105 5/9/105 4/7/105 3/5/105 2/2/105 1/17/105
f 97/117/106 98/109/106 99/111/106 100/112/106 101/113/106 102/114/106 103/115/106 104/116/106
o Cylinder
v 0.881080 4.711465 -1.526075
v 1.526075 4.711465 -0.881080
v 1.762160 4.711465 0.000000
v 1.526075 4.711465 0.881080
v 0.881080 4.711465 1.526075
v -0.000000 4.711465 1.762160
v -0.881080 4.711465 1.526075
v -1.526075 4.711465 0.881080
v -1.762160 4.711465 0.000000
v -1.526075 4.711465 -0.881080
v -0.881080 4.711465 -1.526075
v -0.000000 4.711465 -1.762159
v 0.000000 2.371210 -0.318106
v 0.000000 2.420332 -0.379530
v 0.000000 6.552123 -1.229391
v -0.000000 6.602123 -1.177627
v 0.189765 2.420332 -0.328683
v 0.159053 2.371210 -0.275488
v 0.588814 6.602123 -1.019855
v 0.614696 6.552123 -1.064684
v 0.328683 2.420332 -0.189765
v 0.275488 2.371210 -0.159053
v 1.019855 6.602123 -0.588814
v 1.064684 6.552123 -0.614696
v 0.379530 2.420332 0.000000
v 0.318106 2.371210 0.000000
v 1.177627 6.602123 -0.000000
v 1.229391 6.552123 -0.000000
v 0.328683 2.420332 0.189765
v 0.275488 2.371210 0.159053
v 1.019855 6.602123 0.588814
v 1.064684 6.552123 0.614696
v 0.189765 2.420332 0.328683
v 0.159053 2.371210 0.275488
v 0.588814 6.602123 1.019855
v 0.614696 6.552123 1.064684
v 0.000000 2.420332 0.379530
v 0.000000 2.371210 0.318106
v -0.000000 6.602123 1.177627
v 0.000000 6.552123 1.229391
v -0.189765 2.420332 0.328683
v -0.159053 2.371210 0.275488
v -0.588814 6.602123 1.019855
v -0.614696 6.552123 1.064684
v -0.328683 2.420332 0.189765
v -0.275488 2.371210 0.159053
v -1.019855 6.602123 0.588814
v -1.064684 6.552123 0.614696
v -0.379530 2.420332 0.000000
v -0.318106 2.371210 0.000000
v -1.177627 6.602123 -0.000000
v -1.229391 6.552123 -0.000000
v -0.328683 2.420332 -0.189765
v -0.275488 2.371210 -0.159053
v -1.019855 6.602123 -0.588814
v -1.064684 6.552123 -0.614696
v -0.189765 2.420332 -0.328683
v -0.159053 2.371210 -0.275488
v -0.588814 6.602123 -1.019855
v -0.614696 6.552123 -1.064684
v 0.000000 3.897986 -0.675963
v 0.000000 3.828065 -0.622493
v 0.311246 3.828066 -0.539095
v 0.337982 3.897986 -0.585401
v 0.539095 3.828066 -0.311246
v 0.585401 3.897986 -0.337982
v 0.622493 3.828066 0.000000
v 0.675963 3.897986 0.000000
v 0.539095 3.828066 0.311247
v 0.585401 3.897986 0.337982
v 0.311246 3.828066 0.539095
v 0.337982 3.897986 0.585401
v 0.000000 3.828066 0.622493
v 0.000000 3.897986 0.675963
v -0.311246 3.828066 0.539095
v -0.337982 3.897986 0.585401
v -0.539095 3.828066 0.311247
v -0.585401 3.897986 0.337982
v -0.622493 3.828066 0.000000
v -0.675963 3.897986 0.000000
v -0.539095 3.828066 -0.311246
v -0.585401 3.897986 -0.337982
v -0.311246 3.828066 -0.539095
v -0.337982 3.897986 -0.585401
v -0.000000 5.452864 -1.417298
v -0.000000 5.424747 -1.404337
v 0.702168 5.424747 -1.216191
v 0.708649 5.452864 -1.227416
v 1.216191 5.424747 -0.702168
v 1.227416 5.452864 -0.708649
v 1.404337 5.424747 -0.000000
v 1.417298 5.452864 -0.000000
v 1.216191 5.424747 0.702168
v 1.227416 5.452864 0.708649
v 0.702168 5.424747 1.216191
v 0.708649 5.452864 1.227416
v -0.000000 5.424747 1.404337
v -0.000000 5.452864 1.417298
v -0.702168 5.424747 1.216191
v -0.708649 5.452864 1.227416
v -1.216191 5.424747 0.702168
v -1.227416 5.452864 0.708649
v -1.404337 5.424747 -0.000000
v -1.417298 5.452864 -0.000000
v -1.216191 5.424747 -0.702168
v -1.227416 5.452864 -0.708649
v -0.702168 5.424747 -1.216191
v -0.708649 5.452864 -1.227416
v 0.562932 16.368221 -0.975026
v 0.588814 16.318222 -1.019855
v -0.000000 16.318222 -1.177627
v 0.000000 16.368221 -1.125864
v 0.975026 16.368221 -0.562932
v 1.019855 16.318222 -0.588814
v 1.125864 16.368221 0.000000
v 1.177627 16.318222 -0.000000
v 0.975026 16.368221 0.562932
v 1.019855 16.318222 0.588814
v 0.562932 16.368221 0.975026
v 0.588814 16.318222 1.019855
v 0.000000 16.368221 1.125864
v -0.000000 16.318222 1.177627
v -0.562932 16.368221 0.975026
v -0.588814 16.318222 1.019855
v -0.975026 16.368221 0.562932
v -1.019855 16.318222 0.588814
v -1.125864 16.368221 0.000000
v -1.177627 16.318222 -0.000000
v -0.975026 16.368221 -0.562932
v -1.019855 16.318222 -0.588814
v -0.562932 16.368221 -0.975026
v -0.588814 16.318222 -1.019855
v 0.697148 6.552123 -1.207496
v 0.724814 6.502242 -1.255414
v 0.000000 6.502242 -1.449628
v 0.000000 6.552123 -1.394297
v 0.000000 5.491622 -1.521902
v 0.000000 5.447034 -1.473996
v 1.207496 6.552123 -0.697148
v 1.255414 6.502242 -0.724814
v 1.394297 6.552123 -0.000000
v 1.449628 6.502242 -0.000000
v 1.207496 6.552123 0.697148
v 1.255414 6.502242 0.724814
v 0.697148 6.552123 1.207496
v 0.724814 6.502242 1.255414
v 0.000000 6.552123 1.394297
v 0.000000 6.502242 1.449628
v -0.697148 6.552123 1.207496
v -0.724814 6.502242 1.255414
v -1.207496 6.552123 0.697148
v -1.255414 6.502242 0.724814
v -1.394297 6.552123 -0.000000
v -1.449628 6.502242 -0.000000
v -1.207496 6.552123 -0.697148
v -1.255414 6.502242 -0.724814
v -0.697148 6.552123 -1.207496
v -0.724814 6.502242 -1.255414
v 0.736998 5.447034 -1.276518
v 0.760951 5.491622 -1.318006
v 1.276518 5.447034 -0.736998
v 1.318006 5.491622 -0.760951
v 1.473996 5.447034 -0.000000
v 1.521902 5.491622 -0.000000
v 1.276518 5.447034 0.736998
v 1.318006 5.491622 0.760951
v 0.736998 5.447034 1.276518
v 0.760951 5.491622 1.318006
v 0.000000 5.447034 1.473996
v 0.000000 5.491622 1.521902
v -0.736998 5.447034 1.276518
v -0.760951 5.491622 1.318006
v -1.276518 5.447034 0.736998
v -1.318006 5.491622 0.760951
v -1.473996 5.447034 -0.000000
v -1.521902 5.491622 -0.000000
v -1.276518 5.447034 -0.736998
v -1.318006 5.491622 -0.760951
v -0.736998 5.447034 -1.276518
v -0.760951 5.491622 -1.318006
v 0.833062 5.197642 -1.442906
v 0.855471 5.114605 -1.481719
v 0.799970 4.331666 -1.385588
v 0.766440 4.265170 -1.327514
v 1.442906 5.197642 -0.833062
v 1.481719 5.114605 -0.855471
v 1.385588 4.331666 -0.799970
v 1.327514 4.265170 -0.766440
v 1.666125 5.197642 -0.000000
v 1.710941 5.114605 0.000000
v 1.599939 4.331666 -0.000000
v 1.532881 4.265170 -0.000000
v 1.442906 5.197642 0.833062
v 1.481719 5.114605 0.855471
v 1.385588 4.331666 0.799970
v 1.327514 4.265170 0.766440
v 0.833062 5.197642 1.442906
v 0.855471 5.114605 1.481719
v 0.799970 4.331666 1.385588
v 0.766440 4.265170 1.327514
v -0.000000 5.197642 1.666125
v -0.000000 5.114605 1.710941
v 0.000000 4.331666 1.599939
v 0.000000 4.265170 1.532881
v -0.833062 5.197642 1.442906
v -0.855471 5.114605 1.481719
v -0.799970 4.331666 1.385588
v -0.766440 4.265170 1.327514
v -1.442906 5.197642 0.833062
v -1.481719 5.114605 0.855471
v -1.385588 4.331666 0.799970
v -1.327514 4.265170 0.766440
v -1.666125 5.197642 -0.000000
v -1.710941 5.114605 0.000000
v -1.599939 4.331666 -0.000000
v -1.532881 4.265170 -0.000000
v -1.442906 5.197642 -0.833062
v -1.481719 5.114605 -0.855471
v -1.385588 4.331666 -0.799970
v -1.327514 4.265170 -0.766440
v -0.833062 5.197642 -1.442906
v -0.855471 5.114605 -1.481719
v -0.799970 4.331666 -1.385588
v -0.766440 4.265170 -1.327514
v 0.000000 4.265169 -1.532880
v 0.000000 4.331665 -1.599939
v -0.000000 5.114605 -1.710941
v -0.000000 5.197643 -1.666124
v 0.243547 2.735606 -0.421836
v 0.266352 2.685961 -0.461336
v 0.421836 2.735606 -0.243547
v 0.461336 2.685961 -0.266352
v 0.487094 2.735606 0.000000
v 0.532705 2.685961 0.000000
v 0.421836 2.735606 0.243547
v 0.461336 2.685961 0.266352
v 0.243547 2.735606 0.421836
v 0.266352 2.685961 0.461336
v 0.000000 2.735606 0.487094
v 0.000000 2.685961 0.532705
v -0.243547 2.735606 0.421836
v -0.266352 2.685961 0.461336
v -0.421836 2.735606 0.243547
v -0.461336 2.685961 0.266352
v -0.487094 2.735606 0.000000
v -0.532705 2.685961 0.000000
v -0.421836 2.735606 -0.243547
v -0.461336 2.685961 -0.266352
v -0.243547 2.735606 -0.421836
v -0.266352 2.685961 -0.461336
v 0.000000 2.685961 -0.532705
v 0.000000 2.735606 -0.487094
v -0.000000 1.715938 -0.137474
v 0.000000 1.765060 -0.198898
v 0.099449 1.765060 -0.172251
v 0.068737 1.715938 -0.119056
v 0.172251 1.765060 -0.099449
v 0.119056 1.715938 -0.068737
v 0.198898 1.765060 0.000000
v 0.137474 1.715938 -0.000000
v 0.172251 1.765060 0.099449
v 0.119056 1.715938 0.068737
v 0.099449 1.765060 0.172251
v 0.068737 1.715938 0.119056
v 0.000000 1.765060 0.198898
v -0.000000 1.715938 0.137474
v -0.099449 1.765060 0.172251
v -0.068737 1.715938 0.119056
v -0.172251 1.765060 0.099449
v -0.119056 1.715938 0.068737
v -0.198898 1.765060 0.000000
v -0.137474 1.715938 0.000000
v -0.172251 1.765060 -0.099449
v -0.119056 1.715938 -0.068737
v -0.099449 1.765060 -0.172251
v -0.068737 1.715938 -0.119056
v 0.000000 2.420332 -0.489046
v 0.000000 2.467999 -0.556438
v 0.278219 2.467999 -0.481889
v 0.244523 2.420332 -0.423526
v 0.288068 2.685961 -0.498949
v 0.306136 2.638294 -0.530243
v 0.481889 2.467999 -0.278219
v 0.423526 2.420332 -0.244523
v 0.498949 2.685961 -0.288068
v 0.530243 2.638294 -0.306136
v 0.556438 2.467999 0.000000
v 0.489046 2.420332 0.000000
v 0.576137 2.685961 0.000000
v 0.612272 2.638294 0.000000
v 0.481889 2.467999 0.278219
v 0.423526 2.420332 0.244523
v 0.498949 2.685961 0.288068
v 0.530243 2.638294 0.306136
v 0.278219 2.467999 0.481889
v 0.244523 2.420332 0.423526
v 0.288068 2.685961 0.498949
v 0.306136 2.638294 0.530243
v 0.000000 2.467999 0.556438
v 0.000000 2.420332 0.489046
v 0.000000 2.685961 0.576137
v 0.000000 2.638294 0.612272
v -0.278219 2.467999 0.481889
v -0.244523 2.420332 0.423526
v -0.288068 2.685961 0.498949
v -0.306136 2.638294 0.530243
v -0.481889 2.467999 0.278219
v -0.423526 2.420332 0.244523
v -0.498949 2.685961 0.288068
v -0.530243 2.638294 0.306136
v -0.556438 2.467999 0.000000
v -0.489046 2.420332 0.000000
v -0.576137 2.685961 0.000000
v -0.612272 2.638294 0.000000
v -0.481889 2.467999 -0.278219
v -0.423526 2.420332 -0.244523
v -0.498949 2.685961 -0.288068
v -0.530243 2.638294 -0.306136
v -0.278219 2.467999 -0.481889
v -0.244523 2.420332 -0.423526
v -0.288068 2.685961 -0.498949
v -0.306136 2.638294 -0.530243
v 0.000000 2.638294 -0.612272
v 0.000000 2.685961 -0.576137
v -0.614696 6.960964 1.064684
v -0.588814 6.910964 1.019855
v -1.019855 6.910964 0.588814
v -1.064684 6.960964 0.614696
v -0.000000 6.960964 1.229391
v -0.000000 6.910964 1.177627
v 0.614696 6.960964 1.064684
v 0.588814 6.910964 1.019855
v 1.064684 6.960964 0.614696
v 1.019855 6.910964 0.588814
v 1.229391 6.960964 -0.000000
v 1.177627 6.910964 -0.000000
v -0.614696 6.960964 -1.064684
v -0.588814 6.910964 -1.019855
v -0.000000 6.910964 -1.177627
v -0.000000 6.960964 -1.229391
v 0.588814 6.910964 -1.019855
v 0.614696 6.960964 -1.064684
v 1.064684 6.960964 -0.614696
v 1.019855 6.910964 -0.588814
v -1.064684 6.960964 -0.614696
v -1.019855 6.910964 -0.588814
v -1.229391 6.960964 -0.000000
v -1.177627 6.910964 -0.000000
v -0.588814 7.628863 1.019855
v -0.614696 7.578863 1.064684
v -0.000000 7.628863 1.177627
v -0.000000 7.578863 1.229391
v 0.588814 7.628863 1.019855
v 0.614696 7.578863 1.064684
v 1.019855 7.628863 0.588814
v 1.064684 7.578863 0.614696
v 1.177627 7.628863 -0.000000
v 1.229391 7.578863 -0.000000
v -0.588814 7.628863 -1.019855
v -0.614696 7.578863 -1.064684
v 1.019855 7.628863 -0.588814
v 1.064684 7.578863 -0.614696
v -1.019855 7.628863 -0.588814
v -1.064684 7.578863 -0.614696
v -1.177627 7.628863 -0.000000
v -1.229391 7.578863 -0.000000
v -1.064684 7.578863 0.614696
v -1.019855 7.628863 0.588814
v -0.000000 7.578863 -1.229391
v -0.000000 7.628863 -1.177627
v 0.614696 7.578863 -1.064684
v 0.588814 7.628863 -1.019855
v -1.126888 7.528863 0.650609
v -1.082059 7.578863 0.624727
v -1.082059 6.960964 0.624727
v -1.126888 7.010964 0.650609
v 0.000000 7.528863 -1.301218
v -0.000000 7.578863 -1.249454
v -0.000000 6.960964 -1.249454
v 0.000000 7.010964 -1.301218
v 0.650609 7.528863 -1.126888
v 0.624727 7.578863 -1.082059
v 0.624727 6.960964 -1.082059
v 0.650609 7.010964 -1.126888
v -1.301218 7.010964 0.000000
v -1.249454 6.960964 -0.000000
v -1.126888 7.010964 -0.650609
v -1.082059 6.960964 -0.624727
v 1.126888 7.010964 -0.650609
v 1.082059 6.960964 -0.624727
v -0.650609 7.010964 -1.126888
v -0.624727 6.960964 -1.082059
v 1.301218 7.010964 0.000000
v 1.249454 6.960964 -0.000000
v 1.126888 7.010964 0.650609
v 1.082059 6.960964 0.624727
v 0.650609 7.010964 1.126888
v 0.624727 6.960964 1.082059
v 0.000000 7.010964 1.301218
v -0.000000 6.960964 1.249454
v -0.650609 7.010964 1.126888
v -0.624727 6.960964 1.082059
v -0.624727 7.578863 1.082059
v -0.650609 7.528863 1.126888
v -0.000000 7.578863 1.249454
v 0.000000 7.528863 1.301218
v 0.624727 7.578863 1.082059
v 0.650609 7.528863 1.126888
v 1.082059 7.578863 0.624727
v 1.126888 7.528863 0.650609
v 1.249454 7.578863 -0.000000
v 1.301218 7.528863 0.000000
v -0.624727 7.578863 -1.082059
v -0.650609 7.528863 -1.126888
v 1.082059 7.578863 -0.624727
v 1.126888 7.528863 -0.650609
v -1.082059 7.578863 -0.624727
v -1.126888 7.528863 -0.650609
v -1.249454 7.578863 -0.000000
v -1.301218 7.528863 0.000000
vn -0.0000 -0.7810 -0.6246
vn 0.3123 -0.7810 -0.5409
vn 0.3474 0.7193 -0.6017
vn -0.0000 0.7193 -0.6947
vn 0.5409 -0.7810 -0.3123
vn 0.6017 0.7193 -0.3474
vn 0.6246 -0.7810 -0.0000
vn 0.6947 0.7193 -0.0000
vn 0.5409 -0.7810 0.3123
vn 0.6017 0.7193 0.3474
vn 0.3123 -0.7810 0.5409
vn 0.3474 0.7193 0.6017
vn -0.0000 -0.7810 0.6246
vn -0.0000 0.7193 0.6947
vn -0.3123 -0.7810 0.5409
vn -0.3474 0.7193 0.6017
vn -0.5409 -0.7810 0.3123
vn -0.6017 0.7193 0.3474
vn -0.6246 -0.7810 -0.0000
vn -0.6947 0.7193 -0.0000
vn -0.5409 -0.7810 -0.3123
vn -0.6017 0.7193 -0.3474
vn -0.3123 -0.7810 -0.5409
vn -0.3474 0.7193 -0.6017
vn -0.2933 -0.8099 -0.5080
vn -0.0000 -0.8099 -0.5866
vn -0.0000 -0.3944 -0.9189
vn -0.4595 -0.3944 -0.7958
vn -0.5080 -0.8099 -0.2933
vn -0.7958 -0.3944 -0.4595
vn -0.5866 -0.8099 -0.0000
vn -0.9189 -0.3944 -0.0000
vn -0.5080 -0.8099 0.2933
vn -0.7958 -0.3944 0.4595
vn -0.2933 -0.8099 0.5080
vn -0.4595 -0.3944 0.7958
vn -0.0000 -0.8099 0.5866
vn -0.0000 -0.3944 0.9189
vn 0.2933 -0.8099 0.5080
vn 0.4595 -0.3944 0.7958
vn 0.5080 -0.8099 0.2933
vn 0.7958 -0.3944 0.4595
vn 0.5866 -0.8099 -0.0000
vn 0.9189 -0.3944 -0.0000
vn 0.5080 -0.8099 -0.2933
vn 0.7958 -0.3944 -0.4595
vn 0.2933 -0.8099 -0.5080
vn 0.4595 -0.3944 -0.7958
vn -0.4541 -0.4186 -0.7865
vn -0.0000 -0.4186 -0.9082
vn -0.7865 -0.4186 -0.4541
vn -0.9082 -0.4186 -0.0000
vn -0.7865 -0.4186 0.4541
vn -0.4541 -0.4186 0.7865
vn -0.0000 -0.4186 0.9082
vn 0.4541 -0.4186 0.7865
vn 0.7865 -0.4186 0.4541
vn 0.9082 -0.4186 -0.0000
vn 0.7865 -0.4186 -0.4541
vn 0.4541 -0.4186 -0.7865
vn 0.6948 0.7192 -0.0000
vn -0.6948 0.7192 -0.0000
vn 0.3348 0.7427 -0.5799
vn -0.0000 0.7427 -0.6696
vn 0.5799 0.7427 -0.3348
vn 0.6696 0.7427 -0.0000
vn 0.5799 0.7427 0.3348
vn 0.3348 0.7427 0.5799
vn -0.0000 0.7427 0.6696
vn -0.3348 0.7427 0.5799
vn -0.5799 0.7427 0.3348
vn -0.6696 0.7427 -0.0000
vn -0.5799 0.7427 -0.3348
vn -0.3348 0.7427 -0.5799
vn -0.3407 -0.7320 -0.5900
vn -0.0000 -0.7320 -0.6813
vn -0.5900 -0.7320 -0.3407
vn -0.6813 -0.7320 -0.0000
vn -0.5900 -0.7320 0.3407
vn -0.3407 -0.7320 0.5900
vn -0.0000 -0.7320 0.6813
vn 0.3407 -0.7320 0.5900
vn 0.5900 -0.7320 0.3407
vn 0.6813 -0.7320 -0.0000
vn 0.5900 -0.7320 -0.3407
vn 0.3407 -0.7320 -0.5900
vn -0.0000 -0.5476 -0.8367
vn 0.4184 -0.5476 -0.7246
vn 0.2897 -0.8150 -0.5019
vn -0.0000 -0.8150 -0.5795
vn -0.0000 0.6112 -0.7915
vn 0.3957 0.6112 -0.6854
vn 0.4774 0.2972 -0.8269
vn -0.0000 0.2972 -0.9548
vn 0.7246 -0.5476 -0.4184
vn 0.5019 -0.8150 -0.2897
vn 0.6854 0.6112 -0.3957
vn 0.8269 0.2972 -0.4774
vn 0.8367 -0.5476 -0.0000
vn 0.5795 -0.8150 -0.0000
vn 0.7915 0.6112 -0.0000
vn 0.9548 0.2972 -0.0000
vn 0.7246 -0.5476 0.4184
vn 0.5019 -0.8150 0.2897
vn 0.6854 0.6112 0.3957
vn 0.8269 0.2972 0.4774
vn 0.4184 -0.5476 0.7246
vn 0.2897 -0.8150 0.5019
vn 0.3957 0.6112 0.6854
vn 0.4774 0.2972 0.8269
vn -0.0000 -0.5476 0.8367
vn -0.0000 -0.8150 0.5795
vn -0.0000 0.6112 0.7915
vn -0.0000 0.2972 0.9548
vn -0.4184 -0.5476 0.7246
vn -0.2897 -0.8150 0.5019
vn -0.3957 0.6112 0.6854
vn -0.4774 0.2972 0.8269
vn -0.7246 -0.5476 0.4184
vn -0.5019 -0.8150 0.2897
vn -0.6854 0.6112 0.3957
vn -0.8269 0.2972 0.4774
vn -0.8367 -0.5476 -0.0000
vn -0.5795 -0.8150 -0.0000
vn -0.7915 0.6112 -0.0000
vn -0.9548 0.2972 -0.0000
vn -0.7246 -0.5476 -0.4184
vn -0.5019 -0.8150 -0.2897
vn -0.6854 0.6112 -0.3957
vn -0.8269 0.2972 -0.4774
vn -0.4184 -0.5476 -0.7246
vn -0.2897 -0.8150 -0.5019
vn -0.3957 0.6112 -0.6854
vn -0.4774 0.2972 -0.8269
vn -0.0000 0.6766 -0.7364
vn 0.3682 0.6766 -0.6377
vn 0.6377 0.6766 -0.3682
vn 0.7364 0.6766 -0.0000
vn 0.6377 0.6766 0.3682
vn 0.3682 0.6765 0.6377
vn -0.0000 0.6765 0.7364
vn -0.3682 0.6765 0.6377
vn -0.6377 0.6766 0.3682
vn -0.7364 0.6766 -0.0000
vn -0.6377 0.6766 -0.3682
vn -0.3682 0.6766 -0.6377
vn -0.0000 -0.8164 -0.5775
vn 0.2887 -0.8164 -0.5001
vn 0.5001 -0.8164 -0.2887
vn 0.5775 -0.8164 -0.0000
vn 0.5001 -0.8164 0.2887
vn 0.2887 -0.8164 0.5001
vn -0.0000 -0.8164 0.5775
vn -0.2887 -0.8164 0.5001
vn -0.5001 -0.8164 0.2887
vn -0.5775 -0.8164 -0.0000
vn -0.5001 -0.8164 -0.2887
vn -0.2887 -0.8164 -0.5001
vn -0.0000 0.6041 -0.7969
vn 0.3984 0.6041 -0.6901
vn 0.6901 0.6041 -0.3984
vn 0.7969 0.6041 -0.0000
vn 0.6901 0.6041 0.3984
vn 0.3984 0.6041 0.6901
vn -0.0000 0.6041 0.7969
vn -0.3984 0.6041 0.6901
vn -0.6901 0.6041 0.3984
vn -0.7969 0.6041 -0.0000
vn -0.6901 0.6041 -0.3984
vn -0.3984 0.6041 -0.6901
vn -0.6017 -0.7193 0.3474
vn -0.6947 -0.7193 -0.0000
vn -0.6017 -0.7193 -0.3474
vn 0.3474 -0.7193 -0.6017
vn 0.6017 -0.7193 -0.3474
vn -0.3474 -0.7193 -0.6017
vn 0.6947 -0.7193 -0.0000
vn -0.0000 -0.7193 -0.6947
vn 0.6017 -0.7193 0.3474
vn 0.3474 -0.7193 0.6017
vn -0.0000 -0.7193 0.6947
vn -0.3474 -0.7193 0.6017
vn -0.0000 -1.0000 -0.0000
vn -0.0000 -0.1930 -0.9812
vn 0.4906 -0.1930 -0.8497
vn -0.4906 -0.1930 -0.8497
vn 0.5000 -0.0000 -0.8660
vn 0.2588 -0.0000 -0.9659
vn -0.0000 1.0000 -0.0000
vn -0.2588 -0.0000 -0.9659
vn -0.5000 -0.0000 -0.8660
vn 0.8497 -0.1930 -0.4906
vn 0.8660 -0.0000 -0.5000
vn 0.9812 -0.1930 -0.0000
vn 0.9659 -0.0000 -0.2588
vn 0.8497 -0.1930 0.4906
vn 0.8660 -0.0000 0.5000
vn 0.9659 -0.0000 0.2588
vn 0.4906 -0.1930 0.8497
vn 0.5000 -0.0000 0.8660
vn -0.0000 -0.1930 0.9812
vn 0.2588 -0.0000 0.9659
vn -0.4906 -0.1930 0.8497
vn -0.5000 -0.0000 0.8660
vn -0.2588 -0.0000 0.9659
vn -0.8497 -0.1930 0.4906
vn -0.8660 -0.0000 0.5000
vn -0.9812 -0.1930 -0.0000
vn -0.9659 -0.0000 0.2588
vn -0.8497 -0.1930 -0.4906
vn -0.8660 -0.0000 -0.5000
vn -0.9659 -0.0000 -0.2588
vn -0.0000 -0.1230 -0.9924
vn 0.4962 -0.1230 -0.8594
vn -0.4962 -0.1230 -0.8594
vn 0.8594 -0.1230 -0.4962
vn 0.9924 -0.1230 -0.0000
vn 0.8594 -0.1230 0.4962
vn 0.4962 -0.1230 0.8594
vn -0.0000 -0.1230 0.9924
vn -0.4962 -0.1230 0.8594
vn -0.8594 -0.1230 0.4962
vn -0.9924 -0.1230 -0.0000
vn -0.8594 -0.1230 -0.4962
vn -0.0000 0.7554 -0.6553
vn 0.3276 0.7554 -0.5675
vn -0.0511 -0.9948 0.0886
vn -0.0000 -0.9948 0.1023
vn -0.3276 0.7554 -0.5675
vn 0.0511 -0.9948 0.0886
vn -0.0886 -0.9948 0.0511
vn 0.5675 0.7554 -0.3276
vn -0.1023 -0.9948 -0.0000
vn 0.6553 0.7554 -0.0000
vn 0.5675 0.7554 0.3276
vn -0.0886 -0.9948 -0.0511
vn -0.0511 -0.9948 -0.0886
vn 0.3276 0.7554 0.5675
vn -0.0000 -0.9948 -0.1023
vn -0.0000 0.7554 0.6553
vn 0.0511 -0.9948 -0.0886
vn -0.3276 0.7554 0.5675
vn 0.0886 -0.9948 -0.0511
vn -0.5675 0.7554 0.3276
vn 0.1023 -0.9948 -0.0000
vn -0.6553 0.7554 -0.0000
vn 0.0886 -0.9948 0.0511
vn -0.5675 0.7554 -0.3276
vn 0.4987 0.0713 -0.8638
vn 0.8638 0.0713 -0.4987
vn -0.0000 0.0713 -0.9975
vn -0.4987 0.0713 -0.8638
vn 0.9975 0.0713 -0.0000
vn 0.8638 0.0713 0.4987
vn 0.4987 0.0713 0.8638
vn -0.0000 0.0713 0.9975
vn -0.4987 0.0713 0.8638
vn -0.8638 0.0713 0.4987
vn -0.9975 0.0713 -0.0000
vn -0.8638 0.0713 -0.4987
vn 0.4956 -0.1326 -0.8584
vn 0.8584 -0.1326 -0.4956
vn -0.0000 -0.1326 -0.9912
vn 0.9912 -0.1326 -0.0000
vn 0.8584 -0.1326 0.4956
vn 0.4956 -0.1326 0.8584
vn -0.0000 -0.1326 0.9912
vn -0.4956 -0.1326 0.8584
vn -0.8584 -0.1326 0.4956
vn -0.9912 -0.1326 -0.0000
vn -0.8584 -0.1326 -0.4956
vn -0.4956 -0.1326 -0.8584
vn -0.4751 -0.3116 -0.8229
vn -0.0000 -0.3115 -0.9502
vn 0.4751 -0.3116 -0.8229
vn 0.8229 -0.3116 -0.4751
vn 0.9502 -0.3116 -0.0000
vn 0.8229 -0.3116 0.4751
vn 0.4751 -0.3115 0.8229
vn 0.4751 -0.3116 0.8229
vn -0.0000 -0.3115 0.9502
vn -0.4751 -0.3116 0.8229
vn -0.8229 -0.3116 0.4751
vn -0.9502 -0.3116 -0.0000
vn -0.8229 -0.3116 -0.4751
vt 0.456013 0.230115
vt 0.456013 0.209185
vt 0.463163 0.209185
vt 0.463163 0.230115
vt 0.124321 0.448023
vt 0.124321 0.387941
vt 0.128262 0.387941
vt 0.128262 0.448023
vt 0.456013 0.188256
vt 0.463163 0.188256
vt 0.124321 0.508105
vt 0.128262 0.508105
vt 0.456013 0.167326
vt 0.463163 0.167326
vt 0.124321 0.568187
vt 0.128262 0.568187
vt 0.456013 0.146396
vt 0.463163 0.146396
vt 0.124321 0.628269
vt 0.128262 0.628269
vt 0.456013 0.125467
vt 0.463163 0.125467
vt 0.124321 0.688352
vt 0.128262 0.688352
vt 0.456013 0.104537
vt 0.463163 0.104537
vt 0.124321 0.748434
vt 0.128262 0.748434
vt 0.456013 0.083607
vt 0.463163 0.083607
vt 0.124321 0.808516
vt 0.128262 0.808516
vt 0.456013 0.062677
vt 0.463163 0.062677
vt 0.124321 0.868599
vt 0.128262 0.868599
vt 0.456013 0.041748
vt 0.463163 0.041748
vt 0.124321 0.928681
vt 0.128262 0.928681
vt 0.456013 0.020818
vt 0.463163 0.020818
vt 0.124321 0.988763
vt 0.128262 0.988763
vt 0.456013 0.271974
vt 0.456013 0.251045
vt 0.463163 0.251045
vt 0.463163 0.271974
vt 0.124321 0.327858
vt 0.124321 0.267776
vt 0.128262 0.267776
vt 0.128262 0.327858
vt 0.330423 0.251045
vt 0.330423 0.230115
vt 0.333935 0.230115
vt 0.333935 0.251045
vt 0.330423 0.271974
vt 0.333935 0.271974
vt 0.330423 0.041748
vt 0.330423 0.020818
vt 0.333935 0.020818
vt 0.333935 0.041748
vt 0.330423 0.062677
vt 0.333935 0.062677
vt 0.330423 0.083607
vt 0.333935 0.083607
vt 0.330423 0.104537
vt 0.333935 0.104537
vt 0.330423 0.125467
vt 0.333935 0.125467
vt 0.330423 0.146396
vt 0.333935 0.146396
vt 0.330423 0.167326
vt 0.333935 0.167326
vt 0.330423 0.188256
vt 0.333935 0.188256
vt 0.330423 0.209185
vt 0.333935 0.209185
vt 0.132648 0.932366
vt 0.132648 0.871122
vt 0.136335 0.871122
vt 0.136335 0.932366
vt 0.132648 0.993611
vt 0.136335 0.993611
vt 0.132648 0.319918
vt 0.132648 0.258674
vt 0.136335 0.258674
vt 0.136335 0.319918
vt 0.132648 0.381163
vt 0.136335 0.381163
vt 0.132648 0.442408
vt 0.136335 0.442408
vt 0.132648 0.503653
vt 0.136335 0.503653
vt 0.132648 0.564898
vt 0.136335 0.564898
vt 0.132648 0.626142
vt 0.136335 0.626143
vt 0.132648 0.687387
vt 0.136335 0.687387
vt 0.132648 0.748632
vt 0.136335 0.748632
vt 0.132648 0.809877
vt 0.136335 0.809877
vt 0.226921 0.206796
vt 0.179139 0.206796
vt 0.180190 0.202877
vt 0.225871 0.202877
vt 0.268301 0.182906
vt 0.265432 0.180037
vt 0.292192 0.141526
vt 0.288273 0.140475
vt 0.292192 0.093744
vt 0.288273 0.094794
vt 0.268301 0.052364
vt 0.265432 0.055233
vt 0.226921 0.028473
vt 0.225871 0.032392
vt 0.179139 0.028473
vt 0.180190 0.032392
vt 0.137759 0.052364
vt 0.140628 0.055233
vt 0.113869 0.093744
vt 0.117788 0.094794
vt 0.113869 0.141526
vt 0.117788 0.140476
vt 0.137759 0.182906
vt 0.140628 0.180037
vt 0.104018 0.448023
vt 0.104018 0.387941
vt 0.111766 0.387941
vt 0.111766 0.448023
vt 0.104018 0.508105
vt 0.111766 0.508105
vt 0.104018 0.568187
vt 0.111766 0.568187
vt 0.104018 0.628270
vt 0.111766 0.628269
vt 0.104018 0.688352
vt 0.111766 0.688352
vt 0.104018 0.748434
vt 0.111766 0.748434
vt 0.104018 0.808516
vt 0.111766 0.808516
vt 0.104018 0.868599
vt 0.111766 0.868599
vt 0.104018 0.928681
vt 0.111766 0.928681
vt 0.104018 0.988763
vt 0.111766 0.988763
vt 0.104018 0.327858
vt 0.104018 0.267776
vt 0.111766 0.267776
vt 0.111766 0.327858
vt 0.026879 0.327858
vt 0.026879 0.387941
vt 0.019132 0.387941
vt 0.019132 0.327858
vt 0.026879 0.267776
vt 0.019132 0.267776
vt 0.026879 0.928681
vt 0.026879 0.988763
vt 0.019132 0.988763
vt 0.019132 0.928681
vt 0.026879 0.868599
vt 0.019132 0.868599
vt 0.026879 0.808516
vt 0.019132 0.808516
vt 0.026879 0.748434
vt 0.019132 0.748434
vt 0.026879 0.688352
vt 0.019132 0.688352
vt 0.026879 0.628269
vt 0.019132 0.628270
vt 0.026879 0.568187
vt 0.019132 0.568187
vt 0.026879 0.508105
vt 0.019132 0.508105
vt 0.026879 0.448023
vt 0.019132 0.448023
vt 0.227948 0.871122
vt 0.227948 0.809877
vt 0.235305 0.809877
vt 0.235305 0.871122
vt 0.161395 0.871122
vt 0.161395 0.809877
vt 0.168699 0.809877
vt 0.168699 0.871122
vt 0.227948 0.748632
vt 0.235305 0.748632
vt 0.161395 0.748632
vt 0.168700 0.748632
vt 0.227948 0.687387
vt 0.235305 0.687387
vt 0.161395 0.687387
vt 0.168700 0.687387
vt 0.227948 0.626142
vt 0.235305 0.626142
vt 0.161395 0.626142
vt 0.168700 0.626143
vt 0.227948 0.564898
vt 0.235305 0.564898
vt 0.161395 0.564898
vt 0.168700 0.564898
vt 0.227948 0.503653
vt 0.235305 0.503653
vt 0.161395 0.503653
vt 0.168700 0.503653
vt 0.227948 0.442408
vt 0.235305 0.442408
vt 0.161395 0.442408
vt 0.168700 0.442408
vt 0.227948 0.381163
vt 0.235305 0.381163
vt 0.161395 0.381163
vt 0.168700 0.381163
vt 0.227948 0.319918
vt 0.235305 0.319918
vt 0.161395 0.319918
vt 0.168700 0.319918
vt 0.227948 0.258674
vt 0.235305 0.258674
vt 0.161395 0.258674
vt 0.168700 0.258674
vt 0.227948 0.993611
vt 0.227948 0.932366
vt 0.235305 0.932366
vt 0.235305 0.993611
vt 0.161395 0.993611
vt 0.161395 0.932366
vt 0.168699 0.932366
vt 0.168699 0.993611
vt 0.411229 0.230115
vt 0.411229 0.209185
vt 0.418377 0.209185
vt 0.418376 0.230115
vt 0.411229 0.188256
vt 0.418377 0.188256
vt 0.411229 0.167326
vt 0.418377 0.167326
vt 0.411229 0.146396
vt 0.418377 0.146396
vt 0.411229 0.125467
vt 0.418377 0.125467
vt 0.411229 0.104537
vt 0.418376 0.104537
vt 0.411229 0.083607
vt 0.418377 0.083607
vt 0.411229 0.062677
vt 0.418377 0.062677
vt 0.411229 0.041748
vt 0.418377 0.041748
vt 0.411229 0.020818
vt 0.418377 0.020818
vt 0.411229 0.271974
vt 0.411229 0.251045
vt 0.418377 0.251045
vt 0.418377 0.271974
vt 0.506539 0.230115
vt 0.506539 0.209185
vt 0.510054 0.209185
vt 0.510054 0.230115
vt 0.506539 0.188256
vt 0.510054 0.188256
vt 0.506539 0.167326
vt 0.510054 0.167326
vt 0.506539 0.146396
vt 0.510054 0.146396
vt 0.506539 0.125467
vt 0.510054 0.125467
vt 0.506539 0.104537
vt 0.510054 0.104537
vt 0.506539 0.083607
vt 0.510054 0.083607
vt 0.506539 0.062677
vt 0.510054 0.062677
vt 0.506539 0.041748
vt 0.510054 0.041748
vt 0.506539 0.020818
vt 0.510054 0.023681
vt 0.506539 0.271974
vt 0.506539 0.251045
vt 0.510054 0.251045
vt 0.510054 0.269112
vt 0.441166 0.230115
vt 0.441166 0.209185
vt 0.448323 0.209185
vt 0.448323 0.230115
vt 0.441166 0.188256
vt 0.448323 0.188256
vt 0.441166 0.167326
vt 0.448323 0.167326
vt 0.441166 0.146396
vt 0.448323 0.146396
vt 0.441166 0.125467
vt 0.448323 0.125467
vt 0.441166 0.104537
vt 0.448323 0.104537
vt 0.441166 0.083607
vt 0.448323 0.083607
vt 0.441166 0.062677
vt 0.448323 0.062677
vt 0.441166 0.041748
vt 0.448323 0.041748
vt 0.441166 0.020818
vt 0.448323 0.020818
vt 0.441166 0.271975
vt 0.441166 0.251045
vt 0.448323 0.251045
vt 0.448323 0.271974
vt 0.421426 0.230115
vt 0.421426 0.209185
vt 0.428583 0.209185
vt 0.428583 0.230115
vt 0.421426 0.188256
vt 0.428583 0.188256
vt 0.421426 0.167326
vt 0.428583 0.167326
vt 0.421426 0.146396
vt 0.428583 0.146396
vt 0.421426 0.125467
vt 0.428583 0.125467
vt 0.421426 0.104537
vt 0.428583 0.104537
vt 0.421426 0.083607
vt 0.428583 0.083607
vt 0.421426 0.062677
vt 0.428583 0.062677
vt 0.421426 0.041748
vt 0.428583 0.041748
vt 0.421426 0.020818
vt 0.428583 0.020818
vt 0.421426 0.271974
vt 0.421426 0.251045
vt 0.428583 0.251045
vt 0.428583 0.271974
vt 0.995902 0.834654
vt 0.995902 0.882436
vt 0.991983 0.882436
vt 0.991983 0.834654
vt 0.995902 0.930217
vt 0.991983 0.930217
vt 0.995902 0.500183
vt 0.995902 0.547964
vt 0.991983 0.547964
vt 0.991983 0.500183
vt 0.995902 0.356838
vt 0.995902 0.404619
vt 0.991983 0.404619
vt 0.991983 0.356838
vt 0.995902 0.595746
vt 0.991983 0.595746
vt 0.995902 0.452401
vt 0.991983 0.452401
vt 0.995902 0.643528
vt 0.991983 0.643528
vt 0.995902 0.691309
vt 0.991983 0.691309
vt 0.995902 0.739091
vt 0.991983 0.739091
vt 0.995902 0.786873
vt 0.991983 0.786873
vt 0.407812 0.306477
vt 0.360030 0.306477
vt 0.360030 0.302557
vt 0.407812 0.302557
vt 0.312248 0.306477
vt 0.312248 0.302557
vt 0.742283 0.306477
vt 0.694501 0.306477
vt 0.694501 0.302557
vt 0.742283 0.302557
vt 0.885628 0.306477
vt 0.837846 0.306477
vt 0.837846 0.302557
vt 0.885628 0.302557
vt 0.646720 0.306477
vt 0.646720 0.302557
vt 0.790064 0.306477
vt 0.790064 0.302557
vt 0.598938 0.306477
vt 0.598938 0.302557
vt 0.551156 0.306477
vt 0.551156 0.302557
vt 0.503375 0.306477
vt 0.503375 0.302557
vt 0.455593 0.306477
vt 0.455593 0.302557
vt 0.944843 0.452983
vt 0.944843 0.400919
vt 0.952747 0.400919
vt 0.952747 0.452983
vt 0.944843 0.348854
vt 0.952747 0.348854
vt 0.944843 0.817435
vt 0.944843 0.765370
vt 0.952747 0.765370
vt 0.952747 0.817435
vt 0.944843 0.973628
vt 0.944843 0.921564
vt 0.952747 0.921564
vt 0.952747 0.973628
vt 0.944843 0.713306
vt 0.952747 0.713306
vt 0.944843 0.869499
vt 0.952747 0.869499
vt 0.944843 0.661241
vt 0.952747 0.661241
vt 0.944843 0.609177
vt 0.952747 0.609177
vt 0.944843 0.557112
vt 0.952747 0.557112
vt 0.944843 0.505048
vt 0.952747 0.505048
vt 0.896714 0.452983
vt 0.896714 0.400919
vt 0.904618 0.400919
vt 0.904618 0.452983
vt 0.896714 0.348854
vt 0.904618 0.348854
vt 0.896714 0.817435
vt 0.896714 0.765370
vt 0.904618 0.765370
vt 0.904618 0.817435
vt 0.896714 0.973628
vt 0.896714 0.921564
vt 0.904618 0.921564
vt 0.904618 0.973628
vt 0.896714 0.713306
vt 0.904618 0.713306
vt 0.896714 0.869499
vt 0.904618 0.869499
vt 0.896714 0.661241
vt 0.904618 0.661241
vt 0.896714 0.609177
vt 0.904618 0.609177
vt 0.896714 0.557112
vt 0.904618 0.557112
vt 0.896714 0.505048
vt 0.904618 0.505048
vt 0.967775 0.500183
vt 0.967775 0.452401
vt 0.967775 0.404619
vt 0.967775 0.547964
vt 0.967775 0.595746
vt 0.967775 0.643528
vt 0.967775 0.691309
vt 0.967775 0.739091
vt 0.967775 0.786873
vt 0.967775 0.834654
vt 0.967775 0.882436
vt 0.967775 0.930218
vt 0.967775 0.356838
vt 0.302717 0.871122
vt 0.302717 0.809877
vt 0.302717 0.932366
vt 0.302717 0.748632
vt 0.302717 0.687387
vt 0.302717 0.626142
vt 0.302717 0.564898
vt 0.302717 0.503653
vt 0.302717 0.442408
vt 0.302717 0.381163
vt 0.302717 0.319918
vt 0.302717 0.258674
vt 0.302717 0.993611
vt 0.014793 0.448023
vt 0.014793 0.387941
vt 0.014793 0.327858
vt 0.014793 0.508105
vt 0.014793 0.568187
vt 0.014793 0.628269
vt 0.014793 0.688352
vt 0.014793 0.748434
vt 0.014793 0.808516
vt 0.014793 0.868599
vt 0.014793 0.928681
vt 0.014793 0.988763
vt 0.014793 0.267776
vt 0.790064 0.987582
vt 0.742283 0.987582
vt 0.694501 0.987582
vt 0.837846 0.987582
vt 0.646720 0.987582
vt 0.598938 0.987582
vt 0.551156 0.987582
vt 0.503375 0.987582
vt 0.455593 0.987582
vt 0.407812 0.987582
vt 0.360030 0.987582
vt 0.312248 0.987582
vt 0.885628 0.987582
vt 0.198085 0.809877
vt 0.198085 0.748632
vt 0.198085 0.871122
vt 0.198085 0.687387
vt 0.198085 0.626142
vt 0.198085 0.564898
vt 0.198085 0.503653
vt 0.198085 0.442408
vt 0.198085 0.381163
vt 0.198085 0.319918
vt 0.198085 0.258674
vt 0.198085 0.993611
vt 0.198085 0.932366
vt 0.067094 0.205609
vt 0.069883 0.210440
vt 0.069883 0.216018
vt 0.067094 0.220849
vt 0.062263 0.223638
vt 0.056685 0.223638
vt 0.051855 0.220849
vt 0.049066 0.216018
vt 0.049066 0.210440
vt 0.051855 0.205609
vt 0.056685 0.202821
vt 0.062263 0.202821
vt 0.954306 0.452983
vt 0.954306 0.505048
vt 0.954306 0.557112
vt 0.954306 0.400919
vt 0.954306 0.609177
vt 0.954306 0.661241
vt 0.954306 0.713306
vt 0.954306 0.765370
vt 0.954306 0.869499
vt 0.954306 0.921564
vt 0.954306 0.973628
vt 0.954306 0.817435
vt 0.954306 0.348854
vt 0.895156 0.505048
vt 0.895156 0.452983
vt 0.895156 0.557112
vt 0.895156 0.609177
vt 0.895156 0.661241
vt 0.895156 0.713306
vt 0.895156 0.765370
vt 0.895156 0.921564
vt 0.895156 0.869499
vt 0.895156 0.973628
vt 0.895156 0.817435
vt 0.895156 0.400919
vt 0.895156 0.348854
s 1
usemtl davkovac
f 118/118/107 121/119/108 122/120/108 117/121/107
f 124/122/109 119/123/110 120/124/110 123/125/109
f 121/119/108 125/126/111 126/127/111 122/120/108
f 128/128/112 124/122/109 123/125/109 127/129/112
f 125/126/111 129/130/113 130/131/113 126/127/111
f 132/132/114 128/128/112 127/129/112 131/133/114
f 129/130/113 133/134/115 134/135/115 130/131/113
f 136/136/116 132/132/114 131/133/114 135/137/116
f 133/134/115 137/138/117 138/139/117 134/135/115
f 140/140/118 136/136/116 135/137/116 139/141/118
f 137/138/117 141/142/119 142/143/119 138/139/117
f 144/144/120 140/140/118 139/141/118 143/145/120
f 141/142/119 145/146/121 146/147/121 142/143/119
f 148/148/122 144/144/120 143/145/120 147/149/122
f 145/146/121 149/150/123 150/151/123 146/147/121
f 152/152/124 148/148/122 147/149/122 151/153/124
f 149/150/123 153/154/125 154/155/125 150/151/123
f 156/156/126 152/152/124 151/153/124 155/157/126
f 153/154/125 157/158/127 158/159/127 154/155/125
f 160/160/128 156/156/126 155/157/126 159/161/128
f 157/162/127 161/163/129 162/164/129 158/165/127
f 164/166/130 160/167/128 159/168/128 163/169/130
f 161/163/129 118/118/107 117/121/107 162/164/129
f 119/123/110 164/166/130 163/169/130 120/124/110
f 188/170/131 165/171/132 166/172/133 187/173/134
f 186/174/135 188/170/131 187/173/134 185/175/136
f 184/176/137 186/177/135 185/178/136 183/179/138
f 182/180/139 184/176/137 183/179/138 181/181/140
f 180/182/141 182/180/139 181/181/140 179/183/142
f 178/184/143 180/182/141 179/183/142 177/185/144
f 176/186/145 178/184/143 177/185/144 175/187/146
f 174/188/147 176/186/145 175/187/146 173/189/148
f 172/190/149 174/188/147 173/189/148 171/191/150
f 170/192/151 172/190/149 171/191/150 169/193/152
f 168/194/153 170/192/151 169/193/152 167/195/154
f 165/171/132 168/194/153 167/195/154 166/172/133
f 212/196/155 189/197/156 190/198/156 211/199/155
f 210/200/157 212/196/155 211/199/155 209/201/157
f 208/202/158 210/203/157 209/204/157 207/205/158
f 206/206/159 208/202/158 207/205/158 205/207/159
f 204/208/160 206/206/159 205/207/159 203/209/160
f 202/210/161 204/208/160 203/209/160 201/211/161
f 200/212/162 202/210/161 201/211/161 199/213/162
f 198/214/163 200/212/162 199/213/162 197/215/163
f 196/216/164 198/214/163 197/215/163 195/217/164
f 194/218/165 196/216/164 195/217/164 193/219/165
f 192/220/166 194/218/165 193/219/165 191/221/166
f 189/197/156 192/220/166 191/221/166 190/198/156
f 214/222/109 215/223/110 216/224/110 213/225/109
f 218/226/112 214/222/109 213/225/109 217/227/112
f 220/228/167 218/226/112 217/227/112 219/229/167
f 222/230/116 220/228/167 219/229/167 221/231/116
f 224/232/118 222/230/116 221/231/116 223/233/118
f 226/234/120 224/232/118 223/233/118 225/235/120
f 228/236/122 226/234/120 225/235/120 227/237/122
f 230/238/124 228/236/122 227/237/122 229/239/124
f 232/240/168 230/238/124 229/239/124 231/241/168
f 234/242/128 232/240/168 231/241/168 233/243/128
f 236/244/130 234/242/128 233/243/128 235/245/130
f 215/223/110 236/244/130 235/245/130 216/224/110
f 238/246/169 239/247/170 240/248/170 237/249/169
f 244/250/171 238/246/169 237/249/169 243/251/171
f 246/252/172 244/250/171 243/251/171 245/253/172
f 248/254/173 246/252/172 245/253/172 247/255/173
f 250/256/174 248/254/173 247/255/173 249/257/174
f 252/258/175 250/256/174 249/257/174 251/259/175
f 254/260/176 252/258/175 251/259/175 253/261/176
f 256/262/177 254/260/176 253/261/176 255/263/177
f 258/264/178 256/262/177 255/263/177 257/265/178
f 260/266/179 258/264/178 257/265/178 259/267/179
f 262/268/180 260/269/179 259/270/179 261/271/180
f 239/247/170 262/268/180 261/271/180 240/248/170
f 284/272/181 241/273/182 242/274/182 283/275/181
f 282/276/183 284/272/181 283/275/181 281/277/183
f 280/278/184 282/279/183 281/280/183 279/281/184
f 278/282/185 280/278/184 279/281/184 277/283/185
f 276/284/186 278/282/185 277/283/185 275/285/186
f 274/286/187 276/284/186 275/285/186 273/287/187
f 272/288/188 274/286/187 273/287/187 271/289/188
f 270/290/189 272/288/188 271/289/188 269/291/189
f 268/292/190 270/290/189 269/291/189 267/293/190
f 266/294/191 268/292/190 267/293/190 265/295/191
f 264/296/192 266/294/191 265/295/191 263/297/192
f 241/273/182 264/296/192 263/297/192 242/274/182
f 330/298/193 287/299/194 288/300/195 329/301/196
f 332/302/197 285/303/198 286/304/199 331/305/200
f 287/299/194 291/306/201 292/307/202 288/300/195
f 285/303/198 289/308/203 290/309/204 286/304/199
f 291/306/201 295/310/205 296/311/206 292/307/202
f 289/308/203 293/312/207 294/313/208 290/309/204
f 295/310/205 299/314/209 300/315/210 296/311/206
f 293/312/207 297/316/211 298/317/212 294/313/208
f 299/314/209 303/318/213 304/319/214 300/315/210
f 297/316/211 301/320/215 302/321/216 298/317/212
f 303/318/213 307/322/217 308/323/218 304/319/214
f 301/320/215 305/324/219 306/325/220 302/321/216
f 307/322/217 311/326/221 312/327/222 308/323/218
f 305/324/219 309/328/223 310/329/224 306/325/220
f 311/326/221 315/330/225 316/331/226 312/327/222
f 309/328/223 313/332/227 314/333/228 310/329/224
f 315/330/225 319/334/229 320/335/230 316/331/226
f 313/332/227 317/336/231 318/337/232 314/333/228
f 319/334/229 323/338/233 324/339/234 320/335/230
f 317/336/231 321/340/235 322/341/236 318/337/232
f 323/342/233 327/343/237 328/344/238 324/345/234
f 321/346/235 325/347/239 326/348/240 322/349/236
f 327/343/237 330/298/193 329/301/196 328/344/238
f 325/347/239 332/302/197 331/305/200 326/348/240
f 356/350/241 333/351/242 334/352/242 355/353/241
f 333/351/242 335/354/243 336/355/243 334/352/242
f 335/354/243 337/356/244 338/357/244 336/355/243
f 337/356/244 339/358/245 340/359/245 338/357/244
f 339/358/245 341/360/246 342/361/246 340/359/245
f 341/360/246 343/362/247 344/363/247 342/361/246
f 343/362/247 345/364/248 346/365/248 344/363/247
f 345/364/248 347/366/249 348/367/249 346/365/248
f 347/366/249 349/368/250 350/369/250 348/367/249
f 349/368/250 351/370/251 352/371/251 350/369/250
f 351/372/251 353/373/252 354/374/252 352/375/251
f 353/373/252 356/350/241 355/353/241 354/374/252
f 358/376/107 359/377/108 360/378/108 357/379/107
f 359/377/108 361/380/111 362/381/111 360/378/108
f 361/380/111 363/382/113 364/383/113 362/381/111
f 363/382/113 365/384/115 366/385/115 364/383/113
f 365/384/115 367/386/117 368/387/117 366/385/115
f 367/386/117 369/388/119 370/389/119 368/387/117
f 369/388/119 371/390/121 372/391/121 370/389/119
f 371/390/121 373/392/123 374/393/123 372/391/121
f 373/392/123 375/394/125 376/395/125 374/393/123
f 375/394/125 377/396/127 378/397/127 376/395/125
f 377/398/127 379/399/129 380/400/129 378/401/127
f 379/399/129 358/376/107 357/379/107 380/400/129
f 382/402/253 383/403/254 384/404/254 381/405/253
f 383/403/254 387/406/255 388/407/255 384/404/254
f 387/406/255 391/408/256 392/409/256 388/407/255
f 391/408/256 395/410/257 396/411/257 392/409/256
f 395/410/257 399/412/258 400/413/258 396/411/257
f 399/412/258 403/414/259 404/415/259 400/413/258
f 403/414/259 407/416/260 408/417/260 404/415/259
f 407/416/260 411/418/261 412/419/261 408/417/260
f 411/418/261 415/420/262 416/421/262 412/419/261
f 415/420/262 419/422/263 420/423/263 416/421/262
f 419/424/263 423/425/264 424/426/264 420/427/263
f 423/425/264 382/402/253 381/405/253 424/426/264
f 428/428/265 385/429/266 386/430/266 427/431/265
f 385/429/266 389/432/267 390/433/267 386/430/266
f 389/432/267 393/434/268 394/435/268 390/433/267
f 393/434/268 397/436/269 398/437/269 394/435/268
f 397/436/269 401/438/270 402/439/270 398/437/269
f 401/438/270 405/440/271 406/441/271 402/439/270
f 405/440/271 409/442/272 410/443/272 406/441/271
f 409/442/272 413/444/273 414/445/273 410/443/272
f 413/444/273 417/446/274 418/447/274 414/445/273
f 417/446/274 421/448/275 422/449/275 418/447/274
f 421/450/275 425/451/276 426/452/276 422/453/275
f 425/451/276 428/428/265 427/431/265 426/452/276
f 432/454/277 451/455/278 452/456/278 431/457/277
f 451/455/278 449/458/279 450/459/279 452/456/278
f 446/460/280 447/461/281 448/462/281 445/463/280
f 449/464/279 441/465/282 442/466/282 450/467/279
f 447/461/281 439/468/283 440/469/283 448/462/281
f 444/470/284 446/460/280 445/463/280 443/471/284
f 441/465/282 444/470/284 443/471/284 442/466/282
f 439/468/283 437/472/285 438/473/285 440/469/283
f 437/472/285 435/474/286 436/475/286 438/473/285
f 435/474/286 433/476/287 434/477/287 436/475/286
f 433/476/287 429/478/288 430/479/288 434/477/287
f 429/478/288 432/454/277 431/457/277 430/479/288
f 472/480/124 469/481/126 470/482/126 471/483/124
f 469/481/126 467/484/128 468/485/128 470/482/126
f 476/486/109 465/487/112 466/488/112 475/489/109
f 467/490/128 463/491/130 464/492/130 468/493/128
f 465/487/112 461/494/114 462/495/114 466/488/112
f 474/496/110 476/486/109 475/489/109 473/497/110
f 463/491/130 474/496/110 473/497/110 464/492/130
f 461/494/114 459/498/116 460/499/116 462/495/114
f 459/498/116 457/500/118 458/501/118 460/499/116
f 457/500/118 455/502/120 456/503/120 458/501/118
f 455/502/120 453/504/122 454/505/122 456/503/120
f 453/504/122 472/480/124 471/483/124 454/505/122
f 480/506/277 489/507/278 490/508/278 479/509/277
f 489/507/278 491/510/279 492/511/279 490/508/278
f 488/512/280 493/513/281 494/514/281 487/515/280
f 491/516/279 495/517/282 496/518/282 492/519/279
f 493/513/281 497/520/283 498/521/283 494/514/281
f 484/522/284 488/512/280 487/515/280 483/523/284
f 495/517/282 484/522/284 483/523/284 496/518/282
f 497/520/283 499/524/285 500/525/285 498/521/283
f 499/524/285 501/526/286 502/527/286 500/525/285
f 501/526/286 503/528/287 504/529/287 502/527/286
f 503/528/287 505/530/288 506/531/288 504/529/287
f 505/530/288 480/506/277 479/509/277 506/531/288
f 478/532/124 523/533/126 524/534/126 477/535/124
f 523/533/126 521/536/128 522/537/128 524/534/126
f 486/538/109 519/539/112 520/540/112 485/541/109
f 521/542/128 517/543/130 518/544/130 522/545/128
f 519/539/112 515/546/114 516/547/114 520/540/112
f 482/548/110 486/538/109 485/541/109 481/549/110
f 517/543/130 482/548/110 481/549/110 518/544/130
f 515/546/114 513/550/116 514/551/116 516/547/114
f 513/550/116 511/552/118 512/553/118 514/551/116
f 511/552/118 509/554/120 510/555/120 512/553/118
f 509/554/120 507/556/122 508/557/122 510/555/120
f 507/556/122 478/532/124 477/535/124 508/557/122
f 121/119/289 118/118/289 381/405/289 384/404/289
f 117/121/290 122/120/291 359/377/291 358/376/290
f 118/118/289 161/163/289 424/426/289 381/405/289
f 162/164/292 117/121/290 358/376/290 379/399/292
f 123/558/293 120/559/294 443/471/294 445/463/293
f 164/166/295 119/123/295 240/248/295 261/271/295
f 119/123/295 124/122/295 237/249/295 240/248/295
f 120/559/296 163/560/297 442/466/297 443/471/296
f 122/120/291 126/127/298 361/380/298 359/377/291
f 125/126/289 121/119/289 384/404/289 388/407/289
f 124/122/295 128/128/295 243/251/295 237/249/295
f 127/561/299 123/558/293 445/463/293 448/462/299
f 126/127/298 130/131/300 363/382/300 361/380/298
f 129/130/289 125/126/289 388/407/289 392/409/289
f 128/128/295 132/132/295 245/253/295 243/251/295
f 131/562/301 127/561/299 448/462/299 440/469/301
f 130/131/300 134/135/302 365/384/302 363/382/300
f 133/134/289 129/130/289 392/409/289 396/411/289
f 132/132/295 136/136/295 247/255/295 245/253/295
f 135/563/303 131/562/304 440/469/304 438/473/303
f 134/135/302 138/139/305 367/386/305 365/384/302
f 137/138/289 133/134/289 396/411/289 400/413/289
f 136/136/295 140/140/295 249/257/295 247/255/295
f 139/564/306 135/563/303 438/473/303 436/475/306
f 138/139/305 142/143/307 369/388/307 367/386/305
f 141/142/289 137/138/289 400/413/289 404/415/289
f 140/140/295 144/144/295 251/259/295 249/257/295
f 143/565/308 139/564/306 436/475/306 434/477/308
f 142/143/307 146/147/309 371/390/309 369/388/307
f 145/146/289 141/142/289 404/415/289 408/417/289
f 144/144/295 148/148/295 253/261/295 251/259/295
f 147/566/310 143/565/311 434/477/311 430/479/310
f 149/150/289 145/146/289 408/417/289 412/419/289
f 146/147/309 150/151/312 373/392/312 371/390/309
f 148/148/295 152/152/295 255/263/295 253/261/295
f 151/567/313 147/566/310 430/479/310 431/457/313
f 150/151/312 154/155/314 375/394/314 373/392/312
f 153/154/289 149/150/289 412/419/289 416/421/289
f 152/152/295 156/156/295 257/265/295 255/263/295
f 155/568/315 151/567/313 431/457/313 452/456/315
f 157/158/289 153/154/289 416/421/289 420/423/289
f 154/155/314 158/159/316 377/396/316 375/394/314
f 156/156/295 160/160/295 259/267/295 257/265/295
f 159/569/317 155/568/318 452/456/318 450/459/317
f 161/163/289 157/162/289 420/427/289 424/426/289
f 158/165/316 162/164/292 379/399/292 377/398/316
f 160/167/295 164/166/295 261/271/295 259/270/295
f 163/560/297 159/570/317 450/467/317 442/466/297
f 356/350/319 166/172/133 167/195/154 333/351/320
f 165/571/132 329/301/196 288/300/195 168/572/153
f 353/373/321 187/173/134 166/172/133 356/350/319
f 188/573/131 328/344/238 329/301/196 165/571/132
f 168/572/153 288/300/195 292/307/202 170/574/151
f 333/351/320 167/195/154 169/193/152 335/354/322
f 170/574/151 292/307/202 296/311/206 172/575/149
f 335/354/322 169/193/152 171/191/150 337/356/323
f 172/575/149 296/311/206 300/315/210 174/576/147
f 337/356/323 171/191/150 173/189/148 339/358/324
f 174/576/147 300/315/210 304/319/214 176/577/145
f 339/358/324 173/189/148 175/187/146 341/360/325
f 176/577/145 304/319/214 308/323/218 178/578/143
f 341/360/325 175/187/146 177/185/144 343/362/326
f 178/578/143 308/323/218 312/327/222 180/579/141
f 343/362/326 177/185/144 179/183/142 345/364/327
f 180/579/141 312/327/222 316/331/226 182/580/139
f 345/364/327 179/183/142 181/181/140 347/366/328
f 182/580/139 316/331/226 320/335/230 184/581/137
f 347/366/328 181/181/140 183/179/138 349/368/329
f 184/581/137 320/335/230 324/339/234 186/582/135
f 349/368/329 183/179/138 185/178/136 351/370/330
f 186/583/135 324/345/234 328/344/238 188/573/131
f 351/372/330 185/175/136 187/173/134 353/373/321
f 332/302/197 190/198/331 191/221/332 285/303/198
f 192/584/333 189/585/334 242/274/334 263/297/333
f 325/347/239 211/199/335 190/198/331 332/302/197
f 189/585/334 212/586/336 283/275/336 242/274/334
f 194/587/337 192/584/333 263/297/333 265/295/337
f 285/303/198 191/221/332 193/219/338 289/308/203
f 196/588/339 194/587/337 265/295/337 267/293/339
f 289/308/203 193/219/338 195/217/340 293/312/207
f 293/312/207 195/217/340 197/215/341 297/316/211
f 198/589/342 196/588/339 267/293/339 269/291/342
f 200/590/343 198/589/342 269/291/342 271/289/343
f 297/316/211 197/215/341 199/213/344 301/320/215
f 202/591/345 200/590/343 271/289/343 273/287/345
f 301/320/215 199/213/344 201/211/346 305/324/219
f 204/592/347 202/591/345 273/287/345 275/285/347
f 305/324/219 201/211/346 203/209/348 309/328/223
f 206/593/349 204/592/347 275/285/347 277/283/349
f 309/328/223 203/209/348 205/207/350 313/332/227
f 208/594/351 206/593/349 277/283/349 279/281/351
f 313/332/227 205/207/350 207/205/352 317/336/231
f 210/595/353 208/594/351 279/281/351 281/280/353
f 317/336/231 207/205/352 209/204/354 321/340/235
f 212/586/336 210/596/353 281/277/353 283/275/336
f 321/346/235 209/201/354 211/199/335 325/347/239
f 476/486/293 474/496/294 215/597/294 214/598/293
f 213/225/295 216/224/295 235/245/295 233/243/295 231/241/295 229/239/295 227/237/295 225/235/295 223/233/295 221/231/295 219/229/295 217/227/295
f 465/487/299 476/486/293 214/598/293 218/599/299
f 474/496/296 463/491/297 236/600/297 215/597/296
f 461/494/301 465/487/299 218/599/299 220/601/301
f 459/498/303 461/494/304 220/601/304 222/602/303
f 457/500/306 459/498/303 222/602/303 224/603/306
f 455/502/308 457/500/306 224/603/306 226/604/308
f 453/504/310 455/502/311 226/604/311 228/605/310
f 472/480/313 453/504/310 228/605/310 230/606/313
f 469/481/315 472/480/313 230/606/313 232/607/315
f 467/484/317 469/481/318 232/607/318 234/608/317
f 463/491/297 467/490/317 234/609/317 236/600/297
f 264/296/355 238/246/355 244/250/356 266/294/356
f 241/273/357 239/247/357 238/246/355 264/296/355
f 284/272/358 262/268/358 239/247/357 241/273/357
f 266/294/356 244/250/356 246/252/359 268/292/359
f 268/292/359 246/252/359 248/254/360 270/290/360
f 270/290/360 248/254/360 250/256/361 272/288/361
f 272/288/361 250/256/361 252/258/362 274/286/362
f 274/286/362 252/258/362 254/260/363 276/284/363
f 276/284/363 254/260/363 256/262/364 278/282/364
f 278/282/364 256/262/364 258/264/365 280/278/365
f 280/278/365 258/264/365 260/266/366 282/279/366
f 282/276/366 260/269/366 262/268/358 284/272/358
f 105/610/367 286/304/199 290/309/204 106/611/368
f 116/612/369 331/305/200 286/304/199 105/610/367
f 287/299/194 105/610/367 106/611/368 291/306/201
f 330/298/193 116/612/369 105/610/367 287/299/194
f 106/611/368 290/309/204 294/313/208 107/613/370
f 291/306/201 106/611/368 107/613/370 295/310/205
f 107/613/370 294/313/208 298/317/212 108/614/371
f 295/310/205 107/613/370 108/614/371 299/314/209
f 108/614/371 298/317/212 302/321/216 109/615/372
f 299/314/209 108/614/371 109/615/372 303/318/213
f 109/615/372 302/321/216 306/325/220 110/616/373
f 303/318/213 109/615/372 110/616/373 307/322/217
f 110/616/373 306/325/220 310/329/224 111/617/374
f 307/322/217 110/616/373 111/617/374 311/326/221
f 111/617/374 310/329/224 314/333/228 112/618/375
f 311/326/221 111/617/374 112/618/375 315/330/225
f 112/618/375 314/333/228 318/337/232 113/619/376
f 315/330/225 112/618/375 113/619/376 319/334/229
f 113/619/376 318/337/232 322/341/236 114/620/377
f 319/334/229 113/619/376 114/620/377 323/338/233
f 114/621/377 322/349/236 326/348/240 115/622/378
f 323/342/233 114/621/377 115/622/378 327/343/237
f 115/622/378 326/348/240 331/305/200 116/612/369
f 327/343/237 115/622/378 116/612/369 330/298/193
f 355/353/295 334/352/295 385/429/295 428/428/295
f 334/352/295 336/355/295 389/432/295 385/429/295
f 336/355/295 338/357/295 393/434/295 389/432/295
f 338/357/295 340/359/295 397/436/295 393/434/295
f 340/359/295 342/361/295 401/438/295 397/436/295
f 342/361/295 344/363/295 405/440/295 401/438/295
f 344/363/295 346/365/295 409/442/295 405/440/295
f 346/365/295 348/367/295 413/444/295 409/442/295
f 348/367/295 350/369/295 417/446/295 413/444/295
f 350/369/295 352/371/295 421/448/295 417/446/295
f 352/375/295 354/374/295 425/451/295 421/450/295
f 354/374/295 355/353/295 428/428/295 425/451/295
f 357/623/289 360/624/289 362/625/289 364/626/289 366/627/289 368/628/289 370/629/289 372/630/289 374/631/289 376/632/289 378/633/289 380/634/289
f 423/425/379 426/452/379 427/431/380 382/402/380
f 382/402/380 427/431/380 386/430/381 383/403/381
f 383/403/381 386/430/381 390/433/382 387/406/382
f 387/406/382 390/433/382 394/435/383 391/408/383
f 391/408/383 394/435/383 398/437/384 395/410/384
f 395/410/384 398/437/384 402/439/385 399/412/386
f 399/412/386 402/439/385 406/441/387 403/414/387
f 403/414/387 406/441/387 410/443/388 407/416/388
f 407/416/388 410/443/388 414/445/389 411/418/389
f 411/418/389 414/445/389 418/447/390 415/420/390
f 415/420/390 418/447/390 422/449/391 419/422/391
f 419/424/391 422/453/391 426/452/379 423/425/379
f 432/635/289 429/636/289 506/531/289 479/509/289
f 429/636/289 433/637/289 504/529/289 506/531/289
f 451/638/289 432/635/289 479/509/289 490/508/289
f 433/637/289 435/639/289 502/527/289 504/529/289
f 435/639/289 437/640/289 500/525/289 502/527/289
f 437/640/289 439/641/289 498/521/289 500/525/289
f 439/641/289 447/642/289 494/514/289 498/521/289
f 444/643/289 441/644/289 496/518/289 483/523/289
f 441/644/289 449/645/289 492/519/289 496/518/289
f 446/646/289 444/643/289 483/523/289 487/515/289
f 447/642/289 446/646/289 487/515/289 494/514/289
f 449/647/289 451/638/289 490/508/289 492/511/289
f 454/648/295 471/649/295 478/532/295 507/556/295
f 456/650/295 454/648/295 507/556/295 509/554/295
f 458/651/295 456/650/295 509/554/295 511/552/295
f 460/652/295 458/651/295 511/552/295 513/550/295
f 462/653/295 460/652/295 513/550/295 515/546/295
f 466/654/295 462/653/295 515/546/295 519/539/295
f 464/655/295 473/656/295 482/548/295 517/543/295
f 468/657/295 464/655/295 517/543/295 521/542/295
f 475/658/295 466/654/295 519/539/295 486/538/295
f 470/659/295 468/660/295 521/536/295 523/533/295
f 471/649/295 470/659/295 523/533/295 478/532/295
f 473/656/295 475/658/295 486/538/295 482/548/295
f 480/506/313 505/530/310 508/557/310 477/535/313
f 489/507/315 480/506/313 477/535/313 524/534/315
f 484/522/296 495/517/297 518/544/297 481/549/296
f 488/512/293 484/522/294 481/549/294 485/541/293
f 493/513/299 488/512/293 485/541/293 520/540/299
f 491/510/317 489/507/318 524/534/318 522/537/317
f 495/517/297 491/516/317 522/545/317 518/544/297
f 497/520/301 493/513/299 520/540/299 516/547/301
f 499/524/303 497/520/304 516/547/304 514/551/303
f 501/526/306 499/524/303 514/551/303 512/553/306
f 503/528/308 501/526/306 512/553/306 510/555/308
f 505/530/310 503/528/311 510/555/311 508/557/310
o BézierCurve.001
v 0.625204 6.094350 -1.266409
v 0.564152 5.922636 -1.324705
v 0.396668 5.851509 -1.383880
v 0.220861 5.922636 -1.409271
v 0.139718 6.094350 -1.386004
v 0.200769 6.266065 -1.327708
v 0.368254 6.337192 -1.268533
v 0.544060 6.266065 -1.243142
v 0.664505 6.134286 -1.426221
v 0.608437 5.968587 -1.503757
v 0.443819 5.900921 -1.574000
v 0.267083 5.970926 -1.595802
v 0.181758 6.137594 -1.556393
v 0.237826 6.303293 -1.478857
v 0.402444 6.370959 -1.408614
v 0.579180 6.300954 -1.386811
v 0.706755 6.206216 -1.566673
v 0.660798 6.057695 -1.678214
v 0.501885 5.999722 -1.767642
v 0.323106 6.066255 -1.782573
v 0.229186 6.218321 -1.714260
v 0.275143 6.366841 -1.602720
v 0.434056 6.424815 -1.513291
v 0.612835 6.358282 -1.498360
v 0.750113 6.305284 -1.689069
v 0.713803 6.178924 -1.828089
v 0.560082 6.132876 -1.932305
v 0.378998 6.194114 -1.940670
v 0.276626 6.326765 -1.848283
v 0.312936 6.453125 -1.709263
v 0.466657 6.499173 -1.605046
v 0.647742 6.437935 -1.596682
v 0.790981 6.424767 -1.787714
v 0.763944 6.325849 -1.949256
v 0.614933 6.293739 -2.064913
v 0.431236 6.347246 -2.066932
v 0.320460 6.455027 -1.954133
v 0.347497 6.553945 -1.792590
v 0.496508 6.586055 -1.676934
v 0.680205 6.532548 -1.674915
v 0.825715 6.557689 -1.857069
v 0.807638 6.493808 -2.036524
v 0.662901 6.478412 -2.160725
v 0.476289 6.520518 -2.156916
v 0.357116 6.595463 -2.027329
v 0.375192 6.659343 -1.847874
v 0.519929 6.674740 -1.723673
v 0.706542 6.632633 -1.727482
v 0.850668 6.697094 -1.891713
v 0.840511 6.679219 -2.081947
v 0.699334 6.684501 -2.210992
v 0.509836 6.709846 -2.203256
v 0.383023 6.740406 -2.063270
v 0.393180 6.758281 -1.873036
v 0.534357 6.752999 -1.743991
v 0.723855 6.727654 -1.751727
v 0.862127 6.836144 -1.886083
v 0.856310 6.875786 -2.073183
v 0.716988 6.905659 -2.200889
v 0.525774 6.908263 -2.194391
v 0.394679 6.882073 -2.057498
v 0.400496 6.842432 -1.870398
v 0.539818 6.812559 -1.742693
v 0.731032 6.809955 -1.749189
v 0.856187 6.967711 -1.834245
v 0.847463 7.067021 -1.997564
v 0.706946 7.121413 -2.115497
v 0.516950 7.099025 -2.118961
v 0.388772 7.012972 -2.005926
v 0.397497 6.913662 -1.842607
v 0.538013 6.859270 -1.724674
v 0.728009 6.881658 -1.721210
v 0.828884 7.083777 -1.730415
v 0.809726 7.228655 -1.853926
v 0.665058 7.301178 -1.956021
v 0.479625 7.258863 -1.976892
v 0.362050 7.126499 -1.904315
v 0.381209 6.981621 -1.780803
v 0.525877 6.909098 -1.678709
v 0.711310 6.951412 -1.657838
v 0.776544 7.175994 -1.569722
v 0.743955 7.345765 -1.651742
v 0.594093 7.427916 -1.737791
v 0.414745 7.374322 -1.777461
v 0.310971 7.216379 -1.747516
v 0.343560 7.046608 -1.665496
v 0.493423 6.964458 -1.579447
v 0.672771 7.018051 -1.539777
v 0.695739 7.236621 -1.347760
v 0.650863 7.416299 -1.395860
v 0.496373 7.502180 -1.469135
v 0.322769 7.443955 -1.524662
v 0.231745 7.275733 -1.529914
v 0.276622 7.096055 -1.481814
v 0.431111 7.010174 -1.408538
v 0.604716 7.068399 -1.353012
v 0.583395 7.258377 -1.060852
v 0.532901 7.439869 -1.094354
v 0.376328 7.526423 -1.162214
v 0.205395 7.467336 -1.224681
v 0.120231 7.297220 -1.245163
v 0.170726 7.115727 -1.211661
v 0.327298 7.029173 -1.143800
v 0.498232 7.088261 -1.081333
vn 0.9713 0.0013 0.2378
vn 0.7263 -0.6874 0.0028
vn 0.7283 -0.6827 -0.0598
vn 0.9675 -0.0319 0.2508
vn 0.0576 -0.9698 -0.2368
vn 0.0787 -0.9391 -0.3344
vn -0.6440 -0.6869 -0.3369
vn -0.6138 -0.6681 -0.4205
vn -0.9706 -0.0004 -0.2407
vn -0.9629 -0.0172 -0.2693
vn -0.7246 0.6892 -0.0086
vn -0.7558 0.6536 0.0384
vn -0.0539 0.9733 0.2231
vn -0.0882 0.9412 0.3260
vn 0.6463 0.6899 0.3262
vn 0.6370 0.6497 0.4149
vn 0.7597 -0.6298 -0.1620
vn 0.9581 -0.0448 0.2830
vn 0.1315 -0.8504 -0.5094
vn -0.5691 -0.5928 -0.5699
vn -0.9517 0.0038 -0.3070
vn -0.7830 0.6062 0.1396
vn -0.1401 0.8497 0.5083
vn 0.5901 0.5747 0.5671
vn 0.7917 -0.5572 -0.2505
vn 0.9511 -0.0601 0.3030
vn 0.1839 -0.7323 -0.6556
vn -0.5263 -0.4953 -0.6912
vn -0.9424 0.0259 -0.3335
vn -0.8117 0.5393 0.2243
vn -0.1899 0.7329 0.6532
vn 0.5489 0.4796 0.6846
vn 0.8235 -0.4624 -0.3287
vn 0.9467 -0.0749 0.3132
vn 0.2349 -0.5835 -0.7774
vn -0.4847 -0.3771 -0.7892
vn -0.9348 0.0462 -0.3521
vn -0.8421 0.4500 0.2973
vn -0.2386 0.5867 0.7738
vn 0.5114 0.3642 0.7783
vn 0.8552 -0.3340 -0.3963
vn 0.9453 -0.0863 0.3147
vn 0.2849 -0.3899 -0.8757
vn -0.4437 -0.2289 -0.8665
vn -0.9284 0.0647 -0.3659
vn -0.8740 0.3292 0.3573
vn -0.2864 0.3986 0.8712
vn 0.4777 0.2207 0.8503
vn 0.8839 -0.1559 -0.4409
vn 0.9467 -0.0904 0.3092
vn 0.3296 -0.1326 -0.9348
vn -0.4062 -0.0367 -0.9130
vn -0.9227 0.0828 -0.3764
vn -0.9048 0.1634 0.3931
vn -0.3295 0.1492 0.9323
vn 0.4510 0.0375 0.8917
vn 0.8994 0.0748 -0.4307
vn 0.9494 -0.0828 0.3029
vn 0.3542 0.1894 -0.9158
vn -0.3841 0.2004 -0.9013
vn -0.9186 0.1007 -0.3821
vn -0.9247 -0.0544 0.3769
vn -0.3544 -0.1754 0.9185
vn 0.4405 -0.1897 0.8775
vn 0.8871 0.3190 -0.3336
vn 0.9493 -0.0667 0.3072
vn 0.3385 0.5234 -0.7820
vn -0.3944 0.4431 -0.8050
vn -0.9183 0.1143 -0.3790
vn -0.9143 -0.2918 0.2810
vn -0.3368 -0.5266 0.7805
vn 0.4547 -0.4248 0.7828
vn 0.8453 0.5082 -0.1649
vn 0.9442 -0.0549 0.3247
vn 0.2802 0.7815 -0.5574
vn -0.4389 0.6265 -0.6441
vn -0.9215 0.1161 -0.3705
vn -0.8687 -0.4795 0.1240
vn -0.2747 -0.7907 0.5470
vn 0.4902 -0.6030 0.6294
vn 0.7909 0.6117 0.0158
vn 0.9371 -0.0529 0.3451
vn 0.2035 0.9255 -0.3195
vn -0.4976 0.7246 -0.4767
vn -0.9243 0.1087 -0.3658
vn -0.8102 -0.5848 -0.0406
vn -0.1981 -0.9295 0.3111
vn 0.5349 -0.7002 0.4728
vn 0.7409 0.6510 0.1653
vn 0.9308 -0.0566 0.3610
vn 0.1325 0.9835 -0.1233
vn -0.5512 0.7610 -0.3420
vn -0.9247 0.1000 -0.3674
vn -0.7562 -0.6293 -0.1790
vn -0.1282 -0.9847 0.1183
vn 0.5770 -0.7406 0.3445
vn 0.7243 0.6490 0.2327
vn 0.9265 -0.0776 0.3682
vn 0.0991 0.9943 -0.0393
vn -0.5843 0.7588 -0.2878
vn -0.9262 0.0775 -0.3691
vn -0.7229 -0.6493 -0.2361
vn -0.0971 -0.9947 0.0339
vn 0.5854 -0.7590 0.2849
vn -0.2323 -0.2376 0.9432
vn -0.3637 0.0703 0.9288
vt 0.000000 1.000000
vt 0.000000 0.875000
vt 0.175048 0.875000
vt 0.175048 1.000000
vt 0.000000 0.750000
vt 0.175048 0.750000
vt 0.000000 0.625000
vt 0.175048 0.625000
vt 0.000000 0.500000
vt 0.175048 0.500000
vt 0.000000 0.375000
vt 0.175048 0.375000
vt 0.000000 0.250000
vt 0.175048 0.250000
vt 0.000000 0.125000
vt 0.175048 0.125000
vt 0.000000 0.000000
vt 0.175048 0.000000
vt 0.348499 0.875000
vt 0.348499 1.000000
vt 0.348499 0.750000
vt 0.348499 0.625000
vt 0.348499 0.500000
vt 0.348499 0.375000
vt 0.348499 0.250000
vt 0.348499 0.125000
vt 0.348499 0.000000
vt 0.519566 0.875000
vt 0.519566 1.000000
vt 0.519566 0.750000
vt 0.519566 0.625000
vt 0.519566 0.500000
vt 0.519566 0.375000
vt 0.519566 0.250000
vt 0.519566 0.125000
vt 0.519566 0.000000
vt 0.685677 0.875000
vt 0.685677 1.000000
vt 0.685677 0.750000
vt 0.685677 0.625000
vt 0.685677 0.500000
vt 0.685677 0.375000
vt 0.685677 0.250000
vt 0.685677 0.125000
vt 0.685677 0.000000
vt 0.843902 0.875000
vt 0.843902 1.000000
vt 0.843902 0.750000
vt 0.843902 0.625000
vt 0.843902 0.500000
vt 0.843902 0.375000
vt 0.843902 0.250000
vt 0.843902 0.125000
vt 0.843902 0.000000
vt 0.992582 0.875000
vt 0.992582 1.000000
vt 0.992582 0.750000
vt 0.992582 0.625000
vt 0.992582 0.500000
vt 0.992582 0.375000
vt 0.992582 0.250000
vt 0.992582 0.125000
vt 0.992582 0.000000
vt 1.133532 0.875000
vt 1.133532 1.000000
vt 1.133532 0.750000
vt 1.133532 0.625000
vt 1.133532 0.500000
vt 1.133532 0.375000
vt 1.133532 0.250000
vt 1.133532 0.125000
vt 1.133532 0.000000
vt 1.274707 0.875000
vt 1.274707 1.000000
vt 1.274707 0.750000
vt 1.274707 0.625000
vt 1.274707 0.500000
vt 1.274707 0.375000
vt 1.274707 0.250000
vt 1.274707 0.125000
vt 1.274707 0.000000
vt 1.431102 0.875000
vt 1.431102 1.000000
vt 1.431102 0.750000
vt 1.431102 0.625000
vt 1.431102 0.500000
vt 1.431102 0.375000
vt 1.431102 0.250000
vt 1.431102 0.125000
vt 1.431102 0.000000
vt 1.621270 0.875000
vt 1.621270 1.000000
vt 1.621270 0.750000
vt 1.621270 0.625000
vt 1.621270 0.500000
vt 1.621270 0.375000
vt 1.621270 0.250000
vt 1.621270 0.125000
vt 1.621270 0.000000
vt 1.862736 0.875000
vt 1.862736 1.000000
vt 1.862736 0.750000
vt 1.862736 0.625000
vt 1.862736 0.500000
vt 1.862736 0.375000
vt 1.862736 0.250000
vt 1.862736 0.125000
vt 1.862736 0.000000
vt 2.170460 0.875000
vt 2.170460 1.000000
vt 2.170460 0.750000
vt 2.170460 0.625000
vt 2.170460 0.500000
vt 2.170460 0.375000
vt 2.170460 0.250000
vt 2.170460 0.125000
vt 2.170460 0.000000
s 1
usemtl hadicky
f 525/661/392 526/662/393 534/663/394 533/664/395
f 526/662/393 527/665/396 535/666/397 534/663/394
f 527/665/396 528/667/398 536/668/399 535/666/397
f 528/667/398 529/669/400 537/670/401 536/668/399
f 529/669/400 530/671/402 538/672/403 537/670/401
f 530/671/402 531/673/404 539/674/405 538/672/403
f 531/673/404 532/675/406 540/676/407 539/674/405
f 532/675/406 525/677/392 533/678/395 540/676/407
f 533/664/395 534/663/394 542/679/408 541/680/409
f 534/663/394 535/666/397 543/681/410 542/679/408
f 535/666/397 536/668/399 544/682/411 543/681/410
f 536/668/399 537/670/401 545/683/412 544/682/411
f 537/670/401 538/672/403 546/684/413 545/683/412
f 538/672/403 539/674/405 547/685/414 546/684/413
f 539/674/405 540/676/407 548/686/415 547/685/414
f 540/676/407 533/678/395 541/687/409 548/686/415
f 541/680/409 542/679/408 550/688/416 549/689/417
f 542/679/408 543/681/410 551/690/418 550/688/416
f 543/681/410 544/682/411 552/691/419 551/690/418
f 544/682/411 545/683/412 553/692/420 552/691/419
f 545/683/412 546/684/413 554/693/421 553/692/420
f 546/684/413 547/685/414 555/694/422 554/693/421
f 547/685/414 548/686/415 556/695/423 555/694/422
f 548/686/415 541/687/409 549/696/417 556/695/423
f 549/689/417 550/688/416 558/697/424 557/698/425
f 550/688/416 551/690/418 559/699/426 558/697/424
f 551/690/418 552/691/419 560/700/427 559/699/426
f 552/691/419 553/692/420 561/701/428 560/700/427
f 553/692/420 554/693/421 562/702/429 561/701/428
f 554/693/421 555/694/422 563/703/430 562/702/429
f 555/694/422 556/695/423 564/704/431 563/703/430
f 556/695/423 549/696/417 557/705/425 564/704/431
f 557/698/425 558/697/424 566/706/432 565/707/433
f 558/697/424 559/699/426 567/708/434 566/706/432
f 559/699/426 560/700/427 568/709/435 567/708/434
f 560/700/427 561/701/428 569/710/436 568/709/435
f 561/701/428 562/702/429 570/711/437 569/710/436
f 562/702/429 563/703/430 571/712/438 570/711/437
f 563/703/430 564/704/431 572/713/439 571/712/438
f 564/704/431 557/705/425 565/714/433 572/713/439
f 565/707/433 566/706/432 574/715/440 573/716/441
f 566/706/432 567/708/434 575/717/442 574/715/440
f 567/708/434 568/709/435 576/718/443 575/717/442
f 568/709/435 569/710/436 577/719/444 576/718/443
f 569/710/436 570/711/437 578/720/445 577/719/444
f 570/711/437 571/712/438 579/721/446 578/720/445
f 571/712/438 572/713/439 580/722/447 579/721/446
f 572/713/439 565/714/433 573/723/441 580/722/447
f 573/716/441 574/715/440 582/724/448 581/725/449
f 574/715/440 575/717/442 583/726/450 582/724/448
f 575/717/442 576/718/443 584/727/451 583/726/450
f 576/718/443 577/719/444 585/728/452 584/727/451
f 577/719/444 578/720/445 586/729/453 585/728/452
f 578/720/445 579/721/446 587/730/454 586/729/453
f 579/721/446 580/722/447 588/731/455 587/730/454
f 580/722/447 573/723/441 581/732/449 588/731/455
f 581/725/449 582/724/448 590/733/456 589/734/457
f 582/724/448 583/726/450 591/735/458 590/733/456
f 583/726/450 584/727/451 592/736/459 591/735/458
f 584/727/451 585/728/452 593/737/460 592/736/459
f 585/728/452 586/729/453 594/738/461 593/737/460
f 586/729/453 587/730/454 595/739/462 594/738/461
f 587/730/454 588/731/455 596/740/463 595/739/462
f 588/731/455 581/732/449 589/741/457 596/740/463
f 589/734/457 590/733/456 598/742/464 597/743/465
f 590/733/456 591/735/458 599/744/466 598/742/464
f 591/735/458 592/736/459 600/745/467 599/744/466
f 592/736/459 593/737/460 601/746/468 600/745/467
f 593/737/460 594/738/461 602/747/469 601/746/468
f 594/738/461 595/739/462 603/748/470 602/747/469
f 595/739/462 596/740/463 604/749/471 603/748/470
f 596/740/463 589/741/457 597/750/465 604/749/471
f 597/743/465 598/742/464 606/751/472 605/752/473
f 598/742/464 599/744/466 607/753/474 606/751/472
f 599/744/466 600/745/467 608/754/475 607/753/474
f 600/745/467 601/746/468 609/755/476 608/754/475
f 601/746/468 602/747/469 610/756/477 609/755/476
f 602/747/469 603/748/470 611/757/478 610/756/477
f 603/748/470 604/749/471 612/758/479 611/757/478
f 604/749/471 597/750/465 605/759/473 612/758/479
f 605/752/473 606/751/472 614/760/480 613/761/481
f 606/751/472 607/753/474 615/762/482 614/760/480
f 607/753/474 608/754/475 616/763/483 615/762/482
f 608/754/475 609/755/476 617/764/484 616/763/483
f 609/755/476 610/756/477 618/765/485 617/764/484
f 610/756/477 611/757/478 619/766/486 618/765/485
f 611/757/478 612/758/479 620/767/487 619/766/486
f 612/758/479 605/759/473 613/768/481 620/767/487
f 613/761/481 614/760/480 622/769/488 621/770/489
f 614/760/480 615/762/482 623/771/490 622/769/488
f 615/762/482 616/763/483 624/772/491 623/771/490
f 616/763/483 617/764/484 625/773/492 624/772/491
f 617/764/484 618/765/485 626/774/493 625/773/492
f 618/765/485 619/766/486 627/775/494 626/774/493
f 619/766/486 620/767/487 628/776/495 627/775/494
f 620/767/487 613/768/481 621/777/489 628/776/495
f 532/675/496 531/673/496 530/671/496 529/669/496 528/667/496 527/665/496 526/662/496 525/677/496
f 621/777/497 622/769/497 623/771/497 624/772/497 625/773/497 626/774/497 627/775/497 628/776/497
o BézierCurve.002
v 1.410296 6.094350 -0.075752
v 1.431185 5.922636 -0.157540
v 1.400676 5.851509 -0.332531
v 1.336639 5.922636 -0.498218
v 1.276587 6.094350 -0.557543
v 1.255697 6.266065 -0.475754
v 1.286207 6.337192 -0.300763
v 1.350244 6.266065 -0.135077
v 1.568858 6.134286 -0.119825
v 1.608961 5.968587 -0.206699
v 1.589503 5.900921 -0.384616
v 1.521883 5.970926 -0.549353
v 1.445711 6.137594 -0.604411
v 1.405608 6.303293 -0.517537
v 1.425066 6.370959 -0.339620
v 1.492686 6.300954 -0.174882
v 1.711991 6.206216 -0.151838
v 1.786690 6.057695 -0.246566
v 1.786751 5.999722 -0.428914
v 1.712140 6.066255 -0.592064
v 1.606562 6.218321 -0.640447
v 1.531863 6.366841 -0.545719
v 1.531801 6.424815 -0.363371
v 1.606413 6.358282 -0.200220
v 1.839928 6.305284 -0.174035
v 1.943307 6.178924 -0.273823
v 1.958804 6.132876 -0.458894
v 1.877339 6.194114 -0.620835
v 1.746634 6.326765 -0.664785
v 1.643255 6.453125 -0.564997
v 1.627759 6.499173 -0.379927
v 1.709223 6.437935 -0.217985
v 1.945942 6.424767 -0.186762
v 2.073499 6.325849 -0.289506
v 2.101274 6.293739 -0.476078
v 2.012999 6.347246 -0.637187
v 1.860383 6.455027 -0.678457
v 1.732826 6.553945 -0.575714
v 1.705051 6.586055 -0.389142
v 1.793326 6.532548 -0.228033
v 2.023419 6.557689 -0.190480
v 2.170981 6.493808 -0.294193
v 2.208300 6.478412 -0.481228
v 2.113515 6.520518 -0.642021
v 1.942150 6.595463 -0.682383
v 1.794588 6.659343 -0.578669
v 1.757270 6.674740 -0.391635
v 1.852055 6.632633 -0.230841
v 2.065847 6.697094 -0.185709
v 2.226686 6.679219 -0.287802
v 2.269973 6.684501 -0.474109
v 2.170350 6.709846 -0.635492
v 1.986176 6.740406 -0.677417
v 1.825337 6.758281 -0.575324
v 1.782051 6.752999 -0.389018
v 1.881673 6.727654 -0.227634
v 2.066556 6.836144 -0.172962
v 2.226790 6.875786 -0.269736
v 2.269818 6.905659 -0.453769
v 2.170435 6.908263 -0.617255
v 1.986858 6.882073 -0.664428
v 1.826624 6.842432 -0.567653
v 1.783596 6.812559 -0.383621
v 1.882980 6.809955 -0.220134
v 2.018461 6.967711 -0.152731
v 2.156541 7.067021 -0.240384
v 2.190465 7.121413 -0.420668
v 2.100361 7.099025 -0.587975
v 1.939010 7.012972 -0.644299
v 1.800930 6.913662 -0.556646
v 1.767005 6.859270 -0.376363
v 1.857110 6.881658 -0.209055
v 1.914576 7.083777 -0.125640
v 2.012844 7.228655 -0.202876
v 2.030927 7.301178 -0.379015
v 1.958233 7.258863 -0.550877
v 1.837344 7.126499 -0.617788
v 1.739076 6.981621 -0.540552
v 1.720992 6.909098 -0.364413
v 1.793687 6.951412 -0.192550
v 1.748854 7.175994 -0.092501
v 1.804374 7.345765 -0.161108
v 1.805925 7.427916 -0.333910
v 1.752600 7.374322 -0.509682
v 1.675635 7.216379 -0.585459
v 1.620115 7.046608 -0.516852
v 1.618564 6.964458 -0.344050
v 1.671890 7.018051 -0.168278
v 1.515777 7.236621 -0.054143
v 1.535707 7.416299 -0.116835
v 1.523857 7.502180 -0.287410
v 1.487168 7.443955 -0.465947
v 1.447131 7.275733 -0.547862
v 1.427201 7.096055 -0.485169
v 1.439051 7.010174 -0.314595
v 1.475740 7.068399 -0.136058
v 1.210630 7.258377 -0.011444
v 1.215084 7.439869 -0.071878
v 1.197492 7.526423 -0.241615
v 1.168161 7.467336 -0.421225
v 1.144272 7.297220 -0.505497
v 1.139819 7.115727 -0.445063
v 1.157410 7.029173 -0.275326
v 1.186741 7.088261 -0.095715
vn 0.2688 0.0013 0.9632
vn 0.3535 -0.6874 0.6344
vn 0.4091 -0.6827 0.6055
vn 0.2556 -0.0319 0.9662
vn 0.2346 -0.9698 -0.0659
vn 0.3301 -0.9391 -0.0953
vn -0.0219 -0.6869 -0.7264
vn 0.0656 -0.6681 -0.7411
vn -0.2659 -0.0004 -0.9640
vn -0.2372 -0.0172 -0.9713
vn -0.3476 0.6892 -0.6358
vn -0.4039 0.6536 -0.6400
vn -0.2209 0.9733 0.0623
vn -0.3274 0.9412 0.0829
vn 0.0325 0.6899 0.7232
vn -0.0495 0.6497 0.7586
vn 0.5136 -0.6298 0.5828
vn 0.2229 -0.0448 0.9738
vn 0.5085 -0.8504 -0.1351
vn 0.2178 -0.5928 -0.7754
vn -0.1988 0.0038 -0.9800
vn -0.5055 0.6062 -0.6140
vn -0.5117 0.8497 0.1270
vn -0.2051 0.5747 0.7923
vn 0.6064 -0.5572 0.5673
vn 0.2020 -0.0601 0.9775
vn 0.6616 -0.7323 -0.1611
vn 0.3445 -0.4953 -0.7975
vn -0.1712 0.0259 -0.9849
vn -0.5934 0.5393 -0.5976
vn -0.6625 0.7329 0.1546
vn -0.3276 0.4796 0.8140
vn 0.6901 -0.4624 0.5567
vn 0.1910 -0.0749 0.9787
vn 0.7928 -0.5835 -0.1763
vn 0.4503 -0.3771 -0.8093
vn -0.1513 0.0462 -0.9874
vn -0.6719 0.4500 -0.5883
vn -0.7915 0.5867 0.1713
vn -0.4277 0.3642 0.8273
vn 0.7646 -0.3340 0.5512
vn 0.1890 -0.0863 0.9782
vn 0.9029 -0.3899 -0.1808
vn 0.5378 -0.2289 -0.8114
vn -0.1361 0.0647 -0.9886
vn -0.7398 0.3292 -0.5867
vn -0.8998 0.3986 0.1774
vn -0.5070 0.2207 0.8332
vn 0.8175 -0.1559 0.5544
vn 0.1945 -0.0904 0.9767
vn 0.9763 -0.1326 -0.1709
vn 0.5967 -0.0367 -0.8016
vn -0.1241 0.0828 -0.9888
vn -0.7862 0.1634 -0.5960
vn -0.9741 0.1492 0.1697
vn -0.5562 0.0375 0.8302
vn 0.8163 0.0748 0.5728
vn 0.2013 -0.0828 0.9760
vn 0.9719 0.1894 -0.1401
vn 0.5973 0.2004 -0.7766
vn -0.1172 0.1007 -0.9880
vn -0.7817 -0.0544 -0.6213
vn -0.9743 -0.1754 0.1412
vn -0.5490 -0.1897 0.8140
vn 0.7256 0.3190 0.6097
vn 0.1975 -0.0667 0.9780
vn 0.8475 0.5234 -0.0883
vn 0.5084 0.4431 -0.7384
vn -0.1197 0.1143 -0.9862
vn -0.6930 -0.2918 -0.6592
vn -0.8454 -0.5266 0.0890
vn -0.4594 -0.4248 0.7801
vn 0.5581 0.5082 0.6559
vn 0.1798 -0.0549 0.9822
vn 0.6232 0.7815 -0.0290
vn 0.3463 0.6265 -0.6982
vn -0.1287 0.1161 -0.9849
vn -0.5339 -0.4795 -0.6965
vn -0.6115 -0.7907 0.0286
vn -0.3084 -0.6030 0.7357
vn 0.3739 0.6117 0.6971
vn 0.1585 -0.0529 0.9859
vn 0.3782 0.9255 0.0208
vn 0.1716 0.7246 -0.6674
vn -0.1342 0.1087 -0.9850
vn -0.3617 -0.5848 -0.7261
vn -0.3683 -0.9295 -0.0202
vn -0.1500 -0.7002 0.6980
vn 0.2190 0.6510 0.7268
vn 0.1415 -0.0566 0.9883
vn 0.1724 0.9835 0.0550
vn 0.0279 0.7610 -0.6481
vn -0.1330 0.1000 -0.9861
vn -0.2146 -0.6293 -0.7469
vn -0.1659 -0.9847 -0.0537
vn -0.0174 -0.7406 0.6718
vn 0.1522 0.6490 0.7454
vn 0.1332 -0.0776 0.9880
vn 0.0828 0.9943 0.0672
vn -0.0355 0.7588 -0.6504
vn -0.1322 0.0775 -0.9882
vn -0.1486 -0.6493 -0.7459
vn -0.0772 -0.9947 -0.0680
vn 0.0386 -0.7590 0.6499
vn -0.9360 -0.2376 0.2598
vn -0.9879 0.0703 0.1382
vt 0.000000 1.000000
vt 0.000000 0.875000
vt 0.175048 0.875000
vt 0.175048 1.000000
vt 0.000000 0.750000
vt 0.175048 0.750000
vt 0.000000 0.625000
vt 0.175048 0.625000
vt 0.000000 0.500000
vt 0.175048 0.500000
vt 0.000000 0.375000
vt 0.175048 0.375000
vt 0.000000 0.250000
vt 0.175048 0.250000
vt 0.000000 0.125000
vt 0.175048 0.125000
vt 0.000000 0.000000
vt 0.175048 0.000000
vt 0.348499 0.875000
vt 0.348499 1.000000
vt 0.348499 0.750000
vt 0.348499 0.625000
vt 0.348499 0.500000
vt 0.348499 0.375000
vt 0.348499 0.250000
vt 0.348499 0.125000
vt 0.348499 0.000000
vt 0.519566 0.875000
vt 0.519566 1.000000
vt 0.519566 0.750000
vt 0.519566 0.625000
vt 0.519566 0.500000
vt 0.519566 0.375000
vt 0.519566 0.250000
vt 0.519566 0.125000
vt 0.519566 0.000000
vt 0.685677 0.875000
vt 0.685677 1.000000
vt 0.685677 0.750000
vt 0.685677 0.625000
vt 0.685677 0.500000
vt 0.685677 0.375000
vt 0.685677 0.250000
vt 0.685677 0.125000
vt 0.685677 0.000000
vt 0.843902 0.875000
vt 0.843902 1.000000
vt 0.843902 0.750000
vt 0.843902 0.625000
vt 0.843902 0.500000
vt 0.843902 0.375000
vt 0.843902 0.250000
vt 0.843902 0.125000
vt 0.843902 0.000000
vt 0.992582 0.875000
vt 0.992582 1.000000
vt 0.992582 0.750000
vt 0.992582 0.625000
vt 0.992582 0.500000
vt 0.992582 0.375000
vt 0.992582 0.250000
vt 0.992582 0.125000
vt 0.992582 0.000000
vt 1.133532 0.875000
vt 1.133532 1.000000
vt 1.133532 0.750000
vt 1.133532 0.625000
vt 1.133532 0.500000
vt 1.133532 0.375000
vt 1.133532 0.250000
vt 1.133532 0.125000
vt 1.133532 0.000000
vt 1.274707 0.875000
vt 1.274707 1.000000
vt 1.274707 0.750000
vt 1.274707 0.625000
vt 1.274707 0.500000
vt 1.274707 0.375000
vt 1.274707 0.250000
vt 1.274707 0.125000
vt 1.274707 0.000000
vt 1.431102 0.875000
vt 1.431102 1.000000
vt 1.431102 0.750000
vt 1.431102 0.625000
vt 1.431102 0.500000
vt 1.431102 0.375000
vt 1.431102 0.250000
vt 1.431102 0.125000
vt 1.431102 0.000000
vt 1.621270 0.875000
vt 1.621270 1.000000
vt 1.621270 0.750000
vt 1.621270 0.625000
vt 1.621270 0.500000
vt 1.621270 0.375000
vt 1.621270 0.250000
vt 1.621270 0.125000
vt 1.621270 0.000000
vt 1.862736 0.875000
vt 1.862736 1.000000
vt 1.862736 0.750000
vt 1.862736 0.625000
vt 1.862736 0.500000
vt 1.862736 0.375000
vt 1.862736 0.250000
vt 1.862736 0.125000
vt 1.862736 0.000000
vt 2.170460 0.875000
vt 2.170460 1.000000
vt 2.170460 0.750000
vt 2.170460 0.625000
vt 2.170460 0.500000
vt 2.170460 0.375000
vt 2.170460 0.250000
vt 2.170460 0.125000
vt 2.170460 0.000000
s 1
usemtl hadicky
f 629/778/498 630/779/499 638/780/500 637/781/501
f 630/779/499 631/782/502 639/783/503 638/780/500
f 631/782/502 632/784/504 640/785/505 639/783/503
f 632/784/504 633/786/506 641/787/507 640/785/505
f 633/786/506 634/788/508 642/789/509 641/787/507
f 634/788/508 635/790/510 643/791/511 642/789/509
f 635/790/510 636/792/512 644/793/513 643/791/511
f 636/792/512 629/794/498 637/795/501 644/793/513
f 637/781/501 638/780/500 646/796/514 645/797/515
f 638/780/500 639/783/503 647/798/516 646/796/514
f 639/783/503 640/785/505 648/799/517 647/798/516
f 640/785/505 641/787/507 649/800/518 648/799/517
f 641/787/507 642/789/509 650/801/519 649/800/518
f 642/789/509 643/791/511 651/802/520 650/801/519
f 643/791/511 644/793/513 652/803/521 651/802/520
f 644/793/513 637/795/501 645/804/515 652/803/521
f 645/797/515 646/796/514 654/805/522 653/806/523
f 646/796/514 647/798/516 655/807/524 654/805/522
f 647/798/516 648/799/517 656/808/525 655/807/524
f 648/799/517 649/800/518 657/809/526 656/808/525
f 649/800/518 650/801/519 658/810/527 657/809/526
f 650/801/519 651/802/520 659/811/528 658/810/527
f 651/802/520 652/803/521 660/812/529 659/811/528
f 652/803/521 645/804/515 653/813/523 660/812/529
f 653/806/523 654/805/522 662/814/530 661/815/531
f 654/805/522 655/807/524 663/816/532 662/814/530
f 655/807/524 656/808/525 664/817/533 663/816/532
f 656/808/525 657/809/526 665/818/534 664/817/533
f 657/809/526 658/810/527 666/819/535 665/818/534
f 658/810/527 659/811/528 667/820/536 666/819/535
f 659/811/528 660/812/529 668/821/537 667/820/536
f 660/812/529 653/813/523 661/822/531 668/821/537
f 661/815/531 662/814/530 670/823/538 669/824/539
f 662/814/530 663/816/532 671/825/540 670/823/538
f 663/816/532 664/817/533 672/826/541 671/825/540
f 664/817/533 665/818/534 673/827/542 672/826/541
f 665/818/534 666/819/535 674/828/543 673/827/542
f 666/819/535 667/820/536 675/829/544 674/828/543
f 667/820/536 668/821/537 676/830/545 675/829/544
f 668/821/537 661/822/531 669/831/539 676/830/545
f 669/824/539 670/823/538 678/832/546 677/833/547
f 670/823/538 671/825/540 679/834/548 678/832/546
f 671/825/540 672/826/541 680/835/549 679/834/548
f 672/826/541 673/827/542 681/836/550 680/835/549
f 673/827/542 674/828/543 682/837/551 681/836/550
f 674/828/543 675/829/544 683/838/552 682/837/551
f 675/829/544 676/830/545 684/839/553 683/838/552
f 676/830/545 669/831/539 677/840/547 684/839/553
f 677/833/547 678/832/546 686/841/554 685/842/555
f 678/832/546 679/834/548 687/843/556 686/841/554
f 679/834/548 680/835/549 688/844/557 687/843/556
f 680/835/549 681/836/550 689/845/558 688/844/557
f 681/836/550 682/837/551 690/846/559 689/845/558
f 682/837/551 683/838/552 691/847/560 690/846/559
f 683/838/552 684/839/553 692/848/561 691/847/560
f 684/839/553 677/840/547 685/849/555 692/848/561
f 685/842/555 686/841/554 694/850/562 693/851/563
f 686/841/554 687/843/556 695/852/564 694/850/562
f 687/843/556 688/844/557 696/853/565 695/852/564
f 688/844/557 689/845/558 697/854/566 696/853/565
f 689/845/558 690/846/559 698/855/567 697/854/566
f 690/846/559 691/847/560 699/856/568 698/855/567
f 691/847/560 692/848/561 700/857/569 699/856/568
f 692/848/561 685/849/555 693/858/563 700/857/569
f 693/851/563 694/850/562 702/859/570 701/860/571
f 694/850/562 695/852/564 703/861/572 702/859/570
f 695/852/564 696/853/565 704/862/573 703/861/572
f 696/853/565 697/854/566 705/863/574 704/862/573
f 697/854/566 698/855/567 706/864/575 705/863/574
f 698/855/567 699/856/568 707/865/576 706/864/575
f 699/856/568 700/857/569 708/866/577 707/865/576
f 700/857/569 693/858/563 701/867/571 708/866/577
f 701/860/571 702/859/570 710/868/578 709/869/579
f 702/859/570 703/861/572 711/870/580 710/868/578
f 703/861/572 704/862/573 712/871/581 711/870/580
f 704/862/573 705/863/574 713/872/582 712/871/581
f 705/863/574 706/864/575 714/873/583 713/872/582
f 706/864/575 707/865/576 715/874/584 714/873/583
f 707/865/576 708/866/577 716/875/585 715/874/584
f 708/866/577 701/867/571 709/876/579 716/875/585
f 709/869/579 710/868/578 718/877/586 717/878/587
f 710/868/578 711/870/580 719/879/588 718/877/586
f 711/870/580 712/871/581 720/880/589 719/879/588
f 712/871/581 713/872/582 721/881/590 720/880/589
f 713/872/582 714/873/583 722/882/591 721/881/590
f 714/873/583 715/874/584 723/883/592 722/882/591
f 715/874/584 716/875/585 724/884/593 723/883/592
f 716/875/585 709/876/579 717/885/587 724/884/593
f 717/878/587 718/877/586 726/886/594 725/887/595
f 718/877/586 719/879/588 727/888/596 726/886/594
f 719/879/588 720/880/589 728/889/597 727/888/596
f 720/880/589 721/881/590 729/890/598 728/889/597
f 721/881/590 722/882/591 730/891/599 729/890/598
f 722/882/591 723/883/592 731/892/600 730/891/599
f 723/883/592 724/884/593 732/893/601 731/892/600
f 724/884/593 717/885/587 725/894/595 732/893/601
f 636/792/602 635/790/602 634/788/602 633/786/602 632/784/602 631/782/602 630/779/602 629/794/602
f 725/894/603 726/886/603 727/888/603 728/889/603 729/890/603 730/891/603 731/892/603 732/893/603
o BézierCurve.003
v -1.271063 6.094350 0.615689
v -1.258669 5.922636 0.699188
v -1.162809 5.851509 0.848732
v -1.039635 5.922636 0.976720
v -0.961303 6.094350 1.008179
v -0.973696 6.266065 0.924680
v -1.069557 6.337192 0.775136
v -1.192730 6.266065 0.647148
v -1.400209 6.134286 0.717696
v -1.403562 5.968587 0.813321
v -1.316761 5.900921 0.969841
v -1.190650 5.970926 1.095568
v -1.099106 6.137594 1.116853
v -1.095752 6.303293 1.021228
v -1.182554 6.370959 0.864708
v -1.308664 6.300954 0.738981
v -1.519796 6.206216 0.802613
v -1.552010 6.057695 0.918869
v -1.481491 5.999722 1.087029
v -1.349548 6.066255 1.208587
v -1.233473 6.218321 1.212336
v -1.201260 6.366841 1.096079
v -1.271778 6.424815 0.927919
v -1.403720 6.358282 0.806361
v -1.629171 6.305284 0.872597
v -1.685872 6.178924 1.004619
v -1.628531 6.132876 1.181264
v -1.490737 6.194114 1.299054
v -1.353209 6.326765 1.288990
v -1.296508 6.453125 1.156968
v -1.353849 6.499173 0.980324
v -1.491643 6.437935 0.862533
v -1.721997 6.424767 0.925364
v -1.799846 6.325849 1.069469
v -1.753247 6.293739 1.252251
v -1.609496 6.347246 1.366637
v -1.452801 6.455027 1.345623
v -1.374951 6.553945 1.201517
v -1.421551 6.586055 1.018736
v -1.565302 6.532548 0.904349
v -1.791997 6.557689 0.958778
v -1.887917 6.493808 1.111521
v -1.849938 6.478412 1.298422
v -1.700307 6.520518 1.409998
v -1.526676 6.595463 1.380889
v -1.430756 6.659343 1.228147
v -1.468735 6.674740 1.041245
v -1.618366 6.632633 0.929669
v -1.832965 6.697094 0.970801
v -1.941754 6.679219 1.127188
v -1.909559 6.684501 1.315728
v -1.755239 6.709846 1.425976
v -1.569193 6.740406 1.393350
v -1.460403 6.758281 1.236963
v -1.492598 6.752999 1.048423
v -1.646918 6.727654 0.938175
v -1.838552 6.836144 0.959321
v -1.948843 6.875786 1.110570
v -1.917289 6.905659 1.296913
v -1.762376 6.908263 1.409193
v -1.574849 6.882073 1.381637
v -1.464558 6.842432 1.230388
v -1.496112 6.812559 1.044045
v -1.651025 6.809955 0.931766
v -1.802035 6.967711 0.922052
v -1.895429 7.067021 1.056316
v -1.856932 7.121413 1.235680
v -1.709095 7.099025 1.355073
v -1.538520 7.012972 1.344559
v -1.445127 6.913662 1.210294
v -1.483623 6.859270 1.030931
v -1.631460 6.881658 0.911537
v -1.716732 7.083777 0.856865
v -1.777448 7.228655 0.966115
v -1.725949 7.301178 1.135526
v -1.592403 7.258863 1.265858
v -1.455038 7.126499 1.280765
v -1.394322 6.981621 1.171514
v -1.445821 6.909098 1.002104
v -1.579368 6.951412 0.871772
v -1.576753 7.175994 0.762168
v -1.601391 7.345765 0.846916
v -1.535940 7.427916 1.006851
v -1.418740 7.374322 1.148285
v -1.318445 7.216379 1.188368
v -1.293806 7.046608 1.103619
v -1.359257 6.964458 0.943684
v -1.476458 7.018051 0.802250
v -1.376686 7.236621 0.636589
v -1.370799 7.416299 0.702109
v -1.293853 7.502180 0.854803
v -1.190922 7.443955 1.005225
v -1.122302 7.275733 1.065260
v -1.128189 7.096055 0.999740
v -1.205135 7.010174 0.847046
v -1.308066 7.068399 0.696624
v -1.111848 7.258377 0.479114
v -1.092564 7.439869 0.536561
v -1.010649 7.526423 0.686261
v -0.914087 7.467336 0.840521
v -0.859444 7.297220 0.908979
v -0.878728 7.115727 0.851531
v -0.960643 7.029173 0.701832
v -1.057205 7.088261 0.547572
vn -0.6206 0.0013 -0.7841
vn -0.5715 -0.6874 -0.4481
vn -0.6115 -0.6827 -0.4000
vn -0.6097 -0.0319 -0.7920
vn -0.1908 -0.9698 0.1516
vn -0.2674 -0.9391 0.2157
vn 0.3014 -0.6869 0.6613
vn 0.2263 -0.6681 0.7088
vn 0.6183 -0.0004 0.7860
vn 0.5947 -0.0172 0.8038
vn 0.5666 0.6892 0.4517
vn 0.6202 0.6536 0.4338
vn 0.1796 0.9733 -0.1430
vn 0.2698 0.9412 -0.2032
vn -0.3098 0.6899 -0.6543
vn -0.2480 0.6497 -0.7186
vn -0.6991 -0.6298 -0.3386
vn -0.5824 -0.0448 -0.8117
vn -0.4166 -0.8504 0.3213
vn 0.0993 -0.5928 0.7992
vn 0.5626 0.0038 0.8267
vn 0.7037 0.6062 0.3705
vn 0.4227 0.8497 -0.3152
vn -0.1175 0.5747 -0.8099
vn -0.7787 -0.5572 -0.2884
vn -0.5646 -0.0601 -0.8232
vn -0.5477 -0.7323 0.4046
vn -0.0090 -0.4953 0.8687
vn 0.5390 0.0259 0.8419
vn 0.7784 0.5393 0.3214
vn 0.5510 0.7329 -0.3990
vn -0.0130 0.4796 -0.8774
vn -0.8518 -0.4624 -0.2462
vn -0.5549 -0.0749 -0.8285
vn -0.6628 -0.5835 0.4694
vn -0.1020 -0.3771 0.9205
vn 0.5217 0.0462 0.8519
vn 0.8472 0.4500 0.2824
vn 0.6635 0.5867 -0.4642
vn 0.0742 0.3642 -0.9284
vn -0.9184 -0.3340 -0.2123
vn -0.5529 -0.0863 -0.8288
vn -0.7626 -0.3899 0.5162
vn -0.1818 -0.2289 0.9563
vn 0.5081 0.0647 0.8588
vn 0.9093 0.3292 0.2547
vn 0.7610 0.3986 -0.5118
vn 0.1450 0.2207 -0.9645
vn -0.9684 -0.1559 -0.1948
vn -0.5574 -0.0904 -0.8253
vn -0.8341 -0.1326 0.5354
vn -0.2400 -0.0367 0.9701
vn 0.4972 0.0828 0.8637
vn 0.9556 0.1634 0.2453
vn 0.8325 0.1492 -0.5335
vn 0.1916 0.0375 -0.9808
vn -0.9743 0.0748 -0.2123
vn -0.5634 -0.0828 -0.8220
vn -0.8419 0.1894 0.5053
vn -0.2502 0.2004 0.9472
vn 0.4905 0.1007 0.8656
vn 0.9612 -0.0544 0.2703
vn 0.8437 -0.1754 -0.5073
vn 0.1911 -0.1897 -0.9631
vn -0.9050 0.3190 -0.2814
vn -0.5607 -0.0667 -0.8253
vn -0.7473 0.5234 0.4094
vn -0.1830 0.4431 0.8776
vn 0.4921 0.1143 0.8630
vn 0.8942 -0.2918 0.3396
vn 0.7451 -0.5266 -0.4093
vn 0.1217 -0.4248 -0.8971
vn -0.7684 0.5082 -0.3888
vn -0.5459 -0.0549 -0.8361
vn -0.5634 0.7815 0.2679
vn -0.0491 0.6265 0.7778
vn 0.4999 0.1161 0.8583
vn 0.7618 -0.4795 0.4356
vn 0.5527 -0.7907 -0.2631
vn -0.0004 -0.6030 -0.7978
vn -0.6146 0.6117 -0.4981
vn -0.5277 -0.0529 -0.8478
vn -0.3568 0.9255 0.1272
vn 0.1001 0.7246 0.6818
vn 0.5050 0.1087 0.8563
vn 0.6145 -0.5848 0.5295
vn 0.3474 -0.9295 -0.1239
vn -0.1319 -0.7002 -0.7016
vn -0.4833 0.6510 -0.5854
vn -0.5130 -0.0566 -0.8565
vn -0.1802 0.9835 0.0160
vn 0.2251 0.7610 0.6084
vn 0.5043 0.1000 0.8577
vn 0.4870 -0.6293 0.6056
vn 0.1738 -0.9847 -0.0147
vn -0.2439 -0.7406 -0.6262
vn -0.4288 0.6490 -0.6284
vn -0.5052 -0.0776 -0.8595
vn -0.1024 0.9943 -0.0299
vn 0.2845 0.7588 0.5860
vn 0.5044 0.0775 0.8600
vn 0.4257 -0.6493 0.6302
vn 0.0974 -0.9947 0.0328
vn -0.2871 -0.7590 -0.5843
vn 0.7625 -0.2376 -0.6018
vn 0.8574 0.0703 -0.5098
vt 0.000000 1.000000
vt 0.000000 0.875000
vt 0.175048 0.875000
vt 0.175048 1.000000
vt 0.000000 0.750000
vt 0.175048 0.750000
vt 0.000000 0.625000
vt 0.175048 0.625000
vt 0.000000 0.500000
vt 0.175048 0.500000
vt 0.000000 0.375000
vt 0.175048 0.375000
vt 0.000000 0.250000
vt 0.175048 0.250000
vt 0.000000 0.125000
vt 0.175048 0.125000
vt 0.000000 0.000000
vt 0.175048 0.000000
vt 0.348499 0.875000
vt 0.348499 1.000000
vt 0.348499 0.750000
vt 0.348499 0.625000
vt 0.348499 0.500000
vt 0.348499 0.375000
vt 0.348499 0.250000
vt 0.348499 0.125000
vt 0.348499 0.000000
vt 0.519566 0.875000
vt 0.519566 1.000000
vt 0.519566 0.750000
vt 0.519566 0.625000
vt 0.519566 0.500000
vt 0.519566 0.375000
vt 0.519566 0.250000
vt 0.519566 0.125000
vt 0.519566 0.000000
vt 0.685677 0.875000
vt 0.685677 1.000000
vt 0.685677 0.750000
vt 0.685677 0.625000
vt 0.685677 0.500000
vt 0.685677 0.375000
vt 0.685677 0.250000
vt 0.685677 0.125000
vt 0.685677 0.000000
vt 0.843902 0.875000
vt 0.843902 1.000000
vt 0.843902 0.750000
vt 0.843902 0.625000
vt 0.843902 0.500000
vt 0.843902 0.375000
vt 0.843902 0.250000
vt 0.843902 0.125000
vt 0.843902 0.000000
vt 0.992582 0.875000
vt 0.992582 1.000000
vt 0.992582 0.750000
vt 0.992582 0.625000
vt 0.992582 0.500000
vt 0.992582 0.375000
vt 0.992582 0.250000
vt 0.992582 0.125000
vt 0.992582 0.000000
vt 1.133532 0.875000
vt 1.133532 1.000000
vt 1.133532 0.750000
vt 1.133532 0.625000
vt 1.133532 0.500000
vt 1.133532 0.375000
vt 1.133532 0.250000
vt 1.133532 0.125000
vt 1.133532 0.000000
vt 1.274707 0.875000
vt 1.274707 1.000000
vt 1.274707 0.750000
vt 1.274707 0.625000
vt 1.274707 0.500000
vt 1.274707 0.375000
vt 1.274707 0.250000
vt 1.274707 0.125000
vt 1.274707 0.000000
vt 1.431102 0.875000
vt 1.431102 1.000000
vt 1.431102 0.750000
vt 1.431102 0.625000
vt 1.431102 0.500000
vt 1.431102 0.375000
vt 1.431102 0.250000
vt 1.431102 0.125000
vt 1.431102 0.000000
vt 1.621270 0.875000
vt 1.621270 1.000000
vt 1.621270 0.750000
vt 1.621270 0.625000
vt 1.621270 0.500000
vt 1.621270 0.375000
vt 1.621270 0.250000
vt 1.621270 0.125000
vt 1.621270 0.000000
vt 1.862736 0.875000
vt 1.862736 1.000000
vt 1.862736 0.750000
vt 1.862736 0.625000
vt 1.862736 0.500000
vt 1.862736 0.375000
vt 1.862736 0.250000
vt 1.862736 0.125000
vt 1.862736 0.000000
vt 2.170460 0.875000
vt 2.170460 1.000000
vt 2.170460 0.750000
vt 2.170460 0.625000
vt 2.170460 0.500000
vt 2.170460 0.375000
vt 2.170460 0.250000
vt 2.170460 0.125000
vt 2.170460 0.000000
s 1
usemtl hadicky
f 733/895/604 734/896/605 742/897/606 741/898/607
f 734/896/605 735/899/608 743/900/609 742/897/606
f 735/899/608 736/901/610 744/902/611 743/900/609
f 736/901/610 737/903/612 745/904/613 744/902/611
f 737/903/612 738/905/614 746/906/615 745/904/613
f 738/905/614 739/907/616 747/908/617 746/906/615
f 739/907/616 740/909/618 748/910/619 747/908/617
f 740/909/618 733/911/604 741/912/607 748/910/619
f 741/898/607 742/897/606 750/913/620 749/914/621
f 742/897/606 743/900/609 751/915/622 750/913/620
f 743/900/609 744/902/611 752/916/623 751/915/622
f 744/902/611 745/904/613 753/917/624 752/916/623
f 745/904/613 746/906/615 754/918/625 753/917/624
f 746/906/615 747/908/617 755/919/626 754/918/625
f 747/908/617 748/910/619 756/920/627 755/919/626
f 748/910/619 741/912/607 749/921/621 756/920/627
f 749/914/621 750/913/620 758/922/628 757/923/629
f 750/913/620 751/915/622 759/924/630 758/922/628
f 751/915/622 752/916/623 760/925/631 759/924/630
f 752/916/623 753/917/624 761/926/632 760/925/631
f 753/917/624 754/918/625 762/927/633 761/926/632
f 754/918/625 755/919/626 763/928/634 762/927/633
f 755/919/626 756/920/627 764/929/635 763/928/634
f 756/920/627 749/921/621 757/930/629 764/929/635
f 757/923/629 758/922/628 766/931/636 765/932/637
f 758/922/628 759/924/630 767/933/638 766/931/636
f 759/924/630 760/925/631 768/934/639 767/933/638
f 760/925/631 761/926/632 769/935/640 768/934/639
f 761/926/632 762/927/633 770/936/641 769/935/640
f 762/927/633 763/928/634 771/937/642 770/936/641
f 763/928/634 764/929/635 772/938/643 771/937/642
f 764/929/635 757/930/629 765/939/637 772/938/643
f 765/932/637 766/931/636 774/940/644 773/941/645
f 766/931/636 767/933/638 775/942/646 774/940/644
f 767/933/638 768/934/639 776/943/647 775/942/646
f 768/934/639 769/935/640 777/944/648 776/943/647
f 769/935/640 770/936/641 778/945/649 777/944/648
f 770/936/641 771/937/642 779/946/650 778/945/649
f 771/937/642 772/938/643 780/947/651 779/946/650
f 772/938/643 765/939/637 773/948/645 780/947/651
f 773/941/645 774/940/644 782/949/652 781/950/653
f 774/940/644 775/942/646 783/951/654 782/949/652
f 775/942/646 776/943/647 784/952/655 783/951/654
f 776/943/647 777/944/648 785/953/656 784/952/655
f 777/944/648 778/945/649 786/954/657 785/953/656
f 778/945/649 779/946/650 787/955/658 786/954/657
f 779/946/650 780/947/651 788/956/659 787/955/658
f 780/947/651 773/948/645 781/957/653 788/956/659
f 781/950/653 782/949/652 790/958/660 789/959/661
f 782/949/652 783/951/654 791/960/662 790/958/660
f 783/951/654 784/952/655 792/961/663 791/960/662
f 784/952/655 785/953/656 793/962/664 792/961/663
f 785/953/656 786/954/657 794/963/665 793/962/664
f 786/954/657 787/955/658 795/964/666 794/963/665
f 787/955/658 788/956/659 796/965/667 795/964/666
f 788/956/659 781/957/653 789/966/661 796/965/667
f 789/959/661 790/958/660 798/967/668 797/968/669
f 790/958/660 791/960/662 799/969/670 798/967/668
f 791/960/662 792/961/663 800/970/671 799/969/670
f 792/961/663 793/962/664 801/971/672 800/970/671
f 793/962/664 794/963/665 802/972/673 801/971/672
f 794/963/665 795/964/666 803/973/674 802/972/673
f 795/964/666 796/965/667 804/974/675 803/973/674
f 796/965/667 789/966/661 797/975/669 804/974/675
f 797/968/669 798/967/668 806/976/676 805/977/677
f 798/967/668 799/969/670 807/978/678 806/976/676
f 799/969/670 800/970/671 808/979/679 807/978/678
f 800/970/671 801/971/672 809/980/680 808/979/679
f 801/971/672 802/972/673 810/981/681 809/980/680
f 802/972/673 803/973/674 811/982/682 810/981/681
f 803/973/674 804/974/675 812/983/683 811/982/682
f 804/974/675 797/975/669 805/984/677 812/983/683
f 805/977/677 806/976/676 814/985/684 813/986/685
f 806/976/676 807/978/678 815/987/686 814/985/684
f 807/978/678 808/979/679 816/988/687 815/987/686
f 808/979/679 809/980/680 817/989/688 816/988/687
f 809/980/680 810/981/681 818/990/689 817/989/688
f 810/981/681 811/982/682 819/991/690 818/990/689
f 811/982/682 812/983/683 820/992/691 819/991/690
f 812/983/683 805/984/677 813/993/685 820/992/691
f 813/986/685 814/985/684 822/994/692 821/995/693
f 814/985/684 815/987/686 823/996/694 822/994/692
f 815/987/686 816/988/687 824/997/695 823/996/694
f 816/988/687 817/989/688 825/998/696 824/997/695
f 817/989/688 818/990/689 826/999/697 825/998/696
f 818/990/689 819/991/690 827/1000/698 826/999/697
f 819/991/690 820/992/691 828/1001/699 827/1000/698
f 820/992/691 813/993/685 821/1002/693 828/1001/699
f 821/995/693 822/994/692 830/1003/700 829/1004/701
f 822/994/692 823/996/694 831/1005/702 830/1003/700
f 823/996/694 824/997/695 832/1006/703 831/1005/702
f 824/997/695 825/998/696 833/1007/704 832/1006/703
f 825/998/696 826/999/697 834/1008/705 833/1007/704
f 826/999/697 827/1000/698 835/1009/706 834/1008/705
f 827/1000/698 828/1001/699 836/1010/707 835/1009/706
f 828/1001/699 821/1002/693 829/1011/701 836/1010/707
f 740/909/708 739/907/708 738/905/708 737/903/708 736/901/708 735/899/708 734/896/708 733/911/708
f 829/1011/709 830/1003/709 831/1005/709 832/1006/709 833/1007/709 834/1008/709 835/1009/709 836/1010/709
