# Blender 5.0.1
# www.blender.org
mtllib former.mtl
o BézierCurve
v 0.124506 6.094350 1.406830
v 0.206968 5.922636 1.424877
v 0.380798 5.851509 1.388331
v 0.544170 5.922636 1.318599
v 0.601381 6.094350 1.256530
v 0.518919 6.266065 1.238483
v 0.345089 6.337192 1.275030
v 0.181717 6.266065 1.344761
v 0.174038 6.134286 1.563772
v 0.262249 5.968587 1.600845
v 0.439385 5.900921 1.575243
v 0.601685 5.970926 1.501963
v 0.654074 6.137594 1.423932
v 0.565863 6.303293 1.386859
v 0.388727 6.370959 1.412461
v 0.226427 6.300954 1.485741
v 0.210985 6.206216 1.705712
v 0.308241 6.057695 1.777088
v 0.490482 5.999722 1.770840
v 0.650953 6.066255 1.690628
v 0.695653 6.218321 1.583439
v 0.598397 6.366841 1.512063
v 0.416157 6.424815 1.518311
v 0.255685 6.358282 1.598523
v 0.237596 6.305284 1.832804
v 0.340901 6.178924 1.932669
v 0.526397 6.132876 1.941752
v 0.685423 6.194114 1.854733
v 0.724824 6.326765 1.722586
v 0.621518 6.453125 1.622721
v 0.436023 6.499173 1.613638
v 0.276997 6.437935 1.700657
v 0.253984 6.424767 1.938315
v 0.361080 6.325849 2.062240
v 0.548501 6.293739 2.083543
v 0.706459 6.347246 1.989746
v 0.742424 6.455027 1.835793
v 0.635328 6.553945 1.711868
v 0.447907 6.586055 1.690565
v 0.289949 6.532548 1.784362
v 0.260380 6.557689 2.015617
v 0.369137 6.493808 2.159502
v 0.557351 6.478412 2.190326
v 0.714768 6.520518 2.090034
v 0.749176 6.595463 1.917375
v 0.640419 6.659343 1.773491
v 0.452205 6.674740 1.742666
v 0.294788 6.632633 1.842958
v 0.257080 6.697094 2.058184
v 0.364678 6.679219 2.215394
v 0.552370 6.684501 2.252208
v 0.710210 6.709846 2.147062
v 0.745737 6.740406 1.961547
v 0.638139 6.758281 1.804337
v 0.450447 6.752999 1.767523
v 0.292607 6.727654 1.872670
v 0.244365 6.836144 2.059334
v 0.346626 6.875786 2.216124
v 0.532037 6.905659 2.252758
v 0.691987 6.908263 2.147777
v 0.732779 6.882073 1.962678
v 0.630518 6.842432 1.805889
v 0.445107 6.812559 1.769254
v 0.285157 6.809955 1.874235
v 0.222482 6.967711 2.011967
v 0.314861 7.067021 2.146932
v 0.496210 7.121413 2.174598
v 0.660300 7.099025 2.078758
v 0.711007 7.012972 1.915555
v 0.618629 6.913662 1.780590
v 0.437279 6.859270 1.752925
v 0.273190 6.881658 1.848764
v 0.191812 7.083777 1.909082
v 0.272403 7.228655 2.004619
v 0.449062 7.301178 2.016597
v 0.618306 7.258863 1.937999
v 0.680994 7.126499 1.814867
v 0.600404 6.981621 1.719330
v 0.423744 6.909098 1.707352
v 0.254500 6.951412 1.785950
v 0.152959 7.175994 1.744607
v 0.223446 7.345765 1.797719
v 0.396199 7.427916 1.793290
v 0.570020 7.374322 1.733914
v 0.643089 7.216379 1.654374
v 0.572601 7.046608 1.601261
v 0.399849 6.964458 1.605690
v 0.226027 7.018051 1.665066
v 0.106559 7.236621 1.512996
v 0.169904 7.416299 1.530745
v 0.339966 7.502180 1.513000
v 0.517127 7.443955 1.470155
v 0.597607 7.275733 1.427308
v 0.534263 7.096055 1.409558
v 0.364200 7.010174 1.427304
v 0.187040 7.068399 1.470149
v 0.053327 7.258377 1.209510
v 0.113879 7.439869 1.211869
v 0.282906 7.526423 1.188415
v 0.461394 7.467336 1.152886
v 0.544788 7.297220 1.126096
v 0.484236 7.115727 1.123737
v 0.315210 7.029173 1.147191
v 0.136721 7.088261 1.182719
vn -0.9533 0.0013 0.3019
vn -0.6218 -0.6874 0.3753
vn -0.5909 -0.6827 0.4298
vn -0.9568 -0.0319 0.2889
vn 0.0740 -0.9698 0.2322
vn 0.1067 -0.9391 0.3266
vn 0.7253 -0.6869 -0.0471
vn 0.7430 -0.6681 0.0400
vn 0.9542 -0.0004 -0.2991
vn 0.9625 -0.0172 -0.2707
vn 0.6234 0.6892 -0.3694
vn 0.6256 0.6536 -0.4258
vn -0.0699 0.9733 -0.2186
vn -0.0942 0.9412 -0.3243
vn -0.7216 0.6899 0.0575
vn -0.7598 0.6497 -0.0232
vn -0.5647 -0.6298 0.5334
vn -0.9655 -0.0448 0.2564
vn 0.1526 -0.8504 0.5035
vn 0.7824 -0.5928 0.1909
vn 0.9726 0.0038 -0.2326
vn 0.5962 0.6062 -0.5264
vn -0.1446 0.8497 -0.5070
vn -0.7989 0.5747 -0.1775
vn -0.5460 -0.5572 0.6257
vn -0.9700 -0.0601 0.2357
vn 0.1839 -0.7323 0.6557
vn 0.8089 -0.4953 0.3167
vn 0.9784 0.0259 -0.2051
vn 0.5767 0.5393 -0.6137
vn -0.1775 0.7329 -0.6567
vn -0.8249 0.4796 -0.2993
vn -0.5325 -0.4624 0.7090
vn -0.9715 -0.0749 0.2247
vn 0.2036 -0.5835 0.7862
vn 0.8244 -0.3771 0.4220
vn 0.9816 0.0462 -0.1854
vn 0.5647 0.4500 -0.6918
vn -0.1985 0.5867 -0.7851
vn -0.8416 0.3642 -0.3989
vn -0.5244 -0.3340 0.7832
vn -0.9711 -0.0863 0.2227
vn 0.2120 -0.3899 0.8961
vn 0.8296 -0.2289 0.5094
vn 0.9833 0.0647 -0.1702
vn 0.5608 0.3292 -0.7597
vn -0.2084 0.3986 -0.8931
vn -0.8502 0.2207 -0.4779
vn -0.5258 -0.1559 0.8362
vn -0.9694 -0.0904 0.2282
vn 0.2045 -0.1326 0.9698
vn 0.8218 -0.0367 0.5687
vn 0.9839 0.0828 -0.1583
vn 0.5685 0.1634 -0.8063
vn -0.2033 0.1492 -0.9677
vn -0.8489 0.0375 -0.5272
vn -0.5442 0.0748 0.8356
vn -0.9685 -0.0828 0.2350
vn 0.1736 0.1894 0.9664
vn 0.7968 0.2004 0.5701
vn 0.9833 0.1007 -0.1514
vn 0.5938 -0.0544 -0.8027
vn -0.1749 -0.1754 -0.9688
vn -0.8325 -0.1897 -0.5205
vn -0.5842 0.3190 0.7462
vn -0.9706 -0.0667 0.2313
vn 0.1176 0.5234 0.8440
vn 0.7555 0.4431 0.4825
vn 0.9815 0.1143 -0.1538
vn 0.6348 -0.2918 -0.7154
vn -0.1182 -0.5266 -0.8418
vn -0.7955 -0.4248 -0.4322
vn -0.6362 0.5082 0.5804
vn -0.9754 -0.0549 0.2136
vn 0.0505 0.7815 0.6219
vn 0.7098 0.6265 0.3219
vn 0.9798 0.1161 -0.1627
vn 0.6776 -0.4795 -0.5576
vn -0.0498 -0.7907 -0.6101
vn -0.7460 -0.6030 -0.2827
vn -0.6838 0.6117 0.3978
vn -0.9799 -0.0529 0.1925
vn -0.0077 0.9255 0.3787
vn 0.6730 0.7246 0.1484
vn 0.9797 0.1087 -0.1682
vn 0.7131 -0.5848 -0.3866
vn 0.0074 -0.9295 -0.3687
vn -0.7028 -0.7002 -0.1257
vn -0.7188 0.6510 0.2441
vn -0.9828 -0.0566 0.1756
vn -0.0490 0.9835 0.1742
vn 0.6487 0.7610 0.0055
vn 0.9809 0.1000 -0.1670
vn 0.7390 -0.6293 -0.2403
vn 0.0480 -0.9847 -0.1677
vn -0.6720 -0.7406 0.0058
vn -0.7397 0.6490 0.1779
vn -0.9828 -0.0776 0.1673
vn -0.0643 0.9943 0.0851
vn 0.6488 0.7588 -0.0580
vn 0.9830 0.0775 -0.1663
vn 0.7403 -0.6493 -0.1743
vn 0.0653 -0.9947 -0.0795
vn -0.6482 -0.7590 0.0611
vn -0.2920 -0.2376 -0.9264
vn -0.1723 0.0703 -0.9825
vt 0.000000 1.000000
vt 0.000000 0.875000
vt 0.175048 0.875000
vt 0.175048 1.000000
vt 0.000000 0.750000
vt 0.175048 0.750000
vt 0.000000 0.625000
vt 0.175048 0.625000
vt 0.000000 0.500000
vt 0.175048 0.500000
vt 0.000000 0.375000
vt 0.175048 0.375000
vt 0.000000 0.250000
vt 0.175048 0.250000
vt 0.000000 0.125000
vt 0.175048 0.125000
vt 0.000000 0.000000
vt 0.175048 0.000000
vt 0.348499 0.875000
vt 0.348499 1.000000
vt 0.348499 0.750000
vt 0.348499 0.625000
vt 0.348499 0.500000
vt 0.348499 0.375000
vt 0.348499 0.250000
vt 0.348499 0.125000
vt 0.348499 0.000000
vt 0.519566 0.875000
vt 0.519566 1.000000
vt 0.519566 0.750000
vt 0.519566 0.625000
vt 0.519566 0.500000
vt 0.519566 0.375000
vt 0.519566 0.250000
vt 0.519566 0.125000
vt 0.519566 0.000000
vt 0.685677 0.875000
vt 0.685677 1.000000
vt 0.685677 0.750000
vt 0.685677 0.625000
vt 0.685677 0.500000
vt 0.685677 0.375000
vt 0.685677 0.250000
vt 0.685677 0.125000
vt 0.685677 0.000000
vt 0.843902 0.875000
vt 0.843902 1.000000
vt 0.843902 0.750000
vt 0.843902 0.625000
vt 0.843902 0.500000
vt 0.843902 0.375000
vt 0.843902 0.250000
vt 0.843902 0.125000
vt 0.843902 0.000000
vt 0.992582 0.875000
vt 0.992582 1.000000
vt 0.992582 0.750000
vt 0.992582 0.625000
vt 0.992582 0.500000
vt 0.992582 0.375000
vt 0.992582 0.250000
vt 0.992582 0.125000
vt 0.992582 0.000000
vt 1.133532 0.875000
vt 1.133532 1.000000
vt 1.133532 0.750000
vt 1.133532 0.625000
vt 1.133532 0.500000
vt 1.133532 0.375000
vt 1.133532 0.250000
vt 1.133532 0.125000
vt 1.133532 0.000000
vt 1.274707 0.875000
vt 1.274707 1.000000
vt 1.274707 0.750000
vt 1.274707 0.625000
vt 1.274707 0.500000
vt 1.274707 0.375000
vt 1.274707 0.250000
vt 1.274707 0.125000
vt 1.274707 0.000000
vt 1.431102 0.875000
vt 1.431102 1.000000
vt 1.431102 0.750000
vt 1.431102 0.625000
vt 1.431102 0.500000
vt 1.431102 0.375000
vt 1.431102 0.250000
vt 1.431102 0.125000
vt 1.431102 0.000000
vt 1.621270 0.875000
vt 1.621270 1.000000
vt 1.621270 0.750000
vt 1.621270 0.625000
vt 1.621270 0.500000
vt 1.621270 0.375000
vt 1.621270 0.250000
vt 1.621270 0.125000
vt 1.621270 0.000000
vt 1.862736 0.875000
vt 1.862736 1.000000
vt 1.862736 0.750000
vt 1.862736 0.625000
vt 1.862736 0.500000
vt 1.862736 0.375000
vt 1.862736 0.250000
vt 1.862736 0.125000
vt 1.862736 0.000000
vt 2.170460 0.875000
vt 2.170460 1.000000
vt 2.170460 0.750000
vt 2.170460 0.625000
vt 2.170460 0.500000
vt 2.170460 0.375000
vt 2.170460 0.250000
vt 2.170460 0.125000
vt 2.170460 0.000000
s 1
usemtl hadicky
f 1/1/1 2/2/2 10/3/3 9/4/4
f 2/2/2 3/5/5 11/6/6 10/3/3
f 3/5/5 4/7/7 12/8/8 11/6/6
f 4/7/7 5/9/9 13/10/10 12/8/8
f 5/9/9 6/11/11 14/12/12 13/10/10
f 6/11/11 7/13/13 15/14/14 14/12/12
f 7/13/13 8/15/15 16/16/16 15/14/14
f 8/15/15 1/17/1 9/18/4 16/16/16
f 9/4/4 10/3/3 18/19/17 17/20/18
f 10/3/3 11/6/6 19/21/19 18/19/17
f 11/6/6 12/8/8 20/22/20 19/21/19
f 12/8/8 13/10/10 21/23/21 20/22/20
f 13/10/10 14/12/12 22/24/22 21/23/21
f 14/12/12 15/14/14 23/25/23 22/24/22
f 15/14/14 16/16/16 24/26/24 23/25/23
f 16/16/16 9/18/4 17/27/18 24/26/24
f 17/20/18 18/19/17 26/28/25 25/29/26
f 18/19/17 19/21/19 27/30/27 26/28/25
f 19/21/19 20/22/20 28/31/28 27/30/27
f 20/22/20 21/23/21 29/32/29 28/31/28
f 21/23/21 22/24/22 30/33/30 29/32/29
f 22/24/22 23/25/23 31/34/31 30/33/30
f 23/25/23 24/26/24 32/35/32 31/34/31
f 24/26/24 17/27/18 25/36/26 32/35/32
f 25/29/26 26/28/25 34/37/33 33/38/34
f 26/28/25 27/30/27 35/39/35 34/37/33
f 27/30/27 28/31/28 36/40/36 35/39/35
f 28/31/28 29/32/29 37/41/37 36/40/36
f 29/32/29 30/33/30 38/42/38 37/41/37
f 30/33/30 31/34/31 39/43/39 38/42/38
f 31/34/31 32/35/32 40/44/40 39/43/39
f 32/35/32 25/36/26 33/45/34 40/44/40
f 33/38/34 34/37/33 42/46/41 41/47/42
f 34/37/33 35/39/35 43/48/43 42/46/41
f 35/39/35 36/40/36 44/49/44 43/48/43
f 36/40/36 37/41/37 45/50/45 44/49/44
f 37/41/37 38/42/38 46/51/46 45/50/45
f 38/42/38 39/43/39 47/52/47 46/51/46
f 39/43/39 40/44/40 48/53/48 47/52/47
f 40/44/40 33/45/34 41/54/42 48/53/48
f 41/47/42 42/46/41 50/55/49 49/56/50
f 42/46/41 43/48/43 51/57/51 50/55/49
f 43/48/43 44/49/44 52/58/52 51/57/51
f 44/49/44 45/50/45 53/59/53 52/58/52
f 45/50/45 46/51/46 54/60/54 53/59/53
f 46/51/46 47/52/47 55/61/55 54/60/54
f 47/52/47 48/53/48 56/62/56 55/61/55
f 48/53/48 41/54/42 49/63/50 56/62/56
f 49/56/50 50/55/49 58/64/57 57/65/58
f 50/55/49 51/57/51 59/66/59 58/64/57
f 51/57/51 52/58/52 60/67/60 59/66/59
f 52/58/52 53/59/53 61/68/61 60/67/60
f 53/59/53 54/60/54 62/69/62 61/68/61
f 54/60/54 55/61/55 63/70/63 62/69/62
f 55/61/55 56/62/56 64/71/64 63/70/63
f 56/62/56 49/63/50 57/72/58 64/71/64
f 57/65/58 58/64/57 66/73/65 65/74/66
f 58/64/57 59/66/59 67/75/67 66/73/65
f 59/66/59 60/67/60 68/76/68 67/75/67
f 60/67/60 61/68/61 69/77/69 68/76/68
f 61/68/61 62/69/62 70/78/70 69/77/69
f 62/69/62 63/70/63 71/79/71 70/78/70
f 63/70/63 64/71/64 72/80/72 71/79/71
f 64/71/64 57/72/58 65/81/66 72/80/72
f 65/74/66 66/73/65 74/82/73 73/83/74
f 66/73/65 67/75/67 75/84/75 74/82/73
f 67/75/67 68/76/68 76/85/76 75/84/75
f 68/76/68 69/77/69 77/86/77 76/85/76
f 69/77/69 70/78/70 78/87/78 77/86/77
f 70/78/70 71/79/71 79/88/79 78/87/78
f 71/79/71 72/80/72 80/89/80 79/88/79
f 72/80/72 65/81/66 73/90/74 80/89/80
f 73/83/74 74/82/73 82/91/81 81/92/82
f 74/82/73 75/84/75 83/93/83 82/91/81
f 75/84/75 76/85/76 84/94/84 83/93/83
f 76/85/76 77/86/77 85/95/85 84/94/84
f 77/86/77 78/87/78 86/96/86 85/95/85
f 78/87/78 79/88/79 87/97/87 86/96/86
f 79/88/79 80/89/80 88/98/88 87/97/87
f 80/89/80 73/90/74 81/99/82 88/98/88
f 81/92/82 82/91/81 90/100/89 89/101/90
f 82/91/81 83/93/83 91/102/91 90/100/89
f 83/93/83 84/94/84 92/103/92 91/102/91
f 84/94/84 85/95/85 93/104/93 92/103/92
f 85/95/85 86/96/86 94/105/94 93/104/93
f 86/96/86 87/97/87 95/106/95 94/105/94
f 87/97/87 88/98/88 96/107/96 95/106/95
f 88/98/88 81/99/82 89/108/90 96/107/96
f 89/101/90 90/100/89 98/109/97 97/110/98
f 90/100/89 91/102/91 99/111/99 98/109/97
f 91/102/91 92/103/92 100/112/100 99/111/99
f 92/103/92 93/104/93 101/113/101 100/112/100
f 93/104/93 94/105/94 102/114/102 101/113/101
f 94/105/94 95/106/95 103/115/103 102/114/102
f 95/106/95 96/107/96 104/116/104 103/115/103
f 96/107/96 89/108/90 97/117/98 104/116/104
f 8/15/105 7/13/105 6/11/105 5/9/105 4/7/105 3/5/105 2/2/105 1/17/105
f 97/117/106 98/109/106 99/111/106 100/112/106 101/113/106 102/114/106 103/115/106 104/116/106
o Cylinder
v 0.881080 4.711465 -1.526075
v 1.526075 4.711465 -0.881080
v 1.762160 4.711465 0.000000
v 1.526075 4.711465 0.881080
v 0.881080 4.711465 1.526075
v -0.000000 4.711465 1.762160
v -0.881080 4.711465 1.526075
v -1.526075 4.711465 0.881080
v -1.762160 4.711465 0.000000
v -1.526075 4.711465 -0.881080
v -0.881080 4.711465 -1.526075
v -0.000000 4.711465 -1.762159
v 0.000000 2.371210 -0.318106
v 0.000000 2.420332 -0.379530
v 0.000000 6.552123 -1.229391
v -0.000000 6.602123 -1.177627
v 0.189765 2.420332 -0.328683
v 0.159053 2.371210 -0.275488
v 0.588814 6.602123 -1.019855
v 0.614696 6.552123 -1.064684
v 0.328683 2.420332 -0.189765
v 0.275488 2.371210 -0.159053
v 1.019855 6.602123 -0.588814
v 1.064684 6.552123 -0.614696
v 0.379530 2.420332 0.000000
v 0.318106 2.371210 0.000000
v 1.177627 6.602123 -0.000000
v 1.229391 6.552123 -0.000000
v 0.328683 2.420332 0.189765
v 0.275488 2.371210 0.159053
v 1.019855 6.602123 0.588814
v 1.064684 6.552123 0.614696
v 0.189765 2.420332 0.328683
v 0.159053 2.371210 0.275488
v 0.588814 6.602123 1.019855
v 0.614696 6.552123 1.064684
v 0.000000 2.420332 0.379530
v 0.000000 2.371210 0.318106
v -0.000000 6.602123 1.177627
v 0.000000 6.552123 1.229391
v -0.189765 2.420332 0.328683
v -0.159053 2.371210 0.275488
v -0.588814 6.602123 1.019855
v -0.614696 6.552123 1.064684
v -0.328683 2.420332 0.189765
v -0.275488 2.371210 0.159053
v -1.019855 6.602123 0.588814
v -1.064684 6.552123 0.614696
v -0.379530 2.420332 0.000000
v -0.318106 2.371210 0.000000
v -1.177627 6.602123 -0.000000
v -1.229391 6.552123 -0.000000
v -0.328683 2.420332 -0.189765
v -0.275488 2.371210 -0.159053
v -1.019855 6.602123 -0.588814
v -1.064684 6.552123 -0.614696
v -0.189765 2.420332 -0.328683
v -0.159053 2.371210 -0.275488
v -0.588814 6.602123 -1.019855
v -0.614696 6.552123 -1.064684
v 0.000000 3.897986 -0.675963
v 0.000000 3.828065 -0.622493
v 0.311246 3.828066 -0.539095
v 0.337982 3.897986 -0.585401
v 0.539095 3.828066 -0.311246
v 0.585401 3.897986 -0.337982
v 0.622493 3.828066 0.000000
v 0.675963 3.897986 0.000000
v 0.539095 3.828066 0.311247
v 0.585401 3.897986 0.337982
v 0.311246 3.828066 0.539095
v 0.337982 3.897986 0.585401
v 0.000000 3.828066 0.622493
v 0.000000 3.897986 0.675963
v -0.311246 3.828066 0.539095
v -0.337982 3.897986 0.585401
v -0.539095 3.828066 0.311247
v -0.585401 3.897986 0.337982
v -0.622493 3.828066 0.000000
v -0.675963 3.897986 0.000000
v -0.539095 3.828066 -0.311246
v -0.585401 3.897986 -0.337982
v -0.311246 3.828066 -0.539095
v -0.337982 3.897986 -0.585401
v -0.000000 5.452864 -1.417298
v -0.000000 5.424747 -1.404337
v 0.702168 5.424747 -1.216191
v 0.708649 5.452864 -1.227416
v 1.216191 5.424747 -0.702168
v 1.227416 5.452864 -0.708649
v 1.404337 5.424747 -0.000000
v 1.417298 5.452864 -0.000000
v 1.216191 5.424747 0.702168
v 1.227416 5.452864 0.708649
v 0.702168 5.424747 1.216191
v 0.708649 5.452864 1.227416
v -0.000000 5.424747 1.404337
v -0.000000 5.452864 1.417298
v -0.702168 5.424747 1.216191
v -0.708649 5.452864 1.227416
v -1.216191 5.424747 0.702168
v -1.227416 5.452864 0.708649
v -1.404337 5.424747 -0.000000
v -1.417298 5.452864 -0.000000
v -1.216191 5.424747 -0.702168
v -1.227416 5.452864 -0.708649
v -0.702168 5.424747 -1.216191
v -0.708649 5.452864 -1.227416
v 0.562932 16.368221 -0.975026
v 0.588814 16.318222 -1.019855
v -0.000000 16.318222 -1.177627
v 0.000000 16.368221 -1.125864
v 0.975026 16.368221 -0.562932
v 1.019855 16.318222 -0.588814
v 1.125864 16.368221 0.000000
v 1.177627 16.318222 -0.000000
v 0.975026 16.368221 0.562932
v 1.019855 16.318222 0.588814
v 0.562932 16.368221 0.975026
v 0.588814 16.318222 1.019855
v 0.000000 16.368221 1.125864
v -0.000000 16.318222 1.177627
v -0.562932 16.368221 0.975026
v -0.588814 16.318222 1.019855
v -0.975026 16.368221 0.562932
v -1.019855 16.318222 0.588814
v -1.125864 16.368221 0.000000
v -1.177627 16.318222 -0.000000
v -0.975026 16.368221 -0.562932
v -1.019855 16.318222 -0.588814
v -0.562932 16.368221 -0.975026
v -0.588814 16.318222 -1.019855
v 0.697148 6.552123 -1.207496
v 0.724814 6.502242 -1.255414
v 0.000000 6.502242 -1.449628
v 0.000000 6.552123 -1.394297
v 0.000000 5.491622 -1.521902
v 0.000000 5.447034 -1.473996
v 1.207496 6.552123 -0.697148
v 1.255414 6.502242 -0.724814
v 1.394297 6.552123 -0.000000
v 1.449628 6.502242 -0.000000
v 1.207496 6.552123 0.697148
v 1.255414 6.502242 0.724814
v 0.697148 6.552123 1.207496
v 0.724814 6.502242 1.255414
v 0.000000 6.552123 1.394297
v 0.000000 6.502242 1.449628
v -0.697148 6.552123 1.207496
v -0.724814 6.502242 1.255414
v -1.207496 6.552123 0.697148
v -1.255414 6.502242 0.724814
v -1.394297 6.552123 -0.000000
v -1.449628 6.502242 -0.000000
v -1.207496 6.552123 -0.697148
v -1.255414 6.502242 -0.724814
v -0.697148 6.552123 -1.207496
v -0.724814 6.502242 -1.255414
v 0.736998 5.447034 -1.276518
v 0.760951 5.491622 -1.318006
v 1.276518 5.447034 -0.736998
v 1.318006 5.491622 -0.760951
v 1.473996 5.447034 -0.000000
v 1.521902 5.491622 -0.000000
v 1.276518 5.447034 0.736998
v 1.318006 5.491622 0.760951
v 0.736998 5.447034 1.276518
v 0.760951 5.491622 1.318006
v 0.000000 5.447034 1.473996
v 0.000000 5.491622 1.521902
v -0.736998 5.447034 1.276518
v -0.760951 5.491622 1.318006
v -1.276518 5.447034 0.736998
v -1.318006 5.491622 0.760951
v -1.473996 5.447034 -0.000000
v -1.521902 5.491622 -0.000000
v -1.276518 5.447034 -0.736998
v -1.318006 5.491622 -0.760951
v -0.736998 5.447034 -1.276518
v -0.760951 5.491622 -1.318006
v 0.833062 5.197642 -1.442906
v 0.855471 5.114605 -1.481719
v 0.799970 4.331666 -1.385588
v 0.766440 4.265170 -1.327514
v 1.442906 5.197642 -0.833062
v 1.481719 5.114605 -0.855471
v 1.385588 4.331666 -0.799970
v 1.327514 4.265170 -0.766440
v 1.666125 5.197642 -0.000000
v 1.710941 5.114605 0.000000
v 1.599939 4.331666 -0.000000
v 1.532881 4.265170 -0.000000
v 1.442906 5.197642 0.833062
v 1.481719 5.114605 0.855471
v 1.385588 4.331666 0.799970
v 1.327514 4.265170 0.766440
v 0.833062 5.197642 1.442906
v 0.855471 5.114605 1.481719
v 0.799970 4.331666 1.385588
v 0.766440 4.265170 1.327514
v -0.000000 5.197642 1.666125
v -0.000000 5.114605 1.710941
v 0.000000 4.331666 1.599939
v 0.000000 4.265170 1.532881
v -0.833062 5.197642 1.442906
v -0.855471 5.114605 1.481719
v -0.799970 4.331666 1.385588
v -0.766440 4.265170 1.327514
v -1.442906 5.197642 0.833062
v -1.481719 5.114605 0.855471
v -1.385588 4.331666 0.799970
v -1.327514 4.265170 0.766440
v -1.666125 5.197642 -0.000000
v -1.710941 5.114605 0.000000
v -1.599939 4.331666 -0.000000
v -1.532881 4.265170 -0.000000
v -1.442906 5.197642 -0.833062
v -1.481719 5.114605 -0.855471
v -1.385588 4.331666 -0.799970
v -1.327514 4.265170 -0.766440
v -0.833062 5.197642 -1.442906
v -0.855471 5.114605 -1.481719
v -0.799970 4.331666 -1.385588
v -0.766440 4.265170 -1.327514
v 0.000000 4.265169 -1.532880
v 0.000000 4.331665 -1.599939
v -0.000000 5.114605 -1.710941
v -0.000000 5.197643 -1.666124
v 0.243547 2.735606 -0.421836
v 0.266352 2.685961 -0.461336
v 0.421836 2.735606 -0.243547
v 0.461336 2.685961 -0.266352
v 0.487094 2.735606 0.000000
v 0.532705 2.685961 0.000000
v 0.421836 2.735606 0.243547
v 0.461336 2.685961 0.266352
v 0.243547 2.735606 0.421836
v 0.266352 2.685961 0.461336
v 0.000000 2.735606 0.487094
v 0.000000 2.685961 0.532705
v -0.243547 2.735606 0.421836
v -0.266352 2.685961 0.461336
v -0.421836 2.735606 0.243547
v -0.461336 2.685961 0.266352
v -0.487094 2.735606 0.000000
v -0.532705 2.685961 0.000000
v -0.421836 2.735606 -0.243547
v -0.461336 2.685961 -0.266352
v -0.243547 2.735606 -0.421836
v -0.266352 2.685961 -0.461336
v 0.000000 2.685961 -0.532705
v 0.000000 2.735606 -0.487094
v -0.000000 1.715938 -0.137474
v 0.000000 1.765060 -0.198898
v 0.099449 1.765060 -0.172251
v 0.068737 1.715938 -0.119056
v 0.172251 1.765060 -0.099449
v 0.119056 1.715938 -0.068737
v 0.198898 1.765060 0.000000
v 0.137474 1.715938 -0.000000
v 0.172251 1.765060 0.099449
v 0.119056 1.715938 0.068737
v 0.099449 1.765060 0.172251
v 0.068737 1.715938 0.119056
v 0.000000 1.765060 0.198898
v -0.000000 1.715938 0.137474
v -0.099449 1.765060 0.172251
v -0.068737 1.715938 0.119056
v -0.172251 1.765060 0.099449
v -0.119056 1.715938 0.068737
v -0.198898 1.765060 0.000000
v -0.137474 1.715938 0.000000
v -0.172251 1.765060 -0.099449
v -0.119056 1.715938 -0.068737
v -0.099449 1.765060 -0.172251
v -0.068737 1.715938 -0.119056
v 0.000000 2.420332 -0.489046
v 0.000000 2.467999 -0.556438
v 0.278219 2.467999 -0.481889
v 0.244523 2.420332 -0.423526
v 0.288068 2.685961 -0.498949
v 0.306136 2.638294 -0.530243
v 0.481889 2.467999 -0.278219
v 0.423526 2.420332 -0.244523
v 0.498949 2.685961 -0.288068
v 0.530243 2.638294 -0.306136
v 0.556438 2.467999 0.000000
v 0.489046 2.420332 0.000000
v 0.576137 2.685961 0.000000
v 0.612272 2.638294 0.000000
v 0.481889 2.467999 0.278219
v 0.423526 2.420332 0.244523
v 0.498949 2.685961 0.288068
v 0.530243 2.638294 0.306136
v 0.278219 2.467999 0.481889
v 0.244523 2.420332 0.423526
v 0.288068 2.685961 0.498949
v 0.306136 2.638294 0.530243
v 0.000000 2.467999 0.556438
v 0.000000 2.420332 0.489046
v 0.000000 2.685961 0.576137
v 0.000000 2.638294 0.612272
v -0.278219 2.467999 0.481889
v -0.244523 2.420332 0.423526
v -0.288068 2.685961 0.498949
v -0.306136 2.638294 0.530243
v -0.481889 2.467999 0.278219
v -0.423526 2.420332 0.244523
v -0.498949 2.685961 0.288068
v -0.530243 2.638294 0.306136
v -0.556438 2.467999 0.000000
v -0.489046 2.420332 0.000000
v -0.576137 2.685961 0.000000
v -0.612272 2.638294 0.000000
v -0.481889 2.467999 -0.278219
v -0.423526 2.420332 -0.244523
v -0.498949 2.685961 -0.288068
v -0.530243 2.638294 -0.306136
v -0.278219 2.467999 -0.481889
v -0.244523 2.420332 -0.423526
v -0.288068 2.685961 -0.498949
v -0.306136 2.638294 -0.530243
v 0.000000 2.638294 -0.612272
v 0.000000 2.685961 -0.576137
v -0.614696 6.960964 1.064684
v -0.588814 6.910964 1.019855
v -1.019855 6.910964 0.588814
v -1.064684 6.960964 0.614696
v -0.000000 6.960964 1.229391
v -0.000000 6.910964 1.177627
v 0.614696 6.960964 1.064684
v 0.588814 6.910964 1.019855
v 1.064684 6.960964 0.614696
v 1.019855 6.910964 0.588814
v 1.229391 6.960964 -0.000000
v 1.177627 6.910964 -0.000000
v -0.614696 6.960964 -1.064684
v -0.588814 6.910964 -1.019855
v -0.000000 6.910964 -1.177627
v -0.000000 6.960964 -1.229391
v 0.588814 6.910964 -1.019855
v 0.614696 6.960964 -1.064684
v 1.064684 6.960964 -0.614696
v 1.019855 6.910964 -0.588814
v -1.064684 6.960964 -0.614696
v -1.019855 6.910964 -0.588814
v -1.229391 6.960964 -0.000000
v -1.177627 6.910964 -0.000000
v -0.588814 7.628863 1.019855
v -0.614696 7.578863 1.064684
v -0.000000 7.628863 1.177627
v -0.000000 7.578863 1.229391
v 0.588814 7.628863 1.019855
v 0.614696 7.578863 1.064684
v 1.019855 7.628863 0.588814
v 1.064684 7.578863 0.614696
v 1.177627 7.628863 -0.000000
v 1.229391 7.578863 -0.000000
v -0.588814 7.628863 -1.019855
v -0.614696 7.578863 -1.064684
v 1.019855 7.628863 -0.588814
v 1.064684 7.578863 -0.614696
v -1.019855 7.628863 -0.588814
v -1.064684 7.578863 -0.614696
v -1.177627 7.628863 -0.000000
v -1.229391 7.578863 -0.000000
v -1.064684 7.578863 0.614696
v -1.019855 7.628863 0.588814
v -0.000000 7.578863 -1.229391
v -0.000000 7.628863 -1.177627
v 0.614696 7.578863 -1.064684
v 0.588814 7.628863 -1.019855
v -1.126888 7.528863 0.650609
v -1.082059 7.578863 0.624727
v -1.082059 6.960964 0.624727
v -1.126888 7.010964 0.650609
v 0.000000 7.528863 -1.301218
v -0.000000 7.578863 -1.249454
v -0.000000 6.960964 -1.249454
v 0.000000 7.010964 -1.301218
v 0.650609 7.528863 -1.126888
v 0.624727 7.578863 -1.082059
v 0.624727 6.960964 -1.082059
v 0.650609 7.010964 -1.126888
v -1.301218 7.010964 0.000000
v -1.249454 6.960964 -0.000000
v -1.126888 7.010964 -0.650609
v -1.082059 6.960964 -0.624727
v 1.126888 7.010964 -0.650609
v 1.082059 6.960964 -0.624727
v -0.650609 7.010964 -1.126888
v -0.624727 6.960964 -1.082059
v 1.301218 7.010964 0.000000
v 1.249454 6.960964 -0.000000
v 1.126888 7.010964 0.650609
v 1.082059 6.960964 0.624727
v 0.650609 7.010964 1.126888
v 0.624727 6.960964 1.082059
v 0.000000 7.010964 1.301218
v -0.000000 6.960964 1.249454
v -0.650609 7.010964 1.126888
v -0.624727 6.960964 1.082059
v -0.624727 7.578863 1.082059
v -0.650609 7.528863 1.126888
v -0.000000 7.578863 1.249454
v 0.000000 7.528863 1.301218
v 0.624727 7.578863 1.082059
v 0.650609 7.528863 1.126888
v 1.082059 7.578863 0.624727
v 1.126888 7.528863 0.650609
v 1.249454 7.578863 -0.000000
v 1.301218 7.528863 0.000000
v -0.624727 7.578863 -1.082059
v -0.650609 7.528863 -1.126888
v 1.082059 7.578863 -0.624727
v 1.126888 7.528863 -0.650609
v -1.082059 7.578863 -0.624727
v -1.126888 7.528863 -0.650609
v -1.249454 7.578863 -0.000000
v -1.301218 7.528863 0.000000
vn -0.0000 -0.7810 -0.6246
vn 0.3123 -0.7810 -0.5409
vn 0.3474 0.7193 -0.6017
vn -0.0000 0.7193 -0.6947
vn 0.5409 -0.7810 -0.3123
vn 0.6017 0.7193 -0.3474
vn 0.6246 -0.7810 -0.0000
vn 0.6947 0.7193 -0.0000
vn 0.5409 -0.7810 0.3123
vn 0.6017 0.7193 0.3474
vn 0.3123 -0.7810 0.5409
vn 0.3474 0.7193 0.6017
vn -0.0000 -0.7810 0.6246
vn -0.0000 0.7193 0.6947
vn -0.3123 -0.7810 0.5409
vn -0.3474 0.7193 0.6017
vn -0.5409 -0.7810 0.3123
vn -0.6017 0.7193 0.3474
vn -0.6246 -0.7810 -0.0000
vn -0.6947 0.7193 -0.0000
vn -0.5409 -0.7810 -0.3123
vn -0.6017 0.7193 -0.3474
vn -0.3123 -0.7810 -0.5409
vn -0.3474 0.7193 -0.6017
vn -0.2933 -0.8099 -0.5080
vn -0.0000 -0.8099 -0.5866
vn -0.0000 -0.3944 -0.9189
vn -0.4595 -0.3944 -0.7958
vn -0.5080 -0.8099 -0.2933
vn -0.7958 -0.3944 -0.4595
vn -0.5866 -0.8099 -0.0000
vn -0.9189 -0.3944 -0.0000
vn -0.5080 -0.8099 0.2933
vn -0.7958 -0.3944 0.4595
vn -0.2933 -0.8099 0.5080
vn -0.4595 -0.3944 0.7958
vn -0.0000 -0.8099 0.5866
vn -0.0000 -0.3944 0.9189
vn 0.2933 -0.8099 0.5080
vn 0.4595 -0.3944 0.7958
vn 0.5080 -0.8099 0.2933
vn 0.7958 -0.3944 0.4595
vn 0.5866 -0.8099 -0.0000
vn 0.9189 -0.3944 -0.0000
vn 0.5080 -0.8099 -0.2933
vn 0.7958 -0.3944 -0.4595
vn 0.2933 -0.8099 -0.5080
vn 0.4595 -0.3944 -0.7958
vn -0.4541 -0.4186 -0.7865
vn -0.0000 -0.4186 -0.9082
vn -0.7865 -0.4186 -0.4541
vn -0.9082 -0.4186 -0.0000
vn -0.7865 -0.4186 0.4541
vn -0.4541 -0.4186 0.7865
vn -0.0000 -0.4186 0.9082
vn 0.4541 -0.4186 0.7865
vn 0.7865 -0.4186 0.4541
vn 0.9082 -0.4186 -0.0000
vn 0.7865 -0.4186 -0.4541
vn 0.4541 -0.4186 -0.7865
vn 0.6948 0.7192 -0.0000
vn -0.6948 0.7192 -0.0000
vn 0.3348 0.7427 -0.5799
vn -0.0000 0.7427 -0.6696
vn 0.5799 0.7427 -0.3348
vn 0.6696 0.7427 -0.0000
vn 0.5799 0.7427 0.3348
vn 0.3348 0.7427 0.5799
vn -0.0000 0.7427 0.6696
vn -0.3348 0.7427 0.5799
vn -0.5799 0.7427 0.3348
vn -0.6696 0.7427 -0.0000
vn -0.5799 0.7427 -0.3348
vn -0.3348 0.7427 -0.5799
vn -0.3407 -0.7320 -0.5900
vn -0.0000 -0.7320 -0.6813
vn -0.5900 -0.7320 -0.3407
vn -0.6813 -0.7320 -0.0000
vn -0.5900 -0.7320 0.3407
vn -0.3407 -0.7320 0.5900
vn -0.0000 -0.7320 0.6813
vn 0.3407 -0.7320 0.5900
vn 0.5900 -0.7320 0.3407
vn 0.6813 -0.7320 -0.0000
vn 0.5900 -0.7320 -0.3407
vn 0.3407 -0.7320 -0.5900
vn -0.0000 -0.5476 -0.8367
vn 0.4184 -0.5476 -0.7246
vn 0.2897 -0.8150 -0.5019
vn -0.0000 -0.8150 -0.5795
vn -0.0000 0.6112 -0.7915
vn 0.3957 0.6112 -0.6854
vn 0.4774 0.2972 -0.8269
vn -0.0000 0.2972 -0.9548
vn 0.7246 -0.5476 -0.4184
vn 0.5019 -0.8150 -0.2897
vn 0.6854 0.6112 -0.3957
vn 0.8269 0.2972 -0.4774
vn 0.8367 -0.5476 -0.0000
vn 0.5795 -0.8150 -0.0000
vn 0.7915 0.6112 -0.0000
vn 0.9548 0.2972 -0.0000
vn 0.7246 -0.5476 0.4184
vn 0.5019 -0.8150 0.2897
vn 0.6854 0.6112 0.3957
vn 0.8269 0.2972 0.4774
vn 0.4184 -0.5476 0.7246
vn 0.2897 -0.8150 0.5019
vn 0.3957 0.6112 0.6854
vn 0.4774 0.2972 0.8269
vn -0.0000 -0.5476 0.8367
vn -0.0000 -0.8150 0.5795
vn -0.0000 0.6112 0.7915
vn -0.0000 0.2972 0.9548
vn -0.4184 -0.5476 0.7246
vn -0.2897 -0.8150 0.5019
vn -0.3957 0.6112 0.6854
vn -0.4774 0.2972 0.8269
vn -0.7246 -0.5476 0.4184
vn -0.5019 -0.8150 0.2897
vn -0.6854 0.6112 0.3957
vn -0.8269 0.2972 0.4774
vn -0.8367 -0.5476 -0.0000
vn -0.5795 -0.8150 -0.0000
vn -0.7915 0.6112 -0.0000
vn -0.9548 0.2972 -0.0000
vn -0.7246 -0.5476 -0.4184
vn -0.5019 -0.8150 -0.2897
vn -0.6854 0.6112 -0.3957
vn -0.8269 0.2972 -0.4774
vn -0.4184 -0.5476 -0.7246
vn -0.2897 -0.8150 -0.5019
vn -0.3957 0.6112 -0.6854
vn -0.4774 0.2972 -0.8269
vn -0.0000 0.6766 -0.7364
vn 0.3682 0.6766 -0.6377
vn 0.6377 0.6766 -0.3682
vn 0.7364 0.6766 -0.0000
vn 0.6377 0.6766 0.3682
vn 0.3682 0.6765 0.6377
vn -0.0000 0.6765 0.7364
vn -0.3682 0.6765 0.6377
vn -0.6377 0.6766 0.3682
vn -0.7364 0.6766 -0.0000
vn -0.6377 0.6766 -0.3682
vn -0.3682 0.6766 -0.6377
vn -0.0000 -0.8164 -0.5775
vn 0.2887 -0.8164 -0.5001
vn 0.5001 -0.8164 -0.2887
vn 0.5775 -0.8164 -0.0000
vn 0.5001 -0.8164 0.2887
vn 0.2887 -0.8164 0.5001
vn -0.0000 -0.8164 0.5775
vn -0.2887 -0.8164 0.5001
vn -0.5001 -0.8164 0.2887
vn -0.5775 -0.8164 -0.0000
vn -0.5001 -0.8164 -0.2887
vn -0.2887 -0.8164 -0.5001
vn -0.0000 0.6041 -0.7969
vn 0.3984 0.6041 -0.6901
vn 0.6901 0.6041 -0.3984
vn 0.7969 0.6041 -0.0000
vn 0.6901 0.6041 0.3984
vn 0.3984 0.6041 0.6901
vn -0.0000 0.6041 0.7969
vn -0.3984 0.6041 0.6901
vn -0.6901 0.6041 0.3984
vn -0.7969 0.6041 -0.0000
vn -0.6901 0.6041 -0.3984
vn -0.3984 0.6041 -0.6901
vn -0.6017 -0.7193 0.3474
vn -0.6947 -0.7193 -0.0000
vn -0.6017 -0.7193 -0.3474
vn 0.3474 -0.7193 -0.6017
vn 0.6017 -0.7193 -0.3474
vn -0.3474 -0.7193 -0.6017
vn 0.6947 -0.7193 -0.0000
vn -0.0000 -0.7193 -0.6947
vn 0.6017 -0.7193 0.3474
vn 0.3474 -0.7193 0.6017
vn -0.0000 -0.7193 0.6947
vn -0.3474 -0.7193 0.6017
vn -0.0000 -1.0000 -0.0000
vn -0.0000 -0.1930 -0.9812
vn 0.4906 -0.1930 -0.8497
vn -0.4906 -0.1930 -0.8497
vn 0.5000 -0.0000 -0.8660
vn 0.2588 -0.0000 -0.9659
vn -0.0000 1.0000 -0.0000
vn -0.2588 -0.0000 -0.9659
vn -0.5000 -0.0000 -0.8660
vn 0.8497 -0.1930 -0.4906
vn 0.8660 -0.0000 -0.5000
vn 0.9812 -0.1930 -0.0000
vn 0.9659 -0.0000 -0.2588
vn 0.8497 -0.1930 0.4906
vn 0.8660 -0.0000 0.5000
vn 0.9659 -0.0000 0.2588
vn 0.4906 -0.1930 0.8497
vn 0.5000 -0.0000 0.8660
vn -0.0000 -0.1930 0.9812
vn 0.2588 -0.0000 0.9659
vn -0.4906 -0.1930 0.8497
vn -0.5000 -0.0000 0.8660
vn -0.2588 -0.0000 0.9659
vn -0.8497 -0.1930 0.4906
vn -0.8660 -0.0000 0.5000
vn -0.9812 -0.1930 -0.0000
vn -0.9659 -0.0000 0.2588
vn -0.8497 -0.1930 -0.4906
vn -0.8660 -0.0000 -0.5000
vn -0.9659 -0.0000 -0.2588
vn -0.0000 -0.1230 -0.9924
vn 0.4962 -0.1230 -0.8594
vn -0.4962 -0.1230 -0.8594
vn 0.8594 -0.1230 -0.4962
vn 0.9924 -0.1230 -0.0000
vn 0.8594 -0.1230 0.4962
vn 0.4962 -0.1230 0.8594
vn -0.0000 -0.1230 0.9924
vn -0.4962 -0.1230 0.8594
vn -0.8594 -0.1230 0.4962
vn -0.9924 -0.1230 -0.0000
vn -0.8594 -0.1230 -0.4962
vn -0.0000 0.7554 -0.6553
vn 0.3276 0.7554 -0.5675
vn -0.0511 -0.9948 0.0886
vn -0.0000 -0.9948 0.1023
vn -0.3276 0.7554 -0.5675
vn 0.0511 -0.9948 0.0886
vn -0.0886 -0.9948 0.0511
vn 0.5675 0.7554 -0.3276
vn -0.1023 -0.9948 -0.0000
vn 0.6553 0.7554 -0.0000
vn 0.5675 0.7554 0.3276
vn -0.0886 -0.9948 -0.0511
vn -0.0511 -0.9948 -0.0886
vn 0.3276 0.7554 0.5675
vn -0.0000 -0.9948 -0.1023
vn -0.0000 0.7554 0.6553
vn 0.0511 -0.9948 -0.0886
vn -0.3276 0.7554 0.5675
vn 0.0886 -0.9948 -0.0511
vn -0.5675 0.7554 0.3276
vn 0.1023 -0.9948 -0.0000
vn -0.6553 0.7554 -0.0000
vn 0.0886 -0.9948 0.0511
vn -0.5675 0.7554 -0.3276
vn 0.4987 0.0713 -0.8638
vn 0.8638 0.0713 -0.4987
vn -0.0000 0.0713 -0.9975
vn -0.4987 0.0713 -0.8638
vn 0.9975 0.0713 -0.0000
vn 0.8638 0.0713 0.4987
vn 0.4987 0.0713 0.8638
vn -0.0000 0.0713 0.9975
vn -0.4987 0.0713 0.8638
vn -0.8638 0.0713 0.4987
vn -0.9975 0.0713 -0.0000
vn -0.8638 0.0713 -0.4987
vn 0.4956 -0.1326 -0.8584
vn 0.8584 -0.1326 -0.4956
vn -0.0000 -0.1326 -0.9912
vn 0.9912 -0.1326 -0.0000
vn 0.8584 -0.1326 0.4956
vn 0.4956 -0.1326 0.8584
vn -0.0000 -0.1326 0.9912
vn -0.4956 -0.1326 0.8584
vn -0.8584 -0.1326 0.4956
vn -0.9912 -0.1326 -0.0000
vn -0.8584 -0.1326 -0.4956
vn -0.4956 -0.1326 -0.8584
vn -0.4751 -0.3116 -0.8229
vn -0.0000 -0.3115 -0.9502
vn 0.4751 -0.3116 -0.8229
vn 0.8229 -0.3116 -0.4751
vn 0.9502 -0.3116 -0.0000
vn 0.8229 -0.3116 0.4751
vn 0.4751 -0.3115 0.8229
vn 0.4751 -0.3116 0.8229
vn -0.0000 -0.3115 0.9502
vn -0.4751 -0.3116 0.8229
vn -0.8229 -0.3116 0.4751
vn -0.9502 -0.3116 -0.0000
vn -0.8229 -0.3116 -0.4751
vt 0.456013 0.230115
vt 0.456013 0.209185
vt 0.463163 0.209185
vt 0.463163 0.230115
vt 0.124321 0.448023
vt 0.124321 0.387941
vt 0.128262 0.387941
vt 0.128262 0.448023
vt 0.456013 0.188256
vt 0.463163 0.188256
vt 0.124321 0.508105
vt 0.128262 0.508105
vt 0.456013 0.167326
vt 0.463163 0.167326
vt 0.124321 0.568187
vt 0.128262 0.568187
vt 0.456013 0.146396
vt 0.463163 0.146396
vt 0.124321 0.628269
vt 0.128262 0.628269
vt 0.456013 0.125467
vt 0.463163 0.125467
vt 0.124321 0.688352
vt 0.128262 0.688352
vt 0.456013 0.104537
vt 0.463163 0.104537
vt 0.124321 0.748434
vt 0.128262 0.748434
vt 0.456013 0.083607
vt 0.463163 0.083607
vt 0.124321 0.808516
vt 0.128262 0.808516
vt 0.456013 0.062677
vt 0.463163 0.062677
vt 0.124321 0.868599
vt 0.128262 0.868599
vt 0.456013 0.041748
vt 0.463163 0.041748
vt 0.124321 0.928681
vt 0.128262 0.928681
vt 0.456013 0.020818
vt 0.463163 0.020818
vt 0.124321 0.988763
vt 0.128262 0.988763
vt 0.456013 0.271974
vt 0.456013 0.251045
vt 0.463163 0.251045
vt 0.463163 0.271974
vt 0.124321 0.327858
vt 0.124321 0.267776
vt 0.128262 0.267776
vt 0.128262 0.327858
vt 0.330423 0.251045
vt 0.330423 0.230115
vt 0.333935 0.230115
vt 0.333935 0.251045
vt 0.330423 0.271974
vt 0.333935 0.271974
vt 0.330423 0.041748
vt 0.330423 0.020818
vt 0.333935 0.020818
vt 0.333935 0.041748
vt 0.330423 0.062677
vt 0.333935 0.062677
vt 0.330423 0.083607
vt 0.333935 0.083607
vt 0.330423 0.104537
vt 0.333935 0.104537
vt 0.330423 0.125467
vt 0.333935 0.125467
vt 0.330423 0.146396
vt 0.333935 0.146396
vt 0.330423 0.167326
vt 0.333935 0.167326
vt 0.330423 0.188256
vt 0.333935 0.188256
vt 0.330423 0.209185
vt 0.333935 0.209185
vt 0.132648 0.932366
vt 0.132648 0.871122
vt 0.136335 0.871122
vt 0.136335 0.932366
vt 0.132648 0.993611
vt 0.136335 0.993611
vt 0.132648 0.319918
vt 0.132648 0.258674
vt 0.136335 0.258674
vt 0.136335 0.319918
vt 0.132648 0.381163
vt 0.136335 0.381163
vt 0.132648 0.442408
vt 0.136335 0.442408
vt 0.132648 0.503653
vt 0.136335 0.503653
vt 0.132648 0.564898
vt 0.136335 0.564898
vt 0.132648 0.626142
vt 0.136335 0.626143
vt 0.132648 0.687387
vt 0.136335 0.687387
vt 0.132648 0.748632
vt 0.136335 0.748632
vt 0.132648 0.809877
vt 0.136335 0.809877
vt 0.226921 0.206796
vt 0.179139 0.206796
vt 0.180190 0.202877
vt 0.225871 0.202877
vt 0.268301 0.182906
vt 0.265432 0.180037
vt 0.292192 0.141526
vt 0.288273 0.140475
vt 0.292192 0.093744
vt 0.288273 0.094794
vt 0.268301 0.052364
vt 0.265432 0.055233
vt 0.226921 0.028473
vt 0.225871 0.032392
vt 0.179139 0.028473
vt 0.180190 0.032392
vt 0.137759 0.052364
vt 0.140628 0.055233
vt 0.113869 0.093744
vt 0.117788 0.094794
vt 0.113869 0.141526
vt 0.117788 0.140476
vt 0.137759 0.182906
vt 0.140628 0.180037
vt 0.104018 0.448023
vt 0.104018 0.387941
vt 0.111766 0.387941
vt 0.111766 0.448023
vt 0.104018 0.508105
vt 0.111766 0.508105
vt 0.104018 0.568187
vt 0.111766 0.568187
vt 0.104018 0.628270
vt 0.111766 0.628269
vt 0.104018 0.688352
vt 0.111766 0.688352
vt 0.104018 0.748434
vt 0.111766 0.748434
vt 0.104018 0.808516
vt 0.111766 0.808516
vt 0.104018 0.868599
vt 0.111766 0.868599
vt 0.104018 0.928681
vt 0.111766 0.928681
vt 0.104018 0.988763
vt 0.111766 0.988763
vt 0.104018 0.327858
vt 0.104018 0.267776
vt 0.111766 0.267776
vt 0.111766 0.327858
vt 0.026879 0.327858
vt 0.026879 0.387941
vt 0.019132 0.387941
vt 0.019132 0.327858
vt 0.026879 0.267776
vt 0.019132 0.267776
vt 0.026879 0.928681
vt 0.026879 0.988763
vt 0.019132 0.988763
vt 0.019132 0.928681
vt 0.026879 0.868599
vt 0.019132 0.868599
vt 0.026879 0.808516
vt 0.019132 0.808516
vt 0.026879 0.748434
vt 0.019132 0.748434
vt 0.026879 0.688352
vt 0.019132 0.688352
vt 0.026879 0.628269
vt 0.019132 0.628270
vt 0.026879 0.568187
vt 0.019132 0.568187
vt 0.026879 0.508105
vt 0.019132 0.508105
vt 0.026879 0.448023
vt 0.019132 0.448023
vt 0.227948 0.871122
vt 0.227948 0.809877
vt 0.235305 0.809877
vt 0.235305 0.871122
vt 0.161395 0.871122
vt 0.161395 0.809877
vt 0.168699 0.809877
vt 0.168699 0.871122
vt 0.227948 0.748632
vt 0.235305 0.748632
vt 0.161395 0.748632
vt 0.168700 0.748632
vt 0.227948 0.687387
vt 0.235305 0.687387
vt 0.161395 0.687387
vt 0.168700 0.687387
vt 0.227948 0.626142
vt 0.235305 0.626142
vt 0.161395 0.626142
vt 0.168700 0.626143
vt 0.227948 0.564898
vt 0.235305 0.564898
vt 0.161395 0.564898
vt 0.168700 0.564898
vt 0.227948 0.503653
vt 0.235305 0.503653
vt 0.161395 0.503653
vt 0.168700 0.503653
vt 0.227948 0.442408
vt 0.235305 0.442408
vt 0.161395 0.442408
vt 0.168700 0.442408
vt 0.227948 0.381163
vt 0.235305 0.381163
vt 0.161395 0.381163
vt 0.168700 0.381163
vt 0.227948 0.319918
vt 0.235305 0.319918
vt 0.161395 0.319918
vt 0.168700 0.319918
vt 0.227948 0.258674
vt 0.235305 0.258674
vt 0.161395 0.258674
vt 0.168700 0.258674
vt 0.227948 0.993611
vt 0.227948 0.932366
vt 0.235305 0.932366
vt 0.235305 0.993611
vt 0.161395 0.993611
vt 0.161395 0.932366
vt 0.168699 0.932366
vt 0.168699 0.993611
vt 0.411229 0.230115
vt 0.411229 0.209185
vt 0.418377 0.209185
vt 0.418376 0.230115
vt 0.411229 0.188256
vt 0.418377 0.188256
vt 0.411229 0.167326
vt 0.418377 0.167326
vt 0.411229 0.146396
vt 0.418377 0.146396
vt 0.411229 0.125467
vt 0.418377 0.125467
vt 0.411229 0.104537
vt 0.418376 0.104537
vt 0.411229 0.083607
vt 0.418377 0.083607
vt 0.411229 0.062677
vt 0.418377 0.062677
vt 0.411229 0.041748
vt 0.418377 0.041748
vt 0.411229 0.020818
vt 0.418377 0.020818
vt 0.411229 0.271974
vt 0.411229 0.251045
vt 0.418377 0.251045
vt 0.418377 0.271974
vt 0.506539 0.230115
vt 0.506539 0.209185
vt 0.510054 0.209185
vt 0.510054 0.230115
vt 0.506539 0.188256
vt 0.510054 0.188256
vt 0.506539 0.167326
vt 0.510054 0.167326
vt 0.506539 0.146396
vt 0.510054 0.146396
vt 0.506539 0.125467
vt 0.510054 0.125467
vt 0.506539 0.104537
vt 0.510054 0.104537
vt 0.506539 0.083607
vt 0.510054 0.083607
vt 0.506539 0.062677
vt 0.510054 0.062677
vt 0.506539 0.041748
vt 0.510054 0.041748
vt 0.506539 0.020818
vt 0.510054 0.023681
vt 0.506539 0.271974
vt 0.506539 0.251045
vt 0.510054 0.251045
vt 0.510054 0.269112
vt 0.441166 0.230115
vt 0.441166 0.209185
vt 0.448323 0.209185
vt 0.448323 0.230115
vt 0.441166 0.188256
vt 0.448323 0.188256
vt 0.441166 0.167326
vt 0.448323 0.167326
vt 0.441166 0.146396
vt 0.448323 0.146396
vt 0.441166 0.125467
vt 0.448323 0.125467
vt 0.441166 0.104537
vt 0.448323 0.104537
vt 0.441166 0.083607
vt 0.448323 0.083607
vt 0.441166 0.062677
vt 0.448323 0.062677
vt 0.441166 0.041748
vt 0.448323 0.041748
vt 0.441166 0.020818
vt 0.448323 0.020818
vt 0.441166 0.271975
vt 0.441166 0.251045
vt 0.448323 0.251045
vt 0.448323 0.271974
vt 0.421426 0.230115
vt 0.421426 0.209185
vt 0.428583 0.209185
vt 0.428583 0.230115
vt 0.421426 0.188256
vt 0.428583 0.188256
vt 0.421426 0.167326
vt 0.428583 0.167326
vt 0.421426 0.146396
vt 0.428583 0.146396
vt 0.421426 0.125467
vt 0.428583 0.125467
vt 0.421426 0.104537
vt 0.428583 0.104537
vt 0.421426 0.083607
vt 0.428583 0.083607
vt 0.421426 0.062677
vt 0.428583 0.062677
vt 0.421426 0.041748
vt 0.428583 0.041748
vt 0.421426 0.020818
vt 0.428583 0.020818
vt 0.421426 0.271974
vt 0.421426 0.251045
vt 0.428583 0.251045
vt 0.428583 0.271974
vt 0.995902 0.834654
vt 0.995902 0.882436
vt 0.991983 0.882436
vt 0.991983 0.834654
vt 0.995902 0.930217
vt 0.991983 0.930217
vt 0.995902 0.500183
vt 0.995902 0.547964
vt 0.991983 0.547964
vt 0.991983 0.500183
vt 0.995902 0.356838
vt 0.995902 0.404619
vt 0.991983 0.404619
vt 0.991983 0.356838
vt 0.995902 0.595746
vt 0.991983 0.595746
vt 0.995902 0.452401
vt 0.991983 0.452401
vt 0.995902 0.643528
vt 0.991983 0.643528
vt 0.995902 0.691309
vt 0.991983 0.691309
vt 0.995902 0.739091
vt 0.991983 0.739091
vt 0.995902 0.786873
vt 0.991983 0.786873
vt 0.407812 0.306477
vt 0.360030 0.306477
vt 0.360030 0.302557
vt 0.407812 0.302557
vt 0.312248 0.306477
vt 0.312248 0.302557
vt 0.742283 0.306477
vt 0.694501 0.306477
vt 0.694501 0.302557
vt 0.742283 0.302557
vt 0.885628 0.306477
vt 0.837846 0.306477
vt 0.837846 0.302557
vt 0.885628 0.302557
vt 0.646720 0.306477
vt 0.646720 0.302557
vt 0.790064 0.306477
vt 0.790064 0.302557
vt 0.598938 0.306477
vt 0.598938 0.302557
vt 0.551156 0.306477
vt 0.551156 0.302557
vt 0.503375 0.306477
vt 0.503375 0.302557
vt 0.455593 0.306477
vt 0.455593 0.302557
vt 0.944843 0.452983
vt 0.944843 0.400919
vt 0.952747 0.400919
vt 0.952747 0.452983
vt 0.944843 0.348854
vt 0.952747 0.348854
vt 0.944843 0.817435
vt 0.944843 0.765370
vt 0.952747 0.765370
vt 0.952747 0.817435
vt 0.944843 0.973628
vt 0.944843 0.921564
vt 0.952747 0.921564
vt 0.952747 0.973628
vt 0.944843 0.713306
vt 0.952747 0.713306
vt 0.944843 0.869499
vt 0.952747 0.869499
vt 0.944843 0.661241
vt 0.952747 0.661241
vt 0.944843 0.609177
vt 0.952747 0.609177
vt 0.944843 0.557112
vt 0.952747 0.557112
vt 0.944843 0.505048
vt 0.952747 0.505048
vt 0.896714 0.452983
vt 0.896714 0.400919
vt 0.904618 0.400919
vt 0.904618 0.452983
vt 0.896714 0.348854
vt 0.904618 0.348854
vt 0.896714 0.817435
vt 0.896714 0.765370
vt 0.904618 0.765370
vt 0.904618 0.817435
vt 0.896714 0.973628
vt 0.896714 0.921564
vt 0.904618 0.921564
vt 0.904618 0.973628
vt 0.896714 0.713306
vt 0.904618 0.713306
vt 0.896714 0.869499
vt 0.904618 0.869499
vt 0.896714 0.661241
vt 0.904618 0.661241
vt 0.896714 0.609177
vt 0.904618 0.609177
vt 0.896714 0.557112
vt 0.904618 0.557112
vt 0.896714 0.505048
vt 0.904618 0.505048
vt 0.967775 0.500183
vt 0.967775 0.452401
vt 0.967775 0.404619
vt 0.967775 0.547964
vt 0.967775 0.595746
vt 0.967775 0.643528
vt 0.967775 0.691309
vt 0.967775 0.739091
vt 0.967775 0.786873
vt 0.967775 0.834654
vt 0.967775 0.882436
vt 0.967775 0.930218
vt 0.967775 0.356838
vt 0.302717 0.871122
vt 0.302717 0.809877
vt 0.302717 0.932366
vt 0.302717 0.748632
vt 0.302717 0.687387
vt 0.302717 0.626142
vt 0.302717 0.564898
vt 0.302717 0.503653
vt 0.302717 0.442408
vt 0.302717 0.381163
vt 0.302717 0.319918
vt 0.302717 0.258674
vt 0.302717 0.993611
vt 0.014793 0.448023
vt 0.014793 0.387941
vt 0.014793 0.327858
vt 0.014793 0.508105
vt 0.014793 0.568187
vt 0.014793 0.628269
vt 0.014793 0.688352
vt 0.014793 0.748434
vt 0.014793 0.808516
vt 0.014793 0.868599
vt 0.014793 0.928681
vt 0.014793 0.988763
vt 0.014793 0.267776
vt 0.790064 0.987582
vt 0.742283 0.987582
vt 0.694501 0.987582
vt 0.837846 0.987582
vt 0.646720 0.987582
vt 0.598938 0.987582
vt 0.551156 0.987582
vt 0.503375 0.987582
vt 0.455593 0.987582
vt 0.407812 0.987582
vt 0.360030 0.987582
vt 0.312248 0.987582
vt 0.885628 0.987582
vt 0.198085 0.809877
vt 0.198085 0.748632
vt 0.198085 0.871122
vt 0.198085 0.687387
vt 0.198085 0.626142
vt 0.198085 0.564898
vt 0.198085 0.503653
vt 0.198085 0.442408
vt 0.198085 0.381163
vt 0.198085 0.319918
vt 0.198085 0.258674
vt 0.198085 0.993611
vt 0.198085 0.932366
vt 0.067094 0.205609
vt 0.069883 0.210440
vt 0.069883 0.216018
vt 0.067094 0.220849
vt 0.062263 0.223638
vt 0.056685 0.223638
vt 0.051855 0.220849
vt 0.049066 0.216018
vt 0.049066 0.210440
vt 0.051855 0.205609
vt 0.056685 0.202821
vt 0.062263 0.202821
vt 0.954306 0.452983
vt 0.954306 0.505048
vt 0.954306 0.557112
vt 0.954306 0.400919
vt 0.954306 0.609177
vt 0.954306 0.661241
vt 0.954306 0.713306
vt 0.954306 0.765370
vt 0.954306 0.869499
vt 0.954306 0.921564
vt 0.954306 0.973628
vt 0.954306 0.817435
vt 0.954306 0.348854
vt 0.895156 0.505048
vt 0.895156 0.452983
vt 0.895156 0.557112
vt 0.895156 0.609177
vt 0.895156 0.661241
vt 0.895156 0.713306
vt 0.895156 0.765370
vt 0.895156 0.921564
vt 0.895156 0.869499
vt 0.895156 0.973628
vt 0.895156 0.817435
vt 0.895156 0.400919
vt 0.895156 0.348854
s 1
usemtl davkovac
f 118/118/107 121/119/108 122/120/108 117/121/107
f 124/122/109 119/123/110 120/124/110 123/125/109
f 121/119/108 125/126/111 126/127/111 122/120/108
f 128/128/112 124/122/109 123/125/109 127/129/112
f 125/126/111 129/130/113 130/131/113 126/127/111
f 132/132/114 128/128/112 127/129/112 131/133/114
f 129/130/113 133/134/115 134/135/115 130/131/113
f 136/136/116 132/132/114 131/133/114 135/137/116
f 133/134/115 137/138/117 138/139/117 134/135/115
f 140/140/118 136/136/116 135/137/116 139/141/118
f 137/138/117 141/142/119 142/143/119 138/139/117
f 144/144/120 140/140/118 139/141/118 143/145/120
f 141/142/119 145/146/121 146/147/121 142/143/119
f 148/148/122 144/144/120 143/145/120 147/149/122
f 145/146/121 149/150/123 150/151/123 146/147/121
f 152/152/124 148/148/122 147/149/122 151/153/124
f 149/150/123 153/154/125 154/155/125 150/151/123
f 156/156/126 152/152/124 151/153/124 155/157/126
f 153/154/125 157/158/127 158/159/127 154/155/125
f 160/160/128 156/156/126 155/157/126 159/161/128
f 157/162/127 161/163/129 162/164/129 158/165/127
f 164/166/130 160/167/128 159/168/128 163/169/130
f 161/163/129 118/118/107 117/121/107 162/164/129
f 119/123/110 164/166/130 163/169/130 120/124/110
f 188/170/131 165/171/132 166/172/133 187/173/134
f 186/174/135 188/170/131 187/173/134 185/175/136
f 184/176/137 186/177/135 185/178/136 183/179/138
f 182/180/139 184/176/137 183/179/138 181/181/140
f 180/182/141 182/180/139 181/181/140 179/183/142
f 178/184/143 180/182/141 179/183/142 177/185/144
f 176/186/145 178/184/143 177/185/144 175/187/146
f 174/188/147 176/186/145 175/187/146 173/189/148
f 172/190/149 174/188/147 173/189/148 171/191/150
f 170/192/151 172/190/149 171/191/150 169/193/152
f 168/194/153 170/192/151 169/193/152 167/195/154
f 165/171/132 168/194/153 167/195/154 166/172/133
f 212/196/155 189/197/156 190/198/156 211/199/155
f 210/200/157 212/196/155 211/199/155 209/201/157
f 208/202/158 210/203/157 209/204/157 207/205/158
f 206/206/159 208/202/158 207/205/158 205/207/159
f 204/208/160 206/206/159 205/207/159 203/209/160
f 202/210/161 204/208/160 203/209/160 201/211/161
f 200/212/162 202/210/161 201/211/161 199/213/162
f 198/214/163 200/212/162 199/213/162 197/215/163
f 196/216/164 198/214/163 197/215/163 195/217/164
f 194/218/165 196/216/164 195/217/164 193/219/165
f 192/220/166 194/218/165 193/219/165 191/221/166
f 189/197/156 192/220/166 191/221/166 190/198/156
f 214/222/109 215/223/110 216/224/110 213/225/109
f 218/226/112 214/222/109 213/225/109 217/227/112
f 220/228/167 218/226/112 217/227/112 219/229/167
f 222/230/116 220/228/167 219/229/167 221/231/116
f 224/232/118 222/230/116 221/231/116 223/233/118
f 226/234/120 224/232/118 223/233/118 225/235/120
f 228/236/122 226/234/120 225/235/120 227/237/122
f 230/238/124 228/236/122 227/237/122 229/239/124
f 232/240/168 230/238/124 229/239/124 231/241/168
f 234/242/128 232/240/168 231/241/168 233/243/128
f 236/244/130 234/242/128 233/243/128 235/245/130
f 215/223/110 236/244/130 235/245/130 216/224/110
f 238/246/169 239/247/170 240/248/170 237/249/169
f 244/250/171 238/246/169 237/249/169 243/251/171
f 246/252/172 244/250/171 243/251/171 245/253/172
f 248/254/173 246/252/172 245/253/172 247/255/173
f 250/256/174 248/254/173 247/255/173 249/257/174
f 252/258/175 250/256/174 249/257/174 251/259/175
f 254/260/176 252/258/175 251/259/175 253/261/176
f 256/262/177 254/260/176 253/261/176 255/263/177
f 258/264/178 256/262/177 255/263/177 257/265/178
f 260/266/179 258/264/178 257/265/178 259/267/179
f 262/268/180 260/269/179 259/270/179 261/271/180
f 239/247/170 262/268/180 261/271/180 240/248/170
f 284/272/181 241/273/182 242/274/182 283/275/181
f 282/276/183 284/272/181 283/275/181 281/277/183
f 280/278/184 282/279/183 281/280/183 279/281/184
f 278/282/185 280/278/184 279/281/184 277/283/185
f 276/284/186 278/282/185 277/283/185 275/285/186
f 274/286/187 276/284/186 275/285/186 273/287/187
f 272/288/188 274/286/187 273/287/187 271/289/188
f 270/290/189 272/288/188 271/289/188 269/291/189
f 268/292/190 270/290/189 269/291/189 267/293/190
f 266/294/191 268/292/190 267/293/190 265/295/191
f 264/296/192 266/294/191 265/295/191 263/297/192
f 241/273/182 264/296/192 263/297/192 242/274/182
f 330/298/193 287/299/194 288/300/195 329/301/196
f 332/302/197 285/303/198 286/304/199 331/305/200
f 287/299/194 291/306/201 292/307/202 288/300/195
f 285/303/198 289/308/203 290/309/204 286/304/199
f 291/306/201 295/310/205 296/311/206 292/307/202
f 289/308/203 293/312/207 294/313/208 290/309/204
f 295/310/205 299/314/209 300/315/210 296/311/206
f 293/312/207 297/316/211 298/317/212 294/313/208
f 299/314/209 303/318/213 304/319/214 300/315/210
f 297/316/211 301/320/215 302/321/216 298/317/212
f 303/318/213 307/322/217 308/323/218 304/319/214
f 301/320/215 305/324/219 306/325/220 302/321/216
f 307/322/217 311/326/221 312/327/222 308/323/218
f 305/324/219 309/328/223 310/329/224 306/325/220
f 311/326/221 315/330/225 316/331/226 312/327/222
f 309/328/223 313/332/227 314/333/228 310/329/224
f 315/330/225 319/334/229 320/335/230 316/331/226
f 313/332/227 317/336/231 318/337/232 314/333/228
f 319/334/229 323/338/233 324/339/234 320/335/230
f 317/336/231 321/340/235 322/341/236 318/337/232
f 323/342/233 327/343/237 328/344/238 324/345/234
f 321/346/235 325/347/239 326/348/240 322/349/236
f 327/343/237 330/298/193 329/301/196 328/344/238
f 325/347/239 332/302/197 331/305/200 326/348/240
f 356/350/241 333/351/242 334/352/242 355/353/241
f 333/351/242 335/354/243 336/355/243 334/352/242
f 335/354/243 337/356/244 338/357/244 336/355/243
f 337/356/244 339/358/245 340/359/245 338/357/244
f 339/358/245 341/360/246 342/361/246 340/359/245
f 341/360/246 343/362/247 344/363/247 342/361/246
f 343/362/247 345/364/248 346/365/248 344/363/247
f 345/364/248 347/366/249 348/367/249 346/365/248
f 347/366/249 349/368/250 350/369/250 348/367/249
f 349/368/250 351/370/251 352/371/251 350/369/250
f 351/372/251 353/373/252 354/374/252 352/375/251
f 353/373/252 356/350/241 355/353/241 354/374/252
f 358/376/107 359/377/108 360/378/108 357/379/107
f 359/377/108 361/380/111 362/381/111 360/378/108
f 361/380/111 363/382/113 364/383/113 362/381/111
f 363/382/113 365/384/115 366/385/115 364/383/113
f 365/384/115 367/386/117 368/387/117 366/385/115
f 367/386/117 369/388/119 370/389/119 368/387/117
f 369/388/119 371/390/121 372/391/121 370/389/119
f 371/390/121 373/392/123 374/393/123 372/391/121
f 373/392/123 375/394/125 376/395/125 374/393/123
f 375/394/125 377/396/127 378/397/127 376/395/125
f 377/398/127 379/399/129 380/400/129 378/401/127
f 379/399/129 358/376/107 357/379/107 380/400/129
f 382/402/253 383/403/254 384/404/254 381/405/253
f 383/403/254 387/406/255 388/407/255 384/404/254
f 387/406/255 391/408/256 392/409/256 388/407/255
f 391/408/256 395/410/257 396/411/257 392/409/256
f 395/410/257 399/412/258 400/413/258 396/411/257
f 399/412/258 403/414/259 404/415/259 400/413/258
f 403/414/259 407/416/260 408/417/260 404/415/259
f 407/416/260 411/418/261 412/419/261 408/417/260
f 411/418/261 415/420/262 416/421/262 412/419/261
f 415/420/262 419/422/263 420/423/263 416/421/262
f 419/424/263 423/425/264 424/426/264 420/427/263
f 423/425/264 382/402/253 381/405/253 424/426/264
f 428/428/265 385/429/266 386/430/266 427/431/265
f 385/429/266 389/432/267 390/433/267 386/430/266
f 389/432/267 393/434/268 394/435/268 390/433/267
f 393/434/268 397/436/269 398/437/269 394/435/268
f 397/436/269 401/438/270 402/439/270 398/437/269
f 401/438/270 405/440/271 406/441/271 402/439/270
f 405/440/271 409/442/272 410/443/272 406/441/271
f 409/442/272 413/444/273 414/445/273 410/443/272
f 413/444/273 417/446/274 418/447/274 414/445/273
f 417/446/274 421/448/275 422/449/275 418/447/274
f 421/450/275 425/451/276 426/452/276 422/453/275
f 425/451/276 428/428/265 427/431/265 426/452/276
f 432/454/277 451/455/278 452/456/278 431/457/277
f 451/455/278 449/458/279 450/459/279 452/456/278
f 446/460/280 447/461/281 448/462/281 445/463/280
f 449/464/279 441/465/282 442/466/282 450/467/279
f 447/461/281 439/468/283 440/469/283 448/462/281
f 444/470/284 446/460/280 445/463/280 443/471/284
f 441/465/282 444/470/284 443/471/284 442/466/282
f 439/468/283 437/472/285 438/473/285 440/469/283
f 437/472/285 435/474/286 436/475/286 438/473/285
f 435/474/286 433/476/287 434/477/287 436/475/286
f 433/476/287 429/478/288 430/479/288 434/477/287
f 429/478/288 432/454/277 431/457/277 430/479/288
f 472/480/124 469/481/126 470/482/126 471/483/124
f 469/481/126 467/484/128 468/485/128 470/482/126
f 476/486/109 465/487/112 466/488/112 475/489/109
f 467/490/128 463/491/130 464/492/130 468/493/128
f 465/487/112 461/494/114 462/495/114 466/488/112
f 474/496/110 476/486/109 475/489/109 473/497/110
f 463/491/130 474/496/110 473/497/110 464/492/130
f 461/494/114 459/498/116 460/499/116 462/495/114
f 459/498/116 457/500/118 458/501/118 460/499/116
f 457/500/118 455/502/120 456/503/120 458/501/118
f 455/502/120 453/504/122 454/505/122 456/503/120
f 453/504/122 472/480/124 471/483/124 454/505/122
f 480/506/277 489/507/278 490/508/278 479/509/277
f 489/507/278 491/510/279 492/511/279 490/508/278
f 488/512/280 493/513/281 494/514/281 487/515/280
f 491/516/279 495/517/282 496/518/282 492/519/279
f 493/513/281 497/520/283 498/521/283 494/514/281
f 484/522/284 488/512/280 487/515/280 483/523/284
f 495/517/282 484/522/284 483/523/284 496/518/282
f 497/520/283 499/524/285 500/525/285 498/521/283
f 499/524/285 501/526/286 502/527/286 500/525/285
f 501/526/286 503/528/287 504/529/287 502/527/286
f 503/528/287 505/530/288 506/531/288 504/529/287
f 505/530/288 480/506/277 479/509/277 506/531/288
f 478/532/124 523/533/126 524/534/126 477/535/124
f 523/533/126 521/536/128 522/537/128 524/534/126
f 486/538/109 519/539/112 520/540/112 485/541/109
f 521/542/128 517/543/130 518/544/130 522/545/128
f 519/539/112 515/546/114 516/547/114 520/540/112
f 482/548/110 486/538/109 485/541/109 481/549/110
f 517/543/130 482/548/110 481/549/110 518/544/130
f 515/546/114 513/550/116 514/551/116 516/547/114
f 513/550/116 511/552/118 512/553/118 514/551/116
f 511/552/118 509/554/120 510/555/120 512/553/118
f 509/554/120 507/556/122 508/557/122 510/555/120
f 507/556/122 478/532/124 477/535/124 508/557/122
f 121/119/289 118/118/289 381/405/289 384/404/289
f 117/121/290 122/120/291 359/377/291 358/376/290
f 118/118/289 161/163/289 424/426/289 381/405/289
f 162/164/292 117/121/290 358/376/290 379/399/292
f 123/558/293 120/559/294 443/471/294 445/463/293
f 164/166/295 119/123/295 240/248/295 261/271/295
f 119/123/295 124/122/295 237/249/295 240/248/295
f 120/559/296 163/560/297 442/466/297 443/471/296
f 122/120/291 126/127/298 361/380/298 359/377/291
f 125/126/289 121/119/289 384/404/289 388/407/289
f 124/122/295 128/128/295 243/251/295 237/249/295
f 127/561/299 123/558/293 445/463/293 448/462/299
f 126/127/298 130/131/300 363/382/300 361/380/298
f 129/130/289 125/126/289 388/407/289 392/409/289
f 128/128/295 132/132/295 245/253/295 243/251/295
f 131/562/301 127/561/299 448/462/299 440/469/301
f 130/131/300 134/135/302 365/384/302 363/382/300
f 133/134/289 129/130/289 392/409/289 396/411/289
f 132/132/295 136/136/295 247/255/295 245/253/295
f 135/563/303 131/562/304 440/469/304 438/473/303
f 134/135/302 138/139/305 367/386/305 365/384/302
f 137/138/289 133/134/289 396/411/289 400/413/289
f 136/136/295 140/140/295 249/257/295 247/255/295
f 139/564/306 135/563/303 438/473/303 436/475/306
f 138/139/305 142/143/307 369/388/307 367/386/305
f 141/142/289 137/138/289 400/413/289 404/415/289
f 140/140/295 144/144/295 251/259/295 249/257/295
f 143/565/308 139/564/306 436/475/306 434/477/308
f 142/143/307 146/147/309 371/390/309 369/388/307
f 145/146/289 141/142/289 404/415/289 408/417/289
f 144/144/295 148/148/295 253/261/295 251/259/295
f 147/566/310 143/565/311 434/477/311 430/479/310
f 149/150/289 145/146/289 408/417/289 412/419/289
f 146/147/309 150/151/312 373/392/312 371/390/309
f 148/148/295 152/152/295 255/263/295 253/261/295
f 151/567/313 147/566/310 430/479/310 431/457/313
f 150/151/312 154/155/314 375/394/314 373/392/312
f 153/154/289 149/150/289 412/419/289 416/421/289
f 152/152/295 156/156/295 257/265/295 255/263/295
f 155/568/315 151/567/313 431/457/313 452/456/315
f 157/158/289 153/154/289 416/421/289 420/423/289
f 154/155/314 158/159/316 377/396/316 375/394/314
f 156/156/295 160/160/295 259/267/295 257/265/295
f 159/569/317 155/568/318 452/456/318 450/459/317
f 161/163/289 157/162/289 420/427/289 424/426/289
f 158/165/316 162/164/292 379/399/292 377/398/316
f 160/167/295 164/166/295 261/271/295 259/270/295
f 163/560/297 159/570/317 450/467/317 442/466/297
f 356/350/319 166/172/133 167/195/154 333/351/320
f 165/571/132 329/301/196 288/300/195 168/572/153
f 353/373/321 187/173/134 166/172/133 356/350/319
f 188/573/131 328/344/238 329/301/196 165/571/132
f 168/572/153 288/300/195 292/307/202 170/574/151
f 333/351/320 167/195/154 169/193/152 335/354/322
f 170/574/151 292/307/202 296/311/206 172/575/149
f 335/354/322 169/193/152 171/191/150 337/356/323
f 172/575/149 296/311/206 300/315/210 174/576/147
f 337/356/323 171/191/150 173/189/148 339/358/324
f 174/576/147 300/315/210 304/319/214 176/577/145
f 339/358/324 173/189/148 175/187/146 341/360/325
f 176/577/145 304/319/214 308/323/218 178/578/143
f 341/360/325 175/187/146 177/185/144 343/362/326
f 178/578/143 308/323/218 312/327/222 180/579/141
f 343/362/326 177/185/144 179/183/142 345/364/327
f 180/579/141 312/327/222 316/331/226 182/580/139
f 345/364/327 179/183/142 181/181/140 347/366/328
f 182/580/139 316/331/226 320/335/230 184/581/137
f 347/366/328 181/181/140 183/179/138 349/368/329
f 184/581/137 320/335/230 324/339/234 186/582/135
f 349/368/329 183/179/138 185/178/136 351/370/330
f 186/583/135 324/345/234 328/344/238 188/573/131
f 351/372/330 185/175/136 187/173/134 353/373/321
f 332/302/197 190/198/331 191/221/332 285/303/198
f 192/584/333 189/585/334 242/274/334 263/297/333
f 325/347/239 211/199/335 190/198/331 332/302/197
f 189/585/334 212/586/336 283/275/336 242/274/334
f 194/587/337 192/584/333 263/297/333 265/295/337
f 285/303/198 191/221/332 193/219/338 289/308/203
f 196/588/339 194/587/337 265/295/337 267/293/339
f 289/308/203 193/219/338 195/217/340 293/312/207
f 293/312/207 195/217/340 197/215/341 297/316/211
f 198/589/342 196/588/339 267/293/339 269/291/342
f 200/590/343 198/589/342 269/291/342 271/289/343
f 297/316/211 197/215/341 199/213/344 301/320/215
f 202/591/345 200/590/343 271/289/343 273/287/345
f 301/320/215 199/213/344 201/211/346 305/324/219
f 204/592/347 202/591/345 273/287/345 275/285/347
f 305/324/219 201/211/346 203/209/348 309/328/223
f 206/593/349 204/592/347 275/285/347 277/283/349
f 309/328/223 203/209/348 205/207/350 313/332/227
f 208/594/351 206/593/349 277/283/349 279/281/351
f 313/332/227 205/207/350 207/205/352 317/336/231
f 210/595/353 208/594/351 279/281/351 281/280/353
f 317/336/231 207/205/352 209/204/354 321/340/235
f 212/586/336 210/596/353 281/277/353 283/275/336
f 321/346/235 209/201/354 211/199/335 325/347/239
f 476/486/293 474/496/294 215/597/294 214/598/293
f 213/225/295 216/224/295 235/245/295 233/243/295 231/241/295 229/239/295 227/237/295 225/235/295 223/233/295 221/231/295 219/229/295 217/227/295
f 465/487/299 476/486/293 214/598/293 218/599/299
f 474/496/296 463/491/297 236/600/297 215/597/296
f 461/494/301 465/487/299 218/599/299 220/601/301
f 459/498/303 461/494/304 220/601/304 222/602/303
f 457/500/306 459/498/303 222/602/303 224/603/306
f 455/502/308 457/500/306 224/603/306 226/604/308
f 453/504/310 455/502/311 226/604/311 228/605/310
f 472/480/313 453/504/310 228/605/310 230/606/313
f 469/481/315 472/480/313 230/606/313 232/607/315
f 467/484/317 469/481/318 232/607/318 234/608/317
f 463/491/297 467/490/317 234/609/317 236/600/297
f 264/296/355 238/246/355 244/250/356 266/294/356
f 241/273/357 239/247/357 238/246/355 264/296/355
f 284/272/358 262/268/358 239/247/357 241/273/357
f 266/294/356 244/250/356 246/252/359 268/292/359
f 268/292/359 246/252/359 248/254/360 270/290/360
f 270/290/360 248/254/360 250/256/361 272/288/361
f 272/288/361 250/256/361 252/258/362 274/286/362
f 274/286/362 252/258/362 254/260/363 276/284/363
f 276/284/363 254/260/363 256/262/364 278/282/364
f 278/282/364 256/262/364 258/264/365 280/278/365
f 280/278/365 258/264/365 260/266/366 282/279/366
f 282/276/366 260/269/366 262/268/358 284/272/358
f 105/610/367 286/304/199 290/309/204 106/611/368
f 116/612/369 331/305/200 286/304/199 105/610/367
f 287/299/194 105/610/367 106/611/368 291/306/201
f 330/298/193 116/612/369 105/610/367 287/299/194
f 106/611/368 290/309/204 294/313/208 107/613/370
f 291/306/201 106/611/368 107/613/370 295/310/205
f 107/613/370 294/313/208 298/317/212 108/614/371
f 295/310/205 107/613/370 108/614/371 299/314/209
f 108/614/371 298/317/212 302/321/216 109/615/372
f 299/314/209 108/614/371 109/615/372 303/318/213
f 109/615/372 302/321/216 306/325/220 110/616/373
f 303/318/213 109/615/372 110/616/373 307/322/217
f 110/616/373 306/325/220 310/329/224 111/617/374
f 307/322/217 110/616/373 111/617/374 311/326/221
f 111/617/374 310/329/224 314/333/228 112/618/375
f 311/326/221 111/617/374 112/618/375 315/330/225
f 112/618/375 314/333/228 318/337/232 113/619/376
f 315/330/225 112/618/375 113/619/376 319/334/229
f 113/619/376 318/337/232 322/341/236 114/620/377
f 319/334/229 113/619/376 114/620/377 323/338/233
f 114/621/377 322/349/236 326/348/240 115/622/378
f 323/342/233 114/621/377 115/622/378 327/343/237
f 115/622/378 326/348/240 331/305/200 116/612/369
f 327/343/237 115/622/378 116/612/369 330/298/193
f 355/353/295 334/352/295 385/429/295 428/428/295
f 334/352/295 336/355/295 389/432/295 385/429/295
f 336/355/295 338/357/295 393/434/295 389/432/295
f 338/357/295 340/359/295 397/436/295 393/434/295
f 340/359/295 342/361/295 401/438/295 397/436/295
f 342/361/295 344/363/295 405/440/295 401/438/295
f 344/363/295 346/365/295 409/442/295 405/440/295
f 346/365/295 348/367/295 413/444/295 409/442/295
f 348/367/295 350/369/295 417/446/295 413/444/295
f 350/369/295 352/371/295 421/448/295 417/446/295
f 352/375/295 354/374/295 425/451/295 421/450/295
f 354/374/295 355/353/295 428/428/295 425/451/295
f 357/623/289 360/624/289 362/625/289 364/626/289 366/627/289 368/628/289 370/629/289 372/630/289 374/631/289 376/632/289 378/633/289 380/634/289
f 423/425/379 426/452/379 427/431/380 382/402/380
f 382/402/380 427/431/380 386/430/381 383/403/381
f 383/403/381 386/430/381 390/433/382 387/406/382
f 387/406/382 390/433/382 394/435/383 391/408/383
f 391/408/383 394/435/383 398/437/384 395/410/384
f 395/410/384 398/437/384 402/439/385 399/412/386
f 399/412/386 402/439/385 406/441/387 403/414/387
f 403/414/387 406/441/387 410/443/388 407/416/388
f 407/416/388 410/443/388 414/445/389 411/418/389
f 411/418/389 414/445/389 418/447/390 415/420/390
f 415/420/390 418/447/390 422/449/391 419/422/391
f 419/424/391 422/453/391 426/452/379 423/425/379
f 432/635/289 429/636/289 506/531/289 479/509/289
f 429/636/289 433/637/289 504/529/289 506/531/289
f 451/638/289 432/635/289 479/509/289 490/508/289
f 433/637/289 435/639/289 502/527/289 504/529/289
f 435/639/289 437/640/289 500/525/289 502/527/289
f 437/640/289 439/641/289 498/521/289 500/525/289
f 439/641/289 447/642/289 494/514/289 498/521/289
f 444/643/289 441/644/289 496/518/289 483/523/289
f 441/644/289 449/645/289 492/519/289 496/518/289
f 446/646/289 444/643/289 483/523/289 487/515/289
f 447/642/289 446/646/289 487/515/289 494/514/289
f 449/647/289 451/638/289 490/508/289 492/511/289
f 454/648/295 471/649/295 478/532/295 507/556/295
f 456/650/295 454/648/295 507/556/295 509/554/295
f 458/651/295 456/650/295 509/554/295 511/552/295
f 460/652/295 458/651/295 511/552/295 513/550/295
f 462/653/295 460/652/295 513/550/295 515/546/295
f 466/654/295 462/653/295 515/546/295 519/539/295
f 464/655/295 473/656/295 482/548/295 517/543/295
f 468/657/295 464/655/295 517/543/295 521/542/295
f 475/658/295 466/654/295 519/539/295 486/538/295
f 470/659/295 468/660/295 521/536/295 523/533/295
f 471/649/295 470/659/295 523/533/295 478/532/295
f 473/656/295 475/658/295 486/538/295 482/548/295
f 480/506/313 505/530/310 508/557/310 477/535/313
f 489/507/315 480/506/313 477/535/313 524/534/315
f 484/522/296 495/517/297 518/544/297 481/549/296
f 488/512/293 484/522/294 481/549/294 485/541/293
f 493/513/299 488/512/293 485/541/293 520/540/299
f 491/510/317 489/507/318 524/534/318 522/537/317
f 495/517/297 491/516/317 522/545/317 518/544/297
f 497/520/301 493/513/299 520/540/299 516/547/301
f 499/524/303 497/520/304 516/547/304 514/551/303
f 501/526/306 499/524/303 514/551/303 512/553/306
f 503/528/308 501/526/306 512/553/306 510/555/308
f 505/530/310 503/528/311 510/555/311 508/557/310
o BézierCurve.001
v 0.625204 6.094350 -1.266409
v 0.564152 5.922636 -1.324705
v 0.396668 5.851509 -1.383880
v 0.220861 5.922636 -1.409271
v 0.139718 6.094350 -1.386004
v 0.200769 6.266065 -1.327708
v 0.368254 6.337192 -1.268533
v 0.544060 6.266065 -1.243142
v 0.664505 6.134286 -1.426221
v 0.608437 5.968587 -1.503757
v 0.443819 5.900921 -1.574000
v 0.267083 5.970926 -1.595802
v 0.181758 6.137594 -1.556393
v 0.237826 6.303293 -1.478857
v 0.402444 6.370959 -1.408614
v 0.579180 6.300954 -1.386811
v 0.706755 6.206216 -1.566673
v 0.660798 6.057695 -1.678214
v 0.501885 5.999722 -1.767642
v 0.323106 6.066255 -1.782573
v 0.229186 6.218321 -1.714260
v 0.275143 6.366841 -1.602720
v 0.434056 6.424815 -1.513291
v 0.612835 6.358282 -1.498360
v 0.750113 6.305284 -1.689069
v 0.713803 6.178924 -1.828089
v 0.560082 6.132876 -1.932305
v 0.378998 6.194114 -1.940670
v 0.276626 6.326765 -1.848283
v 0.312936 6.453125 -1.709263
v 0.466657 6.499173 -1.605046
v 0.647742 6.437935 -1.596682
v 0.790981 6.424767 -1.787714
v 0.763944 6.325849 -1.949256
v 0.614933 6.293739 -2.064913
v 0.431236 6.347246 -2.066932
v 0.320460 6.455027 -1.954133
v 0.347497 6.553945 -1.792590
v 0.496508 6.586055 -1.676934
v 0.680205 6.532548 -1.674915
v 0.825715 6.557689 -1.857069
v 0.807638 6.493808 -2.036524
v 0.662901 6.478412 -2.160725
v 0.476289 6.520518 -2.156916
v 0.357116 6.595463 -2.027329
v 0.375192 6.659343 -1.847874
v 0.519929 6.674740 -1.723673
v 0.706542 6.632633 -1.727482
v 0.850668 6.697094 -1.891713
v 0.840511 6.679219 -2.081947
v 0.699334 6.684501 -2.210992
v 0.509836 6.709846 -2.203256
v 0.383023 6.740406 -2.063270
v 0.393180 6.758281 -1.873036
v 0.534357 6.752999 -1.743991
v 0.723855 6.727654 -1.751727
v 0.862127 6.836144 -1.886083
v 0.856310 6.875786 -2.073183
v 0.716988 6.905659 -2.200889
v 0.525774 6.908263 -2.194391
v 0.394679 6.882073 -2.057498
v 0.400496 6.842432 -1.870398
v 0.539818 6.812559 -1.742693
v 0.731032 6.809955 -1.749189
v 0.856187 6.967711 -1.834245
v 0.847463 7.067021 -1.997564
v 0.706946 7.121413 -2.115497
v 0.516950 7.099025 -2.118961
v 0.388772 7.012972 -2.005926
v 0.397497 6.913662 -1.842607
v 0.538013 6.859270 -1.724674
v 0.728009 6.881658 -1.721210
v 0.828884 7.083777 -1.730415
v 0.809726 7.228655 -1.853926
v 0.665058 7.301178 -1.956021
v 0.479625 7.258863 -1.976892
v 0.362050 7.126499 -1.904315
v 0.381209 6.981621 -1.780803
v 0.525877 6.909098 -1.678709
v 0.711310 6.951412 -1.657838
v 0.776544 7.175994 -1.569722
v 0.743955 7.345765 -1.651742
v 0.594093 7.427916 -1.737791
v 0.414745 7.374322 -1.777461
v 0.310971 7.216379 -1.747516
v 0.343560 7.046608 -1.665496
v 0.493423 6.964458 -1.579447
v 0.672771 7.018051 -1.539777
v 0.695739 7.236621 -1.347760
v 0.650863 7.416299 -1.395860
v 0.496373 7.502180 -1.469135
v 0.322769 7.443955 -1.524662
v 0.231745 7.275733 -1.529914
v 0.276622 7.096055 -1.481814
v 0.431111 7.010174 -1.408538
v 0.604716 7.068399 -1.353012
v 0.583395 7.258377 -1.060852
v 0.532901 7.439869 -1.094354
v 0.376328 7.526423 -1.162214
v 0.205395 7.467336 -1.224681
v 0.120231 7.297220 -1.245163
v 0.170726 7.115727 -1.211661
v 0.327298 7.029173 -1.143800
v 0.498232 7.088261 -1.081333
vn 0.9713 0.0013 0.2378
vn 0.7263 -0.6874 0.0028
vn 0.7283 -0.6827 -0.0598
vn 0.9675 -0.0319 0.2508
vn 0.0576 -0.9698 -0.2368
vn 0.0787 -0.9391 -0.3344
vn -0.6440 -0.6869 -0.3369
vn -0.6138 -0.6681 -0.4205
vn -0.9706 -0.0004 -0.2407
vn -0.9629 -0.0172 -0.2693
vn -0.7246 0.6892 -0.0086
vn -0.7558 0.6536 0.0384
vn -0.0539 0.9733 0.2231
vn -0.0882 0.9412 0.3260
vn 0.6463 0.6899 0.3262
vn 0.6370 0.6497 0.4149
vn 0.7597 -0.6298 -0.1620
vn 0.9581 -0.0448 0.2830
vn 0.1315 -0.8504 -0.5094
vn -0.5691 -0.5928 -0.5699
vn -0.9517 0.0038 -0.3070
vn -0.7830 0.6062 0.1396
vn -0.1401 0.8497 0.5083
vn 0.5901 0.5747 0.5671
vn 0.7917 -0.5572 -0.2505
vn 0.9511 -0.0601 0.3030
vn 0.1839 -0.7323 -0.6556
vn -0.5263 -0.4953 -0.6912
vn -0.9424 0.0259 -0.3335
vn -0.8117 0.5393 0.2243
vn -0.1899 0.7329 0.6532
vn 0.5489 0.4796 0.6846
vn 0.8235 -0.4624 -0.3287
vn 0.9467 -0.0749 0.3132
vn 0.2349 -0.5835 -0.7774
vn -0.4847 -0.3771 -0.7892
vn -0.9348 0.0462 -0.3521
vn -0.8421 0.4500 0.2973
vn -0.2386 0.5867 0.7738
vn 0.5114 0.3642 0.7783
vn 0.8552 -0.3340 -0.3963
vn 0.9453 -0.0863 0.3147
vn 0.2849 -0.3899 -0.8757
vn -0.4437 -0.2289 -0.8665
vn -0.9284 0.0647 -0.3659
vn -0.8740 0.3292 0.3573
vn -0.2864 0.3986 0.8712
vn 0.4777 0.2207 0.8503
vn 0.8839 -0.1559 -0.4409
vn 0.9467 -0.0904 0.3092
vn 0.3296 -0.1326 -0.9348
vn -0.4062 -0.0367 -0.9130
vn -0.9227 0.0828 -0.3764
vn -0.9048 0.1634 0.3931
vn -0.3295 0.1492 0.9323
vn 0.4510 0.0375 0.8917
vn 0.8994 0.0748 -0.4307
vn 0.9494 -0.0828 0.3029
vn 0.3542 0.1894 -0.9158
vn -0.3841 0.2004 -0.9013
vn -0.9186 0.1007 -0.3821
vn -0.9247 -0.0544 0.3769
vn -0.3544 -0.1754 0.9185
vn 0.4405 -0.1897 0.8775
vn 0.8871 0.3190 -0.3336
vn 0.9493 -0.0667 0.3072
vn 0.3385 0.5234 -0.7820
vn -0.3944 0.4431 -0.8050
vn -0.9183 0.1143 -0.3790
vn -0.9143 -0.2918 0.2810
vn -0.3368 -0.5266 0.7805
vn 0.4547 -0.4248 0.7828
vn 0.8453 0.5082 -0.1649
vn 0.9442 -0.0549 0.3247
vn 0.2802 0.7815 -0.5574
vn -0.4389 0.6265 -0.6441
vn -0.9215 0.1161 -0.3705
vn -0.8687 -0.4795 0.1240
vn -0.2747 -0.7907 0.5470
vn 0.4902 -0.6030 0.6294
vn 0.7909 0.6117 0.0158
vn 0.9371 -0.0529 0.3451
vn 0.2035 0.9255 -0.3195
vn -0.4976 0.7246 -0.4767
vn -0.9243 0.1087 -0.3658
vn -0.8102 -0.5848 -0.0406
vn -0.1981 -0.9295 0.3111
vn 0.5349 -0.7002 0.4728
vn 0.7409 0.6510 0.1653
vn 0.9308 -0.0566 0.3610
vn 0.1325 0.9835 -0.1233
vn -0.5512 0.7610 -0.3420
vn -0.9247 0.1000 -0.3674
vn -0.7562 -0.6293 -0.1790
vn -0.1282 -0.9847 0.1183
vn 0.5770 -0.7406 0.3445
vn 0.7243 0.6490 0.2327
vn 0.9265 -0.0776 0.3682
vn 0.0991 0.9943 -0.0393
vn -0.5843 0.7588 -0.2878
vn -0.9262 0.0775 -0.3691
vn -0.7229 -0.6493 -0.2361
vn -0.0971 -0.9947 0.0339
vn 0.5854 -0.7590 0.2849
vn -0.2323 -0.2376 0.9432
vn -0.3637 0.0703 0.9288
vt 0.000000 1.000000
vt 0.000000 0.875000
vt 0.175048 0.875000
vt 0.175048 1.000000
vt 0.000000 0.750000
vt 0.175048 0.750000
vt 0.000000 0.625000
vt 0.175048 0.625000
vt 0.000000 0.500000
vt 0.175048 0.500000
vt 0.000000 0.375000
vt 0.175048 0.375000
vt 0.000000 0.250000
vt 0.175048 0.250000
vt 0.000000 0.125000
vt 0.175048 0.125000
vt 0.000000 0.000000
vt 0.175048 0.000000
vt 0.348499 0.875000
vt 0.348499 1.000000
vt 0.348499 0.750000
vt 0.348499 0.625000
vt 0.348499 0.500000
vt 0.348499 0.375000
vt 0.348499 0.250000
vt 0.348499 0.125000
vt 0.348499 0.000000
vt 0.519566 0.875000
vt 0.519566 1.000000
vt 0.519566 0.750000
vt 0.519566 0.625000
vt 0.519566 0.500000
vt 0.519566 0.375000
vt 0.519566 0.250000
vt 0.519566 0.125000
vt 0.519566 0.000000
vt 0.685677 0.875000
vt 0.685677 1.000000
vt 0.685677 0.750000
vt 0.685677 0.625000
vt 0.685677 0.500000
vt 0.685677 0.375000
vt 0.685677 0.250000
vt 0.685677 0.125000
vt 0.685677 0.000000
vt 0.843902 0.875000
vt 0.843902 1.000000
vt 0.843902 0.750000
vt 0.843902 0.625000
vt 0.843902 0.500000
vt 0.843902 0.375000
vt 0.843902 0.250000
vt 0.843902 0.125000
vt 0.843902 0.000000
vt 0.992582 0.875000
vt 0.992582 1.000000
vt 0.992582 0.750000
vt 0.992582 0.625000
vt 0.992582 0.500000
vt 0.992582 0.375000
vt 0.992582 0.250000
vt 0.992582 0.125000
vt 0.992582 0.000000
vt 1.133532 0.875000
vt 1.133532 1.000000
vt 1.133532 0.750000
vt 1.133532 0.625000
vt 1.133532 0.500000
vt 1.133532 0.375000
vt 1.133532 0.250000
vt 1.133532 0.125000
vt 1.133532 0.000000
vt 1.274707 0.875000
vt 1.274707 1.000000
vt 1.274707 0.750000
vt 1.274707 0.625000
vt 1.274707 0.500000
vt 1.274707 0.375000
vt 1.274707 0.250000
vt 1.274707 0.125000
vt 1.274707 0.000000
vt 1.431102 0.875000
vt 1.431102 1.000000
vt 1.431102 0.750000
vt 1.431102 0.625000
vt 1.431102 0.500000
vt 1.431102 0.375000
vt 1.431102 0.250000
vt 1.431102 0.125000
vt 1.431102 0.000000
vt 1.621270 0.875000
vt 1.621270 1.000000
vt 1.621270 0.750000
vt 1.621270 0.625000
vt 1.621270 0.500000
vt 1.621270 0.375000
vt 1.621270 0.250000
vt 1.621270 0.125000
vt 1.621270 0.000000
vt 1.862736 0.875000
vt 1.862736 1.000000
vt 1.862736 0.750000
vt 1.862736 0.625000
vt 1.862736 0.500000
vt 1.862736 0.375000
vt 1.862736 0.250000
vt 1.862736 0.125000
vt 1.862736 0.000000
vt 2.170460 0.875000
vt 2.170460 1.000000
vt 2.170460 0.750000
vt 2.170460 0.625000
vt 2.170460 0.500000
vt 2.170460 0.375000
vt 2.170460 0.250000
vt 2.170460 0.125000
vt 2.170460 0.000000
s 1
usemtl hadicky
f 525/661/392 526/662/393 534/663/394 533/664/395
f 526/662/393 527/665/396 535/666/397 534/663/394
f 527/665/396 528/667/398 536/668/399 535/666/397
f 528/667/398 529/669/400 537/670/401 536/668/399
f 529/669/400 530/671/402 538/672/403 537/670/401
f 530/671/402 531/673/404 539/674/405 538/672/403
f 531/673/404 532/675/406 540/676/407 539/674/405
f 532/675/406 525/677/392 533/678/395 540/676/407
f 533/664/395 534/663/394 542/679/408 541/680/409
f 534/663/394 535/666/397 543/681/410 542/679/408
f 535/666/397 536/668/399 544/682/411 543/681/410
f 536/668/399 537/670/401 545/683/412 544/682/411
f 537/670/401 538/672/403 546/684/413 545/683/412
f 538/672/403 539/674/405 547/685/414 546/684/413
f 539/674/405 540/676/407 548/686/415 547/685/414
f 540/676/407 533/678/395 541/687/409 548/686/415
f 541/680/409 542/679/408 550/688/416 549/689/417
f 542/679/408 543/681/410 551/690/418 550/688/416
f 543/681/410 544/682/411 552/691/419 551/690/418
f 544/682/411 545/683/412 553/692/420 552/691/419
f 545/683/412 546/684/413 554/693/421 553/692/420
f 546/684/413 547/685/414 555/694/422 554/693/421
f 547/685/414 548/686/415 556/695/423 555/694/422
f 548/686/415 541/687/409 549/696/417 556/695/423
f 549/689/417 550/688/416 558/697/424 557/698/425
f 550/688/416 551/690/418 559/699/426 558/697/424
f 551/690/418 552/691/419 560/700/427 559/699/426
f 552/691/419 553/692/420 561/701/428 560/700/427
f 553/692/420 554/693/421 562/702/429 561/701/428
f 554/693/421 555/694/422 563/703/430 562/702/429
f 555/694/422 556/695/423 564/704/431 563/703/430
f 556/695/423 549/696/417 557/705/425 564/704/431
f 557/698/425 558/697/424 566/706/432 565/707/433
f 558/697/424 559/699/426 567/708/434 566/706/432
f 559/699/426 560/700/427 568/709/435 567/708/434
f 560/700/427 561/701/428 569/710/436 568/709/435
f 561/701/428 562/702/429 570/711/437 569/710/436
f 562/702/429 563/703/430 571/712/438 570/711/437
f 563/703/430 564/704/431 572/713/439 571/712/438
f 564/704/431 557/705/425 565/714/433 572/713/439
f 565/707/433 566/706/432 574/715/440 573/716/441
f 566/706/432 567/708/434 575/717/442 574/715/440
f 567/708/434 568/709/435 576/718/443 575/717/442
f 568/709/435 569/710/436 577/719/444 576/718/443
f 569/710/436 570/711/437 578/720/445 577/719/444
f 570/711/437 571/712/438 579/721/446 578/720/445
f 571/712/438 572/713/439 580/722/447 579/721/446
f 572/713/439 565/714/433 573/723/441 580/722/447
f 573/716/441 574/715/440 582/724/448 581/725/449
f 574/715/440 575/717/442 583/726/450 582/724/448
f 575/717/442 576/718/443 584/727/451 583/726/450
f 576/718/443 577/719/444 585/728/452 584/727/451
f 577/719/444 578/720/445 586/729/453 585/728/452
f 578/720/445 579/721/446 587/730/454 586/729/453
f 579/721/446 580/722/447 588/731/455 587/730/454
f 580/722/447 573/723/441 581/732/449 588/731/455
f 581/725/449 582/724/448 590/733/456 589/734/457
f 582/724/448 583/726/450 591/735/458 590/733/456
f 583/726/450 584/727/451 592/736/459 591/735/458
f 584/727/451 585/728/452 593/737/460 592/736/459
f 585/728/452 586/729/453 594/738/461 593/737/460
f 586/729/453 587/730/454 595/739/462 594/738/461
f 587/730/454 588/731/455 596/740/463 595/739/462
f 588/731/455 581/732/449 589/741/457 596/740/463
f 589/734/457 590/733/456 598/742/464 597/743/465
f 590/733/456 591/735/458 599/744/466 598/742/464
f 591/735/458 592/736/459 600/745/467 599/744/466
f 592/736/459 593/737/460 601/746/468 600/745/467
f 593/737/460 594/738/461 602/747/469 601/746/468
f 594/738/461 595/739/462 603/748/470 602/747/469
f 595/739/462 596/740/463 604/749/471 603/748/470
f 596/740/463 589/741/457 597/750/465 604/749/471
f 597/743/465 598/742/464 606/751/472 605/752/473
f 598/742/464 599/744/466 607/753/474 606/751/472
f 599/744/466 600/745/467 608/754/475 607/753/474
f 600/745/467 601/746/468 609/755/476 608/754/475
f 601/746/468 602/747/469 610/756/477 609/755/476
f 602/747/469 603/748/470 611/757/478 610/756/477
f 603/748/470 604/749/471 612/758/479 611/757/478
f 604/749/471 597/750/465 605/759/473 612/758/479
f 605/752/473 606/751/472 614/760/480 613/761/481
f 606/751/472 607/753/474 615/762/482 614/760/480
f 607/753/474 608/754/475 616/763/483 615/762/482
f 608/754/475 609/755/476 617/764/484 616/763/483
f 609/755/476 610/756/477 618/765/485 617/764/484
f 610/756/477 611/757/478 619/766/486 618/765/485
f 611/757/478 612/758/479 620/767/487 619/766/486
f 612/758/479 605/759/473 613/768/481 620/767/487
f 613/761/481 614/760/480 622/769/488 621/770/489
f 614/760/480 615/762/482 623/771/490 622/769/488
f 615/762/482 616/763/483 624/772/491 623/771/490
f 616/763/483 617/764/484 625/773/492 624/772/491
f 617/764/484 618/765/485 626/774/493 625/773/492
f 618/765/485 619/766/486 627/775/494 626/774/493
f 619/766/486 620/767/487 628/776/495 627/775/494
f 620/767/487 613/768/481 621/777/489 628/776/495
f 532/675/496 531/673/496 530/671/496 529/669/496 528/667/496 527/665/496 526/662/496 525/677/496
f 621/777/497 622/769/497 623/771/497 624/772/497 625/773/497 626/774/497 627/775/497 628/776/497
o BézierCurve.002
v 1.410296 6.094350 -0.075752
v 1.431185 5.922636 -0.157540
v 1.400676 5.851509 -0.332531
v 1.336639 5.922636 -0.498218
v 1.276587 6.094350 -0.557543
v 1.255697 6.266065 -0.475754
v 1.286207 6.337192 -0.300763
v 1.350244 6.266065 -0.135077
v 1.568858 6.134286 -0.119825
v 1.608961 5.968587 -0.206699
v 1.589503 5.900921 -0.384616
v 1.521883 5.970926 -0.549353
v 1.445711 6.137594 -0.604411
v 1.405608 6.303293 -0.517537
v 1.425066 6.370959 -0.339620
v 1.492686 6.300954 -0.174882
v 1.711991 6.206216 -0.151838
v 1.786690 6.057695 -0.246566
v 1.786751 5.999722 -0.428914
v 1.712140 6.066255 -0.592064
v 1.606562 6.218321 -0.640447
v 1.531863 6.366841 -0.545719
v 1.531801 6.424815 -0.363371
v 1.606413 6.358282 -0.200220
v 1.839928 6.305284 -0.174035
v 1.943307 6.178924 -0.273823
v 1.958804 6.132876 -0.458894
v 1.877339 6.194114 -0.620835
v 1.746634 6.326765 -0.664785
v 1.643255 6.453125 -0.564997
v 1.627759 6.499173 -0.379927
v 1.709223 6.437935 -0.217985
v 1.945942 6.424767 -0.186762
v 2.073499 6.325849 -0.289506
v 2.101274 6.293739 -0.476078
v 2.012999 6.347246 -0.637187
v 1.860383 6.455027 -0.678457
v 1.732826 6.553945 -0.575714
v 1.705051 6.586055 -0.389142
v 1.793326 6.532548 -0.228033
v 2.023419 6.557689 -0.190480
v 2.170981 6.493808 -0.294193
v 2.208300 6.478412 -0.481228
v 2.113515 6.520518 -0.642021
v 1.942150 6.595463 -0.682383
v 1.794588 6.659343 -0.578669
v 1.757270 6.674740 -0.391635
v 1.852055 6.632633 -0.230841
v 2.065847 6.697094 -0.185709
v 2.226686 6.679219 -0.287802
v 2.269973 6.684501 -0.474109
v 2.170350 6.709846 -0.635492
v 1.986176 6.740406 -0.677417
v 1.825337 6.758281 -0.575324
v 1.782051 6.752999 -0.389018
v 1.881673 6.727654 -0.227634
v 2.066556 6.836144 -0.172962
v 2.226790 6.875786 -0.269736
v 2.269818 6.905659 -0.453769
v 2.170435 6.908263 -0.617255
v 1.986858 6.882073 -0.664428
v 1.826624 6.842432 -0.567653
v 1.783596 6.812559 -0.383621
v 1.882980 6.809955 -0.220134
v 2.018461 6.967711 -0.152731
v 2.156541 7.067021 -0.240384
v 2.190465 7.121413 -0.420668
v 2.100361 7.099025 -0.587975
v 1.939010 7.012972 -0.644299
v 1.800930 6.913662 -0.556646
v 1.767005 6.859270 -0.376363
v 1.857110 6.881658 -0.209055
v 1.914576 7.083777 -0.125640
v 2.012844 7.228655 -0.202876
v 2.030927 7.301178 -0.379015
v 1.958233 7.258863 -0.550877
v 1.837344 7.126499 -0.617788
v 1.739076 6.981621 -0.540552
v 1.720992 6.909098 -0.364413
v 1.793687 6.951412 -0.192550
v 1.748854 7.175994 -0.092501
v 1.804374 7.345765 -0.161108
v 1.805925 7.427916 -0.333910
v 1.752600 7.374322 -0.509682
v 1.675635 7.216379 -0.585459
v 1.620115 7.046608 -0.516852
v 1.618564 6.964458 -0.344050
v 1.671890 7.018051 -0.168278
v 1.515777 7.236621 -0.054143
v 1.535707 7.416299 -0.116835
v 1.523857 7.502180 -0.287410
v 1.487168 7.443955 -0.465947
v 1.447131 7.275733 -0.547862
v 1.427201 7.096055 -0.485169
v 1.439051 7.010174 -0.314595
v 1.475740 7.068399 -0.136058
v 1.210630 7.258377 -0.011444
v 1.215084 7.439869 -0.071878
v 1.197492 7.526423 -0.241615
v 1.168161 7.467336 -0.421225
v 1.144272 7.297220 -0.505497
v 1.139819 7.115727 -0.445063
v 1.157410 7.029173 -0.275326
v 1.186741 7.088261 -0.095715
vn 0.2688 0.0013 0.9632
vn 0.3535 -0.6874 0.6344
vn 0.4091 -0.6827 0.6055
vn 0.2556 -0.0319 0.9662
vn 0.2346 -0.9698 -0.0659
vn 0.3301 -0.9391 -0.0953
vn -0.0219 -0.6869 -0.7264
vn 0.0656 -0.6681 -0.7411
vn -0.2659 -0.0004 -0.9640
vn -0.2372 -0.0172 -0.9713
vn -0.3476 0.6892 -0.6358
vn -0.4039 0.6536 -0.6400
vn -0.2209 0.9733 0.0623
vn -0.3274 0.9412 0.0829
vn 0.0325 0.6899 0.7232
vn -0.0495 0.6497 0.7586
vn 0.5136 -0.6298 0.5828
vn 0.2229 -0.0448 0.9738
vn 0.5085 -0.8504 -0.1351
vn 0.2178 -0.5928 -0.7754
vn -0.1988 0.0038 -0.9800
vn -0.5055 0.6062 -0.6140
vn -0.5117 0.8497 0.1270
vn -0.2051 0.5747 0.7923
vn 0.6064 -0.5572 0.5673
vn 0.2020 -0.0601 0.9775
vn 0.6616 -0.7323 -0.1611
vn 0.3445 -0.4953 -0.7975
vn -0.1712 0.0259 -0.9849
vn -0.5934 0.5393 -0.5976
vn -0.6625 0.7329 0.1546
vn -0.3276 0.4796 0.8140
vn 0.6901 -0.4624 0.5567
vn 0.1910 -0.0749 0.9787
vn 0.7928 -0.5835 -0.1763
vn 0.4503 -0.3771 -0.8093
vn -0.1513 0.0462 -0.9874
vn -0.6719 0.4500 -0.5883
vn -0.7915 0.5867 0.1713
vn -0.4277 0.3642 0.8273
vn 0.7646 -0.3340 0.5512
vn 0.1890 -0.0863 0.9782
vn 0.9029 -0.3899 -0.1808
vn 0.5378 -0.2289 -0.8114
vn -0.1361 0.0647 -0.9886
vn -0.7398 0.3292 -0.5867
vn -0.8998 0.3986 0.1774
vn -0.5070 0.2207 0.8332
vn 0.8175 -0.1559 0.5544
vn 0.1945 -0.0904 0.9767
vn 0.9763 -0.1326 -0.1709
vn 0.5967 -0.0367 -0.8016
vn -0.1241 0.0828 -0.9888
vn -0.7862 0.1634 -0.5960
vn -0.9741 0.1492 0.1697
vn -0.5562 0.0375 0.8302
vn 0.8163 0.0748 0.5728
vn 0.2013 -0.0828 0.9760
vn 0.9719 0.1894 -0.1401
vn 0.5973 0.2004 -0.7766
vn -0.1172 0.1007 -0.9880
vn -0.7817 -0.0544 -0.6213
vn -0.9743 -0.1754 0.1412
vn -0.5490 -0.1897 0.8140
vn 0.7256 0.3190 0.6097
vn 0.1975 -0.0667 0.9780
vn 0.8475 0.5234 -0.0883
vn 0.5084 0.4431 -0.7384
vn -0.1197 0.1143 -0.9862
vn -0.6930 -0.2918 -0.6592
vn -0.8454 -0.5266 0.0890
vn -0.4594 -0.4248 0.7801
vn 0.5581 0.5082 0.6559
vn 0.1798 -0.0549 0.9822
vn 0.6232 0.7815 -0.0290
vn 0.3463 0.6265 -0.6982
vn -0.1287 0.1161 -0.9849
vn -0.5339 -0.4795 -0.6965
vn -0.6115 -0.7907 0.0286
vn -0.3084 -0.6030 0.7357
vn 0.3739 0.6117 0.6971
vn 0.1585 -0.0529 0.9859
vn 0.3782 0.9255 0.0208
vn 0.1716 0.7246 -0.6674
vn -0.1342 0.1087 -0.9850
vn -0.3617 -0.5848 -0.7261
vn -0.3683 -0.9295 -0.0202
vn -0.1500 -0.7002 0.6980
vn 0.2190 0.6510 0.7268
vn 0.1415 -0.0566 0.9883
vn 0.1724 0.9835 0.0550
vn 0.0279 0.7610 -0.6481
vn -0.1330 0.1000 -0.9861
vn -0.2146 -0.6293 -0.7469
vn -0.1659 -0.9847 -0.0537
vn -0.0174 -0.7406 0.6718
vn 0.1522 0.6490 0.7454
vn 0.1332 -0.0776 0.9880
vn 0.0828 0.9943 0.0672
vn -0.0355 0.7588 -0.6504
vn -0.1322 0.0775 -0.9882
vn -0.1486 -0.6493 -0.7459
vn -0.0772 -0.9947 -0.0680
vn 0.0386 -0.7590 0.6499
vn -0.9360 -0.2376 0.2598
vn -0.9879 0.0703 0.1382
vt 0.000000 1.000000
vt 0.000000 0.875000
vt 0.175048 0.875000
vt 0.175048 1.000000
vt 0.000000 0.750000
vt 0.175048 0.750000
vt 0.000000 0.625000
vt 0.175048 0.625000
vt 0.000000 0.500000
vt 0.175048 0.500000
vt 0.000000 0.375000
vt 0.175048 0.375000
vt 0.000000 0.250000
vt 0.175048 0.250000
vt 0.000000 0.125000
vt 0.175048 0.125000
vt 0.000000 0.000000
vt 0.175048 0.000000
vt 0.348499 0.875000
vt 0.348499 1.000000
vt 0.348499 0.750000
vt 0.348499 0.625000
vt 0.348499 0.500000
vt 0.348499 0.375000
vt 0.348499 0.250000
vt 0.348499 0.125000
vt 0.348499 0.000000
vt 0.519566 0.875000
vt 0.519566 1.000000
vt 0.519566 0.750000
vt 0.519566 0.625000
vt 0.519566 0.500000
vt 0.519566 0.375000
vt 0.519566 0.250000
vt 0.519566 0.125000
vt 0.519566 0.000000
vt 0.685677 0.875000
vt 0.685677 1.000000
vt 0.685677 0.750000
vt 0.685677 0.625000
vt 0.685677 0.500000
vt 0.685677 0.375000
vt 0.685677 0.250000
vt 0.685677 0.125000
vt 0.685677 0.000000
vt 0.843902 0.875000
vt 0.843902 1.000000
vt 0.843902 0.750000
vt 0.843902 0.625000
vt 0.843902 0.500000
vt 0.843902 0.375000
vt 0.843902 0.250000
vt 0.843902 0.125000
vt 0.843902 0.000000
vt 0.992582 0.875000
vt 0.992582 1.000000
vt 0.992582 0.750000
vt 0.992582 0.625000
vt 0.992582 0.500000
vt 0.992582 0.375000
vt 0.992582 0.250000
vt 0.992582 0.125000
vt 0.992582 0.000000
vt 1.133532 0.875000
vt 1.133532 1.000000
vt 1.133532 0.750000
vt 1.133532 0.625000
vt 1.133532 0.500000
vt 1.133532 0.375000
vt 1.133532 0.250000
vt 1.133532 0.125000
vt 1.133532 0.000000
vt 1.274707 0.875000
vt 1.274707 1.000000
vt 1.274707 0.750000
vt 1.274707 0.625000
vt 1.274707 0.500000
vt 1.274707 0.375000
vt 1.274707 0.250000
vt 1.274707 0.125000
vt 1.274707 0.000000
vt 1.431102 0.875000
vt 1.431102 1.000000
vt 1.431102 0.750000
vt 1.431102 0.625000
vt 1.431102 0.500000
vt 1.431102 0.375000
vt 1.431102 0.250000
vt 1.431102 0.125000
vt 1.431102 0.000000
vt 1.621270 0.875000
vt 1.621270 1.000000
vt 1.621270 0.750000
vt 1.621270 0.625000
vt 1.621270 0.500000
vt 1.621270 0.375000
vt 1.621270 0.250000
vt 1.621270 0.125000
vt 1.621270 0.000000
vt 1.862736 0.875000
vt 1.862736 1.000000
vt 1.862736 0.750000
vt 1.862736 0.625000
vt 1.862736 0.500000
vt 1.862736 0.375000
vt 1.862736 0.250000
vt 1.862736 0.125000
vt 1.862736 0.000000
vt 2.170460 0.875000
vt 2.170460 1.000000
vt 2.170460 0.750000
vt 2.170460 0.625000
vt 2.170460 0.500000
vt 2.170460 0.375000
vt 2.170460 0.250000
vt 2.170460 0.125000
vt 2.170460 0.000000
s 1
usemtl hadicky
f 629/778/498 630/779/499 638/780/500 637/781/501
f 630/779/499 631/782/502 639/783/503 638/780/500
f 631/782/502 632/784/504 640/785/505 639/783/503
f 632/784/504 633/786/506 641/787/507 640/785/505
f 633/786/506 634/788/508 642/789/509 641/787/507
f 634/788/508 635/790/510 643/791/511 642/789/509
f 635/790/510 636/792/512 644/793/513 643/791/511
f 636/792/512 629/794/498 637/795/501 644/793/513
f 637/781/501 638/780/500 646/796/514 645/797/515
f 638/780/500 639/783/503 647/798/516 646/796/514
f 639/783/503 640/785/505 648/799/517 647/798/516
f 640/785/505 641/787/507 649/800/518 648/799/517
f 641/787/507 642/789/509 650/801/519 649/800/518
f 642/789/509 643/791/511 651/802/520 650/801/519
f 643/791/511 644/793/513 652/803/521 651/802/520
f 644/793/513 637/795/501 645/804/515 652/803/521
f 645/797/515 646/796/514 654/805/522 653/806/523
f 646/796/514 647/798/516 655/807/524 654/805/522
f 647/798/516 648/799/517 656/808/525 655/807/524
f 648/799/517 649/800/518 657/809/526 656/808/525
f 649/800/518 650/801/519 658/810/527 657/809/526
f 650/801/519 651/802/520 659/811/528 658/810/527
f 651/802/520 652/803/521 660/812/529 659/811/528
f 652/803/521 645/804/515 653/813/523 660/812/529
f 653/806/523 654/805/522 662/814/530 661/815/531
f 654/805/522 655/807/524 663/816/532 662/814/530
f 655/807/524 656/808/525 664/817/533 663/816/532
f 656/808/525 657/809/526 665/818/534 664/817/533
f 657/809/526 658/810/527 666/819/535 665/818/534
f 658/810/527 659/811/528 667/820/536 666/819/535
f 659/811/528 660/812/529 668/821/537 667/820/536
f 660/812/529 653/813/523 661/822/531 668/821/537
f 661/815/531 662/814/530 670/823/538 669/824/539
f 662/814/530 663/816/532 671/825/540 670/823/538
f 663/816/532 664/817/533 672/826/541 671/825/540
f 664/817/533 665/818/534 673/827/542 672/826/541
f 665/818/534 666/819/535 674/828/543 673/827/542
f 666/819/535 667/820/536 675/829/544 674/828/543
f 667/820/536 668/821/537 676/830/545 675/829/544
f 668/821/537 661/822/531 669/831/539 676/830/545
f 669/824/539 670/823/538 678/832/546 677/833/547
f 670/823/538 671/825/540 679/834/548 678/832/546
f 671/825/540 672/826/541 680/835/549 679/834/548
f 672/826/541 673/827/542 681/836/550 680/835/549
f 673/827/542 674/828/543 682/837/551 681/836/550
f 674/828/543 675/829/544 683/838/552 682/837/551
f 675/829/544 676/830/545 684/839/553 683/838/552
f 676/830/545 669/831/539 677/840/547 684/839/553
f 677/833/547 678/832/546 686/841/554 685/842/555
f 678/832/546 679/834/548 687/843/556 686/841/554
f 679/834/548 680/835/549 688/844/557 687/843/556
f 680/835/549 681/836/550 689/845/558 688/844/557
f 681/836/550 682/837/551 690/846/559 689/845/558
f 682/837/551 683/838/552 691/847/560 690/846/559
f 683/838/552 684/839/553 692/848/561 691/847/560
f 684/839/553 677/840/547 685/849/555 692/848/561
f 685/842/555 686/841/554 694/850/562 693/851/563
f 686/841/554 687/843/556 695/852/564 694/850/562
f 687/843/556 688/844/557 696/853/565 695/852/564
f 688/844/557 689/845/558 697/854/566 696/853/565
f 689/845/558 690/846/559 698/855/567 697/854/566
f 690/846/559 691/847/560 699/856/568 698/855/567
f 691/847/560 692/848/561 700/857/569 699/856/568
f 692/848/561 685/849/555 693/858/563 700/857/569
f 693/851/563 694/850/562 702/859/570 701/860/571
f 694/850/562 695/852/564 703/861/572 702/859/570
f 695/852/564 696/853/565 704/862/573 703/861/572
f 696/853/565 697/854/566 705/863/574 704/862/573
f 697/854/566 698/855/567 706/864/575 705/863/574
f 698/855/567 699/856/568 707/865/576 706/864/575
f 699/856/568 700/857/569 708/866/577 707/865/576
f 700/857/569 693/858/563 701/867/571 708/866/577
f 701/860/571 702/859/570 710/868/578 709/869/579
f 702/859/570 703/861/572 711/870/580 710/868/578
f 703/861/572 704/862/573 712/871/581 711/870/580
f 704/862/573 705/863/574 713/872/582 712/871/581
f 705/863/574 706/864/575 714/873/583 713/872/582
f 706/864/575 707/865/576 715/874/584 714/873/583
f 707/865/576 708/866/577 716/875/585 715/874/584
f 708/866/577 701/867/571 709/876/579 716/875/585
f 709/869/579 710/868/578 718/877/586 717/878/587
f 710/868/578 711/870/580 719/879/588 718/877/586
f 711/870/580 712/871/581 720/880/589 719/879/588
f 712/871/581 713/872/582 721/881/590 720/880/589
f 713/872/582 714/873/583 722/882/591 721/881/590
f 714/873/583 715/874/584 723/883/592 722/882/591
f 715/874/584 716/875/585 724/884/593 723/883/592
f 716/875/585 709/876/579 717/885/587 724/884/593
f 717/878/587 718/877/586 726/886/594 725/887/595
f 718/877/586 719/879/588 727/888/596 726/886/594
f 719/879/588 720/880/589 728/889/597 727/888/596
f 720/880/589 721/881/590 729/890/598 728/889/597
f 721/881/590 722/882/591 730/891/599 729/890/598
f 722/882/591 723/883/592 731/892/600 730/891/599
f 723/883/592 724/884/593 732/893/601 731/892/600
f 724/884/593 717/885/587 725/894/595 732/893/601
f 636/792/602 635/790/602 634/788/602 633/786/602 632/784/602 631/782/602 630/779/602 629/794/602
f 725/894/603 726/886/603 727/888/603 728/889/603 729/890/603 730/891/603 731/892/603 732/893/603
o BézierCurve.003
v -1.271063 6.094350 0.615689
v -1.258669 5.922636 0.699188
v -1.162809 5.851509 0.848732
v -1.039635 5.922636 0.976720
v -0.961303 6.094350 1.008179
v -0.973696 6.266065 0.924680
v -1.069557 6.337192 0.775136
v -1.192730 6.266065 0.647148
v -1.400209 6.134286 0.717696
v -1.403562 5.968587 0.813321
v -1.316761 5.900921 0.969841
v -1.190650 5.970926 1.095568
v -1.099106 6.137594 1.116853
v -1.095752 6.303293 1.021228
v -1.182554 6.370959 0.864708
v -1.308664 6.300954 0.738981
v -1.519796 6.206216 0.802613
v -1.552010 6.057695 0.918869
v -1.481491 5.999722 1.087029
v -1.349548 6.066255 1.208587
v -1.233473 6.218321 1.212336
v -1.201260 6.366841 1.096079
v -1.271778 6.424815 0.927919
v -1.403720 6.358282 0.806361
v -1.629171 6.305284 0.872597
v -1.685872 6.178924 1.004619
v -1.628531 6.132876 1.181264
v -1.490737 6.194114 1.299054
v -1.353209 6.326765 1.288990
v -1.296508 6.453125 1.156968
v -1.353849 6.499173 0.980324
v -1.491643 6.437935 0.862533
v -1.721997 6.424767 0.925364
v -1.799846 6.325849 1.069469
v -1.753247 6.293739 1.252251
v -1.609496 6.347246 1.366637
v -1.452801 6.455027 1.345623
v -1.374951 6.553945 1.201517
v -1.421551 6.586055 1.018736
v -1.565302 6.532548 0.904349
v -1.791997 6.557689 0.958778
v -1.887917 6.493808 1.111521
v -1.849938 6.478412 1.298422
v -1.700307 6.520518 1.409998
v -1.526676 6.595463 1.380889
v -1.430756 6.659343 1.228147
v -1.468735 6.674740 1.041245
v -1.618366 6.632633 0.929669
v -1.832965 6.697094 0.970801
v -1.941754 6.679219 1.127188
v -1.909559 6.684501 1.315728
v -1.755239 6.709846 1.425976
v -1.569193 6.740406 1.393350
v -1.460403 6.758281 1.236963
v -1.492598 6.752999 1.048423
v -1.646918 6.727654 0.938175
v -1.838552 6.836144 0.959321
v -1.948843 6.875786 1.110570
v -1.917289 6.905659 1.296913
v -1.762376 6.908263 1.409193
v -1.574849 6.882073 1.381637
v -1.464558 6.842432 1.230388
v -1.496112 6.812559 1.044045
v -1.651025 6.809955 0.931766
v -1.802035 6.967711 0.922052
v -1.895429 7.067021 1.056316
v -1.856932 7.121413 1.235680
v -1.709095 7.099025 1.355073
v -1.538520 7.012972 1.344559
v -1.445127 6.913662 1.210294
v -1.483623 6.859270 1.030931
v -1.631460 6.881658 0.911537
v -1.716732 7.083777 0.856865
v -1.777448 7.228655 0.966115
v -1.725949 7.301178 1.135526
v -1.592403 7.258863 1.265858
v -1.455038 7.126499 1.280765
v -1.394322 6.981621 1.171514
v -1.445821 6.909098 1.002104
v -1.579368 6.951412 0.871772
v -1.576753 7.175994 0.762168
v -1.601391 7.345765 0.846916
v -1.535940 7.427916 1.006851
v -1.418740 7.374322 1.148285
v -1.318445 7.216379 1.188368
v -1.293806 7.046608 1.103619
v -1.359257 6.964458 0.943684
v -1.476458 7.018051 0.802250
v -1.376686 7.236621 0.636589
v -1.370799 7.416299 0.702109
v -1.293853 7.502180 0.854803
v -1.190922 7.443955 1.005225
v -1.122302 7.275733 1.065260
v -1.128189 7.096055 0.999740
v -1.205135 7.010174 0.847046
v -1.308066 7.068399 0.696624
v -1.111848 7.258377 0.479114
v -1.092564 7.439869 0.536561
v -1.010649 7.526423 0.686261
v -0.914087 7.467336 0.840521
v -0.859444 7.297220 0.908979
v -0.878728 7.115727 0.851531
v -0.960643 7.029173 0.701832
v -1.057205 7.088261 0.547572
vn -0.6206 0.0013 -0.7841
vn -0.5715 -0.6874 -0.4481
vn -0.6115 -0.6827 -0.4000
vn -0.6097 -0.0319 -0.7920
vn -0.1908 -0.9698 0.1516
vn -0.2674 -0.9391 0.2157
vn 0.3014 -0.6869 0.6613
vn 0.2263 -0.6681 0.7088
vn 0.6183 -0.0004 0.7860
vn 0.5947 -0.0172 0.8038
vn 0.5666 0.6892 0.4517
vn 0.6202 0.6536 0.4338
vn 0.1796 0.9733 -0.1430
vn 0.2698 0.9412 -0.2032
vn -0.3098 0.6899 -0.6543
vn -0.2480 0.6497 -0.7186
vn -0.6991 -0.6298 -0.3386
vn -0.5824 -0.0448 -0.8117
vn -0.4166 -0.8504 0.3213
vn 0.0993 -0.5928 0.7992
vn 0.5626 0.0038 0.8267
vn 0.7037 0.6062 0.3705
vn 0.4227 0.8497 -0.3152
vn -0.1175 0.5747 -0.8099
vn -0.7787 -0.5572 -0.2884
vn -0.5646 -0.0601 -0.8232
vn -0.5477 -0.7323 0.4046
vn -0.0090 -0.4953 0.8687
vn 0.5390 0.0259 0.8419
vn 0.7784 0.5393 0.3214
vn 0.5510 0.7329 -0.3990
vn -0.0130 0.4796 -0.8774
vn -0.8518 -0.4624 -0.2462
vn -0.5549 -0.0749 -0.8285
vn -0.6628 -0.5835 0.4694
vn -0.1020 -0.3771 0.9205
vn 0.5217 0.0462 0.8519
vn 0.8472 0.4500 0.2824
vn 0.6635 0.5867 -0.4642
vn 0.0742 0.3642 -0.9284
vn -0.9184 -0.3340 -0.2123
vn -0.5529 -0.0863 -0.8288
vn -0.7626 -0.3899 0.5162
vn -0.1818 -0.2289 0.9563
vn 0.5081 0.0647 0.8588
vn 0.9093 0.3292 0.2547
vn 0.7610 0.3986 -0.5118
vn 0.1450 0.2207 -0.9645
vn -0.9684 -0.1559 -0.1948
vn -0.5574 -0.0904 -0.8253
vn -0.8341 -0.1326 0.5354
vn -0.2400 -0.0367 0.9701
vn 0.4972 0.0828 0.8637
vn 0.9556 0.1634 0.2453
vn 0.8325 0.1492 -0.5335
vn 0.1916 0.0375 -0.9808
vn -0.9743 0.0748 -0.2123
vn -0.5634 -0.0828 -0.8220
vn -0.8419 0.1894 0.5053
vn -0.2502 0.2004 0.9472
vn 0.4905 0.1007 0.8656
vn 0.9612 -0.0544 0.2703
vn 0.8437 -0.1754 -0.5073
vn 0.1911 -0.1897 -0.9631
vn -0.9050 0.3190 -0.2814
vn -0.5607 -0.0667 -0.8253
vn -0.7473 0.5234 0.4094
vn -0.1830 0.4431 0.8776
vn 0.4921 0.1143 0.8630
vn 0.8942 -0.2918 0.3396
vn 0.7451 -0.5266 -0.4093
vn 0.1217 -0.4248 -0.8971
vn -0.7684 0.5082 -0.3888
vn -0.5459 -0.0549 -0.8361
vn -0.5634 0.7815 0.2679
vn -0.0491 0.6265 0.7778
vn 0.4999 0.1161 0.8583
vn 0.7618 -0.4795 0.4356
vn 0.5527 -0.7907 -0.2631
vn -0.0004 -0.6030 -0.7978
vn -0.6146 0.6117 -0.4981
vn -0.5277 -0.0529 -0.8478
vn -0.3568 0.9255 0.1272
vn 0.1001 0.7246 0.6818
vn 0.5050 0.1087 0.8563
vn 0.6145 -0.5848 0.5295
vn 0.3474 -0.9295 -0.1239
vn -0.1319 -0.7002 -0.7016
vn -0.4833 0.6510 -0.5854
vn -0.5130 -0.0566 -0.8565
vn -0.1802 0.9835 0.0160
vn 0.2251 0.7610 0.6084
vn 0.5043 0.1000 0.8577
vn 0.4870 -0.6293 0.6056
vn 0.1738 -0.9847 -0.0147
vn -0.2439 -0.7406 -0.6262
vn -0.4288 0.6490 -0.6284
vn -0.5052 -0.0776 -0.8595
vn -0.1024 0.9943 -0.0299
vn 0.2845 0.7588 0.5860
vn 0.5044 0.0775 0.8600
vn 0.4257 -0.6493 0.6302
vn 0.0974 -0.9947 0.0328
vn -0.2871 -0.7590 -0.5843
vn 0.7625 -0.2376 -0.6018
vn 0.8574 0.0703 -0.5098
vt 0.000000 1.000000
vt 0.000000 0.875000
vt 0.175048 0.875000
vt 0.175048 1.000000
vt 0.000000 0.750000
vt 0.175048 0.750000
vt 0.000000 0.625000
vt 0.175048 0.625000
vt 0.000000 0.500000
vt 0.175048 0.500000
vt 0.000000 0.375000
vt 0.175048 0.375000
vt 0.000000 0.250000
vt 0.175048 0.250000
vt 0.000000 0.125000
vt 0.175048 0.125000
vt 0.000000 0.000000
vt 0.175048 0.000000
vt 0.348499 0.875000
vt 0.348499 1.000000
vt 0.348499 0.750000
vt 0.348499 0.625000
vt 0.348499 0.500000
vt 0.348499 0.375000
vt 0.348499 0.250000
vt 0.348499 0.125000
vt 0.348499 0.000000
vt 0.519566 0.875000
vt 0.519566 1.000000
vt 0.519566 0.750000
vt 0.519566 0.625000
vt 0.519566 0.500000
vt 0.519566 0.375000
vt 0.519566 0.250000
vt 0.519566 0.125000
vt 0.519566 0.000000
vt 0.685677 0.875000
vt 0.685677 1.000000
vt 0.685677 0.750000
vt 0.685677 0.625000
vt 0.685677 0.500000
vt 0.685677 0.375000
vt 0.685677 0.250000
vt 0.685677 0.125000
vt 0.685677 0.000000
vt 0.843902 0.875000
vt 0.843902 1.000000
vt 0.843902 0.750000
vt 0.843902 0.625000
vt 0.843902 0.500000
vt 0.843902 0.375000
vt 0.843902 0.250000
vt 0.843902 0.125000
vt 0.843902 0.000000
vt 0.992582 0.875000
vt 0.992582 1.000000
vt 0.992582 0.750000
vt 0.992582 0.625000
vt 0.992582 0.500000
vt 0.992582 0.375000
vt 0.992582 0.250000
vt 0.992582 0.125000
vt 0.992582 0.000000
vt 1.133532 0.875000
vt 1.133532 1.000000
vt 1.133532 0.750000
vt 1.133532 0.625000
vt 1.133532 0.500000
vt 1.133532 0.375000
vt 1.133532 0.250000
vt 1.133532 0.125000
vt 1.133532 0.000000
vt 1.274707 0.875000
vt 1.274707 1.000000
vt 1.274707 0.750000
vt 1.274707 0.625000
vt 1.274707 0.500000
vt 1.274707 0.375000
vt 1.274707 0.250000
vt 1.274707 0.125000
vt 1.274707 0.000000
vt 1.431102 0.875000
vt 1.431102 1.000000
vt 1.431102 0.750000
vt 1.431102 0.625000
vt 1.431102 0.500000
vt 1.431102 0.375000
vt 1.431102 0.250000
vt 1.431102 0.125000
vt 1.431102 0.000000
vt 1.621270 0.875000
vt 1.621270 1.000000
vt 1.621270 0.750000
vt 1.621270 0.625000
vt 1.621270 0.500000
vt 1.621270 0.375000
vt 1.621270 0.250000
vt 1.621270 0.125000
vt 1.621270 0.000000
vt 1.862736 0.875000
vt 1.862736 1.000000
vt 1.862736 0.750000
vt 1.862736 0.625000
vt 1.862736 0.500000
vt 1.862736 0.375000
vt 1.862736 0.250000
vt 1.862736 0.125000
vt 1.862736 0.000000
vt 2.170460 0.875000
vt 2.170460 1.000000
vt 2.170460 0.750000
vt 2.170460 0.625000
vt 2.170460 0.500000
vt 2.170460 0.375000
vt 2.170460 0.250000
vt 2.170460 0.125000
vt 2.170460 0.000000
s 1
usemtl hadicky
f 733/895/604 734/896/605 742/897/606 741/898/607
f 734/896/605 735/899/608 743/900/609 742/897/606
f 735/899/608 736/901/610 744/902/611 743/900/609
f 736/901/610 737/903/612 745/904/613 744/902/611
f 737/903/612 738/905/614 746/906/615 745/904/613
f 738/905/614 739/907/616 747/908/617 746/906/615
f 739/907/616 740/909/618 748/910/619 747/908/617
f 740/909/618 733/911/604 741/912/607 748/910/619
f 741/898/607 742/897/606 750/913/620 749/914/621
f 742/897/606 743/900/609 751/915/622 750/913/620
f 743/900/609 744/902/611 752/916/623 751/915/622
f 744/902/611 745/904/613 753/917/624 752/916/623
f 745/904/613 746/906/615 754/918/625 753/917/624
f 746/906/615 747/908/617 755/919/626 754/918/625
f 747/908/617 748/910/619 756/920/627 755/919/626
f 748/910/619 741/912/607 749/921/621 756/920/627
f 749/914/621 750/913/620 758/922/628 757/923/629
f 750/913/620 751/915/622 759/924/630 758/922/628
f 751/915/622 752/916/623 760/925/631 759/924/630
f 752/916/623 753/917/624 761/926/632 760/925/631
f 753/917/624 754/918/625 762/927/633 761/926/632
f 754/918/625 755/919/626 763/928/634 762/927/633
f 755/919/626 756/920/627 764/929/635 763/928/634
f 756/920/627 749/921/621 757/930/629 764/929/635
f 757/923/629 758/922/628 766/931/636 765/932/637
f 758/922/628 759/924/630 767/933/638 766/931/636
f 759/924/630 760/925/631 768/934/639 767/933/638
f 760/925/631 761/926/632 769/935/640 768/934/639
f 761/926/632 762/927/633 770/936/641 769/935/640
f 762/927/633 763/928/634 771/937/642 770/936/641
f 763/928/634 764/929/635 772/938/643 771/937/642
f 764/929/635 757/930/629 765/939/637 772/938/643
f 765/932/637 766/931/636 774/940/644 773/941/645
f 766/931/636 767/933/638 775/942/646 774/940/644
f 767/933/638 768/934/639 776/943/647 775/942/646
f 768/934/639 769/935/640 777/944/648 776/943/647
f 769/935/640 770/936/641 778/945/649 777/944/648
f 770/936/641 771/937/642 779/946/650 778/945/649
f 771/937/642 772/938/643 780/947/651 779/946/650
f 772/938/643 765/939/637 773/948/645 780/947/651
f 773/941/645 774/940/644 782/949/652 781/950/653
f 774/940/644 775/942/646 783/951/654 782/949/652
f 775/942/646 776/943/647 784/952/655 783/951/654
f 776/943/647 777/944/648 785/953/656 784/952/655
f 777/944/648 778/945/649 786/954/657 785/953/656
f 778/945/649 779/946/650 787/955/658 786/954/657
f 779/946/650 780/947/651 788/956/659 787/955/658
f 780/947/651 773/948/645 781/957/653 788/956/659
f 781/950/653 782/949/652 790/958/660 789/959/661
f 782/949/652 783/951/654 791/960/662 790/958/660
f 783/951/654 784/952/655 792/961/663 791/960/662
f 784/952/655 785/953/656 793/962/664 792/961/663
f 785/953/656 786/954/657 794/963/665 793/962/664
f 786/954/657 787/955/658 795/964/666 794/963/665
f 787/955/658 788/956/659 796/965/667 795/964/666
f 788/956/659 781/957/653 789/966/661 796/965/667
f 789/959/661 790/958/660 798/967/668 797/968/669
f 790/958/660 791/960/662 799/969/670 798/967/668
f 791/960/662 792/961/663 800/970/671 799/969/670
f 792/961/663 793/962/664 801/971/672 800/970/671
f 793/962/664 794/963/665 802/972/673 801/971/672
f 794/963/665 795/964/666 803/973/674 802/972/673
f 795/964/666 796/965/667 804/974/675 803/973/674
f 796/965/667 789/966/661 797/975/669 804/974/675
f 797/968/669 798/967/668 806/976/676 805/977/677
f 798/967/668 799/969/670 807/978/678 806/976/676
f 799/969/670 800/970/671 808/979/679 807/978/678
f 800/970/671 801/971/672 809/980/680 808/979/679
f 801/971/672 802/972/673 810/981/681 809/980/680
f 802/972/673 803/973/674 811/982/682 810/981/681
f 803/973/674 804/974/675 812/983/683 811/982/682
f 804/974/675 797/975/669 805/984/677 812/983/683
f 805/977/677 806/976/676 814/985/684 813/986/685
f 806/976/676 807/978/678 815/987/686 814/985/684
f 807/978/678 808/979/679 816/988/687 815/987/686
f 808/979/679 809/980/680 817/989/688 816/988/687
f 809/980/680 810/981/681 818/990/689 817/989/688
f 810/981/681 811/982/682 819/991/690 818/990/689
f 811/982/682 812/983/683 820/992/691 819/991/690
f 812/983/683 805/984/677 813/993/685 820/992/691
f 813/986/685 814/985/684 822/994/692 821/995/693
f 814/985/684 815/987/686 823/996/694 822/994/692
f 815/987/686 816/988/687 824/997/695 823/996/694
f 816/988/687 817/989/688 825/998/696 824/997/695
f 817/989/688 818/990/689 826/999/697 825/998/696
f 818/990/689 819/991/690 827/1000/698 826/999/697
f 819/991/690 820/992/691 828/1001/699 827/1000/698
f 820/992/691 813/993/685 821/1002/693 828/1001/699
f 821/995/693 822/994/692 830/1003/700 829/1004/701
f 822/994/692 823/996/694 831/1005/702 830/1003/700
f 823/996/694 824/997/695 832/1006/703 831/1005/702
f 824/997/695 825/998/696 833/1007/704 832/1006/703
f 825/998/696 826/999/697 834/1008/705 833/1007/704
f 826/999/697 827/1000/698 835/1009/706 834/1008/705
f 827/1000/698 828/1001/699 836/1010/707 835/1009/706
f 828/1001/699 821/1002/693 829/1011/701 836/1010/707
f 740/909/708 739/907/708 738/905/708 737/903/708 736/901/708 735/899/708 734/896/708 733/911/708
f 829/1011/709 830/1003/709 831/1005/709 832/1006/709 833/1007/709 834/1008/709 835/1009/709 836/1010/709
o BézierCurve.004
v 0.357280 5.597174 3.279522
v 0.463444 5.351256 3.275987
v 0.703385 5.249393 3.214252
v 0.936548 5.351256 3.130480
v 1.026350 5.597174 3.073744
v 0.920186 5.843091 3.077279
v 0.680245 5.944954 3.139015
v 0.447082 5.843091 3.222786
v 0.463865 5.638058 3.626054
v 0.580176 5.398596 3.655864
v 0.824663 5.299626 3.609069
v 1.054109 5.399124 3.513080
v 1.134107 5.638803 3.424127
v 1.017795 5.878265 3.394317
v 0.773308 5.977235 3.441112
v 0.543863 5.877738 3.537101
v 0.541829 5.753116 3.891321
v 0.678197 5.544406 3.989315
v 0.931585 5.459083 3.972777
v 1.153561 5.547127 3.851395
v 1.214095 5.756964 3.696273
v 1.077727 5.965674 3.598279
v 0.824339 6.050997 3.614816
v 0.602363 5.962953 3.736198
v 0.593643 5.927326 4.078336
v 0.747298 5.777318 4.238482
v 1.008212 5.717554 4.249006
v 1.223546 5.783042 4.103742
v 1.267159 5.935421 3.887785
v 1.113504 6.085428 3.727639
v 0.852590 6.145192 3.717116
v 0.637256 6.079704 3.862380
v 0.621007 6.146223 4.187697
v 0.784665 6.074664 4.387332
v 1.049837 6.048291 4.414664
v 1.261189 6.082553 4.253682
v 1.294914 6.157380 3.998687
v 1.131255 6.228938 3.799052
v 0.866083 6.255311 3.771720
v 0.654731 6.221049 3.932703
v 0.625344 6.395117 4.219007
v 0.790713 6.404665 4.429531
v 1.056594 6.411887 4.461373
v 1.267237 6.412553 4.295880
v 1.299250 6.406273 4.029996
v 1.133881 6.396726 3.819472
v 0.868000 6.389503 3.787629
v 0.657357 6.388837 3.953122
v 0.608017 6.658423 4.171532
v 0.768936 6.739409 4.369788
v 1.033030 6.775301 4.396706
v 1.245598 6.745072 4.236519
v 1.282120 6.666431 3.983062
v 1.121202 6.585445 3.784806
v 0.857107 6.549554 3.757888
v 0.644539 6.579783 3.918075
v 0.570517 6.919965 4.044885
v 0.723320 7.058794 4.215579
v 0.984268 7.117120 4.231807
v 1.200499 7.060779 4.084063
v 1.245349 6.922772 3.858893
v 1.092546 6.783944 3.688199
v 0.831599 6.725617 3.671971
v 0.615367 6.781959 3.819715
v 0.514460 7.163439 3.839110
v 0.657198 7.346561 3.972718
v 0.914368 7.421506 3.975033
v 1.135325 7.344371 3.844698
v 1.190635 7.160342 3.658062
v 1.047897 6.977220 3.524455
v 0.790727 6.902275 3.522140
v 0.569770 6.979410 3.652475
v 0.441550 7.372614 3.554579
v 0.573409 7.587279 3.645635
v 0.826619 7.673707 3.632458
v 1.052854 7.581269 3.522768
v 1.119588 7.364115 3.380819
v 0.987729 7.149450 3.289764
v 0.734519 7.063022 3.302941
v 0.508284 7.155460 3.412631
v 0.353541 7.531413 3.191894
v 0.474596 7.765815 3.238374
v 0.723974 7.859244 3.209382
v 0.955591 7.756973 3.121902
v 1.033770 7.518909 3.027179
v 0.912715 7.284508 2.980700
v 0.663337 7.191078 3.009691
v 0.431720 7.293350 3.097171
v 0.252204 7.623975 2.751790
v 0.363246 7.867737 2.754761
v 0.609147 7.964417 2.710662
v 0.845861 7.857381 2.645327
v 0.934724 7.609330 2.597027
v 0.823682 7.365569 2.594056
v 0.577782 7.268889 2.638155
v 0.341068 7.375925 2.703490
v 0.139829 7.634705 2.237460
v 0.246189 7.879890 2.219281
v 0.490481 7.977060 2.167914
v 0.729601 7.869292 2.113450
v 0.823477 7.619717 2.087791
v 0.717117 7.374532 2.105970
v 0.472825 7.277362 2.157337
v 0.233705 7.385130 2.211802
vn -0.9554 0.0005 0.2953
vn -0.6494 -0.7040 0.2874
vn -0.6069 -0.7004 0.3757
vn -0.9541 -0.0341 0.2975
vn 0.0354 -0.9928 0.1143
vn 0.0760 -0.9667 0.2443
vn 0.6988 -0.7040 -0.1268
vn 0.7162 -0.6975 -0.0230
vn 0.9562 -0.0000 -0.2926
vn 0.9597 -0.0316 -0.2791
vn 0.6517 0.7054 -0.2787
vn 0.6456 0.6676 -0.3709
vn -0.0306 0.9946 -0.0987
vn -0.0696 0.9699 -0.2332
vn -0.6955 0.7055 0.1363
vn -0.7430 0.6676 0.0475
vn -0.5477 -0.6176 0.5645
vn -0.9531 -0.0400 0.2999
vn 0.1549 -0.8443 0.5130
vn 0.7723 -0.6090 0.1807
vn 0.9660 -0.0288 -0.2570
vn 0.5959 0.5843 -0.5510
vn -0.1505 0.8485 -0.5074
vn -0.8034 0.5774 -0.1458
vn -0.4977 -0.4524 0.7401
vn -0.9513 -0.0386 0.3057
vn 0.2232 -0.6106 0.7599
vn 0.8222 -0.4362 0.3658
vn 0.9711 -0.0154 -0.2384
vn 0.5517 0.4259 -0.7171
vn -0.2212 0.6117 -0.7596
vn -0.8544 0.4092 -0.3204
vn -0.4701 -0.2270 0.8530
vn -0.9507 -0.0289 0.3088
vn 0.2627 -0.2974 0.9179
vn 0.8519 -0.2053 0.4818
vn 0.9730 0.0029 -0.2308
vn 0.5226 0.2122 -0.8258
vn -0.2625 0.2915 -0.9198
vn -0.8818 0.1884 -0.4324
vn -0.4676 0.0108 0.8839
vn -0.9517 -0.0153 0.3066
vn 0.2692 0.0297 0.9626
vn 0.8581 0.0325 0.5124
vn 0.9723 0.0166 -0.2330
vn 0.5143 -0.0129 -0.8575
vn -0.2696 -0.0373 -0.9622
vn -0.8846 -0.0364 -0.4648
vn -0.4836 0.2242 0.8461
vn -0.9539 -0.0009 0.3001
vn 0.2508 0.3208 0.9133
vn 0.8466 0.2401 0.4751
vn 0.9710 0.0220 -0.2380
vn 0.5239 -0.2159 -0.8240
vn -0.2518 -0.3259 -0.9113
vn -0.8708 -0.2324 -0.4332
vn -0.5104 0.4000 0.7612
vn -0.9569 0.0129 0.2901
vn 0.2172 0.5583 0.8007
vn 0.8243 0.4062 0.3945
vn 0.9703 0.0210 -0.2409
vn 0.5453 -0.3849 -0.7446
vn -0.2190 -0.5610 -0.7983
vn -0.8477 -0.3901 -0.3596
vn -0.5431 0.5368 0.6456
vn -0.9606 0.0253 0.2769
vn 0.1754 0.7413 0.6479
vn 0.7964 0.5318 0.2881
vn 0.9706 0.0165 -0.2401
vn 0.5739 -0.5178 -0.6345
vn -0.1779 -0.7426 -0.6457
vn -0.8197 -0.5103 -0.2602
vn -0.5786 0.6355 0.5113
vn -0.9648 0.0350 0.2606
vn 0.1301 0.8721 0.4716
vn 0.7664 0.6201 0.1675
vn 0.9718 0.0108 -0.2356
vn 0.6058 -0.6147 -0.5051
vn -0.1331 -0.8728 -0.4696
vn -0.7897 -0.5957 -0.1466
vn -0.6141 0.6977 0.3689
vn -0.9693 0.0410 0.2422
vn 0.0850 0.9544 0.2862
vn 0.7370 0.6745 0.0423
vn 0.9736 0.0054 -0.2282
vn 0.6381 -0.6768 -0.3671
vn -0.0883 -0.9547 -0.2842
vn -0.7600 -0.6493 -0.0280
vn -0.6477 0.7266 0.2293
vn -0.9738 0.0427 0.2236
vn 0.0435 0.9935 0.1053
vn 0.7106 0.6992 -0.0786
vn 0.9758 0.0012 -0.2185
vn 0.6688 -0.7070 -0.2299
vn -0.0464 -0.9937 -0.1016
vn -0.7325 -0.6751 0.0879
vn -0.6717 0.7226 0.1632
vn -0.9765 0.0216 0.2142
vn 0.0255 0.9995 0.0173
vn 0.7080 0.6924 -0.1392
vn 0.9767 -0.0216 -0.2134
vn 0.6723 -0.7227 -0.1601
vn -0.0245 -0.9996 -0.0127
vn -0.7074 -0.6925 0.1416
vn -0.2921 -0.1124 -0.9498
vn -0.2134 0.0202 -0.9768
vt 0.010008 0.627308
vt 0.010008 0.596946
vt 0.099125 0.596946
vt 0.099125 0.627308
vt 0.010008 0.566584
vt 0.099125 0.566584
vt 0.010008 0.536222
vt 0.099125 0.536222
vt 0.010008 0.505859
vt 0.099125 0.505859
vt 0.010008 0.475497
vt 0.099125 0.475497
vt 0.010008 0.445135
vt 0.099125 0.445135
vt 0.010008 0.414773
vt 0.099125 0.414773
vt 0.010008 0.384411
vt 0.099125 0.384411
vt 0.172815 0.596946
vt 0.172815 0.627308
vt 0.172815 0.566584
vt 0.172815 0.536222
vt 0.172815 0.505859
vt 0.172815 0.475497
vt 0.172815 0.445135
vt 0.172815 0.414773
vt 0.172815 0.384411
vt 0.236925 0.596946
vt 0.236925 0.627308
vt 0.236925 0.566584
vt 0.236925 0.536222
vt 0.236925 0.505859
vt 0.236925 0.475497
vt 0.236925 0.445135
vt 0.236925 0.414773
vt 0.236925 0.384411
vt 0.297150 0.596946
vt 0.297150 0.627308
vt 0.297150 0.566584
vt 0.297150 0.536222
vt 0.297150 0.505859
vt 0.297150 0.475497
vt 0.297150 0.445135
vt 0.297150 0.414773
vt 0.297150 0.384411
vt 0.358091 0.596946
vt 0.358091 0.627308
vt 0.358091 0.566584
vt 0.358091 0.536222
vt 0.358091 0.505859
vt 0.358091 0.475497
vt 0.358091 0.445135
vt 0.358091 0.414773
vt 0.358091 0.384411
vt 0.422826 0.596946
vt 0.422826 0.627308
vt 0.422826 0.566584
vt 0.422826 0.536222
vt 0.422826 0.505859
vt 0.422826 0.475497
vt 0.422826 0.445135
vt 0.422826 0.414773
vt 0.422826 0.384411
vt 0.493290 0.596946
vt 0.493290 0.627308
vt 0.493290 0.566584
vt 0.493290 0.536222
vt 0.493290 0.505859
vt 0.493290 0.475497
vt 0.493290 0.445135
vt 0.493290 0.414773
vt 0.493290 0.384411
vt 0.570961 0.596946
vt 0.570961 0.627308
vt 0.570961 0.566584
vt 0.570961 0.536222
vt 0.570961 0.505859
vt 0.570961 0.475497
vt 0.570961 0.445135
vt 0.570961 0.414773
vt 0.570961 0.384411
vt 0.657423 0.596946
vt 0.657423 0.627308
vt 0.657423 0.566584
vt 0.657423 0.536222
vt 0.657423 0.505859
vt 0.657423 0.475497
vt 0.657423 0.445135
vt 0.657423 0.414773
vt 0.657423 0.384411
vt 0.754709 0.596946
vt 0.754709 0.627308
vt 0.754709 0.566584
vt 0.754709 0.536222
vt 0.754709 0.505859
vt 0.754709 0.475497
vt 0.754709 0.445135
vt 0.754709 0.414773
vt 0.754709 0.384411
vt 0.865420 0.596946
vt 0.865420 0.627308
vt 0.865420 0.566584
vt 0.865420 0.536222
vt 0.865420 0.505859
vt 0.865420 0.475497
vt 0.865420 0.445135
vt 0.865420 0.414773
vt 0.865420 0.384411
vt 0.992689 0.596946
vt 0.992689 0.627308
vt 0.992689 0.566584
vt 0.992689 0.536222
vt 0.992689 0.505859
vt 0.992689 0.475497
vt 0.992689 0.445135
vt 0.992689 0.414773
vt 0.992689 0.384411
s 1
usemtl hadicky
f 837/1012/710 838/1013/711 846/1014/712 845/1015/713
f 838/1013/711 839/1016/714 847/1017/715 846/1014/712
f 839/1016/714 840/1018/716 848/1019/717 847/1017/715
f 840/1018/716 841/1020/718 849/1021/719 848/1019/717
f 841/1020/718 842/1022/720 850/1023/721 849/1021/719
f 842/1022/720 843/1024/722 851/1025/723 850/1023/721
f 843/1024/722 844/1026/724 852/1027/725 851/1025/723
f 844/1026/724 837/1028/710 845/1029/713 852/1027/725
f 845/1015/713 846/1014/712 854/1030/726 853/1031/727
f 846/1014/712 847/1017/715 855/1032/728 854/1030/726
f 847/1017/715 848/1019/717 856/1033/729 855/1032/728
f 848/1019/717 849/1021/719 857/1034/730 856/1033/729
f 849/1021/719 850/1023/721 858/1035/731 857/1034/730
f 850/1023/721 851/1025/723 859/1036/732 858/1035/731
f 851/1025/723 852/1027/725 860/1037/733 859/1036/732
f 852/1027/725 845/1029/713 853/1038/727 860/1037/733
f 853/1031/727 854/1030/726 862/1039/734 861/1040/735
f 854/1030/726 855/1032/728 863/1041/736 862/1039/734
f 855/1032/728 856/1033/729 864/1042/737 863/1041/736
f 856/1033/729 857/1034/730 865/1043/738 864/1042/737
f 857/1034/730 858/1035/731 866/1044/739 865/1043/738
f 858/1035/731 859/1036/732 867/1045/740 866/1044/739
f 859/1036/732 860/1037/733 868/1046/741 867/1045/740
f 860/1037/733 853/1038/727 861/1047/735 868/1046/741
f 861/1040/735 862/1039/734 870/1048/742 869/1049/743
f 862/1039/734 863/1041/736 871/1050/744 870/1048/742
f 863/1041/736 864/1042/737 872/1051/745 871/1050/744
f 864/1042/737 865/1043/738 873/1052/746 872/1051/745
f 865/1043/738 866/1044/739 874/1053/747 873/1052/746
f 866/1044/739 867/1045/740 875/1054/748 874/1053/747
f 867/1045/740 868/1046/741 876/1055/749 875/1054/748
f 868/1046/741 861/1047/735 869/1056/743 876/1055/749
f 869/1049/743 870/1048/742 878/1057/750 877/1058/751
f 870/1048/742 871/1050/744 879/1059/752 878/1057/750
f 871/1050/744 872/1051/745 880/1060/753 879/1059/752
f 872/1051/745 873/1052/746 881/1061/754 880/1060/753
f 873/1052/746 874/1053/747 882/1062/755 881/1061/754
f 874/1053/747 875/1054/748 883/1063/756 882/1062/755
f 875/1054/748 876/1055/749 884/1064/757 883/1063/756
f 876/1055/749 869/1056/743 877/1065/751 884/1064/757
f 877/1058/751 878/1057/750 886/1066/758 885/1067/759
f 878/1057/750 879/1059/752 887/1068/760 886/1066/758
f 879/1059/752 880/1060/753 888/1069/761 887/1068/760
f 880/1060/753 881/1061/754 889/1070/762 888/1069/761
f 881/1061/754 882/1062/755 890/1071/763 889/1070/762
f 882/1062/755 883/1063/756 891/1072/764 890/1071/763
f 883/1063/756 884/1064/757 892/1073/765 891/1072/764
f 884/1064/757 877/1065/751 885/1074/759 892/1073/765
f 885/1067/759 886/1066/758 894/1075/766 893/1076/767
f 886/1066/758 887/1068/760 895/1077/768 894/1075/766
f 887/1068/760 888/1069/761 896/1078/769 895/1077/768
f 888/1069/761 889/1070/762 897/1079/770 896/1078/769
f 889/1070/762 890/1071/763 898/1080/771 897/1079/770
f 890/1071/763 891/1072/764 899/1081/772 898/1080/771
f 891/1072/764 892/1073/765 900/1082/773 899/1081/772
f 892/1073/765 885/1074/759 893/1083/767 900/1082/773
f 893/1076/767 894/1075/766 902/1084/774 901/1085/775
f 894/1075/766 895/1077/768 903/1086/776 902/1084/774
f 895/1077/768 896/1078/769 904/1087/777 903/1086/776
f 896/1078/769 897/1079/770 905/1088/778 904/1087/777
f 897/1079/770 898/1080/771 906/1089/779 905/1088/778
f 898/1080/771 899/1081/772 907/1090/780 906/1089/779
f 899/1081/772 900/1082/773 908/1091/781 907/1090/780
f 900/1082/773 893/1083/767 901/1092/775 908/1091/781
f 901/1085/775 902/1084/774 910/1093/782 909/1094/783
f 902/1084/774 903/1086/776 911/1095/784 910/1093/782
f 903/1086/776 904/1087/777 912/1096/785 911/1095/784
f 904/1087/777 905/1088/778 913/1097/786 912/1096/785
f 905/1088/778 906/1089/779 914/1098/787 913/1097/786
f 906/1089/779 907/1090/780 915/1099/788 914/1098/787
f 907/1090/780 908/1091/781 916/1100/789 915/1099/788
f 908/1091/781 901/1092/775 909/1101/783 916/1100/789
f 909/1094/783 910/1093/782 918/1102/790 917/1103/791
f 910/1093/782 911/1095/784 919/1104/792 918/1102/790
f 911/1095/784 912/1096/785 920/1105/793 919/1104/792
f 912/1096/785 913/1097/786 921/1106/794 920/1105/793
f 913/1097/786 914/1098/787 922/1107/795 921/1106/794
f 914/1098/787 915/1099/788 923/1108/796 922/1107/795
f 915/1099/788 916/1100/789 924/1109/797 923/1108/796
f 916/1100/789 909/1101/783 917/1110/791 924/1109/797
f 917/1103/791 918/1102/790 926/1111/798 925/1112/799
f 918/1102/790 919/1104/792 927/1113/800 926/1111/798
f 919/1104/792 920/1105/793 928/1114/801 927/1113/800
f 920/1105/793 921/1106/794 929/1115/802 928/1114/801
f 921/1106/794 922/1107/795 930/1116/803 929/1115/802
f 922/1107/795 923/1108/796 931/1117/804 930/1116/803
f 923/1108/796 924/1109/797 932/1118/805 931/1117/804
f 924/1109/797 917/1110/791 925/1119/799 932/1118/805
f 925/1112/799 926/1111/798 934/1120/806 933/1121/807
f 926/1111/798 927/1113/800 935/1122/808 934/1120/806
f 927/1113/800 928/1114/801 936/1123/809 935/1122/808
f 928/1114/801 929/1115/802 937/1124/810 936/1123/809
f 929/1115/802 930/1116/803 938/1125/811 937/1124/810
f 930/1116/803 931/1117/804 939/1126/812 938/1125/811
f 931/1117/804 932/1118/805 940/1127/813 939/1126/812
f 932/1118/805 925/1119/799 933/1128/807 940/1127/813
f 844/1026/814 843/1024/814 842/1022/814 841/1020/814 840/1018/814 839/1016/814 838/1013/814 837/1028/814
f 933/1128/815 934/1120/815 935/1122/815 936/1123/815 937/1124/815 938/1125/815 939/1126/815 940/1127/815
o Cylinder.001
v -0.000000 4.690804 -3.401515
v -0.000000 4.740804 -3.453279
v -0.000000 6.430839 -3.453279
v -0.000000 6.480839 -3.401515
v 1.700758 4.690804 -2.945799
v 1.726640 4.740804 -2.990627
v 1.700758 6.480839 -2.945798
v 1.726640 6.430839 -2.990627
v 2.945799 4.690804 -1.700758
v 2.990627 4.740804 -1.726640
v 2.945798 6.480839 -1.700758
v 2.990627 6.430839 -1.726640
v 3.401515 4.690804 -0.000000
v 3.453279 4.740804 -0.000000
v 3.401515 6.480839 0.000000
v 3.453279 6.430839 -0.000000
v 2.945799 4.690804 1.700757
v 2.990627 4.740804 1.726639
v 2.945798 6.480839 1.700758
v 2.990627 6.430839 1.726639
v 1.700758 4.690804 2.945799
v 1.726640 4.740804 2.990627
v 1.700758 6.480839 2.945798
v 1.726640 6.430839 2.990627
v -0.000000 4.690804 3.401515
v -0.000000 4.740804 3.453279
v -0.000000 6.480839 3.401515
v -0.000000 6.430839 3.453279
v -1.700757 4.690804 2.945799
v -1.726639 4.740804 2.990627
v -1.700758 6.480839 2.945798
v -1.726639 6.430839 2.990627
v -2.945799 4.690804 1.700757
v -2.990627 4.740804 1.726639
v -2.945798 6.480839 1.700758
v -2.990627 6.430839 1.726639
v -3.401515 4.690804 -0.000000
v -3.453279 4.740804 -0.000000
v -3.401515 6.480839 0.000000
v -3.453279 6.430839 -0.000000
v -2.945799 4.690804 -1.700758
v -2.990627 4.740804 -1.726640
v -2.945798 6.480839 -1.700758
v -2.990627 6.430839 -1.726640
v -1.700757 4.690804 -2.945799
v -1.726639 4.740804 -2.990627
v -1.700758 6.480839 -2.945798
v -1.726639 6.430839 -2.990627
v -2.323278 4.690804 -2.323278
v -2.358633 4.740804 -2.358633
v 2.323278 4.690804 -2.323278
v 2.358633 4.740804 -2.358633
v -2.323278 4.690804 2.323278
v -2.358633 4.740804 2.358633
v 2.323278 4.690804 2.323278
v 2.358633 4.740804 2.358633
v -1.742730 4.640804 1.792730
v -1.842730 4.690804 1.842730
v -1.792730 4.640804 1.742730
v 1.742730 4.640804 1.792730
v 1.792730 4.640804 1.742730
v 1.842730 4.690804 1.842730
v 1.792730 4.640804 -1.742730
v 1.742730 4.640804 -1.792730
v 1.842730 4.690804 -1.842730
v -1.742730 4.640804 -1.792730
v -1.792730 4.640804 -1.742730
v -1.842730 4.690804 -1.842730
v -1.742730 1.719446 1.792730
v -1.792730 1.719446 1.742730
v -1.742730 1.669446 1.742730
v 1.742730 1.719446 1.792730
v 1.742730 1.669446 1.742730
v 1.792730 1.719446 1.742730
v 1.792730 1.719446 -1.742730
v 1.742730 1.669446 -1.742730
v 1.742730 1.719446 -1.792730
v -1.742730 1.719446 -1.792730
v -1.742730 1.669446 -1.742730
v -1.792730 1.719446 -1.742730
v 1.138185 6.530839 -1.971393
v 1.164066 6.480839 -2.016222
v 0.000000 6.480839 -2.328132
v 0.000000 6.530839 -2.276369
v 1.971393 6.530839 -1.138184
v 2.016222 6.480839 -1.164066
v 2.276369 6.530839 0.000000
v 2.328133 6.480839 0.000000
v 1.971393 6.530839 1.138185
v 2.016222 6.480839 1.164067
v 1.138185 6.530839 1.971393
v 1.164066 6.480839 2.016222
v 0.000000 6.530839 2.276369
v 0.000000 6.480839 2.328133
v -1.138184 6.530839 1.971393
v -1.164066 6.480839 2.016222
v -1.971393 6.530839 1.138185
v -2.016222 6.480839 1.164067
v -2.276369 6.530839 0.000000
v -2.328133 6.480839 0.000000
v -1.971393 6.530839 -1.138184
v -2.016222 6.480839 -1.164066
v -1.138184 6.530839 -1.971393
v -1.164066 6.480839 -2.016222
v 1.164066 7.147674 -2.016222
v 1.138185 7.097673 -1.971393
v 0.000000 7.097673 -2.276369
v 0.000000 7.147674 -2.328132
v 2.016222 7.147674 -1.164066
v 1.971393 7.097673 -1.138184
v 2.328133 7.147674 0.000000
v 2.276369 7.097673 0.000000
v 2.016222 7.147674 1.164067
v 1.971393 7.097673 1.138185
v 1.164066 7.147674 2.016222
v 1.138185 7.097673 1.971393
v 0.000000 7.147674 2.328133
v 0.000000 7.097673 2.276369
v -1.164066 7.147674 2.016222
v -1.138184 7.097673 1.971393
v -2.016222 7.147674 1.164067
v -1.971393 7.097673 1.138185
v -2.328133 7.147674 0.000000
v -2.276369 7.097673 0.000000
v -2.016222 7.147674 -1.164066
v -1.971393 7.097673 -1.138184
v -1.164066 7.147674 -2.016222
v -1.138184 7.097673 -1.971393
v 1.276747 7.197674 -2.211390
v 1.250865 7.147674 -2.166562
v -0.000000 7.147674 -2.501730
v -0.000000 7.197674 -2.553494
v 2.211391 7.197674 -1.276747
v 2.166562 7.147674 -1.250865
v 2.553494 7.197674 0.000000
v 2.501730 7.147674 0.000000
v 2.211391 7.197674 1.276747
v 2.166562 7.147674 1.250865
v 1.276747 7.197674 2.211391
v 1.250865 7.147674 2.166562
v -0.000000 7.197674 2.553494
v -0.000000 7.147674 2.501730
v -1.276747 7.197674 2.211391
v -1.250865 7.147674 2.166562
v -2.211391 7.197674 1.276747
v -2.166562 7.147674 1.250865
v -2.553494 7.197674 0.000000
v -2.501730 7.147674 0.000000
v -2.224332 7.197674 -1.228451
v -2.176035 7.197674 -1.312102
v -2.166562 7.147674 -1.250865
v -1.276747 7.197674 -2.211390
v -1.250865 7.147674 -2.166562
v 1.250865 8.117571 -2.166562
v 1.276747 8.067571 -2.211390
v -0.000000 8.067571 -2.553494
v -0.000000 8.117571 -2.501730
v 2.166562 8.117571 -1.250865
v 2.211391 8.067571 -1.276747
v 2.501730 8.117571 0.000000
v 2.553494 8.067571 0.000000
v 2.166562 8.117571 1.250865
v 2.211391 8.067571 1.276747
v 1.250865 8.117571 2.166562
v 1.276747 8.067571 2.211391
v -0.000000 8.117571 2.501730
v -0.000000 8.067571 2.553494
v -1.250865 8.117571 2.166562
v -1.276747 8.067571 2.211391
v -2.166562 8.117571 1.250865
v -2.211391 8.067571 1.276747
v -2.501730 8.117571 0.000000
v -2.553494 8.067571 0.000000
v -2.166562 8.117571 -1.250865
v -2.176035 8.067571 -1.312102
v -2.224332 8.067571 -1.228451
v -1.250865 8.117571 -2.166562
v -1.276747 8.067571 -2.211390
v 0.777040 8.167571 -1.345872
v 0.802921 8.117571 -1.390701
v -0.000000 8.117571 -1.605843
v -0.000000 8.167571 -1.554079
v 1.310517 8.167571 -0.812395
v 1.358813 8.167571 -0.728743
v 1.390701 8.117571 -0.802922
v 1.554079 8.167571 -0.000000
v 1.605843 8.117571 0.000000
v 1.345872 8.167571 0.777040
v 1.390701 8.117571 0.802921
v 0.777040 8.167571 1.345872
v 0.802921 8.117571 1.390701
v -0.000000 8.167571 1.554079
v -0.000000 8.117571 1.605843
v -0.777039 8.167571 1.345872
v -0.802921 8.117571 1.390701
v -1.345872 8.167571 0.777040
v -1.390701 8.117571 0.802921
v -1.554079 8.167571 -0.000000
v -1.605843 8.117571 0.000000
v -1.345872 8.167571 -0.777040
v -1.390701 8.117571 -0.802922
v -0.777039 8.167571 -1.345872
v -0.802921 8.117571 -1.390701
v 0.751157 19.738663 -1.301043
v 0.777039 19.688663 -1.345872
v -0.000001 19.688663 -1.554079
v -0.000001 19.738663 -1.502315
v 1.310516 19.688663 -0.812395
v 1.301043 19.738663 -0.751158
v 1.358813 19.688663 -0.728743
v 1.502315 19.738663 -0.000000
v 1.554079 19.688663 -0.000000
v 1.301043 19.738663 0.751158
v 1.345872 19.688663 0.777040
v 0.751157 19.738663 1.301043
v 0.777039 19.688663 1.345872
v -0.000001 19.738663 1.502315
v -0.000001 19.688663 1.554079
v -0.751158 19.738663 1.301043
v -0.777040 19.688663 1.345872
v -1.301043 19.738663 0.751158
v -1.345872 19.688663 0.777040
v -1.502316 19.738663 -0.000000
v -1.554079 19.688663 -0.000000
v -1.301043 19.738663 -0.751158
v -1.345872 19.688663 -0.777040
v -0.751158 19.738663 -1.301043
v -0.777040 19.688663 -1.345872
vn -0.3015 -0.9045 0.3015
vn 0.3015 -0.9045 0.3015
vn 0.3015 -0.9045 -0.3015
vn -0.3015 -0.9045 -0.3015
vn -0.5774 -0.5773 0.5773
vn 0.5774 -0.5773 0.5773
vn 0.5774 -0.5773 -0.5773
vn -0.5774 -0.5773 -0.5773
vn -0.6873 -0.6820 -0.2501
vn -0.5602 -0.6820 -0.4702
vn -0.6343 -0.6809 -0.3662
vn -0.6343 0.6809 -0.3662
vn -0.5602 0.6820 -0.4702
vn -0.6873 0.6820 -0.2501
vn 0.5117 0.7369 -0.4418
vn 0.6385 0.7369 -0.2222
vn 0.5742 0.7486 -0.3315
vn 0.5602 0.6820 -0.4702
vn 0.6343 0.6809 -0.3662
vn 0.6873 0.6820 -0.2501
vn -0.0000 -0.7193 -0.6948
vn 0.3474 -0.7193 -0.6017
vn 0.3474 0.7193 -0.6017
vn -0.0000 0.7193 -0.6947
vn 0.5000 -0.7071 -0.5000
vn 0.6017 -0.7193 -0.3474
vn 0.6017 0.7193 -0.3474
vn 0.6948 -0.7193 -0.0000
vn 0.6947 0.7193 -0.0000
vn 0.6017 -0.7193 0.3474
vn 0.6017 0.7193 0.3474
vn 0.5000 -0.7071 0.5000
vn 0.3474 -0.7193 0.6017
vn 0.3474 0.7193 0.6017
vn -0.0000 -0.7193 0.6948
vn -0.0000 0.7193 0.6947
vn -0.3474 -0.7193 0.6017
vn -0.3474 0.7193 0.6017
vn -0.5000 -0.7071 0.5000
vn -0.6017 -0.7193 0.3474
vn -0.6017 0.7193 0.3474
vn -0.6948 -0.7193 -0.0000
vn -0.6947 0.7193 -0.0000
vn -0.6017 -0.7193 -0.3474
vn -0.6017 0.7193 -0.3474
vn -0.5000 -0.7071 -0.5000
vn -0.3474 -0.7193 -0.6017
vn -0.3474 0.7193 -0.6017
vn -0.0000 -0.7071 0.7071
vn 0.7071 -0.7071 -0.0000
vn -0.0000 -0.7071 -0.7071
vn -0.7071 -0.7071 -0.0000
vn 0.7071 -0.0000 -0.7071
vn -0.7071 -0.0000 -0.7071
vn -0.7071 -0.0000 0.7071
vn 0.7071 -0.0000 0.7071
vn -0.0000 -0.7193 -0.6947
vn 0.6947 -0.7193 -0.0000
vn -0.0000 -0.7193 0.6947
vn -0.6947 -0.7193 -0.0000
vn -0.7934 -0.0000 -0.6088
vn -0.9239 -0.0000 -0.3827
vn 0.7934 -0.0000 -0.6088
vn 0.9239 -0.0000 -0.3827
vn -0.0000 -1.0000 -0.0000
vn -0.0000 -0.0000 -1.0000
vn 0.2588 -0.0000 -0.9659
vn -0.5000 -0.0000 -0.8660
vn -0.0000 1.0000 -0.0000
vn 0.9659 -0.0000 -0.2588
vn 1.0000 -0.0000 -0.0000
vn 0.9659 -0.0000 0.2588
vn 0.2588 -0.0000 0.9659
vn -0.0000 -0.0000 1.0000
vn -0.2588 -0.0000 0.9659
vn -0.9659 -0.0000 0.2588
vn -1.0000 -0.0000 -0.0000
vn -0.9659 -0.0000 -0.2588
vn -0.2588 -0.0000 -0.9659
vn -0.5000 -0.0000 0.8660
vn -0.8660 -0.0000 0.5000
vn -0.8660 -0.0000 -0.5000
vn 0.5000 -0.0000 -0.8660
vn 0.5000 -0.0000 0.8660
vt 0.301188 0.856762
vt 0.297767 0.856077
vt 0.301872 0.854709
vt 0.397252 0.952826
vt 0.399304 0.953510
vt 0.398620 0.956931
vt 0.496053 0.856762
vt 0.495369 0.854709
vt 0.499474 0.856077
vt 0.399304 0.758645
vt 0.397252 0.759329
vt 0.398620 0.755224
vt 0.551226 0.297669
vt 0.553161 0.299604
vt 0.551226 0.299604
vt 0.414403 0.296702
vt 0.416338 0.299604
vt 0.412951 0.299604
vt 0.412951 0.434493
vt 0.416338 0.434493
vt 0.414403 0.437395
vt 0.551226 0.436428
vt 0.551226 0.434493
vt 0.553161 0.434493
vt 0.026995 0.281774
vt 0.026995 0.284702
vt 0.023032 0.283282
vt 0.064834 0.283282
vt 0.060871 0.284702
vt 0.060871 0.281774
vt 0.101739 0.435758
vt 0.101739 0.439331
vt 0.099723 0.438092
vt 0.412696 0.650522
vt 0.411728 0.648328
vt 0.413663 0.646911
vt 0.493120 0.761578
vt 0.527710 0.821488
vt 0.525774 0.822007
vt 0.491704 0.762994
vt 0.198188 0.389879
vt 0.198188 0.453689
vt 0.194329 0.453689
vt 0.194329 0.389879
vt 0.527710 0.856077
vt 0.527710 0.890667
vt 0.525775 0.890148
vt 0.525775 0.856078
vt 0.198188 0.329754
vt 0.198149 0.389699
vt 0.194329 0.329754
vt 0.493120 0.950577
vt 0.491704 0.949161
vt 0.198188 0.265945
vt 0.194329 0.265945
vt 0.433210 0.985167
vt 0.432691 0.983232
vt 0.198188 0.202136
vt 0.194329 0.202136
vt 0.398620 0.985167
vt 0.364031 0.985167
vt 0.364550 0.983232
vt 0.398620 0.983232
vt 0.198188 0.142011
vt 0.194329 0.142011
vt 0.304120 0.950577
vt 0.305537 0.949161
vt 0.198188 0.078202
vt 0.194329 0.078202
vt 0.269531 0.890667
vt 0.271466 0.890148
vt 0.198188 0.014392
vt 0.194329 0.014392
vt 0.269531 0.856077
vt 0.269531 0.821488
vt 0.271466 0.822007
vt 0.271466 0.856078
vt 0.198188 0.705241
vt 0.198202 0.765353
vt 0.194329 0.765366
vt 0.194329 0.705241
vt 0.304120 0.761578
vt 0.305537 0.762994
vt 0.198188 0.641432
vt 0.194329 0.641432
vt 0.364031 0.726988
vt 0.364549 0.728923
vt 0.198188 0.577623
vt 0.194329 0.577623
vt 0.398620 0.726988
vt 0.433210 0.726988
vt 0.432691 0.728923
vt 0.398620 0.728923
vt 0.198188 0.517498
vt 0.194329 0.517498
vt 0.299410 0.434493
vt 0.299410 0.438363
vt 0.412468 0.022088
vt 0.299410 0.022088
vt 0.299410 0.020153
vt 0.412468 0.020153
vt 0.299410 0.156976
vt 0.412468 0.156976
vt 0.412468 0.160846
vt 0.299410 0.160846
vt 0.299410 0.299604
vt 0.299410 0.295734
vt 0.153635 0.389879
vt 0.153635 0.453689
vt 0.151673 0.453689
vt 0.151673 0.389879
vt 0.153635 0.329754
vt 0.151673 0.329754
vt 0.153635 0.265945
vt 0.151673 0.265945
vt 0.153635 0.202136
vt 0.151673 0.202136
vt 0.153635 0.142011
vt 0.151673 0.142011
vt 0.153635 0.078202
vt 0.151673 0.078202
vt 0.153635 0.014392
vt 0.151673 0.014392
vt 0.153635 0.705241
vt 0.153635 0.765366
vt 0.151673 0.765366
vt 0.151673 0.705241
vt 0.153635 0.641432
vt 0.151673 0.641432
vt 0.153635 0.577623
vt 0.151673 0.577623
vt 0.153635 0.517498
vt 0.151673 0.517498
vt 0.116838 0.388846
vt 0.116838 0.434448
vt 0.114903 0.434448
vt 0.114903 0.388846
vt 0.116838 0.343244
vt 0.114903 0.343244
vt 0.116838 0.297642
vt 0.114903 0.297642
vt 0.116838 0.252040
vt 0.114903 0.252040
vt 0.116838 0.206438
vt 0.114903 0.206438
vt 0.116838 0.160836
vt 0.114903 0.160836
vt 0.116838 0.115234
vt 0.114903 0.115234
vt 0.116838 0.616856
vt 0.116838 0.662458
vt 0.114903 0.662458
vt 0.114903 0.616856
vt 0.116838 0.571254
vt 0.114903 0.571254
vt 0.116838 0.525652
vt 0.114903 0.525652
vt 0.116838 0.480050
vt 0.114903 0.480050
vt 0.023032 0.400540
vt 0.023032 0.360687
vt 0.026995 0.360687
vt 0.026995 0.400540
vt 0.023032 0.438092
vt 0.026995 0.438092
vt 0.023032 0.477946
vt 0.026995 0.477946
vt 0.023032 0.517799
vt 0.026995 0.517799
vt 0.023032 0.555351
vt 0.026995 0.555351
vt 0.023032 0.595204
vt 0.026995 0.595204
vt 0.023032 0.635057
vt 0.026995 0.635057
vt 0.023032 0.203575
vt 0.023032 0.166023
vt 0.026995 0.166023
vt 0.026995 0.203575
vt 0.023032 0.243429
vt 0.026995 0.243429
vt 0.023032 0.320834
vt 0.026995 0.320834
vt 0.060871 0.400540
vt 0.060871 0.360687
vt 0.064834 0.360687
vt 0.064834 0.400540
vt 0.060871 0.438092
vt 0.064834 0.438092
vt 0.060871 0.477946
vt 0.064834 0.477946
vt 0.060871 0.517799
vt 0.064834 0.517799
vt 0.060871 0.555351
vt 0.064834 0.555351
vt 0.060871 0.595204
vt 0.064834 0.595204
vt 0.060871 0.635057
vt 0.064834 0.635057
vt 0.060871 0.203575
vt 0.060871 0.166023
vt 0.064834 0.166023
vt 0.064834 0.203575
vt 0.060871 0.243429
vt 0.064834 0.243429
vt 0.060871 0.320834
vt 0.064834 0.320834
vt 0.099723 0.400540
vt 0.099723 0.360687
vt 0.101739 0.360687
vt 0.101739 0.400540
vt 0.099723 0.477946
vt 0.101739 0.477946
vt 0.099723 0.517799
vt 0.101739 0.517799
vt 0.099723 0.555351
vt 0.101739 0.555351
vt 0.099723 0.595204
vt 0.101739 0.595204
vt 0.099723 0.635057
vt 0.101739 0.635057
vt 0.099723 0.203575
vt 0.099723 0.166023
vt 0.101739 0.166023
vt 0.101739 0.203575
vt 0.099723 0.243429
vt 0.101739 0.243429
vt 0.099723 0.283282
vt 0.101739 0.283282
vt 0.099723 0.320834
vt 0.101739 0.320834
vt 0.398097 0.675808
vt 0.371135 0.691374
vt 0.370617 0.689439
vt 0.396680 0.674391
vt 0.413663 0.617714
vt 0.411728 0.618232
vt 0.398097 0.590752
vt 0.396680 0.592169
vt 0.371135 0.575186
vt 0.370617 0.577121
vt 0.340003 0.575186
vt 0.340521 0.577121
vt 0.313041 0.590752
vt 0.314458 0.592169
vt 0.297475 0.617714
vt 0.299410 0.618232
vt 0.297475 0.648846
vt 0.299410 0.648328
vt 0.313041 0.675808
vt 0.314458 0.674391
vt 0.340003 0.691374
vt 0.340521 0.689439
vt 0.760365 0.248357
vt 0.760365 0.694226
vt 0.756495 0.694227
vt 0.756495 0.248357
vt 0.262261 0.453689
vt 0.262260 0.389877
vt 0.262261 0.517498
vt 0.262261 0.329754
vt 0.262423 0.359638
vt 0.262261 0.265945
vt 0.262261 0.202136
vt 0.262261 0.142011
vt 0.262050 0.175482
vt 0.262261 0.078202
vt 0.262261 0.014392
vt 0.262777 0.764914
vt 0.262261 0.705241
vt 0.262529 0.734460
vt 0.262261 0.641432
vt 0.262261 0.577623
vt 0.262517 0.546983
vt 0.299410 0.573251
vt 0.412468 0.573251
vt 0.138775 0.388846
vt 0.138775 0.434448
vt 0.138775 0.343244
vt 0.138775 0.480050
vt 0.138775 0.297642
vt 0.138775 0.252040
vt 0.138775 0.206438
vt 0.138775 0.160836
vt 0.138775 0.115234
vt 0.138775 0.616856
vt 0.138775 0.662458
vt 0.138775 0.571254
vt 0.138775 0.525652
vt 0.016272 0.400540
vt 0.016272 0.360687
vt 0.016272 0.438092
vt 0.016272 0.320834
vt 0.016272 0.477946
vt 0.016272 0.517799
vt 0.016272 0.555351
vt 0.016272 0.595204
vt 0.016272 0.635057
vt 0.016272 0.203575
vt 0.016272 0.166023
vt 0.016272 0.243429
vt 0.016272 0.283282
vt 0.789562 0.248357
vt 0.820695 0.248357
vt 0.820695 0.694226
vt 0.789562 0.694226
vt 0.851827 0.248357
vt 0.851827 0.694226
vt 0.727297 0.248357
vt 0.727297 0.694226
vt 0.696165 0.248357
vt 0.696165 0.694226
vt 0.665032 0.248357
vt 0.665032 0.694226
vt 0.633900 0.248357
vt 0.633900 0.694226
vt 0.602767 0.248357
vt 0.602767 0.694226
vt 0.945225 0.248357
vt 0.976357 0.248357
vt 0.976357 0.694226
vt 0.945225 0.694226
vt 0.914092 0.248357
vt 0.914092 0.694226
vt 0.882960 0.248357
vt 0.882960 0.694226
s 1
usemtl former
f 997/1129/816 998/1130/816 999/1131/816
f 1000/1132/817 1001/1133/817 1002/1134/817
f 1003/1135/818 1004/1136/818 1005/1137/818
f 1006/1138/819 1007/1139/819 1008/1140/819
f 1009/1141/820 1010/1142/820 1011/1143/820
f 1012/1144/821 1013/1145/821 1014/1146/821
f 1015/1147/822 1016/1148/822 1017/1149/822
f 1018/1150/823 1019/1151/823 1020/1152/823
f 1089/1153/824 1090/1154/825 1091/1155/826
f 1114/1156/827 1115/1157/828 1116/1158/829
f 1123/1159/830 1124/1160/831 1125/1161/832
f 1148/1162/833 1149/1163/834 1150/1164/835
f 942/1165/836 946/1166/837 945/1167/837 941/1168/836
f 948/1169/838 943/1170/839 944/1171/839 947/1172/838
f 992/1173/840 950/1174/841 949/1175/841 991/1176/840
f 952/1177/842 948/1178/838 947/1172/838 951/1179/842
f 950/1174/841 954/1180/843 953/1181/843 949/1175/841
f 956/1182/844 952/1177/842 951/1179/842 955/1183/844
f 954/1180/843 958/1184/845 957/1185/845 953/1181/843
f 960/1186/846 956/1182/844 955/1183/844 959/1187/846
f 996/1188/847 962/1189/848 961/1190/848 995/1191/847
f 964/1192/849 960/1186/846 959/1187/846 963/1193/849
f 962/1189/848 966/1194/850 965/1195/850 961/1190/848
f 968/1196/851 964/1192/849 963/1193/849 967/1197/851
f 966/1194/850 970/1198/852 969/1199/852 965/1195/850
f 972/1200/853 968/1196/851 967/1197/851 971/1201/853
f 994/1202/854 974/1203/855 973/1204/855 993/1205/854
f 976/1206/856 972/1207/853 971/1208/853 975/1209/856
f 974/1203/855 978/1210/857 977/1211/857 973/1204/855
f 980/1212/858 976/1206/856 975/1209/856 979/1213/858
f 978/1210/857 982/1214/859 981/1215/859 977/1211/857
f 984/1216/860 980/1212/858 979/1213/858 983/1217/860
f 990/1218/861 986/1219/862 985/1220/862 989/1221/861
f 988/1222/863 984/1216/860 983/1217/860 987/1223/863
f 986/1219/862 942/1165/836 941/1168/836 985/1220/862
f 943/1170/839 988/1222/863 987/1223/863 944/1171/839
f 982/1214/859 990/1218/861 989/1221/861 981/1215/859
f 946/1166/837 992/1173/840 991/1176/840 945/1167/837
f 970/1198/852 994/1202/854 993/1205/854 969/1199/852
f 958/1184/845 996/1188/847 995/1191/847 957/1185/845
f 997/1129/864 1000/1132/864 1002/1134/864 998/1130/864
f 1001/1133/865 1003/1135/865 1005/1137/865 1002/1134/865
f 1004/1136/866 1006/1138/866 1008/1140/866 1005/1137/866
f 1007/1139/867 999/1131/867 998/1130/867 1008/1140/867
f 1011/1143/864 1013/1145/864 1012/1144/864 1009/1141/864
f 1013/1145/865 1016/1148/865 1015/1147/865 1014/1146/865
f 1016/1148/866 1019/1151/866 1018/1150/866 1017/1149/866
f 1019/1151/867 1011/1143/867 1010/1142/867 1020/1152/867
f 1003/1224/868 1015/1147/868 1017/1149/868 1004/1225/868
f 1020/1226/869 1007/1227/869 1006/1228/869 1018/1229/869
f 999/1230/870 1010/1231/870 1009/1232/870 997/1233/870
f 1014/1146/871 1001/1234/871 1000/1235/871 1012/1144/871
f 1022/1236/838 1023/1237/839 1024/1238/839 1021/1239/838
f 1026/1240/842 1022/1236/838 1021/1239/838 1025/1241/842
f 1028/1242/844 1026/1240/842 1025/1241/842 1027/1243/844
f 1030/1244/846 1028/1242/844 1027/1243/844 1029/1245/846
f 1032/1246/849 1030/1244/846 1029/1245/846 1031/1247/849
f 1034/1248/851 1032/1246/849 1031/1247/849 1033/1249/851
f 1036/1250/853 1034/1248/851 1033/1249/851 1035/1251/853
f 1038/1252/856 1036/1253/853 1035/1254/853 1037/1255/856
f 1040/1256/858 1038/1252/856 1037/1255/856 1039/1257/858
f 1042/1258/860 1040/1256/858 1039/1257/858 1041/1259/860
f 1044/1260/863 1042/1258/860 1041/1259/860 1043/1261/863
f 1023/1237/839 1044/1260/863 1043/1261/863 1024/1238/839
f 1046/1262/837 1047/1263/872 1048/1264/872 1045/1265/837
f 1050/1266/841 1046/1262/837 1045/1265/837 1049/1267/841
f 1052/1268/873 1050/1266/841 1049/1267/841 1051/1269/873
f 1054/1270/845 1052/1268/873 1051/1269/873 1053/1271/845
f 1056/1272/848 1054/1270/845 1053/1271/845 1055/1273/848
f 1058/1274/874 1056/1272/848 1055/1273/848 1057/1275/874
f 1060/1276/852 1058/1274/874 1057/1275/874 1059/1277/852
f 1062/1278/855 1060/1279/852 1059/1280/852 1061/1281/855
f 1064/1282/875 1062/1278/855 1061/1281/855 1063/1283/875
f 1066/1284/859 1064/1282/875 1063/1283/875 1065/1285/859
f 1068/1286/862 1066/1284/859 1065/1285/859 1067/1287/862
f 1047/1263/872 1068/1286/862 1067/1287/862 1048/1264/872
f 1070/1288/837 1071/1289/872 1072/1290/872 1069/1291/837
f 1074/1292/841 1070/1288/837 1069/1291/837 1073/1293/841
f 1076/1294/873 1074/1292/841 1073/1293/841 1075/1295/873
f 1078/1296/845 1076/1294/873 1075/1295/873 1077/1297/845
f 1080/1298/848 1078/1296/845 1077/1297/845 1079/1299/848
f 1082/1300/874 1080/1298/848 1079/1299/848 1081/1301/874
f 1084/1302/852 1082/1300/874 1081/1301/874 1083/1303/852
f 1086/1304/855 1084/1305/852 1083/1306/852 1085/1307/855
f 1088/1308/875 1086/1304/855 1085/1307/855 1087/1309/875
f 1091/1155/826 1088/1308/875 1087/1309/875 1089/1153/824
f 1093/1310/862 1091/1155/826 1090/1154/825 1092/1311/862
f 1071/1289/872 1093/1310/862 1092/1311/862 1072/1290/872
f 1095/1312/838 1096/1313/839 1097/1314/839 1094/1315/838
f 1099/1316/842 1095/1312/838 1094/1315/838 1098/1317/842
f 1101/1318/844 1099/1316/842 1098/1317/842 1100/1319/844
f 1103/1320/846 1101/1318/844 1100/1319/844 1102/1321/846
f 1105/1322/849 1103/1320/846 1102/1321/846 1104/1323/849
f 1107/1324/851 1105/1322/849 1104/1323/849 1106/1325/851
f 1109/1326/853 1107/1324/851 1106/1325/851 1108/1327/853
f 1111/1328/856 1109/1329/853 1108/1330/853 1110/1331/856
f 1113/1332/858 1111/1328/856 1110/1331/856 1112/1333/858
f 1116/1158/829 1113/1332/858 1112/1333/858 1114/1156/827
f 1118/1334/863 1115/1157/828 1114/1156/827 1117/1335/863
f 1096/1313/839 1118/1334/863 1117/1335/863 1097/1314/839
f 1115/1157/876 1090/1154/876 1089/1153/877 1116/1158/877
f 1120/1336/838 1121/1337/839 1122/1338/839 1119/1339/838
f 1125/1161/832 1120/1336/838 1119/1339/838 1123/1159/830
f 1127/1340/844 1125/1161/832 1124/1160/831 1126/1341/844
f 1129/1342/846 1127/1340/844 1126/1341/844 1128/1343/846
f 1131/1344/849 1129/1342/846 1128/1343/846 1130/1345/849
f 1133/1346/851 1131/1344/849 1130/1345/849 1132/1347/851
f 1135/1348/853 1133/1346/851 1132/1347/851 1134/1349/853
f 1137/1350/856 1135/1351/853 1134/1352/853 1136/1353/856
f 1139/1354/858 1137/1350/856 1136/1353/856 1138/1355/858
f 1141/1356/860 1139/1354/858 1138/1355/858 1140/1357/860
f 1143/1358/863 1141/1356/860 1140/1357/860 1142/1359/863
f 1121/1337/839 1143/1358/863 1142/1359/863 1122/1338/839
f 1145/1360/838 1146/1361/839 1147/1362/839 1144/1363/838
f 1148/1162/833 1145/1360/838 1144/1363/838 1149/1163/834
f 1152/1364/844 1150/1164/835 1149/1163/834 1151/1365/844
f 1154/1366/846 1152/1364/844 1151/1365/844 1153/1367/846
f 1156/1368/849 1154/1366/846 1153/1367/846 1155/1369/849
f 1158/1370/851 1156/1368/849 1155/1369/849 1157/1371/851
f 1160/1372/853 1158/1370/851 1157/1371/851 1159/1373/853
f 1162/1374/856 1160/1372/853 1159/1373/853 1161/1375/856
f 1164/1376/858 1162/1374/856 1161/1375/856 1163/1377/858
f 1166/1378/860 1164/1376/858 1163/1377/858 1165/1379/860
f 1168/1380/863 1166/1378/860 1165/1379/860 1167/1381/863
f 1146/1361/839 1168/1380/863 1167/1381/863 1147/1362/839
f 1123/1382/878 1148/1383/878 1150/1384/879 1124/1385/879
f 941/1168/880 945/1167/880 991/1176/880 989/1221/880 985/1220/880
f 942/1386/881 943/1170/881 948/1169/882 946/1387/882
f 986/1388/883 988/1222/883 943/1170/881 942/1386/881
f 947/1172/884 944/1171/884 1023/1237/884 1022/1236/884
f 944/1171/884 987/1223/884 1044/1260/884 1023/1237/884
f 946/1387/868 948/1178/868 952/1177/868 950/1389/868 992/1390/868
f 951/1179/884 947/1172/884 1022/1236/884 1026/1240/884
f 995/1191/880 991/1176/880 949/1175/880 953/1181/880 957/1185/880
f 950/1389/885 952/1177/885 956/1182/886 954/1391/886
f 955/1183/884 951/1179/884 1026/1240/884 1028/1242/884
f 954/1391/886 956/1182/886 960/1186/887 958/1392/887
f 959/1187/884 955/1183/884 1028/1242/884 1030/1244/884
f 958/1392/871 960/1186/871 964/1192/871 962/1393/871 996/1394/871
f 963/1193/884 959/1187/884 1030/1244/884 1032/1246/884
f 993/1205/880 995/1191/880 961/1190/880 965/1195/880 969/1199/880
f 962/1393/888 964/1192/888 968/1196/889 966/1395/889
f 967/1197/884 963/1193/884 1032/1246/884 1034/1248/884
f 966/1395/889 968/1196/889 972/1200/890 970/1396/890
f 971/1201/884 967/1197/884 1034/1248/884 1036/1250/884
f 970/1397/870 972/1207/870 976/1206/870 974/1398/870 994/1399/870
f 975/1209/884 971/1208/884 1036/1253/884 1038/1252/884
f 993/1205/880 973/1204/880 977/1211/880 981/1215/880 989/1221/880
f 974/1398/891 976/1206/891 980/1212/892 978/1400/892
f 979/1213/884 975/1209/884 1038/1252/884 1040/1256/884
f 978/1400/892 980/1212/892 984/1216/893 982/1401/893
f 983/1217/884 979/1213/884 1040/1256/884 1042/1258/884
f 982/1401/869 984/1216/869 988/1222/883 986/1388/883 990/1402/869
f 987/1223/884 983/1217/884 1042/1258/884 1044/1260/884
f 989/1221/880 991/1176/880 1005/1137/880 1008/1140/880
f 993/1205/880 989/1221/880 1008/1140/880 998/1130/880
f 991/1176/880 995/1191/880 1002/1134/880 1005/1137/880
f 995/1191/880 993/1205/880 998/1130/880 1002/1134/880
f 1000/1235/889 997/1233/889 1009/1232/889 1012/1144/889
f 999/1230/892 1007/1227/892 1020/1226/892 1010/1231/892
f 1003/1224/886 1001/1234/886 1014/1146/886 1015/1147/886
f 1006/1403/881 1004/1225/881 1017/1149/881 1018/1404/881
f 1019/1151/880 1016/1148/880 1013/1145/880 1011/1143/880
f 1021/1405/882 1024/1406/881 1047/1263/881 1046/1262/882
f 1025/1407/868 1021/1405/868 1046/1262/868 1050/1266/868
f 1024/1406/881 1043/1408/894 1068/1286/894 1047/1263/881
f 1027/1409/886 1025/1407/885 1050/1266/885 1052/1268/886
f 1029/1410/887 1027/1409/886 1052/1268/886 1054/1270/887
f 1031/1411/871 1029/1410/871 1054/1270/871 1056/1272/871
f 1033/1412/888 1031/1411/888 1056/1272/888 1058/1274/888
f 1035/1413/895 1033/1412/890 1058/1274/890 1060/1276/895
f 1037/1414/896 1035/1415/895 1060/1279/895 1062/1278/896
f 1039/1416/891 1037/1414/896 1062/1278/896 1064/1282/891
f 1041/1417/897 1039/1416/893 1064/1282/893 1066/1284/897
f 1043/1408/869 1041/1417/897 1066/1284/897 1068/1286/869
f 1045/1418/880 1048/1419/880 1071/1289/880 1070/1288/880
f 1049/1420/880 1045/1418/880 1070/1288/880 1074/1292/880
f 1048/1419/880 1067/1421/880 1093/1310/880 1071/1289/880
f 1051/1422/880 1049/1420/880 1074/1292/880 1076/1294/880
f 1053/1423/880 1051/1422/880 1076/1294/880 1078/1296/880
f 1055/1424/880 1053/1423/880 1078/1296/880 1080/1298/880
f 1057/1425/880 1055/1424/880 1080/1298/880 1082/1300/880
f 1059/1426/880 1057/1425/880 1082/1300/880 1084/1302/880
f 1061/1427/880 1059/1428/880 1084/1305/880 1086/1304/880
f 1063/1429/880 1061/1427/880 1086/1304/880 1088/1308/880
f 1065/1430/880 1063/1429/880 1088/1308/880 1091/1155/880
f 1067/1421/880 1065/1430/880 1091/1155/880 1093/1310/880
f 1069/1291/898 1072/1290/882 1096/1313/882 1095/1312/898
f 1073/1293/868 1069/1291/898 1095/1312/898 1099/1316/868
f 1072/1290/894 1092/1311/883 1118/1334/883 1096/1313/894
f 1075/1295/886 1073/1293/885 1099/1316/885 1101/1318/886
f 1077/1297/887 1075/1295/886 1101/1318/886 1103/1320/887
f 1079/1299/899 1077/1297/871 1103/1320/871 1105/1322/899
f 1081/1301/888 1079/1299/899 1105/1322/899 1107/1324/888
f 1083/1303/895 1081/1301/890 1107/1324/890 1109/1326/895
f 1085/1307/870 1083/1306/895 1109/1329/895 1111/1328/870
f 1087/1309/892 1085/1307/891 1111/1328/891 1113/1332/892
f 1089/1153/877 1087/1309/892 1113/1332/892 1116/1158/877
f 1092/1311/883 1090/1154/876 1115/1157/876 1118/1334/883
f 1094/1315/884 1097/1314/884 1121/1337/884 1120/1336/884
f 1098/1317/884 1094/1315/884 1120/1336/884 1125/1161/884
f 1097/1314/884 1117/1335/884 1143/1358/884 1121/1337/884
f 1100/1319/884 1098/1317/884 1125/1161/884 1127/1340/884
f 1102/1321/884 1100/1319/884 1127/1340/884 1129/1342/884
f 1104/1323/884 1102/1321/884 1129/1342/884 1131/1344/884
f 1106/1325/884 1104/1323/884 1131/1344/884 1133/1346/884
f 1108/1327/884 1106/1325/884 1133/1346/884 1135/1348/884
f 1110/1331/884 1108/1330/884 1135/1351/884 1137/1350/884
f 1112/1333/884 1110/1331/884 1137/1350/884 1139/1354/884
f 1114/1156/884 1112/1333/884 1139/1354/884 1141/1356/884
f 1117/1335/884 1114/1156/884 1141/1356/884 1143/1358/884
f 1119/1431/898 1122/1432/882 1146/1433/882 1145/1434/898
f 1123/1382/878 1119/1431/898 1145/1434/898 1148/1383/878
f 1122/1432/894 1142/1435/883 1168/1436/883 1146/1433/894
f 1126/1437/886 1124/1385/879 1150/1384/879 1152/1438/886
f 1128/1439/887 1126/1437/886 1152/1438/886 1154/1440/887
f 1130/1441/899 1128/1439/871 1154/1440/871 1156/1442/899
f 1132/1443/888 1130/1441/899 1156/1442/899 1158/1444/888
f 1134/1445/890 1132/1443/890 1158/1444/890 1160/1446/890
f 1136/1447/896 1134/1448/870 1160/1449/870 1162/1450/896
f 1138/1451/892 1136/1447/896 1162/1450/896 1164/1452/892
f 1140/1453/893 1138/1451/892 1164/1452/892 1166/1454/893
f 1142/1435/883 1140/1453/869 1166/1454/869 1168/1436/883
f 1144/1363/884 1147/1362/884 1167/1381/884 1165/1379/884 1163/1377/884 1161/1375/884 1159/1373/884 1157/1371/884 1155/1369/884 1153/1367/884 1151/1365/884 1149/1163/884
o BézierCurve.005
v 3.073591 5.597174 1.198311
v 3.119505 5.351256 1.102523
v 3.175609 5.249393 0.861204
v 3.209038 5.351256 0.615714
v 3.200210 5.597174 0.509858
v 3.154296 5.843091 0.605646
v 3.098193 5.944954 0.846965
v 3.064764 5.843091 1.092456
v 3.430165 5.638058 1.263885
v 3.510340 5.398596 1.174504
v 3.581794 5.299626 0.936055
v 3.602671 5.399124 0.688217
v 3.560740 5.638803 0.576172
v 3.480565 5.878265 0.665553
v 3.409111 5.977235 0.904002
v 3.388235 5.877738 1.151840
v 3.701444 5.753116 1.317296
v 3.851356 5.544406 1.241629
v 3.953757 5.459083 1.009266
v 3.948661 5.547127 0.756321
v 3.839055 5.756964 0.630967
v 3.689142 5.965674 0.706634
v 3.586742 6.050997 0.938997
v 3.591837 5.962953 1.191942
v 3.891242 5.927326 1.357747
v 4.104261 5.777318 1.295464
v 4.234139 5.717554 1.068927
v 4.204795 5.783042 0.810840
v 4.033418 5.935421 0.672386
v 3.820399 6.085428 0.734670
v 3.690521 6.145192 0.961206
v 3.719865 6.079704 1.219293
v 4.000874 6.146223 1.384005
v 4.253537 6.074664 1.331094
v 4.400289 6.048291 1.108547
v 4.355165 6.082553 0.846729
v 4.144598 6.157380 0.699009
v 3.891934 6.228938 0.751920
v 3.745182 6.255311 0.974467
v 3.790307 6.221049 1.236285
v 4.030644 6.395117 1.394624
v 4.293756 6.404665 1.345226
v 4.444836 6.411887 1.124135
v 4.395383 6.412553 0.860861
v 4.174368 6.406273 0.709628
v 3.911257 6.396726 0.759026
v 3.760177 6.389503 0.980117
v 3.809629 6.388837 1.243391
v 3.980536 6.658423 1.388056
v 4.230710 6.739409 1.336938
v 4.376598 6.775301 1.115156
v 4.332741 6.745072 0.852626
v 4.124829 6.666431 0.703136
v 3.874655 6.585445 0.754255
v 3.728767 6.549554 0.976037
v 3.772624 6.579783 1.238566
v 3.850890 6.919965 1.362802
v 4.072871 7.058794 1.306147
v 4.207824 7.117120 1.082217
v 4.176694 7.060779 0.822188
v 3.997718 6.922772 0.678380
v 3.775737 6.783944 0.735035
v 3.640784 6.725617 0.958965
v 3.671914 6.781959 1.218994
v 3.642495 7.163439 1.317447
v 3.826935 7.346561 1.252585
v 3.947803 7.421506 1.025576
v 3.934297 7.344371 0.769399
v 3.794328 7.160342 0.634119
v 3.609889 6.977220 0.698981
v 3.489020 6.902275 0.925990
v 3.502527 6.979410 1.182167
v 3.356467 7.372614 1.250653
v 3.498142 7.587279 1.175779
v 3.603441 7.673707 0.945126
v 3.610682 7.581269 0.693806
v 3.515624 7.364115 0.569040
v 3.373949 7.149450 0.643913
v 3.268649 7.063022 0.874567
v 3.261408 7.155460 1.125887
v 2.994149 7.531413 1.161142
v 3.091300 7.765815 1.075255
v 3.180803 7.859244 0.840694
v 3.210229 7.756973 0.594862
v 3.162341 7.518909 0.481764
v 3.065191 7.284508 0.567651
v 2.975687 7.191078 0.802212
v 2.946261 7.293350 1.048044
v 2.557013 7.623975 1.047682
v 2.610950 7.867737 0.950574
v 2.685449 7.964417 0.712117
v 2.736870 7.857381 0.471996
v 2.735090 7.609330 0.370870
v 2.681152 7.365569 0.467978
v 2.606653 7.268889 0.706435
v 2.555234 7.375925 0.946556
v 2.048949 7.634705 0.909719
v 2.081966 7.879890 0.806992
v 2.149275 7.977060 0.566604
v 2.211448 7.869292 0.329371
v 2.232064 7.619717 0.234261
v 2.199047 7.374532 0.336987
v 2.131737 7.277362 0.577375
v 2.069565 7.385130 0.814609
vn -0.1795 0.0005 0.9838
vn -0.0452 -0.7040 0.7087
vn 0.0528 -0.7004 0.7118
vn -0.1769 -0.0341 0.9836
vn 0.1177 -0.9928 0.0214
vn 0.2518 -0.9667 0.0455
vn 0.2104 -0.7040 -0.6783
vn 0.3105 -0.6975 -0.6458
vn 0.1823 -0.0000 -0.9833
vn 0.1959 -0.0316 -0.9801
vn 0.0539 0.7054 -0.7068
vn -0.0307 0.6676 -0.7439
vn -0.1017 0.9946 -0.0184
vn -0.2390 0.9699 -0.0460
vn -0.2004 0.7055 0.6798
vn -0.3011 0.6676 0.6809
vn 0.2476 -0.6176 0.7466
vn -0.1744 -0.0400 0.9839
vn 0.5266 -0.8443 0.0996
vn 0.5171 -0.6090 -0.6015
vn 0.2183 -0.0288 -0.9755
vn -0.2133 0.5843 -0.7830
vn -0.5195 0.8485 -0.1009
vn -0.5004 0.5774 0.6452
vn 0.4264 -0.4524 0.7833
vn -0.1684 -0.0386 0.9850
vn 0.7770 -0.6106 0.1531
vn 0.7042 -0.4362 -0.5602
vn 0.2372 -0.0154 -0.9713
vn -0.3811 0.4259 -0.8206
vn -0.7758 0.6117 -0.1548
vn -0.6788 0.4092 0.6097
vn 0.5393 -0.2270 0.8110
vn -0.1654 -0.0289 0.9858
vn 0.9354 -0.2974 0.1911
vn 0.8209 -0.2053 -0.5329
vn 0.2449 0.0029 -0.9696
vn -0.4909 0.2122 -0.8450
vn -0.9371 0.2915 -0.1922
vn -0.7909 0.1884 0.5823
vn 0.5679 0.0108 0.8230
vn -0.1678 -0.0153 0.9857
vn 0.9781 0.0297 0.2060
vn 0.8509 0.0325 -0.5243
vn 0.2426 0.0166 -0.9700
vn -0.5229 -0.0129 -0.8523
vn -0.9780 -0.0373 -0.2054
vn -0.8210 -0.0364 0.5698
vn 0.5270 0.2242 0.8198
vn -0.1746 -0.0009 0.9846
vn 0.9259 0.3208 0.1996
vn 0.8124 0.2401 -0.5313
vn 0.2376 0.0220 -0.9711
vn -0.4888 -0.2159 -0.8453
vn -0.9245 -0.3259 -0.1977
vn -0.7865 -0.2324 0.5722
vn 0.4393 0.4000 0.8043
vn -0.1848 0.0129 0.9827
vn 0.8104 0.5583 0.1773
vn 0.7307 0.4062 -0.5488
vn 0.2347 0.0210 -0.9719
vn -0.4084 -0.3849 -0.8277
vn -0.8092 -0.5610 -0.1746
vn -0.7105 -0.3901 0.5857
vn 0.3217 0.5368 0.7800
vn -0.1982 0.0253 0.9798
vn 0.6556 0.7413 0.1438
vn 0.6234 0.5318 -0.5732
vn 0.2355 0.0165 -0.9717
vn -0.2976 -0.5178 -0.8021
vn -0.6549 -0.7426 -0.1405
vn -0.6095 -0.5103 0.6067
vn 0.1861 0.6355 0.7493
vn -0.2146 0.0350 0.9761
vn 0.4784 0.8721 0.1025
vn 0.5026 0.6201 -0.6024
vn 0.2400 0.0108 -0.9707
vn -0.1681 -0.6147 -0.7706
vn -0.4779 -0.8728 -0.0989
vn -0.4949 -0.5957 0.6327
vn 0.0434 0.6977 0.7151
vn -0.2330 0.0410 0.9716
vn 0.2931 0.9544 0.0568
vn 0.3780 0.6745 -0.6341
vn 0.2474 0.0054 -0.9689
vn -0.0308 -0.6768 -0.7355
vn -0.2928 -0.9547 -0.0530
vn -0.3760 -0.6493 0.6611
vn -0.0959 0.7266 0.6804
vn -0.2516 0.0427 0.9669
vn 0.1134 0.9935 0.0101
vn 0.2586 0.6992 -0.6665
vn 0.2571 0.0012 -0.9664
vn 0.1051 -0.7070 -0.6994
vn -0.1115 -0.9937 -0.0058
vn -0.2605 -0.6751 0.6902
vn -0.1656 0.7226 0.6711
vn -0.2612 0.0216 0.9650
vn 0.0272 0.9995 -0.0146
vn 0.2037 0.6924 -0.6922
vn 0.2620 -0.0216 -0.9648
vn 0.1686 -0.7227 -0.6702
vn -0.0226 -0.9996 0.0159
vn -0.2013 -0.6925 0.6928
vn -0.9773 -0.1124 -0.1797
vn -0.9649 0.0202 -0.2620
vt 0.010008 0.627308
vt 0.010008 0.596946
vt 0.099125 0.596946
vt 0.099125 0.627308
vt 0.010008 0.566584
vt 0.099125 0.566584
vt 0.010008 0.536222
vt 0.099125 0.536222
vt 0.010008 0.505859
vt 0.099125 0.505859
vt 0.010008 0.475497
vt 0.099125 0.475497
vt 0.010008 0.445135
vt 0.099125 0.445135
vt 0.010008 0.414773
vt 0.099125 0.414773
vt 0.010008 0.384411
vt 0.099125 0.384411
vt 0.172815 0.596946
vt 0.172815 0.627308
vt 0.172815 0.566584
vt 0.172815 0.536222
vt 0.172815 0.505859
vt 0.172815 0.475497
vt 0.172815 0.445135
vt 0.172815 0.414773
vt 0.172815 0.384411
vt 0.236925 0.596946
vt 0.236925 0.627308
vt 0.236925 0.566584
vt 0.236925 0.536222
vt 0.236925 0.505859
vt 0.236925 0.475497
vt 0.236925 0.445135
vt 0.236925 0.414773
vt 0.236925 0.384411
vt 0.297150 0.596946
vt 0.297150 0.627308
vt 0.297150 0.566584
vt 0.297150 0.536222
vt 0.297150 0.505859
vt 0.297150 0.475497
vt 0.297150 0.445135
vt 0.297150 0.414773
vt 0.297150 0.384411
vt 0.358091 0.596946
vt 0.358091 0.627308
vt 0.358091 0.566584
vt 0.358091 0.536222
vt 0.358091 0.505859
vt 0.358091 0.475497
vt 0.358091 0.445135
vt 0.358091 0.414773
vt 0.358091 0.384411
vt 0.422826 0.596946
vt 0.422826 0.627308
vt 0.422826 0.566584
vt 0.422826 0.536222
vt 0.422826 0.505859
vt 0.422826 0.475497
vt 0.422826 0.445135
vt 0.422826 0.414773
vt 0.422826 0.384411
vt 0.493290 0.596946
vt 0.493290 0.627308
vt 0.493290 0.566584
vt 0.493290 0.536222
vt 0.493290 0.505859
vt 0.493290 0.475497
vt 0.493290 0.445135
vt 0.493290 0.414773
vt 0.493290 0.384411
vt 0.570961 0.596946
vt 0.570961 0.627308
vt 0.570961 0.566584
vt 0.570961 0.536222
vt 0.570961 0.505859
vt 0.570961 0.475497
vt 0.570961 0.445135
vt 0.570961 0.414773
vt 0.570961 0.384411
vt 0.657423 0.596946
vt 0.657423 0.627308
vt 0.657423 0.566584
vt 0.657423 0.536222
vt 0.657423 0.505859
vt 0.657423 0.475497
vt 0.657423 0.445135
vt 0.657423 0.414773
vt 0.657423 0.384411
vt 0.754709 0.596946
vt 0.754709 0.627308
vt 0.754709 0.566584
vt 0.754709 0.536222
vt 0.754709 0.505859
vt 0.754709 0.475497
vt 0.754709 0.445135
vt 0.754709 0.414773
vt 0.754709 0.384411
vt 0.865420 0.596946
vt 0.865420 0.627308
vt 0.865420 0.566584
vt 0.865420 0.536222
vt 0.865420 0.505859
vt 0.865420 0.475497
vt 0.865420 0.445135
vt 0.865420 0.414773
vt 0.865420 0.384411
vt 0.992689 0.596946
vt 0.992689 0.627308
vt 0.992689 0.566584
vt 0.992689 0.536222
vt 0.992689 0.505859
vt 0.992689 0.475497
vt 0.992689 0.445135
vt 0.992689 0.414773
vt 0.992689 0.384411
s 1
usemtl hadicky
f 1169/1455/900 1170/1456/901 1178/1457/902 1177/1458/903
f 1170/1456/901 1171/1459/904 1179/1460/905 1178/1457/902
f 1171/1459/904 1172/1461/906 1180/1462/907 1179/1460/905
f 1172/1461/906 1173/1463/908 1181/1464/909 1180/1462/907
f 1173/1463/908 1174/1465/910 1182/1466/911 1181/1464/909
f 1174/1465/910 1175/1467/912 1183/1468/913 1182/1466/911
f 1175/1467/912 1176/1469/914 1184/1470/915 1183/1468/913
f 1176/1469/914 1169/1471/900 1177/1472/903 1184/1470/915
f 1177/1458/903 1178/1457/902 1186/1473/916 1185/1474/917
f 1178/1457/902 1179/1460/905 1187/1475/918 1186/1473/916
f 1179/1460/905 1180/1462/907 1188/1476/919 1187/1475/918
f 1180/1462/907 1181/1464/909 1189/1477/920 1188/1476/919
f 1181/1464/909 1182/1466/911 1190/1478/921 1189/1477/920
f 1182/1466/911 1183/1468/913 1191/1479/922 1190/1478/921
f 1183/1468/913 1184/1470/915 1192/1480/923 1191/1479/922
f 1184/1470/915 1177/1472/903 1185/1481/917 1192/1480/923
f 1185/1474/917 1186/1473/916 1194/1482/924 1193/1483/925
f 1186/1473/916 1187/1475/918 1195/1484/926 1194/1482/924
f 1187/1475/918 1188/1476/919 1196/1485/927 1195/1484/926
f 1188/1476/919 1189/1477/920 1197/1486/928 1196/1485/927
f 1189/1477/920 1190/1478/921 1198/1487/929 1197/1486/928
f 1190/1478/921 1191/1479/922 1199/1488/930 1198/1487/929
f 1191/1479/922 1192/1480/923 1200/1489/931 1199/1488/930
f 1192/1480/923 1185/1481/917 1193/1490/925 1200/1489/931
f 1193/1483/925 1194/1482/924 1202/1491/932 1201/1492/933
f 1194/1482/924 1195/1484/926 1203/1493/934 1202/1491/932
f 1195/1484/926 1196/1485/927 1204/1494/935 1203/1493/934
f 1196/1485/927 1197/1486/928 1205/1495/936 1204/1494/935
f 1197/1486/928 1198/1487/929 1206/1496/937 1205/1495/936
f 1198/1487/929 1199/1488/930 1207/1497/938 1206/1496/937
f 1199/1488/930 1200/1489/931 1208/1498/939 1207/1497/938
f 1200/1489/931 1193/1490/925 1201/1499/933 1208/1498/939
f 1201/1492/933 1202/1491/932 1210/1500/940 1209/1501/941
f 1202/1491/932 1203/1493/934 1211/1502/942 1210/1500/940
f 1203/1493/934 1204/1494/935 1212/1503/943 1211/1502/942
f 1204/1494/935 1205/1495/936 1213/1504/944 1212/1503/943
f 1205/1495/936 1206/1496/937 1214/1505/945 1213/1504/944
f 1206/1496/937 1207/1497/938 1215/1506/946 1214/1505/945
f 1207/1497/938 1208/1498/939 1216/1507/947 1215/1506/946
f 1208/1498/939 1201/1499/933 1209/1508/941 1216/1507/947
f 1209/1501/941 1210/1500/940 1218/1509/948 1217/1510/949
f 1210/1500/940 1211/1502/942 1219/1511/950 1218/1509/948
f 1211/1502/942 1212/1503/943 1220/1512/951 1219/1511/950
f 1212/1503/943 1213/1504/944 1221/1513/952 1220/1512/951
f 1213/1504/944 1214/1505/945 1222/1514/953 1221/1513/952
f 1214/1505/945 1215/1506/946 1223/1515/954 1222/1514/953
f 1215/1506/946 1216/1507/947 1224/1516/955 1223/1515/954
f 1216/1507/947 1209/1508/941 1217/1517/949 1224/1516/955
f 1217/1510/949 1218/1509/948 1226/1518/956 1225/1519/957
f 1218/1509/948 1219/1511/950 1227/1520/958 1226/1518/956
f 1219/1511/950 1220/1512/951 1228/1521/959 1227/1520/958
f 1220/1512/951 1221/1513/952 1229/1522/960 1228/1521/959
f 1221/1513/952 1222/1514/953 1230/1523/961 1229/1522/960
f 1222/1514/953 1223/1515/954 1231/1524/962 1230/1523/961
f 1223/1515/954 1224/1516/955 1232/1525/963 1231/1524/962
f 1224/1516/955 1217/1517/949 1225/1526/957 1232/1525/963
f 1225/1519/957 1226/1518/956 1234/1527/964 1233/1528/965
f 1226/1518/956 1227/1520/958 1235/1529/966 1234/1527/964
f 1227/1520/958 1228/1521/959 1236/1530/967 1235/1529/966
f 1228/1521/959 1229/1522/960 1237/1531/968 1236/1530/967
f 1229/1522/960 1230/1523/961 1238/1532/969 1237/1531/968
f 1230/1523/961 1231/1524/962 1239/1533/970 1238/1532/969
f 1231/1524/962 1232/1525/963 1240/1534/971 1239/1533/970
f 1232/1525/963 1225/1526/957 1233/1535/965 1240/1534/971
f 1233/1528/965 1234/1527/964 1242/1536/972 1241/1537/973
f 1234/1527/964 1235/1529/966 1243/1538/974 1242/1536/972
f 1235/1529/966 1236/1530/967 1244/1539/975 1243/1538/974
f 1236/1530/967 1237/1531/968 1245/1540/976 1244/1539/975
f 1237/1531/968 1238/1532/969 1246/1541/977 1245/1540/976
f 1238/1532/969 1239/1533/970 1247/1542/978 1246/1541/977
f 1239/1533/970 1240/1534/971 1248/1543/979 1247/1542/978
f 1240/1534/971 1233/1535/965 1241/1544/973 1248/1543/979
f 1241/1537/973 1242/1536/972 1250/1545/980 1249/1546/981
f 1242/1536/972 1243/1538/974 1251/1547/982 1250/1545/980
f 1243/1538/974 1244/1539/975 1252/1548/983 1251/1547/982
f 1244/1539/975 1245/1540/976 1253/1549/984 1252/1548/983
f 1245/1540/976 1246/1541/977 1254/1550/985 1253/1549/984
f 1246/1541/977 1247/1542/978 1255/1551/986 1254/1550/985
f 1247/1542/978 1248/1543/979 1256/1552/987 1255/1551/986
f 1248/1543/979 1241/1544/973 1249/1553/981 1256/1552/987
f 1249/1546/981 1250/1545/980 1258/1554/988 1257/1555/989
f 1250/1545/980 1251/1547/982 1259/1556/990 1258/1554/988
f 1251/1547/982 1252/1548/983 1260/1557/991 1259/1556/990
f 1252/1548/983 1253/1549/984 1261/1558/992 1260/1557/991
f 1253/1549/984 1254/1550/985 1262/1559/993 1261/1558/992
f 1254/1550/985 1255/1551/986 1263/1560/994 1262/1559/993
f 1255/1551/986 1256/1552/987 1264/1561/995 1263/1560/994
f 1256/1552/987 1249/1553/981 1257/1562/989 1264/1561/995
f 1257/1555/989 1258/1554/988 1266/1563/996 1265/1564/997
f 1258/1554/988 1259/1556/990 1267/1565/998 1266/1563/996
f 1259/1556/990 1260/1557/991 1268/1566/999 1267/1565/998
f 1260/1557/991 1261/1558/992 1269/1567/1000 1268/1566/999
f 1261/1558/992 1262/1559/993 1270/1568/1001 1269/1567/1000
f 1262/1559/993 1263/1560/994 1271/1569/1002 1270/1568/1001
f 1263/1560/994 1264/1561/995 1272/1570/1003 1271/1569/1002
f 1264/1561/995 1257/1562/989 1265/1571/997 1272/1570/1003
f 1176/1469/1004 1175/1467/1004 1174/1465/1004 1173/1463/1004 1172/1461/1004 1171/1459/1004 1170/1456/1004 1169/1471/1004
f 1265/1571/1005 1266/1563/1005 1267/1565/1005 1268/1566/1005 1269/1567/1005 1270/1568/1005 1271/1569/1005 1272/1570/1005
o BézierCurve.006
v 2.486687 5.597174 -2.167788
v 2.423101 5.351256 -2.252877
v 2.235291 5.249393 -2.414464
v 2.033275 5.351256 -2.557894
v 1.935390 5.597174 -2.599147
v 1.998976 5.843091 -2.514058
v 2.186785 5.944954 -2.352471
v 2.388802 5.843091 -2.209041
v 2.710098 5.638058 -2.453326
v 2.668072 5.398596 -2.565803
v 2.489922 5.299626 -2.739660
v 2.280006 5.399124 -2.873056
v 2.161290 5.638803 -2.887849
v 2.203316 5.878265 -2.775373
v 2.381465 5.977235 -2.601515
v 2.591382 5.877738 -2.468119
v 2.883188 5.753116 -2.668929
v 2.885644 5.544406 -2.836837
v 2.727234 5.459083 -3.035293
v 2.500752 5.547127 -3.148045
v 2.338869 5.756964 -3.109044
v 2.336413 5.965674 -2.941136
v 2.494823 6.050997 -2.742680
v 2.721305 5.962953 -2.629928
v 3.007021 5.927326 -2.818345
v 3.050592 5.777318 -3.035964
v 2.910083 5.717554 -3.256065
v 2.667803 5.783042 -3.349715
v 2.465676 5.935421 -3.262056
v 2.422104 6.085428 -3.044436
v 2.562613 6.145192 -2.824336
v 2.804893 6.079704 -2.730686
v 3.081112 6.146223 -2.903310
v 3.151367 6.074664 -3.151710
v 3.022216 6.048291 -3.384912
v 2.769315 6.082553 -3.466311
v 2.540808 6.157380 -3.348222
v 2.470554 6.228938 -3.099823
v 2.599704 6.255311 -2.866620
v 2.852606 6.221049 -2.785222
v 3.104323 6.395117 -2.924765
v 3.182534 6.404665 -3.180794
v 3.056679 6.411887 -3.417156
v 2.800482 6.412553 -3.495394
v 2.564019 6.406273 -3.369678
v 2.485807 6.396726 -3.113649
v 2.611662 6.389503 -2.877287
v 2.867860 6.388837 -2.799048
v 3.075273 6.658423 -2.883411
v 3.145962 6.739409 -3.128775
v 3.017088 6.775301 -3.360857
v 2.764144 6.745072 -3.443707
v 2.535301 6.666431 -3.328794
v 2.464612 6.585445 -3.083431
v 2.593485 6.549554 -2.851348
v 2.846430 6.579783 -2.768498
v 2.992792 6.919965 -2.780248
v 3.045505 7.058794 -3.003198
v 2.909659 7.117120 -3.226587
v 2.664830 7.060779 -3.319556
v 2.454436 6.922772 -3.227645
v 2.401723 6.783944 -3.004695
v 2.537570 6.725617 -2.781307
v 2.782398 6.781959 -2.688337
v 2.855993 7.163439 -2.616628
v 2.884030 7.346561 -2.810120
v 2.738925 7.421506 -3.022456
v 2.505681 7.344371 -3.129254
v 2.320926 7.160342 -3.067952
v 2.292890 6.977220 -2.874461
v 2.437994 6.902275 -2.662124
v 2.671239 6.979410 -2.555326
v 2.664206 7.372614 -2.394161
v 2.663546 7.587279 -2.554403
v 2.507995 7.673707 -2.754634
v 2.288672 7.581269 -2.877564
v 2.134054 7.364115 -2.851180
v 2.134714 7.149450 -2.690938
v 2.290265 7.063022 -2.490706
v 2.509588 7.155460 -2.367777
v 2.416924 7.531413 -2.114630
v 2.385863 7.765815 -2.240527
v 2.219527 7.859244 -2.428575
v 2.015351 7.756973 -2.568616
v 1.892941 7.518909 -2.578618
v 1.924001 7.284508 -2.452721
v 2.090337 7.191078 -2.264674
v 2.294513 7.293350 -2.124632
v 2.113735 7.623975 -1.779910
v 2.052699 7.867737 -1.872720
v 1.875954 7.964417 -2.049279
v 1.687035 7.857381 -2.206161
v 1.596608 7.609330 -2.251467
v 1.657645 7.365569 -2.158656
v 1.834389 7.268889 -1.982097
v 2.023308 7.375925 -1.825216
v 1.755952 7.634705 -1.393704
v 1.680239 7.879890 -1.470583
v 1.498450 7.977060 -1.641667
v 1.317075 7.869292 -1.806738
v 1.242361 7.619717 -1.869098
v 1.318074 7.374532 -1.792218
v 1.499863 7.277362 -1.621134
v 1.681238 7.385130 -1.456064
vn 0.7884 0.0005 0.6151
vn 0.6070 -0.7040 0.3686
vn 0.6552 -0.7004 0.2832
vn 0.7895 -0.0341 0.6128
vn 0.0736 -0.9928 -0.0944
vn 0.1570 -0.9667 -0.2020
vn -0.5035 -0.7040 -0.5009
vn -0.4283 -0.6975 -0.5745
vn -0.7867 -0.0000 -0.6173
vn -0.7776 -0.0316 -0.6279
vn -0.6012 0.7054 -0.3754
vn -0.6733 0.6676 -0.3177
vn -0.0635 0.9946 0.0816
vn -0.1515 0.9699 0.1904
vn 0.5094 0.7055 0.4928
vn 0.4637 0.6676 0.5825
vn 0.7762 -0.6176 0.1268
vn 0.7909 -0.0400 0.6106
vn 0.3324 -0.8443 -0.4204
vn -0.2932 -0.6090 -0.7370
vn -0.7631 -0.0288 -0.6457
vn -0.7927 0.5843 -0.1740
vn -0.3303 0.8485 0.4135
vn 0.3396 0.5774 0.7425
vn 0.8917 -0.4524 -0.0147
vn 0.7947 -0.0386 0.6058
vn 0.4959 -0.6106 -0.6175
vn -0.1699 -0.4362 -0.8837
vn -0.7506 -0.0154 -0.6605
vn -0.9038 0.4259 -0.0428
vn -0.4968 0.6117 0.6157
vn 0.2255 0.4092 0.8841
vn 0.9686 -0.2270 -0.1019
vn 0.7968 -0.0289 0.6036
vn 0.6030 -0.2974 -0.7402
vn -0.0916 -0.2053 -0.9744
vn -0.7455 0.0029 -0.6664
vn -0.9763 0.2122 0.0432
vn -0.6047 0.2915 0.7412
vn 0.1493 0.1884 0.9707
vn 0.9925 0.0108 -0.1216
vn 0.7956 -0.0153 0.6057
vn 0.6360 0.0297 -0.7711
vn -0.0701 0.0325 -0.9970
vn -0.7470 0.0166 -0.6647
vn -0.9976 -0.0129 0.0682
vn -0.6354 -0.0373 0.7713
vn 0.1243 -0.0364 0.9916
vn 0.9707 0.2242 -0.0869
vn 0.7915 -0.0009 0.6112
vn 0.6061 0.3208 -0.7278
vn -0.0941 0.2401 -0.9662
vn -0.7503 0.0220 -0.6607
vn -0.9756 -0.2159 0.0412
vn -0.6038 -0.3259 0.7275
vn 0.1424 -0.2324 0.9622
vn 0.9164 0.4000 -0.0164
vn 0.7851 0.0129 0.6193
vn 0.5328 0.5583 -0.6359
vn -0.1475 0.4062 -0.9018
vn -0.7523 0.0210 -0.6585
vn -0.9227 -0.3849 -0.0218
vn -0.5299 -0.5610 0.6361
vn 0.1895 -0.3901 0.9011
vn 0.8402 0.5368 0.0766
vn 0.7763 0.0253 0.6299
vn 0.4314 0.7413 -0.5142
vn -0.2189 0.5318 -0.8181
vn -0.7518 0.0165 -0.6592
vn -0.8486 -0.5178 -0.1082
vn -0.4281 -0.7426 0.5151
vn 0.2550 -0.5103 0.8213
vn 0.7502 0.6355 0.1825
vn 0.7653 0.0350 0.6427
vn 0.3126 0.8721 -0.3764
vn -0.3007 0.6201 -0.7246
vn -0.7488 0.0108 -0.6627
vn -0.7607 -0.6147 -0.2084
vn -0.3092 -0.8728 0.3776
vn 0.3311 -0.5957 0.7318
vn 0.6538 0.6977 0.2930
vn 0.7529 0.0410 0.6569
vn 0.1862 0.9544 -0.2334
vn -0.3866 0.6745 -0.6289
vn -0.7438 0.0054 -0.6684
vn -0.6660 -0.6768 -0.3137
vn -0.1827 -0.9547 0.2349
vn 0.4114 -0.6493 0.6396
vn 0.5584 0.7266 0.4004
vn 0.7401 0.0427 0.6712
vn 0.0615 0.9935 -0.0958
vn -0.4707 0.6992 -0.5381
vn -0.7371 0.0012 -0.6758
vn -0.5709 -0.7070 -0.4174
vn -0.0569 -0.9937 0.0961
vn 0.4908 -0.6751 0.5508
vn 0.5179 0.7226 0.4579
vn 0.7340 0.0216 0.6788
vn -0.0004 0.9995 -0.0309
vn -0.5189 0.6924 -0.5014
vn -0.7334 -0.0216 -0.6794
vn -0.5157 -0.7227 -0.4601
vn 0.0036 -0.9996 0.0274
vn 0.5205 -0.6925 0.4995
vn -0.6123 -0.1124 0.7826
vn -0.6795 0.0202 0.7334
vt 0.010008 0.627308
vt 0.010008 0.596946
vt 0.099125 0.596946
vt 0.099125 0.627308
vt 0.010008 0.566584
vt 0.099125 0.566584
vt 0.010008 0.536222
vt 0.099125 0.536222
vt 0.010008 0.505859
vt 0.099125 0.505859
vt 0.010008 0.475497
vt 0.099125 0.475497
vt 0.010008 0.445135
vt 0.099125 0.445135
vt 0.010008 0.414773
vt 0.099125 0.414773
vt 0.010008 0.384411
vt 0.099125 0.384411
vt 0.172815 0.596946
vt 0.172815 0.627308
vt 0.172815 0.566584
vt 0.172815 0.536222
vt 0.172815 0.505859
vt 0.172815 0.475497
vt 0.172815 0.445135
vt 0.172815 0.414773
vt 0.172815 0.384411
vt 0.236925 0.596946
vt 0.236925 0.627308
vt 0.236925 0.566584
vt 0.236925 0.536222
vt 0.236925 0.505859
vt 0.236925 0.475497
vt 0.236925 0.445135
vt 0.236925 0.414773
vt 0.236925 0.384411
vt 0.297150 0.596946
vt 0.297150 0.627308
vt 0.297150 0.566584
vt 0.297150 0.536222
vt 0.297150 0.505859
vt 0.297150 0.475497
vt 0.297150 0.445135
vt 0.297150 0.414773
vt 0.297150 0.384411
vt 0.358091 0.596946
vt 0.358091 0.627308
vt 0.358091 0.566584
vt 0.358091 0.536222
vt 0.358091 0.505859
vt 0.358091 0.475497
vt 0.358091 0.445135
vt 0.358091 0.414773
vt 0.358091 0.384411
vt 0.422826 0.596946
vt 0.422826 0.627308
vt 0.422826 0.566584
vt 0.422826 0.536222
vt 0.422826 0.505859
vt 0.422826 0.475497
vt 0.422826 0.445135
vt 0.422826 0.414773
vt 0.422826 0.384411
vt 0.493290 0.596946
vt 0.493290 0.627308
vt 0.493290 0.566584
vt 0.493290 0.536222
vt 0.493290 0.505859
vt 0.493290 0.475497
vt 0.493290 0.445135
vt 0.493290 0.414773
vt 0.493290 0.384411
vt 0.570961 0.596946
vt 0.570961 0.627308
vt 0.570961 0.566584
vt 0.570961 0.536222
vt 0.570961 0.505859
vt 0.570961 0.475497
vt 0.570961 0.445135
vt 0.570961 0.414773
vt 0.570961 0.384411
vt 0.657423 0.596946
vt 0.657423 0.627308
vt 0.657423 0.566584
vt 0.657423 0.536222
vt 0.657423 0.505859
vt 0.657423 0.475497
vt 0.657423 0.445135
vt 0.657423 0.414773
vt 0.657423 0.384411
vt 0.754709 0.596946
vt 0.754709 0.627308
vt 0.754709 0.566584
vt 0.754709 0.536222
vt 0.754709 0.505859
vt 0.754709 0.475497
vt 0.754709 0.445135
vt 0.754709 0.414773
vt 0.754709 0.384411
vt 0.865420 0.596946
vt 0.865420 0.627308
vt 0.865420 0.566584
vt 0.865420 0.536222
vt 0.865420 0.505859
vt 0.865420 0.475497
vt 0.865420 0.445135
vt 0.865420 0.414773
vt 0.865420 0.384411
vt 0.992689 0.596946
vt 0.992689 0.627308
vt 0.992689 0.566584
vt 0.992689 0.536222
vt 0.992689 0.505859
vt 0.992689 0.475497
vt 0.992689 0.445135
vt 0.992689 0.414773
vt 0.992689 0.384411
s 1
usemtl hadicky
f 1273/1572/1006 1274/1573/1007 1282/1574/1008 1281/1575/1009
f 1274/1573/1007 1275/1576/1010 1283/1577/1011 1282/1574/1008
f 1275/1576/1010 1276/1578/1012 1284/1579/1013 1283/1577/1011
f 1276/1578/1012 1277/1580/1014 1285/1581/1015 1284/1579/1013
f 1277/1580/1014 1278/1582/1016 1286/1583/1017 1285/1581/1015
f 1278/1582/1016 1279/1584/1018 1287/1585/1019 1286/1583/1017
f 1279/1584/1018 1280/1586/1020 1288/1587/1021 1287/1585/1019
f 1280/1586/1020 1273/1588/1006 1281/1589/1009 1288/1587/1021
f 1281/1575/1009 1282/1574/1008 1290/1590/1022 1289/1591/1023
f 1282/1574/1008 1283/1577/1011 1291/1592/1024 1290/1590/1022
f 1283/1577/1011 1284/1579/1013 1292/1593/1025 1291/1592/1024
f 1284/1579/1013 1285/1581/1015 1293/1594/1026 1292/1593/1025
f 1285/1581/1015 1286/1583/1017 1294/1595/1027 1293/1594/1026
f 1286/1583/1017 1287/1585/1019 1295/1596/1028 1294/1595/1027
f 1287/1585/1019 1288/1587/1021 1296/1597/1029 1295/1596/1028
f 1288/1587/1021 1281/1589/1009 1289/1598/1023 1296/1597/1029
f 1289/1591/1023 1290/1590/1022 1298/1599/1030 1297/1600/1031
f 1290/1590/1022 1291/1592/1024 1299/1601/1032 1298/1599/1030
f 1291/1592/1024 1292/1593/1025 1300/1602/1033 1299/1601/1032
f 1292/1593/1025 1293/1594/1026 1301/1603/1034 1300/1602/1033
f 1293/1594/1026 1294/1595/1027 1302/1604/1035 1301/1603/1034
f 1294/1595/1027 1295/1596/1028 1303/1605/1036 1302/1604/1035
f 1295/1596/1028 1296/1597/1029 1304/1606/1037 1303/1605/1036
f 1296/1597/1029 1289/1598/1023 1297/1607/1031 1304/1606/1037
f 1297/1600/1031 1298/1599/1030 1306/1608/1038 1305/1609/1039
f 1298/1599/1030 1299/1601/1032 1307/1610/1040 1306/1608/1038
f 1299/1601/1032 1300/1602/1033 1308/1611/1041 1307/1610/1040
f 1300/1602/1033 1301/1603/1034 1309/1612/1042 1308/1611/1041
f 1301/1603/1034 1302/1604/1035 1310/1613/1043 1309/1612/1042
f 1302/1604/1035 1303/1605/1036 1311/1614/1044 1310/1613/1043
f 1303/1605/1036 1304/1606/1037 1312/1615/1045 1311/1614/1044
f 1304/1606/1037 1297/1607/1031 1305/1616/1039 1312/1615/1045
f 1305/1609/1039 1306/1608/1038 1314/1617/1046 1313/1618/1047
f 1306/1608/1038 1307/1610/1040 1315/1619/1048 1314/1617/1046
f 1307/1610/1040 1308/1611/1041 1316/1620/1049 1315/1619/1048
f 1308/1611/1041 1309/1612/1042 1317/1621/1050 1316/1620/1049
f 1309/1612/1042 1310/1613/1043 1318/1622/1051 1317/1621/1050
f 1310/1613/1043 1311/1614/1044 1319/1623/1052 1318/1622/1051
f 1311/1614/1044 1312/1615/1045 1320/1624/1053 1319/1623/1052
f 1312/1615/1045 1305/1616/1039 1313/1625/1047 1320/1624/1053
f 1313/1618/1047 1314/1617/1046 1322/1626/1054 1321/1627/1055
f 1314/1617/1046 1315/1619/1048 1323/1628/1056 1322/1626/1054
f 1315/1619/1048 1316/1620/1049 1324/1629/1057 1323/1628/1056
f 1316/1620/1049 1317/1621/1050 1325/1630/1058 1324/1629/1057
f 1317/1621/1050 1318/1622/1051 1326/1631/1059 1325/1630/1058
f 1318/1622/1051 1319/1623/1052 1327/1632/1060 1326/1631/1059
f 1319/1623/1052 1320/1624/1053 1328/1633/1061 1327/1632/1060
f 1320/1624/1053 1313/1625/1047 1321/1634/1055 1328/1633/1061
f 1321/1627/1055 1322/1626/1054 1330/1635/1062 1329/1636/1063
f 1322/1626/1054 1323/1628/1056 1331/1637/1064 1330/1635/1062
f 1323/1628/1056 1324/1629/1057 1332/1638/1065 1331/1637/1064
f 1324/1629/1057 1325/1630/1058 1333/1639/1066 1332/1638/1065
f 1325/1630/1058 1326/1631/1059 1334/1640/1067 1333/1639/1066
f 1326/1631/1059 1327/1632/1060 1335/1641/1068 1334/1640/1067
f 1327/1632/1060 1328/1633/1061 1336/1642/1069 1335/1641/1068
f 1328/1633/1061 1321/1634/1055 1329/1643/1063 1336/1642/1069
f 1329/1636/1063 1330/1635/1062 1338/1644/1070 1337/1645/1071
f 1330/1635/1062 1331/1637/1064 1339/1646/1072 1338/1644/1070
f 1331/1637/1064 1332/1638/1065 1340/1647/1073 1339/1646/1072
f 1332/1638/1065 1333/1639/1066 1341/1648/1074 1340/1647/1073
f 1333/1639/1066 1334/1640/1067 1342/1649/1075 1341/1648/1074
f 1334/1640/1067 1335/1641/1068 1343/1650/1076 1342/1649/1075
f 1335/1641/1068 1336/1642/1069 1344/1651/1077 1343/1650/1076
f 1336/1642/1069 1329/1643/1063 1337/1652/1071 1344/1651/1077
f 1337/1645/1071 1338/1644/1070 1346/1653/1078 1345/1654/1079
f 1338/1644/1070 1339/1646/1072 1347/1655/1080 1346/1653/1078
f 1339/1646/1072 1340/1647/1073 1348/1656/1081 1347/1655/1080
f 1340/1647/1073 1341/1648/1074 1349/1657/1082 1348/1656/1081
f 1341/1648/1074 1342/1649/1075 1350/1658/1083 1349/1657/1082
f 1342/1649/1075 1343/1650/1076 1351/1659/1084 1350/1658/1083
f 1343/1650/1076 1344/1651/1077 1352/1660/1085 1351/1659/1084
f 1344/1651/1077 1337/1652/1071 1345/1661/1079 1352/1660/1085
f 1345/1654/1079 1346/1653/1078 1354/1662/1086 1353/1663/1087
f 1346/1653/1078 1347/1655/1080 1355/1664/1088 1354/1662/1086
f 1347/1655/1080 1348/1656/1081 1356/1665/1089 1355/1664/1088
f 1348/1656/1081 1349/1657/1082 1357/1666/1090 1356/1665/1089
f 1349/1657/1082 1350/1658/1083 1358/1667/1091 1357/1666/1090
f 1350/1658/1083 1351/1659/1084 1359/1668/1092 1358/1667/1091
f 1351/1659/1084 1352/1660/1085 1360/1669/1093 1359/1668/1092
f 1352/1660/1085 1345/1661/1079 1353/1670/1087 1360/1669/1093
f 1353/1663/1087 1354/1662/1086 1362/1671/1094 1361/1672/1095
f 1354/1662/1086 1355/1664/1088 1363/1673/1096 1362/1671/1094
f 1355/1664/1088 1356/1665/1089 1364/1674/1097 1363/1673/1096
f 1356/1665/1089 1357/1666/1090 1365/1675/1098 1364/1674/1097
f 1357/1666/1090 1358/1667/1091 1366/1676/1099 1365/1675/1098
f 1358/1667/1091 1359/1668/1092 1367/1677/1100 1366/1676/1099
f 1359/1668/1092 1360/1669/1093 1368/1678/1101 1367/1677/1100
f 1360/1669/1093 1353/1670/1087 1361/1679/1095 1368/1678/1101
f 1361/1672/1095 1362/1671/1094 1370/1680/1102 1369/1681/1103
f 1362/1671/1094 1363/1673/1096 1371/1682/1104 1370/1680/1102
f 1363/1673/1096 1364/1674/1097 1372/1683/1105 1371/1682/1104
f 1364/1674/1097 1365/1675/1098 1373/1684/1106 1372/1683/1105
f 1365/1675/1098 1366/1676/1099 1374/1685/1107 1373/1684/1106
f 1366/1676/1099 1367/1677/1100 1375/1686/1108 1374/1685/1107
f 1367/1677/1100 1368/1678/1101 1376/1687/1109 1375/1686/1108
f 1368/1678/1101 1361/1679/1095 1369/1688/1103 1376/1687/1109
f 1280/1586/1110 1279/1584/1110 1278/1582/1110 1277/1580/1110 1276/1578/1110 1275/1576/1110 1274/1573/1110 1273/1588/1110
f 1369/1688/1111 1370/1680/1111 1371/1682/1111 1372/1683/1111 1373/1684/1111 1374/1685/1111 1375/1686/1111 1376/1687/1111
o BézierCurve.007
v -2.569165 5.597174 2.069374
v -2.508938 5.351256 2.156873
v -2.327559 5.249393 2.325646
v -2.131277 5.351256 2.476829
v -2.035072 5.597174 2.521861
v -2.095298 5.843091 2.434361
v -2.276677 5.944954 2.265588
v -2.472959 5.843091 2.114405
v -2.803518 5.638058 2.346002
v -2.765901 5.398596 2.460028
v -2.594652 5.299626 2.640687
v -2.390087 5.399124 2.782151
v -2.272036 5.638803 2.801552
v -2.309653 5.878265 2.687526
v -2.480902 5.977235 2.506867
v -2.685467 5.877738 2.365403
v -2.984868 5.753116 2.554705
v -2.993856 5.544406 2.722390
v -2.843289 5.459083 2.926861
v -2.621367 5.547127 3.048341
v -2.458088 5.756964 3.015669
v -2.449100 5.965674 2.847984
v -2.599667 6.050997 2.643513
v -2.821590 5.962953 2.522033
v -3.114422 5.927326 2.699188
v -3.166429 5.777318 2.914948
v -3.034592 5.717554 3.140349
v -2.796140 5.783042 3.243357
v -2.590754 5.935421 3.163630
v -2.538747 6.085428 2.947872
v -2.670584 6.145192 2.722470
v -2.909036 6.079704 2.619462
v -3.191763 6.146223 2.781206
v -3.271632 6.074664 3.026684
v -3.151654 6.048291 3.264736
v -2.902112 6.082553 3.355914
v -2.669183 6.157380 3.246808
v -2.589315 6.228938 3.001331
v -2.709292 6.255311 2.763279
v -2.958835 6.221049 2.672101
v -3.215791 6.395117 2.801742
v -3.303907 6.404665 3.054533
v -3.187346 6.411887 3.295614
v -2.934387 6.412553 3.383763
v -2.693211 6.406273 3.267344
v -2.605095 6.396726 3.014553
v -2.721656 6.389503 2.773472
v -2.974615 6.388837 2.685323
v -3.185154 6.658423 2.761550
v -3.265338 6.739409 3.003976
v -3.145594 6.775301 3.240898
v -2.896065 6.745072 3.333529
v -2.662923 6.666431 3.227608
v -2.582739 6.585445 2.985182
v -2.702483 6.549554 2.748260
v -2.952012 6.579783 2.655629
v -3.098721 6.919965 2.661674
v -3.160070 7.058794 2.882404
v -3.033020 7.117120 3.110910
v -2.791995 7.060779 3.213337
v -2.578184 6.922772 3.129683
v -2.516834 6.783944 2.908954
v -2.643885 6.725617 2.680448
v -2.884910 6.781959 2.578021
v -2.955658 7.163439 2.503502
v -2.991204 7.346561 2.695756
v -2.854473 7.421506 2.913579
v -2.625560 7.344371 3.029372
v -2.438561 7.160342 2.975307
v -2.403015 6.977220 2.783053
v -2.539746 6.902275 2.565231
v -2.768659 6.979410 2.449437
v -2.755359 7.372614 2.288667
v -2.760936 7.587279 2.448813
v -2.613295 7.673707 2.654947
v -2.398921 7.581269 2.786318
v -2.243394 7.364115 2.765971
v -2.237818 7.149450 2.605825
v -2.385459 7.063022 2.399692
v -2.599832 7.155460 2.268321
v -2.497386 7.531413 2.018971
v -2.471248 7.765815 2.145982
v -2.312356 7.859244 2.340360
v -2.113785 7.756973 2.488241
v -1.991856 7.518909 2.502999
v -2.017993 7.284508 2.375989
v -2.176886 7.191078 2.181611
v -2.375457 7.293350 2.033729
v -2.181401 7.623975 1.696304
v -2.124022 7.867737 1.791419
v -1.954282 7.964417 1.974722
v -1.771612 7.857381 2.138837
v -1.683017 7.609330 2.187627
v -1.740395 7.365569 2.092512
v -1.910135 7.268889 1.909209
v -2.092806 7.375925 1.745094
v -1.808859 7.634705 1.324314
v -1.736195 7.879890 1.404081
v -1.561202 7.977060 1.582110
v -1.386389 7.869292 1.754114
v -1.314158 7.619717 1.819334
v -1.386822 7.374532 1.739567
v -1.561815 7.277362 1.561538
v -1.736629 7.385130 1.389534
vn -0.7639 0.0005 -0.6454
vn -0.5922 -0.7040 -0.3919
vn -0.6437 -0.7004 -0.3085
vn -0.7651 -0.0341 -0.6430
vn -0.0772 -0.9928 0.0914
vn -0.1647 -0.9667 0.1957
vn 0.4836 -0.7040 0.5201
vn 0.4056 -0.6975 0.5907
vn 0.7621 -0.0000 0.6475
vn 0.7526 -0.0316 0.6577
vn 0.5861 0.7054 0.3986
vn 0.6605 0.6676 0.3437
vn 0.0666 0.9946 -0.0791
vn 0.1588 0.9699 -0.1844
vn -0.4898 0.7055 -0.5122
vn -0.4407 0.6676 -0.6001
vn -0.7707 -0.6176 -0.1569
vn -0.7666 -0.0400 -0.6409
vn -0.3485 -0.8443 0.4071
vn 0.2643 -0.6090 0.7479
vn 0.7374 -0.0288 0.6749
vn 0.7853 0.5843 0.2047
vn 0.3461 0.8485 -0.4004
vn -0.3105 0.5774 -0.7552
vn -0.8916 -0.4524 -0.0200
vn -0.7705 -0.0386 -0.6363
vn -0.5196 -0.6106 0.5977
vn 0.1353 -0.4362 0.8896
vn 0.7244 -0.0154 0.6892
vn 0.9014 0.4259 0.0779
vn 0.5204 0.6117 -0.5959
vn -0.1909 0.4092 -0.8922
vn -0.9718 -0.2270 0.0641
vn -0.7727 -0.0289 -0.6341
vn -0.6314 -0.2974 0.7162
vn 0.0536 -0.2053 0.9772
vn 0.7190 0.0029 0.6950
vn 0.9772 0.2122 -0.0052
vn 0.6331 0.2915 -0.7171
vn -0.1114 0.1884 -0.9758
vn -0.9965 0.0108 0.0829
vn -0.7714 -0.0153 -0.6362
vn -0.6655 0.0297 0.7458
vn 0.0313 0.0325 0.9990
vn 0.7205 0.0166 0.6932
vn 0.9995 -0.0129 -0.0293
vn 0.6649 -0.0373 -0.7460
vn -0.0856 -0.0364 -0.9957
vn -0.9733 0.2242 0.0490
vn -0.7671 -0.0009 -0.6415
vn -0.6339 0.3208 0.7037
vn 0.0564 0.2401 0.9691
vn 0.7240 0.0220 0.6894
vn 0.9764 -0.2159 -0.0032
vn 0.6316 -0.3259 -0.7035
vn -0.1048 -0.2324 -0.9670
vn -0.9163 0.4000 -0.0193
vn -0.7604 0.0129 -0.6494
vn -0.5572 0.5583 0.6146
vn 0.1123 0.4062 0.9069
vn 0.7261 0.0210 0.6873
vn 0.9212 -0.3849 0.0577
vn 0.5542 -0.5610 -0.6150
vn -0.1543 -0.3901 -0.9078
vn -0.8366 0.5368 -0.1092
vn -0.7512 0.0253 -0.6596
vn -0.4510 0.7413 0.4971
vn 0.1869 0.5318 0.8260
vn 0.7256 0.0165 0.6879
vn 0.8438 -0.5178 0.1411
vn 0.4478 -0.7426 -0.4981
vn -0.2228 -0.5103 -0.8306
vn -0.7426 0.6355 -0.2115
vn -0.7397 0.0350 -0.6720
vn -0.3270 0.8721 0.3639
vn 0.2723 0.6201 0.7358
vn 0.7225 0.0108 0.6913
vn 0.7521 -0.6147 0.2378
vn 0.3237 -0.8728 -0.3653
vn -0.3024 -0.5957 -0.7441
vn -0.6419 0.6977 -0.3183
vn -0.7267 0.0410 -0.6857
vn -0.1951 0.9544 0.2259
vn 0.3619 0.6745 0.6435
vn 0.7172 0.0054 0.6969
vn 0.6533 -0.6768 0.3394
vn 0.1917 -0.9547 -0.2276
vn -0.3862 -0.6493 -0.6551
vn -0.5424 0.7266 -0.4218
vn -0.7134 0.0427 -0.6995
vn -0.0652 0.9935 0.0934
vn 0.4494 0.6992 0.5560
vn 0.7102 0.0012 0.7040
vn 0.5542 -0.7070 0.4393
vn 0.0606 -0.9937 -0.0938
vn -0.4690 -0.6751 -0.5695
vn -0.4996 0.7226 -0.4777
vn -0.7070 0.0216 -0.7069
vn -0.0008 0.9995 0.0309
vn 0.4990 0.6924 0.5212
vn 0.7064 -0.0216 0.7075
vn 0.4974 -0.7227 0.4798
vn -0.0025 -0.9996 -0.0275
vn -0.5007 -0.6925 -0.5194
vn 0.6423 -0.1124 -0.7582
vn 0.7075 0.0202 -0.7064
vt 0.010008 0.627308
vt 0.010008 0.596946
vt 0.099125 0.596946
vt 0.099125 0.627308
vt 0.010008 0.566584
vt 0.099125 0.566584
vt 0.010008 0.536222
vt 0.099125 0.536222
vt 0.010008 0.505859
vt 0.099125 0.505859
vt 0.010008 0.475497
vt 0.099125 0.475497
vt 0.010008 0.445135
vt 0.099125 0.445135
vt 0.010008 0.414773
vt 0.099125 0.414773
vt 0.010008 0.384411
vt 0.099125 0.384411
vt 0.172815 0.596946
vt 0.172815 0.627308
vt 0.172815 0.566584
vt 0.172815 0.536222
vt 0.172815 0.505859
vt 0.172815 0.475497
vt 0.172815 0.445135
vt 0.172815 0.414773
vt 0.172815 0.384411
vt 0.236925 0.596946
vt 0.236925 0.627308
vt 0.236925 0.566584
vt 0.236925 0.536222
vt 0.236925 0.505859
vt 0.236925 0.475497
vt 0.236925 0.445135
vt 0.236925 0.414773
vt 0.236925 0.384411
vt 0.297150 0.596946
vt 0.297150 0.627308
vt 0.297150 0.566584
vt 0.297150 0.536222
vt 0.297150 0.505859
vt 0.297150 0.475497
vt 0.297150 0.445135
vt 0.297150 0.414773
vt 0.297150 0.384411
vt 0.358091 0.596946
vt 0.358091 0.627308
vt 0.358091 0.566584
vt 0.358091 0.536222
vt 0.358091 0.505859
vt 0.358091 0.475497
vt 0.358091 0.445135
vt 0.358091 0.414773
vt 0.358091 0.384411
vt 0.422826 0.596946
vt 0.422826 0.627308
vt 0.422826 0.566584
vt 0.422826 0.536222
vt 0.422826 0.505859
vt 0.422826 0.475497
vt 0.422826 0.445135
vt 0.422826 0.414773
vt 0.422826 0.384411
vt 0.493290 0.596946
vt 0.493290 0.627308
vt 0.493290 0.566584
vt 0.493290 0.536222
vt 0.493290 0.505859
vt 0.493290 0.475497
vt 0.493290 0.445135
vt 0.493290 0.414773
vt 0.493290 0.384411
vt 0.570961 0.596946
vt 0.570961 0.627308
vt 0.570961 0.566584
vt 0.570961 0.536222
vt 0.570961 0.505859
vt 0.570961 0.475497
vt 0.570961 0.445135
vt 0.570961 0.414773
vt 0.570961 0.384411
vt 0.657423 0.596946
vt 0.657423 0.627308
vt 0.657423 0.566584
vt 0.657423 0.536222
vt 0.657423 0.505859
vt 0.657423 0.475497
vt 0.657423 0.445135
vt 0.657423 0.414773
vt 0.657423 0.384411
vt 0.754709 0.596946
vt 0.754709 0.627308
vt 0.754709 0.566584
vt 0.754709 0.536222
vt 0.754709 0.505859
vt 0.754709 0.475497
vt 0.754709 0.445135
vt 0.754709 0.414773
vt 0.754709 0.384411
vt 0.865420 0.596946
vt 0.865420 0.627308
vt 0.865420 0.566584
vt 0.865420 0.536222
vt 0.865420 0.505859
vt 0.865420 0.475497
vt 0.865420 0.445135
vt 0.865420 0.414773
vt 0.865420 0.384411
vt 0.992689 0.596946
vt 0.992689 0.627308
vt 0.992689 0.566584
vt 0.992689 0.536222
vt 0.992689 0.505859
vt 0.992689 0.475497
vt 0.992689 0.445135
vt 0.992689 0.414773
vt 0.992689 0.384411
s 1
usemtl hadicky
f 1377/1689/1112 1378/1690/1113 1386/1691/1114 1385/1692/1115
f 1378/1690/1113 1379/1693/1116 1387/1694/1117 1386/1691/1114
f 1379/1693/1116 1380/1695/1118 1388/1696/1119 1387/1694/1117
f 1380/1695/1118 1381/1697/1120 1389/1698/1121 1388/1696/1119
f 1381/1697/1120 1382/1699/1122 1390/1700/1123 1389/1698/1121
f 1382/1699/1122 1383/1701/1124 1391/1702/1125 1390/1700/1123
f 1383/1701/1124 1384/1703/1126 1392/1704/1127 1391/1702/1125
f 1384/1703/1126 1377/1705/1112 1385/1706/1115 1392/1704/1127
f 1385/1692/1115 1386/1691/1114 1394/1707/1128 1393/1708/1129
f 1386/1691/1114 1387/1694/1117 1395/1709/1130 1394/1707/1128
f 1387/1694/1117 1388/1696/1119 1396/1710/1131 1395/1709/1130
f 1388/1696/1119 1389/1698/1121 1397/1711/1132 1396/1710/1131
f 1389/1698/1121 1390/1700/1123 1398/1712/1133 1397/1711/1132
f 1390/1700/1123 1391/1702/1125 1399/1713/1134 1398/1712/1133
f 1391/1702/1125 1392/1704/1127 1400/1714/1135 1399/1713/1134
f 1392/1704/1127 1385/1706/1115 1393/1715/1129 1400/1714/1135
f 1393/1708/1129 1394/1707/1128 1402/1716/1136 1401/1717/1137
f 1394/1707/1128 1395/1709/1130 1403/1718/1138 1402/1716/1136
f 1395/1709/1130 1396/1710/1131 1404/1719/1139 1403/1718/1138
f 1396/1710/1131 1397/1711/1132 1405/1720/1140 1404/1719/1139
f 1397/1711/1132 1398/1712/1133 1406/1721/1141 1405/1720/1140
f 1398/1712/1133 1399/1713/1134 1407/1722/1142 1406/1721/1141
f 1399/1713/1134 1400/1714/1135 1408/1723/1143 1407/1722/1142
f 1400/1714/1135 1393/1715/1129 1401/1724/1137 1408/1723/1143
f 1401/1717/1137 1402/1716/1136 1410/1725/1144 1409/1726/1145
f 1402/1716/1136 1403/1718/1138 1411/1727/1146 1410/1725/1144
f 1403/1718/1138 1404/1719/1139 1412/1728/1147 1411/1727/1146
f 1404/1719/1139 1405/1720/1140 1413/1729/1148 1412/1728/1147
f 1405/1720/1140 1406/1721/1141 1414/1730/1149 1413/1729/1148
f 1406/1721/1141 1407/1722/1142 1415/1731/1150 1414/1730/1149
f 1407/1722/1142 1408/1723/1143 1416/1732/1151 1415/1731/1150
f 1408/1723/1143 1401/1724/1137 1409/1733/1145 1416/1732/1151
f 1409/1726/1145 1410/1725/1144 1418/1734/1152 1417/1735/1153
f 1410/1725/1144 1411/1727/1146 1419/1736/1154 1418/1734/1152
f 1411/1727/1146 1412/1728/1147 1420/1737/1155 1419/1736/1154
f 1412/1728/1147 1413/1729/1148 1421/1738/1156 1420/1737/1155
f 1413/1729/1148 1414/1730/1149 1422/1739/1157 1421/1738/1156
f 1414/1730/1149 1415/1731/1150 1423/1740/1158 1422/1739/1157
f 1415/1731/1150 1416/1732/1151 1424/1741/1159 1423/1740/1158
f 1416/1732/1151 1409/1733/1145 1417/1742/1153 1424/1741/1159
f 1417/1735/1153 1418/1734/1152 1426/1743/1160 1425/1744/1161
f 1418/1734/1152 1419/1736/1154 1427/1745/1162 1426/1743/1160
f 1419/1736/1154 1420/1737/1155 1428/1746/1163 1427/1745/1162
f 1420/1737/1155 1421/1738/1156 1429/1747/1164 1428/1746/1163
f 1421/1738/1156 1422/1739/1157 1430/1748/1165 1429/1747/1164
f 1422/1739/1157 1423/1740/1158 1431/1749/1166 1430/1748/1165
f 1423/1740/1158 1424/1741/1159 1432/1750/1167 1431/1749/1166
f 1424/1741/1159 1417/1742/1153 1425/1751/1161 1432/1750/1167
f 1425/1744/1161 1426/1743/1160 1434/1752/1168 1433/1753/1169
f 1426/1743/1160 1427/1745/1162 1435/1754/1170 1434/1752/1168
f 1427/1745/1162 1428/1746/1163 1436/1755/1171 1435/1754/1170
f 1428/1746/1163 1429/1747/1164 1437/1756/1172 1436/1755/1171
f 1429/1747/1164 1430/1748/1165 1438/1757/1173 1437/1756/1172
f 1430/1748/1165 1431/1749/1166 1439/1758/1174 1438/1757/1173
f 1431/1749/1166 1432/1750/1167 1440/1759/1175 1439/1758/1174
f 1432/1750/1167 1425/1751/1161 1433/1760/1169 1440/1759/1175
f 1433/1753/1169 1434/1752/1168 1442/1761/1176 1441/1762/1177
f 1434/1752/1168 1435/1754/1170 1443/1763/1178 1442/1761/1176
f 1435/1754/1170 1436/1755/1171 1444/1764/1179 1443/1763/1178
f 1436/1755/1171 1437/1756/1172 1445/1765/1180 1444/1764/1179
f 1437/1756/1172 1438/1757/1173 1446/1766/1181 1445/1765/1180
f 1438/1757/1173 1439/1758/1174 1447/1767/1182 1446/1766/1181
f 1439/1758/1174 1440/1759/1175 1448/1768/1183 1447/1767/1182
f 1440/1759/1175 1433/1760/1169 1441/1769/1177 1448/1768/1183
f 1441/1762/1177 1442/1761/1176 1450/1770/1184 1449/1771/1185
f 1442/1761/1176 1443/1763/1178 1451/1772/1186 1450/1770/1184
f 1443/1763/1178 1444/1764/1179 1452/1773/1187 1451/1772/1186
f 1444/1764/1179 1445/1765/1180 1453/1774/1188 1452/1773/1187
f 1445/1765/1180 1446/1766/1181 1454/1775/1189 1453/1774/1188
f 1446/1766/1181 1447/1767/1182 1455/1776/1190 1454/1775/1189
f 1447/1767/1182 1448/1768/1183 1456/1777/1191 1455/1776/1190
f 1448/1768/1183 1441/1769/1177 1449/1778/1185 1456/1777/1191
f 1449/1771/1185 1450/1770/1184 1458/1779/1192 1457/1780/1193
f 1450/1770/1184 1451/1772/1186 1459/1781/1194 1458/1779/1192
f 1451/1772/1186 1452/1773/1187 1460/1782/1195 1459/1781/1194
f 1452/1773/1187 1453/1774/1188 1461/1783/1196 1460/1782/1195
f 1453/1774/1188 1454/1775/1189 1462/1784/1197 1461/1783/1196
f 1454/1775/1189 1455/1776/1190 1463/1785/1198 1462/1784/1197
f 1455/1776/1190 1456/1777/1191 1464/1786/1199 1463/1785/1198
f 1456/1777/1191 1449/1778/1185 1457/1787/1193 1464/1786/1199
f 1457/1780/1193 1458/1779/1192 1466/1788/1200 1465/1789/1201
f 1458/1779/1192 1459/1781/1194 1467/1790/1202 1466/1788/1200
f 1459/1781/1194 1460/1782/1195 1468/1791/1203 1467/1790/1202
f 1460/1782/1195 1461/1783/1196 1469/1792/1204 1468/1791/1203
f 1461/1783/1196 1462/1784/1197 1470/1793/1205 1469/1792/1204
f 1462/1784/1197 1463/1785/1198 1471/1794/1206 1470/1793/1205
f 1463/1785/1198 1464/1786/1199 1472/1795/1207 1471/1794/1206
f 1464/1786/1199 1457/1787/1193 1465/1796/1201 1472/1795/1207
f 1465/1789/1201 1466/1788/1200 1474/1797/1208 1473/1798/1209
f 1466/1788/1200 1467/1790/1202 1475/1799/1210 1474/1797/1208
f 1467/1790/1202 1468/1791/1203 1476/1800/1211 1475/1799/1210
f 1468/1791/1203 1469/1792/1204 1477/1801/1212 1476/1800/1211
f 1469/1792/1204 1470/1793/1205 1478/1802/1213 1477/1801/1212
f 1470/1793/1205 1471/1794/1206 1479/1803/1214 1478/1802/1213
f 1471/1794/1206 1472/1795/1207 1480/1804/1215 1479/1803/1214
f 1472/1795/1207 1465/1796/1201 1473/1805/1209 1480/1804/1215
f 1384/1703/1216 1383/1701/1216 1382/1699/1216 1381/1697/1216 1380/1695/1216 1379/1693/1216 1378/1690/1216 1377/1705/1216
f 1473/1805/1217 1474/1797/1217 1475/1799/1217 1476/1800/1217 1477/1801/1217 1478/1802/1217 1479/1803/1217 1480/1804/1217
o BézierCurve.008
v -0.562221 5.597174 -3.250665
v -0.667955 5.351256 -3.240480
v -0.903552 5.249393 -3.163820
v -1.131004 5.351256 -3.065593
v -1.217072 5.597174 -3.003338
v -1.111338 5.843091 -3.013523
v -0.875741 5.944954 -3.090182
v -0.648289 5.843091 -3.188410
v -0.690326 5.638058 -3.589832
v -0.808278 5.398596 -3.612290
v -1.049350 5.299626 -3.550256
v -1.272325 5.399124 -3.440068
v -1.346587 5.638803 -3.346274
v -1.228635 5.878265 -3.323816
v -0.987564 5.977235 -3.385849
v -0.764589 5.877738 -3.496037
v -0.784771 5.753116 -3.849687
v -0.927015 5.544406 -3.938938
v -1.178867 5.459083 -3.906543
v -1.392795 5.547127 -3.771481
v -1.443483 5.756964 -3.612868
v -1.301239 5.965674 -3.523618
v -1.049387 6.050997 -3.556012
v -0.835459 5.962953 -3.691074
v -0.848210 5.927326 -4.033086
v -1.011604 5.777318 -4.183282
v -1.272665 5.717554 -4.177423
v -1.478466 5.783042 -4.018943
v -1.508452 5.935421 -3.800676
v -1.345057 6.085428 -3.650480
v -1.083996 6.145192 -3.656339
v -0.878195 6.079704 -3.814819
v -0.882377 6.146223 -4.140516
v -1.058231 6.074664 -4.329496
v -1.324596 6.048291 -4.340147
v -1.525437 6.082553 -4.166228
v -1.543106 6.157380 -3.909620
v -1.367251 6.228938 -3.720640
v -1.100887 6.255311 -3.709990
v -0.900046 6.221049 -3.883908
v -0.888669 6.395117 -4.171491
v -1.066914 6.404665 -4.371232
v -1.334268 6.411887 -4.386340
v -1.534119 6.412553 -4.207963
v -1.549397 6.406273 -3.940595
v -1.371152 6.396726 -3.740855
v -1.103798 6.389503 -3.725747
v -0.903946 6.388837 -3.904123
v -0.868400 6.658423 -4.125197
v -1.041433 6.739409 -4.312972
v -1.306696 6.775301 -4.323277
v -1.508801 6.745072 -4.150076
v -1.529358 6.666431 -3.894828
v -1.356325 6.585445 -3.707053
v -1.091062 6.549554 -3.696747
v -0.888956 6.579783 -3.869948
v -0.823032 6.919965 -4.001150
v -0.986238 7.058794 -4.161926
v -1.247689 7.117120 -4.161760
v -1.454231 7.060779 -4.000748
v -1.484873 6.922772 -3.773209
v -1.321667 6.783944 -3.612432
v -1.060216 6.725617 -3.612599
v -0.853674 6.781959 -3.773611
v -0.754182 7.163439 -3.799296
v -0.905017 7.346561 -3.923690
v -1.161826 7.421506 -3.909874
v -1.374175 7.344371 -3.765941
v -1.417673 7.160342 -3.576204
v -1.266838 6.977220 -3.451810
v -1.010029 6.902275 -3.465626
v -0.797679 6.979410 -3.609560
v -0.663574 7.372614 -3.519897
v -0.800883 7.587279 -3.602504
v -1.052768 7.673707 -3.573476
v -1.271680 7.581269 -3.449815
v -1.329381 7.364115 -3.303962
v -1.192072 7.149450 -3.221354
v -0.940187 7.063022 -3.250382
v -0.721275 7.155460 -3.374043
v -0.552995 7.531413 -3.163444
v -0.676727 7.765815 -3.202241
v -0.923796 7.859244 -3.157669
v -1.149472 7.756973 -3.055838
v -1.221557 7.518909 -2.956399
v -1.097826 7.284508 -2.917602
v -0.850757 7.191078 -2.962173
v -0.625080 7.293350 -3.064005
v -0.424261 7.623975 -2.730560
v -0.535271 7.867737 -2.726562
v -0.777922 7.964417 -2.667131
v -1.010073 7.857381 -2.587081
v -1.095733 7.609330 -2.533304
v -0.984724 7.365569 -2.537302
v -0.742072 7.268889 -2.596733
v -0.509921 7.375925 -2.676783
v -0.279855 7.634705 -2.224289
v -0.384866 7.879890 -2.199476
v -0.625456 7.977060 -2.132892
v -0.860691 7.869292 -2.063540
v -0.952773 7.619717 -2.032046
v -0.847762 7.374532 -2.056859
v -0.607172 7.277362 -2.123443
v -0.371937 7.385130 -2.192795
vn 0.9350 0.0005 -0.3546
vn 0.6301 -0.7040 -0.3275
vn 0.5821 -0.7004 -0.4130
vn 0.9336 -0.0341 -0.3568
vn -0.0425 -0.9928 -0.1119
vn -0.0912 -0.9667 -0.2391
vn -0.6895 -0.7040 0.1704
vn -0.7134 -0.6975 0.0679
vn -0.9360 -0.0000 0.3520
vn -0.9403 -0.0316 0.3388
vn -0.6330 0.7054 0.3190
vn -0.6210 0.6676 0.4106
vn 0.0368 0.9946 0.0966
vn 0.0841 0.9699 0.2283
vn 0.6856 0.7055 -0.1797
vn 0.7386 0.6676 -0.0940
vn 0.5113 -0.6176 -0.5977
vn 0.9324 -0.0400 -0.3591
vn -0.1868 -0.8443 -0.5023
vn -0.7821 -0.6090 -0.1319
vn -0.9480 -0.0288 0.3171
vn -0.5602 0.5843 0.5872
vn 0.1821 0.8485 0.4969
vn 0.8109 0.5774 0.0951
vn 0.4503 -0.4524 -0.7698
vn 0.9303 -0.0386 -0.3648
vn -0.2704 -0.6106 -0.7444
vn -0.8435 -0.4362 -0.3135
vn -0.9542 -0.0154 0.2988
vn -0.5056 0.4259 0.7503
vn 0.2684 0.6117 0.7442
vn 0.8728 0.4092 0.2662
vn 0.4156 -0.2270 -0.8808
vn 0.9295 -0.0289 -0.3678
vn -0.3197 -0.2974 -0.8996
vn -0.8804 -0.2053 -0.4274
vn -0.9566 0.0029 0.2913
vn -0.4698 0.2122 0.8569
vn 0.3197 0.2915 0.9016
vn 0.9072 0.1884 0.3762
vn 0.4112 0.0108 -0.9115
vn 0.9306 -0.0153 -0.3656
vn -0.3290 0.0297 -0.9438
vn -0.8886 0.0325 -0.4576
vn -0.9558 0.0166 0.2935
vn -0.4595 -0.0129 0.8881
vn 0.3295 -0.0373 0.9434
vn 0.9120 -0.0364 0.4085
vn 0.4295 0.2242 -0.8748
vn 0.9332 -0.0009 -0.3593
vn -0.3075 0.3208 -0.8958
vn -0.8747 0.2401 -0.4211
vn -0.9542 0.0220 0.2984
vn -0.4711 -0.2159 0.8552
vn 0.3085 -0.3259 0.8937
vn 0.8963 -0.2324 0.3777
vn 0.4616 0.4000 -0.7917
vn 0.9368 0.0129 -0.3496
vn -0.2669 0.5583 -0.7855
vn -0.8474 0.4062 -0.3420
vn -0.9533 0.0210 0.3013
vn -0.4976 -0.3849 0.7774
vn 0.2687 -0.5610 0.7830
vn 0.8686 -0.3901 0.3057
vn 0.5016 0.5368 -0.6784
vn 0.9413 0.0253 -0.3366
vn -0.2157 0.7413 -0.6356
vn -0.8129 0.5318 -0.2375
vn -0.9537 0.0165 0.3005
vn -0.5330 -0.5178 0.6692
vn 0.2181 -0.7426 0.6333
vn 0.8344 -0.5103 0.2083
vn 0.5454 0.6355 -0.5466
vn 0.9466 0.0350 -0.3206
vn -0.1594 0.8721 -0.4626
vn -0.7754 0.6201 -0.1191
vn -0.9551 0.0108 0.2961
vn -0.5729 -0.6147 0.5421
vn 0.1623 -0.8728 0.4603
vn 0.7974 -0.5957 0.0968
vn 0.5898 0.6977 -0.4067
vn 0.9523 0.0410 -0.3026
vn -0.1028 0.9544 -0.2803
vn -0.7382 0.6745 0.0040
vn -0.9574 0.0054 0.2888
vn -0.6138 -0.6768 0.4064
vn 0.1059 -0.9547 0.2781
vn 0.7603 -0.6493 -0.0197
vn 0.6320 0.7266 -0.2695
vn 0.9578 0.0427 -0.2842
vn -0.0500 0.9935 -0.1023
vn -0.7042 0.6992 0.1230
vn -0.9602 0.0012 0.2792
vn -0.6531 -0.7070 0.2714
vn 0.0527 -0.9937 0.0985
vn 0.7255 -0.6751 -0.1336
vn 0.6602 0.7226 -0.2050
vn 0.9612 0.0216 -0.2750
vn -0.0266 0.9995 -0.0157
vn -0.6979 0.6924 0.1833
vn -0.9614 -0.0216 0.2742
vn -0.6610 -0.7227 0.2020
vn 0.0253 -0.9996 0.0112
vn 0.6971 -0.6925 -0.1857
vn 0.3511 -0.1124 0.9296
vn 0.2742 0.0202 0.9615
vt 0.010008 0.627308
vt 0.010008 0.596946
vt 0.099125 0.596946
vt 0.099125 0.627308
vt 0.010008 0.566584
vt 0.099125 0.566584
vt 0.010008 0.536222
vt 0.099125 0.536222
vt 0.010008 0.505859
vt 0.099125 0.505859
vt 0.010008 0.475497
vt 0.099125 0.475497
vt 0.010008 0.445135
vt 0.099125 0.445135
vt 0.010008 0.414773
vt 0.099125 0.414773
vt 0.010008 0.384411
vt 0.099125 0.384411
vt 0.172815 0.596946
vt 0.172815 0.627308
vt 0.172815 0.566584
vt 0.172815 0.536222
vt 0.172815 0.505859
vt 0.172815 0.475497
vt 0.172815 0.445135
vt 0.172815 0.414773
vt 0.172815 0.384411
vt 0.236925 0.596946
vt 0.236925 0.627308
vt 0.236925 0.566584
vt 0.236925 0.536222
vt 0.236925 0.505859
vt 0.236925 0.475497
vt 0.236925 0.445135
vt 0.236925 0.414773
vt 0.236925 0.384411
vt 0.297150 0.596946
vt 0.297150 0.627308
vt 0.297150 0.566584
vt 0.297150 0.536222
vt 0.297150 0.505859
vt 0.297150 0.475497
vt 0.297150 0.445135
vt 0.297150 0.414773
vt 0.297150 0.384411
vt 0.358091 0.596946
vt 0.358091 0.627308
vt 0.358091 0.566584
vt 0.358091 0.536222
vt 0.358091 0.505859
vt 0.358091 0.475497
vt 0.358091 0.445135
vt 0.358091 0.414773
vt 0.358091 0.384411
vt 0.422826 0.596946
vt 0.422826 0.627308
vt 0.422826 0.566584
vt 0.422826 0.536222
vt 0.422826 0.505859
vt 0.422826 0.475497
vt 0.422826 0.445135
vt 0.422826 0.414773
vt 0.422826 0.384411
vt 0.493290 0.596946
vt 0.493290 0.627308
vt 0.493290 0.566584
vt 0.493290 0.536222
vt 0.493290 0.505859
vt 0.493290 0.475497
vt 0.493290 0.445135
vt 0.493290 0.414773
vt 0.493290 0.384411
vt 0.570961 0.596946
vt 0.570961 0.627308
vt 0.570961 0.566584
vt 0.570961 0.536222
vt 0.570961 0.505859
vt 0.570961 0.475497
vt 0.570961 0.445135
vt 0.570961 0.414773
vt 0.570961 0.384411
vt 0.657423 0.596946
vt 0.657423 0.627308
vt 0.657423 0.566584
vt 0.657423 0.536222
vt 0.657423 0.505859
vt 0.657423 0.475497
vt 0.657423 0.445135
vt 0.657423 0.414773
vt 0.657423 0.384411
vt 0.754709 0.596946
vt 0.754709 0.627308
vt 0.754709 0.566584
vt 0.754709 0.536222
vt 0.754709 0.505859
vt 0.754709 0.475497
vt 0.754709 0.445135
vt 0.754709 0.414773
vt 0.754709 0.384411
vt 0.865420 0.596946
vt 0.865420 0.627308
vt 0.865420 0.566584
vt 0.865420 0.536222
vt 0.865420 0.505859
vt 0.865420 0.475497
vt 0.865420 0.445135
vt 0.865420 0.414773
vt 0.865420 0.384411
vt 0.992689 0.596946
vt 0.992689 0.627308
vt 0.992689 0.566584
vt 0.992689 0.536222
vt 0.992689 0.505859
vt 0.992689 0.475497
vt 0.992689 0.445135
vt 0.992689 0.414773
vt 0.992689 0.384411
s 1
usemtl hadicky
f 1481/1806/1218 1482/1807/1219 1490/1808/1220 1489/1809/1221
f 1482/1807/1219 1483/1810/1222 1491/1811/1223 1490/1808/1220
f 1483/1810/1222 1484/1812/1224 1492/1813/1225 1491/1811/1223
f 1484/1812/1224 1485/1814/1226 1493/1815/1227 1492/1813/1225
f 1485/1814/1226 1486/1816/1228 1494/1817/1229 1493/1815/1227
f 1486/1816/1228 1487/1818/1230 1495/1819/1231 1494/1817/1229
f 1487/1818/1230 1488/1820/1232 1496/1821/1233 1495/1819/1231
f 1488/1820/1232 1481/1822/1218 1489/1823/1221 1496/1821/1233
f 1489/1809/1221 1490/1808/1220 1498/1824/1234 1497/1825/1235
f 1490/1808/1220 1491/1811/1223 1499/1826/1236 1498/1824/1234
f 1491/1811/1223 1492/1813/1225 1500/1827/1237 1499/1826/1236
f 1492/1813/1225 1493/1815/1227 1501/1828/1238 1500/1827/1237
f 1493/1815/1227 1494/1817/1229 1502/1829/1239 1501/1828/1238
f 1494/1817/1229 1495/1819/1231 1503/1830/1240 1502/1829/1239
f 1495/1819/1231 1496/1821/1233 1504/1831/1241 1503/1830/1240
f 1496/1821/1233 1489/1823/1221 1497/1832/1235 1504/1831/1241
f 1497/1825/1235 1498/1824/1234 1506/1833/1242 1505/1834/1243
f 1498/1824/1234 1499/1826/1236 1507/1835/1244 1506/1833/1242
f 1499/1826/1236 1500/1827/1237 1508/1836/1245 1507/1835/1244
f 1500/1827/1237 1501/1828/1238 1509/1837/1246 1508/1836/1245
f 1501/1828/1238 1502/1829/1239 1510/1838/1247 1509/1837/1246
f 1502/1829/1239 1503/1830/1240 1511/1839/1248 1510/1838/1247
f 1503/1830/1240 1504/1831/1241 1512/1840/1249 1511/1839/1248
f 1504/1831/1241 1497/1832/1235 1505/1841/1243 1512/1840/1249
f 1505/1834/1243 1506/1833/1242 1514/1842/1250 1513/1843/1251
f 1506/1833/1242 1507/1835/1244 1515/1844/1252 1514/1842/1250
f 1507/1835/1244 1508/1836/1245 1516/1845/1253 1515/1844/1252
f 1508/1836/1245 1509/1837/1246 1517/1846/1254 1516/1845/1253
f 1509/1837/1246 1510/1838/1247 1518/1847/1255 1517/1846/1254
f 1510/1838/1247 1511/1839/1248 1519/1848/1256 1518/1847/1255
f 1511/1839/1248 1512/1840/1249 1520/1849/1257 1519/1848/1256
f 1512/1840/1249 1505/1841/1243 1513/1850/1251 1520/1849/1257
f 1513/1843/1251 1514/1842/1250 1522/1851/1258 1521/1852/1259
f 1514/1842/1250 1515/1844/1252 1523/1853/1260 1522/1851/1258
f 1515/1844/1252 1516/1845/1253 1524/1854/1261 1523/1853/1260
f 1516/1845/1253 1517/1846/1254 1525/1855/1262 1524/1854/1261
f 1517/1846/1254 1518/1847/1255 1526/1856/1263 1525/1855/1262
f 1518/1847/1255 1519/1848/1256 1527/1857/1264 1526/1856/1263
f 1519/1848/1256 1520/1849/1257 1528/1858/1265 1527/1857/1264
f 1520/1849/1257 1513/1850/1251 1521/1859/1259 1528/1858/1265
f 1521/1852/1259 1522/1851/1258 1530/1860/1266 1529/1861/1267
f 1522/1851/1258 1523/1853/1260 1531/1862/1268 1530/1860/1266
f 1523/1853/1260 1524/1854/1261 1532/1863/1269 1531/1862/1268
f 1524/1854/1261 1525/1855/1262 1533/1864/1270 1532/1863/1269
f 1525/1855/1262 1526/1856/1263 1534/1865/1271 1533/1864/1270
f 1526/1856/1263 1527/1857/1264 1535/1866/1272 1534/1865/1271
f 1527/1857/1264 1528/1858/1265 1536/1867/1273 1535/1866/1272
f 1528/1858/1265 1521/1859/1259 1529/1868/1267 1536/1867/1273
f 1529/1861/1267 1530/1860/1266 1538/1869/1274 1537/1870/1275
f 1530/1860/1266 1531/1862/1268 1539/1871/1276 1538/1869/1274
f 1531/1862/1268 1532/1863/1269 1540/1872/1277 1539/1871/1276
f 1532/1863/1269 1533/1864/1270 1541/1873/1278 1540/1872/1277
f 1533/1864/1270 1534/1865/1271 1542/1874/1279 1541/1873/1278
f 1534/1865/1271 1535/1866/1272 1543/1875/1280 1542/1874/1279
f 1535/1866/1272 1536/1867/1273 1544/1876/1281 1543/1875/1280
f 1536/1867/1273 1529/1868/1267 1537/1877/1275 1544/1876/1281
f 1537/1870/1275 1538/1869/1274 1546/1878/1282 1545/1879/1283
f 1538/1869/1274 1539/1871/1276 1547/1880/1284 1546/1878/1282
f 1539/1871/1276 1540/1872/1277 1548/1881/1285 1547/1880/1284
f 1540/1872/1277 1541/1873/1278 1549/1882/1286 1548/1881/1285
f 1541/1873/1278 1542/1874/1279 1550/1883/1287 1549/1882/1286
f 1542/1874/1279 1543/1875/1280 1551/1884/1288 1550/1883/1287
f 1543/1875/1280 1544/1876/1281 1552/1885/1289 1551/1884/1288
f 1544/1876/1281 1537/1877/1275 1545/1886/1283 1552/1885/1289
f 1545/1879/1283 1546/1878/1282 1554/1887/1290 1553/1888/1291
f 1546/1878/1282 1547/1880/1284 1555/1889/1292 1554/1887/1290
f 1547/1880/1284 1548/1881/1285 1556/1890/1293 1555/1889/1292
f 1548/1881/1285 1549/1882/1286 1557/1891/1294 1556/1890/1293
f 1549/1882/1286 1550/1883/1287 1558/1892/1295 1557/1891/1294
f 1550/1883/1287 1551/1884/1288 1559/1893/1296 1558/1892/1295
f 1551/1884/1288 1552/1885/1289 1560/1894/1297 1559/1893/1296
f 1552/1885/1289 1545/1886/1283 1553/1895/1291 1560/1894/1297
f 1553/1888/1291 1554/1887/1290 1562/1896/1298 1561/1897/1299
f 1554/1887/1290 1555/1889/1292 1563/1898/1300 1562/1896/1298
f 1555/1889/1292 1556/1890/1293 1564/1899/1301 1563/1898/1300
f 1556/1890/1293 1557/1891/1294 1565/1900/1302 1564/1899/1301
f 1557/1891/1294 1558/1892/1295 1566/1901/1303 1565/1900/1302
f 1558/1892/1295 1559/1893/1296 1567/1902/1304 1566/1901/1303
f 1559/1893/1296 1560/1894/1297 1568/1903/1305 1567/1902/1304
f 1560/1894/1297 1553/1895/1291 1561/1904/1299 1568/1903/1305
f 1561/1897/1299 1562/1896/1298 1570/1905/1306 1569/1906/1307
f 1562/1896/1298 1563/1898/1300 1571/1907/1308 1570/1905/1306
f 1563/1898/1300 1564/1899/1301 1572/1908/1309 1571/1907/1308
f 1564/1899/1301 1565/1900/1302 1573/1909/1310 1572/1908/1309
f 1565/1900/1302 1566/1901/1303 1574/1910/1311 1573/1909/1310
f 1566/1901/1303 1567/1902/1304 1575/1911/1312 1574/1910/1311
f 1567/1902/1304 1568/1903/1305 1576/1912/1313 1575/1911/1312
f 1568/1903/1305 1561/1904/1299 1569/1913/1307 1576/1912/1313
f 1569/1906/1307 1570/1905/1306 1578/1914/1314 1577/1915/1315
f 1570/1905/1306 1571/1907/1308 1579/1916/1316 1578/1914/1314
f 1571/1907/1308 1572/1908/1309 1580/1917/1317 1579/1916/1316
f 1572/1908/1309 1573/1909/1310 1581/1918/1318 1580/1917/1317
f 1573/1909/1310 1574/1910/1311 1582/1919/1319 1581/1918/1318
f 1574/1910/1311 1575/1911/1312 1583/1920/1320 1582/1919/1319
f 1575/1911/1312 1576/1912/1313 1584/1921/1321 1583/1920/1320
f 1576/1912/1313 1569/1913/1307 1577/1922/1315 1584/1921/1321
f 1488/1820/1322 1487/1818/1322 1486/1816/1322 1485/1814/1322 1484/1812/1322 1483/1810/1322 1482/1807/1322 1481/1822/1322
f 1577/1922/1323 1578/1914/1323 1579/1916/1323 1580/1917/1323 1581/1918/1323 1582/1919/1323 1583/1920/1323 1584/1921/1323
o BézierCurve.009
v -3.044769 5.597174 -1.269762
v -3.092907 5.351256 -1.175073
v -3.154631 5.249393 -0.935129
v -3.193784 5.351256 -0.690486
v -3.187430 5.597174 -0.584454
v -3.139292 5.843091 -0.679143
v -3.077569 5.944954 -0.919087
v -3.038416 5.843091 -1.163729
v -3.399714 5.638058 -1.343645
v -3.481955 5.398596 -1.256161
v -3.558958 5.299626 -1.019445
v -3.585616 5.399124 -0.772163
v -3.546314 5.638803 -0.659169
v -3.464073 5.878265 -0.746653
v -3.387070 5.977235 -0.983369
v -3.360412 5.877738 -1.230651
v -3.669672 5.753116 -1.403377
v -3.821310 5.544406 -1.331231
v -3.929109 5.459083 -1.101323
v -3.929922 5.547127 -0.848328
v -3.823273 5.756964 -0.720448
v -3.671634 5.965674 -0.792593
v -3.563835 6.050997 -1.022502
v -3.563022 5.962953 -1.275497
v -3.858473 5.927326 -1.448249
v -4.072889 5.777318 -1.390957
v -4.208023 5.717554 -1.167516
v -4.184713 5.783042 -0.908814
v -4.016616 5.935421 -0.766395
v -3.802200 6.085428 -0.823687
v -3.667067 6.145192 -1.047129
v -3.690376 6.079704 -1.305831
v -3.967462 6.146223 -1.477060
v -4.221292 6.074664 -1.430064
v -4.373201 6.048291 -1.211005
v -4.334204 6.082553 -0.948205
v -4.127143 6.157380 -0.795608
v -3.873313 6.228938 -0.842604
v -3.721404 6.255311 -1.061662
v -3.760402 6.221049 -1.324463
v -3.996977 6.395117 -1.488371
v -4.261170 6.404665 -1.445132
v -4.417372 6.411887 -1.227628
v -4.374081 6.412553 -0.963272
v -4.156658 6.406273 -0.806919
v -3.892465 6.396726 -0.850158
v -3.736263 6.389503 -1.067661
v -3.779553 6.388837 -1.332018
v -3.947035 6.658423 -1.480635
v -4.198335 6.739409 -1.435373
v -4.349362 6.775301 -1.217058
v -4.311647 6.745072 -0.953577
v -4.107284 6.666431 -0.799272
v -3.855985 6.585445 -0.844534
v -3.704957 6.549554 -1.062848
v -3.742671 6.579783 -1.326330
v -3.818014 6.919965 -1.452360
v -4.041258 7.058794 -1.400904
v -4.181403 7.117120 -1.180187
v -4.156355 7.060779 -0.919502
v -3.980786 6.922772 -0.771554
v -3.757542 6.783944 -0.823009
v -3.617397 6.725617 -1.043727
v -3.642445 6.781959 -1.304412
v -3.610736 7.163439 -1.402151
v -3.796639 7.346561 -1.341614
v -3.922776 7.421506 -1.117490
v -3.915256 7.344371 -0.861067
v -3.778485 7.160342 -0.722556
v -3.592581 6.977220 -0.783093
v -3.466444 6.902275 -1.007217
v -3.473964 6.979410 -1.263639
v -3.326345 7.372614 -1.328695
v -3.469729 7.587279 -1.257151
v -3.580387 7.673707 -1.029019
v -3.593495 7.581269 -0.777937
v -3.501376 7.364115 -0.650985
v -3.357991 7.149450 -0.722529
v -3.247334 7.063022 -0.950661
v -3.234226 7.155460 -1.201743
v -2.966217 7.531413 -1.230748
v -3.065346 7.765815 -1.147153
v -3.160303 7.859244 -0.914746
v -3.195462 7.756973 -0.669668
v -3.150228 7.518909 -0.555482
v -3.051098 7.284508 -0.639077
v -2.956142 7.191078 -0.871484
v -2.920983 7.293350 -1.116562
v -2.531850 7.623975 -1.107110
v -2.588040 7.867737 -1.011288
v -2.668087 7.964417 -0.774636
v -2.725101 7.857381 -0.535781
v -2.725683 7.609330 -0.434642
v -2.669493 7.365569 -0.530464
v -2.589446 7.268889 -0.767116
v -2.532432 7.375925 -1.005971
v -2.027145 7.634705 -0.957320
v -2.062553 7.879890 -0.855392
v -2.135457 7.977060 -0.616642
v -2.203153 7.869292 -0.380925
v -2.225985 7.619717 -0.286322
v -2.190578 7.374532 -0.388250
v -2.117673 7.277362 -0.627001
v -2.049977 7.385130 -0.862717
vn 0.2024 0.0005 -0.9793
vn 0.0617 -0.7040 -0.7075
vn -0.0362 -0.7004 -0.7128
vn 0.1998 -0.0341 -0.9792
vn -0.1172 -0.9928 -0.0242
vn -0.2506 -0.9667 -0.0513
vn -0.2262 -0.7040 0.6732
vn -0.3255 -0.6975 0.6384
vn -0.2052 -0.0000 0.9787
vn -0.2187 -0.0316 0.9753
vn -0.0704 0.7054 0.7053
vn 0.0133 0.6676 0.7444
vn 0.1013 0.9946 0.0208
vn 0.2378 0.9699 0.0515
vn 0.2163 0.7055 -0.6749
vn 0.3170 0.6676 -0.6737
vn -0.2301 -0.6176 -0.7521
vn 0.1973 -0.0400 -0.9795
vn -0.5241 -0.8443 -0.1119
vn -0.5310 -0.6090 0.5892
vn -0.2411 -0.0288 0.9701
vn 0.1950 0.5843 0.7878
vn 0.5170 0.8485 0.1130
vn 0.5154 0.5774 -0.6333
vn -0.4080 -0.4524 -0.7930
vn 0.1914 -0.0386 -0.9808
vn -0.7732 -0.6106 -0.1712
vn -0.7171 -0.4362 0.5436
vn -0.2599 -0.0154 0.9655
vn 0.3618 0.4259 0.8293
vn 0.7720 0.6117 0.1729
vn 0.6929 0.4092 -0.5937
vn -0.5202 -0.2270 -0.8233
vn 0.1884 -0.0289 -0.9817
vn -0.9307 -0.2974 -0.2129
vn -0.8331 -0.2053 0.5136
vn -0.2674 0.0029 0.9636
vn 0.4710 0.2122 0.8562
vn 0.9323 0.2915 0.2140
vn 0.8042 0.1884 -0.5636
vn -0.5485 0.0108 -0.8361
vn 0.1908 -0.0153 -0.9815
vn -0.9730 0.0297 -0.2288
vn -0.8629 0.0325 0.5043
vn -0.2652 0.0166 0.9641
vn 0.5029 -0.0129 0.8643
vn 0.9729 -0.0373 0.2282
vn 0.8341 -0.0364 -0.5505
vn -0.5077 0.2242 -0.8318
vn 0.1975 -0.0009 -0.9803
vn -0.9210 0.3208 -0.2212
vn -0.8246 0.2401 0.5122
vn -0.2602 0.0220 0.9653
vn 0.4689 -0.2159 0.8565
vn 0.9196 -0.3259 0.2192
vn 0.7997 -0.2324 -0.5537
vn -0.4204 0.4000 -0.8144
vn 0.2077 0.0129 -0.9781
vn -0.8061 0.5583 -0.1962
vn -0.7433 0.4062 0.5316
vn -0.2573 0.0210 0.9661
vn 0.3890 -0.3849 0.8370
vn 0.8049 -0.5610 0.1934
vn 0.7240 -0.3901 -0.5689
vn -0.3034 0.5368 -0.7873
vn 0.2210 0.0253 -0.9749
vn -0.6521 0.7413 -0.1591
vn -0.6366 0.5318 0.5585
vn -0.2582 0.0165 0.9660
vn 0.2788 -0.5178 0.8088
vn 0.6514 -0.7426 0.1558
vn 0.6235 -0.5103 -0.5923
vn -0.1686 0.6355 -0.7535
vn 0.2374 0.0350 -0.9708
vn -0.4759 0.8721 -0.1137
vn -0.5166 0.6201 0.5905
vn -0.2626 0.0108 0.9648
vn 0.1500 -0.6147 0.7744
vn 0.4755 -0.8728 0.1100
vn 0.5095 -0.5957 -0.6209
vn -0.0267 0.6977 -0.7159
vn 0.2556 0.0410 -0.9659
vn -0.2917 0.9544 -0.0636
vn -0.3927 0.6745 0.6251
vn -0.2700 0.0054 0.9628
vn 0.0136 -0.6768 0.7361
vn 0.2915 -0.9547 0.0598
vn 0.3913 -0.6493 -0.6521
vn 0.1117 0.7266 -0.6780
vn 0.2741 0.0427 -0.9607
vn -0.1132 0.9935 -0.0127
vn -0.2741 0.6992 0.6603
vn -0.2796 0.0012 0.9601
vn -0.1214 -0.7070 0.6967
vn 0.1114 -0.9937 0.0084
vn 0.2765 -0.6751 -0.6840
vn 0.1813 0.7226 -0.6671
vn 0.2837 0.0216 -0.9587
vn -0.0275 0.9995 0.0140
vn -0.2198 0.6924 0.6873
vn -0.2845 -0.0216 0.9584
vn -0.1842 -0.7227 0.6661
vn 0.0230 -0.9996 -0.0153
vn 0.2174 -0.6925 -0.6879
vn 0.9728 -0.1124 0.2025
vn 0.9585 0.0202 0.2845
vt 0.010008 0.627308
vt 0.010008 0.596946
vt 0.099125 0.596946
vt 0.099125 0.627308
vt 0.010008 0.566584
vt 0.099125 0.566584
vt 0.010008 0.536222
vt 0.099125 0.536222
vt 0.010008 0.505859
vt 0.099125 0.505859
vt 0.010008 0.475497
vt 0.099125 0.475497
vt 0.010008 0.445135
vt 0.099125 0.445135
vt 0.010008 0.414773
vt 0.099125 0.414773
vt 0.010008 0.384411
vt 0.099125 0.384411
vt 0.172815 0.596946
vt 0.172815 0.627308
vt 0.172815 0.566584
vt 0.172815 0.536222
vt 0.172815 0.505859
vt 0.172815 0.475497
vt 0.172815 0.445135
vt 0.172815 0.414773
vt 0.172815 0.384411
vt 0.236925 0.596946
vt 0.236925 0.627308
vt 0.236925 0.566584
vt 0.236925 0.536222
vt 0.236925 0.505859
vt 0.236925 0.475497
vt 0.236925 0.445135
vt 0.236925 0.414773
vt 0.236925 0.384411
vt 0.297150 0.596946
vt 0.297150 0.627308
vt 0.297150 0.566584
vt 0.297150 0.536222
vt 0.297150 0.505859
vt 0.297150 0.475497
vt 0.297150 0.445135
vt 0.297150 0.414773
vt 0.297150 0.384411
vt 0.358091 0.596946
vt 0.358091 0.627308
vt 0.358091 0.566584
vt 0.358091 0.536222
vt 0.358091 0.505859
vt 0.358091 0.475497
vt 0.358091 0.445135
vt 0.358091 0.414773
vt 0.358091 0.384411
vt 0.422826 0.596946
vt 0.422826 0.627308
vt 0.422826 0.566584
vt 0.422826 0.536222
vt 0.422826 0.505859
vt 0.422826 0.475497
vt 0.422826 0.445135
vt 0.422826 0.414773
vt 0.422826 0.384411
vt 0.493290 0.596946
vt 0.493290 0.627308
vt 0.493290 0.566584
vt 0.493290 0.536222
vt 0.493290 0.505859
vt 0.493290 0.475497
vt 0.493290 0.445135
vt 0.493290 0.414773
vt 0.493290 0.384411
vt 0.570961 0.596946
vt 0.570961 0.627308
vt 0.570961 0.566584
vt 0.570961 0.536222
vt 0.570961 0.505859
vt 0.570961 0.475497
vt 0.570961 0.445135
vt 0.570961 0.414773
vt 0.570961 0.384411
vt 0.657423 0.596946
vt 0.657423 0.627308
vt 0.657423 0.566584
vt 0.657423 0.536222
vt 0.657423 0.505859
vt 0.657423 0.475497
vt 0.657423 0.445135
vt 0.657423 0.414773
vt 0.657423 0.384411
vt 0.754709 0.596946
vt 0.754709 0.627308
vt 0.754709 0.566584
vt 0.754709 0.536222
vt 0.754709 0.505859
vt 0.754709 0.475497
vt 0.754709 0.445135
vt 0.754709 0.414773
vt 0.754709 0.384411
vt 0.865420 0.596946
vt 0.865420 0.627308
vt 0.865420 0.566584
vt 0.865420 0.536222
vt 0.865420 0.505859
vt 0.865420 0.475497
vt 0.865420 0.445135
vt 0.865420 0.414773
vt 0.865420 0.384411
vt 0.992689 0.596946
vt 0.992689 0.627308
vt 0.992689 0.566584
vt 0.992689 0.536222
vt 0.992689 0.505859
vt 0.992689 0.475497
vt 0.992689 0.445135
vt 0.992689 0.414773
vt 0.992689 0.384411
s 1
usemtl hadicky
f 1585/1923/1324 1586/1924/1325 1594/1925/1326 1593/1926/1327
f 1586/1924/1325 1587/1927/1328 1595/1928/1329 1594/1925/1326
f 1587/1927/1328 1588/1929/1330 1596/1930/1331 1595/1928/1329
f 1588/1929/1330 1589/1931/1332 1597/1932/1333 1596/1930/1331
f 1589/1931/1332 1590/1933/1334 1598/1934/1335 1597/1932/1333
f 1590/1933/1334 1591/1935/1336 1599/1936/1337 1598/1934/1335
f 1591/1935/1336 1592/1937/1338 1600/1938/1339 1599/1936/1337
f 1592/1937/1338 1585/1939/1324 1593/1940/1327 1600/1938/1339
f 1593/1926/1327 1594/1925/1326 1602/1941/1340 1601/1942/1341
f 1594/1925/1326 1595/1928/1329 1603/1943/1342 1602/1941/1340
f 1595/1928/1329 1596/1930/1331 1604/1944/1343 1603/1943/1342
f 1596/1930/1331 1597/1932/1333 1605/1945/1344 1604/1944/1343
f 1597/1932/1333 1598/1934/1335 1606/1946/1345 1605/1945/1344
f 1598/1934/1335 1599/1936/1337 1607/1947/1346 1606/1946/1345
f 1599/1936/1337 1600/1938/1339 1608/1948/1347 1607/1947/1346
f 1600/1938/1339 1593/1940/1327 1601/1949/1341 1608/1948/1347
f 1601/1942/1341 1602/1941/1340 1610/1950/1348 1609/1951/1349
f 1602/1941/1340 1603/1943/1342 1611/1952/1350 1610/1950/1348
f 1603/1943/1342 1604/1944/1343 1612/1953/1351 1611/1952/1350
f 1604/1944/1343 1605/1945/1344 1613/1954/1352 1612/1953/1351
f 1605/1945/1344 1606/1946/1345 1614/1955/1353 1613/1954/1352
f 1606/1946/1345 1607/1947/1346 1615/1956/1354 1614/1955/1353
f 1607/1947/1346 1608/1948/1347 1616/1957/1355 1615/1956/1354
f 1608/1948/1347 1601/1949/1341 1609/1958/1349 1616/1957/1355
f 1609/1951/1349 1610/1950/1348 1618/1959/1356 1617/1960/1357
f 1610/1950/1348 1611/1952/1350 1619/1961/1358 1618/1959/1356
f 1611/1952/1350 1612/1953/1351 1620/1962/1359 1619/1961/1358
f 1612/1953/1351 1613/1954/1352 1621/1963/1360 1620/1962/1359
f 1613/1954/1352 1614/1955/1353 1622/1964/1361 1621/1963/1360
f 1614/1955/1353 1615/1956/1354 1623/1965/1362 1622/1964/1361
f 1615/1956/1354 1616/1957/1355 1624/1966/1363 1623/1965/1362
f 1616/1957/1355 1609/1958/1349 1617/1967/1357 1624/1966/1363
f 1617/1960/1357 1618/1959/1356 1626/1968/1364 1625/1969/1365
f 1618/1959/1356 1619/1961/1358 1627/1970/1366 1626/1968/1364
f 1619/1961/1358 1620/1962/1359 1628/1971/1367 1627/1970/1366
f 1620/1962/1359 1621/1963/1360 1629/1972/1368 1628/1971/1367
f 1621/1963/1360 1622/1964/1361 1630/1973/1369 1629/1972/1368
f 1622/1964/1361 1623/1965/1362 1631/1974/1370 1630/1973/1369
f 1623/1965/1362 1624/1966/1363 1632/1975/1371 1631/1974/1370
f 1624/1966/1363 1617/1967/1357 1625/1976/1365 1632/1975/1371
f 1625/1969/1365 1626/1968/1364 1634/1977/1372 1633/1978/1373
f 1626/1968/1364 1627/1970/1366 1635/1979/1374 1634/1977/1372
f 1627/1970/1366 1628/1971/1367 1636/1980/1375 1635/1979/1374
f 1628/1971/1367 1629/1972/1368 1637/1981/1376 1636/1980/1375
f 1629/1972/1368 1630/1973/1369 1638/1982/1377 1637/1981/1376
f 1630/1973/1369 1631/1974/1370 1639/1983/1378 1638/1982/1377
f 1631/1974/1370 1632/1975/1371 1640/1984/1379 1639/1983/1378
f 1632/1975/1371 1625/1976/1365 1633/1985/1373 1640/1984/1379
f 1633/1978/1373 1634/1977/1372 1642/1986/1380 1641/1987/1381
f 1634/1977/1372 1635/1979/1374 1643/1988/1382 1642/1986/1380
f 1635/1979/1374 1636/1980/1375 1644/1989/1383 1643/1988/1382
f 1636/1980/1375 1637/1981/1376 1645/1990/1384 1644/1989/1383
f 1637/1981/1376 1638/1982/1377 1646/1991/1385 1645/1990/1384
f 1638/1982/1377 1639/1983/1378 1647/1992/1386 1646/1991/1385
f 1639/1983/1378 1640/1984/1379 1648/1993/1387 1647/1992/1386
f 1640/1984/1379 1633/1985/1373 1641/1994/1381 1648/1993/1387
f 1641/1987/1381 1642/1986/1380 1650/1995/1388 1649/1996/1389
f 1642/1986/1380 1643/1988/1382 1651/1997/1390 1650/1995/1388
f 1643/1988/1382 1644/1989/1383 1652/1998/1391 1651/1997/1390
f 1644/1989/1383 1645/1990/1384 1653/1999/1392 1652/1998/1391
f 1645/1990/1384 1646/1991/1385 1654/2000/1393 1653/1999/1392
f 1646/1991/1385 1647/1992/1386 1655/2001/1394 1654/2000/1393
f 1647/1992/1386 1648/1993/1387 1656/2002/1395 1655/2001/1394
f 1648/1993/1387 1641/1994/1381 1649/2003/1389 1656/2002/1395
f 1649/1996/1389 1650/1995/1388 1658/2004/1396 1657/2005/1397
f 1650/1995/1388 1651/1997/1390 1659/2006/1398 1658/2004/1396
f 1651/1997/1390 1652/1998/1391 1660/2007/1399 1659/2006/1398
f 1652/1998/1391 1653/1999/1392 1661/2008/1400 1660/2007/1399
f 1653/1999/1392 1654/2000/1393 1662/2009/1401 1661/2008/1400
f 1654/2000/1393 1655/2001/1394 1663/2010/1402 1662/2009/1401
f 1655/2001/1394 1656/2002/1395 1664/2011/1403 1663/2010/1402
f 1656/2002/1395 1649/2003/1389 1657/2012/1397 1664/2011/1403
f 1657/2005/1397 1658/2004/1396 1666/2013/1404 1665/2014/1405
f 1658/2004/1396 1659/2006/1398 1667/2015/1406 1666/2013/1404
f 1659/2006/1398 1660/2007/1399 1668/2016/1407 1667/2015/1406
f 1660/2007/1399 1661/2008/1400 1669/2017/1408 1668/2016/1407
f 1661/2008/1400 1662/2009/1401 1670/2018/1409 1669/2017/1408
f 1662/2009/1401 1663/2010/1402 1671/2019/1410 1670/2018/1409
f 1663/2010/1402 1664/2011/1403 1672/2020/1411 1671/2019/1410
f 1664/2011/1403 1657/2012/1397 1665/2021/1405 1672/2020/1411
f 1665/2014/1405 1666/2013/1404 1674/2022/1412 1673/2023/1413
f 1666/2013/1404 1667/2015/1406 1675/2024/1414 1674/2022/1412
f 1667/2015/1406 1668/2016/1407 1676/2025/1415 1675/2024/1414
f 1668/2016/1407 1669/2017/1408 1677/2026/1416 1676/2025/1415
f 1669/2017/1408 1670/2018/1409 1678/2027/1417 1677/2026/1416
f 1670/2018/1409 1671/2019/1410 1679/2028/1418 1678/2027/1417
f 1671/2019/1410 1672/2020/1411 1680/2029/1419 1679/2028/1418
f 1672/2020/1411 1665/2021/1405 1673/2030/1413 1680/2029/1419
f 1673/2023/1413 1674/2022/1412 1682/2031/1420 1681/2032/1421
f 1674/2022/1412 1675/2024/1414 1683/2033/1422 1682/2031/1420
f 1675/2024/1414 1676/2025/1415 1684/2034/1423 1683/2033/1422
f 1676/2025/1415 1677/2026/1416 1685/2035/1424 1684/2034/1423
f 1677/2026/1416 1678/2027/1417 1686/2036/1425 1685/2035/1424
f 1678/2027/1417 1679/2028/1418 1687/2037/1426 1686/2036/1425
f 1679/2028/1418 1680/2029/1419 1688/2038/1427 1687/2037/1426
f 1680/2029/1419 1673/2030/1413 1681/2039/1421 1688/2038/1427
f 1592/1937/1428 1591/1935/1428 1590/1933/1428 1589/1931/1428 1588/1929/1428 1587/1927/1428 1586/1924/1428 1585/1939/1428
f 1681/2039/1429 1682/2031/1429 1683/2033/1429 1684/2034/1429 1685/2035/1429 1686/2036/1429 1687/2037/1429 1688/2038/1429
