# Blender 5.0.1
# www.blender.org
mtllib ruka_stroj.mtl
o Cylinder.004
v -0.000001 7.006221 -0.309514
v 0.180761 7.006221 -0.261079
v 0.313087 7.006221 -0.128752
v 0.361523 7.006221 0.052010
v 0.313087 7.006221 0.232772
v 0.180761 7.006221 0.365099
v -0.000001 7.006221 0.413534
v -0.180763 7.006221 0.365099
v -0.313090 7.006221 0.232772
v -0.361525 7.006221 0.052010
v -0.313090 7.006221 -0.128752
v -0.180763 7.006221 -0.261079
v -0.000000 13.362405 -1.093591
v 0.000000 13.412405 -1.145354
v 0.000000 25.762821 -1.041827
v 0.048461 25.712822 -1.080629
v -0.048132 25.712822 -1.080629
v 0.572677 13.412405 -0.991906
v 0.546795 13.362405 -0.947077
v 0.498663 25.712822 -0.959998
v 0.520913 25.762821 -0.902248
v 0.582315 25.712822 -0.911701
v 0.991906 13.412405 -0.572677
v 0.947077 13.362405 -0.546795
v 0.902248 25.762821 -0.520913
v 0.947242 25.712822 -0.546775
v 1.080650 13.362405 -0.048296
v 1.145354 13.412405 -0.000000
v 1.080650 13.362405 0.048296
v 1.041827 25.762821 0.000000
v 1.093755 25.712822 0.000021
v 0.991906 13.412405 0.572677
v 0.947077 13.362405 0.546795
v 0.902248 25.762821 0.520913
v 0.947242 25.712822 0.546816
v 0.572677 13.412405 0.991906
v 0.546795 13.362405 0.947077
v 0.582315 25.712822 0.911742
v 0.520913 25.762821 0.902248
v 0.498663 25.712822 0.960039
v 0.000000 13.412405 1.145354
v -0.000000 13.362405 1.093591
v 0.048461 25.712822 1.080670
v -0.000000 25.762821 1.041827
v -0.048132 25.712822 1.080670
v -0.572677 13.412405 0.991906
v -0.546795 13.362405 0.947077
v -0.498334 25.712822 0.960039
v -0.520913 25.762821 0.902248
v -0.581986 25.712822 0.911742
v -0.991906 13.412405 0.572677
v -0.947077 13.362405 0.546795
v -0.902248 25.762821 0.520913
v -0.946913 25.712822 0.546816
v -1.145354 13.412405 -0.000000
v -1.093591 13.362405 -0.000000
v -1.041827 25.762821 -0.000000
v -1.093426 25.712822 0.000021
v -0.991906 13.412405 -0.572677
v -0.947077 13.362405 -0.546795
v -0.902248 25.762821 -0.520913
v -0.946913 25.712822 -0.546775
v -0.572677 13.412405 -0.991906
v -0.546795 13.362405 -0.947077
v -0.581986 25.712822 -0.911701
v -0.520913 25.762821 -0.902248
v -0.498334 25.712822 -0.959998
v -0.048296 14.713559 -1.209392
v 0.048296 14.713559 -1.209392
v 0.000000 14.663559 -1.274097
v 0.637048 14.663559 -1.103400
v 0.611167 14.713559 -1.058572
v 1.103400 14.663559 -0.637048
v 1.058572 14.713559 -0.611167
v 1.209392 14.713559 -0.048296
v 1.209392 14.713559 0.048296
v 1.274097 14.663559 -0.000000
v 1.103400 14.663559 0.637048
v 1.058572 14.713559 0.611167
v 0.637048 14.663559 1.103400
v 0.611167 14.713559 1.058572
v 0.048296 14.713559 1.209392
v -0.048296 14.713559 1.209392
v 0.000000 14.663559 1.274097
v -0.637048 14.663559 1.103400
v -0.611167 14.713559 1.058572
v -1.103400 14.663559 0.637048
v -1.058572 14.713559 0.611167
v -1.209392 14.713559 0.048296
v -1.209392 14.713559 -0.048296
v -1.274097 14.663559 -0.000000
v -1.103400 14.663559 -0.637048
v -1.058572 14.713559 -0.611167
v -0.637048 14.663559 -1.103400
v -0.611167 14.713559 -1.058572
v 0.048296 15.051549 -1.209392
v -0.048296 15.051549 -1.209392
v 0.000000 15.101549 -1.274097
v 0.611167 15.051549 -1.058572
v 0.637048 15.101549 -1.103400
v 1.058572 15.051549 -0.611167
v 1.103400 15.101549 -0.637048
v 1.209392 15.051549 -0.048296
v 1.274097 15.101549 -0.000000
v 1.209392 15.051549 0.048296
v 1.058572 15.051549 0.611167
v 1.103400 15.101549 0.637048
v 0.611167 15.051549 1.058572
v 0.637048 15.101549 1.103400
v 0.048296 15.051549 1.209392
v 0.000000 15.101549 1.274097
v -0.048296 15.051549 1.209392
v -0.611167 15.051549 1.058572
v -0.637048 15.101549 1.103400
v -1.058572 15.051549 0.611167
v -1.103400 15.101549 0.637048
v -1.209392 15.051549 0.048296
v -1.274097 15.101549 -0.000000
v -1.209392 15.051549 -0.048296
v -1.058572 15.051549 -0.611167
v -1.103400 15.101549 -0.637048
v -0.611167 15.051549 -1.058572
v -0.637048 15.101549 -1.103400
v 0.080770 15.903640 -1.076593
v 0.032639 15.853640 -1.141278
v -0.015823 15.903640 -1.076593
v 0.530973 15.903640 -0.955962
v 0.614625 15.903640 -0.907665
v 0.605316 15.853640 -0.987829
v 1.024545 15.853640 -0.568600
v 0.979551 15.903640 -0.542739
v 1.177993 15.853640 0.004077
v 1.126065 15.903640 0.004056
v 1.024545 15.853640 0.576754
v 0.979551 15.903640 0.550852
v 0.614625 15.903640 0.915778
v 0.530973 15.903640 0.964074
v 0.605316 15.853640 0.995983
v 0.080770 15.903640 1.084706
v -0.015823 15.903640 1.084706
v 0.032639 15.853640 1.149431
v -0.466025 15.903640 0.964075
v -0.549677 15.903640 0.915778
v -0.540039 15.853640 0.995983
v -0.959267 15.853640 0.576754
v -0.914603 15.903640 0.550852
v -1.112716 15.853640 0.004077
v -1.061117 15.903640 0.004056
v -0.959267 15.853640 -0.568600
v -0.914603 15.903640 -0.542739
v -0.549677 15.903640 -0.907666
v -0.466025 15.903640 -0.955962
v -0.540039 15.853640 -0.987829
v 0.000000 13.412405 -1.486882
v 0.000000 13.462347 -1.536147
v 0.768074 13.462347 -1.330342
v 0.743441 13.412405 -1.287678
v 0.739269 14.613617 -1.280452
v 0.712138 14.663559 -1.233459
v 1.330342 13.462347 -0.768074
v 1.287678 13.412405 -0.743441
v 1.280452 14.613617 -0.739269
v 1.233459 14.663559 -0.712138
v 1.536147 13.462347 -0.000000
v 1.486882 13.412405 -0.000000
v 1.478539 14.613617 -0.000000
v 1.424276 14.663559 -0.000000
v 1.330342 13.462347 0.768074
v 1.287678 13.412405 0.743441
v 1.280452 14.613617 0.739269
v 1.233459 14.663559 0.712138
v 0.768074 13.462347 1.330342
v 0.743441 13.412405 1.287678
v 0.739269 14.613617 1.280452
v 0.712138 14.663559 1.233459
v 0.000000 13.462347 1.536147
v 0.000000 13.412405 1.486882
v 0.000000 14.613617 1.478539
v 0.000000 14.663559 1.424276
v -0.768074 13.462347 1.330342
v -0.743441 13.412405 1.287678
v -0.739269 14.613617 1.280452
v -0.712138 14.663559 1.233459
v -1.330342 13.462347 0.768074
v -1.287678 13.412405 0.743441
v -1.280452 14.613617 0.739269
v -1.233459 14.663559 0.712138
v -1.536147 13.462347 -0.000000
v -1.486882 13.412405 -0.000000
v -1.478539 14.613617 -0.000000
v -1.424276 14.663559 -0.000000
v -1.330342 13.462347 -0.768074
v -1.287678 13.412405 -0.743441
v -1.280452 14.613617 -0.739269
v -1.233459 14.663559 -0.712138
v -0.768074 13.462347 -1.330342
v -0.743441 13.412405 -1.287678
v -0.739269 14.613617 -1.280452
v -0.712138 14.663559 -1.233459
v 0.000000 14.663559 -1.424276
v 0.000000 14.613617 -1.478539
v 0.670421 15.803640 -1.201307
v 0.695051 15.853640 -1.143254
v 0.754140 15.803673 -1.152978
v 0.642122 15.151548 -1.204842
v 0.725839 15.151516 -1.156513
v 0.662412 15.101549 -1.147331
v 1.222630 15.803673 -0.684488
v 1.179970 15.853640 -0.658335
v 1.147331 15.101549 -0.662412
v 1.194328 15.151516 -0.688023
v 1.407058 15.803674 0.003806
v 1.357463 15.853640 0.004077
v 1.324824 15.101549 -0.000000
v 1.378756 15.151515 0.000271
v 1.222630 15.803674 0.692100
v 1.179970 15.853640 0.666489
v 1.147331 15.101549 0.662412
v 1.194328 15.151515 0.688565
v 0.754132 15.803674 1.160598
v 0.695051 15.853640 1.151408
v 0.670427 15.803646 1.208917
v 0.725830 15.151515 1.157063
v 0.642128 15.151543 1.205383
v 0.662412 15.101549 1.147331
v 0.078805 15.803646 1.367442
v 0.032639 15.853640 1.328901
v -0.017873 15.803640 1.367441
v 0.050506 15.151543 1.363907
v -0.046172 15.151548 1.363906
v 0.000000 15.101549 1.324824
v -0.609484 15.803640 1.208919
v -0.629773 15.853640 1.151408
v -0.693200 15.803673 1.160590
v -0.637783 15.151548 1.205384
v -0.721502 15.151516 1.157055
v -0.662412 15.101549 1.147331
v -1.161690 15.803673 0.692100
v -1.114693 15.853640 0.666489
v -1.147331 15.101549 0.662412
v -1.189992 15.151516 0.688565
v -1.346118 15.803674 0.003806
v -1.292185 15.853640 0.004077
v -1.324824 15.101549 -0.000000
v -1.374419 15.151515 0.000271
v -1.161690 15.803674 -0.684488
v -1.114693 15.853640 -0.658335
v -1.147331 15.101549 -0.662412
v -1.189992 15.151515 -0.688023
v -0.693192 15.803674 -1.152986
v -0.629773 15.853640 -1.143254
v -0.609489 15.803646 -1.201306
v -0.721494 15.151515 -1.156521
v -0.637788 15.151543 -1.204841
v -0.662412 15.101549 -1.147331
v -0.046166 15.151543 -1.363365
v 0.050511 15.151548 -1.363364
v 0.000000 15.101549 -1.324824
v 0.078810 15.803640 -1.359829
v -0.017867 15.803646 -1.359830
v 0.032639 15.853640 -1.320747
v -0.000000 12.811688 -1.046729
v -0.000000 12.887189 -1.093591
v 0.546795 12.887189 -0.947077
v 0.524886 12.811650 -0.906016
v 0.947077 12.887189 -0.546795
v 0.908970 12.811543 -0.521668
v 1.080650 12.887189 -0.048296
v 1.080650 12.887189 0.048296
v 1.049329 12.811392 0.003145
v 0.947077 12.887189 0.546795
v 0.908511 12.811234 0.527693
v 0.546795 12.887189 0.947077
v 0.524427 12.811115 0.911512
v -0.000000 12.887189 1.093591
v -0.000000 12.811070 1.051961
v -0.546795 12.887189 0.947077
v -0.524427 12.811115 0.911512
v -0.947077 12.887189 0.546795
v -0.908512 12.811234 0.527693
v -1.093591 12.887189 -0.000000
v -1.049329 12.811392 0.003145
v -0.947077 12.887189 -0.546795
v -0.908970 12.811543 -0.521668
v -0.546795 12.887189 -0.947077
v -0.524886 12.811650 -0.906016
v 0.048296 12.360528 -0.296573
v -0.048296 12.360528 -0.296573
v -0.000000 12.436028 -0.356375
v 0.202671 12.436067 -0.302140
v 0.180762 12.360528 -0.261079
v 0.351196 12.436173 -0.153879
v 0.313089 12.360528 -0.128752
v 0.348583 12.360528 0.003714
v 0.405786 12.436325 0.048865
v 0.348583 12.360528 0.100306
v 0.351655 12.436482 0.251874
v 0.313089 12.360528 0.232772
v 0.203130 12.436602 0.400664
v 0.180762 12.360528 0.365099
v 0.048296 12.360528 0.400593
v -0.000000 12.436646 0.455164
v -0.048296 12.360528 0.400593
v -0.203130 12.436602 0.400664
v -0.180762 12.360528 0.365099
v -0.351655 12.436482 0.251874
v -0.313089 12.360528 0.232772
v -0.348583 12.360528 0.100306
v -0.405786 12.436325 0.048865
v -0.348583 12.360528 0.003714
v -0.351196 12.436173 -0.153879
v -0.313089 12.360528 -0.128752
v -0.202671 12.436067 -0.302140
v -0.180762 12.360528 -0.261079
v -0.206645 7.750814 -0.305908
v -0.180763 7.800815 -0.261079
v -0.313090 7.800815 -0.128752
v -0.357919 7.750814 -0.154634
v 0.206643 7.750814 -0.305908
v 0.180761 7.800815 -0.261079
v 0.048295 7.800815 -0.296573
v -0.000001 7.750814 -0.361278
v -0.048297 7.800815 -0.296573
v -0.357919 7.750814 0.258654
v -0.313090 7.800815 0.232772
v -0.180763 7.800815 0.365099
v -0.206645 7.750814 0.409928
v 0.206643 7.750814 0.409928
v 0.180761 7.800815 0.365099
v 0.313088 7.800815 0.232772
v 0.357916 7.750814 0.258654
v 0.357916 7.750814 -0.154634
v 0.313088 7.800815 -0.128752
v -0.348584 7.800815 0.100306
v -0.348584 7.800815 0.003714
v -0.413289 7.750814 0.052010
v 0.048295 7.800815 0.400593
v -0.048297 7.800815 0.400593
v -0.000001 7.750814 0.465298
v 0.348582 7.800815 0.003714
v 0.348582 7.800815 0.100306
v 0.413287 7.750814 0.052010
v 0.048295 7.056221 -0.600051
v -0.000001 7.006221 -0.561228
v -0.048298 7.056221 -0.600051
v 0.332499 7.056221 -0.523898
v 0.306617 7.006221 -0.479069
v 0.575907 7.056221 -0.280491
v 0.531078 7.006221 -0.254609
v 0.652059 7.056221 0.003714
v 0.652059 7.056221 0.100306
v 0.613236 7.006221 0.052010
v 0.575907 7.056221 0.384511
v 0.531078 7.006221 0.358629
v 0.332499 7.056221 0.627918
v 0.306617 7.006221 0.583089
v 0.048295 7.056221 0.704071
v -0.048298 7.056221 0.704071
v -0.000001 7.006221 0.665248
v -0.332502 7.056221 0.627918
v -0.306620 7.006221 0.583089
v -0.575910 7.056221 0.384511
v -0.531081 7.006221 0.358629
v -0.652062 7.056221 0.100306
v -0.652062 7.056221 0.003714
v -0.613239 7.006221 0.052010
v -0.575910 7.056221 -0.280491
v -0.531081 7.006221 -0.254609
v -0.332502 7.056221 -0.523898
v -0.306620 7.006221 -0.479069
v -0.332502 7.700814 -0.523898
v -0.306620 7.750814 -0.479069
v 0.332500 7.700814 -0.523898
v 0.306618 7.750814 -0.479069
v -0.575909 7.700814 0.384511
v -0.531081 7.750814 0.358629
v 0.332500 7.700814 0.627918
v 0.306618 7.750814 0.583089
v 0.575907 7.700814 -0.280491
v 0.531078 7.750814 -0.254609
v -0.652062 7.700814 0.100306
v -0.613239 7.750814 0.052010
v -0.652062 7.700814 0.003714
v 0.048295 7.700814 0.704071
v -0.000001 7.750814 0.665248
v -0.048297 7.700814 0.704071
v 0.652059 7.700814 0.003714
v 0.613237 7.750814 0.052010
v 0.652059 7.700814 0.100306
v -0.531081 7.750814 -0.254609
v -0.575909 7.700814 -0.280491
v 0.048295 7.700814 -0.600051
v -0.048297 7.700814 -0.600051
v -0.000001 7.750814 -0.561228
v -0.306620 7.750814 0.583089
v -0.332502 7.700814 0.627918
v 0.531078 7.750814 0.358629
v 0.575907 7.700814 0.384511
vn -0.0000 -1.0000 -0.0000
vn -0.0002 0.6807 -0.7326
vn 0.1271 0.6821 -0.7201
vn -0.1270 0.6816 -0.7206
vn 0.2501 0.6822 -0.6870
vn 0.3658 0.6814 -0.6340
vn 0.4698 0.6827 -0.5597
vn 0.6640 -0.7369 -0.1268
vn 0.6630 -0.7486 -0.0000
vn 0.6640 -0.7369 0.1268
vn 0.4696 0.6830 0.5595
vn 0.3657 0.6817 0.6337
vn 0.2500 0.6825 0.6868
vn 0.1271 0.6824 0.7198
vn -0.0002 0.6810 0.7322
vn -0.1270 0.6819 0.7204
vn -0.2501 0.6817 0.6875
vn -0.3666 0.6804 0.6346
vn -0.4705 0.6813 0.5608
vn -0.4707 0.6810 -0.5609
vn -0.3667 0.6801 -0.6348
vn -0.2502 0.6814 -0.6878
vn -0.1268 0.7369 -0.6640
vn 0.1268 0.7369 -0.6640
vn -0.0000 0.7486 -0.6630
vn 0.6640 0.7369 -0.1268
vn 0.6640 0.7369 0.1268
vn 0.6630 0.7486 -0.0000
vn 0.1268 0.7369 0.6640
vn -0.1268 0.7369 0.6640
vn -0.0000 0.7486 0.6630
vn -0.6640 0.7369 0.1268
vn -0.6640 0.7369 -0.1268
vn -0.6630 0.7486 -0.0000
vn 0.1268 -0.7369 -0.6640
vn -0.1268 -0.7369 -0.6640
vn -0.0000 -0.7486 -0.6630
vn 0.1268 -0.7369 0.6640
vn -0.0000 -0.7486 0.6630
vn -0.1268 -0.7369 0.6640
vn -0.6640 -0.7369 0.1268
vn -0.6630 -0.7486 -0.0000
vn -0.6640 -0.7369 -0.1268
vn 0.1267 0.7370 -0.6639
vn 0.0001 0.7485 -0.6631
vn -0.1269 0.7365 -0.6644
vn 0.2221 0.7370 -0.6383
vn 0.4413 0.7375 -0.5112
vn 0.3314 0.7490 -0.5738
vn 0.4412 0.7377 0.5111
vn 0.2220 0.7373 0.6380
vn 0.3313 0.7492 0.5736
vn 0.1266 0.7372 0.6637
vn -0.1269 0.7368 0.6641
vn 0.0001 0.7487 0.6629
vn -0.2223 0.7367 0.6386
vn -0.4423 0.7363 0.5121
vn -0.3316 0.7482 0.5746
vn -0.4425 0.7361 -0.5123
vn -0.2224 0.7364 -0.6389
vn -0.3317 0.7480 -0.5748
vn 0.2496 0.6788 -0.6906
vn 0.3717 0.6738 -0.6386
vn 0.4752 0.6724 -0.5676
vn 0.2503 -0.6852 -0.6840
vn 0.4649 -0.6916 -0.5528
vn 0.3606 -0.6878 -0.6301
vn 0.4773 0.6691 0.5696
vn 0.3732 0.6699 0.6418
vn 0.2509 0.6748 0.6940
vn 0.4628 -0.6946 0.5508
vn 0.2490 -0.6891 0.6805
vn 0.3591 -0.6915 0.6268
vn 0.1268 0.6764 0.7255
vn 0.0029 0.6786 0.7345
vn -0.1281 0.6834 0.7187
vn 0.1272 -0.6875 0.7150
vn -0.1260 -0.6806 0.7218
vn -0.0029 -0.6830 0.7304
vn -0.2503 0.6852 0.6840
vn -0.3606 0.6878 0.6301
vn -0.4649 0.6916 0.5528
vn -0.2496 -0.6788 0.6906
vn -0.4752 -0.6724 0.5676
vn -0.3717 -0.6738 0.6386
vn -0.4628 0.6946 -0.5508
vn -0.3591 0.6915 -0.6268
vn -0.2490 0.6891 -0.6805
vn -0.4773 -0.6691 -0.5696
vn -0.2509 -0.6748 -0.6940
vn -0.3732 -0.6699 -0.6418
vn -0.1268 -0.6764 -0.7255
vn 0.1281 -0.6834 -0.7187
vn -0.0029 -0.6786 -0.7345
vn 0.1260 0.6806 -0.7218
vn -0.1272 0.6875 -0.7150
vn 0.0029 0.6830 -0.7304
vn 0.9615 -0.2338 -0.1446
vn 0.9631 -0.2282 0.1429
vn 0.7430 -0.6693 0.0006
vn 0.1483 -0.5541 -0.8191
vn -0.1483 -0.5541 -0.8191
vn -0.0000 -0.7598 -0.6502
vn 0.9469 -0.2864 -0.1458
vn 0.6716 -0.7409 0.0020
vn 0.9484 -0.2805 0.1478
vn 0.1477 -0.2699 0.9515
vn -0.0000 -0.7200 0.6940
vn -0.1477 -0.2699 0.9515
vn -0.9484 -0.2805 0.1478
vn -0.6716 -0.7409 0.0020
vn -0.9470 -0.2864 -0.1458
vn 0.1271 -0.6820 -0.7203
vn -0.0000 -0.6809 -0.7324
vn -0.1271 -0.6820 -0.7203
vn 0.7202 -0.6820 -0.1271
vn 0.7202 -0.6820 0.1271
vn 0.7324 -0.6809 -0.0000
vn 0.1271 -0.6820 0.7203
vn -0.1271 -0.6820 0.7203
vn -0.0000 -0.6809 0.7324
vn -0.7203 -0.6820 0.1271
vn -0.7203 -0.6820 -0.1271
vn -0.7324 -0.6809 -0.0000
vn -0.7203 0.6820 0.1271
vn -0.7324 0.6809 -0.0000
vn -0.7203 0.6820 -0.1271
vn 0.1271 0.6820 0.7203
vn -0.0000 0.6809 0.7324
vn -0.1271 0.6820 0.7203
vn 0.7202 0.6820 -0.1271
vn 0.7324 0.6809 -0.0000
vn 0.7202 0.6820 0.1271
vn 0.1271 0.6820 -0.7203
vn -0.1271 0.6820 -0.7203
vn -0.0000 0.6809 -0.7324
vn -0.0000 -0.7193 -0.6947
vn 0.3474 -0.7193 -0.6017
vn -0.1303 -0.0008 -0.9915
vn -0.1308 -0.0008 -0.9914
vn 0.1303 -0.0000 -0.9915
vn 0.1308 -0.0000 -0.9914
vn 0.6017 -0.7193 -0.3474
vn 0.6009 0.7201 -0.3468
vn 0.6008 0.7201 -0.3471
vn 0.6936 0.7204 -0.0000
vn 0.6017 -0.7193 0.3474
vn 0.6008 0.7203 0.3468
vn 0.6007 0.7203 0.3469
vn 0.3474 -0.7193 0.6017
vn -0.0000 -0.7193 0.6947
vn -0.3474 -0.7193 0.6017
vn -0.6017 -0.7193 0.3474
vn -0.6024 0.7184 0.3479
vn -0.6026 0.7184 0.3477
vn -0.6947 -0.7193 -0.0000
vn -0.6959 0.7182 -0.0000
vn -0.6017 -0.7193 -0.3474
vn -0.6025 0.7182 -0.3480
vn -0.6026 0.7182 -0.3478
vn -0.3474 -0.7193 -0.6017
vn 0.9914 -0.0000 0.1305
vn 0.9914 -0.0000 -0.1305
vn -0.1305 -0.0000 0.9914
vn 0.1305 -0.0000 0.9914
vn -0.9914 -0.0000 -0.1305
vn -0.9914 -0.0000 0.1305
vn -0.3474 0.7193 -0.6017
vn -0.6017 0.7193 -0.3474
vn -0.6017 0.7193 0.3474
vn -0.3474 0.7193 0.6017
vn 0.3474 0.7193 0.6017
vn 0.6017 0.7193 0.3474
vn 0.6017 0.7193 -0.3474
vn 0.3474 0.7193 -0.6017
vn -0.1305 -0.0000 -0.9914
vn 0.1305 -0.0000 -0.9914
vn 0.6086 0.0017 -0.7935
vn 0.6089 0.0017 -0.7932
vn 0.3829 0.0009 -0.9238
vn 0.3824 0.0009 -0.9240
vn 0.3825 0.0016 0.9240
vn 0.3829 0.0016 0.9238
vn 0.6089 0.0023 0.7932
vn 0.6086 0.0023 0.7935
vn -0.1308 -0.0000 0.9914
vn -0.1303 -0.0000 0.9915
vn 0.1308 0.0008 0.9914
vn 0.1303 0.0008 0.9915
vn -0.6089 -0.0017 0.7932
vn -0.6086 -0.0017 0.7935
vn -0.3824 -0.0009 0.9240
vn -0.3829 -0.0009 0.9238
vn -0.3829 -0.0016 -0.9238
vn -0.3825 -0.0016 -0.9240
vn -0.6086 -0.0023 -0.7935
vn -0.6089 -0.0023 -0.7932
vn -0.6959 0.7181 -0.0000
vn -0.6024 0.7184 0.3480
vn -0.0000 -0.7023 -0.7119
vn 0.3560 -0.7023 -0.6165
vn 0.6165 -0.7023 -0.3560
vn 0.7119 -0.7023 -0.0000
vn 0.6165 -0.7023 0.3560
vn 0.3560 -0.7023 0.6165
vn -0.0000 -0.7023 0.7119
vn -0.3560 -0.7023 0.6165
vn -0.6165 -0.7023 0.3560
vn -0.7119 -0.7023 -0.0000
vn -0.6165 -0.7023 -0.3560
vn -0.3560 -0.7023 -0.6165
vn -0.3386 0.7358 -0.5865
vn -0.0000 0.7358 -0.6772
vn -0.5865 0.7358 -0.3386
vn -0.6772 0.7358 -0.0000
vn -0.5865 0.7358 0.3386
vn -0.3386 0.7358 0.5865
vn -0.0000 0.7358 0.6772
vn 0.3386 0.7358 0.5865
vn 0.5865 0.7358 0.3386
vn 0.6772 0.7358 -0.0000
vn 0.5865 0.7358 -0.3386
vn 0.3386 0.7358 -0.5865
vn 0.6111 -0.0222 -0.7913
vn 0.6061 -0.0220 -0.7951
vn 0.3794 -0.0115 -0.9252
vn 0.3859 -0.0117 -0.9225
vn 0.3855 -0.0217 0.9225
vn 0.3797 -0.0215 0.9249
vn 0.6064 -0.0306 0.7946
vn 0.6105 -0.0308 0.7914
vn -0.1269 0.0001 0.9919
vn -0.1341 0.0004 0.9910
vn 0.1270 -0.0109 0.9918
vn 0.1340 -0.0112 0.9909
vn -0.6061 0.0220 0.7951
vn -0.6111 0.0222 0.7913
vn -0.3859 0.0117 0.9225
vn -0.3794 0.0115 0.9252
vn -0.3797 0.0215 -0.9249
vn -0.3855 0.0217 -0.9225
vn -0.6105 0.0308 -0.7914
vn -0.6064 0.0306 -0.7946
vn -0.6131 -0.7056 -0.3554
vn -0.6146 -0.7056 -0.3529
vn -0.7097 -0.7045 0.0004
vn -0.7097 -0.7045 -0.0005
vn -0.6111 -0.7075 0.3550
vn -0.6134 -0.7075 0.3511
vn 0.5900 -0.7326 0.3394
vn 0.5887 -0.7326 0.3417
vn 0.6796 -0.7336 0.0004
vn 0.6796 -0.7336 -0.0005
vn 0.5919 -0.7309 -0.3398
vn 0.5899 -0.7308 -0.3434
vn -0.1340 0.0112 -0.9909
vn -0.1270 0.0109 -0.9918
vn 0.1341 -0.0004 -0.9910
vn 0.1269 -0.0001 -0.9919
vn -0.5887 0.7326 -0.3417
vn -0.5900 0.7326 -0.3394
vn -0.6796 0.7336 0.0005
vn -0.6796 0.7336 -0.0004
vn -0.5899 0.7308 0.3434
vn -0.5919 0.7309 0.3398
vn 0.6146 0.7056 0.3529
vn 0.6131 0.7056 0.3554
vn 0.7097 0.7045 0.0005
vn 0.7097 0.7045 -0.0004
vn 0.6134 0.7075 -0.3511
vn 0.6111 0.7075 -0.3550
vn -0.0000 -0.5275 -0.8495
vn 0.4238 -0.5245 -0.7384
vn 0.3558 -0.7040 -0.6147
vn -0.0000 -0.7065 -0.7077
vn 0.8360 -0.2571 -0.4848
vn 0.6217 -0.6970 -0.3575
vn 0.8407 -0.2447 0.4831
vn 0.6372 -0.6764 0.3693
vn 0.4864 -0.2400 0.8401
vn 0.3714 -0.6684 0.6445
vn -0.0000 -0.2383 0.9712
vn -0.0000 -0.6653 0.7465
vn -0.4864 -0.2400 0.8401
vn -0.3714 -0.6684 0.6445
vn -0.8407 -0.2447 0.4831
vn -0.6373 -0.6764 0.3693
vn -0.9680 -0.2510 -0.0023
vn -0.7267 -0.6869 0.0014
vn -0.8560 -0.3448 -0.3852
vn -0.6217 -0.6970 -0.3575
vn -0.4238 -0.5245 -0.7384
vn -0.3558 -0.7040 -0.6147
vn 0.3334 -0.7462 -0.5762
vn 0.4279 -0.5245 -0.7361
vn 0.5839 -0.7391 -0.3358
vn 0.8326 -0.2799 -0.4779
vn 0.6018 -0.7184 0.3490
vn 0.8337 -0.2654 0.4843
vn 0.3513 -0.7102 0.6101
vn 0.4815 -0.2599 0.8370
vn -0.3513 -0.7102 0.6101
vn -0.4815 -0.2599 0.8370
vn -0.6018 -0.7183 0.3490
vn -0.8337 -0.2654 0.4843
vn -0.5839 -0.7391 -0.3358
vn -0.8326 -0.2799 -0.4779
vn -0.3334 -0.7462 -0.5762
vn -0.4280 -0.5245 -0.7361
vn 0.2588 -0.0000 -0.9659
vn 0.5000 -0.0000 -0.8660
vn -0.5000 -0.0000 -0.8660
vn -0.2588 -0.0000 -0.9659
vn -0.0000 1.0000 -0.0000
vn 0.8660 -0.0000 -0.5000
vn 0.8659 0.0026 -0.5003
vn 0.8662 0.0026 -0.4997
vn 1.0000 0.0033 -0.0001
vn 1.0000 0.0033 0.0001
vn 0.8660 -0.0000 0.5000
vn 0.8659 0.0031 0.5002
vn 0.8661 0.0031 0.4998
vn 0.5000 -0.0000 0.8660
vn 0.2588 -0.0000 0.9659
vn -0.2588 -0.0000 0.9659
vn -0.5000 -0.0000 0.8660
vn -0.7071 -0.0000 0.7071
vn -0.8662 -0.0026 0.4997
vn -0.8659 -0.0026 0.5003
vn -0.9659 -0.0000 0.2588
vn -1.0000 -0.0033 -0.0001
vn -1.0000 -0.0033 0.0001
vn -0.9659 -0.0000 -0.2588
vn -0.8661 -0.0031 -0.4998
vn -0.8659 -0.0031 -0.5002
vn -0.7071 -0.0000 -0.7071
vn 0.7071 -0.0000 -0.7071
vn 0.9659 -0.0000 -0.2588
vn 0.9659 -0.0000 0.2588
vn 0.7071 -0.0000 0.7071
vn -0.4994 0.0500 -0.8649
vn -0.0000 0.0500 -0.9988
vn 0.4994 0.0500 -0.8649
vn 0.8649 0.0500 -0.4994
vn 0.9988 0.0500 -0.0000
vn 0.8649 0.0500 0.4994
vn 0.4994 0.0500 0.8649
vn -0.0000 0.0500 0.9988
vn -0.4994 0.0500 0.8649
vn -0.8649 0.0500 0.4994
vn -0.9988 0.0500 -0.0000
vn -0.8649 0.0500 -0.4994
vn 0.8676 -0.0350 -0.4960
vn 0.8633 -0.0347 -0.5035
vn 0.9991 -0.0434 0.0009
vn 0.9991 -0.0434 -0.0009
vn 0.8667 -0.0403 0.4972
vn 0.8639 -0.0402 0.5020
vn -0.8633 0.0347 0.5035
vn -0.8676 0.0350 0.4960
vn -0.9991 0.0434 0.0009
vn -0.9991 0.0434 -0.0009
vn -0.8639 0.0402 -0.5020
vn -0.8667 0.0403 -0.4972
vn -0.8660 -0.0000 0.5000
vn -0.8660 -0.0000 -0.5000
vt 0.066219 0.963607
vt 0.052502 0.963607
vt 0.040623 0.956749
vt 0.033764 0.944869
vt 0.033764 0.931152
vt 0.040623 0.919273
vt 0.052502 0.912414
vt 0.066219 0.912414
vt 0.078098 0.919273
vt 0.084957 0.931152
vt 0.084957 0.944869
vt 0.078098 0.956749
vt 0.131426 0.750295
vt 0.130924 0.745774
vt 0.135933 0.750777
vt 0.101338 0.728692
vt 0.097192 0.730530
vt 0.094500 0.726865
vt 0.777782 0.128210
vt 0.769944 0.123075
vt 0.778645 0.119529
vt -0.000000 0.821368
vt 0.003665 0.824058
vt 0.001827 0.828204
vt 0.018908 0.857790
vt 0.023429 0.858291
vt 0.023910 0.862800
vt 0.053497 0.879882
vt 0.057663 0.878056
vt 0.060336 0.881717
vt 0.154851 0.787204
vt 0.151190 0.784529
vt 0.153015 0.780364
vt 0.636970 0.269620
vt 0.636841 0.261843
vt 0.644303 0.265609
vt 0.634398 0.117835
vt 0.634199 0.109440
vt 0.642357 0.113534
vt 0.633996 0.566992
vt 0.634586 0.558559
vt 0.642498 0.563220
vt 0.638733 0.415153
vt 0.638764 0.407510
vt 0.646041 0.411299
vt 0.611269 0.263227
vt 0.611432 0.271000
vt 0.603863 0.267366
vt 0.606629 0.119610
vt 0.598361 0.115886
vt 0.606303 0.111235
vt 0.605261 0.565875
vt 0.597074 0.560998
vt 0.605849 0.557482
vt 0.613773 0.415867
vt 0.606600 0.412086
vt 0.613833 0.408285
vt 0.521169 0.262355
vt 0.525463 0.264424
vt 0.521317 0.268938
vt 0.523278 0.220162
vt 0.523342 0.213823
vt 0.527205 0.215779
vt 0.497920 0.595411
vt 0.499251 0.591364
vt 0.501598 0.597819
vt 0.512290 0.551746
vt 0.513860 0.545696
vt 0.516973 0.550786
vt 0.522740 0.506162
vt 0.523463 0.500120
vt 0.526806 0.504668
vt 0.524109 0.318932
vt 0.523783 0.312419
vt 0.528048 0.314528
vt 0.547298 0.219057
vt 0.540073 0.215528
vt 0.547048 0.212284
vt 0.591895 0.221380
vt 0.591668 0.214456
vt 0.598970 0.218049
vt 0.522336 0.609213
vt 0.515707 0.606645
vt 0.523482 0.605436
vt 0.582873 0.617934
vt 0.581729 0.613897
vt 0.589252 0.617388
vt 0.537511 0.559594
vt 0.530917 0.554432
vt 0.539051 0.552342
vt 0.584732 0.563839
vt 0.585617 0.556222
vt 0.592961 0.560565
vt 0.545847 0.510502
vt 0.539340 0.506444
vt 0.546674 0.503731
vt 0.590576 0.511826
vt 0.591256 0.504824
vt 0.598256 0.508697
vt 0.550050 0.317664
vt 0.542398 0.314188
vt 0.549844 0.310746
vt 0.594423 0.319612
vt 0.594247 0.312768
vt 0.601403 0.316340
vt 0.593192 0.270655
vt 0.593011 0.263748
vt 0.600229 0.267395
vt 0.548447 0.260896
vt 0.548637 0.267819
vt 0.540722 0.264174
vt 0.817549 0.131682
vt 0.818375 0.124314
vt 0.822138 0.128475
vt 0.218150 0.882734
vt 0.216074 0.887686
vt 0.213486 0.882344
vt 0.250298 0.868761
vt 0.252915 0.865166
vt 0.255351 0.870592
vt 0.264665 0.920460
vt 0.265703 0.924721
vt 0.260178 0.923427
vt 0.228316 0.923220
vt 0.222486 0.924401
vt 0.223885 0.920180
vt 0.579914 0.649494
vt 0.583899 0.642498
vt 0.587848 0.649666
vt 0.631874 0.650396
vt 0.624034 0.649731
vt 0.628227 0.643013
vt 0.674136 0.656223
vt 0.667006 0.653982
vt 0.672101 0.648229
vt 0.543418 0.652133
vt 0.535503 0.653255
vt 0.538735 0.645286
vt 0.070021 0.984636
vt 0.070994 0.981429
vt 0.075150 0.983261
vt 0.013652 0.952091
vt 0.012277 0.946962
vt 0.015942 0.949645
vt 0.045280 0.892302
vt 0.050409 0.890928
vt 0.047727 0.894593
vt 0.104611 0.922221
vt 0.105985 0.927350
vt 0.102778 0.926377
vt 0.631811 0.625453
vt 0.629188 0.628967
vt 0.628307 0.625736
vt 0.679952 0.634018
vt 0.677516 0.636074
vt 0.676361 0.632204
vt 0.537027 0.627213
vt 0.536283 0.630657
vt 0.532984 0.627426
vt 0.582983 0.625013
vt 0.586409 0.624553
vt 0.584059 0.628249
vt 0.764608 0.269582
vt 0.763915 0.221215
vt 0.771966 0.221417
vt 0.772824 0.269639
vt 0.211132 0.003973
vt 0.211132 0.722981
vt 0.203802 0.722957
vt 0.203802 0.003950
vt 0.764377 0.172460
vt 0.772259 0.172902
vt 0.056679 0.726866
vt 0.057663 0.730530
vt 0.020747 0.747612
vt 0.023429 0.750295
vt 0.773546 0.072546
vt 0.781856 0.074007
vt 0.000000 0.783546
vt 0.003665 0.784528
vt 0.785636 0.022392
vt 0.793489 0.025423
vt 0.783737 0.609187
vt 0.774782 0.560432
vt 0.783112 0.559251
vt 0.791556 0.606590
vt 0.768379 0.510966
vt 0.776524 0.510468
vt 0.764077 0.462230
vt 0.772010 0.462028
vt 0.098170 0.881721
vt 0.097192 0.878056
vt 0.765504 0.413838
vt 0.773748 0.413699
vt 0.134107 0.860975
vt 0.131426 0.858291
vt 0.763819 0.365560
vt 0.771875 0.365519
vt 0.154855 0.825036
vt 0.151190 0.824058
vt 0.761068 0.317639
vt 0.768924 0.317638
vt 0.637702 0.314667
vt 0.645025 0.314510
vt 0.638450 0.363062
vt 0.645718 0.362925
vt 0.638144 0.459979
vt 0.645570 0.460107
vt 0.636646 0.510109
vt 0.644382 0.510388
vt 0.629175 0.616954
vt 0.636880 0.618641
vt 0.633204 0.059571
vt 0.629653 0.007260
vt 0.637677 0.005633
vt 0.641666 0.059196
vt 0.635314 0.165874
vt 0.643029 0.165691
vt 0.636168 0.216238
vt 0.643683 0.216077
vt 0.604995 0.316310
vt 0.612403 0.316071
vt 0.606028 0.364551
vt 0.613358 0.364349
vt 0.605044 0.459872
vt 0.612510 0.460091
vt 0.602010 0.509066
vt 0.609811 0.509529
vt 0.593787 0.616415
vt 0.602378 0.615620
vt 0.595925 0.061999
vt 0.596250 0.007606
vt 0.603870 0.008499
vt 0.604168 0.061672
vt 0.600926 0.167947
vt 0.608694 0.167580
vt 0.602643 0.217998
vt 0.610228 0.217726
vt 0.162308 0.722823
vt 0.162308 0.003816
vt 0.169638 0.003838
vt 0.169638 0.722845
vt 0.494254 0.722787
vt 0.494255 0.003780
vt 0.497920 0.003761
vt 0.497920 0.722768
vt 0.452761 0.722915
vt 0.452761 0.003908
vt 0.460091 0.003885
vt 0.460091 0.722892
vt 0.411268 0.723049
vt 0.411268 0.004042
vt 0.418598 0.004020
vt 0.418598 0.723028
vt 0.245295 0.723086
vt 0.245295 0.004078
vt 0.252625 0.004097
vt 0.252625 0.723104
vt 0.526116 0.363278
vt 0.530160 0.363223
vt 0.527331 0.411312
vt 0.531335 0.411397
vt 0.526225 0.458591
vt 0.530104 0.458869
vt 0.508321 0.072893
vt 0.498837 0.026650
vt 0.502153 0.020061
vt 0.512754 0.072242
vt 0.514695 0.122421
vt 0.518766 0.122048
vt 0.520048 0.169806
vt 0.523973 0.169532
vt 0.730649 0.269039
vt 0.731740 0.219561
vt 0.738636 0.219896
vt 0.737726 0.269226
vt 0.733731 0.170765
vt 0.740507 0.171162
vt 0.734873 0.120179
vt 0.742275 0.120789
vt 0.740378 0.066462
vt 0.747721 0.067534
vt 0.753315 0.005663
vt 0.761151 0.008070
vt 0.750722 0.623862
vt 0.739563 0.565439
vt 0.747160 0.564811
vt 0.758651 0.621909
vt 0.735481 0.512313
vt 0.742570 0.512178
vt 0.733965 0.462960
vt 0.740608 0.462946
vt 0.731697 0.414152
vt 0.738737 0.414201
vt 0.731677 0.364940
vt 0.738510 0.365087
vt 0.731614 0.317386
vt 0.738112 0.317516
vt 0.655412 0.314655
vt 0.654803 0.265777
vt 0.661425 0.265968
vt 0.662012 0.314816
vt 0.656035 0.363080
vt 0.662588 0.363208
vt 0.656373 0.411570
vt 0.662917 0.411768
vt 0.656112 0.460527
vt 0.662831 0.460767
vt 0.655308 0.510949
vt 0.662251 0.511191
vt 0.653674 0.564231
vt 0.660937 0.564615
vt 0.647732 0.622963
vt 0.655600 0.624429
vt 0.653757 0.059011
vt 0.649891 0.001444
vt 0.658226 0.000235
vt 0.661352 0.059260
vt 0.653780 0.113776
vt 0.660925 0.114122
vt 0.653989 0.165893
vt 0.660925 0.166162
vt 0.654352 0.216247
vt 0.661093 0.216441
vt 0.595499 0.364467
vt 0.602482 0.364561
vt 0.596163 0.411903
vt 0.603088 0.412000
vt 0.594425 0.459452
vt 0.601444 0.459641
vt 0.584419 0.062514
vt 0.584336 0.009812
vt 0.592521 0.006551
vt 0.592057 0.062014
vt 0.586904 0.116426
vt 0.594450 0.116014
vt 0.589898 0.168183
vt 0.597172 0.168059
vt 0.544184 0.363036
vt 0.551592 0.363087
vt 0.545216 0.411692
vt 0.552560 0.411786
vt 0.543550 0.459825
vt 0.550773 0.460055
vt 0.528120 0.069972
vt 0.516831 0.012714
vt 0.526196 0.014346
vt 0.536244 0.068834
vt 0.532882 0.120760
vt 0.540508 0.120107
vt 0.537583 0.168601
vt 0.544952 0.168322
vt 0.812187 0.269671
vt 0.812073 0.221444
vt 0.816303 0.221345
vt 0.816313 0.269670
vt 0.812792 0.175235
vt 0.817114 0.175262
vt 0.823632 0.080681
vt 0.828092 0.081169
vt 0.832847 0.033599
vt 0.836840 0.035233
vt 0.829736 0.600238
vt 0.822488 0.554333
vt 0.826646 0.553807
vt 0.833597 0.598567
vt 0.816763 0.507490
vt 0.821034 0.507307
vt 0.813597 0.461145
vt 0.818007 0.461252
vt 0.813544 0.412898
vt 0.817723 0.413071
vt 0.811980 0.364449
vt 0.816209 0.364574
vt 0.810522 0.317448
vt 0.814928 0.317545
vt 0.223434 0.870617
vt 0.225842 0.873674
vt 0.237540 0.864483
vt 0.238426 0.868217
vt 0.266464 0.872487
vt 0.264187 0.875383
vt 0.275521 0.884954
vt 0.272238 0.886490
vt 0.275521 0.912836
vt 0.272238 0.911301
vt 0.251739 0.931252
vt 0.251074 0.927689
vt 0.236329 0.931150
vt 0.237357 0.927613
vt 0.212976 0.912301
vt 0.216528 0.910846
vt 0.209747 0.897261
vt 0.213634 0.897438
vt 0.588488 0.995174
vt 0.581619 0.995203
vt 0.620159 0.995250
vt 0.627024 0.995324
vt 0.658653 0.995863
vt 0.665500 0.996048
vt 0.543096 0.995739
vt 0.549955 0.995597
vt 0.523337 0.647267
vt 0.524677 0.654419
vt 0.657916 0.643819
vt 0.657130 0.650863
vt 0.613529 0.640692
vt 0.613341 0.647801
vt 0.554139 0.642779
vt 0.554319 0.650204
vt 0.685907 0.653362
vt 0.683822 0.659283
vt 0.643283 0.643045
vt 0.642701 0.650300
vt 0.568979 0.640972
vt 0.569054 0.648175
vt 0.598981 0.641525
vt 0.598764 0.648821
vt 0.509495 0.653463
vt 0.511974 0.659536
vt 0.046745 0.985094
vt 0.047727 0.981429
vt 0.024893 0.972478
vt 0.027576 0.969795
vt 0.012277 0.925395
vt 0.015942 0.926377
vt 0.024893 0.903544
vt 0.027576 0.906227
vt 0.071976 0.890928
vt 0.070994 0.894593
vt 0.093828 0.903544
vt 0.091145 0.906227
vt 0.106443 0.950627
vt 0.102778 0.949645
vt 0.093828 0.972478
vt 0.091145 0.969795
vt 0.887901 0.104592
vt 0.840653 0.104592
vt 0.840653 0.097262
vt 0.887901 0.097262
vt 0.887901 0.028897
vt 0.840653 0.028897
vt 0.840653 0.021567
vt 0.887901 0.021567
vt 0.887901 0.255982
vt 0.840653 0.255982
vt 0.840653 0.248652
vt 0.887901 0.248652
vt 0.840653 0.172957
vt 0.887901 0.172957
vt 0.887901 0.180287
vt 0.840653 0.180287
vt 0.517304 0.630696
vt 0.518544 0.634104
vt 0.661318 0.627952
vt 0.660618 0.631215
vt 0.614307 0.624647
vt 0.614147 0.627946
vt 0.553534 0.625080
vt 0.553659 0.628720
vt 0.695566 0.642541
vt 0.693580 0.644766
vt 0.645778 0.626170
vt 0.645265 0.629641
vt 0.568782 0.624453
vt 0.568823 0.627850
vt 0.599995 0.624512
vt 0.599787 0.628010
vt 0.497920 0.641891
vt 0.500300 0.644271
vt 0.124480 0.722724
vt 0.124480 0.003717
vt 0.082987 0.722672
vt 0.082987 0.003665
vt 0.041493 0.722691
vt 0.041493 0.003684
vt 0.003665 0.722768
vt 0.003665 0.003761
vt 0.373440 0.723148
vt 0.373440 0.004141
vt 0.331946 0.723200
vt 0.331946 0.004193
vt 0.290453 0.723181
vt 0.290453 0.004174
vt 0.162242 0.856021
vt 0.188026 0.825659
vt 0.152579 0.894663
vt 0.224572 0.809828
vt 0.264350 0.811674
vt 0.299336 0.830669
vt 0.322681 0.862903
vt 0.322681 0.934887
vt 0.297319 0.965553
vt 0.261281 0.982430
vt 0.221481 0.982227
vt 0.185663 0.964851
vt 0.160995 0.933591
vt 0.572210 0.995256
vt 0.597903 0.995144
vt 0.559361 0.995426
vt 0.533706 0.995941
vt 0.520927 0.996307
vt 0.674882 0.996304
vt 0.649264 0.995646
vt 0.636432 0.995432
vt 0.610753 0.995165
vt 0.887901 0.151390
vt 0.840653 0.151390
vt 0.887901 0.201854
vt 0.840653 0.201854
vt 0.887901 0.227085
vt 0.840653 0.227085
vt 0.887901 0.277549
vt 0.840653 0.277549
vt 0.887901 0.302781
vt 0.840653 0.302781
vt 0.887901 0.000000
vt 0.840653 0.000000
vt 0.887901 0.050463
vt 0.840653 0.050463
vt 0.887901 0.075695
vt 0.840653 0.075695
vt 0.887901 0.126159
vt 0.840653 0.126159
s 1
f 1/1/1 2/2/1 3/3/1 4/4/1 5/5/1 6/6/1 7/7/1 8/8/1 9/9/1 10/10/1 11/11/1 12/12/1
f 15/13/2 16/14/3 17/15/4
f 20/16/5 21/17/6 22/18/7
f 27/19/8 28/20/9 29/21/10
f 38/22/11 39/23/12 40/24/13
f 43/25/14 44/26/15 45/27/16
f 48/28/17 49/29/18 50/30/19
f 65/31/20 66/32/21 67/33/22
f 68/34/23 69/35/24 70/36/25
f 75/37/26 76/38/27 77/39/28
f 82/40/29 83/41/30 84/42/31
f 89/43/32 90/44/33 91/45/34
f 96/46/35 97/47/36 98/48/37
f 103/49/8 104/50/9 105/51/10
f 110/52/38 111/53/39 112/54/40
f 117/55/41 118/56/42 119/57/43
f 124/58/44 125/59/45 126/60/46
f 127/61/47 128/62/48 129/63/49
f 136/64/50 137/65/51 138/66/52
f 139/67/53 140/68/54 141/69/55
f 142/70/56 143/71/57 144/72/58
f 151/73/59 152/74/60 153/75/61
f 202/76/62 203/77/63 204/78/64
f 205/79/65 206/80/66 207/81/67
f 220/82/68 221/83/69 222/84/70
f 223/85/71 224/86/72 225/87/73
f 226/88/74 227/89/75 228/90/76
f 229/91/77 230/92/78 231/93/79
f 232/94/80 233/95/81 234/96/82
f 235/97/83 236/98/84 237/99/85
f 250/100/86 251/101/87 252/102/88
f 253/103/89 254/104/90 255/105/91
f 256/106/92 257/107/93 258/108/94
f 259/109/95 260/110/96 261/111/97
f 268/112/98 269/113/99 270/114/100
f 287/115/101 288/116/102 289/117/103
f 294/118/104 295/119/105 296/120/106
f 301/121/107 302/122/108 303/123/109
f 308/124/110 309/125/111 310/126/112
f 321/127/24 322/128/25 323/129/23
f 334/130/32 335/131/33 336/132/34
f 337/133/29 338/134/30 339/135/31
f 340/136/26 341/137/27 342/138/28
f 343/139/113 344/140/114 345/141/115
f 350/142/116 351/143/117 352/144/118
f 357/145/119 358/146/120 359/147/121
f 364/148/122 365/149/123 366/150/124
f 381/151/125 382/152/126 383/153/127
f 384/154/128 385/155/129 386/156/130
f 387/157/131 388/158/132 389/159/133
f 392/160/134 393/161/135 394/162/136
f 14/163/137 18/164/138 19/165/138 13/166/137
f 20/16/5 16/14/3 15/13/2 21/17/6
f 126/167/139 17/168/140 16/169/141 124/170/142
f 18/164/138 23/171/143 24/172/143 19/165/138
f 26/173/144 22/18/7 21/17/6 25/174/145
f 23/171/143 28/20/9 27/19/8 24/172/143
f 31/175/146 26/173/144 25/174/145 30/176/146
f 28/20/9 32/177/147 33/178/147 29/21/10
f 35/179/148 31/175/146 30/176/146 34/180/149
f 32/177/147 36/181/150 37/182/150 33/178/147
f 38/22/11 35/179/148 34/180/149 39/23/12
f 36/183/150 41/184/151 42/185/151 37/186/150
f 43/25/14 40/24/13 39/23/12 44/26/15
f 41/184/151 46/187/152 47/188/152 42/185/151
f 48/28/17 45/27/16 44/26/15 49/29/18
f 46/187/152 51/189/153 52/190/153 47/188/152
f 54/191/154 50/30/19 49/29/18 53/192/155
f 51/189/153 55/193/156 56/194/156 52/190/153
f 58/195/157 54/191/154 53/192/155 57/196/157
f 55/193/156 59/197/158 60/198/158 56/194/156
f 62/199/159 58/195/157 57/196/157 61/200/160
f 59/197/158 63/201/161 64/202/161 60/198/158
f 65/31/20 62/199/159 61/200/160 66/32/21
f 63/201/161 14/163/137 13/166/137 64/202/161
f 17/15/4 67/33/22 66/32/21 15/13/2
f 105/51/162 76/38/162 75/37/163 103/49/163
f 112/54/164 83/41/164 82/40/165 110/52/165
f 119/57/166 90/44/166 89/43/167 117/55/167
f 95/203/168 68/34/23 70/36/25 94/204/168
f 93/205/169 95/203/168 94/204/168 92/206/169
f 90/44/33 93/205/169 92/206/169 91/45/34
f 88/207/170 89/43/32 91/45/34 87/208/170
f 86/209/171 88/207/170 87/208/170 85/210/171
f 83/41/30 86/209/171 85/210/171 84/42/31
f 81/211/172 82/40/29 84/42/31 80/212/172
f 79/213/173 81/214/172 80/215/172 78/216/173
f 76/38/27 79/213/173 78/216/173 77/39/28
f 74/217/174 75/37/26 77/39/28 73/218/174
f 72/219/175 74/217/174 73/218/174 71/220/175
f 69/35/24 72/219/175 71/220/175 70/36/25
f 68/34/176 97/47/176 96/46/177 69/35/177
f 123/221/161 98/48/37 97/47/36 122/222/161
f 121/223/158 123/221/161 122/222/161 120/224/158
f 118/56/42 121/223/158 120/224/158 119/57/43
f 116/225/153 118/56/42 117/55/41 115/226/153
f 114/227/152 116/225/153 115/226/153 113/228/152
f 111/53/39 114/227/152 113/228/152 112/54/40
f 109/229/150 111/53/39 110/52/38 108/230/150
f 107/231/147 109/232/150 108/233/150 106/234/147
f 104/50/9 107/231/147 106/234/147 105/51/10
f 102/235/143 104/50/9 103/49/8 101/236/143
f 100/237/138 102/235/143 101/236/143 99/238/138
f 98/48/37 100/237/138 99/238/138 96/46/35
f 22/239/178 128/240/179 127/241/180 20/242/181
f 40/243/182 137/244/183 136/245/184 38/246/185
f 45/247/186 140/248/187 139/249/188 43/250/189
f 50/251/190 143/252/191 142/253/192 48/254/193
f 67/255/194 152/256/195 151/257/196 65/258/197
f 152/74/60 126/60/46 125/59/45 153/75/61
f 150/259/160 151/73/59 153/75/61 149/260/159
f 148/261/198 150/259/160 149/260/159 147/262/198
f 146/263/155 148/261/198 147/262/198 145/264/199
f 143/71/57 146/263/155 145/264/199 144/72/58
f 140/68/54 142/70/56 144/72/58 141/69/55
f 137/65/51 139/67/53 141/69/55 138/66/52
f 135/265/149 136/266/50 138/267/52 134/268/148
f 133/269/146 135/265/149 134/268/148 132/270/146
f 131/271/145 133/269/146 132/270/146 130/272/144
f 128/62/48 131/271/145 130/272/144 129/63/49
f 124/58/44 127/61/47 129/63/49 125/59/45
f 155/273/200 156/274/201 157/275/201 154/276/200
f 156/274/201 160/277/202 161/278/202 157/275/201
f 160/277/202 164/279/203 165/280/203 161/278/202
f 164/279/203 168/281/204 169/282/204 165/280/203
f 168/281/204 172/283/205 173/284/205 169/282/204
f 172/285/205 176/286/206 177/287/206 173/288/205
f 176/286/206 180/289/207 181/290/207 177/287/206
f 180/289/207 184/291/208 185/292/208 181/290/207
f 184/291/208 188/293/209 189/294/209 185/292/208
f 188/293/209 192/295/210 193/296/210 189/294/209
f 192/295/210 196/297/211 197/298/211 193/296/210
f 196/297/211 155/273/200 154/276/200 197/298/211
f 199/299/212 200/300/213 201/301/213 198/302/212
f 195/303/214 199/299/212 198/302/212 194/304/214
f 191/305/215 195/303/214 194/304/214 190/306/215
f 187/307/216 191/305/215 190/306/215 186/308/216
f 183/309/217 187/307/216 186/308/216 182/310/217
f 179/311/218 183/309/217 182/310/217 178/312/218
f 175/313/219 179/311/218 178/312/218 174/314/219
f 171/315/220 175/316/219 174/317/219 170/318/220
f 167/319/221 171/315/220 170/318/220 166/320/221
f 163/321/222 167/319/221 166/320/221 162/322/222
f 159/323/223 163/321/222 162/322/222 158/324/223
f 200/300/213 159/323/223 158/324/223 201/301/213
f 204/78/224 206/80/225 205/79/226 202/76/227
f 222/84/228 224/86/229 223/85/230 220/82/231
f 228/90/232 230/92/233 229/91/234 226/88/235
f 234/96/236 236/98/237 235/97/238 232/94/239
f 252/102/240 254/104/241 253/103/242 250/100/243
f 254/104/90 256/106/92 258/108/94 255/105/91
f 249/325/244 253/103/89 255/105/91 248/326/245
f 245/327/246 249/325/244 248/326/245 244/328/247
f 241/329/248 245/327/246 244/328/247 240/330/249
f 236/98/84 241/329/248 240/330/249 237/99/85
f 230/92/78 235/97/83 237/99/85 231/93/79
f 224/86/72 229/91/77 231/93/79 225/87/73
f 219/331/250 223/332/71 225/333/73 218/334/251
f 215/335/252 219/331/250 218/334/251 214/336/253
f 211/337/254 215/335/252 214/336/253 210/338/255
f 206/80/66 211/337/254 210/338/255 207/81/67
f 257/107/93 205/79/65 207/81/67 258/108/94
f 256/106/256 260/110/257 259/109/258 257/107/259
f 251/101/87 261/111/97 260/110/96 252/102/88
f 247/339/260 251/101/87 250/100/86 246/340/261
f 243/341/262 247/339/260 246/340/261 242/342/263
f 239/343/264 243/341/262 242/342/263 238/344/265
f 233/95/81 239/343/264 238/344/265 234/96/82
f 227/89/75 233/95/81 232/94/80 228/90/76
f 221/83/69 227/89/75 226/88/74 222/84/70
f 217/345/266 221/346/69 220/347/68 216/348/267
f 213/349/268 217/345/266 216/348/267 212/350/269
f 209/351/270 213/349/268 212/350/269 208/352/271
f 203/77/63 209/351/270 208/352/271 204/78/64
f 261/111/97 203/77/63 202/76/62 259/109/95
f 263/353/272 264/354/273 265/355/274 262/356/275
f 264/354/273 266/357/276 267/358/277 265/355/274
f 266/357/276 268/112/98 270/114/100 267/358/277
f 269/113/99 271/359/278 272/360/279 270/114/100
f 271/359/278 273/361/280 274/362/281 272/360/279
f 273/363/280 275/364/282 276/365/283 274/366/281
f 275/364/282 277/367/284 278/368/285 276/365/283
f 277/367/284 279/369/286 280/370/287 278/368/285
f 279/369/286 281/371/288 282/372/289 280/370/287
f 281/371/288 283/373/290 284/374/291 282/372/289
f 283/373/290 285/375/292 286/376/293 284/374/291
f 285/375/292 263/353/272 262/356/275 286/376/293
f 268/112/98 27/19/163 29/21/162 269/113/99
f 289/117/103 290/377/294 291/378/295 287/115/101
f 290/377/294 292/379/296 293/380/297 291/378/295
f 292/379/296 295/119/105 294/118/104 293/380/297
f 295/119/105 297/381/298 298/382/299 296/120/106
f 297/381/298 299/383/300 300/384/301 298/382/299
f 299/385/300 302/122/108 301/121/107 300/386/301
f 302/122/108 304/387/302 305/388/303 303/123/109
f 304/387/302 306/389/304 307/390/305 305/388/303
f 306/389/304 309/125/111 308/124/110 307/390/305
f 309/125/111 311/391/306 312/392/307 310/126/112
f 311/391/306 313/393/308 314/394/309 312/392/307
f 313/393/308 289/117/103 288/116/102 314/394/309
f 323/129/176 288/395/176 287/396/177 321/127/177
f 310/397/112 335/131/166 334/130/167 308/398/110
f 303/399/109 338/134/164 337/133/165 301/400/107
f 296/401/106 341/137/162 340/136/163 294/402/104
f 331/403/173 342/138/28 341/137/27 330/404/173
f 327/405/171 339/135/31 338/134/30 326/406/171
f 318/407/169 336/132/34 335/131/33 317/408/169
f 342/138/28 332/409/174 333/410/174 340/136/26
f 339/135/31 328/411/172 329/412/172 337/133/29
f 336/132/34 324/413/170 325/414/170 334/130/32
f 332/409/174 319/415/175 320/416/175 333/410/174
f 322/128/25 315/417/168 316/418/168 323/129/23
f 328/419/172 331/403/173 330/404/173 329/420/172
f 324/413/170 327/405/171 326/406/171 325/414/170
f 319/415/175 322/128/25 321/127/24 320/416/175
f 315/417/168 318/407/169 317/408/169 316/418/168
f 343/139/113 346/421/138 347/422/138 344/140/114
f 346/421/138 348/423/143 349/424/143 347/422/138
f 348/423/143 350/142/116 352/144/118 349/424/143
f 351/143/117 353/425/147 354/426/147 352/144/118
f 353/425/147 355/427/150 356/428/150 354/426/147
f 355/427/150 357/145/119 359/147/121 356/428/150
f 358/146/120 360/429/152 361/430/152 359/147/121
f 360/429/152 362/431/153 363/432/153 361/430/152
f 362/431/153 364/148/122 366/150/124 363/432/153
f 365/149/123 367/433/158 368/434/158 366/150/124
f 367/433/158 369/435/161 370/436/161 368/434/158
f 369/435/161 345/141/115 344/140/114 370/436/161
f 383/437/166 365/438/166 364/439/167 381/440/167
f 386/441/164 358/442/164 357/443/165 384/444/165
f 389/445/162 351/446/162 350/447/163 387/448/163
f 345/449/176 393/450/176 392/451/177 343/452/177
f 398/453/173 389/159/133 388/158/132 397/454/173
f 396/455/171 386/156/130 385/155/129 395/456/171
f 391/457/169 383/153/127 382/152/126 390/458/169
f 387/157/131 379/459/174 380/460/174 388/158/132
f 384/154/128 377/461/172 378/462/172 385/155/129
f 381/151/125 375/463/170 376/464/170 382/152/126
f 379/459/174 373/465/175 374/466/175 380/460/174
f 393/161/135 371/467/168 372/468/168 394/162/136
f 377/469/172 398/453/173 397/454/173 378/470/172
f 375/463/170 396/455/171 395/456/171 376/464/170
f 373/465/175 392/160/134 394/162/136 374/466/175
f 371/467/168 391/457/169 390/458/169 372/468/168
f 13/166/310 19/165/311 264/354/311 263/353/310
f 14/163/1 63/201/1 197/298/1 154/276/1
f 18/164/1 14/163/1 154/276/1 157/275/1
f 64/202/312 13/166/313 263/353/313 285/375/312
f 21/17/314 15/13/314 66/32/314 61/200/314 57/196/314 53/192/314 49/29/314 44/26/314 39/23/314 34/180/314 30/176/314 25/174/314
f 124/170/142 16/169/141 20/242/181 127/241/180
f 152/256/195 67/255/194 17/168/140 126/167/139
f 19/165/311 24/172/315 266/357/276 264/354/311
f 23/171/1 18/164/1 157/275/1 161/278/1
f 128/240/179 22/239/178 26/471/316 131/472/317
f 24/172/315 27/19/163 268/112/98 266/357/276
f 28/20/1 23/171/1 161/278/1 165/280/1
f 131/472/317 26/471/316 31/473/318 133/474/319
f 32/177/1 28/20/1 165/280/1 169/282/1
f 29/21/162 33/178/320 271/359/278 269/113/99
f 133/474/319 31/473/318 35/475/321 135/476/322
f 33/178/320 37/182/323 273/361/280 271/359/278
f 36/181/1 32/177/1 169/282/1 173/284/1
f 135/476/322 35/475/321 38/477/185 136/478/184
f 37/186/323 42/185/324 275/364/282 273/363/280
f 41/184/1 36/183/1 173/288/1 177/287/1
f 137/244/183 40/243/182 43/250/189 139/249/188
f 42/185/325 47/188/326 277/367/284 275/364/282
f 46/187/1 41/184/1 177/287/1 181/290/1
f 140/248/187 45/247/186 48/254/193 142/253/192
f 47/188/326 52/190/327 279/369/286 277/367/284
f 51/189/1 46/187/1 181/290/1 185/292/1
f 143/252/191 50/251/190 54/479/328 146/480/329
f 52/190/330 56/194/330 281/371/288 279/369/286
f 55/193/1 51/189/1 185/292/1 189/294/1
f 146/480/329 54/479/328 58/481/331 148/482/332
f 56/194/333 60/198/333 283/373/290 281/371/288
f 59/197/1 55/193/1 189/294/1 193/296/1
f 148/482/332 58/481/331 62/483/334 150/484/335
f 60/198/336 64/202/312 285/375/312 283/373/336
f 63/201/1 59/197/1 193/296/1 197/298/1
f 150/484/335 62/483/334 65/258/197 151/257/196
f 70/36/314 71/220/314 159/323/314 200/300/314
f 69/35/177 96/46/177 99/238/310 72/219/310
f 94/204/314 70/36/314 200/300/314 199/299/314
f 95/203/313 122/222/313 97/47/176 68/34/176
f 71/220/314 73/218/314 163/321/314 159/323/314
f 72/219/337 99/238/337 101/236/337 74/217/337
f 74/217/338 101/236/338 103/49/163 75/37/163
f 73/218/314 77/39/314 167/319/314 163/321/314
f 76/38/162 105/51/162 106/234/339 79/213/339
f 77/39/314 78/216/314 171/315/314 167/319/314
f 79/213/340 106/234/340 108/233/340 81/214/340
f 78/216/314 80/215/314 175/316/314 171/315/314
f 81/211/324 108/230/324 110/52/165 82/40/165
f 80/212/314 84/42/314 179/311/314 175/313/314
f 83/41/164 112/54/164 113/228/325 86/209/325
f 84/42/314 85/210/314 183/309/314 179/311/314
f 86/209/327 113/228/327 115/226/327 88/207/327
f 85/210/314 87/208/314 187/307/314 183/309/314
f 88/207/330 115/226/330 117/55/167 89/43/167
f 87/208/314 91/45/314 191/305/314 187/307/314
f 90/44/166 119/57/166 120/224/333 93/205/333
f 91/45/314 92/206/314 195/303/314 191/305/314
f 93/205/336 120/224/336 122/222/336 95/203/336
f 92/206/314 94/204/314 199/299/314 195/303/314
f 100/237/1 98/48/1 258/108/1 207/81/1
f 98/48/1 123/221/1 255/105/1 258/108/1
f 102/235/1 100/237/1 207/81/1 210/338/1
f 104/50/1 102/235/1 210/338/1 214/336/1
f 107/231/1 104/50/1 214/336/1 218/334/1
f 109/232/1 107/231/1 218/334/1 225/333/1
f 111/53/1 109/229/1 225/87/1 231/93/1
f 114/227/1 111/53/1 231/93/1 237/99/1
f 116/225/1 114/227/1 237/99/1 240/330/1
f 118/56/1 116/225/1 240/330/1 244/328/1
f 121/223/1 118/56/1 244/328/1 248/326/1
f 123/221/1 121/223/1 248/326/1 255/105/1
f 125/59/314 129/63/314 203/77/314 261/111/314
f 153/75/314 125/59/314 261/111/314 251/101/314
f 129/63/314 130/272/314 209/351/314 203/77/314
f 130/272/314 132/270/314 213/349/314 209/351/314
f 132/270/314 134/268/314 217/345/314 213/349/314
f 134/268/314 138/267/314 221/346/314 217/345/314
f 138/66/314 141/69/314 227/89/314 221/83/314
f 141/69/314 144/72/314 233/95/314 227/89/314
f 144/72/314 145/264/314 239/343/314 233/95/314
f 145/264/314 147/262/314 243/341/314 239/343/314
f 147/262/314 149/260/314 247/339/314 243/341/314
f 149/260/314 153/75/314 251/101/314 247/339/314
f 196/297/341 198/302/341 201/301/342 155/273/342
f 155/273/342 201/301/342 158/324/343 156/274/343
f 156/274/343 158/324/343 162/322/344 160/277/344
f 160/277/344 162/322/344 166/320/345 164/279/345
f 164/279/345 166/320/345 170/318/346 168/281/346
f 168/281/346 170/318/346 174/317/347 172/283/347
f 172/285/347 174/314/347 178/312/348 176/286/348
f 176/286/348 178/312/348 182/310/349 180/289/349
f 180/289/349 182/310/349 186/308/350 184/291/350
f 184/291/350 186/308/350 190/306/351 188/293/351
f 188/293/351 190/306/351 194/304/352 192/295/352
f 192/295/352 194/304/352 198/302/341 196/297/341
f 257/107/259 259/109/258 202/76/227 205/79/226
f 206/80/225 204/78/224 208/352/353 211/337/354
f 211/337/354 208/352/353 212/350/355 215/335/356
f 215/335/356 212/350/355 216/348/357 219/331/358
f 219/331/358 216/348/357 220/347/231 223/332/230
f 224/86/229 222/84/228 226/88/235 229/91/234
f 230/92/233 228/90/232 232/94/239 235/97/238
f 236/98/237 234/96/236 238/344/359 241/329/360
f 241/329/360 238/344/359 242/342/361 245/327/362
f 245/327/362 242/342/361 246/340/363 249/325/364
f 249/325/364 246/340/363 250/100/243 253/103/242
f 254/104/241 252/102/240 260/110/257 256/106/256
f 262/485/275 265/486/274 290/377/294 289/117/103
f 286/487/293 262/485/275 289/117/103 313/393/308
f 265/486/274 267/488/277 292/379/296 290/377/294
f 267/488/277 270/489/100 295/119/105 292/379/296
f 270/489/100 272/490/279 297/381/298 295/119/105
f 272/490/279 274/491/281 299/383/300 297/381/298
f 274/492/281 276/493/283 302/122/108 299/385/300
f 276/493/283 278/494/285 304/387/302 302/122/108
f 278/494/285 280/495/287 306/389/304 304/387/302
f 280/495/287 282/496/289 309/125/111 306/389/304
f 282/496/289 284/497/291 311/391/306 309/125/111
f 284/497/291 286/487/293 313/393/308 311/391/306
f 287/396/177 291/498/311 320/416/311 321/127/177
f 314/499/312 288/395/176 323/129/176 316/418/312
f 291/498/311 293/500/297 333/410/315 320/416/311
f 293/500/297 294/402/104 340/136/163 333/410/315
f 296/401/106 298/501/299 330/404/320 341/137/162
f 298/501/299 300/502/301 329/420/323 330/404/320
f 300/503/301 301/400/107 337/133/165 329/412/323
f 303/399/109 305/504/303 326/406/326 338/134/164
f 305/504/303 307/505/305 325/414/365 326/406/326
f 307/505/305 308/398/110 334/130/167 325/414/365
f 310/397/112 312/506/307 317/408/366 335/131/166
f 312/506/307 314/499/312 316/418/312 317/408/366
f 318/407/314 315/417/314 372/468/314 390/458/314
f 315/417/314 322/128/314 394/162/314 372/468/314
f 336/132/314 318/407/314 390/458/314 382/152/314
f 322/128/314 319/415/314 374/466/314 394/162/314
f 319/415/314 332/409/314 380/460/314 374/466/314
f 327/405/314 324/413/314 376/464/314 395/456/314
f 324/413/314 336/132/314 382/152/314 376/464/314
f 339/135/314 327/405/314 395/456/314 385/155/314
f 331/403/314 328/419/314 378/470/314 397/454/314
f 328/411/314 339/135/314 385/155/314 378/462/314
f 342/138/314 331/403/314 397/454/314 388/158/314
f 332/409/314 342/138/314 388/158/314 380/460/314
f 2/2/1 1/1/1 344/140/1 347/422/1
f 371/507/312 393/450/176 345/449/176 369/508/312
f 392/451/177 373/509/311 346/510/311 343/452/177
f 1/1/1 12/12/1 370/436/1 344/140/1
f 3/3/1 2/2/1 347/422/1 349/424/1
f 373/509/311 379/511/315 348/512/315 346/510/311
f 4/4/1 3/3/1 349/424/1 352/144/1
f 379/511/315 387/448/163 350/447/163 348/512/315
f 5/5/1 4/4/1 352/144/1 354/426/1
f 389/445/162 398/513/320 353/514/320 351/446/162
f 6/6/1 5/5/1 354/426/1 356/428/1
f 398/513/320 377/515/323 355/516/323 353/514/320
f 7/7/1 6/6/1 356/428/1 359/147/1
f 377/517/323 384/444/165 357/443/165 355/518/323
f 8/8/1 7/7/1 359/147/1 361/430/1
f 386/441/164 396/519/326 360/520/326 358/442/164
f 9/9/1 8/8/1 361/430/1 363/432/1
f 396/519/326 375/521/365 362/522/365 360/520/326
f 10/10/1 9/9/1 363/432/1 366/150/1
f 375/521/365 381/440/167 364/439/167 362/522/365
f 11/11/1 10/10/1 366/150/1 368/434/1
f 383/437/166 391/523/366 367/524/366 365/438/166
f 12/12/1 11/11/1 368/434/1 370/436/1
f 391/523/366 371/507/312 369/508/312 367/524/366
o Cube.001
v 0.494385 7.295771 0.322823
v 0.508121 7.331031 0.361466
v 0.464122 7.355888 0.305603
v 0.555752 7.455293 0.321783
v 0.569019 7.490708 0.260417
v 0.502720 7.456566 0.273225
v 0.494385 7.295771 -0.322823
v 0.464122 7.355888 -0.305603
v 0.508121 7.331031 -0.361466
v 0.569019 7.490708 -0.260417
v 0.555752 7.455293 -0.321783
v 0.502720 7.456566 -0.273225
v 1.040185 7.143577 0.322823
v 1.060596 7.176726 0.362162
v 1.139173 7.304346 0.321120
v 1.159665 7.337628 0.260417
v 1.060596 7.176726 -0.362162
v 1.040185 7.143577 -0.322823
v 1.159665 7.337628 -0.260417
v 1.139173 7.304346 -0.321120
v 1.835972 6.988500 -0.258871
v 1.748790 7.016983 -0.320881
v 1.763379 7.051722 -0.260417
v 1.479712 6.909121 -0.322823
v 1.406762 6.971968 -0.322823
v 1.511853 6.964114 -0.362354
v 1.479712 6.909121 0.322823
v 1.511853 6.964114 0.362354
v 1.406763 6.971968 0.322823
v 1.835972 6.988500 0.258871
v 1.763379 7.051722 0.260417
v 1.748790 7.016983 0.320881
v 2.269225 6.327310 -0.258809
v 2.213675 6.308990 -0.320903
v 1.994150 6.236591 -0.362342
v 1.938622 6.218278 -0.322823
v 1.938622 6.218278 0.322823
v 1.994150 6.236591 0.362342
v 2.213675 6.308990 0.320903
v 2.269225 6.327310 0.258809
v 2.427145 5.636440 -0.258618
v 2.371795 5.617634 -0.320778
v 2.149078 5.541965 -0.362469
v 2.093766 5.523172 -0.322823
v 2.093766 5.523172 0.322823
v 2.149078 5.541965 0.362469
v 2.371795 5.617634 0.320778
v 2.427145 5.636440 0.258618
v 2.238905 4.988798 -0.258284
v 2.193908 5.006446 -0.320962
v 2.017843 5.075504 -0.362224
v 1.972615 5.093243 -0.322823
v 1.972615 5.093243 0.322823
v 2.017843 5.075504 0.362224
v 2.193908 5.006446 0.320962
v 2.238905 4.988798 0.258284
v 1.885763 4.649334 -0.367917
v 1.931114 4.701712 -0.320888
v 1.926601 4.626391 -0.257779
v 1.766132 4.803365 -0.411954
v 1.705470 4.848472 -0.362059
v 1.788327 4.882958 -0.322823
v 1.817638 4.846829 -0.362344
v 1.705470 4.848472 0.362059
v 1.766132 4.803365 0.411954
v 1.817638 4.846829 0.362344
v 1.788327 4.882958 0.322823
v 1.885763 4.649334 0.367917
v 1.926601 4.626391 0.257779
v 1.931114 4.701712 0.320888
v 1.875210 4.550965 -0.480840
v 1.807385 4.555776 -0.547981
v 1.855570 4.604728 -0.501328
v 1.683965 4.849815 -0.409785
v 1.692898 4.807667 -0.573470
v 1.631019 4.776707 -0.628455
v 1.601001 4.815423 -0.592043
v 1.692898 4.807667 0.573470
v 1.683965 4.849815 0.409785
v 1.601001 4.815423 0.592043
v 1.631019 4.776707 0.628455
v 1.855569 4.604728 0.501328
v 1.807385 4.555776 0.547981
v 1.875210 4.550965 0.480840
v 1.425625 4.222416 -0.550291
v 1.429919 4.163216 -0.480983
v 1.383260 4.179574 -0.496818
v 1.376514 4.489641 -0.624996
v 1.333570 4.452657 -0.575825
v 1.357680 4.539359 -0.592043
v 1.357680 4.539359 0.592043
v 1.333570 4.452657 0.575825
v 1.376514 4.489641 0.624996
v 1.429919 4.163216 0.480983
v 1.425625 4.222416 0.550291
v 1.383260 4.179574 0.496818
vn -0.8115 -0.2584 0.5242
vn -0.3541 0.8411 0.4088
vn -0.4287 0.8902 0.1539
vn -0.4236 0.8886 0.1761
vn -0.8115 -0.2584 -0.5242
vn -0.4287 0.8902 -0.1539
vn -0.3541 0.8411 -0.4088
vn -0.4236 0.8886 -0.1761
vn 0.6108 0.4637 -0.6418
vn 0.4983 0.6507 -0.5730
vn 0.4639 0.7132 -0.5256
vn -0.4236 -0.3541 -0.8338
vn -0.3172 -0.6021 -0.7327
vn -0.4011 -0.4164 -0.8159
vn -0.4236 -0.3541 0.8338
vn -0.4011 -0.4164 0.8159
vn -0.3172 -0.6021 0.7327
vn 0.6108 0.4637 0.6418
vn 0.4639 0.7132 0.5256
vn 0.4983 0.6507 0.5730
vn 0.8400 -0.3771 -0.3900
vn 0.7111 -0.4759 -0.5176
vn 0.7265 -0.4662 -0.5049
vn 0.0092 0.7447 -0.6673
vn 0.0092 0.7447 0.6673
vn 0.8400 -0.3771 0.3900
vn 0.7265 -0.4662 0.5049
vn 0.7111 -0.4759 0.5176
vn 0.7029 -0.0142 -0.7111
vn 0.6265 0.1294 -0.7686
vn 0.6491 0.0907 -0.7553
vn 0.0555 0.9914 -0.1189
vn 0.3889 0.8546 -0.3440
vn 0.1481 0.9266 -0.3456
vn 0.3889 0.8546 0.3440
vn 0.0555 0.9914 0.1189
vn 0.1481 0.9266 0.3456
vn 0.6491 0.0907 0.7553
vn 0.6265 0.1294 0.7686
vn 0.7029 -0.0142 0.7111
vn -0.0472 -0.7610 -0.6471
vn -0.6571 0.0839 -0.7491
vn -0.6572 -0.2145 -0.7225
vn -0.5705 0.3041 -0.7629
vn -0.5705 0.3041 0.7629
vn -0.6572 -0.2145 0.7225
vn -0.6571 0.0839 0.7491
vn -0.0472 -0.7610 0.6471
vn -0.8932 -0.4497 -0.0000
vn -0.5986 0.4432 0.6672
vn -0.5987 0.4432 -0.6672
vn -0.2456 -0.6752 -0.6956
vn -0.1941 -0.6938 -0.6936
vn -0.2554 -0.6714 -0.6957
vn 0.2139 0.8248 -0.5234
vn 0.2938 0.7950 -0.5306
vn 0.2835 0.7993 -0.5299
vn -0.1941 -0.6938 0.6936
vn -0.2456 -0.6752 0.6956
vn -0.2554 -0.6714 0.6957
vn 0.2938 0.7950 0.5306
vn 0.2139 0.8248 0.5234
vn 0.2835 0.7993 0.5299
vn -0.5434 -0.8395 -0.0000
vn -0.7498 -0.6616 -0.0000
vn 0.5469 0.8372 -0.0000
vn 0.7532 0.6578 -0.0000
vn -0.5139 -0.2243 0.8280
vn -0.5172 -0.2156 0.8282
vn 0.6715 0.2810 0.6857
vn 0.6680 0.2900 0.6854
vn -0.5172 -0.2156 -0.8282
vn -0.5139 -0.2243 -0.8280
vn 0.6680 0.2900 -0.6854
vn 0.6715 0.2810 -0.6857
vn 0.7542 -0.0567 0.6542
vn 0.7463 0.0030 0.6656
vn 0.7542 -0.0567 -0.6542
vn 0.7463 0.0030 -0.6656
vn -0.5914 0.0490 -0.8049
vn -0.5798 -0.0065 -0.8147
vn -0.5914 0.0490 0.8049
vn -0.5798 -0.0065 0.8147
vn -0.5529 0.3111 0.7730
vn -0.5602 0.2952 0.7739
vn 0.7009 -0.3726 0.6082
vn 0.6937 -0.3874 0.6072
vn -0.5602 0.2952 -0.7739
vn -0.5529 0.3111 -0.7730
vn 0.6937 -0.3874 -0.6072
vn 0.7009 -0.3726 -0.6082
vn 0.5716 0.2195 -0.7906
vn -0.5612 0.8277 -0.0000
vn 0.0752 0.9958 -0.0529
vn 0.0752 0.9958 0.0529
vn 0.5716 0.2195 0.7906
vn -0.4910 0.4303 -0.7575
vn -0.4910 0.4303 0.7575
vn 0.8625 0.3881 -0.3247
vn 0.8869 0.3382 -0.3146
vn 0.9273 0.2350 -0.2914
vn 0.6640 0.6918 -0.2837
vn 0.9273 0.2350 0.2914
vn 0.8869 0.3382 0.3146
vn 0.8625 0.3881 0.3247
vn 0.6640 0.6918 0.2837
vn 0.5891 0.1882 -0.7859
vn -0.6795 0.7337 -0.0000
vn 0.5891 0.1882 0.7859
vn -0.5921 -0.3188 -0.7401
vn -0.8724 0.4887 -0.0000
vn -0.9968 0.0799 -0.0000
vn -0.3308 -0.9437 -0.0000
vn -0.5921 -0.3188 0.7401
vn 0.5391 -0.6163 0.5741
vn 0.5391 -0.6163 -0.5741
vn -0.4444 0.3879 -0.8075
vn -0.4444 0.3879 0.8075
vn -0.2686 -0.9633 -0.0000
vn -0.3475 -0.9377 -0.0000
vn -0.9337 0.3580 -0.0000
vn 0.0910 0.2581 0.9618
vn 0.0961 0.2544 0.9623
vn 0.0728 0.2711 0.9598
vn 0.3410 0.9401 -0.0000
vn 0.2509 0.9680 -0.0000
vn 0.0728 0.2711 -0.9598
vn 0.0961 0.2544 -0.9623
vn 0.0910 0.2581 -0.9618
vn 0.1265 0.1953 0.9726
vn 0.1418 0.1370 0.9804
vn 0.1418 0.1370 -0.9804
vn 0.1265 0.1953 -0.9726
vn 0.1623 0.0676 -0.9844
vn 0.1612 0.0708 -0.9844
vn 0.9201 0.3916 -0.0000
vn -0.9199 -0.3922 -0.0000
vn 0.1612 0.0708 0.9844
vn 0.1623 0.0676 0.9844
vn 0.1841 0.0030 -0.9829
vn 0.1915 -0.0193 -0.9813
vn 0.9996 -0.0290 -0.0000
vn -0.9996 0.0275 -0.0000
vn 0.1915 -0.0193 0.9813
vn 0.1841 0.0030 0.9829
vn 0.1887 -0.0991 -0.9770
vn 0.1860 -0.1060 -0.9768
vn 0.8790 -0.4768 -0.0000
vn -0.8790 0.4769 -0.0000
vn 0.1860 -0.1060 0.9768
vn 0.1887 -0.0991 0.9770
vn 0.1696 -0.1471 -0.9745
vn 0.8026 -0.5966 -0.0000
vn 0.1696 -0.1471 0.9745
vn 0.6939 -0.7200 -0.0000
vn 0.6567 -0.7542 -0.0000
vn 0.2032 -0.2102 -0.9563
vn 0.2032 -0.2102 0.9563
vn -0.9838 -0.1790 -0.0000
vt 0.145272 0.733236
vt 0.146796 0.748096
vt 0.125953 0.727463
vt 0.579793 0.980539
vt 0.625000 0.981065
vt 0.582151 1.000000
vt 0.145272 0.516764
vt 0.125953 0.522537
vt 0.146796 0.501904
vt 0.625000 0.255912
vt 0.579793 0.269461
vt 0.569177 0.235437
vt 0.625000 0.520757
vt 0.583082 0.500000
vt 0.625000 0.520134
vt 0.375000 0.516764
vt 0.416938 0.500000
vt 0.375000 0.733236
vt 0.416938 0.750000
vt 0.625000 0.729243
vt 0.625000 0.729866
vt 0.583082 0.750000
vt 0.584289 0.500000
vt 0.582980 0.500000
vt 0.625000 0.521196
vt 0.418254 0.500000
vt 0.375000 0.525960
vt 0.375000 0.516764
vt 0.417105 0.500000
vt 0.375000 0.724040
vt 0.418254 0.750000
vt 0.417105 0.750000
vt 0.375000 0.733236
vt 0.584289 0.750000
vt 0.625000 0.728804
vt 0.582980 0.750000
vt 0.625000 0.512564
vt 0.592775 0.500000
vt 0.589661 0.500000
vt 0.375000 0.524657
vt 0.412854 0.500000
vt 0.407514 0.500000
vt 0.375000 0.509735
vt 0.412854 0.750000
vt 0.375000 0.725343
vt 0.375000 0.740265
vt 0.407514 0.750000
vt 0.589661 0.750000
vt 0.592775 0.750000
vt 0.625000 0.737436
vt 0.589002 0.500000
vt 0.625000 0.512531
vt 0.591893 0.511341
vt 0.411763 0.500000
vt 0.408106 0.510519
vt 0.375000 0.509735
vt 0.375000 0.740265
vt 0.408106 0.739481
vt 0.411763 0.750000
vt 0.625000 0.737469
vt 0.589002 0.750000
vt 0.591893 0.738659
vt 0.420234 0.979980
vt 0.452445 1.000000
vt 0.625000 0.020134
vt 0.564853 0.019417
vt 0.420234 0.270020
vt 0.435147 0.231681
vt 0.407030 0.500000
vt 0.625000 0.515101
vt 0.582121 0.500000
vt 0.407030 0.750000
vt 0.625000 0.734899
vt 0.582121 0.750000
vt 0.416989 0.750000
vt 0.625000 0.729218
vt 0.582993 0.750000
vt 0.416989 0.500000
vt 0.582993 0.500000
vt 0.625000 0.520782
vt 0.583493 0.750000
vt 0.625000 0.729142
vt 0.583493 0.500000
vt 0.625000 0.520858
vt 0.416478 0.500000
vt 0.375000 0.733236
vt 0.416478 0.750000
vt 0.417461 0.750000
vt 0.625000 0.729007
vt 0.582756 0.750000
vt 0.417461 0.500000
vt 0.582756 0.500000
vt 0.625000 0.520993
vt 0.435147 0.018319
vt 0.856065 0.520134
vt 0.856065 0.729866
s 1
f 399/525/367 400/526/367 401/527/367
f 402/528/368 403/529/369 404/530/370
f 405/531/371 406/532/371 407/533/371
f 408/534/372 409/535/373 410/536/374
f 419/537/375 420/538/376 421/539/377
f 422/540/378 423/540/379 424/541/380
f 425/542/381 426/543/382 427/542/383
f 428/544/384 429/545/385 430/546/386
f 455/547/387 456/548/388 457/549/389
f 458/550/390 459/551/390 460/552/390 461/553/390
f 462/554/391 463/555/391 464/556/391 465/557/391
f 466/558/392 467/559/393 468/560/394
f 469/561/395 470/562/396 471/563/397
f 472/564/398 473/565/399 474/566/400 475/567/400
f 476/568/401 477/569/402 478/570/403 479/571/403
f 480/572/404 481/573/405 482/574/406
f 483/575/407 484/576/407 485/577/407
f 486/578/408 487/579/409 488/580/410
f 489/581/411 490/582/412 491/583/413
f 492/584/414 493/585/414 494/586/414
f 405/531/415 399/525/415 401/527/415 406/532/415
f 400/587/416 402/528/416 404/530/416 401/588/416
f 403/589/369 408/534/372 410/536/374 404/590/370
f 409/535/417 407/591/417 406/592/417 410/536/417
f 416/540/418 405/531/419 407/533/419 415/593/420
f 408/534/421 417/594/422 418/595/423 409/535/421
f 399/525/424 411/542/425 412/596/426 400/526/424
f 414/597/427 403/529/428 402/528/428 413/598/429
f 427/542/430 423/540/430 422/540/431 425/542/431
f 421/539/432 429/545/432 428/544/433 419/537/433
f 411/542/425 427/542/383 426/543/382 412/596/426
f 429/545/385 414/597/427 413/598/429 430/546/386
f 415/593/420 424/541/380 423/540/379 416/540/418
f 420/538/376 418/595/423 417/594/422 421/539/377
f 425/542/381 435/542/434 436/599/435 426/543/382
f 438/600/436 428/544/384 430/546/386 437/601/437
f 424/541/380 433/602/438 434/540/439 422/540/378
f 432/603/440 420/538/376 419/537/375 431/604/441
f 437/601/437 445/605/442 446/606/443 438/600/436
f 440/607/444 432/603/440 431/604/441 439/608/445
f 442/540/446 434/540/439 433/602/438 441/609/447
f 435/542/434 443/610/448 444/611/449 436/599/435
f 443/610/448 451/542/450 452/612/451 444/611/449
f 454/613/452 446/606/443 445/605/442 453/614/453
f 441/609/447 449/615/454 450/540/455 442/540/446
f 448/616/456 440/607/444 439/608/445 447/617/457
f 455/547/458 458/550/458 461/553/458 456/548/458
f 465/557/459 460/552/459 459/551/460 462/554/461
f 468/560/462 464/556/462 463/555/462 466/558/462
f 449/615/454 461/553/463 460/552/463 450/540/455
f 464/556/464 452/612/451 451/542/450 465/557/464
f 453/614/453 468/560/394 467/559/393 454/613/452
f 456/548/388 448/616/456 447/617/457 457/549/389
f 471/563/465 455/547/466 457/549/467 469/561/467
f 458/550/468 473/565/399 472/564/398 459/551/460
f 482/574/469 467/559/469 466/558/470 480/572/471
f 462/554/461 477/569/402 476/568/401 463/555/472
f 470/562/396 474/566/473 473/565/473 471/563/397
f 477/569/402 472/564/398 475/567/474 478/570/474
f 480/572/404 476/568/475 479/571/475 481/573/405
f 485/577/476 487/579/409 486/578/408 483/575/476
f 489/581/477 488/580/477 487/579/478 490/582/478
f 484/576/479 492/584/479 494/586/479 485/577/479
f 493/585/480 491/583/413 490/582/412 494/586/480
f 481/573/481 493/585/481 492/584/481 482/574/481
f 483/575/482 470/562/482 469/561/482 484/576/482
f 488/580/410 475/567/483 474/566/483 486/578/408
f 478/570/484 489/581/411 491/583/413 479/571/484
f 405/531/485 416/540/486 411/542/486 399/525/485
f 401/618/487 404/590/487 410/536/487 406/592/487
f 412/596/488 413/598/489 402/528/490 400/587/490
f 417/594/491 408/619/492 403/620/492 414/597/491
f 407/591/493 409/535/493 418/595/494 415/593/495
f 411/542/486 416/540/486 423/540/430 427/542/430
f 413/598/489 412/596/488 426/543/496 430/546/497
f 417/594/491 414/597/491 429/545/432 421/539/432
f 415/593/495 418/595/494 420/538/498 424/541/499
f 424/541/499 420/538/498 432/603/500 433/602/501
f 419/537/433 428/544/433 438/600/502 431/604/502
f 425/542/431 422/540/431 434/540/503 435/542/503
f 430/546/497 426/543/496 436/599/504 437/601/505
f 433/602/501 432/603/500 440/607/506 441/609/507
f 431/604/502 438/600/502 446/606/508 439/608/508
f 435/542/503 434/540/503 442/540/509 443/610/509
f 437/601/505 436/599/504 444/611/510 445/605/511
f 441/609/507 440/607/506 448/616/512 449/615/513
f 439/608/508 446/606/508 454/613/514 447/617/514
f 443/610/509 442/540/509 450/540/515 451/542/515
f 445/605/511 444/611/510 452/612/516 453/614/517
f 449/615/513 448/616/512 456/548/518 461/553/518
f 447/617/514 454/613/514 467/559/519 457/549/519
f 451/542/515 450/540/515 460/552/459 465/557/459
f 453/614/517 452/612/516 464/556/520 468/560/520
f 458/550/468 455/547/466 471/563/465 473/565/399
f 457/549/519 467/559/519 482/574/521 469/561/521
f 462/554/461 459/551/460 472/564/398 477/569/402
f 466/558/470 463/555/472 476/568/401 480/572/471
f 469/561/521 482/574/521 492/584/522 484/576/522
f 474/566/523 470/562/523 483/575/523 486/578/523
f 478/570/474 475/567/474 488/580/477 489/581/477
f 481/573/524 479/571/524 491/583/524 493/585/524
f 487/579/478 485/577/525 494/586/525 490/582/478
o Cube.002
v -0.017914 7.295771 -0.590179
v 0.005931 7.331031 -0.623546
v -0.014732 7.355888 -0.555504
v -0.053862 7.455293 -0.639924
v -0.111790 7.490708 -0.615713
v -0.063366 7.456566 -0.568651
v -0.547556 7.295771 -0.220939
v -0.516122 7.355888 -0.205961
v -0.587111 7.331031 -0.210107
v -0.539045 7.490708 -0.317853
v -0.581798 7.455293 -0.271875
v -0.511636 7.456566 -0.256140
v -0.330052 7.143577 -1.037914
v -0.309453 7.176726 -1.077155
v -0.388058 7.304346 -1.118143
v -0.449575 7.337628 -1.100238
v -0.903638 7.176726 -0.662920
v -0.859694 7.143577 -0.668674
v -0.876830 7.337628 -0.802378
v -0.914908 7.304346 -0.750851
v -1.262336 6.988500 -1.358056
v -1.263345 7.016983 -1.251075
v -1.222089 7.051722 -1.297622
v -1.111056 6.909121 -1.029232
v -1.069337 6.971968 -0.969389
v -1.161866 6.964114 -1.032990
v -0.581413 6.909121 -1.398471
v -0.567366 6.964114 -1.447445
v -0.539694 6.971968 -1.338628
v -0.837617 6.988500 -1.654148
v -0.794834 7.051722 -1.595482
v -0.736890 7.016983 -1.618092
v -1.510059 6.327310 -1.713502
v -1.529227 6.308990 -1.632421
v -1.437676 6.236591 -1.428640
v -1.373503 6.218278 -1.405689
v -0.843860 6.218278 -1.774929
v -0.843198 6.236591 -1.843080
v -1.002735 6.308990 -1.999464
v -1.085442 6.327310 -2.009523
v -1.600215 5.636440 -1.843156
v -1.619552 5.617634 -1.762203
v -1.526383 5.541965 -1.555659
v -1.462228 5.523172 -1.532958
v -0.932585 5.523172 -1.902197
v -0.931695 5.541965 -1.970245
v -1.093265 5.617634 -2.129103
v -1.175911 5.636440 -2.138960
v -1.492288 4.988798 -1.688929
v -1.517972 5.006446 -1.616172
v -1.451130 5.075504 -1.448143
v -1.392943 5.093243 -1.433574
v -0.863300 5.093243 -1.802814
v -0.856844 5.075504 -1.862448
v -0.991383 5.006446 -1.983283
v -1.068532 4.988798 -1.984350
v -1.380264 4.649334 -1.336538
v -1.367622 4.701712 -1.400637
v -1.313270 4.626391 -1.433026
v -1.347973 4.803365 -1.213217
v -1.272352 4.848472 -1.191989
v -1.287550 4.882958 -1.282398
v -1.336733 4.846829 -1.283840
v -0.678336 4.848472 -1.606106
v -0.672098 4.803365 -1.684402
v -0.742250 4.846829 -1.698283
v -0.757908 4.882958 -1.651637
v -0.776639 4.649334 -1.757355
v -0.890343 4.626391 -1.727869
v -0.841153 4.701712 -1.767663
v -1.466863 4.550965 -1.263301
v -1.483152 4.555776 -1.169265
v -1.472438 4.604728 -1.235473
v -1.299204 4.849815 -1.147053
v -1.438588 4.807667 -1.060771
v -1.448306 4.776707 -0.978565
v -1.401269 4.815423 -0.974764
v -0.497719 4.807667 -1.716697
v -0.626886 4.849815 -1.615758
v -0.429928 4.815423 -1.651933
v -0.417225 4.776707 -1.697381
v -0.649930 4.604728 -1.808883
v -0.584103 4.555776 -1.796036
v -0.677969 4.550965 -1.813278
v -1.266723 4.222416 -0.854776
v -1.212323 4.163216 -0.897934
v -1.198629 4.179574 -0.850603
v -1.299919 4.489641 -0.771765
v -1.235023 4.452657 -0.764657
v -1.262116 4.539359 -0.775160
v -0.290775 4.539359 -1.452329
v -0.290291 4.452657 -1.423276
v -0.274514 4.489641 -1.486625
v -0.423193 4.163216 -1.448075
v -0.363883 4.222416 -1.484189
v -0.383520 4.179574 -1.418855
vn 0.8941 -0.2584 0.3659
vn 0.5379 0.8411 0.0567
vn 0.3714 0.8902 0.2637
vn 0.3867 0.8886 0.2467
vn 0.0341 -0.2584 0.9654
vn 0.1189 0.8902 0.4397
vn -0.1329 0.8411 0.5243
vn 0.0978 0.8886 0.4482
vn -0.8758 0.4637 -0.1340
vn -0.7550 0.6507 -0.0811
vn -0.6964 0.7132 -0.0799
vn -0.4417 -0.3541 0.8243
vn -0.4197 -0.6021 0.6792
vn -0.4400 -0.4164 0.7956
vn 0.9262 -0.3541 -0.1293
vn 0.8987 -0.4164 -0.1376
vn 0.7824 -0.6021 -0.1588
vn 0.1772 0.4637 -0.8681
vn 0.1659 0.7132 -0.6811
vn 0.1851 0.6507 -0.7365
vn -0.8004 -0.3771 -0.4660
vn -0.8313 -0.4759 -0.2873
vn -0.8296 -0.4662 -0.3072
vn -0.5527 0.7447 0.3741
vn 0.5422 0.7447 -0.3892
vn -0.1604 -0.3771 -0.9122
vn -0.0013 -0.4662 -0.8847
vn 0.0180 -0.4759 -0.8793
vn -0.9853 -0.0142 -0.1700
vn -0.9888 0.1294 -0.0744
vn -0.9908 0.0907 -0.1006
vn -0.1293 0.9914 0.0225
vn -0.5046 0.8546 -0.1222
vn -0.3682 0.9266 0.0762
vn 0.0598 0.8546 -0.5158
vn 0.0658 0.9914 -0.1135
vn 0.1989 0.9266 -0.3191
vn 0.2483 0.0907 -0.9644
vn 0.2722 0.1294 -0.9535
vn 0.1814 -0.0142 -0.9833
vn -0.5038 -0.7610 0.4088
vn -0.2387 0.0839 0.9675
vn -0.2169 -0.2145 0.9523
vn -0.2995 0.3041 0.9043
vn 0.9521 0.3041 0.0317
vn 0.9686 -0.2145 0.1259
vn 0.9903 0.0839 0.1107
vn 0.5578 -0.7610 -0.3314
vn 0.5108 -0.4497 0.7327
vn 0.8897 0.4432 0.1095
vn -0.2050 0.4432 0.8727
vn -0.4301 -0.6752 0.5993
vn -0.4580 -0.6938 0.5558
vn -0.4246 -0.6714 0.6074
vn -0.5516 0.8248 0.1238
vn -0.6033 0.7950 0.0624
vn -0.5968 0.7993 0.0705
vn 0.6799 -0.6938 -0.2375
vn 0.7111 -0.6752 -0.1963
vn 0.7168 -0.6714 -0.1883
vn 0.2673 0.7950 -0.5445
vn 0.3070 0.8248 -0.4748
vn 0.2726 0.7993 -0.5356
vn 0.3108 -0.8395 0.4458
vn 0.4288 -0.6616 0.6151
vn -0.3128 0.8372 -0.4487
vn -0.4307 0.6578 -0.6179
vn 0.9731 -0.2243 -0.0519
vn 0.9752 -0.2156 -0.0494
vn 0.1784 0.2810 -0.9430
vn 0.1802 0.2900 -0.9399
vn -0.3836 -0.2156 0.8980
vn -0.3853 -0.2243 0.8951
vn -0.9442 0.2900 -0.1560
vn -0.9465 0.2810 -0.1587
vn 0.1054 -0.0567 -0.9928
vn 0.1192 0.0030 -0.9929
vn -0.9680 -0.0567 -0.2445
vn -0.9728 0.0030 -0.2316
vn -0.3221 0.0490 0.9454
vn -0.3368 -0.0065 0.9416
vn 0.9985 0.0490 0.0248
vn 0.9999 -0.0065 0.0097
vn 0.9503 0.3111 0.0115
vn 0.9553 0.2952 0.0170
vn 0.0981 -0.3726 -0.9228
vn 0.1013 -0.3874 -0.9163
vn -0.3145 0.2952 0.9022
vn -0.3179 0.3111 0.8956
vn -0.8948 -0.3874 -0.2219
vn -0.8998 -0.3726 -0.2271
vn -0.9755 0.2195 -0.0168
vn 0.3209 0.8277 0.4604
vn -0.0864 0.9958 -0.0314
vn 0.0004 0.9958 -0.0919
vn 0.3217 0.2195 -0.9211
vn -0.3405 0.4303 0.8360
vn 0.9022 0.4303 -0.0304
vn -0.7597 0.3881 -0.5218
vn -0.7653 0.3382 -0.5476
vn -0.7693 0.2350 -0.5941
vn -0.6125 0.6918 -0.3825
vn -0.2913 0.2350 -0.9273
vn -0.2491 0.3382 -0.9075
vn -0.2269 0.3881 -0.8933
vn -0.1470 0.6918 -0.7069
vn -0.9815 0.1882 -0.0338
vn 0.3886 0.7337 0.5574
vn 0.3078 0.1882 -0.9327
vn -0.2685 -0.3188 0.9090
vn 0.4989 0.4887 0.7157
vn 0.5701 0.0799 0.8177
vn 0.1892 -0.9437 0.2714
vn 0.9458 -0.3188 0.0625
vn 0.1626 -0.6163 -0.7705
vn -0.7792 -0.6163 -0.1139
vn -0.4083 0.3879 0.8263
vn 0.9166 0.3879 -0.0973
vn 0.1536 -0.9633 0.2203
vn 0.1987 -0.9377 0.2851
vn 0.5340 0.3580 0.7660
vn 0.7369 0.2581 -0.6247
vn 0.7344 0.2544 -0.6292
vn 0.7457 0.2711 -0.6086
vn -0.1950 0.9401 -0.2797
vn -0.1435 0.9680 -0.2058
vn -0.8290 0.2711 0.4892
vn -0.8444 0.2544 0.4715
vn -0.8411 0.2581 0.4754
vn 0.7255 0.1953 -0.6600
vn 0.7231 0.1370 -0.6770
vn -0.8853 0.1370 0.4443
vn -0.8702 0.1953 0.4524
vn -0.9004 0.0676 0.4298
vn -0.8997 0.0708 0.4307
vn -0.5262 0.3916 -0.7548
vn 0.5261 -0.3922 0.7546
vn 0.7153 0.0708 -0.6952
vn 0.7147 0.0676 -0.6961
vn -0.9116 0.0030 0.4111
vn -0.9145 -0.0193 0.4041
vn -0.5717 -0.0290 -0.8200
vn 0.5717 0.0275 0.8200
vn 0.6955 -0.0193 -0.7183
vn 0.7010 0.0030 -0.7131
vn -0.9094 -0.0991 0.4040
vn -0.9077 -0.1060 0.4061
vn -0.5027 -0.4768 -0.7211
vn 0.5027 0.4769 0.7210
vn 0.6950 -0.1060 -0.7112
vn 0.6936 -0.0991 -0.7135
vn -0.8964 -0.1471 0.4182
vn -0.4590 -0.5966 -0.6584
vn 0.7024 -0.1471 -0.6964
vn -0.3969 -0.7200 -0.5693
vn -0.3756 -0.7542 -0.5387
vn -0.9007 -0.2102 0.3802
vn 0.6683 -0.2102 -0.7136
vn 0.5627 -0.1790 0.8071
vt 0.145272 0.733236
vt 0.146796 0.748096
vt 0.125953 0.727463
vt 0.579793 0.980539
vt 0.625000 0.981065
vt 0.582151 1.000000
vt 0.145272 0.516764
vt 0.125953 0.522537
vt 0.146796 0.501904
vt 0.625000 0.255912
vt 0.579793 0.269461
vt 0.569177 0.235437
vt 0.625000 0.520757
vt 0.583082 0.500000
vt 0.625000 0.520134
vt 0.375000 0.516764
vt 0.416938 0.500000
vt 0.375000 0.733236
vt 0.416938 0.750000
vt 0.625000 0.729243
vt 0.625000 0.729866
vt 0.583082 0.750000
vt 0.584289 0.500000
vt 0.582980 0.500000
vt 0.625000 0.521196
vt 0.418254 0.500000
vt 0.375000 0.525960
vt 0.375000 0.516764
vt 0.417105 0.500000
vt 0.375000 0.724040
vt 0.418254 0.750000
vt 0.417105 0.750000
vt 0.375000 0.733236
vt 0.584289 0.750000
vt 0.625000 0.728804
vt 0.582980 0.750000
vt 0.625000 0.512564
vt 0.592775 0.500000
vt 0.589661 0.500000
vt 0.375000 0.524657
vt 0.412854 0.500000
vt 0.407514 0.500000
vt 0.375000 0.509735
vt 0.412854 0.750000
vt 0.375000 0.725343
vt 0.375000 0.740265
vt 0.407514 0.750000
vt 0.589661 0.750000
vt 0.592775 0.750000
vt 0.625000 0.737436
vt 0.589002 0.500000
vt 0.625000 0.512531
vt 0.591893 0.511341
vt 0.411763 0.500000
vt 0.408106 0.510519
vt 0.375000 0.509735
vt 0.375000 0.740265
vt 0.408106 0.739481
vt 0.411763 0.750000
vt 0.625000 0.737469
vt 0.589002 0.750000
vt 0.591893 0.738659
vt 0.420234 0.979980
vt 0.452445 1.000000
vt 0.625000 0.020134
vt 0.564853 0.019417
vt 0.420234 0.270020
vt 0.435147 0.231681
vt 0.407030 0.500000
vt 0.625000 0.515101
vt 0.582121 0.500000
vt 0.407030 0.750000
vt 0.625000 0.734899
vt 0.582121 0.750000
vt 0.416989 0.750000
vt 0.625000 0.729218
vt 0.582993 0.750000
vt 0.416990 0.500000
vt 0.582993 0.500000
vt 0.625000 0.520782
vt 0.583493 0.750000
vt 0.625000 0.729142
vt 0.583493 0.500000
vt 0.625000 0.520858
vt 0.416478 0.500000
vt 0.375000 0.733236
vt 0.416478 0.750000
vt 0.417461 0.750000
vt 0.625000 0.729007
vt 0.582756 0.750000
vt 0.417461 0.500000
vt 0.582756 0.500000
vt 0.625000 0.520993
vt 0.435147 0.018319
vt 0.856065 0.520134
vt 0.856065 0.729866
s 1
f 495/621/526 496/622/526 497/623/526
f 498/624/527 499/625/528 500/626/529
f 501/627/530 502/628/530 503/629/530
f 504/630/531 505/631/532 506/632/533
f 515/633/534 516/634/535 517/635/536
f 518/636/537 519/636/538 520/637/539
f 521/638/540 522/639/541 523/638/542
f 524/640/543 525/641/544 526/642/545
f 551/643/546 552/644/547 553/645/548
f 554/646/549 555/647/549 556/648/549 557/649/549
f 558/650/550 559/651/550 560/652/550 561/653/550
f 562/654/551 563/655/552 564/656/553
f 565/657/554 566/658/555 567/659/556
f 568/660/557 569/661/558 570/662/559 571/663/559
f 572/664/560 573/665/561 574/666/562 575/667/562
f 576/668/563 577/669/564 578/670/565
f 579/671/566 580/672/566 581/673/566
f 582/674/567 583/675/568 584/676/569
f 585/677/570 586/678/571 587/679/572
f 588/680/573 589/681/573 590/682/573
f 501/627/574 495/621/574 497/623/574 502/628/574
f 496/683/575 498/624/575 500/626/575 497/684/575
f 499/685/528 504/630/531 506/632/533 500/686/529
f 505/631/576 503/687/576 502/688/576 506/632/576
f 512/636/577 501/627/578 503/629/578 511/689/579
f 504/630/580 513/690/581 514/691/582 505/631/580
f 495/621/583 507/638/584 508/692/585 496/622/583
f 510/693/586 499/625/587 498/624/587 509/694/588
f 523/638/589 519/636/589 518/636/590 521/638/590
f 517/635/591 525/641/591 524/640/592 515/633/592
f 507/638/584 523/638/542 522/639/541 508/692/585
f 525/641/544 510/693/586 509/694/588 526/642/545
f 511/689/579 520/637/539 519/636/538 512/636/577
f 516/634/535 514/691/582 513/690/581 517/635/536
f 521/638/540 531/638/593 532/695/594 522/639/541
f 534/696/595 524/640/543 526/642/545 533/697/596
f 520/637/539 529/698/597 530/636/598 518/636/537
f 528/699/599 516/634/535 515/633/534 527/700/600
f 533/697/596 541/701/601 542/702/602 534/696/595
f 536/703/603 528/699/599 527/700/600 535/704/604
f 538/636/605 530/636/598 529/698/597 537/705/606
f 531/638/593 539/706/607 540/707/608 532/695/594
f 539/706/607 547/706/609 548/708/610 540/707/608
f 550/709/611 542/702/602 541/701/601 549/710/612
f 537/705/606 545/711/613 546/636/614 538/636/605
f 544/712/615 536/703/603 535/704/604 543/713/616
f 551/643/617 554/646/617 557/649/617 552/644/617
f 561/653/618 556/648/618 555/647/619 558/650/620
f 564/656/621 560/652/621 559/651/621 562/654/621
f 545/711/613 557/649/622 556/648/622 546/636/614
f 560/652/623 548/708/610 547/706/609 561/653/623
f 549/710/612 564/656/553 563/655/552 550/709/611
f 552/644/547 544/712/615 543/713/616 553/645/548
f 567/659/624 551/643/625 553/645/626 565/657/626
f 554/646/627 569/661/558 568/660/557 555/647/619
f 578/670/628 563/655/628 562/654/629 576/668/630
f 558/650/620 573/665/561 572/664/560 559/651/631
f 566/658/555 570/662/632 569/661/632 567/659/556
f 573/665/561 568/660/557 571/663/633 574/666/633
f 576/668/563 572/664/634 575/667/634 577/669/564
f 581/673/635 583/675/568 582/674/567 579/671/635
f 585/677/636 584/676/636 583/675/637 586/678/637
f 580/672/638 588/680/638 590/682/638 581/673/638
f 589/681/639 587/679/572 586/678/571 590/682/639
f 577/669/640 589/681/640 588/680/640 578/670/640
f 579/671/641 566/658/641 565/657/641 580/672/641
f 584/676/569 571/663/642 570/662/642 582/674/567
f 574/666/643 585/677/570 587/679/572 575/667/643
f 501/627/644 512/636/645 507/638/645 495/621/644
f 497/714/646 500/686/646 506/632/646 502/688/646
f 508/692/647 509/694/648 498/624/649 496/683/649
f 513/690/650 504/715/651 499/716/651 510/693/650
f 503/687/652 505/631/652 514/691/653 511/689/654
f 507/638/645 512/636/645 519/636/589 523/638/589
f 509/694/648 508/692/647 522/639/655 526/642/656
f 513/690/650 510/693/650 525/641/591 517/635/591
f 511/689/654 514/691/653 516/634/657 520/637/658
f 520/637/658 516/634/657 528/699/659 529/698/660
f 515/633/592 524/640/592 534/696/661 527/700/661
f 521/638/590 518/636/590 530/636/662 531/638/662
f 526/642/656 522/639/655 532/695/663 533/697/664
f 529/698/660 528/699/659 536/703/665 537/705/666
f 527/700/661 534/696/661 542/702/667 535/704/667
f 531/638/662 530/636/662 538/636/668 539/706/668
f 533/697/664 532/695/663 540/707/669 541/701/670
f 537/705/666 536/703/665 544/712/671 545/711/672
f 535/704/667 542/702/667 550/709/673 543/713/673
f 539/706/668 538/636/668 546/636/674 547/706/674
f 541/701/670 540/707/669 548/708/675 549/710/676
f 545/711/672 544/712/671 552/644/677 557/649/677
f 543/713/673 550/709/673 563/655/678 553/645/678
f 547/706/674 546/636/674 556/648/618 561/653/618
f 549/710/676 548/708/675 560/652/679 564/656/679
f 554/646/627 551/643/625 567/659/624 569/661/558
f 553/645/678 563/655/678 578/670/680 565/657/680
f 558/650/620 555/647/619 568/660/557 573/665/561
f 562/654/629 559/651/631 572/664/560 576/668/630
f 565/657/680 578/670/680 588/680/681 580/672/681
f 570/662/682 566/658/682 579/671/682 582/674/682
f 574/666/633 571/663/633 584/676/636 585/677/636
f 577/669/683 575/667/683 587/679/683 589/681/683
f 583/675/637 581/673/684 590/682/684 586/678/637
o Cube.003
v -0.489854 7.295771 0.329658
v -0.530796 7.331031 0.327262
v -0.462209 7.355888 0.308488
v -0.512792 7.455293 0.386586
v -0.461436 7.490708 0.422702
v -0.447417 7.456566 0.356648
v 0.104832 7.295771 0.581070
v 0.100756 7.355888 0.546489
v 0.135076 7.331031 0.608768
v 0.018289 7.490708 0.625512
v 0.079978 7.455293 0.637188
v 0.055903 7.456566 0.569433
v -0.702386 7.143577 0.832378
v -0.746568 7.176726 0.835859
v -0.739363 7.304346 0.924216
v -0.691430 7.337628 0.966729
v -0.079414 7.176726 1.117908
v -0.107700 7.143577 1.083790
v -0.211706 7.337628 1.169539
v -0.147814 7.304346 1.174302
v -0.476480 6.988500 1.791863
v -0.385417 7.016983 1.735708
v -0.446789 7.051722 1.725602
v -0.278850 6.909121 1.488625
v -0.250444 6.971968 1.421434
v -0.254954 6.964114 1.533623
v -0.873536 6.909121 1.237214
v -0.922462 6.964114 1.251424
v -0.845129 6.971968 1.170022
v -0.953357 6.988500 1.590257
v -0.926514 7.051722 1.522792
v -0.976524 7.016983 1.485810
v -0.645244 6.327310 2.190896
v -0.566420 6.308990 2.163909
v -0.442770 6.236591 1.977847
v -0.457547 6.218278 1.911314
v -1.052233 6.218278 1.659903
v -1.110254 6.236591 1.695659
v -1.157568 6.308990 1.913993
v -1.122007 6.327310 1.989338
v -0.706913 5.636440 2.336277
v -0.628106 5.617634 2.309500
v -0.502981 5.541965 2.120597
v -0.517959 5.523172 2.054213
v -1.112645 5.523172 1.802801
v -1.170700 5.541965 1.838309
v -1.219025 5.617634 2.059681
v -1.183324 5.636440 2.134867
v -0.633921 4.988798 2.162765
v -0.558668 5.006446 2.145726
v -0.452104 5.075504 1.999624
v -0.470784 5.093243 1.942624
v -1.065470 5.093243 1.691213
v -1.119372 5.075504 1.717528
v -1.149926 5.006446 1.895764
v -1.109717 4.988798 1.961616
v -0.395430 4.649334 1.880186
v -0.456406 4.701712 1.903646
v -0.512776 4.626391 1.874914
v -0.308284 4.803365 1.787145
v -0.330619 4.848472 1.711843
v -0.399023 4.882958 1.772882
v -0.374035 4.846829 1.815268
v -0.997584 4.848472 1.429875
v -1.067162 4.803365 1.466320
v -1.041524 4.846829 1.533078
v -0.993709 4.882958 1.521471
v -1.073184 4.649334 1.593656
v -0.987642 4.626391 1.674158
v -1.047528 4.701712 1.653741
v -0.287310 4.550965 1.914438
v -0.199058 4.555776 1.878110
v -0.260791 4.604728 1.904326
v -0.278287 4.849815 1.710619
v -0.130999 4.807667 1.782585
v -0.056259 4.776707 1.747001
v -0.078108 4.815423 1.705174
v -1.187413 4.807667 1.335972
v -1.033169 4.849815 1.391483
v -1.168736 4.815423 1.244097
v -1.213962 4.776707 1.257566
v -1.184308 4.604728 1.513896
v -1.208516 4.555776 1.451348
v -1.173085 4.550965 1.539964
v -0.048275 4.222416 1.527383
v -0.113784 4.163216 1.504349
v -0.081030 4.179574 1.467539
v 0.039658 4.489641 1.511237
v 0.011090 4.452657 1.452536
v 0.016640 4.539359 1.481058
v -1.073988 4.539359 1.019980
v -1.049661 4.452657 1.004089
v -1.111674 4.489641 1.024497
v -0.999823 4.163216 1.129764
v -1.061988 4.222416 1.098821
v -0.996240 4.179574 1.080622
vn -0.1668 -0.2584 -0.9515
vn -0.2387 0.8411 -0.4854
vn 0.0252 0.8902 -0.4548
vn 0.0027 0.8886 -0.4587
vn 0.7988 -0.2584 -0.5433
vn 0.3087 0.8902 -0.3349
vn 0.5145 0.8411 -0.1670
vn 0.3272 0.8886 -0.3215
vn 0.3533 0.4637 0.8125
vn 0.3337 0.6507 0.6821
vn 0.3035 0.7132 0.6319
vn 0.9329 -0.3541 -0.0655
vn 0.7984 -0.6021 -0.0068
vn 0.9077 -0.4164 -0.0517
vn -0.6030 -0.3541 -0.7148
vn -0.5953 -0.4164 -0.6871
vn -0.5514 -0.6021 -0.5774
vn -0.8290 0.4637 0.3127
vn -0.6647 0.7132 0.2226
vn -0.7218 0.6507 0.2358
vn 0.0322 -0.3771 0.9256
vn 0.1999 -0.4759 0.8565
vn 0.1821 -0.4662 0.8657
vn 0.6111 0.7447 0.2683
vn -0.6182 0.7447 -0.2514
vn -0.6864 -0.3771 0.6218
vn -0.7479 -0.4662 0.4726
vn -0.7536 -0.4759 0.4534
vn 0.3813 -0.0142 0.9244
vn 0.4640 0.1294 0.8763
vn 0.4429 0.0907 0.8920
vn 0.0879 0.9914 0.0974
vn 0.1655 0.8546 0.4921
vn 0.2607 0.9266 0.2710
vn -0.4683 0.8546 0.2242
vn -0.1311 0.9914 0.0048
vn -0.3760 0.9266 0.0018
vn -0.9484 0.0907 0.3038
vn -0.9519 0.1294 0.2778
vn -0.9287 -0.0142 0.3705
vn 0.6144 -0.7610 0.2085
vn 0.9458 0.0839 -0.3136
vn 0.9214 -0.2145 -0.3240
vn 0.9248 0.3041 -0.2284
vn -0.4805 0.3041 -0.8226
vn -0.4096 -0.2145 -0.8867
vn -0.4341 0.0839 -0.8970
vn -0.5776 -0.7610 -0.2954
vn 0.3478 -0.4497 -0.8227
vn -0.3814 0.4432 -0.8112
vn 0.8477 0.4432 -0.2916
vn 0.7363 -0.6752 0.0446
vn 0.7144 -0.6938 0.0913
vn 0.7403 -0.6714 0.0356
vn 0.3988 0.8248 0.4008
vn 0.3743 0.7950 0.4773
vn 0.3777 0.7993 0.4674
vn -0.5633 -0.6938 -0.4488
vn -0.5450 -0.6752 -0.4971
vn -0.5413 -0.6714 -0.5062
vn -0.6032 0.7950 0.0640
vn -0.5653 0.8248 -0.0068
vn -0.5985 0.7993 0.0548
vn 0.2116 -0.8395 -0.5005
vn 0.2920 -0.6616 -0.6906
vn -0.2130 0.8372 0.5038
vn -0.2933 0.6578 0.6938
vn -0.5625 -0.2243 -0.7958
vn -0.5615 -0.2156 -0.7989
vn -0.8930 0.2810 0.3515
vn -0.8914 0.2900 0.3484
vn 0.9643 -0.2156 -0.1539
vn 0.9628 -0.2243 -0.1510
vn 0.3712 0.2900 0.8821
vn 0.3701 0.2810 0.8855
vn -0.8962 -0.0567 0.4399
vn -0.9037 0.0030 0.4283
vn 0.3089 -0.0567 0.9494
vn 0.3224 0.0030 0.9466
vn 0.9717 0.0490 -0.2312
vn 0.9762 -0.0065 -0.2168
vn -0.5111 0.0490 -0.8581
vn -0.5247 -0.0065 -0.8513
vn -0.4967 0.3111 -0.8103
vn -0.4947 0.2952 -0.8174
vn -0.8331 -0.3726 0.4087
vn -0.8294 -0.3874 0.4026
vn 0.9310 0.2952 -0.2146
vn 0.9273 0.3111 -0.2083
vn 0.2891 -0.3874 0.8754
vn 0.2873 -0.3726 0.8824
vn 0.5056 0.2195 0.8344
vn 0.2185 0.8277 -0.5169
vn 0.0194 0.9958 0.0898
vn -0.0780 0.9958 0.0486
vn -0.9508 0.2195 0.2187
vn 0.8889 0.4303 -0.1573
vn -0.5065 0.4303 -0.7472
vn -0.0368 0.3881 0.9209
vn -0.0556 0.3382 0.9394
vn -0.0927 0.2350 0.9676
vn 0.0027 0.6918 0.7221
vn -0.6294 0.2350 0.7407
vn -0.6352 0.3382 0.6944
vn -0.6350 0.3881 0.6680
vn -0.5199 0.6918 0.5011
vn 0.4945 0.1882 0.8486
vn 0.2646 0.7337 -0.6259
vn -0.9532 0.1882 0.2365
vn 0.9122 -0.3188 -0.2572
vn 0.3397 0.4887 -0.8036
vn 0.3882 0.0799 -0.9181
vn 0.1288 -0.9437 -0.3047
vn -0.4511 -0.3188 -0.8336
vn -0.7387 -0.6163 0.2730
vn 0.3188 -0.6163 0.7201
vn 0.9168 0.3879 -0.0949
vn -0.5707 0.3879 -0.7237
vn 0.1046 -0.9633 -0.2474
vn 0.1353 -0.9377 -0.3201
vn 0.3636 0.3580 -0.8600
vn -0.9214 0.2581 -0.2907
vn -0.9238 0.2544 -0.2862
vn -0.9124 0.2711 -0.3067
vn -0.1328 0.9401 0.3141
vn -0.0977 0.9680 0.2311
vn 0.8557 0.2711 0.4408
vn 0.8489 0.2544 0.4633
vn 0.8505 0.2581 0.4584
vn -0.9450 0.1953 -0.2622
vn -0.9582 0.1370 -0.2511
vn 0.8478 0.1370 0.5124
vn 0.8465 0.1953 0.4952
vn 0.8435 0.0676 0.5328
vn 0.8439 0.0708 0.5318
vn -0.3583 0.3916 0.8475
vn 0.3582 -0.3922 -0.8473
vn -0.9695 0.0708 -0.2348
vn -0.9699 0.0676 -0.2338
vn 0.8336 0.0030 0.5523
vn 0.8293 -0.0193 0.5585
vn -0.3892 -0.0290 0.9207
vn 0.3892 0.0275 -0.9207
vn -0.9784 -0.0193 -0.2058
vn -0.9770 0.0030 -0.2132
vn 0.8265 -0.0991 0.5542
vn 0.8273 -0.1060 0.5516
vn -0.3423 -0.4768 0.8097
vn 0.3423 0.4769 -0.8096
vn -0.9721 -0.1060 -0.2091
vn -0.9734 -0.0991 -0.2067
vn 0.8315 -0.1471 0.5356
vn -0.3125 -0.5966 0.7392
vn -0.9636 -0.1471 -0.2233
vn -0.2702 -0.7200 0.6392
vn -0.2557 -0.7542 0.6049
vn 0.8017 -0.2102 0.5595
vn -0.9600 -0.2102 -0.1852
vn 0.3831 -0.1790 -0.9062
vt 0.145272 0.733236
vt 0.146796 0.748096
vt 0.125953 0.727463
vt 0.579793 0.980539
vt 0.625000 0.981065
vt 0.582151 1.000000
vt 0.145272 0.516764
vt 0.125953 0.522537
vt 0.146796 0.501904
vt 0.625000 0.255912
vt 0.579793 0.269461
vt 0.569177 0.235437
vt 0.625000 0.520757
vt 0.583082 0.500000
vt 0.625000 0.520134
vt 0.375000 0.516764
vt 0.416938 0.500000
vt 0.375000 0.733236
vt 0.416938 0.750000
vt 0.625000 0.729243
vt 0.625000 0.729866
vt 0.583082 0.750000
vt 0.584289 0.500000
vt 0.582980 0.500000
vt 0.625000 0.521196
vt 0.418254 0.500000
vt 0.375000 0.525960
vt 0.375000 0.516764
vt 0.417105 0.500000
vt 0.375000 0.724040
vt 0.418254 0.750000
vt 0.417105 0.750000
vt 0.375000 0.733236
vt 0.584289 0.750000
vt 0.625000 0.728804
vt 0.582980 0.750000
vt 0.625000 0.512564
vt 0.592775 0.500000
vt 0.589661 0.500000
vt 0.375000 0.524657
vt 0.412854 0.500000
vt 0.407514 0.500000
vt 0.375000 0.509735
vt 0.412854 0.750000
vt 0.375000 0.725343
vt 0.375000 0.740265
vt 0.407514 0.750000
vt 0.589661 0.750000
vt 0.592775 0.750000
vt 0.625000 0.737436
vt 0.589002 0.500000
vt 0.625000 0.512531
vt 0.591893 0.511341
vt 0.411763 0.500000
vt 0.408106 0.510519
vt 0.375000 0.509735
vt 0.375000 0.740265
vt 0.408106 0.739481
vt 0.411763 0.750000
vt 0.625000 0.737469
vt 0.589002 0.750000
vt 0.591893 0.738659
vt 0.420234 0.979980
vt 0.452445 1.000000
vt 0.625000 0.020134
vt 0.564853 0.019417
vt 0.420234 0.270020
vt 0.435147 0.231681
vt 0.407030 0.500000
vt 0.625000 0.515101
vt 0.582121 0.500000
vt 0.407030 0.750000
vt 0.625000 0.734899
vt 0.582121 0.750000
vt 0.416989 0.750000
vt 0.625000 0.729218
vt 0.582993 0.750000
vt 0.416990 0.500000
vt 0.582993 0.500000
vt 0.625000 0.520782
vt 0.583493 0.750000
vt 0.625000 0.729142
vt 0.583493 0.500000
vt 0.625000 0.520858
vt 0.416478 0.500000
vt 0.375000 0.733236
vt 0.416478 0.750000
vt 0.417461 0.750000
vt 0.625000 0.729007
vt 0.582756 0.750000
vt 0.417461 0.500000
vt 0.582756 0.500000
vt 0.625000 0.520993
vt 0.435147 0.018319
vt 0.856065 0.520134
vt 0.856065 0.729866
s 1
f 591/717/685 592/718/685 593/719/685
f 594/720/686 595/721/687 596/722/688
f 597/723/689 598/724/689 599/725/689
f 600/726/690 601/727/691 602/728/692
f 611/729/693 612/730/694 613/731/695
f 614/732/696 615/732/697 616/733/698
f 617/734/699 618/735/700 619/734/701
f 620/736/702 621/737/703 622/738/704
f 647/739/705 648/740/706 649/741/707
f 650/742/708 651/743/708 652/744/708 653/745/708
f 654/746/709 655/747/709 656/748/709 657/749/709
f 658/750/710 659/751/711 660/752/712
f 661/753/713 662/754/714 663/755/715
f 664/756/716 665/757/717 666/758/718 667/759/718
f 668/760/719 669/761/720 670/762/721 671/763/721
f 672/764/722 673/765/723 674/766/724
f 675/767/725 676/768/725 677/769/725
f 678/770/726 679/771/727 680/772/728
f 681/773/729 682/774/730 683/775/731
f 684/776/732 685/777/732 686/778/732
f 597/723/733 591/717/733 593/719/733 598/724/733
f 592/779/734 594/720/734 596/722/734 593/780/734
f 595/781/687 600/726/690 602/728/692 596/782/688
f 601/727/735 599/783/735 598/784/735 602/728/735
f 608/732/736 597/723/737 599/725/737 607/785/738
f 600/726/739 609/786/740 610/787/741 601/727/739
f 591/717/742 603/734/743 604/788/744 592/718/742
f 606/789/745 595/721/746 594/720/746 605/790/747
f 619/734/748 615/732/748 614/732/749 617/734/749
f 613/731/750 621/737/750 620/736/751 611/729/751
f 603/734/743 619/734/701 618/735/700 604/788/744
f 621/737/703 606/789/745 605/790/747 622/738/704
f 607/785/738 616/733/698 615/732/697 608/732/736
f 612/730/694 610/787/741 609/786/740 613/731/695
f 617/734/699 627/734/752 628/791/753 618/735/700
f 630/792/754 620/736/702 622/738/704 629/793/755
f 616/733/698 625/794/756 626/732/757 614/732/696
f 624/795/758 612/730/694 611/729/693 623/796/759
f 629/793/755 637/797/760 638/798/761 630/792/754
f 632/799/762 624/795/758 623/796/759 631/800/763
f 634/732/764 626/732/757 625/794/756 633/801/765
f 627/734/752 635/802/766 636/803/767 628/791/753
f 635/802/766 643/802/768 644/804/769 636/803/767
f 646/805/770 638/798/761 637/797/760 645/806/771
f 633/801/765 641/807/772 642/732/773 634/732/764
f 640/808/774 632/799/762 631/800/763 639/809/775
f 647/739/776 650/742/776 653/745/776 648/740/776
f 657/749/777 652/744/777 651/743/778 654/746/779
f 660/752/780 656/748/780 655/747/780 658/750/780
f 641/807/772 653/745/781 652/744/781 642/732/773
f 656/748/782 644/804/769 643/802/768 657/749/782
f 645/806/771 660/752/712 659/751/711 646/805/770
f 648/740/706 640/808/774 639/809/775 649/741/707
f 663/755/783 647/739/784 649/741/785 661/753/785
f 650/742/786 665/757/717 664/756/716 651/743/778
f 674/766/787 659/751/787 658/750/788 672/764/789
f 654/746/779 669/761/720 668/760/719 655/747/790
f 662/754/714 666/758/791 665/757/791 663/755/715
f 669/761/720 664/756/716 667/759/792 670/762/792
f 672/764/722 668/760/793 671/763/793 673/765/723
f 677/769/794 679/771/727 678/770/726 675/767/794
f 681/773/795 680/772/795 679/771/796 682/774/796
f 676/768/797 684/776/797 686/778/797 677/769/797
f 685/777/798 683/775/731 682/774/730 686/778/798
f 673/765/799 685/777/799 684/776/799 674/766/799
f 675/767/800 662/754/800 661/753/800 676/768/800
f 680/772/728 667/759/801 666/758/801 678/770/726
f 670/762/802 681/773/729 683/775/731 671/763/802
f 597/723/803 608/732/804 603/734/804 591/717/803
f 593/810/805 596/782/805 602/728/805 598/784/805
f 604/788/806 605/790/807 594/720/808 592/779/808
f 609/786/809 600/811/810 595/812/810 606/789/809
f 599/783/811 601/727/811 610/787/812 607/785/813
f 603/734/804 608/732/804 615/732/748 619/734/748
f 605/790/807 604/788/806 618/735/814 622/738/815
f 609/786/809 606/789/809 621/737/750 613/731/750
f 607/785/813 610/787/812 612/730/816 616/733/817
f 616/733/817 612/730/816 624/795/818 625/794/819
f 611/729/751 620/736/751 630/792/820 623/796/820
f 617/734/749 614/732/749 626/732/821 627/734/821
f 622/738/815 618/735/814 628/791/822 629/793/823
f 625/794/819 624/795/818 632/799/824 633/801/825
f 623/796/820 630/792/820 638/798/826 631/800/826
f 627/734/821 626/732/821 634/732/827 635/802/827
f 629/793/823 628/791/822 636/803/828 637/797/829
f 633/801/825 632/799/824 640/808/830 641/807/831
f 631/800/826 638/798/826 646/805/832 639/809/832
f 635/802/827 634/732/827 642/732/833 643/802/833
f 637/797/829 636/803/828 644/804/834 645/806/835
f 641/807/831 640/808/830 648/740/836 653/745/836
f 639/809/832 646/805/832 659/751/837 649/741/837
f 643/802/833 642/732/833 652/744/777 657/749/777
f 645/806/835 644/804/834 656/748/838 660/752/838
f 650/742/786 647/739/784 663/755/783 665/757/717
f 649/741/837 659/751/837 674/766/839 661/753/839
f 654/746/779 651/743/778 664/756/716 669/761/720
f 658/750/788 655/747/790 668/760/719 672/764/789
f 661/753/839 674/766/839 684/776/840 676/768/840
f 666/758/841 662/754/841 675/767/841 678/770/841
f 670/762/792 667/759/792 680/772/795 681/773/795
f 673/765/842 671/763/842 683/775/842 685/777/842
f 679/771/796 677/769/843 686/778/843 682/774/796
o BézierCurve.010
v 0.122842 14.047525 1.414694
v 0.189798 13.871162 1.382681
v 0.358179 13.798111 1.328619
v 0.529352 13.871162 1.284178
v 0.603045 14.047525 1.275389
v 0.536089 14.223888 1.307402
v 0.367707 14.296940 1.361464
v 0.196535 14.223888 1.405905
v 0.204425 14.027216 1.695821
v 0.277907 13.850769 1.686946
v 0.449582 13.777676 1.644560
v 0.618885 13.850751 1.593490
v 0.686641 14.027190 1.563654
v 0.613159 14.203636 1.572529
v 0.441484 14.276730 1.614916
v 0.272180 14.203654 1.665985
v 0.262348 14.072053 1.920354
v 0.348671 13.906301 1.961416
v 0.526772 13.838558 1.944021
v 0.692323 13.908509 1.878359
v 0.748345 14.075177 1.802894
v 0.662023 14.240930 1.761832
v 0.483922 14.308672 1.779227
v 0.318371 14.238721 1.844889
v 0.299938 14.168920 2.092331
v 0.397417 14.032415 2.184395
v 0.581011 13.979071 2.192107
v 0.743172 14.040135 2.110950
v 0.788909 14.179839 1.988464
v 0.691429 14.316343 1.896400
v 0.507836 14.369688 1.888687
v 0.345675 14.308623 1.969845
v 0.319537 14.306294 2.212972
v 0.423692 14.215846 2.345571
v 0.610506 14.184717 2.372836
v 0.770545 14.231144 2.278795
v 0.810061 14.327929 2.118537
v 0.705906 14.418378 1.985938
v 0.519093 14.449507 1.958674
v 0.359053 14.403080 2.052714
v 0.323121 14.473462 2.282433
v 0.428619 14.436921 2.437825
v 0.616064 14.431140 2.475807
v 0.775654 14.459503 2.374129
v 0.813902 14.505397 2.192353
v 0.708404 14.541938 2.036961
v 0.520959 14.547719 1.998980
v 0.361370 14.519356 2.100657
v 0.312413 14.659220 2.299677
v 0.415005 14.675843 2.460332
v 0.601126 14.694286 2.500712
v 0.761749 14.703744 2.397162
v 0.802783 14.698677 2.210341
v 0.700191 14.682054 2.049686
v 0.514070 14.663610 2.009306
v 0.353447 14.654153 2.112855
v 0.289161 14.851455 2.263356
v 0.386025 14.916337 2.415077
v 0.569627 14.956000 2.451529
v 0.732416 14.947210 2.351357
v 0.779031 14.895116 2.173242
v 0.682167 14.830234 2.021521
v 0.498565 14.790570 1.985070
v 0.335776 14.799360 2.085242
v 0.255234 15.037521 2.172362
v 0.344558 15.144164 2.303741
v 0.524963 15.201538 2.331564
v 0.690769 15.176035 2.239534
v 0.744850 15.082594 2.081561
v 0.655526 14.975951 1.950182
v 0.475122 14.918577 1.922358
v 0.309316 14.944080 2.014388
v 0.212609 15.204574 2.025892
v 0.293363 15.345027 2.127691
v 0.470252 15.416273 2.143379
v 0.639655 15.376575 2.063767
v 0.702340 15.249188 1.935490
v 0.621586 15.108735 1.833691
v 0.444697 15.037489 1.818003
v 0.275293 15.077187 1.897615
v 0.163334 15.339700 1.823440
v 0.235353 15.504296 1.889265
v 0.408758 15.585170 1.890607
v 0.581971 15.534945 1.826681
v 0.653525 15.383044 1.734933
v 0.581506 15.218448 1.669108
v 0.408100 15.137574 1.667765
v 0.234888 15.187799 1.731692
v 0.109513 15.430049 1.564782
v 0.173551 15.608253 1.592247
v 0.343847 15.694427 1.578646
v 0.520644 15.638091 1.531947
v 0.600377 15.472247 1.479505
v 0.536339 15.294044 1.452040
v 0.366043 15.207870 1.465640
v 0.189246 15.264205 1.512340
v 0.053448 15.462882 1.250942
v 0.113898 15.644241 1.259086
v 0.282812 15.731631 1.238041
v 0.461242 15.673860 1.200137
v 0.544667 15.504769 1.167576
v 0.484217 15.323410 1.159432
v 0.315303 15.236020 1.180476
v 0.136873 15.293792 1.218381
vn -0.9601 0.0005 0.2798
vn -0.6903 -0.7072 0.1527
vn -0.6533 -0.7220 0.2276
vn -0.9632 -0.0318 0.2669
vn -0.0170 -0.9980 -0.0605
vn 0.0204 -0.9979 0.0623
vn 0.6652 -0.7072 -0.2394
vn 0.6817 -0.7185 -0.1379
vn 0.9607 -0.0006 -0.2776
vn 0.9647 -0.0312 -0.2615
vn 0.6918 0.7070 -0.1468
vn 0.6891 0.6872 -0.2302
vn 0.0204 0.9972 0.0723
vn -0.0109 0.9984 -0.0549
vn -0.6626 0.7069 0.2475
vn -0.7065 0.6910 0.1532
vn -0.6049 -0.6873 0.4022
vn -0.9679 -0.0420 0.2478
vn 0.0898 -0.9395 0.3307
vn 0.7337 -0.6750 0.0774
vn 0.9746 -0.0290 -0.2219
vn 0.6499 0.6492 -0.3952
vn -0.0806 0.9416 -0.3268
vn -0.7630 0.6441 -0.0547
vn -0.5634 -0.5836 0.5847
vn -0.9709 -0.0544 0.2331
vn 0.1499 -0.7807 0.6066
vn 0.7801 -0.5508 0.2969
vn 0.9832 -0.0103 -0.1825
vn 0.6148 0.5498 -0.5655
vn -0.1420 0.7822 -0.6066
vn -0.8114 0.5209 -0.2651
vn -0.5397 -0.4155 0.7321
vn -0.9727 -0.0653 0.2226
vn 0.1857 -0.5303 0.8272
vn 0.8084 -0.3548 0.4697
vn 0.9877 0.0214 -0.1552
vn 0.5911 0.3929 -0.7045
vn -0.1796 0.5277 -0.8302
vn -0.8387 0.3308 -0.4325
vn -0.5367 -0.2141 0.8161
vn -0.9737 -0.0731 0.2160
vn 0.1924 -0.2346 0.9529
vn 0.8149 -0.1260 0.5657
vn 0.9880 0.0546 -0.1442
vn 0.5836 0.2051 -0.7857
vn -0.1878 0.2298 -0.9549
vn -0.8428 0.1119 -0.5264
vn -0.5500 -0.0106 0.8351
vn -0.9741 -0.0770 0.2126
vn 0.1756 0.0603 0.9826
vn 0.8035 0.0979 0.5872
vn 0.9862 0.0807 -0.1446
vn 0.5916 0.0141 -0.8061
vn -0.1725 -0.0637 -0.9829
vn -0.8300 -0.1011 -0.5485
vn -0.5739 0.1787 0.7992
vn -0.9745 -0.0766 0.2107
vn 0.1429 0.3303 0.9330
vn 0.7802 0.2989 0.5495
vn 0.9839 0.0979 -0.1496
vn 0.6114 -0.1653 -0.7738
vn -0.1413 -0.3319 -0.9327
vn -0.8067 -0.2924 -0.5135
vn -0.6051 0.3464 0.7169
vn -0.9755 -0.0721 0.2076
vn 0.0998 0.5657 0.8186
vn 0.7492 0.4709 0.4657
vn 0.9819 0.1081 -0.1553
vn 0.6396 -0.3256 -0.6963
vn -0.0995 -0.5663 -0.8181
vn -0.7771 -0.4563 -0.4335
vn -0.6409 0.4850 0.5950
vn -0.9774 -0.0655 0.2011
vn 0.0508 0.7573 0.6511
vn 0.7144 0.6087 0.3452
vn 0.9806 0.1129 -0.1602
vn 0.6728 -0.4590 -0.5802
vn -0.0514 -0.7580 -0.6503
vn -0.7437 -0.5879 -0.3183
vn -0.6782 0.5854 0.4443
vn -0.9799 -0.0598 0.1904
vn 0.0007 0.8949 0.4463
vn 0.6795 0.7060 0.1996
vn 0.9800 0.1136 -0.1634
vn 0.7072 -0.5568 -0.4358
vn -0.0019 -0.8957 -0.4448
vn -0.7095 -0.6814 -0.1795
vn -0.7134 0.6412 0.2826
vn -0.9825 -0.0575 0.1772
vn -0.0448 0.9725 0.2284
vn 0.6491 0.7593 0.0460
vn 0.9802 0.1114 -0.1637
vn 0.7392 -0.6134 -0.2780
vn 0.0439 -0.9738 -0.2230
vn -0.6781 -0.7343 -0.0317
vn -0.7391 0.6427 0.2017
vn -0.9823 -0.0838 0.1675
vn -0.0644 0.9908 0.1191
vn 0.6479 0.7610 -0.0339
vn 0.9826 0.0835 -0.1660
vn 0.7399 -0.6434 -0.1964
vn 0.0659 -0.9917 -0.1105
vn -0.6469 -0.7616 0.0387
vn -0.2780 0.0684 -0.9582
vn -0.1749 0.1023 -0.9793
vt 0.000000 1.000000
vt 0.000000 0.875000
vt 0.297129 0.875000
vt 0.297129 1.000000
vt 0.000000 0.750000
vt 0.297129 0.750000
vt 0.000000 0.625000
vt 0.297129 0.625000
vt 0.000000 0.500000
vt 0.297129 0.500000
vt 0.000000 0.375000
vt 0.297129 0.375000
vt 0.000000 0.250000
vt 0.297129 0.250000
vt 0.000000 0.125000
vt 0.297129 0.125000
vt 0.000000 0.000000
vt 0.297129 0.000000
vt 0.541062 0.875000
vt 0.541062 1.000000
vt 0.541062 0.750000
vt 0.541062 0.625000
vt 0.541062 0.500000
vt 0.541062 0.375000
vt 0.541062 0.250000
vt 0.541062 0.125000
vt 0.541062 0.000000
vt 0.749965 0.875000
vt 0.749965 1.000000
vt 0.749965 0.750000
vt 0.749965 0.625000
vt 0.749965 0.500000
vt 0.749965 0.375000
vt 0.749965 0.250000
vt 0.749965 0.125000
vt 0.749965 0.000000
vt 0.941020 0.875000
vt 0.941020 1.000000
vt 0.941020 0.750000
vt 0.941020 0.625000
vt 0.941020 0.500000
vt 0.941020 0.375000
vt 0.941020 0.250000
vt 0.941020 0.125000
vt 0.941020 0.000000
vt 1.127673 0.875000
vt 1.127673 1.000000
vt 1.127673 0.750000
vt 1.127673 0.625000
vt 1.127673 0.500000
vt 1.127673 0.375000
vt 1.127673 0.250000
vt 1.127673 0.125000
vt 1.127673 0.000000
vt 1.318321 0.875000
vt 1.318321 1.000000
vt 1.318321 0.750000
vt 1.318321 0.625000
vt 1.318321 0.500000
vt 1.318321 0.375000
vt 1.318321 0.250000
vt 1.318321 0.125000
vt 1.318321 0.000000
vt 1.517487 0.875000
vt 1.517487 1.000000
vt 1.517487 0.750000
vt 1.517487 0.625000
vt 1.517487 0.500000
vt 1.517487 0.375000
vt 1.517487 0.250000
vt 1.517487 0.125000
vt 1.517487 0.000000
vt 1.728167 0.875000
vt 1.728167 1.000000
vt 1.728167 0.750000
vt 1.728167 0.625000
vt 1.728167 0.500000
vt 1.728167 0.375000
vt 1.728167 0.250000
vt 1.728167 0.125000
vt 1.728167 0.000000
vt 1.954081 0.875000
vt 1.954081 1.000000
vt 1.954081 0.750000
vt 1.954081 0.625000
vt 1.954081 0.500000
vt 1.954081 0.375000
vt 1.954081 0.250000
vt 1.954081 0.125000
vt 1.954081 0.000000
vt 2.201260 0.875000
vt 2.201260 1.000000
vt 2.201260 0.750000
vt 2.201260 0.625000
vt 2.201260 0.500000
vt 2.201260 0.375000
vt 2.201260 0.250000
vt 2.201260 0.125000
vt 2.201260 0.000000
vt 2.478733 0.875000
vt 2.478733 1.000000
vt 2.478733 0.750000
vt 2.478733 0.625000
vt 2.478733 0.500000
vt 2.478733 0.375000
vt 2.478733 0.250000
vt 2.478733 0.125000
vt 2.478733 0.000000
vt 2.798245 0.875000
vt 2.798245 1.000000
vt 2.798245 0.750000
vt 2.798245 0.625000
vt 2.798245 0.500000
vt 2.798245 0.375000
vt 2.798245 0.250000
vt 2.798245 0.125000
vt 2.798245 0.000000
s 1
f 687/813/844 688/814/845 696/815/846 695/816/847
f 688/814/845 689/817/848 697/818/849 696/815/846
f 689/817/848 690/819/850 698/820/851 697/818/849
f 690/819/850 691/821/852 699/822/853 698/820/851
f 691/821/852 692/823/854 700/824/855 699/822/853
f 692/823/854 693/825/856 701/826/857 700/824/855
f 693/825/856 694/827/858 702/828/859 701/826/857
f 694/827/858 687/829/844 695/830/847 702/828/859
f 695/816/847 696/815/846 704/831/860 703/832/861
f 696/815/846 697/818/849 705/833/862 704/831/860
f 697/818/849 698/820/851 706/834/863 705/833/862
f 698/820/851 699/822/853 707/835/864 706/834/863
f 699/822/853 700/824/855 708/836/865 707/835/864
f 700/824/855 701/826/857 709/837/866 708/836/865
f 701/826/857 702/828/859 710/838/867 709/837/866
f 702/828/859 695/830/847 703/839/861 710/838/867
f 703/832/861 704/831/860 712/840/868 711/841/869
f 704/831/860 705/833/862 713/842/870 712/840/868
f 705/833/862 706/834/863 714/843/871 713/842/870
f 706/834/863 707/835/864 715/844/872 714/843/871
f 707/835/864 708/836/865 716/845/873 715/844/872
f 708/836/865 709/837/866 717/846/874 716/845/873
f 709/837/866 710/838/867 718/847/875 717/846/874
f 710/838/867 703/839/861 711/848/869 718/847/875
f 711/841/869 712/840/868 720/849/876 719/850/877
f 712/840/868 713/842/870 721/851/878 720/849/876
f 713/842/870 714/843/871 722/852/879 721/851/878
f 714/843/871 715/844/872 723/853/880 722/852/879
f 715/844/872 716/845/873 724/854/881 723/853/880
f 716/845/873 717/846/874 725/855/882 724/854/881
f 717/846/874 718/847/875 726/856/883 725/855/882
f 718/847/875 711/848/869 719/857/877 726/856/883
f 719/850/877 720/849/876 728/858/884 727/859/885
f 720/849/876 721/851/878 729/860/886 728/858/884
f 721/851/878 722/852/879 730/861/887 729/860/886
f 722/852/879 723/853/880 731/862/888 730/861/887
f 723/853/880 724/854/881 732/863/889 731/862/888
f 724/854/881 725/855/882 733/864/890 732/863/889
f 725/855/882 726/856/883 734/865/891 733/864/890
f 726/856/883 719/857/877 727/866/885 734/865/891
f 727/859/885 728/858/884 736/867/892 735/868/893
f 728/858/884 729/860/886 737/869/894 736/867/892
f 729/860/886 730/861/887 738/870/895 737/869/894
f 730/861/887 731/862/888 739/871/896 738/870/895
f 731/862/888 732/863/889 740/872/897 739/871/896
f 732/863/889 733/864/890 741/873/898 740/872/897
f 733/864/890 734/865/891 742/874/899 741/873/898
f 734/865/891 727/866/885 735/875/893 742/874/899
f 735/868/893 736/867/892 744/876/900 743/877/901
f 736/867/892 737/869/894 745/878/902 744/876/900
f 737/869/894 738/870/895 746/879/903 745/878/902
f 738/870/895 739/871/896 747/880/904 746/879/903
f 739/871/896 740/872/897 748/881/905 747/880/904
f 740/872/897 741/873/898 749/882/906 748/881/905
f 741/873/898 742/874/899 750/883/907 749/882/906
f 742/874/899 735/875/893 743/884/901 750/883/907
f 743/877/901 744/876/900 752/885/908 751/886/909
f 744/876/900 745/878/902 753/887/910 752/885/908
f 745/878/902 746/879/903 754/888/911 753/887/910
f 746/879/903 747/880/904 755/889/912 754/888/911
f 747/880/904 748/881/905 756/890/913 755/889/912
f 748/881/905 749/882/906 757/891/914 756/890/913
f 749/882/906 750/883/907 758/892/915 757/891/914
f 750/883/907 743/884/901 751/893/909 758/892/915
f 751/886/909 752/885/908 760/894/916 759/895/917
f 752/885/908 753/887/910 761/896/918 760/894/916
f 753/887/910 754/888/911 762/897/919 761/896/918
f 754/888/911 755/889/912 763/898/920 762/897/919
f 755/889/912 756/890/913 764/899/921 763/898/920
f 756/890/913 757/891/914 765/900/922 764/899/921
f 757/891/914 758/892/915 766/901/923 765/900/922
f 758/892/915 751/893/909 759/902/917 766/901/923
f 759/895/917 760/894/916 768/903/924 767/904/925
f 760/894/916 761/896/918 769/905/926 768/903/924
f 761/896/918 762/897/919 770/906/927 769/905/926
f 762/897/919 763/898/920 771/907/928 770/906/927
f 763/898/920 764/899/921 772/908/929 771/907/928
f 764/899/921 765/900/922 773/909/930 772/908/929
f 765/900/922 766/901/923 774/910/931 773/909/930
f 766/901/923 759/902/917 767/911/925 774/910/931
f 767/904/925 768/903/924 776/912/932 775/913/933
f 768/903/924 769/905/926 777/914/934 776/912/932
f 769/905/926 770/906/927 778/915/935 777/914/934
f 770/906/927 771/907/928 779/916/936 778/915/935
f 771/907/928 772/908/929 780/917/937 779/916/936
f 772/908/929 773/909/930 781/918/938 780/917/937
f 773/909/930 774/910/931 782/919/939 781/918/938
f 774/910/931 767/911/925 775/920/933 782/919/939
f 775/913/933 776/912/932 784/921/940 783/922/941
f 776/912/932 777/914/934 785/923/942 784/921/940
f 777/914/934 778/915/935 786/924/943 785/923/942
f 778/915/935 779/916/936 787/925/944 786/924/943
f 779/916/936 780/917/937 788/926/945 787/925/944
f 780/917/937 781/918/938 789/927/946 788/926/945
f 781/918/938 782/919/939 790/928/947 789/927/946
f 782/919/939 775/920/933 783/929/941 790/928/947
f 694/827/948 693/825/948 692/823/948 691/821/948 690/819/948 689/817/948 688/814/948 687/829/948
f 783/929/949 784/921/949 785/923/949 786/924/949 787/925/949 788/926/949 789/927/949 790/928/949
o BézierCurve.011
v 1.297417 14.047525 0.577200
v 1.301808 13.871162 0.503115
v 1.335995 13.798111 0.329603
v 1.379951 13.871162 0.158305
v 1.407927 14.047525 0.089565
v 1.403535 14.223888 0.163650
v 1.369348 14.296940 0.337162
v 1.325392 14.223888 0.508460
v 1.582908 14.027216 0.641871
v 1.610707 13.850769 0.573274
v 1.656704 13.777676 0.402531
v 1.693956 13.850751 0.229661
v 1.700640 14.027190 0.155930
v 1.672842 14.203636 0.224527
v 1.626844 14.276730 0.395270
v 1.589593 14.203654 0.568140
v 1.807426 14.072053 0.699856
v 1.885138 13.906301 0.644191
v 1.956115 13.838558 0.479920
v 1.978780 13.908509 0.303271
v 1.939857 14.075177 0.217722
v 1.862145 14.240930 0.273387
v 1.791168 14.308672 0.437658
v 1.768503 14.238721 0.614307
v 1.976112 14.168920 0.750197
v 2.103853 14.032415 0.709453
v 2.199459 13.979071 0.552528
v 2.206925 14.040135 0.371346
v 2.121876 14.179839 0.272040
v 1.994135 14.316343 0.312784
v 1.898528 14.369688 0.469709
v 1.891063 14.308623 0.650892
v 2.091167 14.306294 0.791435
v 2.257611 14.215846 0.764468
v 2.371886 14.184717 0.614188
v 2.367050 14.231144 0.428627
v 2.245938 14.327929 0.316484
v 2.079494 14.418378 0.343451
v 1.965220 14.449507 0.493731
v 1.970055 14.403080 0.679292
v 2.153686 14.473462 0.821917
v 2.340725 14.436921 0.804806
v 2.464683 14.431140 0.659160
v 2.452947 14.459503 0.470297
v 2.312391 14.505397 0.348849
v 2.125352 14.541938 0.365960
v 2.001394 14.547719 0.511606
v 2.013130 14.519356 0.700469
v 2.163592 14.659220 0.839633
v 2.353831 14.675843 0.827612
v 2.479247 14.694286 0.684286
v 2.466373 14.703744 0.493613
v 2.322751 14.698677 0.367285
v 2.132512 14.682054 0.379306
v 2.007096 14.663610 0.522632
v 2.019970 14.654153 0.713305
v 2.120556 14.851455 0.842402
v 2.300204 14.916337 0.831070
v 2.420963 14.956000 0.688046
v 2.412093 14.947210 0.497112
v 2.278791 14.895116 0.370114
v 2.099143 14.830234 0.381447
v 1.978384 14.790570 0.524470
v 1.987253 14.799360 0.715404
v 2.024508 15.037521 0.828050
v 2.182706 15.144164 0.813470
v 2.294368 15.201538 0.669070
v 2.294083 15.176035 0.479435
v 2.182019 15.082594 0.355652
v 2.023822 14.975951 0.370232
v 1.912160 14.918577 0.514633
v 1.912444 14.944080 0.704267
v 1.875706 15.204574 0.794461
v 2.003872 15.345027 0.773064
v 2.103212 15.416273 0.625866
v 2.115535 15.376575 0.439094
v 2.033623 15.249188 0.322156
v 1.905457 15.108735 0.343552
v 1.806116 15.037489 0.490750
v 1.793793 15.077187 0.677522
v 1.674697 15.339700 0.739595
v 1.767155 15.504296 0.708431
v 1.852256 15.585170 0.557339
v 1.880149 15.534945 0.374825
v 1.834494 15.383044 0.267805
v 1.742035 15.218448 0.298969
v 1.656934 15.137574 0.450061
v 1.629042 15.187799 0.632575
v 1.422303 15.430049 0.661505
v 1.477331 15.608253 0.618760
v 1.547851 15.694427 0.463155
v 1.592553 15.638091 0.285843
v 1.585252 15.472247 0.190689
v 1.530224 15.294044 0.233435
v 1.459705 15.207870 0.389039
v 1.415002 15.264205 0.566351
v 1.120536 15.462882 0.558670
v 1.156919 15.644241 0.509714
v 1.220256 15.731631 0.351717
v 1.273445 15.673860 0.177231
v 1.285328 15.504769 0.088469
v 1.248945 15.323410 0.137426
v 1.185608 15.236020 0.295423
v 1.132419 15.293792 0.469908
vn -0.2199 0.0005 0.9755
vn -0.2005 -0.7072 0.6780
vn -0.1171 -0.7220 0.6819
vn -0.2326 -0.0318 0.9720
vn -0.0612 -0.9980 -0.0144
vn 0.0644 -0.9979 0.0123
vn 0.1124 -0.7072 -0.6980
vn 0.2092 -0.7185 -0.6633
vn 0.2221 -0.0006 -0.9750
vn 0.2381 -0.0312 -0.9707
vn 0.2064 0.7070 -0.6764
vn 0.1321 0.6872 -0.7144
vn 0.0731 0.9972 0.0172
vn -0.0533 0.9984 -0.0170
vn -0.1041 0.7069 0.6996
vn -0.2079 0.6910 0.6924
vn 0.0592 -0.6873 0.7240
vn -0.2516 -0.0420 0.9669
vn 0.3328 -0.9395 0.0815
vn 0.4229 -0.6750 -0.6046
vn 0.2775 -0.0290 -0.9603
vn -0.0313 0.6492 -0.7600
vn -0.3250 0.9416 -0.0876
vn -0.4171 0.6441 0.6412
vn 0.2390 -0.5836 0.7761
vn -0.2659 -0.0544 0.9624
vn 0.6034 -0.7807 0.1624
vn 0.6373 -0.5508 -0.5389
vn 0.3162 -0.0103 -0.9486
vn -0.1973 0.5498 -0.8117
vn -0.5995 0.7822 -0.1693
vn -0.6247 0.5209 0.5817
vn 0.3794 -0.4155 0.8267
vn -0.2760 -0.0653 0.9590
vn 0.8137 -0.5303 0.2379
vn 0.8023 -0.3548 -0.4801
vn 0.3422 0.0214 -0.9394
vn -0.3304 0.3929 -0.8582
vn -0.8134 0.5277 -0.2447
vn -0.7844 0.3308 0.5247
vn 0.4544 -0.2141 0.8647
vn -0.2822 -0.0731 0.9566
vn 0.9269 -0.2346 0.2928
vn 0.8895 -0.1260 -0.4393
vn 0.3520 0.0546 -0.9344
vn -0.4051 0.2051 -0.8910
vn -0.9266 0.2298 -0.2978
vn -0.8686 0.1119 0.4827
vn 0.4646 -0.0106 0.8854
vn -0.2854 -0.0770 0.9553
vn 0.9448 0.0603 0.3220
vn 0.9027 0.0979 -0.4190
vn 0.3508 0.0807 -0.9330
vn -0.4191 0.0141 -0.9079
vn -0.9436 -0.0637 -0.3248
vn -0.8817 -0.1011 0.4608
vn 0.4216 0.1787 0.8890
vn -0.2873 -0.0766 0.9548
vn 0.8856 0.3303 0.3265
vn 0.8585 0.2989 -0.4167
vn 0.3453 0.0979 -0.9334
vn -0.3812 -0.1653 -0.9096
vn -0.8845 -0.3319 -0.3278
vn -0.8398 -0.2924 0.4574
vn 0.3345 0.3464 0.8764
vn -0.2904 -0.0721 0.9542
vn 0.7646 0.5657 0.3088
vn 0.7702 0.4709 -0.4302
vn 0.3393 0.1081 -0.9344
vn -0.2998 -0.3256 -0.8967
vn -0.7641 -0.5663 -0.3089
vn -0.7555 -0.4563 0.4702
vn 0.2105 0.4850 0.8488
vn -0.2970 -0.0655 0.9526
vn 0.5943 0.7573 0.2706
vn 0.6478 0.6087 -0.4581
vn 0.3344 0.1129 -0.9357
vn -0.1820 -0.4590 -0.8696
vn -0.5939 -0.7580 -0.2697
vn -0.6385 -0.5879 0.4967
vn 0.0606 0.5854 0.8085
vn -0.3076 -0.0598 0.9496
vn 0.3909 0.8949 0.2154
vn 0.5035 0.7060 -0.4980
vn 0.3313 0.1136 -0.9366
vn -0.0391 -0.5568 -0.8297
vn -0.3901 -0.8957 -0.2136
vn -0.5005 -0.6814 0.5340
vn -0.0980 0.6412 0.7610
vn -0.3205 -0.0575 0.9455
vn 0.1782 0.9725 0.1498
vn 0.3544 0.7593 -0.5457
vn 0.3311 0.1114 -0.9370
vn 0.1145 -0.6134 -0.7814
vn -0.1739 -0.9738 -0.1463
vn -0.3559 -0.7343 0.5780
vn -0.1812 0.6427 0.7444
vn -0.3289 -0.0838 0.9407
vn 0.0731 0.9908 0.1140
vn 0.2839 0.7610 -0.5834
vn 0.3303 0.0835 -0.9402
vn 0.1862 -0.6434 -0.7425
vn -0.0648 -0.9917 -0.1112
vn -0.2792 -0.7616 0.5848
vn -0.9730 0.0684 -0.2205
vn -0.9416 0.1023 -0.3209
vt 0.000000 1.000000
vt 0.000000 0.875000
vt 0.297129 0.875000
vt 0.297129 1.000000
vt 0.000000 0.750000
vt 0.297129 0.750000
vt 0.000000 0.625000
vt 0.297129 0.625000
vt 0.000000 0.500000
vt 0.297129 0.500000
vt 0.000000 0.375000
vt 0.297129 0.375000
vt 0.000000 0.250000
vt 0.297129 0.250000
vt 0.000000 0.125000
vt 0.297129 0.125000
vt 0.000000 0.000000
vt 0.297129 0.000000
vt 0.541062 0.875000
vt 0.541062 1.000000
vt 0.541062 0.750000
vt 0.541062 0.625000
vt 0.541062 0.500000
vt 0.541062 0.375000
vt 0.541062 0.250000
vt 0.541062 0.125000
vt 0.541062 0.000000
vt 0.749965 0.875000
vt 0.749965 1.000000
vt 0.749965 0.750000
vt 0.749965 0.625000
vt 0.749965 0.500000
vt 0.749965 0.375000
vt 0.749965 0.250000
vt 0.749965 0.125000
vt 0.749965 0.000000
vt 0.941020 0.875000
vt 0.941020 1.000000
vt 0.941020 0.750000
vt 0.941020 0.625000
vt 0.941020 0.500000
vt 0.941020 0.375000
vt 0.941020 0.250000
vt 0.941020 0.125000
vt 0.941020 0.000000
vt 1.127673 0.875000
vt 1.127673 1.000000
vt 1.127673 0.750000
vt 1.127673 0.625000
vt 1.127673 0.500000
vt 1.127673 0.375000
vt 1.127673 0.250000
vt 1.127673 0.125000
vt 1.127673 0.000000
vt 1.318321 0.875000
vt 1.318321 1.000000
vt 1.318321 0.750000
vt 1.318321 0.625000
vt 1.318321 0.500000
vt 1.318321 0.375000
vt 1.318321 0.250000
vt 1.318321 0.125000
vt 1.318321 0.000000
vt 1.517487 0.875000
vt 1.517487 1.000000
vt 1.517487 0.750000
vt 1.517487 0.625000
vt 1.517487 0.500000
vt 1.517487 0.375000
vt 1.517487 0.250000
vt 1.517487 0.125000
vt 1.517487 0.000000
vt 1.728167 0.875000
vt 1.728167 1.000000
vt 1.728167 0.750000
vt 1.728167 0.625000
vt 1.728167 0.500000
vt 1.728167 0.375000
vt 1.728167 0.250000
vt 1.728167 0.125000
vt 1.728167 0.000000
vt 1.954081 0.875000
vt 1.954081 1.000000
vt 1.954081 0.750000
vt 1.954081 0.625000
vt 1.954081 0.500000
vt 1.954081 0.375000
vt 1.954081 0.250000
vt 1.954081 0.125000
vt 1.954081 0.000000
vt 2.201260 0.875000
vt 2.201260 1.000000
vt 2.201260 0.750000
vt 2.201260 0.625000
vt 2.201260 0.500000
vt 2.201260 0.375000
vt 2.201260 0.250000
vt 2.201260 0.125000
vt 2.201260 0.000000
vt 2.478733 0.875000
vt 2.478733 1.000000
vt 2.478733 0.750000
vt 2.478733 0.625000
vt 2.478733 0.500000
vt 2.478733 0.375000
vt 2.478733 0.250000
vt 2.478733 0.125000
vt 2.478733 0.000000
vt 2.798245 0.875000
vt 2.798245 1.000000
vt 2.798245 0.750000
vt 2.798245 0.625000
vt 2.798245 0.500000
vt 2.798245 0.375000
vt 2.798245 0.250000
vt 2.798245 0.125000
vt 2.798245 0.000000
s 1
f 791/930/950 792/931/951 800/932/952 799/933/953
f 792/931/951 793/934/954 801/935/955 800/932/952
f 793/934/954 794/936/956 802/937/957 801/935/955
f 794/936/956 795/938/958 803/939/959 802/937/957
f 795/938/958 796/940/960 804/941/961 803/939/959
f 796/940/960 797/942/962 805/943/963 804/941/961
f 797/942/962 798/944/964 806/945/965 805/943/963
f 798/944/964 791/946/950 799/947/953 806/945/965
f 799/933/953 800/932/952 808/948/966 807/949/967
f 800/932/952 801/935/955 809/950/968 808/948/966
f 801/935/955 802/937/957 810/951/969 809/950/968
f 802/937/957 803/939/959 811/952/970 810/951/969
f 803/939/959 804/941/961 812/953/971 811/952/970
f 804/941/961 805/943/963 813/954/972 812/953/971
f 805/943/963 806/945/965 814/955/973 813/954/972
f 806/945/965 799/947/953 807/956/967 814/955/973
f 807/949/967 808/948/966 816/957/974 815/958/975
f 808/948/966 809/950/968 817/959/976 816/957/974
f 809/950/968 810/951/969 818/960/977 817/959/976
f 810/951/969 811/952/970 819/961/978 818/960/977
f 811/952/970 812/953/971 820/962/979 819/961/978
f 812/953/971 813/954/972 821/963/980 820/962/979
f 813/954/972 814/955/973 822/964/981 821/963/980
f 814/955/973 807/956/967 815/965/975 822/964/981
f 815/958/975 816/957/974 824/966/982 823/967/983
f 816/957/974 817/959/976 825/968/984 824/966/982
f 817/959/976 818/960/977 826/969/985 825/968/984
f 818/960/977 819/961/978 827/970/986 826/969/985
f 819/961/978 820/962/979 828/971/987 827/970/986
f 820/962/979 821/963/980 829/972/988 828/971/987
f 821/963/980 822/964/981 830/973/989 829/972/988
f 822/964/981 815/965/975 823/974/983 830/973/989
f 823/967/983 824/966/982 832/975/990 831/976/991
f 824/966/982 825/968/984 833/977/992 832/975/990
f 825/968/984 826/969/985 834/978/993 833/977/992
f 826/969/985 827/970/986 835/979/994 834/978/993
f 827/970/986 828/971/987 836/980/995 835/979/994
f 828/971/987 829/972/988 837/981/996 836/980/995
f 829/972/988 830/973/989 838/982/997 837/981/996
f 830/973/989 823/974/983 831/983/991 838/982/997
f 831/976/991 832/975/990 840/984/998 839/985/999
f 832/975/990 833/977/992 841/986/1000 840/984/998
f 833/977/992 834/978/993 842/987/1001 841/986/1000
f 834/978/993 835/979/994 843/988/1002 842/987/1001
f 835/979/994 836/980/995 844/989/1003 843/988/1002
f 836/980/995 837/981/996 845/990/1004 844/989/1003
f 837/981/996 838/982/997 846/991/1005 845/990/1004
f 838/982/997 831/983/991 839/992/999 846/991/1005
f 839/985/999 840/984/998 848/993/1006 847/994/1007
f 840/984/998 841/986/1000 849/995/1008 848/993/1006
f 841/986/1000 842/987/1001 850/996/1009 849/995/1008
f 842/987/1001 843/988/1002 851/997/1010 850/996/1009
f 843/988/1002 844/989/1003 852/998/1011 851/997/1010
f 844/989/1003 845/990/1004 853/999/1012 852/998/1011
f 845/990/1004 846/991/1005 854/1000/1013 853/999/1012
f 846/991/1005 839/992/999 847/1001/1007 854/1000/1013
f 847/994/1007 848/993/1006 856/1002/1014 855/1003/1015
f 848/993/1006 849/995/1008 857/1004/1016 856/1002/1014
f 849/995/1008 850/996/1009 858/1005/1017 857/1004/1016
f 850/996/1009 851/997/1010 859/1006/1018 858/1005/1017
f 851/997/1010 852/998/1011 860/1007/1019 859/1006/1018
f 852/998/1011 853/999/1012 861/1008/1020 860/1007/1019
f 853/999/1012 854/1000/1013 862/1009/1021 861/1008/1020
f 854/1000/1013 847/1001/1007 855/1010/1015 862/1009/1021
f 855/1003/1015 856/1002/1014 864/1011/1022 863/1012/1023
f 856/1002/1014 857/1004/1016 865/1013/1024 864/1011/1022
f 857/1004/1016 858/1005/1017 866/1014/1025 865/1013/1024
f 858/1005/1017 859/1006/1018 867/1015/1026 866/1014/1025
f 859/1006/1018 860/1007/1019 868/1016/1027 867/1015/1026
f 860/1007/1019 861/1008/1020 869/1017/1028 868/1016/1027
f 861/1008/1020 862/1009/1021 870/1018/1029 869/1017/1028
f 862/1009/1021 855/1010/1015 863/1019/1023 870/1018/1029
f 863/1012/1023 864/1011/1022 872/1020/1030 871/1021/1031
f 864/1011/1022 865/1013/1024 873/1022/1032 872/1020/1030
f 865/1013/1024 866/1014/1025 874/1023/1033 873/1022/1032
f 866/1014/1025 867/1015/1026 875/1024/1034 874/1023/1033
f 867/1015/1026 868/1016/1027 876/1025/1035 875/1024/1034
f 868/1016/1027 869/1017/1028 877/1026/1036 876/1025/1035
f 869/1017/1028 870/1018/1029 878/1027/1037 877/1026/1036
f 870/1018/1029 863/1019/1023 871/1028/1031 878/1027/1037
f 871/1021/1031 872/1020/1030 880/1029/1038 879/1030/1039
f 872/1020/1030 873/1022/1032 881/1031/1040 880/1029/1038
f 873/1022/1032 874/1023/1033 882/1032/1041 881/1031/1040
f 874/1023/1033 875/1024/1034 883/1033/1042 882/1032/1041
f 875/1024/1034 876/1025/1035 884/1034/1043 883/1033/1042
f 876/1025/1035 877/1026/1036 885/1035/1044 884/1034/1043
f 877/1026/1036 878/1027/1037 886/1036/1045 885/1035/1044
f 878/1027/1037 871/1028/1031 879/1037/1039 886/1036/1045
f 879/1030/1039 880/1029/1038 888/1038/1046 887/1039/1047
f 880/1029/1038 881/1031/1040 889/1040/1048 888/1038/1046
f 881/1031/1040 882/1032/1041 890/1041/1049 889/1040/1048
f 882/1032/1041 883/1033/1042 891/1042/1050 890/1041/1049
f 883/1033/1042 884/1034/1043 892/1043/1051 891/1042/1050
f 884/1034/1043 885/1035/1044 893/1044/1052 892/1043/1051
f 885/1035/1044 886/1036/1045 894/1045/1053 893/1044/1052
f 886/1036/1045 879/1037/1039 887/1046/1047 894/1045/1053
f 798/944/1054 797/942/1054 796/940/1054 795/938/1054 794/936/1054 793/934/1054 792/931/1054 791/946/1054
f 887/1046/1055 888/1038/1055 889/1040/1055 890/1041/1055 891/1042/1055 892/1043/1055 893/1044/1055 894/1045/1055
o BézierCurve.012
v 1.148179 14.047525 -0.835545
v 1.086196 13.871162 -0.876361
v 0.952968 13.798111 -0.992660
v 0.826538 13.871162 -1.116315
v 0.780968 14.047525 -1.174891
v 0.842951 14.223888 -1.134075
v 0.976178 14.296940 -1.017776
v 1.102608 14.223888 -0.894121
v 1.346829 14.027216 -1.050547
v 1.301293 13.850769 -1.108898
v 1.176364 13.777676 -1.234045
v 1.045224 13.850751 -1.352678
v 0.984692 14.027190 -1.395303
v 1.030228 14.203636 -1.336952
v 1.155157 14.276730 -1.211806
v 1.286297 14.203654 -1.093173
v 1.509225 14.072053 -1.216071
v 1.499828 13.906301 -1.311199
v 1.392985 13.838558 -1.454751
v 1.251284 13.908509 -1.562637
v 1.157730 14.075177 -1.571658
v 1.167127 14.240930 -1.476529
v 1.273970 14.308672 -1.332977
v 1.415671 14.238721 -1.225091
v 1.637106 14.168920 -1.337047
v 1.665629 14.032415 -1.468060
v 1.577454 13.979071 -1.629278
v 1.424232 14.040135 -1.726261
v 1.295719 14.179839 -1.702198
v 1.267195 14.316343 -1.571185
v 1.355371 14.369688 -1.409967
v 1.508593 14.308623 -1.312984
v 1.730310 14.306294 -1.416114
v 1.790102 14.215846 -1.573771
v 1.717010 14.184717 -1.747840
v 1.553849 14.231144 -1.836355
v 1.396198 14.327929 -1.787464
v 1.336406 14.418378 -1.629808
v 1.409498 14.449507 -1.455739
v 1.572659 14.403080 -1.367224
v 1.787948 14.473462 -1.455043
v 1.866568 14.436921 -1.625617
v 1.802328 14.431140 -1.805759
v 1.632859 14.459503 -1.889946
v 1.457434 14.505397 -1.828861
v 1.378814 14.541938 -1.658288
v 1.443054 14.547719 -1.478145
v 1.612523 14.519356 -1.393958
v 1.808244 14.659220 -1.454774
v 1.892872 14.675843 -1.625576
v 1.831370 14.694286 -1.805823
v 1.659764 14.703744 -1.889929
v 1.478580 14.698677 -1.828625
v 1.393952 14.682054 -1.657823
v 1.455454 14.663610 -1.477576
v 1.627060 14.654153 -1.393470
v 1.789142 14.851455 -1.416109
v 1.869076 14.916337 -1.577394
v 1.805509 14.956000 -1.753455
v 1.635678 14.947210 -1.841160
v 1.459069 14.895116 -1.789131
v 1.379136 14.830234 -1.627847
v 1.442703 14.790570 -1.451785
v 1.612533 14.799360 -1.364081
v 1.728726 15.037521 -1.340078
v 1.795130 15.144164 -1.484402
v 1.725825 15.201538 -1.653271
v 1.561409 15.176035 -1.747763
v 1.398195 15.082594 -1.712526
v 1.331791 14.975951 -1.568202
v 1.401096 14.918577 -1.399333
v 1.565512 14.944080 -1.304841
v 1.625289 15.204574 -1.227956
v 1.670784 15.345027 -1.349671
v 1.592901 15.416273 -1.509264
v 1.437263 15.376575 -1.613248
v 1.295041 15.249188 -1.600710
v 1.249547 15.108735 -1.478995
v 1.327429 15.037489 -1.319402
v 1.483067 15.077187 -1.215418
v 1.477340 15.339700 -1.081239
v 1.496535 15.504296 -1.176901
v 1.408164 15.585170 -1.326105
v 1.263994 15.534945 -1.441448
v 1.148477 15.383044 -1.455365
v 1.129282 15.218448 -1.359703
v 1.217653 15.137574 -1.210499
v 1.361824 15.187799 -1.095155
v 1.283601 15.430049 -0.901612
v 1.274063 15.608253 -0.970635
v 1.174500 15.694427 -1.109462
v 1.043233 15.638091 -1.236769
v 0.957157 15.472247 -1.277981
v 0.966695 15.294044 -1.208958
v 1.066258 15.207870 -1.070132
v 1.197525 15.264205 -0.942825
v 1.043760 15.462882 -0.691576
v 1.019527 15.644241 -0.747552
v 0.914302 15.731631 -0.881352
v 0.789724 15.673860 -1.014597
v 0.718770 15.504769 -1.069236
v 0.743003 15.323410 -1.013260
v 0.848228 15.236020 -0.879460
v 0.972806 15.293792 -0.746214
vn 0.7352 0.0005 0.6778
vn 0.4872 -0.7072 0.5124
vn 0.5322 -0.7220 0.4421
vn 0.7258 -0.0318 0.6871
vn -0.0430 -0.9980 0.0458
vn 0.0428 -0.9979 -0.0496
vn -0.5485 -0.7072 -0.4461
vn -0.4700 -0.7185 -0.5126
vn -0.7337 -0.0006 -0.6795
vn -0.7220 -0.0312 -0.6912
vn -0.4829 0.7070 -0.5167
vn -0.5529 0.6872 -0.4713
vn 0.0514 0.9972 -0.0547
vn -0.0414 0.9984 0.0377
vn 0.5540 0.7069 0.4397
vn 0.4959 0.6910 0.5260
vn 0.6567 -0.6873 0.3104
vn 0.7119 -0.0420 0.7010
vn 0.2369 -0.9395 -0.2476
vn -0.3125 -0.6750 -0.6684
vn -0.6932 -0.0290 -0.7202
vn -0.6740 0.6492 -0.3526
vn -0.2383 0.9416 0.2378
vn 0.3471 0.6441 0.6817
vn 0.7917 -0.5836 0.1807
vn 0.7009 -0.0544 0.7112
vn 0.4422 -0.7807 -0.4416
vn -0.1485 -0.5508 -0.8213
vn -0.6638 -0.0103 -0.7478
vn -0.8017 0.5498 -0.2346
vn -0.4462 0.7822 0.4347
vn 0.1918 0.5209 0.8318
vn 0.9057 -0.4155 0.0843
vn 0.6928 -0.0653 0.7181
vn 0.6126 -0.5303 -0.5861
vn -0.0151 -0.3548 -0.9348
vn -0.6428 0.0214 -0.7657
vn -0.9085 0.3929 -0.1425
vn -0.6183 0.5277 0.5824
vn 0.0626 0.3308 0.9416
vn 0.9761 -0.2141 0.0383
vn 0.6877 -0.0731 0.7223
vn 0.7168 -0.2346 -0.6567
vn 0.0638 -0.1260 -0.9900
vn -0.6336 0.0546 -0.7717
vn -0.9742 0.2051 -0.0942
vn -0.7209 0.2298 0.6539
vn -0.0158 0.1119 0.9936
vn 0.9991 -0.0106 0.0399
vn 0.6850 -0.0770 0.7245
vn 0.7509 0.0603 -0.6576
vn 0.0880 0.0979 -0.9913
vn -0.6329 0.0807 -0.7700
vn -0.9958 0.0141 -0.0905
vn -0.7528 -0.0637 0.6552
vn -0.0413 -0.1011 0.9940
vn 0.9807 0.1787 0.0789
vn 0.6836 -0.0766 0.7259
vn 0.7253 0.3303 -0.6040
vn 0.0679 0.2989 -0.9519
vn -0.6360 0.0979 -0.7654
vn -0.9784 -0.1653 -0.1241
vn -0.7258 -0.3319 0.6025
vn -0.0233 -0.2924 0.9560
vn 0.9263 0.3464 0.1481
vn 0.6815 -0.0721 0.7283
vn 0.6495 0.5657 -0.5081
vn 0.0121 0.4709 -0.8821
vn -0.6400 0.1081 -0.7608
vn -0.9266 -0.3256 -0.1883
vn -0.6493 -0.5663 0.5076
vn 0.0299 -0.4563 0.8893
vn 0.8404 0.4850 0.2417
vn 0.6768 -0.0655 0.7332
vn 0.5314 0.7573 -0.3796
vn -0.0732 0.6087 -0.7900
vn -0.6435 0.1129 -0.7571
vn -0.8442 -0.4590 -0.2767
vn -0.5304 -0.7580 0.3797
vn 0.1113 -0.5879 0.8012
vn 0.7307 0.5854 0.3514
vn 0.6690 -0.0598 0.7409
vn 0.3819 0.8949 -0.2310
vn -0.1798 0.7060 -0.6850
vn -0.6458 0.1136 -0.7550
vn -0.7383 -0.5568 -0.3807
vn -0.3799 -0.8957 0.2312
vn 0.2125 -0.6814 0.7003
vn 0.6103 0.6412 0.4651
vn 0.6590 -0.0575 0.7500
vn 0.2187 0.9725 -0.0795
vn -0.2957 0.7593 -0.5796
vn -0.6463 0.1114 -0.7549
vn -0.6197 -0.6134 -0.4896
vn -0.2136 -0.9738 0.0775
vn 0.3229 -0.7343 0.5971
vn 0.5543 0.6427 0.5289
vn 0.6506 -0.0838 0.7548
vn 0.1353 0.9908 -0.0064
vn -0.3635 0.7610 -0.5374
vn -0.6494 0.0835 -0.7558
vn -0.5502 -0.6434 -0.5323
vn -0.1287 -0.9917 0.0006
vn 0.3671 -0.7616 0.5340
vn -0.6771 0.0684 0.7327
vn -0.7484 0.1023 0.6553
vt 0.000000 1.000000
vt 0.000000 0.875000
vt 0.297129 0.875000
vt 0.297129 1.000000
vt 0.000000 0.750000
vt 0.297129 0.750000
vt 0.000000 0.625000
vt 0.297129 0.625000
vt 0.000000 0.500000
vt 0.297129 0.500000
vt 0.000000 0.375000
vt 0.297129 0.375000
vt 0.000000 0.250000
vt 0.297129 0.250000
vt 0.000000 0.125000
vt 0.297129 0.125000
vt 0.000000 0.000000
vt 0.297129 0.000000
vt 0.541062 0.875000
vt 0.541062 1.000000
vt 0.541062 0.750000
vt 0.541062 0.625000
vt 0.541062 0.500000
vt 0.541062 0.375000
vt 0.541062 0.250000
vt 0.541062 0.125000
vt 0.541062 0.000000
vt 0.749965 0.875000
vt 0.749965 1.000000
vt 0.749965 0.750000
vt 0.749965 0.625000
vt 0.749965 0.500000
vt 0.749965 0.375000
vt 0.749965 0.250000
vt 0.749965 0.125000
vt 0.749965 0.000000
vt 0.941020 0.875000
vt 0.941020 1.000000
vt 0.941020 0.750000
vt 0.941020 0.625000
vt 0.941020 0.500000
vt 0.941020 0.375000
vt 0.941020 0.250000
vt 0.941020 0.125000
vt 0.941020 0.000000
vt 1.127673 0.875000
vt 1.127673 1.000000
vt 1.127673 0.750000
vt 1.127673 0.625000
vt 1.127673 0.500000
vt 1.127673 0.375000
vt 1.127673 0.250000
vt 1.127673 0.125000
vt 1.127673 0.000000
vt 1.318321 0.875000
vt 1.318321 1.000000
vt 1.318321 0.750000
vt 1.318321 0.625000
vt 1.318321 0.500000
vt 1.318321 0.375000
vt 1.318321 0.250000
vt 1.318321 0.125000
vt 1.318321 0.000000
vt 1.517487 0.875000
vt 1.517487 1.000000
vt 1.517487 0.750000
vt 1.517487 0.625000
vt 1.517487 0.500000
vt 1.517487 0.375000
vt 1.517487 0.250000
vt 1.517487 0.125000
vt 1.517487 0.000000
vt 1.728167 0.875000
vt 1.728167 1.000000
vt 1.728167 0.750000
vt 1.728167 0.625000
vt 1.728167 0.500000
vt 1.728167 0.375000
vt 1.728167 0.250000
vt 1.728167 0.125000
vt 1.728167 0.000000
vt 1.954081 0.875000
vt 1.954081 1.000000
vt 1.954081 0.750000
vt 1.954081 0.625000
vt 1.954081 0.500000
vt 1.954081 0.375000
vt 1.954081 0.250000
vt 1.954081 0.125000
vt 1.954081 0.000000
vt 2.201260 0.875000
vt 2.201260 1.000000
vt 2.201260 0.750000
vt 2.201260 0.625000
vt 2.201260 0.500000
vt 2.201260 0.375000
vt 2.201260 0.250000
vt 2.201260 0.125000
vt 2.201260 0.000000
vt 2.478733 0.875000
vt 2.478733 1.000000
vt 2.478733 0.750000
vt 2.478733 0.625000
vt 2.478733 0.500000
vt 2.478733 0.375000
vt 2.478733 0.250000
vt 2.478733 0.125000
vt 2.478733 0.000000
vt 2.798245 0.875000
vt 2.798245 1.000000
vt 2.798245 0.750000
vt 2.798245 0.625000
vt 2.798245 0.500000
vt 2.798245 0.375000
vt 2.798245 0.250000
vt 2.798245 0.125000
vt 2.798245 0.000000
s 1
f 895/1047/1056 896/1048/1057 904/1049/1058 903/1050/1059
f 896/1048/1057 897/1051/1060 905/1052/1061 904/1049/1058
f 897/1051/1060 898/1053/1062 906/1054/1063 905/1052/1061
f 898/1053/1062 899/1055/1064 907/1056/1065 906/1054/1063
f 899/1055/1064 900/1057/1066 908/1058/1067 907/1056/1065
f 900/1057/1066 901/1059/1068 909/1060/1069 908/1058/1067
f 901/1059/1068 902/1061/1070 910/1062/1071 909/1060/1069
f 902/1061/1070 895/1063/1056 903/1064/1059 910/1062/1071
f 903/1050/1059 904/1049/1058 912/1065/1072 911/1066/1073
f 904/1049/1058 905/1052/1061 913/1067/1074 912/1065/1072
f 905/1052/1061 906/1054/1063 914/1068/1075 913/1067/1074
f 906/1054/1063 907/1056/1065 915/1069/1076 914/1068/1075
f 907/1056/1065 908/1058/1067 916/1070/1077 915/1069/1076
f 908/1058/1067 909/1060/1069 917/1071/1078 916/1070/1077
f 909/1060/1069 910/1062/1071 918/1072/1079 917/1071/1078
f 910/1062/1071 903/1064/1059 911/1073/1073 918/1072/1079
f 911/1066/1073 912/1065/1072 920/1074/1080 919/1075/1081
f 912/1065/1072 913/1067/1074 921/1076/1082 920/1074/1080
f 913/1067/1074 914/1068/1075 922/1077/1083 921/1076/1082
f 914/1068/1075 915/1069/1076 923/1078/1084 922/1077/1083
f 915/1069/1076 916/1070/1077 924/1079/1085 923/1078/1084
f 916/1070/1077 917/1071/1078 925/1080/1086 924/1079/1085
f 917/1071/1078 918/1072/1079 926/1081/1087 925/1080/1086
f 918/1072/1079 911/1073/1073 919/1082/1081 926/1081/1087
f 919/1075/1081 920/1074/1080 928/1083/1088 927/1084/1089
f 920/1074/1080 921/1076/1082 929/1085/1090 928/1083/1088
f 921/1076/1082 922/1077/1083 930/1086/1091 929/1085/1090
f 922/1077/1083 923/1078/1084 931/1087/1092 930/1086/1091
f 923/1078/1084 924/1079/1085 932/1088/1093 931/1087/1092
f 924/1079/1085 925/1080/1086 933/1089/1094 932/1088/1093
f 925/1080/1086 926/1081/1087 934/1090/1095 933/1089/1094
f 926/1081/1087 919/1082/1081 927/1091/1089 934/1090/1095
f 927/1084/1089 928/1083/1088 936/1092/1096 935/1093/1097
f 928/1083/1088 929/1085/1090 937/1094/1098 936/1092/1096
f 929/1085/1090 930/1086/1091 938/1095/1099 937/1094/1098
f 930/1086/1091 931/1087/1092 939/1096/1100 938/1095/1099
f 931/1087/1092 932/1088/1093 940/1097/1101 939/1096/1100
f 932/1088/1093 933/1089/1094 941/1098/1102 940/1097/1101
f 933/1089/1094 934/1090/1095 942/1099/1103 941/1098/1102
f 934/1090/1095 927/1091/1089 935/1100/1097 942/1099/1103
f 935/1093/1097 936/1092/1096 944/1101/1104 943/1102/1105
f 936/1092/1096 937/1094/1098 945/1103/1106 944/1101/1104
f 937/1094/1098 938/1095/1099 946/1104/1107 945/1103/1106
f 938/1095/1099 939/1096/1100 947/1105/1108 946/1104/1107
f 939/1096/1100 940/1097/1101 948/1106/1109 947/1105/1108
f 940/1097/1101 941/1098/1102 949/1107/1110 948/1106/1109
f 941/1098/1102 942/1099/1103 950/1108/1111 949/1107/1110
f 942/1099/1103 935/1100/1097 943/1109/1105 950/1108/1111
f 943/1102/1105 944/1101/1104 952/1110/1112 951/1111/1113
f 944/1101/1104 945/1103/1106 953/1112/1114 952/1110/1112
f 945/1103/1106 946/1104/1107 954/1113/1115 953/1112/1114
f 946/1104/1107 947/1105/1108 955/1114/1116 954/1113/1115
f 947/1105/1108 948/1106/1109 956/1115/1117 955/1114/1116
f 948/1106/1109 949/1107/1110 957/1116/1118 956/1115/1117
f 949/1107/1110 950/1108/1111 958/1117/1119 957/1116/1118
f 950/1108/1111 943/1109/1105 951/1118/1113 958/1117/1119
f 951/1111/1113 952/1110/1112 960/1119/1120 959/1120/1121
f 952/1110/1112 953/1112/1114 961/1121/1122 960/1119/1120
f 953/1112/1114 954/1113/1115 962/1122/1123 961/1121/1122
f 954/1113/1115 955/1114/1116 963/1123/1124 962/1122/1123
f 955/1114/1116 956/1115/1117 964/1124/1125 963/1123/1124
f 956/1115/1117 957/1116/1118 965/1125/1126 964/1124/1125
f 957/1116/1118 958/1117/1119 966/1126/1127 965/1125/1126
f 958/1117/1119 951/1118/1113 959/1127/1121 966/1126/1127
f 959/1120/1121 960/1119/1120 968/1128/1128 967/1129/1129
f 960/1119/1120 961/1121/1122 969/1130/1130 968/1128/1128
f 961/1121/1122 962/1122/1123 970/1131/1131 969/1130/1130
f 962/1122/1123 963/1123/1124 971/1132/1132 970/1131/1131
f 963/1123/1124 964/1124/1125 972/1133/1133 971/1132/1132
f 964/1124/1125 965/1125/1126 973/1134/1134 972/1133/1133
f 965/1125/1126 966/1126/1127 974/1135/1135 973/1134/1134
f 966/1126/1127 959/1127/1121 967/1136/1129 974/1135/1135
f 967/1129/1129 968/1128/1128 976/1137/1136 975/1138/1137
f 968/1128/1128 969/1130/1130 977/1139/1138 976/1137/1136
f 969/1130/1130 970/1131/1131 978/1140/1139 977/1139/1138
f 970/1131/1131 971/1132/1132 979/1141/1140 978/1140/1139
f 971/1132/1132 972/1133/1133 980/1142/1141 979/1141/1140
f 972/1133/1133 973/1134/1134 981/1143/1142 980/1142/1141
f 973/1134/1134 974/1135/1135 982/1144/1143 981/1143/1142
f 974/1135/1135 967/1136/1129 975/1145/1137 982/1144/1143
f 975/1138/1137 976/1137/1136 984/1146/1144 983/1147/1145
f 976/1137/1136 977/1139/1138 985/1148/1146 984/1146/1144
f 977/1139/1138 978/1140/1139 986/1149/1147 985/1148/1146
f 978/1140/1139 979/1141/1140 987/1150/1148 986/1149/1147
f 979/1141/1140 980/1142/1141 988/1151/1149 987/1150/1148
f 980/1142/1141 981/1143/1142 989/1152/1150 988/1151/1149
f 981/1143/1142 982/1144/1143 990/1153/1151 989/1152/1150
f 982/1144/1143 975/1145/1137 983/1154/1145 990/1153/1151
f 983/1147/1145 984/1146/1144 992/1155/1152 991/1156/1153
f 984/1146/1144 985/1148/1146 993/1157/1154 992/1155/1152
f 985/1148/1146 986/1149/1147 994/1158/1155 993/1157/1154
f 986/1149/1147 987/1150/1148 995/1159/1156 994/1158/1155
f 987/1150/1148 988/1151/1149 996/1160/1157 995/1159/1156
f 988/1151/1149 989/1152/1150 997/1161/1158 996/1160/1157
f 989/1152/1150 990/1153/1151 998/1162/1159 997/1161/1158
f 990/1153/1151 983/1154/1145 991/1163/1153 998/1162/1159
f 902/1061/1160 901/1059/1160 900/1057/1160 899/1055/1160 898/1053/1160 897/1051/1160 896/1048/1160 895/1063/1160
f 991/1163/1161 992/1155/1161 993/1157/1161 994/1158/1161 995/1159/1161 996/1160/1161 997/1161/1161 998/1162/1161
o BézierCurve.012
v 1.148179 14.047525 -0.835545
v 1.086196 13.871162 -0.876361
v 0.952968 13.798111 -0.992660
v 0.826538 13.871162 -1.116315
v 0.780968 14.047525 -1.174891
v 0.842951 14.223888 -1.134075
v 0.976178 14.296940 -1.017776
v 1.102608 14.223888 -0.894121
v 1.346829 14.027216 -1.050547
v 1.301293 13.850769 -1.108898
v 1.176364 13.777676 -1.234045
v 1.045224 13.850751 -1.352678
v 0.984692 14.027190 -1.395303
v 1.030228 14.203636 -1.336952
v 1.155157 14.276730 -1.211806
v 1.286297 14.203654 -1.093173
v 1.509225 14.072053 -1.216071
v 1.499828 13.906301 -1.311199
v 1.392985 13.838558 -1.454751
v 1.251284 13.908509 -1.562637
v 1.157730 14.075177 -1.571658
v 1.167127 14.240930 -1.476529
v 1.273970 14.308672 -1.332977
v 1.415671 14.238721 -1.225091
v 1.637106 14.168920 -1.337047
v 1.665629 14.032415 -1.468060
v 1.577454 13.979071 -1.629278
v 1.424232 14.040135 -1.726261
v 1.295719 14.179839 -1.702198
v 1.267195 14.316343 -1.571185
v 1.355371 14.369688 -1.409967
v 1.508593 14.308623 -1.312984
v 1.730310 14.306294 -1.416114
v 1.790102 14.215846 -1.573771
v 1.717010 14.184717 -1.747840
v 1.553849 14.231144 -1.836355
v 1.396198 14.327929 -1.787464
v 1.336406 14.418378 -1.629808
v 1.409498 14.449507 -1.455739
v 1.572659 14.403080 -1.367224
v 1.787948 14.473462 -1.455043
v 1.866568 14.436921 -1.625617
v 1.802328 14.431140 -1.805759
v 1.632859 14.459503 -1.889946
v 1.457434 14.505397 -1.828861
v 1.378814 14.541938 -1.658288
v 1.443054 14.547719 -1.478145
v 1.612523 14.519356 -1.393958
v 1.808244 14.659220 -1.454774
v 1.892872 14.675843 -1.625576
v 1.831370 14.694286 -1.805823
v 1.659764 14.703744 -1.889929
v 1.478580 14.698677 -1.828625
v 1.393952 14.682054 -1.657823
v 1.455454 14.663610 -1.477576
v 1.627060 14.654153 -1.393470
v 1.789142 14.851455 -1.416109
v 1.869076 14.916337 -1.577394
v 1.805509 14.956000 -1.753455
v 1.635678 14.947210 -1.841160
v 1.459069 14.895116 -1.789131
v 1.379136 14.830234 -1.627847
v 1.442703 14.790570 -1.451785
v 1.612533 14.799360 -1.364081
v 1.728726 15.037521 -1.340078
v 1.795130 15.144164 -1.484402
v 1.725825 15.201538 -1.653271
v 1.561409 15.176035 -1.747763
v 1.398195 15.082594 -1.712526
v 1.331791 14.975951 -1.568202
v 1.401096 14.918577 -1.399333
v 1.565512 14.944080 -1.304841
v 1.625289 15.204574 -1.227956
v 1.670784 15.345027 -1.349671
v 1.592901 15.416273 -1.509264
v 1.437263 15.376575 -1.613248
v 1.295041 15.249188 -1.600710
v 1.249547 15.108735 -1.478995
v 1.327429 15.037489 -1.319402
v 1.483067 15.077187 -1.215418
v 1.477340 15.339700 -1.081239
v 1.496535 15.504296 -1.176901
v 1.408164 15.585170 -1.326105
v 1.263994 15.534945 -1.441448
v 1.148477 15.383044 -1.455365
v 1.129282 15.218448 -1.359703
v 1.217653 15.137574 -1.210499
v 1.361824 15.187799 -1.095155
v 1.283601 15.430049 -0.901612
v 1.274063 15.608253 -0.970635
v 1.174500 15.694427 -1.109462
v 1.043233 15.638091 -1.236769
v 0.957157 15.472247 -1.277981
v 0.966695 15.294044 -1.208958
v 1.066258 15.207870 -1.070132
v 1.197525 15.264205 -0.942825
v 1.043760 15.462882 -0.691576
v 1.019527 15.644241 -0.747552
v 0.914302 15.731631 -0.881352
v 0.789724 15.673860 -1.014597
v 0.718770 15.504769 -1.069236
v 0.743003 15.323410 -1.013260
v 0.848228 15.236020 -0.879460
v 0.972806 15.293792 -0.746214
vn 0.7352 0.0005 0.6778
vn 0.4872 -0.7072 0.5124
vn 0.5322 -0.7220 0.4421
vn 0.7258 -0.0318 0.6871
vn -0.0430 -0.9980 0.0458
vn 0.0428 -0.9979 -0.0496
vn -0.5485 -0.7072 -0.4461
vn -0.4700 -0.7185 -0.5126
vn -0.7337 -0.0006 -0.6795
vn -0.7220 -0.0312 -0.6912
vn -0.4829 0.7070 -0.5167
vn -0.5529 0.6872 -0.4713
vn 0.0514 0.9972 -0.0547
vn -0.0414 0.9984 0.0377
vn 0.5540 0.7069 0.4397
vn 0.4959 0.6910 0.5260
vn 0.6567 -0.6873 0.3104
vn 0.7119 -0.0420 0.7010
vn 0.2369 -0.9395 -0.2476
vn -0.3125 -0.6750 -0.6684
vn -0.6932 -0.0290 -0.7202
vn -0.6740 0.6492 -0.3526
vn -0.2383 0.9416 0.2378
vn 0.3471 0.6441 0.6817
vn 0.7917 -0.5836 0.1807
vn 0.7009 -0.0544 0.7112
vn 0.4422 -0.7807 -0.4416
vn -0.1485 -0.5508 -0.8213
vn -0.6638 -0.0103 -0.7478
vn -0.8017 0.5498 -0.2346
vn -0.4462 0.7822 0.4347
vn 0.1918 0.5209 0.8318
vn 0.9057 -0.4155 0.0843
vn 0.6928 -0.0653 0.7181
vn 0.6126 -0.5303 -0.5861
vn -0.0151 -0.3548 -0.9348
vn -0.6428 0.0214 -0.7657
vn -0.9085 0.3929 -0.1425
vn -0.6183 0.5277 0.5824
vn 0.0626 0.3308 0.9416
vn 0.9761 -0.2141 0.0383
vn 0.6877 -0.0731 0.7223
vn 0.7168 -0.2346 -0.6567
vn 0.0638 -0.1260 -0.9900
vn -0.6336 0.0546 -0.7717
vn -0.9742 0.2051 -0.0942
vn -0.7209 0.2298 0.6539
vn -0.0158 0.1119 0.9936
vn 0.9991 -0.0106 0.0399
vn 0.6850 -0.0770 0.7245
vn 0.7509 0.0603 -0.6576
vn 0.0880 0.0979 -0.9913
vn -0.6329 0.0807 -0.7700
vn -0.9958 0.0141 -0.0905
vn -0.7528 -0.0637 0.6552
vn -0.0413 -0.1011 0.9940
vn 0.9807 0.1787 0.0789
vn 0.6836 -0.0766 0.7259
vn 0.7253 0.3303 -0.6040
vn 0.0679 0.2989 -0.9519
vn -0.6360 0.0979 -0.7654
vn -0.9784 -0.1653 -0.1241
vn -0.7258 -0.3319 0.6025
vn -0.0233 -0.2924 0.9560
vn 0.9263 0.3464 0.1481
vn 0.6815 -0.0721 0.7283
vn 0.6495 0.5657 -0.5081
vn 0.0121 0.4709 -0.8821
vn -0.6400 0.1081 -0.7608
vn -0.9266 -0.3256 -0.1883
vn -0.6493 -0.5663 0.5076
vn 0.0299 -0.4563 0.8893
vn 0.8404 0.4850 0.2417
vn 0.6768 -0.0655 0.7332
vn 0.5314 0.7573 -0.3796
vn -0.0732 0.6087 -0.7900
vn -0.6435 0.1129 -0.7571
vn -0.8442 -0.4590 -0.2767
vn -0.5304 -0.7580 0.3797
vn 0.1113 -0.5879 0.8012
vn 0.7307 0.5854 0.3514
vn 0.6690 -0.0598 0.7409
vn 0.3819 0.8949 -0.2310
vn -0.1798 0.7060 -0.6850
vn -0.6458 0.1136 -0.7550
vn -0.7383 -0.5568 -0.3807
vn -0.3799 -0.8957 0.2312
vn 0.2125 -0.6814 0.7003
vn 0.6103 0.6412 0.4651
vn 0.6590 -0.0575 0.7500
vn 0.2187 0.9725 -0.0795
vn -0.2957 0.7593 -0.5796
vn -0.6463 0.1114 -0.7549
vn -0.6197 -0.6134 -0.4896
vn -0.2136 -0.9738 0.0775
vn 0.3229 -0.7343 0.5971
vn 0.5543 0.6427 0.5289
vn 0.6506 -0.0838 0.7548
vn 0.1353 0.9908 -0.0064
vn -0.3635 0.7610 -0.5374
vn -0.6494 0.0835 -0.7558
vn -0.5502 -0.6434 -0.5323
vn -0.1287 -0.9917 0.0006
vn 0.3671 -0.7616 0.5340
vn -0.6771 0.0684 0.7327
vn -0.7484 0.1023 0.6553
vt 0.000000 1.000000
vt 0.000000 0.875000
vt 0.297129 0.875000
vt 0.297129 1.000000
vt 0.000000 0.750000
vt 0.297129 0.750000
vt 0.000000 0.625000
vt 0.297129 0.625000
vt 0.000000 0.500000
vt 0.297129 0.500000
vt 0.000000 0.375000
vt 0.297129 0.375000
vt 0.000000 0.250000
vt 0.297129 0.250000
vt 0.000000 0.125000
vt 0.297129 0.125000
vt 0.000000 0.000000
vt 0.297129 0.000000
vt 0.541062 0.875000
vt 0.541062 1.000000
vt 0.541062 0.750000
vt 0.541062 0.625000
vt 0.541062 0.500000
vt 0.541062 0.375000
vt 0.541062 0.250000
vt 0.541062 0.125000
vt 0.541062 0.000000
vt 0.749965 0.875000
vt 0.749965 1.000000
vt 0.749965 0.750000
vt 0.749965 0.625000
vt 0.749965 0.500000
vt 0.749965 0.375000
vt 0.749965 0.250000
vt 0.749965 0.125000
vt 0.749965 0.000000
vt 0.941020 0.875000
vt 0.941020 1.000000
vt 0.941020 0.750000
vt 0.941020 0.625000
vt 0.941020 0.500000
vt 0.941020 0.375000
vt 0.941020 0.250000
vt 0.941020 0.125000
vt 0.941020 0.000000
vt 1.127673 0.875000
vt 1.127673 1.000000
vt 1.127673 0.750000
vt 1.127673 0.625000
vt 1.127673 0.500000
vt 1.127673 0.375000
vt 1.127673 0.250000
vt 1.127673 0.125000
vt 1.127673 0.000000
vt 1.318321 0.875000
vt 1.318321 1.000000
vt 1.318321 0.750000
vt 1.318321 0.625000
vt 1.318321 0.500000
vt 1.318321 0.375000
vt 1.318321 0.250000
vt 1.318321 0.125000
vt 1.318321 0.000000
vt 1.517487 0.875000
vt 1.517487 1.000000
vt 1.517487 0.750000
vt 1.517487 0.625000
vt 1.517487 0.500000
vt 1.517487 0.375000
vt 1.517487 0.250000
vt 1.517487 0.125000
vt 1.517487 0.000000
vt 1.728167 0.875000
vt 1.728167 1.000000
vt 1.728167 0.750000
vt 1.728167 0.625000
vt 1.728167 0.500000
vt 1.728167 0.375000
vt 1.728167 0.250000
vt 1.728167 0.125000
vt 1.728167 0.000000
vt 1.954081 0.875000
vt 1.954081 1.000000
vt 1.954081 0.750000
vt 1.954081 0.625000
vt 1.954081 0.500000
vt 1.954081 0.375000
vt 1.954081 0.250000
vt 1.954081 0.125000
vt 1.954081 0.000000
vt 2.201260 0.875000
vt 2.201260 1.000000
vt 2.201260 0.750000
vt 2.201260 0.625000
vt 2.201260 0.500000
vt 2.201260 0.375000
vt 2.201260 0.250000
vt 2.201260 0.125000
vt 2.201260 0.000000
vt 2.478733 0.875000
vt 2.478733 1.000000
vt 2.478733 0.750000
vt 2.478733 0.625000
vt 2.478733 0.500000
vt 2.478733 0.375000
vt 2.478733 0.250000
vt 2.478733 0.125000
vt 2.478733 0.000000
vt 2.798245 0.875000
vt 2.798245 1.000000
vt 2.798245 0.750000
vt 2.798245 0.625000
vt 2.798245 0.500000
vt 2.798245 0.375000
vt 2.798245 0.250000
vt 2.798245 0.125000
vt 2.798245 0.000000
s 1
f 999/1164/1162 1000/1165/1163 1008/1166/1164 1007/1167/1165
f 1000/1165/1163 1001/1168/1166 1009/1169/1167 1008/1166/1164
f 1001/1168/1166 1002/1170/1168 1010/1171/1169 1009/1169/1167
f 1002/1170/1168 1003/1172/1170 1011/1173/1171 1010/1171/1169
f 1003/1172/1170 1004/1174/1172 1012/1175/1173 1011/1173/1171
f 1004/1174/1172 1005/1176/1174 1013/1177/1175 1012/1175/1173
f 1005/1176/1174 1006/1178/1176 1014/1179/1177 1013/1177/1175
f 1006/1178/1176 999/1180/1162 1007/1181/1165 1014/1179/1177
f 1007/1167/1165 1008/1166/1164 1016/1182/1178 1015/1183/1179
f 1008/1166/1164 1009/1169/1167 1017/1184/1180 1016/1182/1178
f 1009/1169/1167 1010/1171/1169 1018/1185/1181 1017/1184/1180
f 1010/1171/1169 1011/1173/1171 1019/1186/1182 1018/1185/1181
f 1011/1173/1171 1012/1175/1173 1020/1187/1183 1019/1186/1182
f 1012/1175/1173 1013/1177/1175 1021/1188/1184 1020/1187/1183
f 1013/1177/1175 1014/1179/1177 1022/1189/1185 1021/1188/1184
f 1014/1179/1177 1007/1181/1165 1015/1190/1179 1022/1189/1185
f 1015/1183/1179 1016/1182/1178 1024/1191/1186 1023/1192/1187
f 1016/1182/1178 1017/1184/1180 1025/1193/1188 1024/1191/1186
f 1017/1184/1180 1018/1185/1181 1026/1194/1189 1025/1193/1188
f 1018/1185/1181 1019/1186/1182 1027/1195/1190 1026/1194/1189
f 1019/1186/1182 1020/1187/1183 1028/1196/1191 1027/1195/1190
f 1020/1187/1183 1021/1188/1184 1029/1197/1192 1028/1196/1191
f 1021/1188/1184 1022/1189/1185 1030/1198/1193 1029/1197/1192
f 1022/1189/1185 1015/1190/1179 1023/1199/1187 1030/1198/1193
f 1023/1192/1187 1024/1191/1186 1032/1200/1194 1031/1201/1195
f 1024/1191/1186 1025/1193/1188 1033/1202/1196 1032/1200/1194
f 1025/1193/1188 1026/1194/1189 1034/1203/1197 1033/1202/1196
f 1026/1194/1189 1027/1195/1190 1035/1204/1198 1034/1203/1197
f 1027/1195/1190 1028/1196/1191 1036/1205/1199 1035/1204/1198
f 1028/1196/1191 1029/1197/1192 1037/1206/1200 1036/1205/1199
f 1029/1197/1192 1030/1198/1193 1038/1207/1201 1037/1206/1200
f 1030/1198/1193 1023/1199/1187 1031/1208/1195 1038/1207/1201
f 1031/1201/1195 1032/1200/1194 1040/1209/1202 1039/1210/1203
f 1032/1200/1194 1033/1202/1196 1041/1211/1204 1040/1209/1202
f 1033/1202/1196 1034/1203/1197 1042/1212/1205 1041/1211/1204
f 1034/1203/1197 1035/1204/1198 1043/1213/1206 1042/1212/1205
f 1035/1204/1198 1036/1205/1199 1044/1214/1207 1043/1213/1206
f 1036/1205/1199 1037/1206/1200 1045/1215/1208 1044/1214/1207
f 1037/1206/1200 1038/1207/1201 1046/1216/1209 1045/1215/1208
f 1038/1207/1201 1031/1208/1195 1039/1217/1203 1046/1216/1209
f 1039/1210/1203 1040/1209/1202 1048/1218/1210 1047/1219/1211
f 1040/1209/1202 1041/1211/1204 1049/1220/1212 1048/1218/1210
f 1041/1211/1204 1042/1212/1205 1050/1221/1213 1049/1220/1212
f 1042/1212/1205 1043/1213/1206 1051/1222/1214 1050/1221/1213
f 1043/1213/1206 1044/1214/1207 1052/1223/1215 1051/1222/1214
f 1044/1214/1207 1045/1215/1208 1053/1224/1216 1052/1223/1215
f 1045/1215/1208 1046/1216/1209 1054/1225/1217 1053/1224/1216
f 1046/1216/1209 1039/1217/1203 1047/1226/1211 1054/1225/1217
f 1047/1219/1211 1048/1218/1210 1056/1227/1218 1055/1228/1219
f 1048/1218/1210 1049/1220/1212 1057/1229/1220 1056/1227/1218
f 1049/1220/1212 1050/1221/1213 1058/1230/1221 1057/1229/1220
f 1050/1221/1213 1051/1222/1214 1059/1231/1222 1058/1230/1221
f 1051/1222/1214 1052/1223/1215 1060/1232/1223 1059/1231/1222
f 1052/1223/1215 1053/1224/1216 1061/1233/1224 1060/1232/1223
f 1053/1224/1216 1054/1225/1217 1062/1234/1225 1061/1233/1224
f 1054/1225/1217 1047/1226/1211 1055/1235/1219 1062/1234/1225
f 1055/1228/1219 1056/1227/1218 1064/1236/1226 1063/1237/1227
f 1056/1227/1218 1057/1229/1220 1065/1238/1228 1064/1236/1226
f 1057/1229/1220 1058/1230/1221 1066/1239/1229 1065/1238/1228
f 1058/1230/1221 1059/1231/1222 1067/1240/1230 1066/1239/1229
f 1059/1231/1222 1060/1232/1223 1068/1241/1231 1067/1240/1230
f 1060/1232/1223 1061/1233/1224 1069/1242/1232 1068/1241/1231
f 1061/1233/1224 1062/1234/1225 1070/1243/1233 1069/1242/1232
f 1062/1234/1225 1055/1235/1219 1063/1244/1227 1070/1243/1233
f 1063/1237/1227 1064/1236/1226 1072/1245/1234 1071/1246/1235
f 1064/1236/1226 1065/1238/1228 1073/1247/1236 1072/1245/1234
f 1065/1238/1228 1066/1239/1229 1074/1248/1237 1073/1247/1236
f 1066/1239/1229 1067/1240/1230 1075/1249/1238 1074/1248/1237
f 1067/1240/1230 1068/1241/1231 1076/1250/1239 1075/1249/1238
f 1068/1241/1231 1069/1242/1232 1077/1251/1240 1076/1250/1239
f 1069/1242/1232 1070/1243/1233 1078/1252/1241 1077/1251/1240
f 1070/1243/1233 1063/1244/1227 1071/1253/1235 1078/1252/1241
f 1071/1246/1235 1072/1245/1234 1080/1254/1242 1079/1255/1243
f 1072/1245/1234 1073/1247/1236 1081/1256/1244 1080/1254/1242
f 1073/1247/1236 1074/1248/1237 1082/1257/1245 1081/1256/1244
f 1074/1248/1237 1075/1249/1238 1083/1258/1246 1082/1257/1245
f 1075/1249/1238 1076/1250/1239 1084/1259/1247 1083/1258/1246
f 1076/1250/1239 1077/1251/1240 1085/1260/1248 1084/1259/1247
f 1077/1251/1240 1078/1252/1241 1086/1261/1249 1085/1260/1248
f 1078/1252/1241 1071/1253/1235 1079/1262/1243 1086/1261/1249
f 1079/1255/1243 1080/1254/1242 1088/1263/1250 1087/1264/1251
f 1080/1254/1242 1081/1256/1244 1089/1265/1252 1088/1263/1250
f 1081/1256/1244 1082/1257/1245 1090/1266/1253 1089/1265/1252
f 1082/1257/1245 1083/1258/1246 1091/1267/1254 1090/1266/1253
f 1083/1258/1246 1084/1259/1247 1092/1268/1255 1091/1267/1254
f 1084/1259/1247 1085/1260/1248 1093/1269/1256 1092/1268/1255
f 1085/1260/1248 1086/1261/1249 1094/1270/1257 1093/1269/1256
f 1086/1261/1249 1079/1262/1243 1087/1271/1251 1094/1270/1257
f 1087/1264/1251 1088/1263/1250 1096/1272/1258 1095/1273/1259
f 1088/1263/1250 1089/1265/1252 1097/1274/1260 1096/1272/1258
f 1089/1265/1252 1090/1266/1253 1098/1275/1261 1097/1274/1260
f 1090/1266/1253 1091/1267/1254 1099/1276/1262 1098/1275/1261
f 1091/1267/1254 1092/1268/1255 1100/1277/1263 1099/1276/1262
f 1092/1268/1255 1093/1269/1256 1101/1278/1264 1100/1277/1263
f 1093/1269/1256 1094/1270/1257 1102/1279/1265 1101/1278/1264
f 1094/1270/1257 1087/1271/1251 1095/1280/1259 1102/1279/1265
f 1006/1178/1266 1005/1176/1266 1004/1174/1266 1003/1172/1266 1002/1170/1266 1001/1168/1266 1000/1165/1266 999/1180/1266
f 1095/1280/1267 1096/1272/1267 1097/1274/1267 1098/1275/1267 1099/1276/1267 1100/1277/1267 1101/1278/1267 1102/1279/1267
o BézierCurve.013
v -0.160927 14.047525 -1.410869
v -0.226995 13.871162 -1.377063
v -0.393859 13.798111 -1.318483
v -0.563771 13.871162 -1.269444
v -0.637200 14.047525 -1.258672
v -0.571132 14.223888 -1.292478
v -0.404269 14.296940 -1.351059
v -0.234356 14.223888 -1.400098
v -0.250057 14.027216 -1.689695
v -0.323273 13.850769 -1.678843
v -0.493743 13.777676 -1.631845
v -0.661608 13.850751 -1.576231
v -0.728535 14.027190 -1.544580
v -0.655319 14.203636 -1.555432
v -0.484849 14.276730 -1.602430
v -0.316984 14.203654 -1.658044
v -0.314011 14.072053 -1.912586
v -0.401409 13.906301 -1.951306
v -0.578977 13.838558 -1.929117
v -0.742698 13.908509 -1.859017
v -0.796666 14.075177 -1.782069
v -0.709268 14.240930 -1.743348
v -0.531700 14.308672 -1.765537
v -0.367979 14.238721 -1.835638
v -0.356222 14.168920 -2.083487
v -0.456148 14.032415 -2.172890
v -0.639882 13.979071 -2.175652
v -0.799797 14.040135 -2.090153
v -0.842216 14.179839 -1.966479
v -0.742291 14.316343 -1.877075
v -0.558556 14.369688 -1.874314
v -0.398641 14.308623 -1.959812
v -0.379066 14.306294 -2.203556
v -0.486757 14.215846 -2.333300
v -0.674237 14.184717 -2.355519
v -0.831684 14.231144 -2.257199
v -0.866867 14.327929 -2.095934
v -0.759176 14.418378 -1.966191
v -0.571695 14.449507 -1.943971
v -0.414248 14.403080 -2.042291
v -0.384521 14.473462 -2.272895
v -0.494169 14.436921 -2.425387
v -0.682569 14.431140 -2.458303
v -0.839360 14.459503 -2.352360
v -0.872696 14.505397 -2.169620
v -0.763048 14.541938 -2.017128
v -0.574647 14.547719 -1.984212
v -0.417856 14.519356 -2.090154
v -0.374282 14.659220 -2.290421
v -0.481167 14.675843 -2.448253
v -0.668308 14.694286 -2.483602
v -0.826082 14.703744 -2.375761
v -0.862065 14.698677 -2.187901
v -0.755181 14.682054 -2.030069
v -0.568039 14.663610 -1.994720
v -0.410266 14.654153 -2.102562
v -0.350059 14.851455 -2.254740
v -0.450977 14.916337 -2.403795
v -0.635495 14.956000 -2.435285
v -0.795524 14.947210 -2.330763
v -0.837322 14.895116 -2.151456
v -0.736404 14.830234 -2.002401
v -0.551886 14.790570 -1.970912
v -0.391856 14.799360 -2.075434
v -0.313692 15.037521 -2.164694
v -0.406524 15.144164 -2.293617
v -0.587613 15.201538 -2.316568
v -0.750879 15.176035 -2.220103
v -0.800683 15.082594 -2.060729
v -0.707850 14.975951 -1.931806
v -0.526762 14.918577 -1.908854
v -0.363496 14.944080 -2.005320
v -0.267134 15.204574 -2.019426
v -0.350603 15.345027 -2.119011
v -0.527850 15.416273 -2.129926
v -0.695047 15.376575 -2.045777
v -0.754251 15.249188 -1.915858
v -0.670782 15.108735 -1.816272
v -0.493535 15.037489 -1.805357
v -0.326338 15.077187 -1.889506
v -0.212420 15.339700 -1.818375
v -0.286188 15.504296 -1.882235
v -0.459566 15.585170 -1.878903
v -0.630993 15.534945 -1.810332
v -0.700048 15.383044 -1.716688
v -0.626281 15.218448 -1.652828
v -0.452903 15.137574 -1.656160
v -0.281476 15.187799 -1.724732
v -0.151648 15.430049 -1.561262
v -0.216403 15.608253 -1.586991
v -0.386270 15.694427 -1.568805
v -0.561744 15.638091 -1.517358
v -0.640035 15.472247 -1.462785
v -0.575280 15.294044 -1.437056
v -0.405412 15.207870 -1.455242
v -0.229938 15.264205 -1.506690
v -0.087145 15.462882 -1.249047
v -0.147792 15.644241 -1.255558
v -0.316078 15.731631 -1.229969
v -0.493421 15.673860 -1.187269
v -0.575938 15.504769 -1.152471
v -0.515291 15.323410 -1.145960
v -0.347005 15.236020 -1.171549
v -0.169662 15.293792 -1.214249
vn 0.9522 0.0005 -0.3055
vn 0.6860 -0.7072 -0.1713
vn 0.6470 -0.7220 -0.2451
vn 0.9557 -0.0318 -0.2928
vn 0.0187 -0.9980 0.0600
vn -0.0221 -0.9979 -0.0617
vn -0.6585 -0.7072 0.2573
vn -0.6777 -0.7185 0.1562
vn -0.9529 -0.0006 0.3034
vn -0.9573 -0.0312 0.2874
vn -0.6876 0.7070 0.1654
vn -0.6826 0.6872 0.2487
vn -0.0223 0.9972 -0.0717
vn 0.0124 0.9984 0.0546
vn 0.6557 0.7069 -0.2652
vn 0.7021 0.6910 -0.1722
vn 0.5938 -0.6873 -0.4183
vn 0.9609 -0.0420 -0.2738
vn -0.0986 -0.9395 -0.3282
vn -0.7355 -0.6750 -0.0576
vn -0.9683 -0.0290 0.2481
vn -0.6390 0.6492 0.4126
vn 0.0894 0.9416 0.3245
vn 0.7642 0.6441 0.0341
vn 0.5475 -0.5836 -0.5997
vn 0.9643 -0.0544 -0.2592
vn -0.1662 -0.7807 -0.6024
vn -0.7878 -0.5508 -0.2757
vn -0.9779 -0.0103 0.2089
vn -0.5993 0.5498 0.5818
vn 0.1583 0.7822 0.6025
vn 0.8182 0.5209 0.2432
vn 0.5198 -0.4155 -0.7464
vn 0.9664 -0.0653 -0.2488
vn -0.2079 -0.5303 -0.8219
vn -0.8208 -0.3548 -0.4477
vn -0.9831 0.0214 0.1818
vn -0.5719 0.3929 0.7201
vn 0.2019 0.5277 0.8251
vn 0.8501 0.3308 0.4097
vn 0.5145 -0.2141 -0.8303
vn 0.9675 -0.0731 -0.2422
vn -0.2180 -0.2346 -0.9473
vn -0.8298 -0.1260 -0.5436
vn -0.9838 0.0546 0.1708
vn -0.5622 0.2051 0.8011
vn 0.2135 0.2298 0.9495
vn 0.8567 0.1119 0.5035
vn 0.5273 -0.0106 -0.8496
vn 0.9680 -0.0770 -0.2388
vn -0.2020 0.0603 -0.9775
vn -0.8191 0.0979 -0.5653
vn -0.9819 0.0807 0.1711
vn -0.5697 0.0141 0.8217
vn 0.1989 -0.0637 0.9779
vn 0.8445 -0.1011 0.5260
vn 0.5522 0.1787 -0.8144
vn 0.9685 -0.0766 -0.2369
vn -0.1680 0.3303 -0.9288
vn -0.7947 0.2989 -0.5283
vn -0.9795 0.0979 0.1760
vn -0.5903 -0.1653 0.7900
vn 0.1664 -0.3319 0.9285
vn 0.8203 -0.2924 0.4916
vn 0.5855 0.3464 -0.7329
vn 0.9696 -0.0721 -0.2339
vn -0.1218 0.5657 -0.8156
vn -0.7615 0.4709 -0.4454
vn -0.9774 0.1081 0.1817
vn -0.6206 -0.3256 0.7133
vn 0.1215 -0.5663 0.8152
vn 0.7885 -0.4563 0.4124
vn 0.6246 0.4850 -0.6121
vn 0.9716 -0.0655 -0.2274
vn -0.0683 0.7573 -0.6495
vn -0.7234 0.6087 -0.3258
vn -0.9759 0.1129 0.1866
vn -0.6570 -0.4590 0.5981
vn 0.0689 -0.7580 0.6486
vn 0.7520 -0.5879 0.2981
vn 0.6660 0.5854 -0.4624
vn 0.9744 -0.0598 -0.2168
vn -0.0128 0.8949 -0.4461
vn -0.6846 0.7060 -0.1812
vn -0.9752 0.1136 0.1897
vn -0.6952 -0.5568 0.4547
vn 0.0139 -0.8957 0.4445
vn 0.7141 -0.6814 0.1604
vn 0.7055 0.6412 -0.3017
vn 0.9774 -0.0575 -0.2036
vn 0.0386 0.9725 -0.2295
vn -0.6501 0.7593 -0.0285
vn -0.9754 0.1114 0.1901
vn -0.7314 -0.6134 0.2978
vn -0.0379 -0.9738 0.2241
vn 0.6787 -0.7343 0.0134
vn 0.7334 0.6427 -0.2215
vn 0.9774 -0.0838 -0.1939
vn 0.0611 0.9908 -0.1208
vn -0.6467 0.7610 0.0514
vn -0.9777 0.0835 0.1924
vn -0.7344 -0.6434 0.2163
vn -0.0629 -0.9917 0.1123
vn 0.6456 -0.7616 -0.0561
vn 0.3037 0.0684 0.9503
vn 0.2012 0.1023 0.9742
vt 0.000000 1.000000
vt 0.000000 0.875000
vt 0.297129 0.875000
vt 0.297129 1.000000
vt 0.000000 0.750000
vt 0.297129 0.750000
vt 0.000000 0.625000
vt 0.297129 0.625000
vt 0.000000 0.500000
vt 0.297129 0.500000
vt 0.000000 0.375000
vt 0.297129 0.375000
vt 0.000000 0.250000
vt 0.297129 0.250000
vt 0.000000 0.125000
vt 0.297129 0.125000
vt 0.000000 0.000000
vt 0.297129 0.000000
vt 0.541062 0.875000
vt 0.541062 1.000000
vt 0.541062 0.750000
vt 0.541062 0.625000
vt 0.541062 0.500000
vt 0.541062 0.375000
vt 0.541062 0.250000
vt 0.541062 0.125000
vt 0.541062 0.000000
vt 0.749965 0.875000
vt 0.749965 1.000000
vt 0.749965 0.750000
vt 0.749965 0.625000
vt 0.749965 0.500000
vt 0.749965 0.375000
vt 0.749965 0.250000
vt 0.749965 0.125000
vt 0.749965 0.000000
vt 0.941020 0.875000
vt 0.941020 1.000000
vt 0.941020 0.750000
vt 0.941020 0.625000
vt 0.941020 0.500000
vt 0.941020 0.375000
vt 0.941020 0.250000
vt 0.941020 0.125000
vt 0.941020 0.000000
vt 1.127673 0.875000
vt 1.127673 1.000000
vt 1.127673 0.750000
vt 1.127673 0.625000
vt 1.127673 0.500000
vt 1.127673 0.375000
vt 1.127673 0.250000
vt 1.127673 0.125000
vt 1.127673 0.000000
vt 1.318321 0.875000
vt 1.318321 1.000000
vt 1.318321 0.750000
vt 1.318321 0.625000
vt 1.318321 0.500000
vt 1.318321 0.375000
vt 1.318321 0.250000
vt 1.318321 0.125000
vt 1.318321 0.000000
vt 1.517487 0.875000
vt 1.517487 1.000000
vt 1.517487 0.750000
vt 1.517487 0.625000
vt 1.517487 0.500000
vt 1.517487 0.375000
vt 1.517487 0.250000
vt 1.517487 0.125000
vt 1.517487 0.000000
vt 1.728167 0.875000
vt 1.728167 1.000000
vt 1.728167 0.750000
vt 1.728167 0.625000
vt 1.728167 0.500000
vt 1.728167 0.375000
vt 1.728167 0.250000
vt 1.728167 0.125000
vt 1.728167 0.000000
vt 1.954081 0.875000
vt 1.954081 1.000000
vt 1.954081 0.750000
vt 1.954081 0.625000
vt 1.954081 0.500000
vt 1.954081 0.375000
vt 1.954081 0.250000
vt 1.954081 0.125000
vt 1.954081 0.000000
vt 2.201260 0.875000
vt 2.201260 1.000000
vt 2.201260 0.750000
vt 2.201260 0.625000
vt 2.201260 0.500000
vt 2.201260 0.375000
vt 2.201260 0.250000
vt 2.201260 0.125000
vt 2.201260 0.000000
vt 2.478733 0.875000
vt 2.478733 1.000000
vt 2.478733 0.750000
vt 2.478733 0.625000
vt 2.478733 0.500000
vt 2.478733 0.375000
vt 2.478733 0.250000
vt 2.478733 0.125000
vt 2.478733 0.000000
vt 2.798245 0.875000
vt 2.798245 1.000000
vt 2.798245 0.750000
vt 2.798245 0.625000
vt 2.798245 0.500000
vt 2.798245 0.375000
vt 2.798245 0.250000
vt 2.798245 0.125000
vt 2.798245 0.000000
s 1
f 1103/1281/1268 1104/1282/1269 1112/1283/1270 1111/1284/1271
f 1104/1282/1269 1105/1285/1272 1113/1286/1273 1112/1283/1270
f 1105/1285/1272 1106/1287/1274 1114/1288/1275 1113/1286/1273
f 1106/1287/1274 1107/1289/1276 1115/1290/1277 1114/1288/1275
f 1107/1289/1276 1108/1291/1278 1116/1292/1279 1115/1290/1277
f 1108/1291/1278 1109/1293/1280 1117/1294/1281 1116/1292/1279
f 1109/1293/1280 1110/1295/1282 1118/1296/1283 1117/1294/1281
f 1110/1295/1282 1103/1297/1268 1111/1298/1271 1118/1296/1283
f 1111/1284/1271 1112/1283/1270 1120/1299/1284 1119/1300/1285
f 1112/1283/1270 1113/1286/1273 1121/1301/1286 1120/1299/1284
f 1113/1286/1273 1114/1288/1275 1122/1302/1287 1121/1301/1286
f 1114/1288/1275 1115/1290/1277 1123/1303/1288 1122/1302/1287
f 1115/1290/1277 1116/1292/1279 1124/1304/1289 1123/1303/1288
f 1116/1292/1279 1117/1294/1281 1125/1305/1290 1124/1304/1289
f 1117/1294/1281 1118/1296/1283 1126/1306/1291 1125/1305/1290
f 1118/1296/1283 1111/1298/1271 1119/1307/1285 1126/1306/1291
f 1119/1300/1285 1120/1299/1284 1128/1308/1292 1127/1309/1293
f 1120/1299/1284 1121/1301/1286 1129/1310/1294 1128/1308/1292
f 1121/1301/1286 1122/1302/1287 1130/1311/1295 1129/1310/1294
f 1122/1302/1287 1123/1303/1288 1131/1312/1296 1130/1311/1295
f 1123/1303/1288 1124/1304/1289 1132/1313/1297 1131/1312/1296
f 1124/1304/1289 1125/1305/1290 1133/1314/1298 1132/1313/1297
f 1125/1305/1290 1126/1306/1291 1134/1315/1299 1133/1314/1298
f 1126/1306/1291 1119/1307/1285 1127/1316/1293 1134/1315/1299
f 1127/1309/1293 1128/1308/1292 1136/1317/1300 1135/1318/1301
f 1128/1308/1292 1129/1310/1294 1137/1319/1302 1136/1317/1300
f 1129/1310/1294 1130/1311/1295 1138/1320/1303 1137/1319/1302
f 1130/1311/1295 1131/1312/1296 1139/1321/1304 1138/1320/1303
f 1131/1312/1296 1132/1313/1297 1140/1322/1305 1139/1321/1304
f 1132/1313/1297 1133/1314/1298 1141/1323/1306 1140/1322/1305
f 1133/1314/1298 1134/1315/1299 1142/1324/1307 1141/1323/1306
f 1134/1315/1299 1127/1316/1293 1135/1325/1301 1142/1324/1307
f 1135/1318/1301 1136/1317/1300 1144/1326/1308 1143/1327/1309
f 1136/1317/1300 1137/1319/1302 1145/1328/1310 1144/1326/1308
f 1137/1319/1302 1138/1320/1303 1146/1329/1311 1145/1328/1310
f 1138/1320/1303 1139/1321/1304 1147/1330/1312 1146/1329/1311
f 1139/1321/1304 1140/1322/1305 1148/1331/1313 1147/1330/1312
f 1140/1322/1305 1141/1323/1306 1149/1332/1314 1148/1331/1313
f 1141/1323/1306 1142/1324/1307 1150/1333/1315 1149/1332/1314
f 1142/1324/1307 1135/1325/1301 1143/1334/1309 1150/1333/1315
f 1143/1327/1309 1144/1326/1308 1152/1335/1316 1151/1336/1317
f 1144/1326/1308 1145/1328/1310 1153/1337/1318 1152/1335/1316
f 1145/1328/1310 1146/1329/1311 1154/1338/1319 1153/1337/1318
f 1146/1329/1311 1147/1330/1312 1155/1339/1320 1154/1338/1319
f 1147/1330/1312 1148/1331/1313 1156/1340/1321 1155/1339/1320
f 1148/1331/1313 1149/1332/1314 1157/1341/1322 1156/1340/1321
f 1149/1332/1314 1150/1333/1315 1158/1342/1323 1157/1341/1322
f 1150/1333/1315 1143/1334/1309 1151/1343/1317 1158/1342/1323
f 1151/1336/1317 1152/1335/1316 1160/1344/1324 1159/1345/1325
f 1152/1335/1316 1153/1337/1318 1161/1346/1326 1160/1344/1324
f 1153/1337/1318 1154/1338/1319 1162/1347/1327 1161/1346/1326
f 1154/1338/1319 1155/1339/1320 1163/1348/1328 1162/1347/1327
f 1155/1339/1320 1156/1340/1321 1164/1349/1329 1163/1348/1328
f 1156/1340/1321 1157/1341/1322 1165/1350/1330 1164/1349/1329
f 1157/1341/1322 1158/1342/1323 1166/1351/1331 1165/1350/1330
f 1158/1342/1323 1151/1343/1317 1159/1352/1325 1166/1351/1331
f 1159/1345/1325 1160/1344/1324 1168/1353/1332 1167/1354/1333
f 1160/1344/1324 1161/1346/1326 1169/1355/1334 1168/1353/1332
f 1161/1346/1326 1162/1347/1327 1170/1356/1335 1169/1355/1334
f 1162/1347/1327 1163/1348/1328 1171/1357/1336 1170/1356/1335
f 1163/1348/1328 1164/1349/1329 1172/1358/1337 1171/1357/1336
f 1164/1349/1329 1165/1350/1330 1173/1359/1338 1172/1358/1337
f 1165/1350/1330 1166/1351/1331 1174/1360/1339 1173/1359/1338
f 1166/1351/1331 1159/1352/1325 1167/1361/1333 1174/1360/1339
f 1167/1354/1333 1168/1353/1332 1176/1362/1340 1175/1363/1341
f 1168/1353/1332 1169/1355/1334 1177/1364/1342 1176/1362/1340
f 1169/1355/1334 1170/1356/1335 1178/1365/1343 1177/1364/1342
f 1170/1356/1335 1171/1357/1336 1179/1366/1344 1178/1365/1343
f 1171/1357/1336 1172/1358/1337 1180/1367/1345 1179/1366/1344
f 1172/1358/1337 1173/1359/1338 1181/1368/1346 1180/1367/1345
f 1173/1359/1338 1174/1360/1339 1182/1369/1347 1181/1368/1346
f 1174/1360/1339 1167/1361/1333 1175/1370/1341 1182/1369/1347
f 1175/1363/1341 1176/1362/1340 1184/1371/1348 1183/1372/1349
f 1176/1362/1340 1177/1364/1342 1185/1373/1350 1184/1371/1348
f 1177/1364/1342 1178/1365/1343 1186/1374/1351 1185/1373/1350
f 1178/1365/1343 1179/1366/1344 1187/1375/1352 1186/1374/1351
f 1179/1366/1344 1180/1367/1345 1188/1376/1353 1187/1375/1352
f 1180/1367/1345 1181/1368/1346 1189/1377/1354 1188/1376/1353
f 1181/1368/1346 1182/1369/1347 1190/1378/1355 1189/1377/1354
f 1182/1369/1347 1175/1370/1341 1183/1379/1349 1190/1378/1355
f 1183/1372/1349 1184/1371/1348 1192/1380/1356 1191/1381/1357
f 1184/1371/1348 1185/1373/1350 1193/1382/1358 1192/1380/1356
f 1185/1373/1350 1186/1374/1351 1194/1383/1359 1193/1382/1358
f 1186/1374/1351 1187/1375/1352 1195/1384/1360 1194/1383/1359
f 1187/1375/1352 1188/1376/1353 1196/1385/1361 1195/1384/1360
f 1188/1376/1353 1189/1377/1354 1197/1386/1362 1196/1385/1361
f 1189/1377/1354 1190/1378/1355 1198/1387/1363 1197/1386/1362
f 1190/1378/1355 1183/1379/1349 1191/1388/1357 1198/1387/1363
f 1191/1381/1357 1192/1380/1356 1200/1389/1364 1199/1390/1365
f 1192/1380/1356 1193/1382/1358 1201/1391/1366 1200/1389/1364
f 1193/1382/1358 1194/1383/1359 1202/1392/1367 1201/1391/1366
f 1194/1383/1359 1195/1384/1360 1203/1393/1368 1202/1392/1367
f 1195/1384/1360 1196/1385/1361 1204/1394/1369 1203/1393/1368
f 1196/1385/1361 1197/1386/1362 1205/1395/1370 1204/1394/1369
f 1197/1386/1362 1198/1387/1363 1206/1396/1371 1205/1395/1370
f 1198/1387/1363 1191/1388/1357 1199/1397/1365 1206/1396/1371
f 1110/1295/1372 1109/1293/1372 1108/1291/1372 1107/1289/1372 1106/1287/1372 1105/1285/1372 1104/1282/1372 1103/1297/1372
f 1199/1397/1373 1200/1389/1373 1201/1391/1373 1202/1392/1373 1203/1393/1373 1204/1394/1373 1205/1395/1373 1206/1396/1373
o BézierCurve.014
v -1.153527 14.047525 0.828146
v -1.091807 13.871162 0.869360
v -0.959330 13.798111 0.986513
v -0.833698 13.871162 1.110978
v -0.788505 14.047525 1.169846
v -0.850224 14.223888 1.128632
v -0.982701 14.296940 1.011479
v -1.108333 14.223888 0.887014
v -1.353555 14.027216 1.041867
v -1.308395 13.850769 1.100509
v -1.184274 13.777676 1.226457
v -1.053899 13.850751 1.345930
v -0.993642 14.027190 1.388944
v -1.038802 14.203636 1.330301
v -1.162924 14.276730 1.204354
v -1.293299 14.203654 1.084880
v -1.517012 14.072053 1.206343
v -1.508226 13.906301 1.301529
v -1.402309 13.838558 1.445766
v -1.261304 13.908509 1.554560
v -1.167810 14.075177 1.564182
v -1.176596 14.240930 1.468995
v -1.282513 14.308672 1.324759
v -1.423518 14.238721 1.215965
v -1.645668 14.168920 1.326494
v -1.675033 14.032415 1.457322
v -1.587896 13.979071 1.619103
v -1.435301 14.040135 1.717069
v -1.306635 14.179839 1.693833
v -1.277270 14.316343 1.563006
v -1.364407 14.369688 1.401224
v -1.517003 14.308623 1.303258
v -1.739378 14.306294 1.404960
v -1.800183 14.215846 1.562229
v -1.728211 14.184717 1.736765
v -1.565623 14.231144 1.826327
v -1.407661 14.327929 1.778451
v -1.346856 14.418378 1.621182
v -1.418828 14.449507 1.446647
v -1.581416 14.403080 1.357085
v -1.797266 14.473462 1.443518
v -1.876981 14.436921 1.613583
v -1.813900 14.431140 1.794135
v -1.644976 14.459503 1.879410
v -1.469162 14.505397 1.819454
v -1.389447 14.541938 1.649389
v -1.452527 14.547719 1.468837
v -1.621451 14.519356 1.383562
v -1.817559 14.659220 1.443119
v -1.903284 14.675843 1.613374
v -1.842942 14.694286 1.794012
v -1.671880 14.703744 1.879219
v -1.490305 14.698677 1.819082
v -1.404581 14.682054 1.648827
v -1.464923 14.663610 1.468188
v -1.635985 14.654153 1.382981
v -1.798210 14.851455 1.404578
v -1.879178 14.916337 1.565345
v -1.816744 14.956000 1.741812
v -1.647481 14.947210 1.830606
v -1.470541 14.895116 1.779714
v -1.389573 14.830234 1.618947
v -1.452006 14.790570 1.442480
v -1.621269 14.799360 1.353685
v -1.737305 15.037521 1.328936
v -1.804636 15.144164 1.472831
v -1.736418 15.201538 1.642142
v -1.572613 15.176035 1.737689
v -1.409176 15.082594 1.703502
v -1.341846 14.975951 1.559607
v -1.410063 14.918577 1.390296
v -1.573868 14.944080 1.294749
v -1.633150 15.204574 1.217482
v -1.679426 15.345027 1.338901
v -1.602571 15.416273 1.498992
v -1.447605 15.376575 1.603974
v -1.305305 15.249188 1.592351
v -1.259029 15.108735 1.470931
v -1.335884 15.037489 1.310841
v -1.490850 15.077187 1.205858
v -1.484261 15.339700 1.071718
v -1.504070 15.504296 1.167256
v -1.416660 15.585170 1.317024
v -1.273234 15.534945 1.433292
v -1.157810 15.383044 1.447951
v -1.138000 15.218448 1.352414
v -1.225410 15.137574 1.202646
v -1.368836 15.187799 1.086378
v -1.289371 15.430049 0.893341
v -1.280277 15.608253 0.962424
v -1.181608 15.694427 1.101888
v -1.051162 15.638091 1.230036
v -0.965353 15.472247 1.271801
v -0.974447 15.294044 1.202718
v -1.073116 15.207870 1.063255
v -1.203562 15.264205 0.935106
v -1.048185 15.462882 0.684851
v -1.024312 15.644241 0.740982
v -0.919950 15.731631 0.875455
v -0.796231 15.673860 1.009499
v -0.725629 15.504769 1.064593
v -0.749501 15.323410 1.008462
v -0.853864 15.236020 0.873989
v -0.977583 15.293792 0.739945
vn -0.7309 0.0005 -0.6825
vn -0.4839 -0.7072 -0.5155
vn -0.5293 -0.7220 -0.4455
vn -0.7214 -0.0318 -0.6918
vn 0.0433 -0.9980 -0.0456
vn -0.0431 -0.9979 0.0494
vn 0.5456 -0.7072 0.4496
vn 0.4667 -0.7185 0.5156
vn 0.7293 -0.0006 0.6842
vn 0.7175 -0.0312 0.6958
vn 0.4795 0.7070 0.5198
vn 0.5498 0.6872 0.4749
vn -0.0517 0.9972 0.0544
vn 0.0416 0.9984 -0.0374
vn -0.5512 0.7069 -0.4433
vn -0.4925 0.6910 -0.5292
vn -0.6547 -0.6873 -0.3146
vn -0.7074 -0.0420 -0.7056
vn -0.2385 -0.9395 0.2461
vn 0.3082 -0.6750 0.6704
vn 0.6885 -0.0290 0.7246
vn 0.6717 0.6492 0.3569
vn 0.2398 0.9416 -0.2362
vn -0.3427 0.6441 -0.6839
vn -0.7905 -0.5836 -0.1858
vn -0.6963 -0.0544 -0.7157
vn -0.4450 -0.7807 0.4387
vn 0.1432 -0.5508 0.8223
vn 0.6590 -0.0103 0.7521
vn 0.8001 0.5498 0.2398
vn 0.4490 0.7822 -0.4319
vn -0.1864 0.5209 -0.8330
vn -0.9051 -0.4155 -0.0901
vn -0.6882 -0.0653 -0.7226
vn -0.6164 -0.5303 0.5821
vn 0.0091 -0.3548 0.9349
vn 0.6379 0.0214 0.7699
vn 0.9075 0.3929 0.1484
vn 0.6221 0.5277 -0.5784
vn -0.0566 0.3308 -0.9420
vn -0.9758 -0.2141 -0.0446
vn -0.6830 -0.0731 -0.7268
vn -0.7210 -0.2346 0.6521
vn -0.0702 -0.1260 0.9895
vn 0.6286 0.0546 0.7758
vn 0.9736 0.2051 0.1005
vn 0.7251 0.2298 -0.6492
vn 0.0221 0.1119 -0.9935
vn -0.9989 -0.0106 -0.0463
vn -0.6803 -0.0770 -0.7289
vn -0.7551 0.0603 0.6528
vn -0.0944 0.0979 0.9907
vn 0.6280 0.0807 0.7740
vn 0.9952 0.0141 0.0969
vn 0.7570 -0.0637 -0.6503
vn 0.0477 -0.1011 -0.9937
vn -0.9802 0.1787 -0.0852
vn -0.6789 -0.0766 -0.7302
vn -0.7292 0.3303 0.5993
vn -0.0740 0.2989 0.9514
vn 0.6311 0.0979 0.7695
vn 0.9776 -0.1653 0.1304
vn 0.7297 -0.3319 -0.5978
vn 0.0294 -0.2924 -0.9558
vn -0.9253 0.3464 -0.1541
vn -0.6768 -0.0721 -0.7327
vn -0.6528 0.5657 0.5039
vn -0.0178 0.4709 0.8820
vn 0.6351 0.1081 0.7649
vn 0.9253 -0.3256 0.1942
vn 0.6526 -0.5663 -0.5034
vn -0.0242 -0.4563 -0.8895
vn -0.8389 0.4850 -0.2471
vn -0.6721 -0.0655 -0.7376
vn -0.5338 0.7573 0.3762
vn 0.0681 0.6087 0.7905
vn 0.6386 0.1129 0.7612
vn 0.8424 -0.4590 0.2821
vn 0.5328 -0.7580 -0.3763
vn -0.1062 -0.5879 -0.8019
vn -0.7284 0.5854 -0.3561
vn -0.6642 -0.0598 -0.7452
vn -0.3833 0.8949 0.2286
vn 0.1754 0.7060 0.6861
vn 0.6410 0.1136 0.7591
vn 0.7358 -0.5568 0.3854
vn 0.3814 -0.8957 -0.2288
vn -0.2080 -0.6814 -0.7017
vn -0.6073 0.6412 -0.4690
vn -0.6541 -0.0575 -0.7542
vn -0.2193 0.9725 0.0781
vn 0.2920 0.7593 0.5815
vn 0.6414 0.1114 0.7591
vn 0.6165 -0.6134 0.4935
vn 0.2141 -0.9738 -0.0762
vn -0.3191 -0.7343 -0.5992
vn -0.5509 0.6427 -0.5324
vn -0.6457 -0.0838 -0.7590
vn -0.1353 0.9908 0.0055
vn 0.3601 0.7610 0.5397
vn 0.6446 0.0835 0.7600
vn 0.5468 -0.6434 0.5358
vn 0.1287 -0.9917 0.0002
vn -0.3636 -0.7616 -0.5364
vn 0.6818 0.0684 -0.7283
vn 0.7526 0.1023 -0.6505
vt 0.000000 1.000000
vt 0.000000 0.875000
vt 0.297129 0.875000
vt 0.297129 1.000000
vt 0.000000 0.750000
vt 0.297129 0.750000
vt 0.000000 0.625000
vt 0.297129 0.625000
vt 0.000000 0.500000
vt 0.297129 0.500000
vt 0.000000 0.375000
vt 0.297129 0.375000
vt 0.000000 0.250000
vt 0.297129 0.250000
vt 0.000000 0.125000
vt 0.297129 0.125000
vt 0.000000 0.000000
vt 0.297129 0.000000
vt 0.541062 0.875000
vt 0.541062 1.000000
vt 0.541062 0.750000
vt 0.541062 0.625000
vt 0.541062 0.500000
vt 0.541062 0.375000
vt 0.541062 0.250000
vt 0.541062 0.125000
vt 0.541062 0.000000
vt 0.749965 0.875000
vt 0.749965 1.000000
vt 0.749965 0.750000
vt 0.749965 0.625000
vt 0.749965 0.500000
vt 0.749965 0.375000
vt 0.749965 0.250000
vt 0.749965 0.125000
vt 0.749965 0.000000
vt 0.941020 0.875000
vt 0.941020 1.000000
vt 0.941020 0.750000
vt 0.941020 0.625000
vt 0.941020 0.500000
vt 0.941020 0.375000
vt 0.941020 0.250000
vt 0.941020 0.125000
vt 0.941020 0.000000
vt 1.127673 0.875000
vt 1.127673 1.000000
vt 1.127673 0.750000
vt 1.127673 0.625000
vt 1.127673 0.500000
vt 1.127673 0.375000
vt 1.127673 0.250000
vt 1.127673 0.125000
vt 1.127673 0.000000
vt 1.318321 0.875000
vt 1.318321 1.000000
vt 1.318321 0.750000
vt 1.318321 0.625000
vt 1.318321 0.500000
vt 1.318321 0.375000
vt 1.318321 0.250000
vt 1.318321 0.125000
vt 1.318321 0.000000
vt 1.517487 0.875000
vt 1.517487 1.000000
vt 1.517487 0.750000
vt 1.517487 0.625000
vt 1.517487 0.500000
vt 1.517487 0.375000
vt 1.517487 0.250000
vt 1.517487 0.125000
vt 1.517487 0.000000
vt 1.728167 0.875000
vt 1.728167 1.000000
vt 1.728167 0.750000
vt 1.728167 0.625000
vt 1.728167 0.500000
vt 1.728167 0.375000
vt 1.728167 0.250000
vt 1.728167 0.125000
vt 1.728167 0.000000
vt 1.954081 0.875000
vt 1.954081 1.000000
vt 1.954081 0.750000
vt 1.954081 0.625000
vt 1.954081 0.500000
vt 1.954081 0.375000
vt 1.954081 0.250000
vt 1.954081 0.125000
vt 1.954081 0.000000
vt 2.201260 0.875000
vt 2.201260 1.000000
vt 2.201260 0.750000
vt 2.201260 0.625000
vt 2.201260 0.500000
vt 2.201260 0.375000
vt 2.201260 0.250000
vt 2.201260 0.125000
vt 2.201260 0.000000
vt 2.478733 0.875000
vt 2.478733 1.000000
vt 2.478733 0.750000
vt 2.478733 0.625000
vt 2.478733 0.500000
vt 2.478733 0.375000
vt 2.478733 0.250000
vt 2.478733 0.125000
vt 2.478733 0.000000
vt 2.798245 0.875000
vt 2.798245 1.000000
vt 2.798245 0.750000
vt 2.798245 0.625000
vt 2.798245 0.500000
vt 2.798245 0.375000
vt 2.798245 0.250000
vt 2.798245 0.125000
vt 2.798245 0.000000
s 1
f 1207/1398/1374 1208/1399/1375 1216/1400/1376 1215/1401/1377
f 1208/1399/1375 1209/1402/1378 1217/1403/1379 1216/1400/1376
f 1209/1402/1378 1210/1404/1380 1218/1405/1381 1217/1403/1379
f 1210/1404/1380 1211/1406/1382 1219/1407/1383 1218/1405/1381
f 1211/1406/1382 1212/1408/1384 1220/1409/1385 1219/1407/1383
f 1212/1408/1384 1213/1410/1386 1221/1411/1387 1220/1409/1385
f 1213/1410/1386 1214/1412/1388 1222/1413/1389 1221/1411/1387
f 1214/1412/1388 1207/1414/1374 1215/1415/1377 1222/1413/1389
f 1215/1401/1377 1216/1400/1376 1224/1416/1390 1223/1417/1391
f 1216/1400/1376 1217/1403/1379 1225/1418/1392 1224/1416/1390
f 1217/1403/1379 1218/1405/1381 1226/1419/1393 1225/1418/1392
f 1218/1405/1381 1219/1407/1383 1227/1420/1394 1226/1419/1393
f 1219/1407/1383 1220/1409/1385 1228/1421/1395 1227/1420/1394
f 1220/1409/1385 1221/1411/1387 1229/1422/1396 1228/1421/1395
f 1221/1411/1387 1222/1413/1389 1230/1423/1397 1229/1422/1396
f 1222/1413/1389 1215/1415/1377 1223/1424/1391 1230/1423/1397
f 1223/1417/1391 1224/1416/1390 1232/1425/1398 1231/1426/1399
f 1224/1416/1390 1225/1418/1392 1233/1427/1400 1232/1425/1398
f 1225/1418/1392 1226/1419/1393 1234/1428/1401 1233/1427/1400
f 1226/1419/1393 1227/1420/1394 1235/1429/1402 1234/1428/1401
f 1227/1420/1394 1228/1421/1395 1236/1430/1403 1235/1429/1402
f 1228/1421/1395 1229/1422/1396 1237/1431/1404 1236/1430/1403
f 1229/1422/1396 1230/1423/1397 1238/1432/1405 1237/1431/1404
f 1230/1423/1397 1223/1424/1391 1231/1433/1399 1238/1432/1405
f 1231/1426/1399 1232/1425/1398 1240/1434/1406 1239/1435/1407
f 1232/1425/1398 1233/1427/1400 1241/1436/1408 1240/1434/1406
f 1233/1427/1400 1234/1428/1401 1242/1437/1409 1241/1436/1408
f 1234/1428/1401 1235/1429/1402 1243/1438/1410 1242/1437/1409
f 1235/1429/1402 1236/1430/1403 1244/1439/1411 1243/1438/1410
f 1236/1430/1403 1237/1431/1404 1245/1440/1412 1244/1439/1411
f 1237/1431/1404 1238/1432/1405 1246/1441/1413 1245/1440/1412
f 1238/1432/1405 1231/1433/1399 1239/1442/1407 1246/1441/1413
f 1239/1435/1407 1240/1434/1406 1248/1443/1414 1247/1444/1415
f 1240/1434/1406 1241/1436/1408 1249/1445/1416 1248/1443/1414
f 1241/1436/1408 1242/1437/1409 1250/1446/1417 1249/1445/1416
f 1242/1437/1409 1243/1438/1410 1251/1447/1418 1250/1446/1417
f 1243/1438/1410 1244/1439/1411 1252/1448/1419 1251/1447/1418
f 1244/1439/1411 1245/1440/1412 1253/1449/1420 1252/1448/1419
f 1245/1440/1412 1246/1441/1413 1254/1450/1421 1253/1449/1420
f 1246/1441/1413 1239/1442/1407 1247/1451/1415 1254/1450/1421
f 1247/1444/1415 1248/1443/1414 1256/1452/1422 1255/1453/1423
f 1248/1443/1414 1249/1445/1416 1257/1454/1424 1256/1452/1422
f 1249/1445/1416 1250/1446/1417 1258/1455/1425 1257/1454/1424
f 1250/1446/1417 1251/1447/1418 1259/1456/1426 1258/1455/1425
f 1251/1447/1418 1252/1448/1419 1260/1457/1427 1259/1456/1426
f 1252/1448/1419 1253/1449/1420 1261/1458/1428 1260/1457/1427
f 1253/1449/1420 1254/1450/1421 1262/1459/1429 1261/1458/1428
f 1254/1450/1421 1247/1451/1415 1255/1460/1423 1262/1459/1429
f 1255/1453/1423 1256/1452/1422 1264/1461/1430 1263/1462/1431
f 1256/1452/1422 1257/1454/1424 1265/1463/1432 1264/1461/1430
f 1257/1454/1424 1258/1455/1425 1266/1464/1433 1265/1463/1432
f 1258/1455/1425 1259/1456/1426 1267/1465/1434 1266/1464/1433
f 1259/1456/1426 1260/1457/1427 1268/1466/1435 1267/1465/1434
f 1260/1457/1427 1261/1458/1428 1269/1467/1436 1268/1466/1435
f 1261/1458/1428 1262/1459/1429 1270/1468/1437 1269/1467/1436
f 1262/1459/1429 1255/1460/1423 1263/1469/1431 1270/1468/1437
f 1263/1462/1431 1264/1461/1430 1272/1470/1438 1271/1471/1439
f 1264/1461/1430 1265/1463/1432 1273/1472/1440 1272/1470/1438
f 1265/1463/1432 1266/1464/1433 1274/1473/1441 1273/1472/1440
f 1266/1464/1433 1267/1465/1434 1275/1474/1442 1274/1473/1441
f 1267/1465/1434 1268/1466/1435 1276/1475/1443 1275/1474/1442
f 1268/1466/1435 1269/1467/1436 1277/1476/1444 1276/1475/1443
f 1269/1467/1436 1270/1468/1437 1278/1477/1445 1277/1476/1444
f 1270/1468/1437 1263/1469/1431 1271/1478/1439 1278/1477/1445
f 1271/1471/1439 1272/1470/1438 1280/1479/1446 1279/1480/1447
f 1272/1470/1438 1273/1472/1440 1281/1481/1448 1280/1479/1446
f 1273/1472/1440 1274/1473/1441 1282/1482/1449 1281/1481/1448
f 1274/1473/1441 1275/1474/1442 1283/1483/1450 1282/1482/1449
f 1275/1474/1442 1276/1475/1443 1284/1484/1451 1283/1483/1450
f 1276/1475/1443 1277/1476/1444 1285/1485/1452 1284/1484/1451
f 1277/1476/1444 1278/1477/1445 1286/1486/1453 1285/1485/1452
f 1278/1477/1445 1271/1478/1439 1279/1487/1447 1286/1486/1453
f 1279/1480/1447 1280/1479/1446 1288/1488/1454 1287/1489/1455
f 1280/1479/1446 1281/1481/1448 1289/1490/1456 1288/1488/1454
f 1281/1481/1448 1282/1482/1449 1290/1491/1457 1289/1490/1456
f 1282/1482/1449 1283/1483/1450 1291/1492/1458 1290/1491/1457
f 1283/1483/1450 1284/1484/1451 1292/1493/1459 1291/1492/1458
f 1284/1484/1451 1285/1485/1452 1293/1494/1460 1292/1493/1459
f 1285/1485/1452 1286/1486/1453 1294/1495/1461 1293/1494/1460
f 1286/1486/1453 1279/1487/1447 1287/1496/1455 1294/1495/1461
f 1287/1489/1455 1288/1488/1454 1296/1497/1462 1295/1498/1463
f 1288/1488/1454 1289/1490/1456 1297/1499/1464 1296/1497/1462
f 1289/1490/1456 1290/1491/1457 1298/1500/1465 1297/1499/1464
f 1290/1491/1457 1291/1492/1458 1299/1501/1466 1298/1500/1465
f 1291/1492/1458 1292/1493/1459 1300/1502/1467 1299/1501/1466
f 1292/1493/1459 1293/1494/1460 1301/1503/1468 1300/1502/1467
f 1293/1494/1460 1294/1495/1461 1302/1504/1469 1301/1503/1468
f 1294/1495/1461 1287/1496/1455 1295/1505/1463 1302/1504/1469
f 1295/1498/1463 1296/1497/1462 1304/1506/1470 1303/1507/1471
f 1296/1497/1462 1297/1499/1464 1305/1508/1472 1304/1506/1470
f 1297/1499/1464 1298/1500/1465 1306/1509/1473 1305/1508/1472
f 1298/1500/1465 1299/1501/1466 1307/1510/1474 1306/1509/1473
f 1299/1501/1466 1300/1502/1467 1308/1511/1475 1307/1510/1474
f 1300/1502/1467 1301/1503/1468 1309/1512/1476 1308/1511/1475
f 1301/1503/1468 1302/1504/1469 1310/1513/1477 1309/1512/1476
f 1302/1504/1469 1295/1505/1463 1303/1514/1471 1310/1513/1477
f 1214/1412/1478 1213/1410/1478 1212/1408/1478 1211/1406/1478 1210/1404/1478 1209/1402/1478 1208/1399/1478 1207/1414/1478
f 1303/1514/1479 1304/1506/1479 1305/1508/1479 1306/1509/1479 1307/1510/1479 1308/1511/1479 1309/1512/1479 1310/1513/1479
o BézierCurve.015
v -1.297267 14.047525 -0.577537
v -1.301678 13.871162 -0.503453
v -1.335910 13.798111 -0.329950
v -1.379910 13.871162 -0.158664
v -1.407904 14.047525 -0.089931
v -1.403493 14.223888 -0.164015
v -1.369261 14.296940 -0.337517
v -1.325260 14.223888 -0.508804
v -1.582742 14.027216 -0.642282
v -1.610558 13.850769 -0.573692
v -1.656600 13.777676 -0.402961
v -1.693896 13.850751 -0.230101
v -1.700599 14.027190 -0.156371
v -1.672783 14.203636 -0.224962
v -1.626741 14.276730 -0.395693
v -1.589445 14.203654 -0.568553
v -1.807244 14.072053 -0.700325
v -1.884970 13.906301 -0.644680
v -1.955990 13.838558 -0.480428
v -1.978701 13.908509 -0.303785
v -1.939800 14.075177 -0.218226
v -1.862074 14.240930 -0.273871
v -1.791054 14.308672 -0.438124
v -1.768343 14.238721 -0.614767
v -1.975917 14.168920 -0.750710
v -2.103669 14.032415 -0.710000
v -2.199316 13.979071 -0.553099
v -2.206828 14.040135 -0.371919
v -2.121806 14.179839 -0.272592
v -1.994053 14.316343 -0.313302
v -1.898407 14.369688 -0.470203
v -1.890894 14.308623 -0.651383
v -2.090962 14.306294 -0.791978
v -2.257412 14.215846 -0.765054
v -2.371726 14.184717 -0.614804
v -2.366939 14.231144 -0.429242
v -2.245855 14.327929 -0.317068
v -2.079405 14.418378 -0.343992
v -1.965091 14.449507 -0.494242
v -1.969879 14.403080 -0.679804
v -2.153472 14.473462 -0.822476
v -2.340516 14.436921 -0.805414
v -2.464511 14.431140 -0.659801
v -2.452824 14.459503 -0.470934
v -2.312300 14.505397 -0.349450
v -2.125257 14.541938 -0.366512
v -2.001261 14.547719 -0.512125
v -2.012948 14.519356 -0.700992
v -2.163374 14.659220 -0.840195
v -2.353616 14.675843 -0.828224
v -2.479069 14.694286 -0.684930
v -2.466245 14.703744 -0.494253
v -2.322655 14.698677 -0.367889
v -2.132413 14.682054 -0.379860
v -2.006960 14.663610 -0.523153
v -2.019785 14.654153 -0.713830
v -2.120337 14.851455 -0.842953
v -2.299988 14.916337 -0.831667
v -2.420784 14.956000 -0.688675
v -2.411964 14.947210 -0.497739
v -2.278695 14.895116 -0.370707
v -2.099043 14.830234 -0.381992
v -1.978247 14.790570 -0.524984
v -1.987067 14.799360 -0.715921
v -2.024293 15.037521 -0.828575
v -2.182495 15.144164 -0.814037
v -2.294194 15.201538 -0.669666
v -2.293959 15.176035 -0.480031
v -2.181927 15.082594 -0.356219
v -2.023725 14.975951 -0.370758
v -1.912026 14.918577 -0.515129
v -1.912261 14.944080 -0.704764
v -1.875500 15.204574 -0.794948
v -2.003671 15.345027 -0.773584
v -2.103050 15.416273 -0.626413
v -2.115422 15.376575 -0.439644
v -2.033539 15.249188 -0.322684
v -1.905367 15.108735 -0.344047
v -1.805988 15.037489 -0.491219
v -1.793617 15.077187 -0.677988
v -1.674505 15.339700 -0.740030
v -1.766971 15.504296 -0.708890
v -1.852111 15.585170 -0.557820
v -1.880051 15.534945 -0.375314
v -1.834424 15.383044 -0.268281
v -1.741958 15.218448 -0.299421
v -1.656818 15.137574 -0.450492
v -1.628878 15.187799 -0.632998
v -1.422132 15.430049 -0.661874
v -1.477170 15.608253 -0.619143
v -1.547730 15.694427 -0.463557
v -1.592479 15.638091 -0.286257
v -1.585202 15.472247 -0.191101
v -1.530164 15.294044 -0.233832
v -1.459604 15.207870 -0.389418
v -1.414855 15.264205 -0.566719
v -1.120390 15.462882 -0.558962
v -1.156786 15.644241 -0.510014
v -1.220165 15.731631 -0.352034
v -1.273399 15.673860 -0.177562
v -1.285305 15.504769 -0.088803
v -1.248909 15.323410 -0.137751
v -1.185531 15.236020 -0.295731
v -1.132297 15.293792 -0.470203
vn 0.2201 0.0005 -0.9755
vn 0.2007 -0.7072 -0.6780
vn 0.1172 -0.7220 -0.6818
vn 0.2329 -0.0318 -0.9720
vn 0.0612 -0.9980 0.0144
vn -0.0644 -0.9979 -0.0123
vn -0.1126 -0.7072 0.6980
vn -0.2094 -0.7185 0.6632
vn -0.2223 -0.0006 0.9750
vn -0.2383 -0.0312 0.9707
vn -0.2066 0.7070 0.6764
vn -0.1323 0.6872 0.7144
vn -0.0731 0.9972 -0.0172
vn 0.0533 0.9984 0.0170
vn 0.1043 0.7069 -0.6996
vn 0.2081 0.6910 -0.6923
vn -0.0590 -0.6873 -0.7240
vn 0.2518 -0.0420 -0.9669
vn -0.3328 -0.9395 -0.0816
vn -0.4230 -0.6750 0.6045
vn -0.2778 -0.0290 0.9602
vn 0.0311 0.6492 0.7600
vn 0.3250 0.9416 0.0877
vn 0.4173 0.6441 -0.6411
vn -0.2388 -0.5836 -0.7761
vn 0.2662 -0.0544 -0.9624
vn -0.6034 -0.7807 -0.1626
vn -0.6375 -0.5508 0.5388
vn -0.3164 -0.0103 0.9486
vn 0.1970 0.5498 0.8117
vn 0.5995 0.7822 0.1695
vn 0.6249 0.5209 -0.5815
vn -0.3792 -0.4155 -0.8268
vn 0.2762 -0.0653 -0.9589
vn -0.8137 -0.5303 -0.2381
vn -0.8024 -0.3548 0.4799
vn -0.3424 0.0214 0.9393
vn 0.3302 0.3929 0.8583
vn 0.8134 0.5277 0.2449
vn 0.7845 0.3308 -0.5244
vn -0.4542 -0.2141 -0.8648
vn 0.2825 -0.0731 -0.9565
vn -0.9269 -0.2346 -0.2931
vn -0.8896 -0.1260 0.4390
vn -0.3522 0.0546 0.9343
vn 0.4048 0.2051 0.8911
vn 0.9265 0.2298 0.2981
vn 0.8687 0.1119 -0.4825
vn -0.4644 -0.0106 -0.8856
vn 0.2856 -0.0770 -0.9552
vn -0.9448 0.0603 -0.3222
vn -0.9028 0.0979 0.4187
vn -0.3510 0.0807 0.9329
vn 0.4188 0.0141 0.9080
vn 0.9435 -0.0637 0.3250
vn 0.8818 -0.1011 -0.4606
vn -0.4214 0.1787 -0.8891
vn 0.2875 -0.0766 -0.9547
vn -0.8855 0.3303 -0.3268
vn -0.8586 0.2989 0.4165
vn -0.3456 0.0979 0.9333
vn 0.3810 -0.1653 0.9097
vn 0.8845 -0.3319 0.3280
vn 0.8399 -0.2924 -0.4572
vn -0.3342 0.3464 -0.8765
vn 0.2907 -0.0721 -0.9541
vn -0.7645 0.5657 -0.3090
vn -0.7703 0.4709 0.4300
vn -0.3396 0.1081 0.9344
vn 0.2996 -0.3256 0.8968
vn 0.7640 -0.5663 0.3091
vn 0.7556 -0.4563 -0.4700
vn -0.2103 0.4850 -0.8488
vn 0.2973 -0.0655 -0.9525
vn -0.5943 0.7573 -0.2708
vn -0.6479 0.6087 0.4579
vn -0.3346 0.1129 0.9356
vn 0.1818 -0.4590 0.8696
vn 0.5938 -0.7580 0.2699
vn 0.6386 -0.5879 -0.4966
vn -0.0604 0.5854 -0.8085
vn 0.3079 -0.0598 -0.9496
vn -0.3909 0.8949 -0.2155
vn -0.5036 0.7060 0.4979
vn -0.3316 0.1136 0.9366
vn 0.0388 -0.5568 0.8297
vn 0.3901 -0.8957 0.2137
vn 0.5006 -0.6814 -0.5338
vn 0.0982 0.6412 -0.7610
vn 0.3207 -0.0575 -0.9454
vn -0.1782 0.9725 -0.1498
vn -0.3545 0.7593 0.5457
vn -0.3314 0.1114 0.9369
vn -0.1147 -0.6134 0.7814
vn 0.1739 -0.9738 0.1464
vn 0.3561 -0.7343 -0.5779
vn 0.1814 0.6427 -0.7443
vn 0.3291 -0.0838 -0.9406
vn -0.0730 0.9908 -0.1140
vn -0.2840 0.7610 0.5833
vn -0.3305 0.0835 0.9401
vn -0.1864 -0.6434 0.7425
vn 0.0648 -0.9917 0.1112
vn 0.2794 -0.7616 -0.5847
vn 0.9729 0.0684 0.2208
vn 0.9415 0.1023 0.3211
vt 0.000000 1.000000
vt 0.000000 0.875000
vt 0.297129 0.875000
vt 0.297129 1.000000
vt 0.000000 0.750000
vt 0.297129 0.750000
vt 0.000000 0.625000
vt 0.297129 0.625000
vt 0.000000 0.500000
vt 0.297129 0.500000
vt 0.000000 0.375000
vt 0.297129 0.375000
vt 0.000000 0.250000
vt 0.297129 0.250000
vt 0.000000 0.125000
vt 0.297129 0.125000
vt 0.000000 0.000000
vt 0.297129 0.000000
vt 0.541062 0.875000
vt 0.541062 1.000000
vt 0.541062 0.750000
vt 0.541062 0.625000
vt 0.541062 0.500000
vt 0.541062 0.375000
vt 0.541062 0.250000
vt 0.541062 0.125000
vt 0.541062 0.000000
vt 0.749965 0.875000
vt 0.749965 1.000000
vt 0.749965 0.750000
vt 0.749965 0.625000
vt 0.749965 0.500000
vt 0.749965 0.375000
vt 0.749965 0.250000
vt 0.749965 0.125000
vt 0.749965 0.000000
vt 0.941020 0.875000
vt 0.941020 1.000000
vt 0.941020 0.750000
vt 0.941020 0.625000
vt 0.941020 0.500000
vt 0.941020 0.375000
vt 0.941020 0.250000
vt 0.941020 0.125000
vt 0.941020 0.000000
vt 1.127673 0.875000
vt 1.127673 1.000000
vt 1.127673 0.750000
vt 1.127673 0.625000
vt 1.127673 0.500000
vt 1.127673 0.375000
vt 1.127673 0.250000
vt 1.127673 0.125000
vt 1.127673 0.000000
vt 1.318321 0.875000
vt 1.318321 1.000000
vt 1.318321 0.750000
vt 1.318321 0.625000
vt 1.318321 0.500000
vt 1.318321 0.375000
vt 1.318321 0.250000
vt 1.318321 0.125000
vt 1.318321 0.000000
vt 1.517487 0.875000
vt 1.517487 1.000000
vt 1.517487 0.750000
vt 1.517487 0.625000
vt 1.517487 0.500000
vt 1.517487 0.375000
vt 1.517487 0.250000
vt 1.517487 0.125000
vt 1.517487 0.000000
vt 1.728167 0.875000
vt 1.728167 1.000000
vt 1.728167 0.750000
vt 1.728167 0.625000
vt 1.728167 0.500000
vt 1.728167 0.375000
vt 1.728167 0.250000
vt 1.728167 0.125000
vt 1.728167 0.000000
vt 1.954081 0.875000
vt 1.954081 1.000000
vt 1.954081 0.750000
vt 1.954081 0.625000
vt 1.954081 0.500000
vt 1.954081 0.375000
vt 1.954081 0.250000
vt 1.954081 0.125000
vt 1.954081 0.000000
vt 2.201260 0.875000
vt 2.201260 1.000000
vt 2.201260 0.750000
vt 2.201260 0.625000
vt 2.201260 0.500000
vt 2.201260 0.375000
vt 2.201260 0.250000
vt 2.201260 0.125000
vt 2.201260 0.000000
vt 2.478733 0.875000
vt 2.478733 1.000000
vt 2.478733 0.750000
vt 2.478733 0.625000
vt 2.478733 0.500000
vt 2.478733 0.375000
vt 2.478733 0.250000
vt 2.478733 0.125000
vt 2.478733 0.000000
vt 2.798245 0.875000
vt 2.798245 1.000000
vt 2.798245 0.750000
vt 2.798245 0.625000
vt 2.798245 0.500000
vt 2.798245 0.375000
vt 2.798245 0.250000
vt 2.798245 0.125000
vt 2.798245 0.000000
s 1
f 1311/1515/1480 1312/1516/1481 1320/1517/1482 1319/1518/1483
f 1312/1516/1481 1313/1519/1484 1321/1520/1485 1320/1517/1482
f 1313/1519/1484 1314/1521/1486 1322/1522/1487 1321/1520/1485
f 1314/1521/1486 1315/1523/1488 1323/1524/1489 1322/1522/1487
f 1315/1523/1488 1316/1525/1490 1324/1526/1491 1323/1524/1489
f 1316/1525/1490 1317/1527/1492 1325/1528/1493 1324/1526/1491
f 1317/1527/1492 1318/1529/1494 1326/1530/1495 1325/1528/1493
f 1318/1529/1494 1311/1531/1480 1319/1532/1483 1326/1530/1495
f 1319/1518/1483 1320/1517/1482 1328/1533/1496 1327/1534/1497
f 1320/1517/1482 1321/1520/1485 1329/1535/1498 1328/1533/1496
f 1321/1520/1485 1322/1522/1487 1330/1536/1499 1329/1535/1498
f 1322/1522/1487 1323/1524/1489 1331/1537/1500 1330/1536/1499
f 1323/1524/1489 1324/1526/1491 1332/1538/1501 1331/1537/1500
f 1324/1526/1491 1325/1528/1493 1333/1539/1502 1332/1538/1501
f 1325/1528/1493 1326/1530/1495 1334/1540/1503 1333/1539/1502
f 1326/1530/1495 1319/1532/1483 1327/1541/1497 1334/1540/1503
f 1327/1534/1497 1328/1533/1496 1336/1542/1504 1335/1543/1505
f 1328/1533/1496 1329/1535/1498 1337/1544/1506 1336/1542/1504
f 1329/1535/1498 1330/1536/1499 1338/1545/1507 1337/1544/1506
f 1330/1536/1499 1331/1537/1500 1339/1546/1508 1338/1545/1507
f 1331/1537/1500 1332/1538/1501 1340/1547/1509 1339/1546/1508
f 1332/1538/1501 1333/1539/1502 1341/1548/1510 1340/1547/1509
f 1333/1539/1502 1334/1540/1503 1342/1549/1511 1341/1548/1510
f 1334/1540/1503 1327/1541/1497 1335/1550/1505 1342/1549/1511
f 1335/1543/1505 1336/1542/1504 1344/1551/1512 1343/1552/1513
f 1336/1542/1504 1337/1544/1506 1345/1553/1514 1344/1551/1512
f 1337/1544/1506 1338/1545/1507 1346/1554/1515 1345/1553/1514
f 1338/1545/1507 1339/1546/1508 1347/1555/1516 1346/1554/1515
f 1339/1546/1508 1340/1547/1509 1348/1556/1517 1347/1555/1516
f 1340/1547/1509 1341/1548/1510 1349/1557/1518 1348/1556/1517
f 1341/1548/1510 1342/1549/1511 1350/1558/1519 1349/1557/1518
f 1342/1549/1511 1335/1550/1505 1343/1559/1513 1350/1558/1519
f 1343/1552/1513 1344/1551/1512 1352/1560/1520 1351/1561/1521
f 1344/1551/1512 1345/1553/1514 1353/1562/1522 1352/1560/1520
f 1345/1553/1514 1346/1554/1515 1354/1563/1523 1353/1562/1522
f 1346/1554/1515 1347/1555/1516 1355/1564/1524 1354/1563/1523
f 1347/1555/1516 1348/1556/1517 1356/1565/1525 1355/1564/1524
f 1348/1556/1517 1349/1557/1518 1357/1566/1526 1356/1565/1525
f 1349/1557/1518 1350/1558/1519 1358/1567/1527 1357/1566/1526
f 1350/1558/1519 1343/1559/1513 1351/1568/1521 1358/1567/1527
f 1351/1561/1521 1352/1560/1520 1360/1569/1528 1359/1570/1529
f 1352/1560/1520 1353/1562/1522 1361/1571/1530 1360/1569/1528
f 1353/1562/1522 1354/1563/1523 1362/1572/1531 1361/1571/1530
f 1354/1563/1523 1355/1564/1524 1363/1573/1532 1362/1572/1531
f 1355/1564/1524 1356/1565/1525 1364/1574/1533 1363/1573/1532
f 1356/1565/1525 1357/1566/1526 1365/1575/1534 1364/1574/1533
f 1357/1566/1526 1358/1567/1527 1366/1576/1535 1365/1575/1534
f 1358/1567/1527 1351/1568/1521 1359/1577/1529 1366/1576/1535
f 1359/1570/1529 1360/1569/1528 1368/1578/1536 1367/1579/1537
f 1360/1569/1528 1361/1571/1530 1369/1580/1538 1368/1578/1536
f 1361/1571/1530 1362/1572/1531 1370/1581/1539 1369/1580/1538
f 1362/1572/1531 1363/1573/1532 1371/1582/1540 1370/1581/1539
f 1363/1573/1532 1364/1574/1533 1372/1583/1541 1371/1582/1540
f 1364/1574/1533 1365/1575/1534 1373/1584/1542 1372/1583/1541
f 1365/1575/1534 1366/1576/1535 1374/1585/1543 1373/1584/1542
f 1366/1576/1535 1359/1577/1529 1367/1586/1537 1374/1585/1543
f 1367/1579/1537 1368/1578/1536 1376/1587/1544 1375/1588/1545
f 1368/1578/1536 1369/1580/1538 1377/1589/1546 1376/1587/1544
f 1369/1580/1538 1370/1581/1539 1378/1590/1547 1377/1589/1546
f 1370/1581/1539 1371/1582/1540 1379/1591/1548 1378/1590/1547
f 1371/1582/1540 1372/1583/1541 1380/1592/1549 1379/1591/1548
f 1372/1583/1541 1373/1584/1542 1381/1593/1550 1380/1592/1549
f 1373/1584/1542 1374/1585/1543 1382/1594/1551 1381/1593/1550
f 1374/1585/1543 1367/1586/1537 1375/1595/1545 1382/1594/1551
f 1375/1588/1545 1376/1587/1544 1384/1596/1552 1383/1597/1553
f 1376/1587/1544 1377/1589/1546 1385/1598/1554 1384/1596/1552
f 1377/1589/1546 1378/1590/1547 1386/1599/1555 1385/1598/1554
f 1378/1590/1547 1379/1591/1548 1387/1600/1556 1386/1599/1555
f 1379/1591/1548 1380/1592/1549 1388/1601/1557 1387/1600/1556
f 1380/1592/1549 1381/1593/1550 1389/1602/1558 1388/1601/1557
f 1381/1593/1550 1382/1594/1551 1390/1603/1559 1389/1602/1558
f 1382/1594/1551 1375/1595/1545 1383/1604/1553 1390/1603/1559
f 1383/1597/1553 1384/1596/1552 1392/1605/1560 1391/1606/1561
f 1384/1596/1552 1385/1598/1554 1393/1607/1562 1392/1605/1560
f 1385/1598/1554 1386/1599/1555 1394/1608/1563 1393/1607/1562
f 1386/1599/1555 1387/1600/1556 1395/1609/1564 1394/1608/1563
f 1387/1600/1556 1388/1601/1557 1396/1610/1565 1395/1609/1564
f 1388/1601/1557 1389/1602/1558 1397/1611/1566 1396/1610/1565
f 1389/1602/1558 1390/1603/1559 1398/1612/1567 1397/1611/1566
f 1390/1603/1559 1383/1604/1553 1391/1613/1561 1398/1612/1567
f 1391/1606/1561 1392/1605/1560 1400/1614/1568 1399/1615/1569
f 1392/1605/1560 1393/1607/1562 1401/1616/1570 1400/1614/1568
f 1393/1607/1562 1394/1608/1563 1402/1617/1571 1401/1616/1570
f 1394/1608/1563 1395/1609/1564 1403/1618/1572 1402/1617/1571
f 1395/1609/1564 1396/1610/1565 1404/1619/1573 1403/1618/1572
f 1396/1610/1565 1397/1611/1566 1405/1620/1574 1404/1619/1573
f 1397/1611/1566 1398/1612/1567 1406/1621/1575 1405/1620/1574
f 1398/1612/1567 1391/1613/1561 1399/1622/1569 1406/1621/1575
f 1399/1615/1569 1400/1614/1568 1408/1623/1576 1407/1624/1577
f 1400/1614/1568 1401/1616/1570 1409/1625/1578 1408/1623/1576
f 1401/1616/1570 1402/1617/1571 1410/1626/1579 1409/1625/1578
f 1402/1617/1571 1403/1618/1572 1411/1627/1580 1410/1626/1579
f 1403/1618/1572 1404/1619/1573 1412/1628/1581 1411/1627/1580
f 1404/1619/1573 1405/1620/1574 1413/1629/1582 1412/1628/1581
f 1405/1620/1574 1406/1621/1575 1414/1630/1583 1413/1629/1582
f 1406/1621/1575 1399/1622/1569 1407/1631/1577 1414/1630/1583
f 1318/1529/1584 1317/1527/1584 1316/1525/1584 1315/1523/1584 1314/1521/1584 1313/1519/1584 1312/1516/1584 1311/1531/1584
f 1407/1631/1585 1408/1623/1585 1409/1625/1585 1410/1626/1585 1411/1627/1585 1412/1628/1585 1413/1629/1585 1414/1630/1585
